run_name,opt,proj,rank,size,attention,seed,step,tokens_seen,train_loss,train_ppl_capped,val_loss,val_perplexity,test_loss,test_perplexity,vram_total_peak_gb,vram_model_gb,vram_optimizer_gb,vram_gradients_gb,vram_activations_gb,iter_time,tokens_per_sec,grad_norm,lr,batch_size,sequence_length,max_projected_params,wall_time_sec
adammini-adaptive_stochastic-r8,adammini,adaptive_stochastic,8,1.1B,sdpa,666,0,2048,1.9975624084472656,7.371066532716149,2.2308471579607687,9.307747873157648,2.2308471579607687,9.307747873157648,6.078336715698242,2.048999786376953,0.009310517460107803,2.048999786376953,1.9710266254842281,15.145962953567505,135.17768812793778,5.8125,4e-06,1,2048,,16.5776264667511
adammini-adaptive_stochastic-r8,adammini,adaptive_stochastic,8,1.1B,sdpa,666,1,4096,2.4645888805389404,11.758646949528877,nan,nan,nan,nan,6.091411113739014,2.048999786376953,0.009310517460107803,2.048999786376953,1.9841010235249996,1.1945874691009521,230.4265961636389,6.65625,8e-06,1,2048,,17.775725841522217
adammini-adaptive_stochastic-r8,adammini,adaptive_stochastic,8,1.1B,sdpa,666,2,6144,2.5509934425354004,12.819833226254454,nan,nan,nan,nan,6.091411113739014,2.048999786376953,0.009310517460107803,2.048999786376953,1.9841010235249996,1.1928982734680176,323.8349255673516,6.375,1.2e-05,1,2048,,18.97262930870056
adammini-adaptive_stochastic-r8,adammini,adaptive_stochastic,8,1.1B,sdpa,666,3,8192,2.3223013877868652,10.199119446476468,nan,nan,nan,nan,6.091411113739014,2.048999786376953,0.009310517460107803,2.048999786376953,1.9841010235249996,1.1928834915161133,406.1575750193884,6.28125,1.6e-05,1,2048,,20.169511795043945
adammini-adaptive_stochastic-r8,adammini,adaptive_stochastic,8,1.1B,sdpa,666,4,10240,2.45001220703125,11.588488179397329,nan,nan,nan,nan,6.091411113739014,2.048999786376953,0.009310517460107803,2.048999786376953,1.9841010235249996,1.191115379333496,479.1460064940118,6.4375,2e-05,1,2048,,21.37135624885559
adammini-adaptive_stochastic-r8,adammini,adaptive_stochastic,8,1.1B,sdpa,666,5,12288,1.2775884866714478,3.587976830474743,nan,nan,nan,nan,6.092387676239014,2.048999786376953,0.009310517460107803,2.048999786376953,1.9850775860249996,1.1608614921569824,545.3281852860257,5.09375,2.4e-05,1,2048,,22.533220052719116
adammini-adaptive_stochastic-r8,adammini,adaptive_stochastic,8,1.1B,sdpa,666,6,14336,0.6173412799835205,1.8539922370213475,nan,nan,nan,nan,6.092387676239014,2.048999786376953,0.009310517460107803,2.048999786376953,1.9850775860249996,1.1437132358551025,605.4582679248655,4.0,2.8e-05,1,2048,,23.677932500839233
adammini-adaptive_stochastic-r8,adammini,adaptive_stochastic,8,1.1B,sdpa,666,7,16384,2.5965020656585693,13.416725035493563,nan,nan,nan,nan,6.092387676239014,2.048999786376953,0.009310517460107803,2.048999786376953,1.9850775860249996,1.1409392356872559,660.1097703665995,5.78125,3.2e-05,1,2048,,24.820114374160767
adammini-adaptive_stochastic-r8,adammini,adaptive_stochastic,8,1.1B,sdpa,666,8,18432,2.01824688911438,7.525120991530467,nan,nan,nan,nan,6.092387676239014,2.048999786376953,0.009310517460107803,2.048999786376953,1.9850775860249996,1.144188642501831,709.8429144324449,6.21875,3.6e-05,1,2048,,25.96630835533142
adammini-adaptive_stochastic-r8,adammini,adaptive_stochastic,8,1.1B,sdpa,666,9,20480,2.387526750564575,10.886535501525943,nan,nan,nan,nan,6.092387676239014,2.048999786376953,0.009310517460107803,2.048999786376953,1.9850775860249996,1.1418964862823486,755.3930277413739,5.875,4e-05,1,2048,,27.111714363098145
adammini-adaptive_stochastic-r8,adammini,adaptive_stochastic,8,1.1B,sdpa,666,10,22528,2.4084203243255615,11.116386981877856,nan,nan,nan,nan,6.092387676239014,2.048999786376953,0.009310517460107803,2.048999786376953,1.9850775860249996,1.1380658149719238,797.3728815966516,6.5625,4.4e-05,1,2048,,28.252779245376587
adammini-adaptive_stochastic-r8,adammini,adaptive_stochastic,8,1.1B,sdpa,666,11,24576,2.121715545654297,8.34544220108615,nan,nan,nan,nan,6.092387676239014,2.048999786376953,0.009310517460107803,2.048999786376953,1.9850775860249996,1.139341115951538,836.0570898971878,5.625,4.8e-05,1,2048,,29.395121812820435
adammini-adaptive_stochastic-r8,adammini,adaptive_stochastic,8,1.1B,sdpa,666,12,26624,2.6105473041534424,13.606495705958963,nan,nan,nan,nan,6.092387676239014,2.048999786376953,0.009310517460107803,2.048999786376953,1.9850775860249996,1.135951280593872,871.8980806392171,6.625,5.2e-05,1,2048,,30.53567910194397
adammini-adaptive_stochastic-r8,adammini,adaptive_stochastic,8,1.1B,sdpa,666,13,28672,2.716714859008789,15.130534570628434,nan,nan,nan,nan,6.092387676239014,2.048999786376953,0.009310517460107803,2.048999786376953,1.9850775860249996,1.1351163387298584,905.1700838753425,6.40625,5.6e-05,1,2048,,31.675814867019653
adammini-adaptive_stochastic-r8,adammini,adaptive_stochastic,8,1.1B,sdpa,666,14,30720,2.6562132835388184,14.242255474986631,nan,nan,nan,nan,6.092387676239014,2.048999786376953,0.009310517460107803,2.048999786376953,1.9850775860249996,1.1676762104034424,935.2134759503251,7.03125,6e-05,1,2048,,32.84811520576477
adammini-adaptive_stochastic-r8,adammini,adaptive_stochastic,8,1.1B,sdpa,666,15,32768,2.471547842025757,11.84076030123777,nan,nan,nan,nan,6.092387676239014,2.048999786376953,0.009310517460107803,2.048999786376953,1.9850775860249996,1.1658298969268799,963.2798585492936,6.125,6.4e-05,1,2048,,34.01711320877075
adammini-adaptive_stochastic-r8,adammini,adaptive_stochastic,8,1.1B,sdpa,666,16,34816,2.38988995552063,10.912293039360526,nan,nan,nan,nan,6.092387676239014,2.048999786376953,0.009310517460107803,2.048999786376953,1.9850775860249996,1.157928466796875,989.7363502301224,6.125,6.800000000000001e-05,1,2048,,35.17704486846924
adammini-adaptive_stochastic-r8,adammini,adaptive_stochastic,8,1.1B,sdpa,666,17,36864,2.7989847660064697,16.42796007856543,nan,nan,nan,nan,6.092387676239014,2.048999786376953,0.009310517460107803,2.048999786376953,1.9850775860249996,1.1615097522735596,1014.3618358561769,6.90625,7.2e-05,1,2048,,36.342061281204224
adammini-adaptive_stochastic-r8,adammini,adaptive_stochastic,8,1.1B,sdpa,666,18,38912,2.56895112991333,13.052127273051335,nan,nan,nan,nan,6.092387676239014,2.048999786376953,0.009310517460107803,2.048999786376953,1.9850775860249996,1.117570161819458,1038.6465911720145,6.3125,7.6e-05,1,2048,,37.4641387462616
adammini-adaptive_stochastic-r8,adammini,adaptive_stochastic,8,1.1B,sdpa,666,19,40960,2.633098840713501,13.91682918762835,nan,nan,nan,nan,6.092387676239014,2.048999786376953,0.009310517460107803,2.048999786376953,1.9850775860249996,1.098498821258545,1062.0731449780694,5.96875,8e-05,1,2048,,38.56608200073242
adammini-adaptive_stochastic-r8,adammini,adaptive_stochastic,8,1.1B,sdpa,666,20,43008,3.344097852706909,28.335001787522785,nan,nan,nan,nan,6.092387676239014,2.048999786376953,0.009310517460107803,2.048999786376953,1.9850775860249996,1.0969288349151611,1084.2526922222185,6.75,8.400000000000001e-05,1,2048,,39.666030168533325
adammini-adaptive_stochastic-r8,adammini,adaptive_stochastic,8,1.1B,sdpa,666,21,45056,2.626905918121338,13.830909662824846,nan,nan,nan,nan,6.092387676239014,2.048999786376953,0.009310517460107803,2.048999786376953,1.9850775860249996,1.0999414920806885,1105.1501343035477,6.15625,8.8e-05,1,2048,,40.769121408462524
adammini-adaptive_stochastic-r8,adammini,adaptive_stochastic,8,1.1B,sdpa,666,22,47104,2.4234750270843506,11.285006960757746,nan,nan,nan,nan,6.092387676239014,2.048999786376953,0.009310517460107803,2.048999786376953,1.9850775860249996,1.096010684967041,1125.056033228248,7.03125,9.2e-05,1,2048,,41.86813688278198
adammini-adaptive_stochastic-r8,adammini,adaptive_stochastic,8,1.1B,sdpa,666,23,49152,2.45535945892334,11.650620715855878,nan,nan,nan,nan,6.092387676239014,2.048999786376953,0.009310517460107803,2.048999786376953,1.9850775860249996,1.0971906185150146,1143.885451850179,7.125,9.6e-05,1,2048,,42.969337463378906
adammini-adaptive_stochastic-r8,adammini,adaptive_stochastic,8,1.1B,sdpa,666,24,51200,1.5494002103805542,4.708645138983502,nan,nan,nan,nan,6.092387676239014,2.048999786376953,0.009310517460107803,2.048999786376953,1.9850775860249996,1.1052830219268799,1161.587041481863,6.4375,0.0001,1,2048,,44.07762670516968
adammini-adaptive_stochastic-r8,adammini,adaptive_stochastic,8,1.1B,sdpa,666,25,53248,2.598020315170288,13.437110442879135,nan,nan,nan,nan,6.092387676239014,2.048999786376953,0.009310517460107803,2.048999786376953,1.9850775860249996,1.102748155593872,1178.432902211132,5.84375,0.000104,1,2048,,45.18543219566345
adammini-adaptive_stochastic-r8,adammini,adaptive_stochastic,8,1.1B,sdpa,666,26,55296,2.1197712421417236,8.32923189248725,nan,nan,nan,nan,6.092387676239014,2.048999786376953,0.009310517460107803,2.048999786376953,1.9850775860249996,1.1038730144500732,1194.5223144910567,7.78125,0.000108,1,2048,,46.2913076877594
adammini-adaptive_stochastic-r8,adammini,adaptive_stochastic,8,1.1B,sdpa,666,27,57344,1.7422133684158325,5.709967708601895,nan,nan,nan,nan,6.092387676239014,2.048999786376953,0.009310517460107803,2.048999786376953,1.9850775860249996,1.106454610824585,1209.7591740853086,9.4375,0.000112,1,2048,,47.401169776916504
adammini-adaptive_stochastic-r8,adammini,adaptive_stochastic,8,1.1B,sdpa,666,28,59392,1.980564832687378,7.246835078710613,nan,nan,nan,nan,6.092387676239014,2.048999786376953,0.009310517460107803,2.048999786376953,1.9850775860249996,1.1090829372406006,1224.2174934104619,8.625,0.00011600000000000001,1,2048,,48.51425528526306
adammini-adaptive_stochastic-r8,adammini,adaptive_stochastic,8,1.1B,sdpa,666,29,61440,2.2417337894439697,9.409631472533853,nan,nan,nan,nan,6.092387676239014,2.048999786376953,0.009310517460107803,2.048999786376953,1.9850775860249996,1.1094863414764404,1238.0259127282227,7.78125,0.00012,1,2048,,49.62739419937134
adammini-adaptive_stochastic-r8,adammini,adaptive_stochastic,8,1.1B,sdpa,666,30,63488,1.8600645065307617,6.424151157767954,nan,nan,nan,nan,6.092387676239014,2.048999786376953,0.009310517460107803,2.048999786376953,1.9850775860249996,1.1102468967437744,1251.1889467898588,5.09375,0.000124,1,2048,,50.74213624000549
adammini-adaptive_stochastic-r8,adammini,adaptive_stochastic,8,1.1B,sdpa,666,31,65536,2.2580654621124268,9.56456823818642,nan,nan,nan,nan,6.092387676239014,2.048999786376953,0.009310517460107803,2.048999786376953,1.9850775860249996,1.111407995223999,1263.8185665023238,6.28125,0.000128,1,2048,,51.855544567108154
adammini-adaptive_stochastic-r8,adammini,adaptive_stochastic,8,1.1B,sdpa,666,32,67584,2.267664909362793,9.65682490451385,nan,nan,nan,nan,6.092387676239014,2.048999786376953,0.009310517460107803,2.048999786376953,1.9850775860249996,1.1797964572906494,1274.2599258308276,7.96875,0.000132,1,2048,,53.03784465789795
adammini-adaptive_stochastic-r8,adammini,adaptive_stochastic,8,1.1B,sdpa,666,33,69632,2.244985580444336,9.440279430844184,nan,nan,nan,nan,6.092387676239014,2.048999786376953,0.009310517460107803,2.048999786376953,1.9850775860249996,1.1923038959503174,1283.9022547211484,6.28125,0.00013600000000000003,1,2048,,54.23465824127197
adammini-adaptive_stochastic-r8,adammini,adaptive_stochastic,8,1.1B,sdpa,666,34,71680,2.305356502532959,10.027752534445215,nan,nan,nan,nan,6.092387676239014,2.048999786376953,0.009310517460107803,2.048999786376953,1.9850775860249996,1.1966650485992432,1293.061682767719,5.3125,0.00014000000000000001,1,2048,,55.43432378768921
adammini-adaptive_stochastic-r8,adammini,adaptive_stochastic,8,1.1B,sdpa,666,35,73728,2.2797138690948486,9.77388339928857,nan,nan,nan,nan,6.092387676239014,2.048999786376953,0.009310517460107803,2.048999786376953,1.9850775860249996,1.1944799423217773,1301.8833462718553,6.40625,0.000144,1,2048,,56.63180208206177
adammini-adaptive_stochastic-r8,adammini,adaptive_stochastic,8,1.1B,sdpa,666,36,75776,2.215888738632202,9.169554828982397,nan,nan,nan,nan,6.092387676239014,2.048999786376953,0.009310517460107803,2.048999786376953,1.9850775860249996,1.1924793720245361,1310.3593587163043,5.875,0.000148,1,2048,,57.8284113407135
adammini-adaptive_stochastic-r8,adammini,adaptive_stochastic,8,1.1B,sdpa,666,37,77824,2.2162084579467773,9.172486981475194,nan,nan,nan,nan,6.092387676239014,2.048999786376953,0.009310517460107803,2.048999786376953,1.9850775860249996,1.1933553218841553,1318.463638049449,6.71875,0.000152,1,2048,,59.0262770652771
adammini-adaptive_stochastic-r8,adammini,adaptive_stochastic,8,1.1B,sdpa,666,38,79872,2.650933027267456,14.16725091212065,nan,nan,nan,nan,6.092387676239014,2.048999786376953,0.009310517460107803,2.048999786376953,1.9850775860249996,1.1928691864013672,1326.2783850191993,6.1875,0.000156,1,2048,,60.22265076637268
adammini-adaptive_stochastic-r8,adammini,adaptive_stochastic,8,1.1B,sdpa,666,39,81920,2.4241297245025635,11.292397644746345,nan,nan,nan,nan,6.092387676239014,2.048999786376953,0.009310517460107803,2.048999786376953,1.9850775860249996,1.1973600387573242,1333.678429834921,6.21875,0.00016,1,2048,,61.42410206794739
adammini-adaptive_stochastic-r8,adammini,adaptive_stochastic,8,1.1B,sdpa,666,40,83968,2.6101112365722656,13.600563647771308,nan,nan,nan,nan,6.092387676239014,2.048999786376953,0.009310517460107803,2.048999786376953,1.9850775860249996,1.1982078552246094,1340.799751328654,5.75,0.000164,1,2048,,62.62530994415283
adammini-adaptive_stochastic-r8,adammini,adaptive_stochastic,8,1.1B,sdpa,666,41,86016,2.3120291233062744,10.094887658836269,nan,nan,nan,nan,6.092387676239014,2.048999786376953,0.009310517460107803,2.048999786376953,1.9850775860249996,1.1966311931610107,1347.7074279644653,6.53125,0.00016800000000000002,1,2048,,63.823941469192505
adammini-adaptive_stochastic-r8,adammini,adaptive_stochastic,8,1.1B,sdpa,666,42,88064,2.1310081481933594,8.423354521929557,nan,nan,nan,nan,6.092387676239014,2.048999786376953,0.009310517460107803,2.048999786376953,1.9850775860249996,1.1974225044250488,1354.2971469727952,5.375,0.00017199999999999998,1,2048,,65.02561140060425
adammini-adaptive_stochastic-r8,adammini,adaptive_stochastic,8,1.1B,sdpa,666,43,90112,2.513122320175171,12.343410034029848,nan,nan,nan,nan,6.092387676239014,2.048999786376953,0.009310517460107803,2.048999786376953,1.9850775860249996,1.175269603729248,1361.0653679775337,6.21875,0.000176,1,2048,,66.20695972442627
adammini-adaptive_stochastic-r8,adammini,adaptive_stochastic,8,1.1B,sdpa,666,44,92160,2.234510660171509,9.341909365211324,nan,nan,nan,nan,6.092387676239014,2.048999786376953,0.009310517460107803,2.048999786376953,1.9850775860249996,1.1956613063812256,1367.2746458225006,5.875,0.00017999999999999998,1,2048,,67.40416073799133
adammini-adaptive_stochastic-r8,adammini,adaptive_stochastic,8,1.1B,sdpa,666,45,94208,2.353208303451538,10.51926463711622,nan,nan,nan,nan,6.092387676239014,2.048999786376953,0.009310517460107803,2.048999786376953,1.9850775860249996,1.195364236831665,1373.243829034561,7.96875,0.000184,1,2048,,68.60252928733826
adammini-adaptive_stochastic-r8,adammini,adaptive_stochastic,8,1.1B,sdpa,666,46,96256,2.921254873275757,18.564569030533594,nan,nan,nan,nan,6.092387676239014,2.048999786376953,0.009310517460107803,2.048999786376953,1.9850775860249996,1.1939733028411865,1379.0235232128114,5.9375,0.00018800000000000002,1,2048,,69.80011463165283
adammini-adaptive_stochastic-r8,adammini,adaptive_stochastic,8,1.1B,sdpa,666,47,98304,2.499052047729492,12.170951009840604,nan,nan,nan,nan,6.092387676239014,2.048999786376953,0.009310517460107803,2.048999786376953,1.9850775860249996,1.1942646503448486,1384.6045656716076,6.65625,0.000192,1,2048,,70.99788808822632
adammini-adaptive_stochastic-r8,adammini,adaptive_stochastic,8,1.1B,sdpa,666,48,100352,2.4161577224731445,11.202732508003622,nan,nan,nan,nan,6.092387676239014,2.048999786376953,0.009310517460107803,2.048999786376953,1.9850775860249996,1.1910700798034668,1390.0518583615044,6.0,0.00019600000000000002,1,2048,,72.19299006462097
adammini-adaptive_stochastic-r8,adammini,adaptive_stochastic,8,1.1B,sdpa,666,49,102400,2.5233335494995117,12.470097139278703,nan,nan,nan,nan,6.092387676239014,2.048999786376953,0.009310517460107803,2.048999786376953,1.9850775860249996,1.1945581436157227,1395.274997622898,6.28125,0.0002,1,2048,,73.39055037498474
adammini-adaptive_stochastic-r8,adammini,adaptive_stochastic,8,1.1B,sdpa,666,50,104448,2.5938336849212646,13.38097182765102,nan,nan,nan,nan,6.092387676239014,2.048999786376953,0.009310517460107803,2.048999786376953,1.9850775860249996,1.188265323638916,1400.4485362811797,7.90625,0.000204,1,2048,,74.58181953430176
adammini-adaptive_stochastic-r8,adammini,adaptive_stochastic,8,1.1B,sdpa,666,51,106496,2.542534828186035,12.711852528328413,nan,nan,nan,nan,6.092387676239014,2.048999786376953,0.009310517460107803,2.048999786376953,1.9850775860249996,1.182762861251831,1405.5020436557456,7.3125,0.000208,1,2048,,75.77078986167908
adammini-adaptive_stochastic-r8,adammini,adaptive_stochastic,8,1.1B,sdpa,666,52,108544,2.5391626358032227,12.669057912453674,nan,nan,nan,nan,6.092387676239014,2.048999786376953,0.009310517460107803,2.048999786376953,1.9850775860249996,1.1126632690429688,1411.7808433677124,6.46875,0.000212,1,2048,,76.88445448875427
adammini-adaptive_stochastic-r8,adammini,adaptive_stochastic,8,1.1B,sdpa,666,53,110592,2.8769521713256836,17.760060983711774,nan,nan,nan,nan,6.092387676239014,2.048999786376953,0.009310517460107803,2.048999786376953,1.9850775860249996,1.1347181797027588,1417.4251146663664,6.75,0.000216,1,2048,,78.02316951751709
adammini-adaptive_stochastic-r8,adammini,adaptive_stochastic,8,1.1B,sdpa,666,54,112640,2.945666790008545,19.02334273329803,nan,nan,nan,nan,6.092387676239014,2.048999786376953,0.009310517460107803,2.048999786376953,1.9850775860249996,1.17081880569458,1422.2672113848569,6.09375,0.00022,1,2048,,79.19749474525452
adammini-adaptive_stochastic-r8,adammini,adaptive_stochastic,8,1.1B,sdpa,666,55,114688,2.414108991622925,11.17980461886422,nan,nan,nan,nan,6.092387676239014,2.048999786376953,0.009310517460107803,2.048999786376953,1.9850775860249996,1.1585114002227783,1427.204166869766,5.15625,0.000224,1,2048,,80.35850977897644
adammini-adaptive_stochastic-r8,adammini,adaptive_stochastic,8,1.1B,sdpa,666,56,116736,2.3689191341400146,10.685836084476179,nan,nan,nan,nan,6.092387676239014,2.048999786376953,0.009310517460107803,2.048999786376953,1.9850775860249996,1.1561944484710693,1432.0060164189106,6.625,0.000228,1,2048,,81.51921057701111
adammini-adaptive_stochastic-r8,adammini,adaptive_stochastic,8,1.1B,sdpa,666,57,118784,2.0505337715148926,7.772048497428972,nan,nan,nan,nan,6.092387676239014,2.048999786376953,0.009310517460107803,2.048999786376953,1.9850775860249996,1.1515915393829346,1436.7703623029975,6.65625,0.00023200000000000003,1,2048,,82.67431116104126
adammini-adaptive_stochastic-r8,adammini,adaptive_stochastic,8,1.1B,sdpa,666,58,120832,2.4534244537353516,11.628098501655465,nan,nan,nan,nan,6.092387676239014,2.048999786376953,0.009310517460107803,2.048999786376953,1.9850775860249996,1.1713979244232178,1441.0486343130335,6.8125,0.000236,1,2048,,83.85004997253418
adammini-adaptive_stochastic-r8,adammini,adaptive_stochastic,8,1.1B,sdpa,666,59,122880,2.397367477416992,10.99419578265913,nan,nan,nan,nan,6.092387676239014,2.048999786376953,0.009310517460107803,2.048999786376953,1.9850775860249996,1.1581273078918457,1445.4569197453743,5.625,0.00024,1,2048,,85.01118111610413
adammini-adaptive_stochastic-r8,adammini,adaptive_stochastic,8,1.1B,sdpa,666,60,124928,2.4656927585601807,11.771634228322993,nan,nan,nan,nan,6.092387676239014,2.048999786376953,0.009310517460107803,2.048999786376953,1.9850775860249996,1.148071527481079,1449.863539881999,6.0625,0.000244,1,2048,,86.1653504371643
adammini-adaptive_stochastic-r8,adammini,adaptive_stochastic,8,1.1B,sdpa,666,61,126976,2.402045249938965,11.045744602421422,nan,nan,nan,nan,6.092387676239014,2.048999786376953,0.009310517460107803,2.048999786376953,1.9850775860249996,1.1420643329620361,1454.3386116075767,5.375,0.000248,1,2048,,87.30841565132141
adammini-adaptive_stochastic-r8,adammini,adaptive_stochastic,8,1.1B,sdpa,666,62,129024,2.724703550338745,15.251891838437484,nan,nan,nan,nan,6.092387676239014,2.048999786376953,0.009310517460107803,2.048999786376953,1.9850775860249996,1.1679348945617676,1458.2369207053,5.875,0.000252,1,2048,,88.47944951057434
adammini-adaptive_stochastic-r8,adammini,adaptive_stochastic,8,1.1B,sdpa,666,63,131072,2.988515853881836,19.85619112325109,nan,nan,nan,nan,6.092387676239014,2.048999786376953,0.009310517460107803,2.048999786376953,1.9850775860249996,1.1952440738677979,1461.58027016444,7.65625,0.000256,1,2048,,89.67827677726746
adammini-adaptive_stochastic-r8,adammini,adaptive_stochastic,8,1.1B,sdpa,666,64,133120,2.029625654220581,7.611236591119961,nan,nan,nan,nan,6.092387676239014,2.048999786376953,0.009310517460107803,2.048999786376953,1.9850775860249996,1.1969845294952393,1464.8137898187317,5.09375,0.00026000000000000003,1,2048,,90.8784453868866
adammini-adaptive_stochastic-r8,adammini,adaptive_stochastic,8,1.1B,sdpa,666,65,135168,2.1959218978881836,8.988283518034688,nan,nan,nan,nan,6.092387676239014,2.048999786376953,0.009310517460107803,2.048999786376953,1.9850775860249996,1.1560096740722656,1468.6113220987727,5.53125,0.000264,1,2048,,92.03796672821045
adammini-adaptive_stochastic-r8,adammini,adaptive_stochastic,8,1.1B,sdpa,666,66,137216,2.6798133850097656,14.582371752786079,nan,nan,nan,nan,6.092387676239014,2.048999786376953,0.009310517460107803,2.048999786376953,1.9850775860249996,1.1929528713226318,1471.7310080033083,6.46875,0.000268,1,2048,,93.23542809486389
adammini-adaptive_stochastic-r8,adammini,adaptive_stochastic,8,1.1B,sdpa,666,67,139264,2.8784143924713135,17.786049115997702,nan,nan,nan,nan,6.092387676239014,2.048999786376953,0.009310517460107803,2.048999786376953,1.9850775860249996,1.190460205078125,1474.8185459223203,6.09375,0.00027200000000000005,1,2048,,94.42788767814636
adammini-adaptive_stochastic-r8,adammini,adaptive_stochastic,8,1.1B,sdpa,666,68,141312,2.181567430496216,8.860183101581915,nan,nan,nan,nan,6.092387676239014,2.048999786376953,0.009310517460107803,2.048999786376953,1.9850775860249996,1.1443464756011963,1478.5186901728857,6.03125,0.00027600000000000004,1,2048,,95.57674241065979
adammini-adaptive_stochastic-r8,adammini,adaptive_stochastic,8,1.1B,sdpa,666,69,143360,2.5379295349121094,12.653445313785221,nan,nan,nan,nan,6.092387676239014,2.048999786376953,0.009310517460107803,2.048999786376953,1.9850775860249996,1.1347694396972656,1482.315664292719,5.75,0.00028000000000000003,1,2048,,96.713543176651
adammini-adaptive_stochastic-r8,adammini,adaptive_stochastic,8,1.1B,sdpa,666,70,145408,2.3456571102142334,10.440130790630949,nan,nan,nan,nan,6.092387676239014,2.048999786376953,0.009310517460107803,2.048999786376953,1.9850775860249996,1.1447598934173584,1485.8428134289404,5.84375,0.00028399999999999996,1,2048,,97.86230325698853
adammini-adaptive_stochastic-r8,adammini,adaptive_stochastic,8,1.1B,sdpa,666,71,147456,2.039581775665283,7.687393471457833,nan,nan,nan,nan,6.092387676239014,2.048999786376953,0.009310517460107803,2.048999786376953,1.9850775860249996,1.1911356449127197,1488.588192173809,5.3125,0.000288,1,2048,,99.05761766433716
adammini-adaptive_stochastic-r8,adammini,adaptive_stochastic,8,1.1B,sdpa,666,72,149504,2.135762929916382,8.46350110253486,nan,nan,nan,nan,6.092387676239014,2.048999786376953,0.009310517460107803,2.048999786376953,1.9850775860249996,1.1829845905303955,1491.4217899374482,6.5,0.000292,1,2048,,100.24260139465332
adammini-adaptive_stochastic-r8,adammini,adaptive_stochastic,8,1.1B,sdpa,666,73,151552,1.7864173650741577,5.968032837056999,nan,nan,nan,nan,6.092387676239014,2.048999786376953,0.009310517460107803,2.048999786376953,1.9850775860249996,1.168262004852295,1494.3766446396578,5.875,0.000296,1,2048,,101.41486120223999
adammini-adaptive_stochastic-r8,adammini,adaptive_stochastic,8,1.1B,sdpa,666,74,153600,2.074129819869995,7.957618883518038,nan,nan,nan,nan,6.092387676239014,2.048999786376953,0.009310517460107803,2.048999786376953,1.9850775860249996,1.1645526885986328,1497.3326588324185,5.75,0.0003,1,2048,,102.58241486549377
adammini-adaptive_stochastic-r8,adammini,adaptive_stochastic,8,1.1B,sdpa,666,75,155648,2.209197759628296,9.108406329938731,nan,nan,nan,nan,6.092387676239014,2.048999786376953,0.009310517460107803,2.048999786376953,1.9850775860249996,1.177161455154419,1500.0398035895184,6.46875,0.000304,1,2048,,103.76257991790771
adammini-adaptive_stochastic-r8,adammini,adaptive_stochastic,8,1.1B,sdpa,666,76,157696,2.4500410556793213,11.58882249643677,nan,nan,nan,nan,6.092387676239014,2.048999786376953,0.009310517460107803,2.048999786376953,1.9850775860249996,1.1669297218322754,1502.8183211959433,5.625,0.000308,1,2048,,104.93350911140442
adammini-adaptive_stochastic-r8,adammini,adaptive_stochastic,8,1.1B,sdpa,666,77,159744,2.3277268409729004,10.254604671715057,nan,nan,nan,nan,6.092387676239014,2.048999786376953,0.009310517460107803,2.048999786376953,1.9850775860249996,1.1811766624450684,1505.3404633839084,5.65625,0.000312,1,2048,,106.11818647384644
adammini-adaptive_stochastic-r8,adammini,adaptive_stochastic,8,1.1B,sdpa,666,78,161792,2.4544901847839355,11.640497533107517,nan,nan,nan,nan,6.092387676239014,2.048999786376953,0.009310517460107803,2.048999786376953,1.9850775860249996,1.184927225112915,1507.7540225834305,5.6875,0.000316,1,2048,,107.30662798881531
adammini-adaptive_stochastic-r8,adammini,adaptive_stochastic,8,1.1B,sdpa,666,79,163840,1.821455955505371,6.180850945920559,nan,nan,nan,nan,6.092387676239014,2.048999786376953,0.009310517460107803,2.048999786376953,1.9850775860249996,1.1916029453277588,1510.0358165556024,5.25,0.00032,1,2048,,108.50073766708374
adammini-adaptive_stochastic-r8,adammini,adaptive_stochastic,8,1.1B,sdpa,666,80,165888,2.285409450531006,9.829710180208568,nan,nan,nan,nan,6.092387676239014,2.048999786376953,0.009310517460107803,2.048999786376953,1.9850775860249996,1.197831153869629,1512.1675811308894,5.5,0.000324,1,2048,,109.70212697982788
adammini-adaptive_stochastic-r8,adammini,adaptive_stochastic,8,1.1B,sdpa,666,81,167936,2.7013745307922363,14.900198437149635,nan,nan,nan,nan,6.092387676239014,2.048999786376953,0.009310517460107803,2.048999786376953,1.9850775860249996,1.1927759647369385,1514.3092348991613,6.5,0.000328,1,2048,,110.899409532547
adammini-adaptive_stochastic-r8,adammini,adaptive_stochastic,8,1.1B,sdpa,666,82,169984,2.637831926345825,13.982854861227933,nan,nan,nan,nan,6.092387676239014,2.048999786376953,0.009310517460107803,2.048999786376953,1.9850775860249996,1.1637508869171143,1516.8249502216288,6.40625,0.00033200000000000005,1,2048,,112.06566715240479
adammini-adaptive_stochastic-r8,adammini,adaptive_stochastic,8,1.1B,sdpa,666,83,172032,2.286534309387207,9.840773437893825,nan,nan,nan,nan,6.092387676239014,2.048999786376953,0.009310517460107803,2.048999786376953,1.9850775860249996,1.1691796779632568,1519.195972879699,5.6875,0.00033600000000000004,1,2048,,113.23884677886963
adammini-adaptive_stochastic-r8,adammini,adaptive_stochastic,8,1.1B,sdpa,666,84,174080,3.0013132095336914,20.111930768295963,nan,nan,nan,nan,6.092387676239014,2.048999786376953,0.009310517460107803,2.048999786376953,1.9850775860249996,1.140028953552246,1521.908017238406,8.875,0.00034,1,2048,,114.38273406028748
adammini-adaptive_stochastic-r8,adammini,adaptive_stochastic,8,1.1B,sdpa,666,85,176128,2.3756837844848633,10.758367076040953,nan,nan,nan,nan,6.092387676239014,2.048999786376953,0.009310517460107803,2.048999786376953,1.9850775860249996,1.137462854385376,1524.6115187293658,6.375,0.00034399999999999996,1,2048,,115.5231990814209
adammini-adaptive_stochastic-r8,adammini,adaptive_stochastic,8,1.1B,sdpa,666,86,178176,2.5585718154907227,12.917355768024287,nan,nan,nan,nan,6.092387676239014,2.048999786376953,0.009310517460107803,2.048999786376953,1.9850775860249996,1.1343586444854736,1527.2766705225417,6.1875,0.000348,1,2048,,116.66255593299866
adammini-adaptive_stochastic-r8,adammini,adaptive_stochastic,8,1.1B,sdpa,666,87,180224,2.2603344917297363,9.586295166996376,nan,nan,nan,nan,6.092387676239014,2.048999786376953,0.009310517460107803,2.048999786376953,1.9850775860249996,1.13759183883667,1529.8731678006677,5.71875,0.000352,1,2048,,117.8032295703888
adammini-adaptive_stochastic-r8,adammini,adaptive_stochastic,8,1.1B,sdpa,666,88,182272,1.9060509204864502,6.7264729026385,nan,nan,nan,nan,6.092387676239014,2.048999786376953,0.009310517460107803,2.048999786376953,1.9850775860249996,1.158308506011963,1532.160001305726,4.875,0.000356,1,2048,,118.96407675743103
adammini-adaptive_stochastic-r8,adammini,adaptive_stochastic,8,1.1B,sdpa,666,89,184320,2.3193233013153076,10.168790769957152,nan,nan,nan,nan,6.092387676239014,2.048999786376953,0.009310517460107803,2.048999786376953,1.9850775860249996,1.1540329456329346,1534.4251758570629,6.28125,0.00035999999999999997,1,2048,,120.12315940856934
adammini-adaptive_stochastic-r8,adammini,adaptive_stochastic,8,1.1B,sdpa,666,90,186368,2.365293025970459,10.647158254329792,nan,nan,nan,nan,6.092387676239014,2.048999786376953,0.009310517460107803,2.048999786376953,1.9850775860249996,1.1495535373687744,1536.7544288693969,5.875,0.000364,1,2048,,121.27376794815063
adammini-adaptive_stochastic-r8,adammini,adaptive_stochastic,8,1.1B,sdpa,666,91,188416,2.481200695037842,11.955610845900091,nan,nan,nan,nan,6.092387676239014,2.048999786376953,0.009310517460107803,2.048999786376953,1.9850775860249996,1.1506001949310303,1539.0008906576857,5.78125,0.000368,1,2048,,122.42847847938538
adammini-adaptive_stochastic-r8,adammini,adaptive_stochastic,8,1.1B,sdpa,666,92,190464,2.553481340408325,12.85176737004178,nan,nan,nan,nan,6.092387676239014,2.048999786376953,0.009310517460107803,2.048999786376953,1.9850775860249996,1.1520445346832275,1541.1699812234035,5.5625,0.000372,1,2048,,123.58403182029724
adammini-adaptive_stochastic-r8,adammini,adaptive_stochastic,8,1.1B,sdpa,666,93,192512,2.1130104064941406,8.273109256326295,nan,nan,nan,nan,6.092387676239014,2.048999786376953,0.009310517460107803,2.048999786376953,1.9850775860249996,1.1502809524536133,1543.3393239626862,5.625,0.00037600000000000003,1,2048,,124.73731279373169
adammini-adaptive_stochastic-r8,adammini,adaptive_stochastic,8,1.1B,sdpa,666,94,194560,2.432476758956909,11.387050161308043,nan,nan,nan,nan,6.092387676239014,2.048999786376953,0.009310517460107803,2.048999786376953,1.9850775860249996,1.1470880508422852,1545.4958626341227,5.75,0.00038,1,2048,,125.88839912414551
adammini-adaptive_stochastic-r8,adammini,adaptive_stochastic,8,1.1B,sdpa,666,95,196608,2.231079578399658,9.309911435421707,nan,nan,nan,nan,6.092387676239014,2.048999786376953,0.009310517460107803,2.048999786376953,1.9850775860249996,1.1495580673217773,1547.581814311401,6.4375,0.000384,1,2048,,127.04307126998901
adammini-adaptive_stochastic-r8,adammini,adaptive_stochastic,8,1.1B,sdpa,666,96,198656,2.377960205078125,10.782885540983902,nan,nan,nan,nan,6.092387676239014,2.048999786376953,0.009310517460107803,2.048999786376953,1.9850775860249996,1.1485319137573242,1549.6016414494663,6.0625,0.000388,1,2048,,128.19810891151428
adammini-adaptive_stochastic-r8,adammini,adaptive_stochastic,8,1.1B,sdpa,666,97,200704,1.7187650203704834,5.577635942320348,nan,nan,nan,nan,6.092387676239014,2.048999786376953,0.009310517460107803,2.048999786376953,1.9850775860249996,1.1523363590240479,1551.6177512585964,6.0,0.00039200000000000004,1,2048,,129.3514461517334
adammini-adaptive_stochastic-r8,adammini,adaptive_stochastic,8,1.1B,sdpa,666,98,202752,1.8679615259170532,6.475083646736437,nan,nan,nan,nan,6.092387676239014,2.048999786376953,0.009310517460107803,2.048999786376953,1.9850775860249996,1.148683786392212,1553.640846790749,5.125,0.00039600000000000003,1,2048,,130.50120329856873
adammini-adaptive_stochastic-r8,adammini,adaptive_stochastic,8,1.1B,sdpa,666,99,204800,2.237156391143799,9.36665826919345,nan,nan,nan,nan,6.092387676239014,2.048999786376953,0.009310517460107803,2.048999786376953,1.9850775860249996,1.1498095989227295,1555.4921734045747,8.625,0.0004,1,2048,,131.6625075340271
adammini-adaptive_stochastic-r8,adammini,adaptive_stochastic,8,1.1B,sdpa,666,100,206848,2.6011531352996826,13.47927250154502,2.2226991437069357,9.232216344679978,2.2226991437069357,9.232216344679978,6.092387676239014,2.048999786376953,0.009310517460107803,2.048999786376953,1.9850775860249996,1.1557133197784424,1557.3649733149937,6.0625,0.000404,1,2048,,134.22830390930176
adammini-adaptive_stochastic-r8,adammini,adaptive_stochastic,8,1.1B,sdpa,666,101,208896,1.987663745880127,7.298462765276451,nan,nan,nan,nan,6.092387676239014,2.048999786376953,0.009310517460107803,2.048999786376953,1.9850775860249996,1.1595995426177979,1542.9215376512693,5.65625,0.000408,1,2048,,135.38990473747253
adammini-adaptive_stochastic-r8,adammini,adaptive_stochastic,8,1.1B,sdpa,666,102,210944,2.3316876888275146,10.295302145673926,nan,nan,nan,nan,6.092387676239014,2.048999786376953,0.009310517460107803,2.048999786376953,1.9850775860249996,1.1959173679351807,1544.3942192502104,5.125,0.000412,1,2048,,136.5868878364563
adammini-adaptive_stochastic-r8,adammini,adaptive_stochastic,8,1.1B,sdpa,666,103,212992,2.2766807079315186,9.744282550513528,nan,nan,nan,nan,6.092387676239014,2.048999786376953,0.009310517460107803,2.048999786376953,1.9850775860249996,1.1974577903747559,1545.8247665926729,5.28125,0.000416,1,2048,,137.78534579277039
adammini-adaptive_stochastic-r8,adammini,adaptive_stochastic,8,1.1B,sdpa,666,104,215040,1.6919002532958984,5.429788882175021,nan,nan,nan,nan,6.092387676239014,2.048999786376953,0.009310517460107803,2.048999786376953,1.9850775860249996,1.1939465999603271,1547.2307170201184,8.3125,0.00042,1,2048,,138.98379707336426
adammini-adaptive_stochastic-r8,adammini,adaptive_stochastic,8,1.1B,sdpa,666,105,217088,2.273346424102783,9.711846452411956,nan,nan,nan,nan,6.092387676239014,2.048999786376953,0.009310517460107803,2.048999786376953,1.9850775860249996,1.1964120864868164,1548.6019977233536,5.8125,0.000424,1,2048,,140.18321061134338
adammini-adaptive_stochastic-r8,adammini,adaptive_stochastic,8,1.1B,sdpa,666,106,219136,1.7088571786880493,5.522646471763367,nan,nan,nan,nan,6.092387676239014,2.048999786376953,0.009310517460107803,2.048999786376953,1.9850775860249996,1.198011875152588,1549.9378739266451,6.28125,0.000428,1,2048,,141.38373136520386
adammini-adaptive_stochastic-r8,adammini,adaptive_stochastic,8,1.1B,sdpa,666,107,221184,2.1043736934661865,8.201964456679821,nan,nan,nan,nan,6.092387676239014,2.048999786376953,0.009310517460107803,2.048999786376953,1.9850775860249996,1.1957712173461914,1551.2681903574332,5.53125,0.000432,1,2048,,142.58269548416138
adammini-adaptive_stochastic-r8,adammini,adaptive_stochastic,8,1.1B,sdpa,666,108,223232,2.337325096130371,10.353504859234441,nan,nan,nan,nan,6.092387676239014,2.048999786376953,0.009310517460107803,2.048999786376953,1.9850775860249996,1.196962594985962,1552.5540153707584,6.6875,0.000436,1,2048,,143.78372526168823
adammini-adaptive_stochastic-r8,adammini,adaptive_stochastic,8,1.1B,sdpa,666,109,225280,2.6770710945129395,14.54243743408459,nan,nan,nan,nan,6.092387676239014,2.048999786376953,0.009310517460107803,2.048999786376953,1.9850775860249996,1.1924149990081787,1553.8625613540908,6.34375,0.00044,1,2048,,144.98064732551575
adammini-adaptive_stochastic-r8,adammini,adaptive_stochastic,8,1.1B,sdpa,666,110,227328,2.291301727294922,9.887800527230986,nan,nan,nan,nan,6.092387676239014,2.048999786376953,0.009310517460107803,2.048999786376953,1.9850775860249996,1.1930692195892334,1555.1427409844416,5.75,0.000444,1,2048,,146.1782214641571
adammini-adaptive_stochastic-r8,adammini,adaptive_stochastic,8,1.1B,sdpa,666,111,229376,1.8466639518737793,6.338638209185104,nan,nan,nan,nan,6.092387676239014,2.048999786376953,0.009310517460107803,2.048999786376953,1.9850775860249996,1.1997768878936768,1556.3206658729719,5.625,0.000448,1,2048,,147.3835084438324
adammini-adaptive_stochastic-r8,adammini,adaptive_stochastic,8,1.1B,sdpa,666,112,231424,2.036223888397217,7.661623361571385,nan,nan,nan,nan,6.092387676239014,2.048999786376953,0.009310517460107803,2.048999786376953,1.9850775860249996,1.1962311267852783,1557.5429648073339,6.5,0.00045200000000000004,1,2048,,148.58273911476135
adammini-adaptive_stochastic-r8,adammini,adaptive_stochastic,8,1.1B,sdpa,666,113,233472,2.8651721477508545,17.552074494672073,nan,nan,nan,nan,6.092387676239014,2.048999786376953,0.009310517460107803,2.048999786376953,1.9850775860249996,1.1978812217712402,1558.7232020828774,7.34375,0.000456,1,2048,,149.78465247154236
adammini-adaptive_stochastic-r8,adammini,adaptive_stochastic,8,1.1B,sdpa,666,114,235520,2.087798595428467,8.067136571219805,nan,nan,nan,nan,6.092387676239014,2.048999786376953,0.009310517460107803,2.048999786376953,1.9850775860249996,1.1988461017608643,1559.8685676965524,6.1875,0.00046,1,2048,,150.9870798587799
adammini-adaptive_stochastic-r8,adammini,adaptive_stochastic,8,1.1B,sdpa,666,115,237568,2.454444408416748,11.639964685614201,nan,nan,nan,nan,6.092387676239014,2.048999786376953,0.009310517460107803,2.048999786376953,1.9850775860249996,1.1907930374145508,1561.0897443681822,6.21875,0.00046400000000000006,1,2048,,152.1808729171753
adammini-adaptive_stochastic-r8,adammini,adaptive_stochastic,8,1.1B,sdpa,666,116,239616,2.4867441654205322,12.022070458786894,nan,nan,nan,nan,6.092387676239014,2.048999786376953,0.009310517460107803,2.048999786376953,1.9850775860249996,1.1940746307373047,1562.2269885642195,6.15625,0.00046800000000000005,1,2048,,153.38103985786438
adammini-adaptive_stochastic-r8,adammini,adaptive_stochastic,8,1.1B,sdpa,666,117,241664,2.9196412563323975,18.53463708324304,nan,nan,nan,nan,6.092387676239014,2.048999786376953,0.009310517460107803,2.048999786376953,1.9850775860249996,1.1966934204101562,1563.3708575313622,6.125,0.000472,1,2048,,154.57880568504333
adammini-adaptive_stochastic-r8,adammini,adaptive_stochastic,8,1.1B,sdpa,666,118,243712,2.5519158840179443,12.831664228086167,nan,nan,nan,nan,6.092387676239014,2.048999786376953,0.009310517460107803,2.048999786376953,1.9850775860249996,1.1833348274230957,1564.6219515631778,5.65625,0.00047599999999999997,1,2048,,155.76414465904236
adammini-adaptive_stochastic-r8,adammini,adaptive_stochastic,8,1.1B,sdpa,666,119,245760,2.5014779567718506,12.200512472161334,nan,nan,nan,nan,6.092387676239014,2.048999786376953,0.009310517460107803,2.048999786376953,1.9850775860249996,1.1686882972717285,1565.9803721734131,7.0,0.00048,1,2048,,156.9378318786621
adammini-adaptive_stochastic-r8,adammini,adaptive_stochastic,8,1.1B,sdpa,666,120,247808,2.281297445297241,9.789373349966247,nan,nan,nan,nan,6.092387676239014,2.048999786376953,0.009310517460107803,2.048999786376953,1.9850775860249996,1.1406078338623047,1567.5571939516883,6.53125,0.000484,1,2048,,158.08545994758606
adammini-adaptive_stochastic-r8,adammini,adaptive_stochastic,8,1.1B,sdpa,666,121,249856,1.8388159275054932,6.289087115479972,nan,nan,nan,nan,6.092387676239014,2.048999786376953,0.009310517460107803,2.048999786376953,1.9850775860249996,1.179988145828247,1568.7924448543392,5.34375,0.000488,1,2048,,159.26644778251648
adammini-adaptive_stochastic-r8,adammini,adaptive_stochastic,8,1.1B,sdpa,666,122,251904,2.10329008102417,8.19308151964534,nan,nan,nan,nan,6.092387676239014,2.048999786376953,0.009310517460107803,2.048999786376953,1.9850775860249996,1.1909854412078857,1569.90163051076,5.8125,0.000492,1,2048,,160.45846128463745
adammini-adaptive_stochastic-r8,adammini,adaptive_stochastic,8,1.1B,sdpa,666,123,253952,2.294466257095337,9.919140328373587,nan,nan,nan,nan,6.092387676239014,2.048999786376953,0.009310517460107803,2.048999786376953,1.9850775860249996,1.1934239864349365,1570.9466675783447,6.15625,0.000496,1,2048,,161.65539240837097
adammini-adaptive_stochastic-r8,adammini,adaptive_stochastic,8,1.1B,sdpa,666,124,256000,2.5524559020996094,12.838595430105958,nan,nan,nan,nan,6.092387676239014,2.048999786376953,0.009310517460107803,2.048999786376953,1.9850775860249996,1.1849181652069092,1572.0633131516397,6.65625,0.0005,1,2048,,162.8433141708374
adammini-adaptive_stochastic-r8,adammini,adaptive_stochastic,8,1.1B,sdpa,666,125,258048,1.969835638999939,7.169498005638825,nan,nan,nan,nan,6.092387676239014,2.048999786376953,0.009310517460107803,2.048999786376953,1.9850775860249996,1.1752238273620605,1573.2472019094007,5.65625,0.000504,1,2048,,164.02404141426086
adammini-adaptive_stochastic-r8,adammini,adaptive_stochastic,8,1.1B,sdpa,666,126,260096,2.266453504562378,9.645133663310357,nan,nan,nan,nan,6.092387676239014,2.048999786376953,0.009310517460107803,2.048999786376953,1.9850775860249996,1.1430869102478027,1574.7156846438952,5.125,0.000508,1,2048,,165.17013359069824
adammini-adaptive_stochastic-r8,adammini,adaptive_stochastic,8,1.1B,sdpa,666,127,262144,1.9418171644210815,6.971407661477632,nan,nan,nan,nan,6.092387676239014,2.048999786376953,0.009310517460107803,2.048999786376953,1.9850775860249996,1.141418695449829,1576.189226604395,5.21875,0.000512,1,2048,,166.31505632400513
adammini-adaptive_stochastic-r8,adammini,adaptive_stochastic,8,1.1B,sdpa,666,128,264192,1.7804299592971802,5.9324065636792715,nan,nan,nan,nan,6.092387676239014,2.048999786376953,0.009310517460107803,2.048999786376953,1.9850775860249996,1.166269302368164,1577.4226828600608,5.03125,0.0005160000000000001,1,2048,,167.483327627182
adammini-adaptive_stochastic-r8,adammini,adaptive_stochastic,8,1.1B,sdpa,666,129,266240,2.8248612880706787,16.858606334083046,nan,nan,nan,nan,6.092387676239014,2.048999786376953,0.009310517460107803,2.048999786376953,1.9850775860249996,1.1715569496154785,1578.5613828274736,5.9375,0.0005200000000000001,1,2048,,168.65989685058594
adammini-adaptive_stochastic-r8,adammini,adaptive_stochastic,8,1.1B,sdpa,666,130,268288,2.7971439361572266,16.397746816559764,nan,nan,nan,nan,6.092387676239014,2.048999786376953,0.009310517460107803,2.048999786376953,1.9850775860249996,1.191896677017212,1579.499826784135,6.0625,0.000524,1,2048,,169.85630226135254
adammini-adaptive_stochastic-r8,adammini,adaptive_stochastic,8,1.1B,sdpa,666,131,270336,2.5872461795806885,13.293114302947071,nan,nan,nan,nan,6.092387676239014,2.048999786376953,0.009310517460107803,2.048999786376953,1.9850775860249996,1.1911234855651855,1580.4416337727232,5.5625,0.000528,1,2048,,171.050922870636
adammini-adaptive_stochastic-r8,adammini,adaptive_stochastic,8,1.1B,sdpa,666,132,272384,2.446225643157959,11.544690602203966,nan,nan,nan,nan,6.092387676239014,2.048999786376953,0.009310517460107803,2.048999786376953,1.9850775860249996,1.1931376457214355,1581.3382532017667,6.03125,0.000532,1,2048,,172.24904251098633
adammini-adaptive_stochastic-r8,adammini,adaptive_stochastic,8,1.1B,sdpa,666,133,274432,2.3873372077941895,10.884472232972078,nan,nan,nan,nan,6.092387676239014,2.048999786376953,0.009310517460107803,2.048999786376953,1.9850775860249996,1.1961119174957275,1582.185897894427,5.4375,0.000536,1,2048,,173.4511730670929
adammini-adaptive_stochastic-r8,adammini,adaptive_stochastic,8,1.1B,sdpa,666,134,276480,2.529864549636841,12.551805874856239,nan,nan,nan,nan,6.092387676239014,2.048999786376953,0.009310517460107803,2.048999786376953,1.9850775860249996,1.1861889362335205,1583.1573140240505,5.96875,0.00054,1,2048,,174.63836193084717
adammini-adaptive_stochastic-r8,adammini,adaptive_stochastic,8,1.1B,sdpa,666,135,278528,2.5706822872161865,13.07474212778547,nan,nan,nan,nan,6.092387676239014,2.048999786376953,0.009310517460107803,2.048999786376953,1.9850775860249996,1.1853117942810059,1584.0953582550108,5.65625,0.0005440000000000001,1,2048,,175.8277988433838
adammini-adaptive_stochastic-r8,adammini,adaptive_stochastic,8,1.1B,sdpa,666,136,280576,2.227649211883545,9.278029741177615,nan,nan,nan,nan,6.092387676239014,2.048999786376953,0.009310517460107803,2.048999786376953,1.9850775860249996,1.1875264644622803,1584.9975977762494,5.875,0.0005480000000000001,1,2048,,177.0198266506195
adammini-adaptive_stochastic-r8,adammini,adaptive_stochastic,8,1.1B,sdpa,666,137,282624,2.325775623321533,10.234615214304956,nan,nan,nan,nan,6.092387676239014,2.048999786376953,0.009310517460107803,2.048999786376953,1.9850775860249996,1.1900005340576172,1585.8656918805013,6.0625,0.0005520000000000001,1,2048,,178.21433520317078
adammini-adaptive_stochastic-r8,adammini,adaptive_stochastic,8,1.1B,sdpa,666,138,284672,2.70896577835083,15.013739947761255,nan,nan,nan,nan,6.092387676239014,2.048999786376953,0.009310517460107803,2.048999786376953,1.9850775860249996,1.1932318210601807,1586.7069770481269,6.25,0.0005560000000000001,1,2048,,179.4105679988861
adammini-adaptive_stochastic-r8,adammini,adaptive_stochastic,8,1.1B,sdpa,666,139,286720,2.485840082168579,12.011206417969971,nan,nan,nan,nan,6.092387676239014,2.048999786376953,0.009310517460107803,2.048999786376953,1.9850775860249996,1.1679420471191406,1587.746187647608,6.40625,0.0005600000000000001,1,2048,,180.58301901817322
adammini-adaptive_stochastic-r8,adammini,adaptive_stochastic,8,1.1B,sdpa,666,140,288768,2.4854581356048584,12.006619654957435,nan,nan,nan,nan,6.092387676239014,2.048999786376953,0.009310517460107803,2.048999786376953,1.9850775860249996,1.1619975566864014,1588.84586041076,6.0,0.0005639999999999999,1,2048,,181.74701976776123
adammini-adaptive_stochastic-r8,adammini,adaptive_stochastic,8,1.1B,sdpa,666,141,290816,2.6613681316375732,14.31586168998112,nan,nan,nan,nan,6.092387676239014,2.048999786376953,0.009310517460107803,2.048999786376953,1.9850775860249996,1.1597228050231934,1589.9295371930896,7.125,0.0005679999999999999,1,2048,,182.91125059127808
adammini-adaptive_stochastic-r8,adammini,adaptive_stochastic,8,1.1B,sdpa,666,142,292864,2.6613686084747314,14.315868516317552,nan,nan,nan,nan,6.092387676239014,2.048999786376953,0.009310517460107803,2.048999786376953,1.9850775860249996,1.163893699645996,1590.9721156962355,7.09375,0.0005719999999999999,1,2048,,184.07865047454834
adammini-adaptive_stochastic-r8,adammini,adaptive_stochastic,8,1.1B,sdpa,666,143,294912,2.1657400131225586,8.721053223358917,nan,nan,nan,nan,6.092387676239014,2.048999786376953,0.009310517460107803,2.048999786376953,1.9850775860249996,1.1639952659606934,1591.9920855604037,5.75,0.000576,1,2048,,185.24715209007263
adammini-adaptive_stochastic-r8,adammini,adaptive_stochastic,8,1.1B,sdpa,666,144,296960,2.1165215969085693,8.302208775324706,nan,nan,nan,nan,6.092387676239014,2.048999786376953,0.009310517460107803,2.048999786376953,1.9850775860249996,1.1684749126434326,1592.9824052893512,5.75,0.00058,1,2048,,186.41762709617615
adammini-adaptive_stochastic-r8,adammini,adaptive_stochastic,8,1.1B,sdpa,666,145,299008,2.606316089630127,13.549045331857105,nan,nan,nan,nan,6.092387676239014,2.048999786376953,0.009310517460107803,2.048999786376953,1.9850775860249996,1.1720943450927734,1593.9040047577075,6.34375,0.000584,1,2048,,187.59473538398743
adammini-adaptive_stochastic-r8,adammini,adaptive_stochastic,8,1.1B,sdpa,666,146,301056,2.621025323867798,13.74981437288725,nan,nan,nan,nan,6.092387676239014,2.048999786376953,0.009310517460107803,2.048999786376953,1.9850775860249996,1.2001476287841797,1594.5856955141992,6.125,0.000588,1,2048,,188.7988841533661
adammini-adaptive_stochastic-r8,adammini,adaptive_stochastic,8,1.1B,sdpa,666,147,303104,2.489203929901123,12.051678319938798,nan,nan,nan,nan,6.092387676239014,2.048999786376953,0.009310517460107803,2.048999786376953,1.9850775860249996,1.2717418670654297,1594.6325768154918,6.25,0.000592,1,2048,,190.07764196395874
adammini-adaptive_stochastic-r8,adammini,adaptive_stochastic,8,1.1B,sdpa,666,148,305152,2.381740093231201,10.823720769975772,nan,nan,nan,nan,6.092387676239014,2.048999786376953,0.009310517460107803,2.048999786376953,1.9850775860249996,1.3114027976989746,1594.3810209724406,6.46875,0.000596,1,2048,,191.39214277267456
adammini-adaptive_stochastic-r8,adammini,adaptive_stochastic,8,1.1B,sdpa,666,149,307200,1.8461921215057373,6.33564815264119,nan,nan,nan,nan,6.092387676239014,2.048999786376953,0.009310517460107803,2.048999786376953,1.9850775860249996,1.310617208480835,1594.1456656058067,5.625,0.0006,1,2048,,192.70510005950928
adammini-adaptive_stochastic-r8,adammini,adaptive_stochastic,8,1.1B,sdpa,666,150,309248,1.9138327836990356,6.7790215928455435,nan,nan,nan,nan,6.092387676239014,2.048999786376953,0.009310517460107803,2.048999786376953,1.9850775860249996,1.31247878074646,1593.8845665032777,6.03125,0.000604,1,2048,,194.02157878875732
adammini-adaptive_stochastic-r8,adammini,adaptive_stochastic,8,1.1B,sdpa,666,151,311296,2.4183318614959717,11.227115302099087,nan,nan,nan,nan,6.092387676239014,2.048999786376953,0.009310517460107803,2.048999786376953,1.9850775860249996,1.3211016654968262,1593.5644720351074,5.53125,0.000608,1,2048,,195.34572052955627
adammini-adaptive_stochastic-r8,adammini,adaptive_stochastic,8,1.1B,sdpa,666,152,313344,2.0869953632354736,8.060659389109372,nan,nan,nan,nan,6.092387676239014,2.048999786376953,0.009310517460107803,2.048999786376953,1.9850775860249996,1.2773373126983643,1593.5019850791682,7.21875,0.000612,1,2048,,196.63860034942627
adammini-adaptive_stochastic-r8,adammini,adaptive_stochastic,8,1.1B,sdpa,666,153,315392,2.3851444721221924,10.860631610080427,nan,nan,nan,nan,6.092387676239014,2.048999786376953,0.009310517460107803,2.048999786376953,1.9850775860249996,1.2972748279571533,1593.3968877332072,6.375,0.000616,1,2048,,197.93687462806702
adammini-adaptive_stochastic-r8,adammini,adaptive_stochastic,8,1.1B,sdpa,666,154,317440,2.4612882137298584,11.719899555119653,nan,nan,nan,nan,6.092387676239014,2.048999786376953,0.009310517460107803,2.048999786376953,1.9850775860249996,1.3122389316558838,1593.1735194641637,7.1875,0.00062,1,2048,,199.2501106262207
adammini-adaptive_stochastic-r8,adammini,adaptive_stochastic,8,1.1B,sdpa,666,155,319488,2.3736655712127686,10.736676292498181,nan,nan,nan,nan,6.092387676239014,2.048999786376953,0.009310517460107803,2.048999786376953,1.9850775860249996,1.3109056949615479,1592.9636427459184,5.9375,0.000624,1,2048,,200.562016248703
adammini-adaptive_stochastic-r8,adammini,adaptive_stochastic,8,1.1B,sdpa,666,156,321536,2.349241256713867,10.477616886560474,nan,nan,nan,nan,6.092387676239014,2.048999786376953,0.009310517460107803,2.048999786376953,1.9850775860249996,1.3160438537597656,1592.7132807767134,5.90625,0.000628,1,2048,,201.879399061203
adammini-adaptive_stochastic-r8,adammini,adaptive_stochastic,8,1.1B,sdpa,666,157,323584,2.2676632404327393,9.656808787961992,nan,nan,nan,nan,6.092387676239014,2.048999786376953,0.009310517460107803,2.048999786376953,1.9850775860249996,1.3094902038574219,1592.5201853587832,6.75,0.000632,1,2048,,203.18988919258118
adammini-adaptive_stochastic-r8,adammini,adaptive_stochastic,8,1.1B,sdpa,666,158,325632,2.241806983947754,9.410320231046638,nan,nan,nan,nan,6.092387676239014,2.048999786376953,0.009310517460107803,2.048999786376953,1.9850775860249996,1.3102507591247559,1592.3080638496974,15.1875,0.0006360000000000001,1,2048,,204.5031406879425
adammini-adaptive_stochastic-r8,adammini,adaptive_stochastic,8,1.1B,sdpa,666,159,327680,2.4139394760131836,11.177909628087262,nan,nan,nan,nan,6.092387676239014,2.048999786376953,0.009310517460107803,2.048999786376953,1.9850775860249996,1.310837745666504,1592.0932787401966,8.75,0.00064,1,2048,,205.81708645820618
adammini-adaptive_stochastic-r8,adammini,adaptive_stochastic,8,1.1B,sdpa,666,160,329728,2.2029824256896973,9.051970109606764,nan,nan,nan,nan,6.092387676239014,2.048999786376953,0.009310517460107803,2.048999786376953,1.9850775860249996,1.2802784442901611,1592.0938788649971,5.84375,0.000644,1,2048,,207.1033651828766
adammini-adaptive_stochastic-r8,adammini,adaptive_stochastic,8,1.1B,sdpa,666,161,331776,2.587735176086426,13.299616178959345,nan,nan,nan,nan,6.092387676239014,2.048999786376953,0.009310517460107803,2.048999786376953,1.9850775860249996,1.3032472133636475,1591.9571703220477,6.15625,0.000648,1,2048,,208.407616853714
adammini-adaptive_stochastic-r8,adammini,adaptive_stochastic,8,1.1B,sdpa,666,162,333824,2.418750524520874,11.231816664226963,nan,nan,nan,nan,6.092387676239014,2.048999786376953,0.009310517460107803,2.048999786376953,1.9850775860249996,1.3097076416015625,1591.7579866803935,6.84375,0.000652,1,2048,,209.72032356262207
adammini-adaptive_stochastic-r8,adammini,adaptive_stochastic,8,1.1B,sdpa,666,163,335872,1.7973994016647339,6.033935200786677,nan,nan,nan,nan,6.092387676239014,2.048999786376953,0.009310517460107803,2.048999786376953,1.9850775860249996,1.2897095680236816,1591.6741663563696,7.03125,0.000656,1,2048,,211.01806330680847
adammini-adaptive_stochastic-r8,adammini,adaptive_stochastic,8,1.1B,sdpa,666,164,337920,2.222066640853882,9.226378787832253,nan,nan,nan,nan,6.092387676239014,2.048999786376953,0.009310517460107803,2.048999786376953,1.9850775860249996,1.3084213733673096,1591.503810179076,6.09375,0.00066,1,2048,,212.32748413085938
adammini-adaptive_stochastic-r8,adammini,adaptive_stochastic,8,1.1B,sdpa,666,165,339968,2.215270519256592,9.163887784440261,nan,nan,nan,nan,6.092387676239014,2.048999786376953,0.009310517460107803,2.048999786376953,1.9850775860249996,1.2853858470916748,1591.5071368383656,6.0,0.0006640000000000001,1,2048,,213.61387085914612
adammini-adaptive_stochastic-r8,adammini,adaptive_stochastic,8,1.1B,sdpa,666,166,342016,2.3511054515838623,10.497167423553687,nan,nan,nan,nan,6.092387676239014,2.048999786376953,0.009310517460107803,2.048999786376953,1.9850775860249996,1.279289960861206,1591.5329346774417,5.4375,0.0006680000000000001,1,2048,,214.8972179889679
adammini-adaptive_stochastic-r8,adammini,adaptive_stochastic,8,1.1B,sdpa,666,167,344064,2.4740312099456787,11.870201807432583,nan,nan,nan,nan,6.092387676239014,2.048999786376953,0.009310517460107803,2.048999786376953,1.9850775860249996,1.2759172916412354,1591.598403692907,7.9375,0.0006720000000000001,1,2048,,216.17513513565063
adammini-adaptive_stochastic-r8,adammini,adaptive_stochastic,8,1.1B,sdpa,666,168,346112,2.4074625968933105,11.105745609698213,nan,nan,nan,nan,6.092387676239014,2.048999786376953,0.009310517460107803,2.048999786376953,1.9850775860249996,1.2748746871948242,1591.6523655565345,6.71875,0.0006760000000000001,1,2048,,217.4545192718506
adammini-adaptive_stochastic-r8,adammini,adaptive_stochastic,8,1.1B,sdpa,666,169,348160,2.104290246963501,8.201280059986413,nan,nan,nan,nan,6.092387676239014,2.048999786376953,0.009310517460107803,2.048999786376953,1.9850775860249996,1.2751727104187012,1591.7108194910509,6.125,0.00068,1,2048,,218.73319935798645
adammini-adaptive_stochastic-r8,adammini,adaptive_stochastic,8,1.1B,sdpa,666,170,350208,2.378546714782715,10.789211662981797,nan,nan,nan,nan,6.092387676239014,2.048999786376953,0.009310517460107803,2.048999786376953,1.9850775860249996,1.275817632675171,1591.7590033659496,8.6875,0.000684,1,2048,,220.01320505142212
adammini-adaptive_stochastic-r8,adammini,adaptive_stochastic,8,1.1B,sdpa,666,171,352256,2.090820550918579,8.091551971416468,nan,nan,nan,nan,6.092387676239014,2.048999786376953,0.009310517460107803,2.048999786376953,1.9850775860249996,1.272489309310913,1591.8390730108817,5.40625,0.0006879999999999999,1,2048,,221.28870058059692
adammini-adaptive_stochastic-r8,adammini,adaptive_stochastic,8,1.1B,sdpa,666,172,354304,2.620598793029785,13.743950903604391,nan,nan,nan,nan,6.092387676239014,2.048999786376953,0.009310517460107803,2.048999786376953,1.9850775860249996,1.2723722457885742,1591.9119595956734,5.40625,0.000692,1,2048,,222.56507205963135
adammini-adaptive_stochastic-r8,adammini,adaptive_stochastic,8,1.1B,sdpa,666,173,356352,2.303497314453125,10.009126376596205,nan,nan,nan,nan,6.092387676239014,2.048999786376953,0.009310517460107803,2.048999786376953,1.9850775860249996,1.2747082710266113,1591.9661208846342,5.84375,0.000696,1,2048,,223.84395956993103
adammini-adaptive_stochastic-r8,adammini,adaptive_stochastic,8,1.1B,sdpa,666,174,358400,2.3818979263305664,10.825429246195062,nan,nan,nan,nan,6.092387676239014,2.048999786376953,0.009310517460107803,2.048999786376953,1.9850775860249996,1.2675895690917969,1592.070330677935,5.125,0.0007,1,2048,,225.11568307876587
adammini-adaptive_stochastic-r8,adammini,adaptive_stochastic,8,1.1B,sdpa,666,175,360448,2.3717949390411377,10.716610693937389,nan,nan,nan,nan,6.092387676239014,2.048999786376953,0.009310517460107803,2.048999786376953,1.9850775860249996,1.2700908184051514,1592.155589218746,6.375,0.000704,1,2048,,226.3899347782135
adammini-adaptive_stochastic-r8,adammini,adaptive_stochastic,8,1.1B,sdpa,666,176,362496,2.6534340381622314,14.202727706432983,nan,nan,nan,nan,6.092387676239014,2.048999786376953,0.009310517460107803,2.048999786376953,1.9850775860249996,1.2771568298339844,1592.198593265605,6.59375,0.000708,1,2048,,227.6700918674469
adammini-adaptive_stochastic-r8,adammini,adaptive_stochastic,8,1.1B,sdpa,666,177,364544,2.4267637729644775,11.322181576332804,nan,nan,nan,nan,6.092387676239014,2.048999786376953,0.009310517460107803,2.048999786376953,1.9850775860249996,1.2406902313232422,1592.4903313462253,6.0625,0.000712,1,2048,,228.9144196510315
adammini-adaptive_stochastic-r8,adammini,adaptive_stochastic,8,1.1B,sdpa,666,178,366592,2.516096353530884,12.380174389305735,nan,nan,nan,nan,6.092387676239014,2.048999786376953,0.009310517460107803,2.048999786376953,1.9850775860249996,1.2214360237121582,1592.9165796554703,6.46875,0.000716,1,2048,,230.13885641098022
adammini-adaptive_stochastic-r8,adammini,adaptive_stochastic,8,1.1B,sdpa,666,179,368640,2.1892948150634766,8.928914358160775,nan,nan,nan,nan,6.092387676239014,2.048999786376953,0.009310517460107803,2.048999786376953,1.9850775860249996,1.1888492107391357,1593.5485188166529,6.75,0.0007199999999999999,1,2048,,231.33277440071106
adammini-adaptive_stochastic-r8,adammini,adaptive_stochastic,8,1.1B,sdpa,666,180,370688,1.9061768054962158,6.727319718045102,nan,nan,nan,nan,6.092387676239014,2.048999786376953,0.009310517460107803,2.048999786376953,1.9850775860249996,1.1845800876617432,1594.1848156090398,6.9375,0.000724,1,2048,,232.52511024475098
adammini-adaptive_stochastic-r8,adammini,adaptive_stochastic,8,1.1B,sdpa,666,181,372736,2.5264129638671875,12.508556921987262,nan,nan,nan,nan,6.092387676239014,2.048999786376953,0.009310517460107803,2.048999786376953,1.9850775860249996,1.1439390182495117,1595.1381219545488,7.5,0.000728,1,2048,,233.67004704475403
adammini-adaptive_stochastic-r8,adammini,adaptive_stochastic,8,1.1B,sdpa,666,182,374784,2.9176931381225586,18.49856456739934,nan,nan,nan,nan,6.092387676239014,2.048999786376953,0.009310517460107803,2.048999786376953,1.9850775860249996,1.1355421543121338,1595.9481521933176,7.15625,0.000732,1,2048,,234.83469653129578
adammini-adaptive_stochastic-r8,adammini,adaptive_stochastic,8,1.1B,sdpa,666,183,376832,2.309795379638672,10.072363433491642,nan,nan,nan,nan,6.092387676239014,2.048999786376953,0.009310517460107803,2.048999786376953,1.9850775860249996,1.1343798637390137,1596.9476382438622,5.6875,0.000736,1,2048,,235.97016644477844
adammini-adaptive_stochastic-r8,adammini,adaptive_stochastic,8,1.1B,sdpa,666,184,378880,2.872927665710449,17.688729152511534,nan,nan,nan,nan,6.092387676239014,2.048999786376953,0.009310517460107803,2.048999786376953,1.9850775860249996,1.1481237411499023,1597.8455248837888,6.8125,0.00074,1,2048,,237.12029027938843
adammini-adaptive_stochastic-r8,adammini,adaptive_stochastic,8,1.1B,sdpa,666,185,380928,2.860628128051758,17.472498456874487,nan,nan,nan,nan,6.092387676239014,2.048999786376953,0.009310517460107803,2.048999786376953,1.9850775860249996,1.1856138706207275,1598.4765573345023,6.75,0.000744,1,2048,,238.3069043159485
adammini-adaptive_stochastic-r8,adammini,adaptive_stochastic,8,1.1B,sdpa,666,186,382976,2.766716957092285,15.906327039587124,nan,nan,nan,nan,6.092387676239014,2.048999786376953,0.009310517460107803,2.048999786376953,1.9850775860249996,1.1841304302215576,1599.1173462713116,6.21875,0.000748,1,2048,,239.4921178817749
adammini-adaptive_stochastic-r8,adammini,adaptive_stochastic,8,1.1B,sdpa,666,187,385024,2.9708309173583984,19.508122501077256,nan,nan,nan,nan,6.092387676239014,2.048999786376953,0.009310517460107803,2.048999786376953,1.9850775860249996,1.1887075901031494,1599.7153141385522,6.28125,0.0007520000000000001,1,2048,,240.68282437324524
adammini-adaptive_stochastic-r8,adammini,adaptive_stochastic,8,1.1B,sdpa,666,188,387072,2.987269878387451,19.831466202221243,nan,nan,nan,nan,6.092387676239014,2.048999786376953,0.009310517460107803,2.048999786376953,1.9850775860249996,1.185882329940796,1600.3326972690797,6.21875,0.000756,1,2048,,241.87070727348328
adammini-adaptive_stochastic-r8,adammini,adaptive_stochastic,8,1.1B,sdpa,666,189,389120,2.9714109897613525,19.51944190729376,nan,nan,nan,nan,6.092387676239014,2.048999786376953,0.009310517460107803,2.048999786376953,1.9850775860249996,1.18558931350708,1600.9394103451104,6.34375,0.00076,1,2048,,243.05729341506958
adammini-adaptive_stochastic-r8,adammini,adaptive_stochastic,8,1.1B,sdpa,666,190,391168,2.915321111679077,18.454737483129893,nan,nan,nan,nan,6.092387676239014,2.048999786376953,0.009310517460107803,2.048999786376953,1.9850775860249996,1.183290719985962,1601.5552737867283,6.71875,0.000764,1,2048,,244.24258494377136
adammini-adaptive_stochastic-r8,adammini,adaptive_stochastic,8,1.1B,sdpa,666,191,393216,2.828573226928711,16.921300736935695,nan,nan,nan,nan,6.092387676239014,2.048999786376953,0.009310517460107803,2.048999786376953,1.9850775860249996,1.1880292892456055,1602.1308985649018,5.5625,0.000768,1,2048,,245.4331293106079
adammini-adaptive_stochastic-r8,adammini,adaptive_stochastic,8,1.1B,sdpa,666,192,395264,2.425694704055786,11.310083851833767,nan,nan,nan,nan,6.092387676239014,2.048999786376953,0.009310517460107803,2.048999786376953,1.9850775860249996,1.1853053569793701,1602.6977725675242,6.03125,0.000772,1,2048,,246.624165058136
adammini-adaptive_stochastic-r8,adammini,adaptive_stochastic,8,1.1B,sdpa,666,193,397312,2.405925750732422,11.08869089578673,nan,nan,nan,nan,6.092387676239014,2.048999786376953,0.009310517460107803,2.048999786376953,1.9850775860249996,1.1886372566223145,1603.261104104558,10.1875,0.000776,1,2048,,247.8149061203003
adammini-adaptive_stochastic-r8,adammini,adaptive_stochastic,8,1.1B,sdpa,666,194,399360,2.0781047344207764,7.989312686957917,nan,nan,nan,nan,6.092387676239014,2.048999786376953,0.009310517460107803,2.048999786376953,1.9850775860249996,1.1871681213378906,1603.809860341763,5.40625,0.0007800000000000001,1,2048,,249.00707364082336
adammini-adaptive_stochastic-r8,adammini,adaptive_stochastic,8,1.1B,sdpa,666,195,401408,2.7663822174072266,15.901003451741222,nan,nan,nan,nan,6.092387676239014,2.048999786376953,0.009310517460107803,2.048999786376953,1.9850775860249996,1.1892945766448975,1604.3653898662596,7.6875,0.0007840000000000001,1,2048,,250.1973693370819
adammini-adaptive_stochastic-r8,adammini,adaptive_stochastic,8,1.1B,sdpa,666,196,403456,2.3233861923217773,10.2101895008411,nan,nan,nan,nan,6.092387676239014,2.048999786376953,0.009310517460107803,2.048999786376953,1.9850775860249996,1.1872143745422363,1604.9119827294476,6.71875,0.0007880000000000001,1,2048,,251.38824081420898
adammini-adaptive_stochastic-r8,adammini,adaptive_stochastic,8,1.1B,sdpa,666,197,405504,1.8940469026565552,6.646210899030901,nan,nan,nan,nan,6.092387676239014,2.048999786376953,0.009310517460107803,2.048999786376953,1.9850775860249996,1.1868016719818115,1605.4470868529615,5.90625,0.0007920000000000001,1,2048,,252.5801088809967
adammini-adaptive_stochastic-r8,adammini,adaptive_stochastic,8,1.1B,sdpa,666,198,407552,1.8457046747207642,6.332560613885019,nan,nan,nan,nan,6.092387676239014,2.048999786376953,0.009310517460107803,2.048999786376953,1.9850775860249996,1.1871557235717773,1605.988007038385,6.1875,0.000796,1,2048,,253.770263671875
adammini-adaptive_stochastic-r8,adammini,adaptive_stochastic,8,1.1B,sdpa,666,199,409600,2.209360122680664,9.109885318655982,nan,nan,nan,nan,6.092387676239014,2.048999786376953,0.009310517460107803,2.048999786376953,1.9850775860249996,1.1900525093078613,1606.4993225982255,6.15625,0.0008,1,2048,,254.9643154144287
adammini-adaptive_stochastic-r8,adammini,adaptive_stochastic,8,1.1B,sdpa,666,200,411648,2.798382520675659,16.41806939492134,2.2480880801225127,9.469613375487688,2.2480880801225127,9.469613375487688,6.092387676239014,2.048999786376953,0.009310517460107803,2.048999786376953,1.9850775860249996,1.1860949993133545,1607.0290178165365,7.1875,0.000804,1,2048,,257.5913956165314
adammini-adaptive_stochastic-r8,adammini,adaptive_stochastic,8,1.1B,sdpa,666,201,413696,2.4009010791778564,11.033113611795704,nan,nan,nan,nan,6.092387676239014,2.048999786376953,0.009310517460107803,2.048999786376953,1.9850775860249996,1.1873350143432617,1598.613652226771,7.28125,0.000808,1,2048,,258.78422808647156
adammini-adaptive_stochastic-r8,adammini,adaptive_stochastic,8,1.1B,sdpa,666,202,415744,2.385329484939575,10.86264115202294,nan,nan,nan,nan,6.092387676239014,2.048999786376953,0.009310517460107803,2.048999786376953,1.9850775860249996,1.1891491413116455,1599.154399371061,6.3125,0.0008120000000000001,1,2048,,259.97739815711975
adammini-adaptive_stochastic-r8,adammini,adaptive_stochastic,8,1.1B,sdpa,666,203,417792,1.706919550895691,5.511955998895672,nan,nan,nan,nan,6.092387676239014,2.048999786376953,0.009310517460107803,2.048999786376953,1.9850775860249996,1.178201675415039,1599.7573896149204,8.4375,0.000816,1,2048,,261.15960001945496
adammini-adaptive_stochastic-r8,adammini,adaptive_stochastic,8,1.1B,sdpa,666,204,419840,2.460925817489624,11.715653077085264,nan,nan,nan,nan,6.092387676239014,2.048999786376953,0.009310517460107803,2.048999786376953,1.9850775860249996,1.24845290184021,1599.9311924497042,6.46875,0.00082,1,2048,,262.41128492355347
adammini-adaptive_stochastic-r8,adammini,adaptive_stochastic,8,1.1B,sdpa,666,205,421888,3.5189671516418457,33.749552286381224,nan,nan,nan,nan,6.092387676239014,2.048999786376953,0.009310517460107803,2.048999786376953,1.9850775860249996,1.1777615547180176,1600.5274155364325,5.9375,0.000824,1,2048,,263.59311056137085
adammini-adaptive_stochastic-r8,adammini,adaptive_stochastic,8,1.1B,sdpa,666,206,423936,2.485273838043213,12.004407068124863,nan,nan,nan,nan,6.092387676239014,2.048999786376953,0.009310517460107803,2.048999786376953,1.9850775860249996,1.157331943511963,1601.2511084191442,5.8125,0.000828,1,2048,,264.75297832489014
adammini-adaptive_stochastic-r8,adammini,adaptive_stochastic,8,1.1B,sdpa,666,207,425984,2.9960684776306152,20.006725211990982,nan,nan,nan,nan,6.092387676239014,2.048999786376953,0.009310517460107803,2.048999786376953,1.9850775860249996,1.168480634689331,1601.8953562461581,7.03125,0.000832,1,2048,,265.9249858856201
adammini-adaptive_stochastic-r8,adammini,adaptive_stochastic,8,1.1B,sdpa,666,208,428032,2.183293104171753,8.875486086502246,nan,nan,nan,nan,6.092387676239014,2.048999786376953,0.009310517460107803,2.048999786376953,1.9850775860249996,1.2772822380065918,1601.8845732974212,6.5,0.0008359999999999999,1,2048,,267.2052700519562
adammini-adaptive_stochastic-r8,adammini,adaptive_stochastic,8,1.1B,sdpa,666,209,430080,2.4096126556396484,11.129649303145126,nan,nan,nan,nan,6.092387676239014,2.048999786376953,0.009310517460107803,2.048999786376953,1.9850775860249996,1.2706000804901123,1601.9077959734275,5.78125,0.00084,1,2048,,268.4798719882965
adammini-adaptive_stochastic-r8,adammini,adaptive_stochastic,8,1.1B,sdpa,666,210,432128,2.3277931213378906,10.25528437318071,nan,nan,nan,nan,6.092387676239014,2.048999786376953,0.009310517460107803,2.048999786376953,1.9850775860249996,1.2736964225769043,1601.9094329867896,5.6875,0.000844,1,2048,,269.75807189941406
adammini-adaptive_stochastic-r8,adammini,adaptive_stochastic,8,1.1B,sdpa,666,211,434176,2.5431764125823975,12.720010871412406,nan,nan,nan,nan,6.092387676239014,2.048999786376953,0.009310517460107803,2.048999786376953,1.9850775860249996,1.2617716789245605,1601.9902149434317,5.5,0.000848,1,2048,,271.02287888526917
adammini-adaptive_stochastic-r8,adammini,adaptive_stochastic,8,1.1B,sdpa,666,212,436224,2.34584903717041,10.442134725454085,nan,nan,nan,nan,6.092387676239014,2.048999786376953,0.009310517460107803,2.048999786376953,1.9850775860249996,1.2732024192810059,1602.0002192368534,7.34375,0.000852,1,2048,,272.2995882034302
adammini-adaptive_stochastic-r8,adammini,adaptive_stochastic,8,1.1B,sdpa,666,213,438272,2.2239346504211426,9.243629859245909,nan,nan,nan,nan,6.092387676239014,2.048999786376953,0.009310517460107803,2.048999786376953,1.9850775860249996,1.2789795398712158,1601.975724585305,6.1875,0.000856,1,2048,,273.58217310905457
adammini-adaptive_stochastic-r8,adammini,adaptive_stochastic,8,1.1B,sdpa,666,214,440320,2.3250014781951904,10.226695202831488,nan,nan,nan,nan,6.092387676239014,2.048999786376953,0.009310517460107803,2.048999786376953,1.9850775860249996,1.2683205604553223,1602.0109218413077,5.75,0.00086,1,2048,,274.85455560684204
adammini-adaptive_stochastic-r8,adammini,adaptive_stochastic,8,1.1B,sdpa,666,215,442368,2.17272686958313,8.782199331211878,nan,nan,nan,nan,6.092387676239014,2.048999786376953,0.009310517460107803,2.048999786376953,1.9850775860249996,1.275820255279541,1601.9998674003982,6.40625,0.000864,1,2048,,276.1348543167114
adammini-adaptive_stochastic-r8,adammini,adaptive_stochastic,8,1.1B,sdpa,666,216,444416,2.7584288120269775,15.775037916830847,nan,nan,nan,nan,6.092387676239014,2.048999786376953,0.009310517460107803,2.048999786376953,1.9850775860249996,1.27449369430542,1602.0081724636625,6.15625,0.0008680000000000001,1,2048,,277.4118182659149
adammini-adaptive_stochastic-r8,adammini,adaptive_stochastic,8,1.1B,sdpa,666,217,446464,2.3334338665008545,10.313295277451521,nan,nan,nan,nan,6.092387676239014,2.048999786376953,0.009310517460107803,2.048999786376953,1.9850775860249996,1.273791790008545,1601.9103378818722,6.4375,0.000872,1,2048,,278.7072343826294
adammini-adaptive_stochastic-r8,adammini,adaptive_stochastic,8,1.1B,sdpa,666,218,448512,2.4759583473205566,11.893099373273968,nan,nan,nan,nan,6.092387676239014,2.048999786376953,0.009310517460107803,2.048999786376953,1.9850775860249996,1.2663896083831787,1601.9735259385682,6.03125,0.000876,1,2048,,279.9746642112732
adammini-adaptive_stochastic-r8,adammini,adaptive_stochastic,8,1.1B,sdpa,666,219,450560,2.518115520477295,12.405197282421167,nan,nan,nan,nan,6.092387676239014,2.048999786376953,0.009310517460107803,2.048999786376953,1.9850775860249996,1.2623329162597656,1602.059462051956,6.25,0.00088,1,2048,,281.2380006313324
adammini-adaptive_stochastic-r8,adammini,adaptive_stochastic,8,1.1B,sdpa,666,220,452608,2.505833387374878,12.253766846235228,nan,nan,nan,nan,6.092387676239014,2.048999786376953,0.009310517460107803,2.048999786376953,1.9850775860249996,1.2707338333129883,1602.0970072900632,6.5625,0.000884,1,2048,,282.50973439216614
adammini-adaptive_stochastic-r8,adammini,adaptive_stochastic,8,1.1B,sdpa,666,221,454656,2.4988107681274414,12.168014761866987,nan,nan,nan,nan,6.092387676239014,2.048999786376953,0.009310517460107803,2.048999786376953,1.9850775860249996,1.2299952507019043,1602.3642439573628,6.375,0.000888,1,2048,,283.7407298088074
adammini-adaptive_stochastic-r8,adammini,adaptive_stochastic,8,1.1B,sdpa,666,222,456704,2.491001844406128,12.07336569738308,nan,nan,nan,nan,6.092387676239014,2.048999786376953,0.009310517460107803,2.048999786376953,1.9850775860249996,1.2274937629699707,1602.643242571859,6.6875,0.000892,1,2048,,284.9692232608795
adammini-adaptive_stochastic-r8,adammini,adaptive_stochastic,8,1.1B,sdpa,666,223,458752,2.5537490844726562,12.855208815163964,nan,nan,nan,nan,6.092387676239014,2.048999786376953,0.009310517460107803,2.048999786376953,1.9850775860249996,1.225461483001709,1602.933929759431,6.375,0.000896,1,2048,,286.1952021121979
adammini-adaptive_stochastic-r8,adammini,adaptive_stochastic,8,1.1B,sdpa,666,224,460800,2.558816432952881,12.920515965314017,nan,nan,nan,nan,6.092387676239014,2.048999786376953,0.009310517460107803,2.048999786376953,1.9850775860249996,1.228712558746338,1603.2007594648144,6.90625,0.0009000000000000001,1,2048,,287.4250135421753
adammini-adaptive_stochastic-r8,adammini,adaptive_stochastic,8,1.1B,sdpa,666,225,462848,2.5131211280822754,12.343395319547211,nan,nan,nan,nan,6.092387676239014,2.048999786376953,0.009310517460107803,2.048999786376953,1.9850775860249996,1.230628252029419,1603.4341502237585,6.3125,0.0009040000000000001,1,2048,,288.6604354381561
adammini-adaptive_stochastic-r8,adammini,adaptive_stochastic,8,1.1B,sdpa,666,226,464896,1.895098090171814,6.653200986254282,nan,nan,nan,nan,6.092387676239014,2.048999786376953,0.009310517460107803,2.048999786376953,1.9850775860249996,1.2845144271850586,1603.3774357243901,5.375,0.0009080000000000001,1,2048,,289.94794964790344
adammini-adaptive_stochastic-r8,adammini,adaptive_stochastic,8,1.1B,sdpa,666,227,466944,2.682742118835449,14.62514223931055,nan,nan,nan,nan,6.092387676239014,2.048999786376953,0.009310517460107803,2.048999786376953,1.9850775860249996,1.3242921829223633,1603.1022625436542,6.53125,0.000912,1,2048,,291.2752423286438
adammini-adaptive_stochastic-r8,adammini,adaptive_stochastic,8,1.1B,sdpa,666,228,468992,2.288457155227661,9.859713932155254,nan,nan,nan,nan,6.092387676239014,2.048999786376953,0.009310517460107803,2.048999786376953,1.9850775860249996,1.3211514949798584,1602.8352787787958,6.375,0.000916,1,2048,,292.60149574279785
adammini-adaptive_stochastic-r8,adammini,adaptive_stochastic,8,1.1B,sdpa,666,229,471040,2.1904404163360596,8.939149195214092,nan,nan,nan,nan,6.092387676239014,2.048999786376953,0.009310517460107803,2.048999786376953,1.9850775860249996,1.2441041469573975,1602.999617322611,6.09375,0.00092,1,2048,,293.84910321235657
adammini-adaptive_stochastic-r8,adammini,adaptive_stochastic,8,1.1B,sdpa,666,230,473088,2.5813779830932617,13.215336128288776,nan,nan,nan,nan,6.092387676239014,2.048999786376953,0.009310517460107803,2.048999786376953,1.9850775860249996,1.2252099514007568,1603.2622121067734,5.84375,0.000924,1,2048,,295.07836985588074
adammini-adaptive_stochastic-r8,adammini,adaptive_stochastic,8,1.1B,sdpa,666,231,475136,1.6368905305862427,5.139164566653745,nan,nan,nan,nan,6.092387676239014,2.048999786376953,0.009310517460107803,2.048999786376953,1.9850775860249996,1.2391207218170166,1603.4582138731923,15.875,0.0009280000000000001,1,2048,,296.31953978538513
adammini-adaptive_stochastic-r8,adammini,adaptive_stochastic,8,1.1B,sdpa,666,232,477184,2.3390092849731445,10.37095680866603,nan,nan,nan,nan,6.092387676239014,2.048999786376953,0.009310517460107803,2.048999786376953,1.9850775860249996,1.2311789989471436,1603.676764306703,9.6875,0.0009320000000000001,1,2048,,297.55622243881226
adammini-adaptive_stochastic-r8,adammini,adaptive_stochastic,8,1.1B,sdpa,666,233,479232,2.526458501815796,12.509126548979264,nan,nan,nan,nan,6.092387676239014,2.048999786376953,0.009310517460107803,2.048999786376953,1.9850775860249996,1.2299582958221436,1603.9242382660773,18.0,0.0009360000000000001,1,2048,,298.7871799468994
adammini-adaptive_stochastic-r8,adammini,adaptive_stochastic,8,1.1B,sdpa,666,234,481280,2.416008710861206,11.201063295143626,nan,nan,nan,nan,6.092387676239014,2.048999786376953,0.009310517460107803,2.048999786376953,1.9850775860249996,1.2336254119873047,1604.1393800002284,6.71875,0.00094,1,2048,,300.0238046646118
adammini-adaptive_stochastic-r8,adammini,adaptive_stochastic,8,1.1B,sdpa,666,235,483328,2.2183759212493896,9.192389571676483,nan,nan,nan,nan,6.092387676239014,2.048999786376953,0.009310517460107803,2.048999786376953,1.9850775860249996,1.2343716621398926,1604.3407341516695,5.875,0.000944,1,2048,,301.26268672943115
adammini-adaptive_stochastic-r8,adammini,adaptive_stochastic,8,1.1B,sdpa,666,236,485376,2.1343843936920166,8.451841897844458,nan,nan,nan,nan,6.092387676239014,2.048999786376953,0.009310517460107803,2.048999786376953,1.9850775860249996,1.23225998878479,1604.5622832625324,5.1875,0.000948,1,2048,,302.49745059013367
adammini-adaptive_stochastic-r8,adammini,adaptive_stochastic,8,1.1B,sdpa,666,237,487424,2.558882236480713,12.92136620882015,nan,nan,nan,nan,6.092387676239014,2.048999786376953,0.009310517460107803,2.048999786376953,1.9850775860249996,1.2341322898864746,1604.7615574880463,5.9375,0.0009519999999999999,1,2048,,303.7360894680023
adammini-adaptive_stochastic-r8,adammini,adaptive_stochastic,8,1.1B,sdpa,666,238,489472,2.532658100128174,12.586919000634934,nan,nan,nan,nan,6.092387676239014,2.048999786376953,0.009310517460107803,2.048999786376953,1.9850775860249996,1.2353367805480957,1604.960793954722,6.59375,0.0009559999999999999,1,2048,,304.9744279384613
adammini-adaptive_stochastic-r8,adammini,adaptive_stochastic,8,1.1B,sdpa,666,239,491520,2.304008722305298,10.014246431525144,nan,nan,nan,nan,6.092387676239014,2.048999786376953,0.009310517460107803,2.048999786376953,1.9850775860249996,1.3089220523834229,1604.7669074081077,6.0625,0.00096,1,2048,,306.287472486496
adammini-adaptive_stochastic-r8,adammini,adaptive_stochastic,8,1.1B,sdpa,666,240,493568,2.4441473484039307,11.520722247568603,nan,nan,nan,nan,6.092387676239014,2.048999786376953,0.009310517460107803,2.048999786376953,1.9850775860249996,1.3685760498046875,1604.257673088604,6.15625,0.000964,1,2048,,307.6612992286682
adammini-adaptive_stochastic-r8,adammini,adaptive_stochastic,8,1.1B,sdpa,666,241,495616,2.4334170818328857,11.39776270089829,nan,nan,nan,nan,6.092387676239014,2.048999786376953,0.009310517460107803,2.048999786376953,1.9850775860249996,1.373396873474121,1603.7396285873892,6.59375,0.000968,1,2048,,309.03869557380676
adammini-adaptive_stochastic-r8,adammini,adaptive_stochastic,8,1.1B,sdpa,666,242,497664,1.4594892263412476,4.303760719237164,nan,nan,nan,nan,6.092387676239014,2.048999786376953,0.009310517460107803,2.048999786376953,1.9850775860249996,1.3779470920562744,1603.2026800202648,5.90625,0.000972,1,2048,,310.4186427593231
adammini-adaptive_stochastic-r8,adammini,adaptive_stochastic,8,1.1B,sdpa,666,243,499712,2.1305718421936035,8.419680163444184,nan,nan,nan,nan,6.092387676239014,2.048999786376953,0.009310517460107803,2.048999786376953,1.9850775860249996,1.3838582038879395,1602.6349616084317,5.96875,0.000976,1,2048,,311.8065011501312
adammini-adaptive_stochastic-r8,adammini,adaptive_stochastic,8,1.1B,sdpa,666,244,501760,2.4395430088043213,11.467798862025619,nan,nan,nan,nan,6.092387676239014,2.048999786376953,0.009310517460107803,2.048999786376953,1.9850775860249996,1.3824403285980225,1602.0897586667468,6.59375,0.00098,1,2048,,313.19094157218933
adammini-adaptive_stochastic-r8,adammini,adaptive_stochastic,8,1.1B,sdpa,666,245,503808,2.1464309692382812,8.554273385363308,nan,nan,nan,nan,6.092387676239014,2.048999786376953,0.009310517460107803,2.048999786376953,1.9850775860249996,1.379434585571289,1601.4693044676817,8.25,0.000984,1,2048,,314.5921082496643
adammini-adaptive_stochastic-r8,adammini,adaptive_stochastic,8,1.1B,sdpa,666,246,505856,2.6539666652679443,14.210294479139726,nan,nan,nan,nan,6.092387676239014,2.048999786376953,0.009310517460107803,2.048999786376953,1.9850775860249996,1.38352370262146,1600.9285184655505,109.0,0.000988,1,2048,,315.9776303768158
adammini-adaptive_stochastic-r8,adammini,adaptive_stochastic,8,1.1B,sdpa,666,247,507904,2.279386520385742,9.770684454788597,nan,nan,nan,nan,6.092387676239014,2.048999786376953,0.009310517460107803,2.048999786376953,1.9850775860249996,1.3804187774658203,1600.4081216146944,8.9375,0.000992,1,2048,,317.35904932022095
adammini-adaptive_stochastic-r8,adammini,adaptive_stochastic,8,1.1B,sdpa,666,248,509952,2.2023229598999023,9.046002612885472,nan,nan,nan,nan,6.092387676239014,2.048999786376953,0.009310517460107803,2.048999786376953,1.9850775860249996,1.3838629722595215,1599.879958166842,6.3125,0.000996,1,2048,,318.74391412734985
adammini-adaptive_stochastic-r8,adammini,adaptive_stochastic,8,1.1B,sdpa,666,249,512000,2.246485948562622,9.454453955973705,nan,nan,nan,nan,6.092387676239014,2.048999786376953,0.009310517460107803,2.048999786376953,1.9850775860249996,1.3833630084991455,1599.356995649853,6.46875,0.001,1,2048,,320.12865257263184
adammini-adaptive_stochastic-r8,adammini,adaptive_stochastic,8,1.1B,sdpa,666,250,514048,2.260227918624878,9.585273580194146,nan,nan,nan,nan,6.092387676239014,2.048999786376953,0.009310517460107803,2.048999786376953,1.9850775860249996,1.383824110031128,1598.8331207868723,6.15625,0.000999200008,1,2048,,321.51448035240173
adammini-adaptive_stochastic-r8,adammini,adaptive_stochastic,8,1.1B,sdpa,666,251,516096,1.9772309064865112,7.222714895165729,nan,nan,nan,nan,6.092387676239014,2.048999786376953,0.009310517460107803,2.048999786376953,1.9850775860249996,1.3849461078643799,1598.3106660498734,6.0,0.000998400016,1,2048,,322.90092968940735
adammini-adaptive_stochastic-r8,adammini,adaptive_stochastic,8,1.1B,sdpa,666,252,518144,2.1731414794921875,8.785841273018328,nan,nan,nan,nan,6.092387676239014,2.048999786376953,0.009310517460107803,2.048999786376953,1.9850775860249996,1.3807847499847412,1597.8156622117729,7.90625,0.000997600024,1,2048,,324.28271436691284
adammini-adaptive_stochastic-r8,adammini,adaptive_stochastic,8,1.1B,sdpa,666,253,520192,2.1310408115386963,8.423629661360666,nan,nan,nan,nan,6.092387676239014,2.048999786376953,0.009310517460107803,2.048999786376953,1.9850775860249996,1.3710379600524902,1597.3578858118265,7.375,0.000996800032,1,2048,,325.65776562690735
adammini-adaptive_stochastic-r8,adammini,adaptive_stochastic,8,1.1B,sdpa,666,254,522240,2.393439292907715,10.951093265838084,nan,nan,nan,nan,6.092387676239014,2.048999786376953,0.009310517460107803,2.048999786376953,1.9850775860249996,1.3690659999847412,1596.9111665647122,6.4375,0.00099600004,1,2048,,327.03134083747864
adammini-adaptive_stochastic-r8,adammini,adaptive_stochastic,8,1.1B,sdpa,666,255,524288,1.7872047424316406,5.972733781447331,nan,nan,nan,nan,6.092387676239014,2.048999786376953,0.009310517460107803,2.048999786376953,1.9850775860249996,1.3657395839691162,1596.484377007586,5.03125,0.000995200048,1,2048,,328.4015851020813
adammini-adaptive_stochastic-r8,adammini,adaptive_stochastic,8,1.1B,sdpa,666,256,526336,1.786849856376648,5.970614517588949,nan,nan,nan,nan,6.092387676239014,2.048999786376953,0.009310517460107803,2.048999786376953,1.9850775860249996,1.3713788986206055,1596.0406731169503,5.71875,0.0009944000559999999,1,2048,,329.7760570049286
adammini-adaptive_stochastic-r8,adammini,adaptive_stochastic,8,1.1B,sdpa,666,257,528384,2.174790382385254,8.80034022250623,nan,nan,nan,nan,6.092387676239014,2.048999786376953,0.009310517460107803,2.048999786376953,1.9850775860249996,1.3646671772003174,1595.6314646610388,6.03125,0.000993600064,1,2048,,331.1441342830658
adammini-adaptive_stochastic-r8,adammini,adaptive_stochastic,8,1.1B,sdpa,666,258,530432,2.621025323867798,13.74981437288725,nan,nan,nan,nan,6.092387676239014,2.048999786376953,0.009310517460107803,2.048999786376953,1.9850775860249996,1.3632996082305908,1595.2327620347312,7.125,0.000992800072,1,2048,,332.51072359085083
adammini-adaptive_stochastic-r8,adammini,adaptive_stochastic,8,1.1B,sdpa,666,259,532480,2.202998399734497,9.052114707337724,nan,nan,nan,nan,6.092387676239014,2.048999786376953,0.009310517460107803,2.048999786376953,1.9850775860249996,1.3596093654632568,1594.8538949534336,10.75,0.00099200008,1,2048,,333.87384366989136
adammini-adaptive_stochastic-r8,adammini,adaptive_stochastic,8,1.1B,sdpa,666,260,534528,2.3422725200653076,10.404854957597014,nan,nan,nan,nan,6.092387676239014,2.048999786376953,0.009310517460107803,2.048999786376953,1.9850775860249996,1.344287395477295,1594.5509922451974,14.75,0.0009912000879999999,1,2048,,335.2216408252716
adammini-adaptive_stochastic-r8,adammini,adaptive_stochastic,8,1.1B,sdpa,666,261,536576,2.201113224029541,9.035065955608367,nan,nan,nan,nan,6.092387676239014,2.048999786376953,0.009310517460107803,2.048999786376953,1.9850775860249996,1.3473200798034668,1594.2385751460424,6.625,0.0009904000959999998,1,2048,,336.5719587802887
adammini-adaptive_stochastic-r8,adammini,adaptive_stochastic,8,1.1B,sdpa,666,262,538624,2.7159550189971924,15.11904215181758,nan,nan,nan,nan,6.092387676239014,2.048999786376953,0.009310517460107803,2.048999786376953,1.9850775860249996,1.321500539779663,1594.0504454252223,6.21875,0.000989600104,1,2048,,337.8964583873749
adammini-adaptive_stochastic-r8,adammini,adaptive_stochastic,8,1.1B,sdpa,666,263,540672,2.548398971557617,12.786615650659897,nan,nan,nan,nan,6.092387676239014,2.048999786376953,0.009310517460107803,2.048999786376953,1.9850775860249996,1.3521993160247803,1593.6460221085508,5.46875,0.0009888001120000002,1,2048,,339.26731061935425
adammini-adaptive_stochastic-r8,adammini,adaptive_stochastic,8,1.1B,sdpa,666,264,542720,2.9046366214752197,18.258607660677516,nan,nan,nan,nan,6.092387676239014,2.048999786376953,0.009310517460107803,2.048999786376953,1.9850775860249996,1.346888542175293,1593.3518676584613,5.96875,0.0009880001200000001,1,2048,,340.6152846813202
adammini-adaptive_stochastic-r8,adammini,adaptive_stochastic,8,1.1B,sdpa,666,265,544768,2.921086072921753,18.561435589179755,nan,nan,nan,nan,6.092387676239014,2.048999786376953,0.009310517460107803,2.048999786376953,1.9850775860249996,1.3556551933288574,1593.0195719527428,7.125,0.000987200128,1,2048,,341.9719440937042
adammini-adaptive_stochastic-r8,adammini,adaptive_stochastic,8,1.1B,sdpa,666,266,546816,3.116039514541626,22.556866360944692,nan,nan,nan,nan,6.092387676239014,2.048999786376953,0.009310517460107803,2.048999786376953,1.9850775860249996,1.3599910736083984,1592.669804107414,6.09375,0.000986400136,1,2048,,343.3329360485077
adammini-adaptive_stochastic-r8,adammini,adaptive_stochastic,8,1.1B,sdpa,666,267,548864,3.102407217025757,22.2514509345066,nan,nan,nan,nan,6.092387676239014,2.048999786376953,0.009310517460107803,2.048999786376953,1.9850775860249996,1.357292652130127,1592.3352693483782,6.25,0.0009856001440000002,1,2048,,344.69122838974
adammini-adaptive_stochastic-r8,adammini,adaptive_stochastic,8,1.1B,sdpa,666,268,550912,3.207979440689087,24.729069159440918,nan,nan,nan,nan,6.092387676239014,2.048999786376953,0.009310517460107803,2.048999786376953,1.9850775860249996,1.3584296703338623,1591.9935276125016,7.34375,0.0009848001520000001,1,2048,,346.05165815353394
adammini-adaptive_stochastic-r8,adammini,adaptive_stochastic,8,1.1B,sdpa,666,269,552960,3.199158191680908,24.511887199043844,nan,nan,nan,nan,6.092387676239014,2.048999786376953,0.009310517460107803,2.048999786376953,1.9850775860249996,1.372464656829834,1591.594744971036,8.3125,0.00098400016,1,2048,,347.4251229763031
adammini-adaptive_stochastic-r8,adammini,adaptive_stochastic,8,1.1B,sdpa,666,270,555008,2.780792713165283,16.131803774032367,nan,nan,nan,nan,6.092387676239014,2.048999786376953,0.009310517460107803,2.048999786376953,1.9850775860249996,1.3759417533874512,1591.1694834323528,6.65625,0.000983200168,1,2048,,348.80508065223694
adammini-adaptive_stochastic-r8,adammini,adaptive_stochastic,8,1.1B,sdpa,666,271,557056,2.090327739715576,8.087565346362702,nan,nan,nan,nan,6.092387676239014,2.048999786376953,0.009310517460107803,2.048999786376953,1.9850775860249996,1.359964370727539,1590.8179080377147,6.46875,0.0009824001760000002,1,2048,,350.1695556640625
adammini-adaptive_stochastic-r8,adammini,adaptive_stochastic,8,1.1B,sdpa,666,272,559104,2.6728172302246094,14.48070726777922,nan,nan,nan,nan,6.092387676239014,2.048999786376953,0.009310517460107803,2.048999786376953,1.9850775860249996,1.3612060546875,1590.465753568998,6.5,0.0009816001840000001,1,2048,,351.53476190567017
adammini-adaptive_stochastic-r8,adammini,adaptive_stochastic,8,1.1B,sdpa,666,273,561152,2.887824535369873,17.954208340059935,nan,nan,nan,nan,6.092387676239014,2.048999786376953,0.009310517460107803,2.048999786376953,1.9850775860249996,1.3669824600219727,1590.0993041135475,6.65625,0.000980800192,1,2048,,352.9047439098358
adammini-adaptive_stochastic-r8,adammini,adaptive_stochastic,8,1.1B,sdpa,666,274,563200,2.313624382019043,10.111004468150782,nan,nan,nan,nan,6.092387676239014,2.048999786376953,0.009310517460107803,2.048999786376953,1.9850775860249996,1.3666210174560547,1589.7279409770913,6.65625,0.0009800002,1,2048,,354.2744550704956
adammini-adaptive_stochastic-r8,adammini,adaptive_stochastic,8,1.1B,sdpa,666,275,565248,1.998083472251892,7.374908329511546,nan,nan,nan,nan,6.092387676239014,2.048999786376953,0.009310517460107803,2.048999786376953,1.9850775860249996,1.3703572750091553,1589.3327814902082,5.25,0.000979200208,1,2048,,355.6511301994324
adammini-adaptive_stochastic-r8,adammini,adaptive_stochastic,8,1.1B,sdpa,666,276,567296,2.294023036956787,9.914744939757279,nan,nan,nan,nan,6.092387676239014,2.048999786376953,0.009310517460107803,2.048999786376953,1.9850775860249996,1.3669304847717285,1588.9751402227498,5.40625,0.0009784002160000002,1,2048,,357.02006006240845
adammini-adaptive_stochastic-r8,adammini,adaptive_stochastic,8,1.1B,sdpa,666,277,569344,2.6001462936401367,13.465707838330015,nan,nan,nan,nan,6.092387676239014,2.048999786376953,0.009310517460107803,2.048999786376953,1.9850775860249996,1.3632161617279053,1588.6366945861237,5.4375,0.000977600224,1,2048,,358.3852758407593
adammini-adaptive_stochastic-r8,adammini,adaptive_stochastic,8,1.1B,sdpa,666,278,571392,2.480165719985962,11.943243488002006,nan,nan,nan,nan,6.092387676239014,2.048999786376953,0.009310517460107803,2.048999786376953,1.9850775860249996,1.3678381443023682,1588.269339715891,5.875,0.000976800232,1,2048,,359.75762152671814
adammini-adaptive_stochastic-r8,adammini,adaptive_stochastic,8,1.1B,sdpa,666,279,573440,1.6171165704727173,5.038541072681167,nan,nan,nan,nan,6.092387676239014,2.048999786376953,0.009310517460107803,2.048999786376953,1.9850775860249996,1.3660242557525635,1587.9191821810634,6.15625,0.00097600024,1,2048,,361.12669110298157
adammini-adaptive_stochastic-r8,adammini,adaptive_stochastic,8,1.1B,sdpa,666,280,575488,1.9944124221801758,7.347884305381793,nan,nan,nan,nan,6.092387676239014,2.048999786376953,0.009310517460107803,2.048999786376953,1.9850775860249996,1.3559679985046387,1587.6113907435467,6.5,0.0009752002479999999,1,2048,,362.486691236496
adammini-adaptive_stochastic-r8,adammini,adaptive_stochastic,8,1.1B,sdpa,666,281,577536,2.4409265518188477,11.483676035876993,nan,nan,nan,nan,6.092387676239014,2.048999786376953,0.009310517460107803,2.048999786376953,1.9850775860249996,1.3413505554199219,1587.3828789049967,5.3125,0.000974400256,1,2048,,363.8290469646454
adammini-adaptive_stochastic-r8,adammini,adaptive_stochastic,8,1.1B,sdpa,666,282,579584,2.492185592651367,12.087665985141891,nan,nan,nan,nan,6.092387676239014,2.048999786376953,0.009310517460107803,2.048999786376953,1.9850775860249996,1.322582721710205,1587.2243158330405,6.25,0.0009736002640000001,1,2048,,365.15569615364075
adammini-adaptive_stochastic-r8,adammini,adaptive_stochastic,8,1.1B,sdpa,666,283,581632,2.453003168106079,11.623200782602717,nan,nan,nan,nan,6.092387676239014,2.048999786376953,0.009310517460107803,2.048999786376953,1.9850775860249996,1.3391213417053223,1586.9950577389448,7.21875,0.000972800272,1,2048,,366.49893593788147
adammini-adaptive_stochastic-r8,adammini,adaptive_stochastic,8,1.1B,sdpa,666,284,583680,2.4529953002929688,11.623109333790968,nan,nan,nan,nan,6.092387676239014,2.048999786376953,0.009310517460107803,2.048999786376953,1.9850775860249996,1.3363008499145508,1586.7801551398697,6.25,0.00097200028,1,2048,,367.83923602104187
adammini-adaptive_stochastic-r8,adammini,adaptive_stochastic,8,1.1B,sdpa,666,285,585728,2.0683372020721436,7.911656687980302,nan,nan,nan,nan,6.092387676239014,2.048999786376953,0.009310517460107803,2.048999786376953,1.9850775860249996,1.337608814239502,1586.5654901640587,7.03125,0.0009712002879999999,1,2048,,369.1798439025879
adammini-adaptive_stochastic-r8,adammini,adaptive_stochastic,8,1.1B,sdpa,666,286,587776,2.329516649246216,10.272974882669898,nan,nan,nan,nan,6.092387676239014,2.048999786376953,0.009310517460107803,2.048999786376953,1.9850775860249996,1.3368382453918457,1586.347125718082,5.71875,0.000970400296,1,2048,,370.52267813682556
adammini-adaptive_stochastic-r8,adammini,adaptive_stochastic,8,1.1B,sdpa,666,287,589824,2.6191978454589844,13.724709829987416,nan,nan,nan,nan,6.092387676239014,2.048999786376953,0.009310517460107803,2.048999786376953,1.9850775860249996,1.3273744583129883,1586.1749465023015,5.65625,0.000969600304,1,2048,,371.85305523872375
adammini-adaptive_stochastic-r8,adammini,adaptive_stochastic,8,1.1B,sdpa,666,288,591872,2.36379337310791,10.631203179502688,nan,nan,nan,nan,6.092387676239014,2.048999786376953,0.009310517460107803,2.048999786376953,1.9850775860249996,1.3500185012817383,1585.9120194504128,5.3125,0.000968800312,1,2048,,373.2060749530792
adammini-adaptive_stochastic-r8,adammini,adaptive_stochastic,8,1.1B,sdpa,666,289,593920,1.9117817878723145,6.765132096367964,nan,nan,nan,nan,6.092387676239014,2.048999786376953,0.009310517460107803,2.048999786376953,1.9850775860249996,1.3456568717956543,1585.6595671401078,6.75,0.00096800032,1,2048,,374.55706906318665
adammini-adaptive_stochastic-r8,adammini,adaptive_stochastic,8,1.1B,sdpa,666,290,595968,1.5064831972122192,4.5108391351318025,nan,nan,nan,nan,6.092387676239014,2.048999786376953,0.009310517460107803,2.048999786376953,1.9850775860249996,1.3379714488983154,1585.459619364355,6.6875,0.000967200328,1,2048,,375.89604473114014
adammini-adaptive_stochastic-r8,adammini,adaptive_stochastic,8,1.1B,sdpa,666,291,598016,2.1852219104766846,8.89262170035278,nan,nan,nan,nan,6.092387676239014,2.048999786376953,0.009310517460107803,2.048999786376953,1.9850775860249996,1.3309831619262695,1585.2810693421236,7.9375,0.0009664003360000001,1,2048,,377.23026633262634
adammini-adaptive_stochastic-r8,adammini,adaptive_stochastic,8,1.1B,sdpa,666,292,600064,2.3448073863983154,10.431263330836286,nan,nan,nan,nan,6.092387676239014,2.048999786376953,0.009310517460107803,2.048999786376953,1.9850775860249996,1.3315227031707764,1585.0918733398544,7.0625,0.0009656003440000001,1,2048,,378.56733107566833
adammini-adaptive_stochastic-r8,adammini,adaptive_stochastic,8,1.1B,sdpa,666,293,602112,2.322899580001831,10.205222305488247,nan,nan,nan,nan,6.092387676239014,2.048999786376953,0.009310517460107803,2.048999786376953,1.9850775860249996,1.3205206394195557,1584.9542791112822,7.59375,0.000964800352,1,2048,,379.8923463821411
adammini-adaptive_stochastic-r8,adammini,adaptive_stochastic,8,1.1B,sdpa,666,294,604160,3.182323455810547,24.10269007919012,nan,nan,nan,nan,6.092387676239014,2.048999786376953,0.009310517460107803,2.048999786376953,1.9850775860249996,1.3135411739349365,1584.8528573139813,6.03125,0.00096400036,1,2048,,381.208890914917
adammini-adaptive_stochastic-r8,adammini,adaptive_stochastic,8,1.1B,sdpa,666,295,606208,2.223846912384033,9.242818876883813,nan,nan,nan,nan,6.092387676239014,2.048999786376953,0.009310517460107803,2.048999786376953,1.9850775860249996,1.267340898513794,1584.9373232921198,5.40625,0.0009632003680000001,1,2048,,382.48073983192444
adammini-adaptive_stochastic-r8,adammini,adaptive_stochastic,8,1.1B,sdpa,666,296,608256,2.5951459407806396,13.398542612497241,nan,nan,nan,nan,6.092387676239014,2.048999786376953,0.009310517460107803,2.048999786376953,1.9850775860249996,1.2566304206848145,1585.0758166784583,6.59375,0.0009624003760000001,1,2048,,383.7393729686737
adammini-adaptive_stochastic-r8,adammini,adaptive_stochastic,8,1.1B,sdpa,666,297,610304,1.9004319906234741,6.688783309924814,nan,nan,nan,nan,6.092387676239014,2.048999786376953,0.009310517460107803,2.048999786376953,1.9850775860249996,1.3060894012451172,1584.9933240921682,7.25,0.000961600384,1,2048,,385.05146408081055
adammini-adaptive_stochastic-r8,adammini,adaptive_stochastic,8,1.1B,sdpa,666,298,612352,2.444672107696533,11.526769440146987,nan,nan,nan,nan,6.092387676239014,2.048999786376953,0.009310517460107803,2.048999786376953,1.9850775860249996,1.309746265411377,1584.9169019946985,5.1875,0.000960800392,1,2048,,386.36221194267273
adammini-adaptive_stochastic-r8,adammini,adaptive_stochastic,8,1.1B,sdpa,666,299,614400,2.759544610977173,15.792649511249806,nan,nan,nan,nan,6.092387676239014,2.048999786376953,0.009314332157373428,2.048999786376953,1.985073771327734,15.13472318649292,1530.2617628340718,6.34375,0.0009600003999999999,1,2048,,401.4999361038208
adammini-adaptive_stochastic-r8,adammini,adaptive_stochastic,8,1.1B,sdpa,666,300,616448,2.5702731609344482,13.069394001258201,2.416723287502147,11.209070173751543,2.416723287502147,11.209070173751543,6.092387676239014,2.048999786376953,0.009314332157373428,2.048999786376953,1.985073771327734,1.3618710041046143,1530.1585239778422,45.5,0.0009592004080000001,1,2048,,404.50999760627747
adammini-adaptive_stochastic-r8,adammini,adaptive_stochastic,8,1.1B,sdpa,666,301,618496,2.5542030334472656,12.861045748758773,nan,nan,nan,nan,6.092387676239014,2.048999786376953,0.009314332157373428,2.048999786376953,1.985073771327734,1.3669989109039307,1523.8395688019868,49.0,0.0009584004160000001,1,2048,,405.87999725341797
adammini-adaptive_stochastic-r8,adammini,adaptive_stochastic,8,1.1B,sdpa,666,302,620544,2.468744993209839,11.807618907102988,nan,nan,nan,nan,6.092387676239014,2.048999786376953,0.009314332157373428,2.048999786376953,1.985073771327734,1.367433786392212,1523.7368199231619,92.0,0.000957600424,1,2048,,407.2514307498932
adammini-adaptive_stochastic-r8,adammini,adaptive_stochastic,8,1.1B,sdpa,666,303,622592,2.6018731594085693,13.488981397616556,nan,nan,nan,nan,6.092387676239014,2.048999786376953,0.009314332157373428,2.048999786376953,1.985073771327734,1.3642349243164062,1523.6502756051552,16.625,0.000956800432,1,2048,,408.6187033653259
adammini-adaptive_stochastic-r8,adammini,adaptive_stochastic,8,1.1B,sdpa,666,304,624640,3.040522575378418,20.91617065543899,nan,nan,nan,nan,6.092387676239014,2.048999786376953,0.009314332157373428,2.048999786376953,1.985073771327734,1.3650808334350586,1523.557521823775,25.125,0.00095600044,1,2048,,409.9878022670746
adammini-adaptive_stochastic-r8,adammini,adaptive_stochastic,8,1.1B,sdpa,666,305,626688,2.474787950515747,11.879187870345525,nan,nan,nan,nan,6.092387676239014,2.048999786376953,0.009314332157373428,2.048999786376953,1.985073771327734,1.3692505359649658,1523.4480552857594,9.125,0.0009552004480000001,1,2048,,411.36158061027527
adammini-adaptive_stochastic-r8,adammini,adaptive_stochastic,8,1.1B,sdpa,666,306,628736,2.588765859603882,13.313330940718826,nan,nan,nan,nan,6.092387676239014,2.048999786376953,0.009314332157373428,2.048999786376953,1.985073771327734,1.3657176494598389,1523.3598376252287,7.15625,0.000954400456,1,2048,,412.7297992706299
adammini-adaptive_stochastic-r8,adammini,adaptive_stochastic,8,1.1B,sdpa,666,307,630784,2.2107555866241455,9.122606709203943,nan,nan,nan,nan,6.092387676239014,2.048999786376953,0.009314332157373428,2.048999786376953,1.985073771327734,1.3591597080230713,1523.2902199643981,8.9375,0.000953600464,1,2048,,414.093120098114
adammini-adaptive_stochastic-r8,adammini,adaptive_stochastic,8,1.1B,sdpa,666,308,632832,2.067476511001587,7.9048501253096894,nan,nan,nan,nan,6.092387676239014,2.048999786376953,0.009314332157373428,2.048999786376953,1.985073771327734,1.3680949211120605,1523.1915053398773,6.1875,0.000952800472,1,2048,,415.46450185775757
adammini-adaptive_stochastic-r8,adammini,adaptive_stochastic,8,1.1B,sdpa,666,309,634880,2.5544886589050293,12.864719715502321,nan,nan,nan,nan,6.092387676239014,2.048999786376953,0.009314332157373428,2.048999786376953,1.985073771327734,1.3635022640228271,1523.1075515516432,10.5,0.00095200048,1,2048,,416.83202171325684
adammini-adaptive_stochastic-r8,adammini,adaptive_stochastic,8,1.1B,sdpa,666,310,636928,1.9079540967941284,6.73928675614451,nan,nan,nan,nan,6.092387676239014,2.048999786376953,0.009314332157373428,2.048999786376953,1.985073771327734,1.3643286228179932,1523.0191489801848,11.5625,0.000951200488,1,2048,,418.2009139060974
adammini-adaptive_stochastic-r8,adammini,adaptive_stochastic,8,1.1B,sdpa,666,311,638976,1.9021013975143433,6.699958936612569,nan,nan,nan,nan,6.092387676239014,2.048999786376953,0.009314332157373428,2.048999786376953,1.985073771327734,1.3628122806549072,1522.9440230850996,5.5,0.000950400496,1,2048,,419.5663073062897
adammini-adaptive_stochastic-r8,adammini,adaptive_stochastic,8,1.1B,sdpa,666,312,641024,2.770582675933838,15.96793543136255,nan,nan,nan,nan,6.092387676239014,2.048999786376953,0.009314332157373428,2.048999786376953,1.985073771327734,1.3673481941223145,1522.851045824462,9.125,0.0009496005039999999,1,2048,,420.9367697238922
adammini-adaptive_stochastic-r8,adammini,adaptive_stochastic,8,1.1B,sdpa,666,313,643072,3.0154755115509033,20.39878849427054,nan,nan,nan,nan,6.092387676239014,2.048999786376953,0.009314332157373428,2.048999786376953,1.985073771327734,1.385118007659912,1522.6930124698695,7.34375,0.000948800512,1,2048,,422.32544231414795
adammini-adaptive_stochastic-r8,adammini,adaptive_stochastic,8,1.1B,sdpa,666,314,645120,2.6956732273101807,14.815489588796622,nan,nan,nan,nan,6.092387676239014,2.048999786376953,0.009314332157373428,2.048999786376953,1.985073771327734,1.3537797927856445,1522.6488000223976,6.15625,0.0009480005199999999,1,2048,,423.68272972106934
adammini-adaptive_stochastic-r8,adammini,adaptive_stochastic,8,1.1B,sdpa,666,315,647168,2.1631789207458496,8.698746377570957,nan,nan,nan,nan,6.092387676239014,2.048999786376953,0.009314332157373428,2.048999786376953,1.985073771327734,1.3621747493743896,1522.567645867966,6.375,0.000947200528,1,2048,,425.0514106750488
adammini-adaptive_stochastic-r8,adammini,adaptive_stochastic,8,1.1B,sdpa,666,316,649216,1.8501662015914917,6.360876622571503,nan,nan,nan,nan,6.092387676239014,2.048999786376953,0.009314332157373428,2.048999786376953,1.985073771327734,1.3597979545593262,1522.5080027534455,5.8125,0.000946400536,1,2048,,426.4122085571289
adammini-adaptive_stochastic-r8,adammini,adaptive_stochastic,8,1.1B,sdpa,666,317,651264,2.348341703414917,10.46819594967774,nan,nan,nan,nan,6.092387676239014,2.048999786376953,0.009314332157373428,2.048999786376953,1.985073771327734,1.389652967453003,1522.337127382438,6.75,0.0009456005440000001,1,2048,,427.80537128448486
adammini-adaptive_stochastic-r8,adammini,adaptive_stochastic,8,1.1B,sdpa,666,318,653312,2.693265676498413,14.779863447890927,nan,nan,nan,nan,6.092387676239014,2.048999786376953,0.009314332157373428,2.048999786376953,1.985073771327734,1.3848536014556885,1522.1860188250762,6.3125,0.000944800552,1,2048,,429.19327330589294
adammini-adaptive_stochastic-r8,adammini,adaptive_stochastic,8,1.1B,sdpa,666,319,655360,2.5280539989471436,12.529100754660545,nan,nan,nan,nan,6.092387676239014,2.048999786376953,0.009314332157373428,2.048999786376953,1.985073771327734,1.3791770935058594,1522.0561204715043,5.84375,0.00094400056,1,2048,,430.5754506587982
adammini-adaptive_stochastic-r8,adammini,adaptive_stochastic,8,1.1B,sdpa,666,320,657408,2.651376962661743,14.173541652478123,nan,nan,nan,nan,6.092387676239014,2.048999786376953,0.009314332157373428,2.048999786376953,1.985073771327734,1.3807215690612793,1521.9180089076688,6.53125,0.0009432005680000001,1,2048,,431.9601950645447
adammini-adaptive_stochastic-r8,adammini,adaptive_stochastic,8,1.1B,sdpa,666,321,659456,2.623443126678467,13.783098934262725,nan,nan,nan,nan,6.092387676239014,2.048999786376953,0.009314332157373428,2.048999786376953,1.985073771327734,1.3820686340332031,1521.7793332312458,6.09375,0.0009424005760000001,1,2048,,433.3453514575958
adammini-adaptive_stochastic-r8,adammini,adaptive_stochastic,8,1.1B,sdpa,666,322,661504,2.414642810821533,11.185774206404918,nan,nan,nan,nan,6.092387676239014,2.048999786376953,0.009314332157373428,2.048999786376953,1.985073771327734,1.3678178787231445,1521.686445149319,7.625,0.0009416005840000001,1,2048,,434.71767926216125
adammini-adaptive_stochastic-r8,adammini,adaptive_stochastic,8,1.1B,sdpa,666,323,663552,3.0222599506378174,20.537653359721215,nan,nan,nan,nan,6.092387676239014,2.048999786376953,0.009314332157373428,2.048999786376953,1.985073771327734,1.3633580207824707,1521.617349939462,6.84375,0.000940800592,1,2048,,436.0833556652069
adammini-adaptive_stochastic-r8,adammini,adaptive_stochastic,8,1.1B,sdpa,666,324,665600,2.3610880374908447,10.602481075871601,nan,nan,nan,nan,6.092387676239014,2.048999786376953,0.009314332157373428,2.048999786376953,1.985073771327734,1.3419623374938965,1521.62073198125,6.59375,0.0009400006,1,2048,,437.4283196926117
adammini-adaptive_stochastic-r8,adammini,adaptive_stochastic,8,1.1B,sdpa,666,325,667648,1.8145079612731934,6.138055273403204,nan,nan,nan,nan,6.092387676239014,2.048999786376953,0.009314332157373428,2.048999786376953,1.985073771327734,1.333103895187378,1521.654803397384,11.8125,0.000939200608,1,2048,,438.7644283771515
adammini-adaptive_stochastic-r8,adammini,adaptive_stochastic,8,1.1B,sdpa,666,326,669696,2.344161033630371,10.424523233384217,nan,nan,nan,nan,6.092387676239014,2.048999786376953,0.009314332157373428,2.048999786376953,1.985073771327734,1.294813871383667,1521.810645081641,8.25,0.0009384006160000001,1,2048,,440.0652618408203
adammini-adaptive_stochastic-r8,adammini,adaptive_stochastic,8,1.1B,sdpa,666,327,671744,2.812018871307373,16.64348537858311,nan,nan,nan,nan,6.092387676239014,2.048999786376953,0.009314332157373428,2.048999786376953,1.985073771327734,1.3259496688842773,1521.8748067986362,6.34375,0.000937600624,1,2048,,441.3924174308777
adammini-adaptive_stochastic-r8,adammini,adaptive_stochastic,8,1.1B,sdpa,666,328,673792,2.8997139930725098,18.16894818121753,nan,nan,nan,nan,6.092387676239014,2.048999786376953,0.009314332157373428,2.048999786376953,1.985073771327734,1.343097448348999,1521.8716473993804,7.53125,0.000936800632,1,2048,,442.73904514312744
adammini-adaptive_stochastic-r8,adammini,adaptive_stochastic,8,1.1B,sdpa,666,329,675840,2.0735538005828857,7.95303646147011,nan,nan,nan,nan,6.092387676239014,2.048999786376953,0.009314332157373428,2.048999786376953,1.985073771327734,1.353264331817627,1521.8423243168988,8.375,0.0009360006399999999,1,2048,,444.0933132171631
adammini-adaptive_stochastic-r8,adammini,adaptive_stochastic,8,1.1B,sdpa,666,330,677888,2.5501081943511963,12.808489513910295,nan,nan,nan,nan,6.092387676239014,2.048999786376953,0.009314332157373428,2.048999786376953,1.985073771327734,1.359062910079956,1521.788230202957,7.625,0.0009352006480000001,1,2048,,445.4548842906952
adammini-adaptive_stochastic-r8,adammini,adaptive_stochastic,8,1.1B,sdpa,666,331,679936,2.335921049118042,10.338978252075805,nan,nan,nan,nan,6.092387676239014,2.048999786376953,0.009314332157373428,2.048999786376953,1.985073771327734,1.3600616455078125,1521.7308313166222,6.25,0.000934400656,1,2048,,446.81752252578735
adammini-adaptive_stochastic-r8,adammini,adaptive_stochastic,8,1.1B,sdpa,666,332,681984,2.3127570152282715,10.102238320935838,nan,nan,nan,nan,6.092387676239014,2.048999786376953,0.009314332157373428,2.048999786376953,1.985073771327734,1.358699083328247,1521.6751065879696,6.6875,0.000933600664,1,2048,,448.1797704696655
adammini-adaptive_stochastic-r8,adammini,adaptive_stochastic,8,1.1B,sdpa,666,333,684032,2.7746524810791016,16.033054237684947,nan,nan,nan,nan,6.092387676239014,2.048999786376953,0.009314332157373428,2.048999786376953,1.985073771327734,1.3690719604492188,1521.5810747369608,5.84375,0.0009328006719999999,1,2048,,449.553950548172
adammini-adaptive_stochastic-r8,adammini,adaptive_stochastic,8,1.1B,sdpa,666,334,686080,2.949467182159424,19.095776446783358,nan,nan,nan,nan,6.092395305633545,2.048999786376953,0.009314332157373428,2.048999786376953,1.9850814007222652,1.360051155090332,1521.5228839461013,6.4375,0.00093200068,1,2048,,450.9166488647461
adammini-adaptive_stochastic-r8,adammini,adaptive_stochastic,8,1.1B,sdpa,666,335,688128,2.489013910293579,12.04938848231811,nan,nan,nan,nan,6.092395305633545,2.048999786376953,0.009314332157373428,2.048999786376953,1.9850814007222652,1.3688180446624756,1521.4357685204934,7.15625,0.000931200688,1,2048,,452.28856468200684
adammini-adaptive_stochastic-r8,adammini,adaptive_stochastic,8,1.1B,sdpa,666,336,690176,2.1205334663391113,8.335583054778654,nan,nan,nan,nan,6.092395305633545,2.048999786376953,0.009314332157373428,2.048999786376953,1.9850814007222652,1.3739001750946045,1521.326920429301,7.0625,0.000930400696,1,2048,,453.66711831092834
adammini-adaptive_stochastic-r8,adammini,adaptive_stochastic,8,1.1B,sdpa,666,337,692224,2.419665575027466,11.242099047488049,nan,nan,nan,nan,6.092395305633545,2.048999786376953,0.009314332157373428,2.048999786376953,1.9850814007222652,1.3754026889801025,1521.2127070901429,6.46875,0.0009296007039999999,1,2048,,455.0474741458893
adammini-adaptive_stochastic-r8,adammini,adaptive_stochastic,8,1.1B,sdpa,666,338,694272,2.117192268371582,8.307778697415408,nan,nan,nan,nan,6.092395305633545,2.048999786376953,0.009314332157373428,2.048999786376953,1.9850814007222652,1.3676021099090576,1521.1282818366913,6.09375,0.0009288007119999999,1,2048,,456.4190990924835
adammini-adaptive_stochastic-r8,adammini,adaptive_stochastic,8,1.1B,sdpa,666,339,696320,2.2837631702423096,9.813541035219489,nan,nan,nan,nan,6.092395305633545,2.048999786376953,0.009314332157373428,2.048999786376953,1.9850814007222652,1.3688273429870605,1520.99323162076,6.53125,0.0009280007200000001,1,2048,,457.8061134815216
adammini-adaptive_stochastic-r8,adammini,adaptive_stochastic,8,1.1B,sdpa,666,340,698368,2.7737843990325928,16.019142270388667,nan,nan,nan,nan,6.092395305633545,2.048999786376953,0.009314332157373428,2.048999786376953,1.9850814007222652,1.390960454940796,1520.842612231589,6.1875,0.000927200728,1,2048,,459.19807505607605
adammini-adaptive_stochastic-r8,adammini,adaptive_stochastic,8,1.1B,sdpa,666,341,700416,3.0212182998657227,20.51627143542437,nan,nan,nan,nan,6.092395305633545,2.048999786376953,0.009314332157373428,2.048999786376953,1.9850814007222652,1.3731822967529297,1520.7516053470895,8.875,0.000926400736,1,2048,,460.5722575187683
adammini-adaptive_stochastic-r8,adammini,adaptive_stochastic,8,1.1B,sdpa,666,342,702464,2.7754554748535156,16.045933850855185,nan,nan,nan,nan,6.092395305633545,2.048999786376953,0.009314332157373428,2.048999786376953,1.9850814007222652,1.3587672710418701,1520.708592010181,8.1875,0.0009256007439999999,1,2048,,461.93202543258667
adammini-adaptive_stochastic-r8,adammini,adaptive_stochastic,8,1.1B,sdpa,666,343,704512,2.471949577331543,11.845518108323681,nan,nan,nan,nan,6.092395305633545,2.048999786376953,0.009314332157373428,2.048999786376953,1.9850814007222652,1.360973596572876,1520.655218118279,5.6875,0.0009248007520000001,1,2048,,463.2950267791748
adammini-adaptive_stochastic-r8,adammini,adaptive_stochastic,8,1.1B,sdpa,666,344,706560,2.5299558639526367,12.552952086753685,nan,nan,nan,nan,6.092395305633545,2.048999786376953,0.009314332157373428,2.048999786376953,1.9850814007222652,1.3776965141296387,1520.550791913531,7.09375,0.0009240007600000001,1,2048,,464.67372465133667
adammini-adaptive_stochastic-r8,adammini,adaptive_stochastic,8,1.1B,sdpa,666,345,708608,2.793564558029175,16.339157998575118,nan,nan,nan,nan,6.092395305633545,2.048999786376953,0.009314332157373428,2.048999786376953,1.9850814007222652,1.357323169708252,1520.5134570108132,6.5625,0.0009232007680000001,1,2048,,466.0320477485657
adammini-adaptive_stochastic-r8,adammini,adaptive_stochastic,8,1.1B,sdpa,666,346,710656,2.445772171020508,11.53945659350862,nan,nan,nan,nan,6.092395305633545,2.048999786376953,0.009314332157373428,2.048999786376953,1.9850814007222652,1.359489917755127,1520.4627847789543,6.09375,0.000922400776,1,2048,,467.39453744888306
adammini-adaptive_stochastic-r8,adammini,adaptive_stochastic,8,1.1B,sdpa,666,347,712704,1.9559788703918457,7.070837070266985,nan,nan,nan,nan,6.092395305633545,2.048999786376953,0.009314332157373428,2.048999786376953,1.9850814007222652,1.3639678955078125,1520.4009653041921,5.59375,0.0009216007840000001,1,2048,,468.7605547904968
adammini-adaptive_stochastic-r8,adammini,adaptive_stochastic,8,1.1B,sdpa,666,348,714752,2.143127918243408,8.526064796996947,nan,nan,nan,nan,6.092395305633545,2.048999786376953,0.009314332157373428,2.048999786376953,1.9850814007222652,1.3636627197265625,1520.3340054106607,6.4375,0.000920800792,1,2048,,470.1282727718353
adammini-adaptive_stochastic-r8,adammini,adaptive_stochastic,8,1.1B,sdpa,666,349,716800,1.997618317604065,7.371478654351284,nan,nan,nan,nan,6.092395305633545,2.048999786376953,0.009314332157373428,2.048999786376953,1.9850814007222652,1.3640785217285156,1520.2676123411027,5.75,0.0009200008000000001,1,2048,,471.4959354400635
adammini-adaptive_stochastic-r8,adammini,adaptive_stochastic,8,1.1B,sdpa,666,350,718848,2.387106418609619,10.881960504352,nan,nan,nan,nan,6.092395305633545,2.048999786376953,0.009314332157373428,2.048999786376953,1.9850814007222652,1.3700587749481201,1520.1826061593044,7.03125,0.000919200808,1,2048,,472.86950731277466
adammini-adaptive_stochastic-r8,adammini,adaptive_stochastic,8,1.1B,sdpa,666,351,720896,2.4068984985351562,11.099482643464265,nan,nan,nan,nan,6.092395305633545,2.048999786376953,0.009314332157373428,2.048999786376953,1.9850814007222652,1.3608109951019287,1520.124535924191,6.9375,0.000918400816,1,2048,,474.23482942581177
adammini-adaptive_stochastic-r8,adammini,adaptive_stochastic,8,1.1B,sdpa,666,352,722944,2.621378183364868,13.754666981565856,nan,nan,nan,nan,6.092395305633545,2.048999786376953,0.009314332157373428,2.048999786376953,1.9850814007222652,1.3677453994750977,1520.0279520484407,7.0625,0.000917600824,1,2048,,475.61230635643005
adammini-adaptive_stochastic-r8,adammini,adaptive_stochastic,8,1.1B,sdpa,666,353,724992,3.161900520324707,23.61543492090799,nan,nan,nan,nan,6.092395305633545,2.048999786376953,0.009314332157373428,2.048999786376953,1.9850814007222652,1.3660941123962402,1519.9650210181428,5.96875,0.0009168008320000001,1,2048,,476.9793975353241
adammini-adaptive_stochastic-r8,adammini,adaptive_stochastic,8,1.1B,sdpa,666,354,727040,3.098996639251709,22.175689898399938,nan,nan,nan,nan,6.092395305633545,2.048999786376953,0.009314332157373428,2.048999786376953,1.9850814007222652,1.3677096366882324,1519.896680191168,6.125,0.00091600084,1,2048,,478.3483045101166
adammini-adaptive_stochastic-r8,adammini,adaptive_stochastic,8,1.1B,sdpa,666,355,729088,2.9427921772003174,18.96873651209577,nan,nan,nan,nan,6.092395305633545,2.048999786376953,0.009314332157373428,2.048999786376953,1.9850814007222652,1.3859601020812988,1519.7697364193266,5.90625,0.000915200848,1,2048,,479.7358326911926
adammini-adaptive_stochastic-r8,adammini,adaptive_stochastic,8,1.1B,sdpa,666,356,731136,2.4431283473968506,11.508988599311051,nan,nan,nan,nan,6.092395305633545,2.048999786376953,0.009314332157373428,2.048999786376953,1.9850814007222652,1.3649654388427734,1519.7016167959735,6.0,0.000914400856,1,2048,,481.1059694290161
adammini-adaptive_stochastic-r8,adammini,adaptive_stochastic,8,1.1B,sdpa,666,357,733184,2.034928321838379,7.651703645771268,nan,nan,nan,nan,6.092395305633545,2.048999786376953,0.009314332157373428,2.048999786376953,1.9850814007222652,1.3836250305175781,1519.5740542700328,7.34375,0.000913600864,1,2048,,482.4936182498932
adammini-adaptive_stochastic-r8,adammini,adaptive_stochastic,8,1.1B,sdpa,666,358,735232,2.4788331985473633,11.927339458591199,nan,nan,nan,nan,6.092395305633545,2.048999786376953,0.009314332157373428,2.048999786376953,1.9850814007222652,1.3733415603637695,1519.480714357077,6.21875,0.0009128008720000001,1,2048,,483.87157011032104
adammini-adaptive_stochastic-r8,adammini,adaptive_stochastic,8,1.1B,sdpa,666,359,737280,2.5698866844177246,13.064343963312302,nan,nan,nan,nan,6.092395305633545,2.048999786376953,0.009314332157373428,2.048999786376953,1.9850814007222652,1.172572374343872,1520.016209736725,7.25,0.00091200088,1,2048,,485.0474588871002
adammini-adaptive_stochastic-r8,adammini,adaptive_stochastic,8,1.1B,sdpa,666,360,739328,2.503176212310791,12.221249663586232,nan,nan,nan,nan,6.092395305633545,2.048999786376953,0.009314332157373428,2.048999786376953,1.9850814007222652,1.159834623336792,1520.5793257369655,5.40625,0.000911200888,1,2048,,486.2146863937378
adammini-adaptive_stochastic-r8,adammini,adaptive_stochastic,8,1.1B,sdpa,666,361,741376,2.4574756622314453,11.675301903951356,nan,nan,nan,nan,6.092395305633545,2.048999786376953,0.009314332157373428,2.048999786376953,1.9850814007222652,1.1898841857910156,1521.0657615643881,6.03125,0.000910400896,1,2048,,487.40561962127686
adammini-adaptive_stochastic-r8,adammini,adaptive_stochastic,8,1.1B,sdpa,666,362,743424,2.619511842727661,13.72902002804721,nan,nan,nan,nan,6.092395305633545,2.048999786376953,0.009314332157373428,2.048999786376953,1.9850814007222652,1.1998801231384277,1521.5126317082804,6.0625,0.000909600904,1,2048,,488.60849690437317
adammini-adaptive_stochastic-r8,adammini,adaptive_stochastic,8,1.1B,sdpa,666,363,745472,2.6628775596618652,14.337486769452523,nan,nan,nan,nan,6.092395305633545,2.048999786376953,0.009314332157373428,2.048999786376953,1.9850814007222652,1.1575970649719238,1522.084006215037,7.125,0.000908800912,1,2048,,489.77060198783875
adammini-adaptive_stochastic-r8,adammini,adaptive_stochastic,8,1.1B,sdpa,666,364,747520,2.8656342029571533,17.56018639600248,nan,nan,nan,nan,6.092395305633545,2.048999786376953,0.009314332157373428,2.048999786376953,1.9850814007222652,1.1793146133422852,1522.5961965206407,6.53125,0.00090800092,1,2048,,490.9509177207947
adammini-adaptive_stochastic-r8,adammini,adaptive_stochastic,8,1.1B,sdpa,666,365,749568,2.699033498764038,14.865357393293532,nan,nan,nan,nan,6.092395305633545,2.048999786376953,0.009314332157373428,2.048999786376953,1.9850814007222652,1.1791110038757324,1523.0972672439113,7.875,0.000907200928,1,2048,,492.13403248786926
adammini-adaptive_stochastic-r8,adammini,adaptive_stochastic,8,1.1B,sdpa,666,366,751616,2.4874837398529053,12.030964963391078,nan,nan,nan,nan,6.092395305633545,2.048999786376953,0.009314332157373428,2.048999786376953,1.9850814007222652,1.165764570236206,1523.6402507903313,7.21875,0.000906400936,1,2048,,493.30279874801636
adammini-adaptive_stochastic-r8,adammini,adaptive_stochastic,8,1.1B,sdpa,666,367,753664,2.7256839275360107,15.266851777404352,nan,nan,nan,nan,6.092395305633545,2.048999786376953,0.009314332157373428,2.048999786376953,1.9850814007222652,1.1959905624389648,1524.086072556213,6.03125,0.0009056009439999999,1,2048,,494.5022552013397
adammini-adaptive_stochastic-r8,adammini,adaptive_stochastic,8,1.1B,sdpa,666,368,755712,2.568962574005127,13.052276643648696,nan,nan,nan,nan,6.092395305633545,2.048999786376953,0.009314332157373428,2.048999786376953,1.9850814007222652,1.1684820652008057,1524.6120242869888,7.0625,0.000904800952,1,2048,,495.6749572753906
adammini-adaptive_stochastic-r8,adammini,adaptive_stochastic,8,1.1B,sdpa,666,369,757760,2.6272776126861572,13.836051492308863,nan,nan,nan,nan,6.092395305633545,2.048999786376953,0.009314332157373428,2.048999786376953,1.9850814007222652,1.226210594177246,1524.9589857447281,7.84375,0.0009040009600000001,1,2048,,496.9051673412323
adammini-adaptive_stochastic-r8,adammini,adaptive_stochastic,8,1.1B,sdpa,666,370,759808,2.1844382286071777,8.885655443974773,nan,nan,nan,nan,6.092395305633545,2.048999786376953,0.009314332157373428,2.048999786376953,1.9850814007222652,1.2840816974639893,1525.1270518729584,8.375,0.0009032009680000001,1,2048,,498.19324827194214
adammini-adaptive_stochastic-r8,adammini,adaptive_stochastic,8,1.1B,sdpa,666,371,761856,2.8351025581359863,17.032146996073497,nan,nan,nan,nan,6.092395305633545,2.048999786376953,0.009314332157373428,2.048999786376953,1.9850814007222652,1.3576750755310059,1525.0725955837572,6.3125,0.000902400976,1,2048,,499.5539243221283
adammini-adaptive_stochastic-r8,adammini,adaptive_stochastic,8,1.1B,sdpa,666,372,763904,2.4028310775756836,11.054428065203805,nan,nan,nan,nan,6.092395305633545,2.048999786376953,0.009314332157373428,2.048999786376953,1.9850814007222652,1.3627827167510986,1525.0007295011317,6.03125,0.000901600984,1,2048,,500.9204161167145
adammini-adaptive_stochastic-r8,adammini,adaptive_stochastic,8,1.1B,sdpa,666,373,765952,2.5480175018310547,12.781738874114426,nan,nan,nan,nan,6.092395305633545,2.048999786376953,0.009314332157373428,2.048999786376953,1.9850814007222652,1.3615484237670898,1524.935146464995,7.8125,0.0009008009920000002,1,2048,,502.2849671840668
adammini-adaptive_stochastic-r8,adammini,adaptive_stochastic,8,1.1B,sdpa,666,374,768000,2.243227243423462,9.423694822971488,nan,nan,nan,nan,6.092395305633545,2.048999786376953,0.009314332157373428,2.048999786376953,1.9850814007222652,1.3528034687042236,1524.8933654364685,6.375,0.0009000010000000001,1,2048,,503.64177417755127
adammini-adaptive_stochastic-r8,adammini,adaptive_stochastic,8,1.1B,sdpa,666,375,770048,2.578622817993164,13.178975807745882,nan,nan,nan,nan,6.092395305633545,2.048999786376953,0.009314332157373428,2.048999786376953,1.9850814007222652,1.3692259788513184,1524.8048615015086,7.0,0.000899201008,1,2048,,505.01464796066284
adammini-adaptive_stochastic-r8,adammini,adaptive_stochastic,8,1.1B,sdpa,666,376,772096,2.60162615776062,13.485650008428436,nan,nan,nan,nan,6.092395305633545,2.048999786376953,0.009314332157373428,2.048999786376953,1.9850814007222652,1.3712871074676514,1524.7090656289681,5.21875,0.000898401016,1,2048,,506.38906621932983
adammini-adaptive_stochastic-r8,adammini,adaptive_stochastic,8,1.1B,sdpa,666,377,774144,2.149364709854126,8.579406253264464,nan,nan,nan,nan,6.092395305633545,2.048999786376953,0.009314332157373428,2.048999786376953,1.9850814007222652,1.3656127452850342,1524.622626814489,6.90625,0.0008976010239999999,1,2048,,507.7610592842102
adammini-adaptive_stochastic-r8,adammini,adaptive_stochastic,8,1.1B,sdpa,666,378,776192,1.44432532787323,4.238991248605106,nan,nan,nan,nan,6.092395305633545,2.048999786376953,0.009314332157373428,2.048999786376953,1.9850814007222652,1.369157075881958,1524.5421388950876,4.9375,0.0008968010320000001,1,2048,,509.13122057914734
adammini-adaptive_stochastic-r8,adammini,adaptive_stochastic,8,1.1B,sdpa,666,379,778240,1.419798493385315,4.136286867105006,nan,nan,nan,nan,6.092395305633545,2.048999786376953,0.009314332157373428,2.048999786376953,1.9850814007222652,1.364670991897583,1524.4693266127472,5.125,0.0008960010400000001,1,2048,,510.4989562034607
adammini-adaptive_stochastic-r8,adammini,adaptive_stochastic,8,1.1B,sdpa,666,380,780288,2.0854485034942627,8.048200318314569,nan,nan,nan,nan,6.092395305633545,2.048999786376953,0.009314332157373428,2.048999786376953,1.9850814007222652,1.3633699417114258,1524.397932292184,6.875,0.000895201048,1,2048,,511.86634635925293
adammini-adaptive_stochastic-r8,adammini,adaptive_stochastic,8,1.1B,sdpa,666,381,782336,2.5561203956604004,12.885728687403997,nan,nan,nan,nan,6.092395305633545,2.048999786376953,0.009314332157373428,2.048999786376953,1.9850814007222652,1.3672351837158203,1524.311355633482,6.0,0.000894401056,1,2048,,513.2389764785767
adammini-adaptive_stochastic-r8,adammini,adaptive_stochastic,8,1.1B,sdpa,666,382,784384,2.279482841491699,9.771625623247706,nan,nan,nan,nan,6.092395305633545,2.048999786376953,0.009314332157373428,2.048999786376953,1.9850814007222652,1.3640518188476562,1524.243160119913,5.8125,0.000893601064,1,2048,,514.6055567264557
adammini-adaptive_stochastic-r8,adammini,adaptive_stochastic,8,1.1B,sdpa,666,383,786432,2.440589189529419,11.479802530062605,nan,nan,nan,nan,6.092395305633545,2.048999786376953,0.009314332157373428,2.048999786376953,1.9850814007222652,1.3632221221923828,1524.1704106524542,6.53125,0.0008928010720000001,1,2048,,515.9738008975983
adammini-adaptive_stochastic-r8,adammini,adaptive_stochastic,8,1.1B,sdpa,666,384,788480,2.292357921600342,9.898249482933373,nan,nan,nan,nan,6.092395305633545,2.048999786376953,0.009314332157373428,2.048999786376953,1.9850814007222652,1.361663818359375,1524.1113499847218,7.28125,0.00089200108,1,2048,,517.3375291824341
adammini-adaptive_stochastic-r8,adammini,adaptive_stochastic,8,1.1B,sdpa,666,385,790528,2.286761522293091,9.843009642660464,nan,nan,nan,nan,6.092395305633545,2.048999786376953,0.009314332157373428,2.048999786376953,1.9850814007222652,1.368678331375122,1524.0144916425618,5.625,0.000891201088,1,2048,,518.7142276763916
adammini-adaptive_stochastic-r8,adammini,adaptive_stochastic,8,1.1B,sdpa,666,386,792576,2.316592216491699,10.14105682892215,nan,nan,nan,nan,6.092395305633545,2.048999786376953,0.009314332157373428,2.048999786376953,1.9850814007222652,1.342205286026001,1524.019215719307,5.59375,0.0008904010959999999,1,2048,,520.0574340820312
adammini-adaptive_stochastic-r8,adammini,adaptive_stochastic,8,1.1B,sdpa,666,387,794624,2.495392322540283,12.12649008086838,nan,nan,nan,nan,6.092395305633545,2.048999786376953,0.009314332157373428,2.048999786376953,1.9850814007222652,1.2016479969024658,1524.4275502295022,5.84375,0.000889601104,1,2048,,521.2605872154236
adammini-adaptive_stochastic-r8,adammini,adaptive_stochastic,8,1.1B,sdpa,666,388,796672,2.5019466876983643,12.20623257016504,nan,nan,nan,nan,6.092395305633545,2.048999786376953,0.009314332157373428,2.048999786376953,1.9850814007222652,1.1982181072235107,1524.8418306923195,6.03125,0.000888801112,1,2048,,522.462057352066
adammini-adaptive_stochastic-r8,adammini,adaptive_stochastic,8,1.1B,sdpa,666,389,798720,2.0090746879577637,7.4564146439724635,nan,nan,nan,nan,6.092395305633545,2.048999786376953,0.009314332157373428,2.048999786376953,1.9850814007222652,1.1564626693725586,1525.3753419731806,6.90625,0.00088800112,1,2048,,523.6219427585602
adammini-adaptive_stochastic-r8,adammini,adaptive_stochastic,8,1.1B,sdpa,666,390,800768,2.5540294647216797,12.858813667153843,nan,nan,nan,nan,6.092395305633545,2.048999786376953,0.009314332157373428,2.048999786376953,1.9850814007222652,1.145531177520752,1525.9322169450102,5.5625,0.0008872011279999999,1,2048,,524.7729821205139
adammini-adaptive_stochastic-r8,adammini,adaptive_stochastic,8,1.1B,sdpa,666,391,802816,2.8210561275482178,16.79457852609671,nan,nan,nan,nan,6.092395305633545,2.048999786376953,0.009314332157373428,2.048999786376953,1.9850814007222652,1.1412584781646729,1526.5063207421033,5.90625,0.000886401136,1,2048,,525.9172458648682
adammini-adaptive_stochastic-r8,adammini,adaptive_stochastic,8,1.1B,sdpa,666,392,804864,2.677347421646118,14.546456459387478,nan,nan,nan,nan,6.092395305633545,2.048999786376953,0.009314332157373428,2.048999786376953,1.9850814007222652,1.1333186626434326,1527.0992177551148,6.03125,0.0008856011439999999,1,2048,,527.054162979126
adammini-adaptive_stochastic-r8,adammini,adaptive_stochastic,8,1.1B,sdpa,666,393,806912,2.421119213104248,11.258452874119259,nan,nan,nan,nan,6.092395305633545,2.048999786376953,0.009314332157373428,2.048999786376953,1.9850814007222652,1.1336069107055664,1527.6845195023955,7.09375,0.000884801152,1,2048,,528.1928236484528
adammini-adaptive_stochastic-r8,adammini,adaptive_stochastic,8,1.1B,sdpa,666,394,808960,2.4192519187927246,11.237449644818975,nan,nan,nan,nan,6.092395305633545,2.048999786376953,0.009314332157373428,2.048999786376953,1.9850814007222652,1.1327097415924072,1528.2697715703289,6.09375,0.0008840011599999999,1,2048,,529.3306293487549
adammini-adaptive_stochastic-r8,adammini,adaptive_stochastic,8,1.1B,sdpa,666,395,811008,2.8196375370025635,16.770770786491056,nan,nan,nan,nan,6.092395305633545,2.048999786376953,0.009314332157373428,2.048999786376953,1.9850814007222652,1.134939193725586,1528.84940301939,5.78125,0.000883201168,1,2048,,530.469514131546
adammini-adaptive_stochastic-r8,adammini,adaptive_stochastic,8,1.1B,sdpa,666,396,813056,2.1086199283599854,8.236865971928426,nan,nan,nan,nan,6.092395305633545,2.048999786376953,0.009314332157373428,2.048999786376953,1.9850814007222652,1.1353626251220703,1529.4249829118287,5.59375,0.000882401176,1,2048,,531.608943939209
adammini-adaptive_stochastic-r8,adammini,adaptive_stochastic,8,1.1B,sdpa,666,397,815104,2.3542428016662598,10.530152428332793,nan,nan,nan,nan,6.092395305633545,2.048999786376953,0.009314332157373428,2.048999786376953,1.9850814007222652,1.1362342834472656,1529.9955734574005,5.65625,0.000881601184,1,2048,,532.7492537498474
adammini-adaptive_stochastic-r8,adammini,adaptive_stochastic,8,1.1B,sdpa,666,398,817152,2.1290273666381836,8.406686210251813,nan,nan,nan,nan,6.092395305633545,2.048999786376953,0.009314332157373428,2.048999786376953,1.9850814007222652,1.2066328525543213,1530.3620844089214,5.21875,0.0008808011920000001,1,2048,,533.9599094390869
adammini-adaptive_stochastic-r8,adammini,adaptive_stochastic,8,1.1B,sdpa,666,399,819200,2.562202215194702,12.96433615978154,nan,nan,nan,nan,6.092395305633545,2.048999786376953,0.009314332157373428,2.048999786376953,1.9850814007222652,1.2050819396972656,1530.7310655986394,5.78125,0.0008800012,1,2048,,535.1691217422485
adammini-adaptive_stochastic-r8,adammini,adaptive_stochastic,8,1.1B,sdpa,666,400,821248,2.5495505332946777,12.80134870937492,2.2642895302893833,9.624284408964414,2.2642895302893833,9.624284408964414,6.092395305633545,2.048999786376953,0.009314332157373428,2.048999786376953,1.9850814007222652,1.2019069194793701,1531.1076498039995,7.3125,0.0008792012080000001,1,2048,,537.8129909038544
adammini-adaptive_stochastic-r8,adammini,adaptive_stochastic,8,1.1B,sdpa,666,401,823296,2.874173879623413,17.710786834324303,nan,nan,nan,nan,6.092395305633545,2.048999786376953,0.009314332157373428,2.048999786376953,1.9850814007222652,1.1975436210632324,1527.4067753126367,5.875,0.000878401216,1,2048,,539.015547990799
adammini-adaptive_stochastic-r8,adammini,adaptive_stochastic,8,1.1B,sdpa,666,402,825344,2.782089948654175,16.152744101719424,nan,nan,nan,nan,6.092395305633545,2.048999786376953,0.009314332157373428,2.048999786376953,1.9850814007222652,1.201472520828247,1527.789120038645,6.0625,0.0008776012240000001,1,2048,,540.2211530208588
adammini-adaptive_stochastic-r8,adammini,adaptive_stochastic,8,1.1B,sdpa,666,403,827392,2.6219043731689453,13.761906451590654,nan,nan,nan,nan,6.092395305633545,2.048999786376953,0.009314332157373428,2.048999786376953,1.9850814007222652,1.2004806995391846,1528.1723790582887,6.40625,0.000876801232,1,2048,,541.4258308410645
adammini-adaptive_stochastic-r8,adammini,adaptive_stochastic,8,1.1B,sdpa,666,404,829440,2.3301546573638916,10.279531215312046,nan,nan,nan,nan,6.092395305633545,2.048999786376953,0.009314332157373428,2.048999786376953,1.9850814007222652,1.2026891708374023,1528.551037694142,7.6875,0.0008760012400000001,1,2048,,542.6315376758575
adammini-adaptive_stochastic-r8,adammini,adaptive_stochastic,8,1.1B,sdpa,666,405,831488,2.253495454788208,9.520957817156834,nan,nan,nan,nan,6.092395305633545,2.048999786376953,0.009314332157373428,2.048999786376953,1.9850814007222652,1.1998443603515625,1528.9284208406782,6.21875,0.000875201248,1,2048,,543.837100982666
adammini-adaptive_stochastic-r8,adammini,adaptive_stochastic,8,1.1B,sdpa,666,406,833536,2.2945168018341064,9.91964170140108,nan,nan,nan,nan,6.092395305633545,2.048999786376953,0.009314332157373428,2.048999786376953,1.9850814007222652,1.204902172088623,1529.2975619887554,5.21875,0.0008744012560000001,1,2048,,545.0450067520142
adammini-adaptive_stochastic-r8,adammini,adaptive_stochastic,8,1.1B,sdpa,666,407,835584,1.9237502813339233,6.846587009597816,nan,nan,nan,nan,6.092395305633545,2.048999786376953,0.009314332157373428,2.048999786376953,1.9850814007222652,1.203289270401001,1529.663731318988,5.125,0.0008736012639999999,1,2048,,546.253390789032
adammini-adaptive_stochastic-r8,adammini,adaptive_stochastic,8,1.1B,sdpa,666,408,837632,2.4615323543548584,11.722761208030628,nan,nan,nan,nan,6.092395305633545,2.048999786376953,0.009314332157373428,2.048999786376953,1.9850814007222652,1.202789068222046,1530.037060405759,6.6875,0.0008728012720000001,1,2048,,547.4586346149445
adammini-adaptive_stochastic-r8,adammini,adaptive_stochastic,8,1.1B,sdpa,666,409,839680,2.3025460243225098,9.999609320916347,nan,nan,nan,nan,6.092395305633545,2.048999786376953,0.009314332157373428,2.048999786376953,1.9850814007222652,1.2010233402252197,1530.4002316614005,6.03125,0.00087200128,1,2048,,548.6669321060181
adammini-adaptive_stochastic-r8,adammini,adaptive_stochastic,8,1.1B,sdpa,666,410,841728,1.9293582439422607,6.88509027507074,nan,nan,nan,nan,6.092395305633545,2.048999786376953,0.009314332157373428,2.048999786376953,1.9850814007222652,1.2059483528137207,1530.7655628388547,6.1875,0.000871201288,1,2048,,549.8738803863525
adammini-adaptive_stochastic-r8,adammini,adaptive_stochastic,8,1.1B,sdpa,666,411,843776,2.148676633834839,8.57350500005011,nan,nan,nan,nan,6.092395305633545,2.048999786376953,0.009314332157373428,2.048999786376953,1.9850814007222652,1.1834664344787598,1531.183352189234,5.53125,0.000870401296,1,2048,,551.061372756958
adammini-adaptive_stochastic-r8,adammini,adaptive_stochastic,8,1.1B,sdpa,666,412,845824,2.1158182621002197,8.2963715958932,nan,nan,nan,nan,6.092395305633545,2.048999786376953,0.009314332157373428,2.048999786376953,1.9850814007222652,1.1344497203826904,1531.7349049886338,5.5625,0.000869601304,1,2048,,552.2009899616241
adammini-adaptive_stochastic-r8,adammini,adaptive_stochastic,8,1.1B,sdpa,666,413,847872,3.205904483795166,24.677810604944714,nan,nan,nan,nan,6.092395305633545,2.048999786376953,0.009314332157373428,2.048999786376953,1.9850814007222652,1.1366016864776611,1532.2828205882645,6.8125,0.000868801312,1,2048,,553.3391020298004
adammini-adaptive_stochastic-r8,adammini,adaptive_stochastic,8,1.1B,sdpa,666,414,849920,2.4932267665863037,12.10025790195011,nan,nan,nan,nan,6.092395305633545,2.048999786376953,0.009314332157373428,2.048999786376953,1.9850814007222652,1.1332669258117676,1532.8321824708194,5.71875,0.00086800132,1,2048,,554.4768760204315
adammini-adaptive_stochastic-r8,adammini,adaptive_stochastic,8,1.1B,sdpa,666,415,851968,2.238905906677246,9.383059726450547,nan,nan,nan,nan,6.092395305633545,2.048999786376953,0.009314332157373428,2.048999786376953,1.9850814007222652,1.1345880031585693,1533.380973593511,8.3125,0.0008672013279999999,1,2048,,555.6140415668488
adammini-adaptive_stochastic-r8,adammini,adaptive_stochastic,8,1.1B,sdpa,666,416,854016,2.2521657943725586,9.508306589210742,nan,nan,nan,nan,6.092395305633545,2.048999786376953,0.009314332157373428,2.048999786376953,1.9850814007222652,1.1310374736785889,1533.9333395661283,5.90625,0.000866401336,1,2048,,556.749095916748
adammini-adaptive_stochastic-r8,adammini,adaptive_stochastic,8,1.1B,sdpa,666,417,856064,2.456970453262329,11.66940492644073,nan,nan,nan,nan,6.092395305633545,2.048999786376953,0.009314332157373428,2.048999786376953,1.9850814007222652,1.1338624954223633,1534.4798353631484,6.9375,0.0008656013440000001,1,2048,,557.8854672908783
adammini-adaptive_stochastic-r8,adammini,adaptive_stochastic,8,1.1B,sdpa,666,418,858112,2.33478045463562,10.327192393248122,nan,nan,nan,nan,6.092395305633545,2.048999786376953,0.009314332157373428,2.048999786376953,1.9850814007222652,1.13505220413208,1535.0112090577372,7.4375,0.000864801352,1,2048,,559.0265367031097
adammini-adaptive_stochastic-r8,adammini,adaptive_stochastic,8,1.1B,sdpa,666,419,860160,2.357797384262085,10.567649328318693,nan,nan,nan,nan,6.092395305633545,2.048999786376953,0.009314332157373428,2.048999786376953,1.9850814007222652,1.127671241760254,1535.567530550943,6.25,0.00086400136,1,2048,,560.1577155590057
adammini-adaptive_stochastic-r8,adammini,adaptive_stochastic,8,1.1B,sdpa,666,420,862208,2.1323766708374023,8.43488996478865,nan,nan,nan,nan,6.092395305633545,2.048999786376953,0.009314332157373428,2.048999786376953,1.9850814007222652,1.131199836730957,1536.106254624221,5.75,0.0008632013679999999,1,2048,,561.2945051193237
adammini-adaptive_stochastic-r8,adammini,adaptive_stochastic,8,1.1B,sdpa,666,421,864256,2.343709707260132,10.419819432706309,nan,nan,nan,nan,6.092395305633545,2.048999786376953,0.009314332157373428,2.048999786376953,1.9850814007222652,1.132674217224121,1536.6469985451067,5.625,0.0008624013760000001,1,2048,,562.429758310318
adammini-adaptive_stochastic-r8,adammini,adaptive_stochastic,8,1.1B,sdpa,666,422,866304,2.174715995788574,8.799685619494603,nan,nan,nan,nan,6.092395305633545,2.048999786376953,0.009314332157373428,2.048999786376953,1.9850814007222652,1.1306321620941162,1537.1833326815274,5.875,0.0008616013840000001,1,2048,,563.5658295154572
adammini-adaptive_stochastic-r8,adammini,adaptive_stochastic,8,1.1B,sdpa,666,423,868352,2.436037540435791,11.427669233523561,nan,nan,nan,nan,6.092395305633545,2.048999786376953,0.009314332157373428,2.048999786376953,1.9850814007222652,1.1346538066864014,1537.7132005499104,5.90625,0.0008608013920000001,1,2048,,564.7049860954285
adammini-adaptive_stochastic-r8,adammini,adaptive_stochastic,8,1.1B,sdpa,666,424,870400,2.427971601486206,11.335865092175728,nan,nan,nan,nan,6.092395305633545,2.048999786376953,0.009314332157373428,2.048999786376953,1.9850814007222652,1.131312608718872,1538.2459213413263,6.0,0.0008600014,1,2048,,565.8393030166626
adammini-adaptive_stochastic-r8,adammini,adaptive_stochastic,8,1.1B,sdpa,666,425,872448,2.672064781188965,14.469815371872311,nan,nan,nan,nan,6.092395305633545,2.048999786376953,0.009314332157373428,2.048999786376953,1.9850814007222652,1.133946180343628,1538.7625434327565,6.28125,0.000859201408,1,2048,,566.9802684783936
adammini-adaptive_stochastic-r8,adammini,adaptive_stochastic,8,1.1B,sdpa,666,426,874496,2.0960354804992676,8.133859063518791,nan,nan,nan,nan,6.092395305633545,2.048999786376953,0.009314332157373428,2.048999786376953,1.9850814007222652,1.1359217166900635,1539.2825541241618,4.78125,0.0008584014160000001,1,2048,,568.1192173957825
adammini-adaptive_stochastic-r8,adammini,adaptive_stochastic,8,1.1B,sdpa,666,427,876544,2.7780022621154785,16.08685151296675,nan,nan,nan,nan,6.092395305633545,2.048999786376953,0.009314332157373428,2.048999786376953,1.9850814007222652,1.136347770690918,1539.798032705109,5.6875,0.0008576014240000001,1,2048,,569.2590725421906
adammini-adaptive_stochastic-r8,adammini,adaptive_stochastic,8,1.1B,sdpa,666,428,878592,2.344493865966797,10.427993429272778,nan,nan,nan,nan,6.092395305633545,2.048999786376953,0.009314332157373428,2.048999786376953,1.9850814007222652,1.1357040405273438,1540.308428952363,5.875,0.000856801432,1,2048,,570.4000468254089
adammini-adaptive_stochastic-r8,adammini,adaptive_stochastic,8,1.1B,sdpa,666,429,880640,2.3223583698272705,10.199700629671211,nan,nan,nan,nan,6.092395305633545,2.048999786376953,0.009314332157373428,2.048999786376953,1.9850814007222652,1.1328072547912598,1540.8251605598598,5.5,0.00085600144,1,2048,,571.5379152297974
adammini-adaptive_stochastic-r8,adammini,adaptive_stochastic,8,1.1B,sdpa,666,430,882688,2.474135398864746,11.871438615357732,nan,nan,nan,nan,6.092395305633545,2.048999786376953,0.009314332157373428,2.048999786376953,1.9850814007222652,1.1284842491149902,1541.3511018847303,6.21875,0.000855201448,1,2048,,572.6715989112854
adammini-adaptive_stochastic-r8,adammini,adaptive_stochastic,8,1.1B,sdpa,666,431,884736,2.523998737335205,12.478394855669709,nan,nan,nan,nan,6.092395305633545,2.048999786376953,0.009314332157373428,2.048999786376953,1.9850814007222652,1.1287903785705566,1541.8620981524755,5.65625,0.0008544014560000001,1,2048,,573.8100709915161
adammini-adaptive_stochastic-r8,adammini,adaptive_stochastic,8,1.1B,sdpa,666,432,886784,1.6137721538543701,5.021718239147937,nan,nan,nan,nan,6.093371868133545,2.048999786376953,0.009314332157373428,2.048999786376953,1.9860579632222652,1.1296584606170654,1542.3906788277375,4.875,0.000853601464,1,2048,,574.9412338733673
adammini-adaptive_stochastic-r8,adammini,adaptive_stochastic,8,1.1B,sdpa,666,433,888832,1.9211434125900269,6.828762099614967,nan,nan,nan,nan,6.093371868133545,2.048999786376953,0.009314332157373428,2.048999786376953,1.9860579632222652,1.1318399906158447,1542.9113299742532,6.03125,0.000852801472,1,2048,,576.0745823383331
adammini-adaptive_stochastic-r8,adammini,adaptive_stochastic,8,1.1B,sdpa,666,434,890880,2.078679323196411,7.993904575450338,nan,nan,nan,nan,6.093371868133545,2.048999786376953,0.009314332157373428,2.048999786376953,1.9860579632222652,1.1348981857299805,1543.4178052242762,5.71875,0.0008520014799999999,1,2048,,577.2124676704407
adammini-adaptive_stochastic-r8,adammini,adaptive_stochastic,8,1.1B,sdpa,666,435,892928,2.1925930976867676,8.958413062022116,nan,nan,nan,nan,6.093371868133545,2.048999786376953,0.009314332157373428,2.048999786376953,1.9860579632222652,1.132864236831665,1543.9263316366555,8.5,0.000851201488,1,2048,,578.349366903305
adammini-adaptive_stochastic-r8,adammini,adaptive_stochastic,8,1.1B,sdpa,666,436,894976,2.2536487579345703,9.522417521832388,nan,nan,nan,nan,6.093371868133545,2.048999786376953,0.009314332157373428,2.048999786376953,1.9860579632222652,1.1311371326446533,1544.4315419181669,9.0,0.0008504014960000001,1,2048,,579.4857044219971
adammini-adaptive_stochastic-r8,adammini,adaptive_stochastic,8,1.1B,sdpa,666,437,897024,2.4263408184051514,11.31739382058651,nan,nan,nan,nan,6.093371868133545,2.048999786376953,0.009314332157373428,2.048999786376953,1.9860579632222652,1.1321861743927002,1544.6398723577356,6.84375,0.000849601504,1,2048,,580.7334227561951
adammini-adaptive_stochastic-r8,adammini,adaptive_stochastic,8,1.1B,sdpa,666,438,899072,3.04453444480896,21.000252150310068,nan,nan,nan,nan,6.093371868133545,2.048999786376953,0.009314332157373428,2.048999786376953,1.9860579632222652,1.133582353591919,1545.1476719557722,7.65625,0.000848801512,1,2048,,581.8680093288422
adammini-adaptive_stochastic-r8,adammini,adaptive_stochastic,8,1.1B,sdpa,666,439,901120,2.6881680488586426,14.704712914921133,nan,nan,nan,nan,6.093371868133545,2.048999786376953,0.009314332157373428,2.048999786376953,1.9860579632222652,1.1328582763671875,1545.6554267691492,5.9375,0.00084800152,1,2048,,583.0018672943115
adammini-adaptive_stochastic-r8,adammini,adaptive_stochastic,8,1.1B,sdpa,666,440,903168,2.3713936805725098,10.712311425758026,nan,nan,nan,nan,6.093371868133545,2.048999786376953,0.009314332157373428,2.048999786376953,1.9860579632222652,1.1312928199768066,1546.162151955252,6.125,0.000847201528,1,2048,,584.1353695392609
adammini-adaptive_stochastic-r8,adammini,adaptive_stochastic,8,1.1B,sdpa,666,441,905216,2.291147470474243,9.886275384193032,nan,nan,nan,nan,6.093371868133545,2.048999786376953,0.009314332157373428,2.048999786376953,1.9860579632222652,1.1752398014068604,1546.552648318337,7.96875,0.000846401536,1,2048,,585.3121140003204
adammini-adaptive_stochastic-r8,adammini,adaptive_stochastic,8,1.1B,sdpa,666,442,907264,2.5445969104766846,12.738092459458988,nan,nan,nan,nan,6.093371868133545,2.048999786376953,0.009314332157373428,2.048999786376953,1.9860579632222652,1.201085090637207,1546.8745490976678,7.125,0.000845601544,1,2048,,586.5142719745636
adammini-adaptive_stochastic-r8,adammini,adaptive_stochastic,8,1.1B,sdpa,666,443,909312,2.448784112930298,11.57426516081548,nan,nan,nan,nan,6.093371868133545,2.048999786376953,0.009314332157373428,2.048999786376953,1.9860579632222652,1.202589988708496,1547.1887379016382,6.3125,0.000844801552,1,2048,,587.7198593616486
adammini-adaptive_stochastic-r8,adammini,adaptive_stochastic,8,1.1B,sdpa,666,444,911360,2.999507188796997,20.075640984188674,nan,nan,nan,nan,6.093371868133545,2.048999786376953,0.009314332157373428,2.048999786376953,1.9860579632222652,1.2001838684082031,1547.5079583172774,11.8125,0.00084400156,1,2048,,588.9210424423218
adammini-adaptive_stochastic-r8,adammini,adaptive_stochastic,8,1.1B,sdpa,666,445,913408,2.3226163387298584,10.202332174663164,nan,nan,nan,nan,6.093371868133545,2.048999786376953,0.009314332157373428,2.048999786376953,1.9860579632222652,1.195815086364746,1547.839949753276,6.21875,0.0008432015679999999,1,2048,,590.1178607940674
adammini-adaptive_stochastic-r8,adammini,adaptive_stochastic,8,1.1B,sdpa,666,446,915456,2.6370718479156494,13.97223083291449,nan,nan,nan,nan,6.093371868133545,2.048999786376953,0.009314332157373428,2.048999786376953,1.9860579632222652,1.199432373046875,1548.1611403596012,7.25,0.000842401576,1,2048,,591.3182911872864
adammini-adaptive_stochastic-r8,adammini,adaptive_stochastic,8,1.1B,sdpa,666,447,917504,2.6333463191986084,13.920273729640641,nan,nan,nan,nan,6.093371868133545,2.048999786376953,0.009314332157373428,2.048999786376953,1.9860579632222652,1.1985740661621094,1548.4806531748693,9.6875,0.0008416015839999999,1,2048,,592.5188655853271
adammini-adaptive_stochastic-r8,adammini,adaptive_stochastic,8,1.1B,sdpa,666,448,919552,2.562836170196533,12.97255757126257,nan,nan,nan,nan,6.093371868133545,2.048999786376953,0.009314332157373428,2.048999786376953,1.9860579632222652,1.1981542110443115,1548.799914942111,6.46875,0.000840801592,1,2048,,593.7190408706665
adammini-adaptive_stochastic-r8,adammini,adaptive_stochastic,8,1.1B,sdpa,666,449,921600,2.4047558307647705,11.07572560055034,nan,nan,nan,nan,6.093371868133545,2.048999786376953,0.009314332157373428,2.048999786376953,1.9860579632222652,1.1991288661956787,1549.1180133528753,5.96875,0.0008400016,1,2048,,594.9191682338715
adammini-adaptive_stochastic-r8,adammini,adaptive_stochastic,8,1.1B,sdpa,666,450,923648,2.602285146713257,13.494539831629043,nan,nan,nan,nan,6.093371868133545,2.048999786376953,0.009314332157373428,2.048999786376953,1.9860579632222652,1.2007999420166016,1549.4304850196131,6.375,0.000839201608,1,2048,,596.1209676265717
adammini-adaptive_stochastic-r8,adammini,adaptive_stochastic,8,1.1B,sdpa,666,451,925696,2.8832602500915527,17.872446944359375,nan,nan,nan,nan,6.093371868133545,2.048999786376953,0.009314332157373428,2.048999786376953,1.9860579632222652,1.2027623653411865,1549.7352791815272,7.0,0.000838401616,1,2048,,597.3252415657043
adammini-adaptive_stochastic-r8,adammini,adaptive_stochastic,8,1.1B,sdpa,666,452,927744,2.891636371612549,18.02277744619479,nan,nan,nan,nan,6.093371868133545,2.048999786376953,0.009314332157373428,2.048999786376953,1.9860579632222652,1.1990516185760498,1550.0484561487535,6.84375,0.0008376016240000001,1,2048,,598.5258049964905
adammini-adaptive_stochastic-r8,adammini,adaptive_stochastic,8,1.1B,sdpa,666,453,929792,2.590385913848877,13.334916739385614,nan,nan,nan,nan,6.093371868133545,2.048999786376953,0.009314332157373428,2.048999786376953,1.9860579632222652,1.2008986473083496,1550.3569172799653,6.84375,0.000836801632,1,2048,,599.7277076244354
adammini-adaptive_stochastic-r8,adammini,adaptive_stochastic,8,1.1B,sdpa,666,454,931840,2.8751134872436523,17.727435845138082,nan,nan,nan,nan,6.093371868133545,2.048999786376953,0.009314332157373428,2.048999786376953,1.9860579632222652,1.1664469242095947,1550.7517341835032,7.375,0.00083600164,1,2048,,600.8956685066223
adammini-adaptive_stochastic-r8,adammini,adaptive_stochastic,8,1.1B,sdpa,666,455,933888,2.511693239212036,12.325782900030816,nan,nan,nan,nan,6.093371868133545,2.048999786376953,0.009314332157373428,2.048999786376953,1.9860579632222652,1.1286873817443848,1551.241851855325,6.75,0.000835201648,1,2048,,602.0260469913483
adammini-adaptive_stochastic-r8,adammini,adaptive_stochastic,8,1.1B,sdpa,666,456,935936,2.697155475616455,14.837466106450632,nan,nan,nan,nan,6.093371868133545,2.048999786376953,0.009314332157373428,2.048999786376953,1.9860579632222652,1.1269841194152832,1551.7362932298063,7.1875,0.0008344016560000001,1,2048,,603.1540307998657
adammini-adaptive_stochastic-r8,adammini,adaptive_stochastic,8,1.1B,sdpa,666,457,937984,2.3813636302948,10.819646807168034,nan,nan,nan,nan,6.093371868133545,2.048999786376953,0.009314332157373428,2.048999786376953,1.9860579632222652,1.130936622619629,1552.2187414249383,5.5625,0.0008336016640000001,1,2048,,604.2859649658203
adammini-adaptive_stochastic-r8,adammini,adaptive_stochastic,8,1.1B,sdpa,666,458,940032,3.2080495357513428,24.730802605835486,nan,nan,nan,nan,6.093371868133545,2.048999786376953,0.009314332157373428,2.048999786376953,1.9860579632222652,1.1385905742645264,1552.6797406514213,8.25,0.000832801672,1,2048,,605.4255590438843
adammini-adaptive_stochastic-r8,adammini,adaptive_stochastic,8,1.1B,sdpa,666,459,942080,2.762672185897827,15.842119526055523,nan,nan,nan,nan,6.093371868133545,2.048999786376953,0.009314332157373428,2.048999786376953,1.9860579632222652,1.1337566375732422,1553.1500324337214,7.21875,0.00083200168,1,2048,,606.5608475208282
adammini-adaptive_stochastic-r8,adammini,adaptive_stochastic,8,1.1B,sdpa,666,460,944128,2.944653272628784,19.00407201207173,nan,nan,nan,nan,6.093371868133545,2.048999786376953,0.009314332157373428,2.048999786376953,1.9860579632222652,1.1376972198486328,1553.608534165552,7.0625,0.0008312016879999999,1,2048,,607.7000603675842
adammini-adaptive_stochastic-r8,adammini,adaptive_stochastic,8,1.1B,sdpa,666,461,946176,2.586073398590088,13.277533529390054,nan,nan,nan,nan,6.093371868133545,2.048999786376953,0.009314332157373428,2.048999786376953,1.9860579632222652,1.206331491470337,1553.891456788249,6.625,0.0008304016960000001,1,2048,,608.9079110622406
adammini-adaptive_stochastic-r8,adammini,adaptive_stochastic,8,1.1B,sdpa,666,462,948224,2.4327096939086914,11.38970291223552,nan,nan,nan,nan,6.093371868133545,2.048999786376953,0.009314332157373428,2.048999786376953,1.9860579632222652,1.184983730316162,1554.2262660059057,7.0,0.000829601704,1,2048,,610.0939230918884
adammini-adaptive_stochastic-r8,adammini,adaptive_stochastic,8,1.1B,sdpa,666,463,950272,2.4136829376220703,11.175042432923803,nan,nan,nan,nan,6.093371868133545,2.048999786376953,0.009314332157373428,2.048999786376953,1.9860579632222652,1.1371748447418213,1554.6802086360249,6.0,0.000828801712,1,2048,,611.2330977916718
adammini-adaptive_stochastic-r8,adammini,adaptive_stochastic,8,1.1B,sdpa,666,464,952320,2.63301682472229,13.915687831893363,nan,nan,nan,nan,6.093371868133545,2.048999786376953,0.009314332157373428,2.048999786376953,1.9860579632222652,1.1345269680023193,1555.1402208783836,7.59375,0.00082800172,1,2048,,612.3692173957825
adammini-adaptive_stochastic-r8,adammini,adaptive_stochastic,8,1.1B,sdpa,666,465,954368,2.4089701175689697,11.122500376729201,nan,nan,nan,nan,6.093371868133545,2.048999786376953,0.009314332157373428,2.048999786376953,1.9860579632222652,1.1364526748657227,1555.593716709644,7.03125,0.000827201728,1,2048,,613.5072350502014
adammini-adaptive_stochastic-r8,adammini,adaptive_stochastic,8,1.1B,sdpa,666,466,956416,2.497149705886841,12.147819709266033,nan,nan,nan,nan,6.093371868133545,2.048999786376953,0.009314332157373428,2.048999786376953,1.9860579632222652,1.1327931880950928,1556.0562288285314,5.71875,0.000826401736,1,2048,,614.6410279273987
adammini-adaptive_stochastic-r8,adammini,adaptive_stochastic,8,1.1B,sdpa,666,467,958464,3.02299165725708,20.552686395843946,nan,nan,nan,nan,6.093371868133545,2.048999786376953,0.009314332157373428,2.048999786376953,1.9860579632222652,1.1351103782653809,1556.5073476476289,7.1875,0.000825601744,1,2048,,615.7786543369293
adammini-adaptive_stochastic-r8,adammini,adaptive_stochastic,8,1.1B,sdpa,666,468,960512,2.299800395965576,9.972191766437986,nan,nan,nan,nan,6.093371868133545,2.048999786376953,0.009314332157373428,2.048999786376953,1.9860579632222652,1.1362545490264893,1556.9577371556413,7.46875,0.0008248017519999999,1,2048,,616.9159104824066
adammini-adaptive_stochastic-r8,adammini,adaptive_stochastic,8,1.1B,sdpa,666,469,962560,2.4667842388153076,11.7844897491511,nan,nan,nan,nan,6.093371868133545,2.048999786376953,0.009314332157373428,2.048999786376953,1.9860579632222652,1.1856250762939453,1557.280866798982,6.78125,0.0008240017600000001,1,2048,,618.1041028499603
adammini-adaptive_stochastic-r8,adammini,adaptive_stochastic,8,1.1B,sdpa,666,470,964608,2.4534192085266113,11.628037510011529,nan,nan,nan,nan,6.093371868133545,2.048999786376953,0.009314332157373428,2.048999786376953,1.9860579632222652,1.2041676044464111,1557.5545953076514,6.78125,0.0008232017679999999,1,2048,,619.3092703819275
adammini-adaptive_stochastic-r8,adammini,adaptive_stochastic,8,1.1B,sdpa,666,471,966656,2.1970930099487305,8.998815971404083,nan,nan,nan,nan,6.093371868133545,2.048999786376953,0.009314332157373428,2.048999786376953,1.9860579632222652,1.2008562088012695,1557.8379660770308,7.09375,0.000822401776,1,2048,,620.511260509491
adammini-adaptive_stochastic-r8,adammini,adaptive_stochastic,8,1.1B,sdpa,666,472,968704,2.44529390335083,11.53393896405136,nan,nan,nan,nan,6.093371868133545,2.048999786376953,0.009314332157373428,2.048999786376953,1.9860579632222652,1.2016375064849854,1558.1160782396244,7.3125,0.0008216017839999999,1,2048,,621.714911699295
adammini-adaptive_stochastic-r8,adammini,adaptive_stochastic,8,1.1B,sdpa,666,473,970752,2.105010747909546,8.207191219270623,nan,nan,nan,nan,6.093371868133545,2.048999786376953,0.009314332157373428,2.048999786376953,1.9860579632222652,1.2033896446228027,1558.3912695620445,6.15625,0.0008208017919999999,1,2048,,622.9193007946014
adammini-adaptive_stochastic-r8,adammini,adaptive_stochastic,8,1.1B,sdpa,666,474,972800,2.22979998588562,9.29800616101702,nan,nan,nan,nan,6.093371868133545,2.048999786376953,0.009314332157373428,2.048999786376953,1.9860579632222652,1.2032971382141113,1558.6642520203623,7.09375,0.0008200018,1,2048,,624.1241490840912
adammini-adaptive_stochastic-r8,adammini,adaptive_stochastic,8,1.1B,sdpa,666,475,974848,2.7466695308685303,15.590621239561427,nan,nan,nan,nan,6.093371868133545,2.048999786376953,0.009314332157373428,2.048999786376953,1.9860579632222652,1.2035672664642334,1558.935397971185,8.1875,0.000819201808,1,2048,,625.3293120861053
adammini-adaptive_stochastic-r8,adammini,adaptive_stochastic,8,1.1B,sdpa,666,476,976896,2.338484287261963,10.365513509063657,nan,nan,nan,nan,6.093371868133545,2.048999786376953,0.009314332157373428,2.048999786376953,1.9860579632222652,1.2005488872528076,1559.2028711555329,5.78125,0.0008184018160000001,1,2048,,626.5355317592621
adammini-adaptive_stochastic-r8,adammini,adaptive_stochastic,8,1.1B,sdpa,666,477,978944,2.364356517791748,10.637191771119527,nan,nan,nan,nan,6.093371868133545,2.048999786376953,0.009314332157373428,2.048999786376953,1.9860579632222652,1.2022175788879395,1559.4605481861522,5.65625,0.000817601824,1,2048,,627.7452809810638
adammini-adaptive_stochastic-r8,adammini,adaptive_stochastic,8,1.1B,sdpa,666,478,980992,2.163346290588379,8.700202407226701,nan,nan,nan,nan,6.093371868133545,2.048999786376953,0.009314332157373428,2.048999786376953,1.9860579632222652,1.203935146331787,1559.727590260469,5.1875,0.0008168018320000001,1,2048,,628.9508540630341
adammini-adaptive_stochastic-r8,adammini,adaptive_stochastic,8,1.1B,sdpa,666,479,983040,2.268486976623535,9.664766728019865,nan,nan,nan,nan,6.093371868133545,2.048999786376953,0.009314332157373428,2.048999786376953,1.9860579632222652,1.204089879989624,1559.9948033979974,5.65625,0.0008160018400000001,1,2048,,630.1559453010559
adammini-adaptive_stochastic-r8,adammini,adaptive_stochastic,8,1.1B,sdpa,666,480,985088,2.5069022178649902,12.266871047696728,nan,nan,nan,nan,6.093371868133545,2.048999786376953,0.009314332157373428,2.048999786376953,1.9860579632222652,1.2006089687347412,1560.2656752826838,6.1875,0.0008152018480000001,1,2048,,631.3601417541504
adammini-adaptive_stochastic-r8,adammini,adaptive_stochastic,8,1.1B,sdpa,666,481,987136,2.282949924468994,9.805563458756184,nan,nan,nan,nan,6.093371868133545,2.048999786376953,0.009314332157373428,2.048999786376953,1.9860579632222652,1.1978936195373535,1560.5357843376298,5.875,0.000814401856,1,2048,,632.5622327327728
adammini-adaptive_stochastic-r8,adammini,adaptive_stochastic,8,1.1B,sdpa,666,482,989184,2.3946456909179688,10.964312615259232,nan,nan,nan,nan,6.093371868133545,2.048999786376953,0.009314332157373428,2.048999786376953,1.9860579632222652,1.2017486095428467,1560.7990303120655,5.84375,0.0008136018640000001,1,2048,,633.767692565918
adammini-adaptive_stochastic-r8,adammini,adaptive_stochastic,8,1.1B,sdpa,666,483,991232,2.3889501094818115,10.902041981935486,nan,nan,nan,nan,6.093371868133545,2.048999786376953,0.009314332157373428,2.048999786376953,1.9860579632222652,1.2013752460479736,1561.0614309279783,5.34375,0.000812801872,1,2048,,634.9730896949768
adammini-adaptive_stochastic-r8,adammini,adaptive_stochastic,8,1.1B,sdpa,666,484,993280,2.644646406173706,14.078466144202977,nan,nan,nan,nan,6.093371868133545,2.048999786376953,0.009314332157373428,2.048999786376953,1.9860579632222652,1.1993029117584229,1561.3265428280274,5.625,0.0008120018800000001,1,2048,,636.1769769191742
adammini-adaptive_stochastic-r8,adammini,adaptive_stochastic,8,1.1B,sdpa,666,485,995328,2.641359806060791,14.0322718085198,nan,nan,nan,nan,6.093371868133545,2.048999786376953,0.009314332157373428,2.048999786376953,1.9860579632222652,1.3560810089111328,1561.2080611589129,6.15625,0.000811201888,1,2048,,637.5370616912842
adammini-adaptive_stochastic-r8,adammini,adaptive_stochastic,8,1.1B,sdpa,666,486,997376,2.8161399364471436,16.71221578996055,nan,nan,nan,nan,6.093371868133545,2.048999786376953,0.009314332157373428,2.048999786376953,1.9860579632222652,1.1966514587402344,1561.4767050656912,6.125,0.000810401896,1,2048,,638.7389557361603
adammini-adaptive_stochastic-r8,adammini,adaptive_stochastic,8,1.1B,sdpa,666,487,999424,2.463498830795288,11.74583642276002,nan,nan,nan,nan,6.093371868133545,2.048999786376953,0.009314332157373428,2.048999786376953,1.9860579632222652,1.1876463890075684,1561.771281106052,6.4375,0.000809601904,1,2048,,639.9308161735535
adammini-adaptive_stochastic-r8,adammini,adaptive_stochastic,8,1.1B,sdpa,666,488,1001472,2.4667141437530518,11.783663743558273,nan,nan,nan,nan,6.093371868133545,2.048999786376953,0.009314332157373428,2.048999786376953,1.9860579632222652,1.1356208324432373,1562.1855610413384,6.28125,0.000808801912,1,2048,,641.0710897445679
adammini-adaptive_stochastic-r8,adammini,adaptive_stochastic,8,1.1B,sdpa,666,489,1003520,2.1284263134002686,8.40163486250154,nan,nan,nan,nan,6.093371868133545,2.048999786376953,0.009314332157373428,2.048999786376953,1.9860579632222652,1.1389186382293701,1562.596284213226,6.53125,0.00080800192,1,2048,,642.2132256031036
adammini-adaptive_stochastic-r8,adammini,adaptive_stochastic,8,1.1B,sdpa,666,490,1005568,2.6260018348693848,13.818411019797658,nan,nan,nan,nan,6.093371868133545,2.048999786376953,0.009314332157373428,2.048999786376953,1.9860579632222652,1.34637451171875,1562.4997940381909,6.75,0.000807201928,1,2048,,643.5636048316956
adammini-adaptive_stochastic-r8,adammini,adaptive_stochastic,8,1.1B,sdpa,666,491,1007616,2.2331902980804443,9.32958280178167,nan,nan,nan,nan,6.093371868133545,2.048999786376953,0.009314332157373428,2.048999786376953,1.9860579632222652,1.3683960437774658,1562.3501391500083,5.0625,0.000806401936,1,2048,,644.9360964298248
adammini-adaptive_stochastic-r8,adammini,adaptive_stochastic,8,1.1B,sdpa,666,492,1009664,2.1121208667755127,8.265753269252635,nan,nan,nan,nan,6.093371868133545,2.048999786376953,0.009314332157373428,2.048999786376953,1.9860579632222652,1.3672468662261963,1562.1812388778048,5.8125,0.000805601944,1,2048,,646.3168132305145
adammini-adaptive_stochastic-r8,adammini,adaptive_stochastic,8,1.1B,sdpa,666,493,1011712,2.085206985473633,8.046256767614764,nan,nan,nan,nan,6.093371868133545,2.048999786376953,0.009314332157373428,2.048999786376953,1.9860579632222652,1.38663649559021,1561.996277528091,5.3125,0.0008048019519999999,1,2048,,647.7044885158539
adammini-adaptive_stochastic-r8,adammini,adaptive_stochastic,8,1.1B,sdpa,666,494,1013760,2.097764253616333,8.147932822068384,nan,nan,nan,nan,6.093371868133545,2.048999786376953,0.009314332157373428,2.048999786376953,1.9860579632222652,1.1884515285491943,1562.2868000976243,6.65625,0.00080400196,1,2048,,648.8949403762817
adammini-adaptive_stochastic-r8,adammini,adaptive_stochastic,8,1.1B,sdpa,666,495,1015808,2.0666654109954834,7.898441100856056,nan,nan,nan,nan,6.093371868133545,2.048999786376953,0.009314332157373428,2.048999786376953,1.9860579632222652,1.185608148574829,1562.5855035322675,5.625,0.0008032019680000001,1,2048,,650.0815460681915
adammini-adaptive_stochastic-r8,adammini,adaptive_stochastic,8,1.1B,sdpa,666,496,1017856,1.872104525566101,6.501965563447081,nan,nan,nan,nan,6.093371868133545,2.048999786376953,0.009314332157373428,2.048999786376953,1.9860579632222652,1.1843831539154053,1562.8860518933673,5.6875,0.000802401976,1,2048,,651.2669293880463
adammini-adaptive_stochastic-r8,adammini,adaptive_stochastic,8,1.1B,sdpa,666,497,1019904,2.3134613037109375,10.10935571709029,nan,nan,nan,nan,6.093371868133545,2.048999786376953,0.009314332157373428,2.048999786376953,1.9860579632222652,1.1870684623718262,1563.1742872498924,6.96875,0.000801601984,1,2048,,652.4569962024689
adammini-adaptive_stochastic-r8,adammini,adaptive_stochastic,8,1.1B,sdpa,666,498,1021952,2.392216920852661,10.937715133650897,nan,nan,nan,nan,6.093371868133545,2.048999786376953,0.009314332157373428,2.048999786376953,1.9860579632222652,1.18599534034729,1563.464033588004,6.125,0.0008008019919999999,1,2048,,653.6459925174713
adammini-adaptive_stochastic-r8,adammini,adaptive_stochastic,8,1.1B,sdpa,666,499,1024000,2.1581993103027344,8.655537679793945,nan,nan,nan,nan,6.093371868133545,2.048999786376953,0.009314332157373428,2.048999786376953,1.9860579632222652,1.187032699584961,1563.7466568170823,5.4375,0.000800002,1,2048,,654.8375310897827
adammini-adaptive_stochastic-r8,adammini,adaptive_stochastic,8,1.1B,sdpa,666,500,1026048,2.426522731781006,11.319452793173937,2.262857219594332,9.610509310938335,2.262857219594332,9.610509310938335,6.093371868133545,2.048999786376953,0.009314332157373428,2.048999786376953,1.9860579632222652,1.185492753982544,1564.0331309353219,5.5,0.000799202008,1,2048,,657.4386215209961
adammini-adaptive_stochastic-r8,adammini,adaptive_stochastic,8,1.1B,sdpa,666,501,1028096,2.297853469848633,9.952795533487809,nan,nan,nan,nan,6.093371868133545,2.048999786376953,0.009314332157373428,2.048999786376953,1.9860579632222652,1.1817808151245117,1560.979380274362,5.5625,0.000798402016,1,2048,,658.6224091053009
adammini-adaptive_stochastic-r8,adammini,adaptive_stochastic,8,1.1B,sdpa,666,502,1030144,2.3188741207122803,10.164224172077418,nan,nan,nan,nan,6.093371868133545,2.048999786376953,0.009314332157373428,2.048999786376953,1.9860579632222652,1.1780736446380615,1561.2855418924123,7.03125,0.000797602024,1,2048,,659.8055152893066
adammini-adaptive_stochastic-r8,adammini,adaptive_stochastic,8,1.1B,sdpa,666,503,1032192,2.364020347595215,10.633616465260575,nan,nan,nan,nan,6.093371868133545,2.048999786376953,0.009314332157373428,2.048999786376953,1.9860579632222652,1.1819469928741455,1561.5822975995327,6.25,0.000796802032,1,2048,,660.9910995960236
adammini-adaptive_stochastic-r8,adammini,adaptive_stochastic,8,1.1B,sdpa,666,504,1034240,2.1071910858154297,8.225105191546506,nan,nan,nan,nan,6.093371868133545,2.048999786376953,0.009314332157373428,2.048999786376953,1.9860579632222652,1.179917573928833,1561.7816872460262,6.90625,0.0007960020400000001,1,2048,,662.2180349826813
adammini-adaptive_stochastic-r8,adammini,adaptive_stochastic,8,1.1B,sdpa,666,505,1036288,2.136539936065674,8.470079850468881,nan,nan,nan,nan,6.093371868133545,2.048999786376953,0.009314332157373428,2.048999786376953,1.9860579632222652,1.1881635189056396,1562.0692688394975,6.40625,0.0007952020480000001,1,2048,,663.4072000980377
adammini-adaptive_stochastic-r8,adammini,adaptive_stochastic,8,1.1B,sdpa,666,506,1038336,2.060647964477539,7.8510553674996455,nan,nan,nan,nan,6.093371868133545,2.048999786376953,0.009314332157373428,2.048999786376953,1.9860579632222652,1.182819128036499,1562.3683907734555,5.28125,0.000794402056,1,2048,,664.5910184383392
adammini-adaptive_stochastic-r8,adammini,adaptive_stochastic,8,1.1B,sdpa,666,507,1040384,1.8151901960372925,6.142244296880923,nan,nan,nan,nan,6.093371868133545,2.048999786376953,0.009314332157373428,2.048999786376953,1.9860579632222652,1.181769847869873,1562.6689089791448,5.84375,0.000793602064,1,2048,,665.773788690567
adammini-adaptive_stochastic-r8,adammini,adaptive_stochastic,8,1.1B,sdpa,666,508,1042432,2.182051658630371,8.864474490435224,nan,nan,nan,nan,6.093371868133545,2.048999786376953,0.009314332157373428,2.048999786376953,1.9860579632222652,1.2466025352478027,1562.8187889192916,5.875,0.0007928020719999999,1,2048,,667.0203912258148
adammini-adaptive_stochastic-r8,adammini,adaptive_stochastic,8,1.1B,sdpa,666,509,1044480,2.247865915298462,9.46750979417783,nan,nan,nan,nan,6.093371868133545,2.048999786376953,0.009314332157373428,2.048999786376953,1.9860579632222652,1.3700087070465088,1562.6748592388205,5.6875,0.0007920020800000001,1,2048,,668.39240026474
adammini-adaptive_stochastic-r8,adammini,adaptive_stochastic,8,1.1B,sdpa,666,510,1046528,2.330019235610962,10.278139237429743,nan,nan,nan,nan,6.093371868133545,2.048999786376953,0.009314332157373428,2.048999786376953,1.9860579632222652,1.3600406646728516,1562.559441437402,5.84375,0.000791202088,1,2048,,669.7524409294128
adammini-adaptive_stochastic-r8,adammini,adaptive_stochastic,8,1.1B,sdpa,666,511,1048576,2.3406550884246826,10.388039418630777,nan,nan,nan,nan,6.093371868133545,2.048999786376953,0.009314332157373428,2.048999786376953,1.9860579632222652,1.3587310314178467,1562.4440401616075,5.46875,0.000790402096,1,2048,,671.1126754283905
adammini-adaptive_stochastic-r8,adammini,adaptive_stochastic,8,1.1B,sdpa,666,512,1050624,2.303323745727539,10.007389256046052,nan,nan,nan,nan,6.093371868133545,2.048999786376953,0.009314332157373428,2.048999786376953,1.9860579632222652,1.3638725280761719,1562.3206536981168,5.3125,0.0007896021039999999,1,2048,,672.4765479564667
adammini-adaptive_stochastic-r8,adammini,adaptive_stochastic,8,1.1B,sdpa,666,513,1052672,2.161210298538208,8.681638677098,nan,nan,nan,nan,6.093371868133545,2.048999786376953,0.009314332157373428,2.048999786376953,1.9860579632222652,1.346658706665039,1562.2330360377848,5.0625,0.000788802112,1,2048,,673.8262073993683
adammini-adaptive_stochastic-r8,adammini,adaptive_stochastic,8,1.1B,sdpa,666,514,1054720,2.0196876525878906,7.535970725061875,nan,nan,nan,nan,6.093371868133545,2.048999786376953,0.009314332157373428,2.048999786376953,1.9860579632222652,1.3498876094818115,1562.1382966492001,5.5,0.0007880021200000001,1,2048,,675.1770968437195
adammini-adaptive_stochastic-r8,adammini,adaptive_stochastic,8,1.1B,sdpa,666,515,1056768,2.3378634452819824,10.359080160386283,nan,nan,nan,nan,6.093371868133545,2.048999786376953,0.009314332157373428,2.048999786376953,1.9860579632222652,1.3652729988098145,1562.0107251760844,6.6875,0.000787202128,1,2048,,676.5433700084686
adammini-adaptive_stochastic-r8,adammini,adaptive_stochastic,8,1.1B,sdpa,666,516,1058816,2.4081647396087646,11.113546166309273,nan,nan,nan,nan,6.093371868133545,2.048999786376953,0.009314332157373428,2.048999786376953,1.9860579632222652,1.3624587059020996,1561.8901519974843,5.53125,0.000786402136,1,2048,,677.9068288803101
adammini-adaptive_stochastic-r8,adammini,adaptive_stochastic,8,1.1B,sdpa,666,517,1060864,2.1743319034576416,8.796306376745694,nan,nan,nan,nan,6.093371868133545,2.048999786376953,0.009314332157373428,2.048999786376953,1.9860579632222652,1.3636729717254639,1561.767261170261,5.46875,0.000785602144,1,2048,,679.2715063095093
adammini-adaptive_stochastic-r8,adammini,adaptive_stochastic,8,1.1B,sdpa,666,518,1062912,2.2289233207702637,9.289858495282266,nan,nan,nan,nan,6.093371868133545,2.048999786376953,0.009314332157373428,2.048999786376953,1.9860579632222652,1.1950156688690186,1562.0319356247044,5.375,0.000784802152,1,2048,,680.4675216674805
adammini-adaptive_stochastic-r8,adammini,adaptive_stochastic,8,1.1B,sdpa,666,519,1064960,1.6259697675704956,5.083346312041257,nan,nan,nan,nan,6.093371868133545,2.048999786376953,0.009314332157373428,2.048999786376953,1.9860579632222652,1.1908445358276367,1562.3075323370567,6.125,0.00078400216,1,2048,,681.6583662033081
adammini-adaptive_stochastic-r8,adammini,adaptive_stochastic,8,1.1B,sdpa,666,520,1067008,1.7447059154510498,5.724217823848664,nan,nan,nan,nan,6.093371868133545,2.048999786376953,0.009314332157373428,2.048999786376953,1.9860579632222652,1.182835578918457,1562.5982080097815,7.40625,0.000783202168,1,2048,,682.8422012329102
adammini-adaptive_stochastic-r8,adammini,adaptive_stochastic,8,1.1B,sdpa,666,521,1069056,2.455315351486206,11.65010684816786,nan,nan,nan,nan,6.093371868133545,2.048999786376953,0.009314332157373428,2.048999786376953,1.9860579632222652,1.1868460178375244,1562.871654042128,5.71875,0.0007824021759999999,1,2048,,684.033136844635
adammini-adaptive_stochastic-r8,adammini,adaptive_stochastic,8,1.1B,sdpa,666,522,1071104,2.589120626449585,13.318054907046237,nan,nan,nan,nan,6.093371868133545,2.048999786376953,0.009314332157373428,2.048999786376953,1.9860579632222652,1.1859750747680664,1563.146317488938,6.125,0.000781602184,1,2048,,685.2231221199036
adammini-adaptive_stochastic-r8,adammini,adaptive_stochastic,8,1.1B,sdpa,666,523,1073152,2.5622735023498535,12.96526038336704,nan,nan,nan,nan,6.093371868133545,2.048999786376953,0.009314332157373428,2.048999786376953,1.9860579632222652,1.1865332126617432,1563.4164347899923,6.40625,0.0007808021919999999,1,2048,,686.4146852493286
adammini-adaptive_stochastic-r8,adammini,adaptive_stochastic,8,1.1B,sdpa,666,524,1075200,2.4817631244659424,11.96233692456573,nan,nan,nan,nan,6.093371868133545,2.048999786376953,0.009314332157373428,2.048999786376953,1.9860579632222652,1.1853816509246826,1563.692806979988,6.15625,0.0007800022,1,2048,,687.603086233139
adammini-adaptive_stochastic-r8,adammini,adaptive_stochastic,8,1.1B,sdpa,666,525,1077248,2.430274248123169,11.361997659294554,nan,nan,nan,nan,6.093371868133545,2.048999786376953,0.009314332157373428,2.048999786376953,1.9860579632222652,1.1849558353424072,1563.9669257102275,6.46875,0.0007792022079999999,1,2048,,688.7920596599579
adammini-adaptive_stochastic-r8,adammini,adaptive_stochastic,8,1.1B,sdpa,666,526,1079296,2.2825589179992676,9.80173016947379,nan,nan,nan,nan,6.093371868133545,2.048999786376953,0.009314332157373428,2.048999786376953,1.9860579632222652,1.1880154609680176,1564.2308407817281,5.03125,0.000778402216,1,2048,,689.9851171970367
adammini-adaptive_stochastic-r8,adammini,adaptive_stochastic,8,1.1B,sdpa,666,527,1081344,2.4770126342773438,11.905644724857218,nan,nan,nan,nan,6.093371868133545,2.048999786376953,0.009314332157373428,2.048999786376953,1.9860579632222652,1.1864843368530273,1564.4901620916244,5.65625,0.000777602224,1,2048,,691.1798017024994
adammini-adaptive_stochastic-r8,adammini,adaptive_stochastic,8,1.1B,sdpa,666,528,1083392,2.4819633960723877,11.964732880911457,nan,nan,nan,nan,6.093371868133545,2.048999786376953,0.009314332157373428,2.048999786376953,1.9860579632222652,1.1832332611083984,1564.771048440715,5.78125,0.0007768022319999999,1,2048,,692.3645482063293
adammini-adaptive_stochastic-r8,adammini,adaptive_stochastic,8,1.1B,sdpa,666,529,1085440,1.970605731010437,7.175021305223728,nan,nan,nan,nan,6.093371868133545,2.048999786376953,0.009314332157373428,2.048999786376953,1.9860579632222652,1.1846144199371338,1565.0422040028889,6.25,0.00077600224,1,2048,,693.5536847114563
adammini-adaptive_stochastic-r8,adammini,adaptive_stochastic,8,1.1B,sdpa,666,530,1087488,2.813375234603882,16.66607530788883,nan,nan,nan,nan,6.093371868133545,2.048999786376953,0.009314332157373428,2.048999786376953,1.9860579632222652,1.1849172115325928,1565.3094939078144,7.0625,0.0007752022480000001,1,2048,,694.7431190013885
adammini-adaptive_stochastic-r8,adammini,adaptive_stochastic,8,1.1B,sdpa,666,531,1089536,2.3520655632019043,10.507250715721975,nan,nan,nan,nan,6.093371868133545,2.048999786376953,0.009314332157373428,2.048999786376953,1.9860579632222652,1.1858034133911133,1565.574953682335,5.96875,0.000774402256,1,2048,,695.9334635734558
adammini-adaptive_stochastic-r8,adammini,adaptive_stochastic,8,1.1B,sdpa,666,532,1091584,3.1676249504089355,23.75100749466555,nan,nan,nan,nan,6.093371868133545,2.048999786376953,0.009314332157373428,2.048999786376953,1.9860579632222652,1.1892106533050537,1565.8339867646969,6.34375,0.0007736022640000001,1,2048,,697.1262657642365
adammini-adaptive_stochastic-r8,adammini,adaptive_stochastic,8,1.1B,sdpa,666,533,1093632,2.426964521408081,11.324454714819321,nan,nan,nan,nan,6.093371868133545,2.048999786376953,0.009314332157373428,2.048999786376953,1.9860579632222652,1.1879768371582031,1566.0543967649971,6.125,0.000772802272,1,2048,,698.3358957767487
adammini-adaptive_stochastic-r8,adammini,adaptive_stochastic,8,1.1B,sdpa,666,534,1095680,2.427150011062622,11.326555478841213,nan,nan,nan,nan,6.093371868133545,2.048999786376953,0.009314332157373428,2.048999786376953,1.9860579632222652,1.1925616264343262,1566.307934578161,6.125,0.00077200228,1,2048,,699.5303897857666
adammini-adaptive_stochastic-r8,adammini,adaptive_stochastic,8,1.1B,sdpa,666,535,1097728,1.839969515800476,6.296346319023612,nan,nan,nan,nan,6.093371868133545,2.048999786376953,0.009314332157373428,2.048999786376953,1.9860579632222652,1.192082166671753,1566.5637693231615,6.28125,0.0007712022880000001,1,2048,,700.7249729633331
adammini-adaptive_stochastic-r8,adammini,adaptive_stochastic,8,1.1B,sdpa,666,536,1099776,1.9055695533752441,6.723235778993687,nan,nan,nan,nan,6.093371868133545,2.048999786376953,0.009314332157373428,2.048999786376953,1.9860579632222652,1.1891446113586426,1566.8228306998683,7.15625,0.000770402296,1,2048,,701.9147145748138
adammini-adaptive_stochastic-r8,adammini,adaptive_stochastic,8,1.1B,sdpa,666,537,1101824,2.0579662322998047,7.8300291456404825,nan,nan,nan,nan,6.093371868133545,2.048999786376953,0.009314332157373428,2.048999786376953,1.9860579632222652,1.186098575592041,1567.0913407493354,7.40625,0.0007696023040000001,1,2048,,703.1013262271881
adammini-adaptive_stochastic-r8,adammini,adaptive_stochastic,8,1.1B,sdpa,666,538,1103872,2.097066640853882,8.142250702334177,nan,nan,nan,nan,6.093371868133545,2.048999786376953,0.009314332157373428,2.048999786376953,1.9860579632222652,1.1863958835601807,1567.357095313952,10.75,0.000768802312,1,2048,,704.2887694835663
adammini-adaptive_stochastic-r8,adammini,adaptive_stochastic,8,1.1B,sdpa,666,539,1105920,2.1113150119781494,8.259094955504152,nan,nan,nan,nan,6.093371868133545,2.048999786376953,0.009314332157373428,2.048999786376953,1.9860579632222652,1.1866700649261475,1567.62021650314,10.625,0.0007680023200000001,1,2048,,705.4774007797241
adammini-adaptive_stochastic-r8,adammini,adaptive_stochastic,8,1.1B,sdpa,666,540,1107968,2.4509997367858887,11.599937808780123,nan,nan,nan,nan,6.093371868133545,2.048999786376953,0.009314332157373428,2.048999786376953,1.9860579632222652,1.1877918243408203,1567.881092831109,7.625,0.000767202328,1,2048,,706.6658339500427
adammini-adaptive_stochastic-r8,adammini,adaptive_stochastic,8,1.1B,sdpa,666,541,1110016,2.4904322624206543,12.06649088384865,nan,nan,nan,nan,6.093371868133545,2.048999786376953,0.009314332157373428,2.048999786376953,1.9860579632222652,1.1839277744293213,1568.1475335189978,6.59375,0.000766402336,1,2048,,707.8532681465149
adammini-adaptive_stochastic-r8,adammini,adaptive_stochastic,8,1.1B,sdpa,666,542,1112064,2.9038023948669434,18.243382195963786,nan,nan,nan,nan,6.093371868133545,2.048999786376953,0.009314332157373428,2.048999786376953,1.9860579632222652,1.1874656677246094,1568.3690060180184,6.5,0.000765602344,1,2048,,709.057623386383
adammini-adaptive_stochastic-r8,adammini,adaptive_stochastic,8,1.1B,sdpa,666,543,1114112,2.374427080154419,10.744855481365997,nan,nan,nan,nan,6.093371868133545,2.048999786376953,0.009314332157373428,2.048999786376953,1.9860579632222652,1.1867680549621582,1568.6305648235932,6.0625,0.0007648023520000001,1,2048,,710.2453684806824
adammini-adaptive_stochastic-r8,adammini,adaptive_stochastic,8,1.1B,sdpa,666,544,1116160,2.587839365005493,13.301001923781415,nan,nan,nan,nan,6.093371868133545,2.048999786376953,0.009314332157373428,2.048999786376953,1.9860579632222652,1.1857242584228516,1568.8926564777187,6.4375,0.00076400236,1,2048,,711.4317193031311
adammini-adaptive_stochastic-r8,adammini,adaptive_stochastic,8,1.1B,sdpa,666,545,1118208,2.7884392738342285,16.255629407059008,nan,nan,nan,nan,6.093371868133545,2.048999786376953,0.009314332157373428,2.048999786376953,1.9860579632222652,1.1863040924072266,1569.1514996425153,6.5625,0.000763202368,1,2048,,712.6195273399353
adammini-adaptive_stochastic-r8,adammini,adaptive_stochastic,8,1.1B,sdpa,666,546,1120256,2.5141923427581787,12.35662483032196,nan,nan,nan,nan,6.093371868133545,2.048999786376953,0.009314332157373428,2.048999786376953,1.9860579632222652,1.1865413188934326,1569.4089597767563,6.90625,0.0007624023759999999,1,2048,,713.8075726032257
adammini-adaptive_stochastic-r8,adammini,adaptive_stochastic,8,1.1B,sdpa,666,547,1122304,2.6976795196533203,14.845243629790282,nan,nan,nan,nan,6.093371868133545,2.048999786376953,0.009314332157373428,2.048999786376953,1.9860579632222652,1.184662103652954,1569.667485238472,6.46875,0.000761602384,1,2048,,714.9947428703308
adammini-adaptive_stochastic-r8,adammini,adaptive_stochastic,8,1.1B,sdpa,666,548,1124352,2.397139072418213,10.99168494014022,nan,nan,nan,nan,6.093371868133545,2.048999786376953,0.009314332157373428,2.048999786376953,1.9860579632222652,1.1830158233642578,1569.9242092221948,6.25,0.000760802392,1,2048,,716.1823439598083
adammini-adaptive_stochastic-r8,adammini,adaptive_stochastic,8,1.1B,sdpa,666,549,1126400,2.4534573554992676,11.628481092901088,nan,nan,nan,nan,6.093371868133545,2.048999786376953,0.009314332157373428,2.048999786376953,1.9860579632222652,1.1859526634216309,1570.1748156516312,6.71875,0.0007600024,1,2048,,717.3723516464233
adammini-adaptive_stochastic-r8,adammini,adaptive_stochastic,8,1.1B,sdpa,666,550,1128448,2.38639497756958,10.874221384343343,nan,nan,nan,nan,6.093371868133545,2.048999786376953,0.009314332157373428,2.048999786376953,1.9860579632222652,1.1884958744049072,1570.4154171486796,5.1875,0.0007592024079999999,1,2048,,718.5665574073792
adammini-adaptive_stochastic-r8,adammini,adaptive_stochastic,8,1.1B,sdpa,666,551,1130496,1.9261693954467773,6.863169734522567,nan,nan,nan,nan,6.093371868133545,2.048999786376953,0.009314332157373428,2.048999786376953,1.9860579632222652,1.189178466796875,1570.6610660773497,5.875,0.0007584024159999999,1,2048,,719.7580842971802
adammini-adaptive_stochastic-r8,adammini,adaptive_stochastic,8,1.1B,sdpa,666,552,1132544,2.784024477005005,16.184022287641994,nan,nan,nan,nan,6.093371868133545,2.048999786376953,0.009314332157373428,2.048999786376953,1.9860579632222652,1.1861441135406494,1570.9078880399825,5.71875,0.0007576024240000001,1,2048,,720.9487001895905
adammini-adaptive_stochastic-r8,adammini,adaptive_stochastic,8,1.1B,sdpa,666,553,1134592,3.0225672721862793,20.543965993107946,nan,nan,nan,nan,6.093371868133545,2.048999786376953,0.009314332157373428,2.048999786376953,1.9860579632222652,1.1828620433807373,1571.1609622292651,5.84375,0.000756802432,1,2048,,722.1360683441162
adammini-adaptive_stochastic-r8,adammini,adaptive_stochastic,8,1.1B,sdpa,666,554,1136640,2.2542946338653564,9.528569808705768,nan,nan,nan,nan,6.093371868133545,2.048999786376953,0.009314332157373428,2.048999786376953,1.9860579632222652,1.1844398975372314,1571.41269328876,6.15625,0.00075600244,1,2048,,723.3236722946167
adammini-adaptive_stochastic-r8,adammini,adaptive_stochastic,8,1.1B,sdpa,666,555,1138688,2.3549108505249023,10.537189434914268,nan,nan,nan,nan,6.093371868133545,2.048999786376953,0.009314332157373428,2.048999786376953,1.9860579632222652,1.1832215785980225,1571.6654884001039,5.65625,0.000755202448,1,2048,,724.5104053020477
adammini-adaptive_stochastic-r8,adammini,adaptive_stochastic,8,1.1B,sdpa,666,556,1140736,2.7033448219299316,14.929585106720861,nan,nan,nan,nan,6.093371868133545,2.048999786376953,0.009314332157373428,2.048999786376953,1.9860579632222652,1.1886699199676514,1571.9043223754948,5.5625,0.0007544024560000001,1,2048,,725.703202009201
adammini-adaptive_stochastic-r8,adammini,adaptive_stochastic,8,1.1B,sdpa,666,557,1142784,2.6487762928009033,14.136728839616186,nan,nan,nan,nan,6.093371868133545,2.048999786376953,0.009314332157373428,2.048999786376953,1.9860579632222652,1.185814619064331,1572.1465885348407,5.40625,0.0007536024640000001,1,2048,,726.8940494060516
adammini-adaptive_stochastic-r8,adammini,adaptive_stochastic,8,1.1B,sdpa,666,558,1144832,2.227919578552246,9.28053855030475,nan,nan,nan,nan,6.093371868133545,2.048999786376953,0.009314332157373428,2.048999786376953,1.9860579632222652,1.1870734691619873,1572.3849172325065,5.8125,0.0007528024720000001,1,2048,,728.0873537063599
adammini-adaptive_stochastic-r8,adammini,adaptive_stochastic,8,1.1B,sdpa,666,559,1146880,2.229177474975586,9.292219851947342,nan,nan,nan,nan,6.093371868133545,2.048999786376953,0.009314332157373428,2.048999786376953,1.9860579632222652,1.189316749572754,1572.621348411969,5.8125,0.00075200248,1,2048,,729.2791752815247
adammini-adaptive_stochastic-r8,adammini,adaptive_stochastic,8,1.1B,sdpa,666,560,1148928,2.5343472957611084,12.608198737001842,nan,nan,nan,nan,6.093371868133545,2.048999786376953,0.009314332157373428,2.048999786376953,1.9860579632222652,1.186711311340332,1572.8522988677985,5.65625,0.000751202488,1,2048,,730.4741842746735
adammini-adaptive_stochastic-r8,adammini,adaptive_stochastic,8,1.1B,sdpa,666,561,1150976,2.207111358642578,9.089422352974301,nan,nan,nan,nan,6.093371868133545,2.048999786376953,0.009314332157373428,2.048999786376953,1.9860579632222652,1.186896800994873,1573.0999362544558,5.90625,0.000750402496,1,2048,,731.6610810756683
adammini-adaptive_stochastic-r8,adammini,adaptive_stochastic,8,1.1B,sdpa,666,562,1153024,2.2696688175201416,9.676195696876318,nan,nan,nan,nan,6.093371868133545,2.048999786376953,0.009314332157373428,2.048999786376953,1.9860579632222652,1.189089298248291,1573.3397508784208,5.65625,0.0007496025040000001,1,2048,,732.8512480258942
adammini-adaptive_stochastic-r8,adammini,adaptive_stochastic,8,1.1B,sdpa,666,563,1155072,2.399827241897583,11.021272202093346,nan,nan,nan,nan,6.093371868133545,2.048999786376953,0.009314332157373428,2.048999786376953,1.9860579632222652,1.1857976913452148,1573.581599927723,6.1875,0.000748802512,1,2048,,734.0401031970978
adammini-adaptive_stochastic-r8,adammini,adaptive_stochastic,8,1.1B,sdpa,666,564,1157120,2.153637409210205,8.616141901140816,nan,nan,nan,nan,6.093371868133545,2.048999786376953,0.009314332157373428,2.048999786376953,1.9860579632222652,1.1903095245361328,1573.8129859590142,7.625,0.00074800252,1,2048,,735.2334809303284
adammini-adaptive_stochastic-r8,adammini,adaptive_stochastic,8,1.1B,sdpa,666,565,1159168,2.487459182739258,12.030669521244802,nan,nan,nan,nan,6.093371868133545,2.048999786376953,0.009314332157373428,2.048999786376953,1.9860579632222652,1.186171293258667,1574.0510678328835,6.4375,0.000747202528,1,2048,,736.4233751296997
adammini-adaptive_stochastic-r8,adammini,adaptive_stochastic,8,1.1B,sdpa,666,566,1161216,2.6008546352386475,13.475249538337854,nan,nan,nan,nan,6.093371868133545,2.048999786376953,0.009314332157373428,2.048999786376953,1.9860579632222652,1.1899969577789307,1574.2785469587818,6.25,0.000746402536,1,2048,,737.6178772449493
adammini-adaptive_stochastic-r8,adammini,adaptive_stochastic,8,1.1B,sdpa,666,567,1163264,2.464125871658325,11.753203851765768,nan,nan,nan,nan,6.093371868133545,2.048999786376953,0.009314332157373428,2.048999786376953,1.9860579632222652,1.202988624572754,1574.4580492080856,5.90625,0.000745602544,1,2048,,738.8345472812653
adammini-adaptive_stochastic-r8,adammini,adaptive_stochastic,8,1.1B,sdpa,666,568,1165312,2.258887529373169,9.572434189325639,nan,nan,nan,nan,6.093371868133545,2.048999786376953,0.009314332157373428,2.048999786376953,1.9860579632222652,1.203965425491333,1574.6607891481892,5.9375,0.000744802552,1,2048,,740.0400187969208
adammini-adaptive_stochastic-r8,adammini,adaptive_stochastic,8,1.1B,sdpa,666,569,1167360,2.462782859802246,11.737429754416764,nan,nan,nan,nan,6.093371868133545,2.048999786376953,0.009314332157373428,2.048999786376953,1.9860579632222652,1.20389723777771,1574.8640879144891,5.96875,0.00074400256,1,2048,,741.2449169158936
adammini-adaptive_stochastic-r8,adammini,adaptive_stochastic,8,1.1B,sdpa,666,570,1169408,2.3291547298431396,10.269257566457554,nan,nan,nan,nan,6.093371868133545,2.048999786376953,0.009314332157373428,2.048999786376953,1.9860579632222652,1.2007505893707275,1575.073366386094,5.4375,0.0007432025680000001,1,2048,,742.4466853141785
adammini-adaptive_stochastic-r8,adammini,adaptive_stochastic,8,1.1B,sdpa,666,571,1171456,2.18804669380188,8.91777694217605,nan,nan,nan,nan,6.093371868133545,2.048999786376953,0.009314332157373428,2.048999786376953,1.9860579632222652,1.1977019309997559,1575.28424419081,6.28125,0.000742402576,1,2048,,743.647379398346
adammini-adaptive_stochastic-r8,adammini,adaptive_stochastic,8,1.1B,sdpa,666,572,1173504,2.1413395404815674,8.510830598629061,nan,nan,nan,nan,6.093371868133545,2.048999786376953,0.009314332157373428,2.048999786376953,1.9860579632222652,1.2015705108642578,1575.4838170935768,6.03125,0.000741602584,1,2048,,744.8530967235565
adammini-adaptive_stochastic-r8,adammini,adaptive_stochastic,8,1.1B,sdpa,666,573,1175552,2.5163094997406006,12.38281345779618,nan,nan,nan,nan,6.093371868133545,2.048999786376953,0.009314332157373428,2.048999786376953,1.9860579632222652,1.2010042667388916,1575.6841981544758,6.59375,0.000740802592,1,2048,,746.0581259727478
adammini-adaptive_stochastic-r8,adammini,adaptive_stochastic,8,1.1B,sdpa,666,574,1177600,2.4544332027435303,11.639834252704464,nan,nan,nan,nan,6.093371868133545,2.048999786376953,0.009314332157373428,2.048999786376953,1.9860579632222652,1.2036480903625488,1575.8761995018556,5.75,0.0007400026,1,2048,,747.2668223381042
adammini-adaptive_stochastic-r8,adammini,adaptive_stochastic,8,1.1B,sdpa,666,575,1179648,2.408891439437866,11.121625313610979,nan,nan,nan,nan,6.093371868133545,2.048999786376953,0.009314332157373428,2.048999786376953,1.9860579632222652,1.2053039073944092,1576.0631321781302,5.46875,0.0007392026080000001,1,2048,,748.4776313304901
adammini-adaptive_stochastic-r8,adammini,adaptive_stochastic,8,1.1B,sdpa,666,576,1181696,2.5496108531951904,12.802120908744758,nan,nan,nan,nan,6.093371868133545,2.048999786376953,0.009314332157373428,2.048999786376953,1.9860579632222652,1.162461280822754,1576.3477865893972,5.375,0.0007384026159999999,1,2048,,749.6416780948639
adammini-adaptive_stochastic-r8,adammini,adaptive_stochastic,8,1.1B,sdpa,666,577,1183744,2.2936320304870605,9.910868968154514,nan,nan,nan,nan,6.093371868133545,2.048999786376953,0.009314332157373428,2.048999786376953,1.9860579632222652,1.1361634731292725,1576.68243503565,5.84375,0.000737602624,1,2048,,750.7814977169037
adammini-adaptive_stochastic-r8,adammini,adaptive_stochastic,8,1.1B,sdpa,666,578,1185792,2.232672929763794,9.324757219641755,nan,nan,nan,nan,6.093371868133545,2.048999786376953,0.009314332157373428,2.048999786376953,1.9860579632222652,1.1322541236877441,1577.0245801192284,6.09375,0.000736802632,1,2048,,751.9172592163086
adammini-adaptive_stochastic-r8,adammini,adaptive_stochastic,8,1.1B,sdpa,666,579,1187840,2.0543670654296875,7.8018982184653325,nan,nan,nan,nan,6.093371868133545,2.048999786376953,0.009314332157373428,2.048999786376953,1.9860579632222652,1.1368348598480225,1577.3487337711613,5.0,0.00073600264,1,2048,,753.0611174106598
adammini-adaptive_stochastic-r8,adammini,adaptive_stochastic,8,1.1B,sdpa,666,580,1189888,2.436628580093384,11.43442543562944,nan,nan,nan,nan,6.093371868133545,2.048999786376953,0.009314332157373428,2.048999786376953,1.9860579632222652,1.1328294277191162,1577.693921511849,5.28125,0.000735202648,1,2048,,754.194450378418
adammini-adaptive_stochastic-r8,adammini,adaptive_stochastic,8,1.1B,sdpa,666,581,1191936,2.501349687576294,12.198947622604294,nan,nan,nan,nan,6.093371868133545,2.048999786376953,0.009314332157373428,2.048999786376953,1.9860579632222652,1.13348388671875,1578.0293510845913,4.9375,0.0007344026559999999,1,2048,,755.3319582939148
adammini-adaptive_stochastic-r8,adammini,adaptive_stochastic,8,1.1B,sdpa,666,582,1193984,2.4689507484436035,11.810048636447616,nan,nan,nan,nan,6.093371868133545,2.048999786376953,0.009314332157373428,2.048999786376953,1.9860579632222652,1.1365830898284912,1578.3520901792037,5.78125,0.0007336026640000001,1,2048,,756.4750649929047
adammini-adaptive_stochastic-r8,adammini,adaptive_stochastic,8,1.1B,sdpa,666,583,1196032,1.7169924974441528,5.567758211576147,nan,nan,nan,nan,6.093371868133545,2.048999786376953,0.009314332157373428,2.048999786376953,1.9860579632222652,1.1371545791625977,1578.679977960345,5.75,0.0007328026720000001,1,2048,,757.6152334213257
adammini-adaptive_stochastic-r8,adammini,adaptive_stochastic,8,1.1B,sdpa,666,584,1198080,2.423987627029419,11.29079313757619,nan,nan,nan,nan,6.093371868133545,2.048999786376953,0.009314332157373428,2.048999786376953,1.9860579632222652,1.1355795860290527,1579.0108049595876,6.84375,0.00073200268,1,2048,,758.753515958786
adammini-adaptive_stochastic-r8,adammini,adaptive_stochastic,8,1.1B,sdpa,666,585,1200128,2.814328670501709,16.681972919835925,nan,nan,nan,nan,6.093371868133545,2.048999786376953,0.009314332157373428,2.048999786376953,1.9860579632222652,1.1340210437774658,1579.3400769265402,6.75,0.0007312026880000001,1,2048,,759.8920698165894
adammini-adaptive_stochastic-r8,adammini,adaptive_stochastic,8,1.1B,sdpa,666,586,1202176,2.0628435611724854,7.868312056148286,nan,nan,nan,nan,6.093371868133545,2.048999786376953,0.009314332157373428,2.048999786376953,1.9860579632222652,1.1353285312652588,1579.6687402739528,7.875,0.0007304026959999999,1,2048,,761.030442237854
adammini-adaptive_stochastic-r8,adammini,adaptive_stochastic,8,1.1B,sdpa,666,587,1204224,2.2462809085845947,9.452515613667934,nan,nan,nan,nan,6.093371868133545,2.048999786376953,0.009314332157373428,2.048999786376953,1.9860579632222652,1.1327018737792969,1580.001957439043,6.03125,0.0007296027040000001,1,2048,,762.1661443710327
adammini-adaptive_stochastic-r8,adammini,adaptive_stochastic,8,1.1B,sdpa,666,588,1206272,2.2816126346588135,9.792459342613094,nan,nan,nan,nan,6.093371868133545,2.048999786376953,0.009314332157373428,2.048999786376953,1.9860579632222652,1.133624792098999,1580.3312178597507,6.0,0.000728802712,1,2048,,763.3043351173401
adammini-adaptive_stochastic-r8,adammini,adaptive_stochastic,8,1.1B,sdpa,666,589,1208320,2.461949586868286,11.727653345662237,nan,nan,nan,nan,6.093371868133545,2.048999786376953,0.009314332157373428,2.048999786376953,1.9860579632222652,1.1413543224334717,1580.6402468420658,6.84375,0.00072800272,1,2048,,764.4497237205505
adammini-adaptive_stochastic-r8,adammini,adaptive_stochastic,8,1.1B,sdpa,666,590,1210368,2.0294349193573,7.609785001388138,nan,nan,nan,nan,6.093371868133545,2.048999786376953,0.009314332157373428,2.048999786376953,1.9860579632222652,1.1359992027282715,1580.956484169111,5.5625,0.000727202728,1,2048,,765.5922298431396
adammini-adaptive_stochastic-r8,adammini,adaptive_stochastic,8,1.1B,sdpa,666,591,1212416,2.206804037094116,9.086629406810413,nan,nan,nan,nan,6.093371868133545,2.048999786376953,0.009314332157373428,2.048999786376953,1.9860579632222652,1.1712720394134521,1581.2083314592421,5.34375,0.000726402736,1,2048,,766.7655019760132
adammini-adaptive_stochastic-r8,adammini,adaptive_stochastic,8,1.1B,sdpa,666,592,1214464,2.4261038303375244,11.314712051080633,nan,nan,nan,nan,6.093371868133545,2.048999786376953,0.009314332157373428,2.048999786376953,1.9860579632222652,1.2491497993469238,1581.2967289500277,5.9375,0.0007256027440000001,1,2048,,768.0177779197693
adammini-adaptive_stochastic-r8,adammini,adaptive_stochastic,8,1.1B,sdpa,666,593,1216512,2.6399385929107666,14.012343124109394,nan,nan,nan,nan,6.093371868133545,2.048999786376953,0.009314332157373428,2.048999786376953,1.9860579632222652,1.2087931632995605,1581.4652702691606,6.59375,0.000724802752,1,2048,,769.2309296131134
adammini-adaptive_stochastic-r8,adammini,adaptive_stochastic,8,1.1B,sdpa,666,594,1218560,1.875923752784729,6.52684552817821,nan,nan,nan,nan,6.093371868133545,2.048999786376953,0.009314332157373428,2.048999786376953,1.9860579632222652,1.2447419166564941,1581.5622688160583,5.90625,0.00072400276,1,2048,,770.4786741733551
adammini-adaptive_stochastic-r8,adammini,adaptive_stochastic,8,1.1B,sdpa,666,595,1220608,2.1457931995391846,8.548819468356703,nan,nan,nan,nan,6.093371868133545,2.048999786376953,0.009314332157373428,2.048999786376953,1.9860579632222652,1.2149744033813477,1581.7179211440755,6.15625,0.000723202768,1,2048,,771.6976482868195
adammini-adaptive_stochastic-r8,adammini,adaptive_stochastic,8,1.1B,sdpa,666,596,1222656,2.1176862716674805,8.31188378135254,nan,nan,nan,nan,6.093371868133545,2.048999786376953,0.009314332157373428,2.048999786376953,1.9860579632222652,1.2837753295898438,1581.7343312349426,6.21875,0.000722402776,1,2048,,772.9844233989716
adammini-adaptive_stochastic-r8,adammini,adaptive_stochastic,8,1.1B,sdpa,666,597,1224704,2.5656304359436035,13.008857036092843,nan,nan,nan,nan,6.093371868133545,2.048999786376953,0.009314332157373428,2.048999786376953,1.9860579632222652,1.2129626274108887,1581.8931971681445,6.8125,0.000721602784,1,2048,,774.2014455795288
adammini-adaptive_stochastic-r8,adammini,adaptive_stochastic,8,1.1B,sdpa,666,598,1226752,2.6107089519500732,13.608695343788213,nan,nan,nan,nan,6.093371868133545,2.048999786376953,0.009314332157373428,2.048999786376953,1.9860579632222652,1.2057654857635498,1582.0684132397594,7.84375,0.000720802792,1,2048,,775.4102096557617
adammini-adaptive_stochastic-r8,adammini,adaptive_stochastic,8,1.1B,sdpa,666,599,1228800,2.4404385089874268,11.478072877511176,nan,nan,nan,nan,6.093371868133545,2.048999786376953,0.009314332157373428,2.048999786376953,1.9860579632222652,15.39238977432251,1553.855527612109,6.78125,0.0007200027999999999,1,2048,,790.8071105480194
adammini-adaptive_stochastic-r8,adammini,adaptive_stochastic,8,1.1B,sdpa,666,600,1230848,2.703378200531006,14.930083443703191,2.2780522714622333,9.757656622691028,2.2780522714622333,9.757656622691028,6.093371868133545,2.048999786376953,0.009314332157373428,2.048999786376953,1.9860579632222652,1.3000569343566895,1553.882836616488,8.75,0.0007192028080000001,1,2048,,793.6840240955353
adammini-adaptive_stochastic-r8,adammini,adaptive_stochastic,8,1.1B,sdpa,666,601,1232896,3.0737290382385254,21.62238321805767,nan,nan,nan,nan,6.093371868133545,2.048999786376953,0.009314332157373428,2.048999786376953,1.9860579632222652,1.3222742080688477,1550.7931206365558,7.78125,0.0007184028159999999,1,2048,,795.0099749565125
adammini-adaptive_stochastic-r8,adammini,adaptive_stochastic,8,1.1B,sdpa,666,602,1234944,2.4140939712524414,11.179636695318052,nan,nan,nan,nan,6.093371868133545,2.048999786376953,0.009314332157373428,2.048999786376953,1.9860579632222652,1.298271894454956,1550.825607135721,6.59375,0.000717602824,1,2048,,796.3139081001282
adammini-adaptive_stochastic-r8,adammini,adaptive_stochastic,8,1.1B,sdpa,666,603,1236992,2.220996141433716,9.216507239375803,nan,nan,nan,nan,6.093371868133545,2.048999786376953,0.009314332157373428,2.048999786376953,1.9860579632222652,1.183034896850586,1551.0901702608269,6.0,0.0007168028319999999,1,2048,,797.4984457492828
adammini-adaptive_stochastic-r8,adammini,adaptive_stochastic,8,1.1B,sdpa,666,604,1239040,2.2798776626586914,9.775484429598773,nan,nan,nan,nan,6.093371868133545,2.048999786376953,0.009314332157373428,2.048999786376953,1.9860579632222652,1.187053918838501,1551.3373438276974,5.71875,0.00071600284,1,2048,,798.6915321350098
adammini-adaptive_stochastic-r8,adammini,adaptive_stochastic,8,1.1B,sdpa,666,605,1241088,2.0258822441101074,7.582797873213214,nan,nan,nan,nan,6.093371868133545,2.048999786376953,0.009314332157373428,2.048999786376953,1.9860579632222652,1.1799662113189697,1551.5857571215456,5.90625,0.000715202848,1,2048,,799.883599281311
adammini-adaptive_stochastic-r8,adammini,adaptive_stochastic,8,1.1B,sdpa,666,606,1243136,2.2160494327545166,9.171028440944873,nan,nan,nan,nan,6.093371868133545,2.048999786376953,0.009314332157373428,2.048999786376953,1.9860579632222652,1.181084156036377,1551.852778249168,4.90625,0.0007144028559999999,1,2048,,801.0656793117523
adammini-adaptive_stochastic-r8,adammini,adaptive_stochastic,8,1.1B,sdpa,666,607,1245184,2.31634783744812,10.13857886994637,nan,nan,nan,nan,6.093371868133545,2.048999786376953,0.009314332157373428,2.048999786376953,1.9860579632222652,1.1785032749176025,1552.1230310943777,4.96875,0.0007136028639999999,1,2048,,802.2456822395325
adammini-adaptive_stochastic-r8,adammini,adaptive_stochastic,8,1.1B,sdpa,666,608,1247232,2.158519744873047,8.658311657706667,nan,nan,nan,nan,6.093371868133545,2.048999786376953,0.009314332157373428,2.048999786376953,1.9860579632222652,1.1742048263549805,1552.4007887591806,5.4375,0.0007128028719999999,1,2048,,803.4213902950287
adammini-adaptive_stochastic-r8,adammini,adaptive_stochastic,8,1.1B,sdpa,666,609,1249280,2.4000141620635986,11.023332492671996,nan,nan,nan,nan,6.093371868133545,2.048999786376953,0.009314332157373428,2.048999786376953,1.9860579632222652,1.175907850265503,1552.669789427171,5.375,0.00071200288,1,2048,,804.6012156009674
adammini-adaptive_stochastic-r8,adammini,adaptive_stochastic,8,1.1B,sdpa,666,610,1251328,2.0737862586975098,7.954885424226352,nan,nan,nan,nan,6.093371868133545,2.048999786376953,0.009314332157373428,2.048999786376953,1.9860579632222652,1.1765670776367188,1552.9336661470861,5.78125,0.0007112028880000001,1,2048,,805.7832908630371
adammini-adaptive_stochastic-r8,adammini,adaptive_stochastic,8,1.1B,sdpa,666,611,1253376,2.082634449005127,8.02558408066654,nan,nan,nan,nan,6.093371868133545,2.048999786376953,0.009314332157373428,2.048999786376953,1.9860579632222652,1.178525447845459,1553.1963659666137,5.34375,0.000710402896,1,2048,,806.9655759334564
adammini-adaptive_stochastic-r8,adammini,adaptive_stochastic,8,1.1B,sdpa,666,612,1255424,1.7052572965621948,5.5028013369466455,nan,nan,nan,nan,6.093371868133545,2.048999786376953,0.009314332157373428,2.048999786376953,1.9860579632222652,1.1744444370269775,1553.466621277904,6.90625,0.000709602904,1,2048,,808.1435306072235
adammini-adaptive_stochastic-r8,adammini,adaptive_stochastic,8,1.1B,sdpa,666,613,1257472,2.343190908432007,10.414415044611667,nan,nan,nan,nan,6.093371868133545,2.048999786376953,0.009314332157373428,2.048999786376953,1.9860579632222652,1.175340175628662,1553.7324052778647,7.28125,0.0007088029120000001,1,2048,,809.3234045505524
adammini-adaptive_stochastic-r8,adammini,adaptive_stochastic,8,1.1B,sdpa,666,614,1259520,2.0398337841033936,7.689331003606686,nan,nan,nan,nan,6.093371868133545,2.048999786376953,0.009314332157373428,2.048999786376953,1.9860579632222652,1.159135341644287,1554.0294734287743,6.25,0.00070800292,1,2048,,810.486558675766
adammini-adaptive_stochastic-r8,adammini,adaptive_stochastic,8,1.1B,sdpa,666,615,1261568,2.682816743850708,14.62623368149726,nan,nan,nan,nan,6.093371868133545,2.048999786376953,0.009314332157373428,2.048999786376953,1.9860579632222652,1.1249487400054932,1554.3784653160722,6.15625,0.0007072029280000001,1,2048,,811.6221551895142
adammini-adaptive_stochastic-r8,adammini,adaptive_stochastic,8,1.1B,sdpa,666,616,1263616,2.915418863296509,18.45654155174202,nan,nan,nan,nan,6.093371868133545,2.048999786376953,0.009314332157373428,2.048999786376953,1.9860579632222652,1.135277509689331,1554.7250480830683,6.0,0.0007064029359999999,1,2048,,812.758501291275
adammini-adaptive_stochastic-r8,adammini,adaptive_stochastic,8,1.1B,sdpa,666,617,1265664,2.6926069259643555,14.770130411124887,nan,nan,nan,nan,6.093371868133545,2.048999786376953,0.009314332157373428,2.048999786376953,1.9860579632222652,1.13478422164917,1555.073647280878,5.59375,0.0007056029440000001,1,2048,,813.8932855129242
adammini-adaptive_stochastic-r8,adammini,adaptive_stochastic,8,1.1B,sdpa,666,618,1267712,2.7756147384643555,16.04848958773211,nan,nan,nan,nan,6.093371868133545,2.048999786376953,0.009314332157373428,2.048999786376953,1.9860579632222652,1.1372733116149902,1555.4145749312688,5.8125,0.000704802952,1,2048,,815.0315809249878
adammini-adaptive_stochastic-r8,adammini,adaptive_stochastic,8,1.1B,sdpa,666,619,1269760,2.179452657699585,8.84146562596544,nan,nan,nan,nan,6.093371868133545,2.048999786376953,0.009314332157373428,2.048999786376953,1.9860579632222652,1.1337916851043701,1555.7516784884747,5.71875,0.00070400296,1,2048,,816.1723799705505
adammini-adaptive_stochastic-r8,adammini,adaptive_stochastic,8,1.1B,sdpa,666,620,1271808,1.9579578638076782,7.084844065577782,nan,nan,nan,nan,6.093371868133545,2.048999786376953,0.009314332157373428,2.048999786376953,1.9860579632222652,1.1372101306915283,1556.0889739092195,5.84375,0.000703202968,1,2048,,817.3111114501953
adammini-adaptive_stochastic-r8,adammini,adaptive_stochastic,8,1.1B,sdpa,666,621,1273856,1.663439154624939,5.277429566345988,nan,nan,nan,nan,6.093371868133545,2.048999786376953,0.009314332157373428,2.048999786376953,1.9860579632222652,1.132758617401123,1556.43460822945,5.34375,0.000702402976,1,2048,,818.4449210166931
adammini-adaptive_stochastic-r8,adammini,adaptive_stochastic,8,1.1B,sdpa,666,622,1275904,1.9996827840805054,7.38671254443208,nan,nan,nan,nan,6.093371868133545,2.048999786376953,0.009314332157373428,2.048999786376953,1.9860579632222652,1.1342918872833252,1556.7723709239615,5.75,0.000701602984,1,2048,,819.5828907489777
adammini-adaptive_stochastic-r8,adammini,adaptive_stochastic,8,1.1B,sdpa,666,623,1277952,2.6329269409179688,13.914437093142705,nan,nan,nan,nan,6.093371868133545,2.048999786376953,0.009314332157373428,2.048999786376953,1.9860579632222652,1.131012201309204,1557.1136728731458,5.78125,0.000700802992,1,2048,,820.718501329422
adammini-adaptive_stochastic-r8,adammini,adaptive_stochastic,8,1.1B,sdpa,666,624,1280000,2.3847575187683105,10.856429865245687,nan,nan,nan,nan,6.093371868133545,2.048999786376953,0.009314332157373428,2.048999786376953,1.9860579632222652,1.136033535003662,1557.4446858868175,7.03125,0.0007000029999999999,1,2048,,821.859043598175
adammini-adaptive_stochastic-r8,adammini,adaptive_stochastic,8,1.1B,sdpa,666,625,1282048,2.539857864379883,12.677868866012233,nan,nan,nan,nan,6.093371868133545,2.048999786376953,0.009314332157373428,2.048999786376953,1.9860579632222652,1.1397817134857178,1557.768431971148,5.625,0.000699203008,1,2048,,823.0034642219543
adammini-adaptive_stochastic-r8,adammini,adaptive_stochastic,8,1.1B,sdpa,666,626,1284096,2.004035711288452,7.418936449719593,nan,nan,nan,nan,6.093371868133545,2.048999786376953,0.009314332157373428,2.048999786376953,1.9860579632222652,1.1421096324920654,1558.0838002188184,7.0625,0.000698403016,1,2048,,824.1513402462006
adammini-adaptive_stochastic-r8,adammini,adaptive_stochastic,8,1.1B,sdpa,666,627,1286144,2.827763319015503,16.90760158983973,nan,nan,nan,nan,6.093371868133545,2.048999786376953,0.009314332157373428,2.048999786376953,1.9860579632222652,1.1411187648773193,1558.404312242017,5.40625,0.000697603024,1,2048,,825.2954576015472
adammini-adaptive_stochastic-r8,adammini,adaptive_stochastic,8,1.1B,sdpa,666,628,1288192,2.28620982170105,9.837580746113563,nan,nan,nan,nan,6.093371868133545,2.048999786376953,0.009314332157373428,2.048999786376953,1.9860579632222652,1.381702184677124,1558.2694237019532,5.53125,0.0006968030319999999,1,2048,,826.6811761856079
adammini-adaptive_stochastic-r8,adammini,adaptive_stochastic,8,1.1B,sdpa,666,629,1290240,2.224719762802124,9.250889997132754,nan,nan,nan,nan,6.093371868133545,2.048999786376953,0.009314332157373428,2.048999786376953,1.9860579632222652,1.1426424980163574,1558.580228096562,6.15625,0.0006960030399999999,1,2048,,827.8303399085999
adammini-adaptive_stochastic-r8,adammini,adaptive_stochastic,8,1.1B,sdpa,666,630,1292288,1.9038887023925781,6.7119445136534885,nan,nan,nan,nan,6.093371868133545,2.048999786376953,0.009314332157373428,2.048999786376953,1.9860579632222652,1.137636423110962,1558.9071269169128,5.21875,0.0006952030480000001,1,2048,,828.9704868793488
adammini-adaptive_stochastic-r8,adammini,adaptive_stochastic,8,1.1B,sdpa,666,631,1294336,2.0802011489868164,8.006079167053393,nan,nan,nan,nan,6.093371868133545,2.048999786376953,0.009314332157373428,2.048999786376953,1.9860579632222652,1.139023780822754,1559.227683926676,5.53125,0.000694403056,1,2048,,830.1135320663452
adammini-adaptive_stochastic-r8,adammini,adaptive_stochastic,8,1.1B,sdpa,666,632,1296384,2.424900770187378,11.30110795681427,nan,nan,nan,nan,6.093371868133545,2.048999786376953,0.009314332157373428,2.048999786376953,1.9860579632222652,1.138702392578125,1559.5478388635886,5.6875,0.000693603064,1,2048,,831.2563216686249
adammini-adaptive_stochastic-r8,adammini,adaptive_stochastic,8,1.1B,sdpa,666,633,1298432,2.4224183559417725,11.273088717499329,nan,nan,nan,nan,6.093371868133545,2.048999786376953,0.009314332157373428,2.048999786376953,1.9860579632222652,1.141733169555664,1559.8567856329462,6.90625,0.000692803072,1,2048,,832.4046232700348
adammini-adaptive_stochastic-r8,adammini,adaptive_stochastic,8,1.1B,sdpa,666,634,1300480,2.48089337348938,11.951937193587293,nan,nan,nan,nan,6.093371868133545,2.048999786376953,0.009314332157373428,2.048999786376953,1.9860579632222652,1.1434950828552246,1560.1682115574422,6.03125,0.0006920030799999999,1,2048,,833.5511455535889
adammini-adaptive_stochastic-r8,adammini,adaptive_stochastic,8,1.1B,sdpa,666,635,1302528,2.4387059211730957,11.458203326153344,nan,nan,nan,nan,6.093371868133545,2.048999786376953,0.009314332157373428,2.048999786376953,1.9860579632222652,1.1425988674163818,1560.4784365081873,5.46875,0.0006912030880000001,1,2048,,834.6978526115417
adammini-adaptive_stochastic-r8,adammini,adaptive_stochastic,8,1.1B,sdpa,666,636,1304576,2.4328866004943848,11.391718003926025,nan,nan,nan,nan,6.093371868133545,2.048999786376953,0.009314332157373428,2.048999786376953,1.9860579632222652,1.1403999328613281,1560.7948186777426,10.625,0.0006904030960000001,1,2048,,835.8408064842224
adammini-adaptive_stochastic-r8,adammini,adaptive_stochastic,8,1.1B,sdpa,666,637,1306624,2.563711643218994,12.983919668327552,nan,nan,nan,nan,6.093371868133545,2.048999786376953,0.009314332157373428,2.048999786376953,1.9860579632222652,1.1426920890808105,1561.1024177812844,8.5625,0.000689603104,1,2048,,836.9880061149597
adammini-adaptive_stochastic-r8,adammini,adaptive_stochastic,8,1.1B,sdpa,666,638,1308672,2.2759346961975098,9.737015912227074,nan,nan,nan,nan,6.093371868133545,2.048999786376953,0.009314332157373428,2.048999786376953,1.9860579632222652,1.1430554389953613,1561.4075278747264,5.59375,0.0006888031120000001,1,2048,,838.1370899677277
adammini-adaptive_stochastic-r8,adammini,adaptive_stochastic,8,1.1B,sdpa,666,639,1310720,2.369184970855713,10.688677149658353,nan,nan,nan,nan,6.093371868133545,2.048999786376953,0.009314332157373428,2.048999786376953,1.9860579632222652,1.1397271156311035,1561.7208282752542,5.96875,0.00068800312,1,2048,,839.2793233394623
adammini-adaptive_stochastic-r8,adammini,adaptive_stochastic,8,1.1B,sdpa,666,640,1312768,2.27014422416687,9.680796918264614,nan,nan,nan,nan,6.093371868133545,2.048999786376953,0.009314332157373428,2.048999786376953,1.9860579632222652,1.1380114555358887,1562.0330215050897,6.21875,0.0006872031280000001,1,2048,,840.4232347011566
adammini-adaptive_stochastic-r8,adammini,adaptive_stochastic,8,1.1B,sdpa,666,641,1314816,2.429084062576294,11.348482818076539,nan,nan,nan,nan,6.093371868133545,2.048999786376953,0.009314332157373428,2.048999786376953,1.9860579632222652,1.1391966342926025,1562.3433550489187,5.375,0.000686403136,1,2048,,841.5666093826294
adammini-adaptive_stochastic-r8,adammini,adaptive_stochastic,8,1.1B,sdpa,666,642,1316864,2.4496493339538574,11.584283791904992,nan,nan,nan,nan,6.093371868133545,2.048999786376953,0.009314332157373428,2.048999786376953,1.9860579632222652,1.1404662132263184,1562.6517403837424,5.5625,0.000685603144,1,2048,,842.7111210823059
adammini-adaptive_stochastic-r8,adammini,adaptive_stochastic,8,1.1B,sdpa,666,643,1318912,2.4176604747772217,11.219580095797147,nan,nan,nan,nan,6.093371868133545,2.048999786376953,0.009314332157373428,2.048999786376953,1.9860579632222652,1.140167236328125,1562.9615439633465,5.375,0.0006848031520000001,1,2048,,843.8554227352142
adammini-adaptive_stochastic-r8,adammini,adaptive_stochastic,8,1.1B,sdpa,666,644,1320960,2.463517427444458,11.746054857990258,nan,nan,nan,nan,6.093371868133545,2.048999786376953,0.009314332157373428,2.048999786376953,1.9860579632222652,1.1415908336639404,1563.2671715498711,5.5,0.00068400316,1,2048,,844.9995138645172
adammini-adaptive_stochastic-r8,adammini,adaptive_stochastic,8,1.1B,sdpa,666,645,1323008,2.099565029144287,8.162618639059113,nan,nan,nan,nan,6.093371868133545,2.048999786376953,0.009314332157373428,2.048999786376953,1.9860579632222652,1.1452219486236572,1563.5634121595958,7.25,0.000683203168,1,2048,,846.1492445468903
adammini-adaptive_stochastic-r8,adammini,adaptive_stochastic,8,1.1B,sdpa,666,646,1325056,2.0676796436309814,7.906456021400039,nan,nan,nan,nan,6.093371868133545,2.048999786376953,0.009314332157373428,2.048999786376953,1.9860579632222652,1.1419968605041504,1563.870399739678,6.3125,0.000682403176,1,2048,,847.2927169799805
adammini-adaptive_stochastic-r8,adammini,adaptive_stochastic,8,1.1B,sdpa,666,647,1327104,1.8572312593460083,6.405975709512875,nan,nan,nan,nan,6.093371868133545,2.048999786376953,0.009314332157373428,2.048999786376953,1.9860579632222652,1.2061152458190918,1564.053680118438,5.75,0.0006816031839999999,1,2048,,848.5028467178345
adammini-adaptive_stochastic-r8,adammini,adaptive_stochastic,8,1.1B,sdpa,666,648,1329152,2.3885858058929443,10.898071052271368,nan,nan,nan,nan,6.093371868133545,2.048999786376953,0.009314332157373428,2.048999786376953,1.9860579632222652,1.2040801048278809,1564.2369695298305,5.3125,0.0006808031920000001,1,2048,,849.7126879692078
adammini-adaptive_stochastic-r8,adammini,adaptive_stochastic,8,1.1B,sdpa,666,649,1331200,2.7098324298858643,15.02675726845931,nan,nan,nan,nan,6.093371868133545,2.048999786376953,0.009314332157373428,2.048999786376953,1.9860579632222652,1.2022998332977295,1564.4336027478305,5.53125,0.0006800032,1,2048,,850.9149878025055
adammini-adaptive_stochastic-r8,adammini,adaptive_stochastic,8,1.1B,sdpa,666,650,1333248,2.0286569595336914,7.603867196596411,nan,nan,nan,nan,6.093371868133545,2.048999786376953,0.009314332157373428,2.048999786376953,1.9860579632222652,1.2036290168762207,1564.6187980402167,5.125,0.000679203208,1,2048,,852.1232147216797
adammini-adaptive_stochastic-r8,adammini,adaptive_stochastic,8,1.1B,sdpa,666,651,1335296,2.0128164291381836,7.484366880108223,nan,nan,nan,nan,6.093371868133545,2.048999786376953,0.009314332157373428,2.048999786376953,1.9860579632222652,1.2073721885681152,1564.7986067903526,4.90625,0.000678403216,1,2048,,853.3340930938721
adammini-adaptive_stochastic-r8,adammini,adaptive_stochastic,8,1.1B,sdpa,666,652,1337344,2.3171985149383545,10.147207200216844,nan,nan,nan,nan,6.093371868133545,2.048999786376953,0.009314332157373428,2.048999786376953,1.9860579632222652,1.1775307655334473,1565.029938252085,6.28125,0.000677603224,1,2048,,854.5165605545044
adammini-adaptive_stochastic-r8,adammini,adaptive_stochastic,8,1.1B,sdpa,666,653,1339392,2.122083902359009,8.348516866926829,nan,nan,nan,nan,6.093371868133545,2.048999786376953,0.009314332157373428,2.048999786376953,1.9860579632222652,1.2067742347717285,1565.2086078168675,5.3125,0.0006768032320000001,1,2048,,855.7274687290192
adammini-adaptive_stochastic-r8,adammini,adaptive_stochastic,8,1.1B,sdpa,666,654,1341440,2.5107831954956055,12.31457100118539,nan,nan,nan,nan,6.093371868133545,2.048999786376953,0.009314332157373428,2.048999786376953,1.9860579632222652,1.205904245376587,1565.390276237828,6.09375,0.0006760032399999999,1,2048,,856.9364588260651
adammini-adaptive_stochastic-r8,adammini,adaptive_stochastic,8,1.1B,sdpa,666,655,1343488,3.0132529735565186,20.35350175619243,nan,nan,nan,nan,6.093371868133545,2.048999786376953,0.009314332157373428,2.048999786376953,1.9860579632222652,1.2088446617126465,1565.565299389208,8.375,0.000675203248,1,2048,,858.1488108634949
adammini-adaptive_stochastic-r8,adammini,adaptive_stochastic,8,1.1B,sdpa,666,656,1345536,2.364474296569824,10.638444680350101,nan,nan,nan,nan,6.093371868133545,2.048999786376953,0.009314332157373428,2.048999786376953,1.9860579632222652,1.2021567821502686,1565.7501908161166,6.21875,0.0006744032559999999,1,2048,,859.3554756641388
adammini-adaptive_stochastic-r8,adammini,adaptive_stochastic,8,1.1B,sdpa,666,657,1347584,2.9037492275238037,18.24241226958698,nan,nan,nan,nan,6.093371868133545,2.048999786376953,0.009314332157373428,2.048999786376953,1.9860579632222652,1.2033374309539795,1565.9332682893685,6.4375,0.000673603264,1,2048,,860.5628523826599
adammini-adaptive_stochastic-r8,adammini,adaptive_stochastic,8,1.1B,sdpa,666,658,1349632,2.6512200832366943,14.171318289817265,nan,nan,nan,nan,6.093371868133545,2.048999786376953,0.009314332157373428,2.048999786376953,1.9860579632222652,1.1974682807922363,1566.12746088865,7.0,0.000672803272,1,2048,,861.7643549442291
adammini-adaptive_stochastic-r8,adammini,adaptive_stochastic,8,1.1B,sdpa,666,659,1351680,2.433771848678589,11.40180696656303,nan,nan,nan,nan,6.093371868133545,2.048999786376953,0.009314332157373428,2.048999786376953,1.9860579632222652,1.1996572017669678,1566.3131808785736,6.09375,0.0006720032799999999,1,2048,,862.9691791534424
adammini-adaptive_stochastic-r8,adammini,adaptive_stochastic,8,1.1B,sdpa,666,660,1353728,2.246192455291748,9.4516795445133,nan,nan,nan,nan,6.093371868133545,2.048999786376953,0.009314332157373428,2.048999786376953,1.9860579632222652,1.1996791362762451,1566.502301406167,6.90625,0.0006712032879999999,1,2048,,864.1723659038544
adammini-adaptive_stochastic-r8,adammini,adaptive_stochastic,8,1.1B,sdpa,666,661,1355776,2.850184679031372,17.2909748262022,nan,nan,nan,nan,6.093371868133545,2.048999786376953,0.009314332157373428,2.048999786376953,1.9860579632222652,1.210200548171997,1566.6704569949056,5.875,0.000670403296,1,2048,,865.3868424892426
adammini-adaptive_stochastic-r8,adammini,adaptive_stochastic,8,1.1B,sdpa,666,662,1357824,2.063068151473999,7.870079401182228,nan,nan,nan,nan,6.093371868133545,2.048999786376953,0.009314332157373428,2.048999786376953,1.9860579632222652,1.2112433910369873,1566.837642093267,5.46875,0.000669603304,1,2048,,866.6015951633453
adammini-adaptive_stochastic-r8,adammini,adaptive_stochastic,8,1.1B,sdpa,666,663,1359872,2.3111212253570557,10.085726690274768,nan,nan,nan,nan,6.093371868133545,2.048999786376953,0.009314332157373428,2.048999786376953,1.9860579632222652,1.197702169418335,1567.0270150227338,4.96875,0.0006688033120000001,1,2048,,867.8038010597229
adammini-adaptive_stochastic-r8,adammini,adaptive_stochastic,8,1.1B,sdpa,666,664,1361920,2.564116954803467,12.989183268007892,nan,nan,nan,nan,6.093371868133545,2.048999786376953,0.009314332157373428,2.048999786376953,1.9860579632222652,1.1901214122772217,1567.2273139503577,6.9375,0.0006680033199999999,1,2048,,868.9996581077576
adammini-adaptive_stochastic-r8,adammini,adaptive_stochastic,8,1.1B,sdpa,666,665,1363968,2.180321455001831,8.849150405223545,nan,nan,nan,nan,6.093371868133545,2.048999786376953,0.009314332157373428,2.048999786376953,1.9860579632222652,1.1883883476257324,1567.4305932900852,7.96875,0.0006672033280000001,1,2048,,870.1935548782349
adammini-adaptive_stochastic-r8,adammini,adaptive_stochastic,8,1.1B,sdpa,666,666,1366016,2.1837704181671143,8.879723491432856,nan,nan,nan,nan,6.093371868133545,2.048999786376953,0.009314332157373428,2.048999786376953,1.9860579632222652,1.1947393417358398,1567.6219901276002,7.21875,0.000666403336,1,2048,,871.3937470912933
adammini-adaptive_stochastic-r8,adammini,adaptive_stochastic,8,1.1B,sdpa,666,667,1368064,2.2859392166137695,9.834919006873466,nan,nan,nan,nan,6.093371868133545,2.048999786376953,0.009314332157373428,2.048999786376953,1.9860579632222652,1.1901907920837402,1567.8245007259804,5.4375,0.000665603344,1,2048,,872.5874607563019
adammini-adaptive_stochastic-r8,adammini,adaptive_stochastic,8,1.1B,sdpa,666,668,1370112,2.173238515853882,8.786693860455207,nan,nan,nan,nan,6.093371868133545,2.048999786376953,0.009314332157373428,2.048999786376953,1.9860579632222652,1.1916916370391846,1568.0210868044326,4.96875,0.0006648033520000001,1,2048,,873.7851684093475
adammini-adaptive_stochastic-r8,adammini,adaptive_stochastic,8,1.1B,sdpa,666,669,1372160,1.6837446689605713,5.385685868401309,nan,nan,nan,nan,6.093371868133545,2.048999786376953,0.009314332157373428,2.048999786376953,1.9860579632222652,1.1936790943145752,1568.2016024115687,5.65625,0.0006640033599999999,1,2048,,874.9895408153534
adammini-adaptive_stochastic-r8,adammini,adaptive_stochastic,8,1.1B,sdpa,666,670,1374208,1.8698025941848755,6.487015698260315,nan,nan,nan,nan,6.093371868133545,2.048999786376953,0.009314332157373428,2.048999786376953,1.9860579632222652,1.1929893493652344,1568.4019895109598,6.125,0.0006632033680000001,1,2048,,876.1835353374481
adammini-adaptive_stochastic-r8,adammini,adaptive_stochastic,8,1.1B,sdpa,666,671,1376256,1.5481733083724976,4.702871635293125,nan,nan,nan,nan,6.093371868133545,2.048999786376953,0.009314332157373428,2.048999786376953,1.9860579632222652,1.1944749355316162,1568.597394366541,4.8125,0.000662403376,1,2048,,877.3800115585327
adammini-adaptive_stochastic-r8,adammini,adaptive_stochastic,8,1.1B,sdpa,666,672,1378304,1.8880243301391602,6.606303903934953,nan,nan,nan,nan,6.093371868133545,2.048999786376953,0.009314332157373428,2.048999786376953,1.9860579632222652,1.1899311542510986,1568.7994706765744,5.375,0.000661603384,1,2048,,878.5724534988403
adammini-adaptive_stochastic-r8,adammini,adaptive_stochastic,8,1.1B,sdpa,666,673,1380352,2.4818317890167236,11.96315834125773,nan,nan,nan,nan,6.093371868133545,2.048999786376953,0.009314332157373428,2.048999786376953,1.9860579632222652,1.189119815826416,1568.9994944009504,8.0,0.000660803392,1,2048,,879.7657392024994
adammini-adaptive_stochastic-r8,adammini,adaptive_stochastic,8,1.1B,sdpa,666,674,1382400,2.4759433269500732,11.892920735856789,nan,nan,nan,nan,6.093371868133545,2.048999786376953,0.009314332157373428,2.048999786376953,1.9860579632222652,1.1913368701934814,1569.1889555499404,5.40625,0.0006600034,1,2048,,880.9646506309509
adammini-adaptive_stochastic-r8,adammini,adaptive_stochastic,8,1.1B,sdpa,666,675,1384448,2.736659526824951,15.435337549712141,nan,nan,nan,nan,6.093371868133545,2.048999786376953,0.009314332157373428,2.048999786376953,1.9860579632222652,1.1918952465057373,1569.3886051961942,5.90625,0.000659203408,1,2048,,882.1575455665588
adammini-adaptive_stochastic-r8,adammini,adaptive_stochastic,8,1.1B,sdpa,666,676,1386496,2.4753637313842773,11.886029648948542,nan,nan,nan,nan,6.093371868133545,2.048999786376953,0.009314332157373428,2.048999786376953,1.9860579632222652,1.1911146640777588,1569.5750778188108,6.0,0.000658403416,1,2048,,883.3575530052185
adammini-adaptive_stochastic-r8,adammini,adaptive_stochastic,8,1.1B,sdpa,666,677,1388544,2.4889450073242188,12.048558272274999,nan,nan,nan,nan,6.093371868133545,2.048999786376953,0.009314332157373428,2.048999786376953,1.9860579632222652,1.1903407573699951,1569.7754610655795,5.40625,0.0006576034239999999,1,2048,,884.5494368076324
adammini-adaptive_stochastic-r8,adammini,adaptive_stochastic,8,1.1B,sdpa,666,678,1390592,2.6205155849456787,13.742807343359038,nan,nan,nan,nan,6.093371868133545,2.048999786376953,0.009314332157373428,2.048999786376953,1.9860579632222652,1.2062809467315674,1569.9426127889121,5.125,0.0006568034320000001,1,2048,,885.7597651481628
adammini-adaptive_stochastic-r8,adammini,adaptive_stochastic,8,1.1B,sdpa,666,679,1392640,2.277754306793213,9.754749618878755,nan,nan,nan,nan,6.093371868133545,2.048999786376953,0.009314332157373428,2.048999786376953,1.9860579632222652,1.1657509803771973,1570.1766712201527,7.03125,0.00065600344,1,2048,,886.9320411682129
adammini-adaptive_stochastic-r8,adammini,adaptive_stochastic,8,1.1B,sdpa,666,680,1394688,2.2748465538024902,9.726426414897372,nan,nan,nan,nan,6.093371868133545,2.048999786376953,0.009314332157373428,2.048999786376953,1.9860579632222652,1.1551225185394287,1570.4360040594986,5.21875,0.000655203448,1,2048,,888.0896747112274
adammini-adaptive_stochastic-r8,adammini,adaptive_stochastic,8,1.1B,sdpa,666,681,1396736,2.205113172531128,9.071278129272493,nan,nan,nan,nan,6.093371868133545,2.048999786376953,0.009314332157373428,2.048999786376953,1.9860579632222652,1.1530723571777344,1570.698285467849,5.65625,0.0006544034559999999,1,2048,,889.2452566623688
adammini-adaptive_stochastic-r8,adammini,adaptive_stochastic,8,1.1B,sdpa,666,682,1398784,2.5944602489471436,13.389358490345725,nan,nan,nan,nan,6.093371868133545,2.048999786376953,0.009314332157373428,2.048999786376953,1.9860579632222652,1.2020647525787354,1570.8708145524472,5.5625,0.0006536034639999999,1,2048,,890.4513261318207
adammini-adaptive_stochastic-r8,adammini,adaptive_stochastic,8,1.1B,sdpa,666,683,1400832,2.243509292602539,9.426353143231081,nan,nan,nan,nan,6.093371868133545,2.048999786376953,0.009314332157373428,2.048999786376953,1.9860579632222652,1.2007970809936523,1571.0459871710298,5.78125,0.000652803472,1,2048,,891.6556303501129
adammini-adaptive_stochastic-r8,adammini,adaptive_stochastic,8,1.1B,sdpa,666,684,1402880,2.1197140216827393,8.328755303650821,nan,nan,nan,nan,6.093371868133545,2.048999786376953,0.009314332157373428,2.048999786376953,1.9860579632222652,1.1783466339111328,1571.2601264369243,5.78125,0.00065200348,1,2048,,892.8375234603882
adammini-adaptive_stochastic-r8,adammini,adaptive_stochastic,8,1.1B,sdpa,666,685,1404928,2.3227713108062744,10.20391337378225,nan,nan,nan,nan,6.093371868133545,2.048999786376953,0.009314332157373428,2.048999786376953,1.9860579632222652,1.2080798149108887,1571.3977028732752,5.21875,0.0006512034879999999,1,2048,,894.0626535415649
adammini-adaptive_stochastic-r8,adammini,adaptive_stochastic,8,1.1B,sdpa,666,686,1406976,2.6583492755889893,14.27270933247774,nan,nan,nan,nan,6.093371868133545,2.048999786376953,0.009314332157373428,2.048999786376953,1.9860579632222652,1.206449270248413,1571.5659397869383,5.25,0.0006504034959999999,1,2048,,895.2701025009155
adammini-adaptive_stochastic-r8,adammini,adaptive_stochastic,8,1.1B,sdpa,666,687,1409024,2.5374772548675537,12.647723706956748,nan,nan,nan,nan,6.093371868133545,2.048999786376953,0.009314332157373428,2.048999786376953,1.9860579632222652,1.2040627002716064,1571.7386785362826,5.3125,0.0006496035039999999,1,2048,,896.4747252464294
adammini-adaptive_stochastic-r8,adammini,adaptive_stochastic,8,1.1B,sdpa,666,688,1411072,2.2666845321655273,9.647362212840964,nan,nan,nan,nan,6.093371868133545,2.048999786376953,0.009314332157373428,2.048999786376953,1.9860579632222652,1.1547136306762695,1571.9966028045087,5.0,0.0006488035120000001,1,2048,,897.6304385662079
adammini-adaptive_stochastic-r8,adammini,adaptive_stochastic,8,1.1B,sdpa,666,689,1413120,2.3872296810150146,10.883301923650771,nan,nan,nan,nan,6.093371868133545,2.048999786376953,0.009314332157373428,2.048999786376953,1.9860579632222652,1.2034130096435547,1572.1626930809452,5.1875,0.0006480035200000001,1,2048,,898.8382730484009
adammini-adaptive_stochastic-r8,adammini,adaptive_stochastic,8,1.1B,sdpa,666,690,1415168,2.211808443069458,9.132216562486047,nan,nan,nan,nan,6.093371868133545,2.048999786376953,0.009314332157373428,2.048999786376953,1.9860579632222652,1.2044849395751953,1572.2725076957875,5.34375,0.000647203528,1,2048,,900.0780673027039
adammini-adaptive_stochastic-r8,adammini,adaptive_stochastic,8,1.1B,sdpa,666,691,1417216,2.5814948081970215,13.216880101488842,nan,nan,nan,nan,6.093371868133545,2.048999786376953,0.009314332157373428,2.048999786376953,1.9860579632222652,1.206071376800537,1572.438145713145,5.6875,0.0006464035360000001,1,2048,,901.2856905460358
adammini-adaptive_stochastic-r8,adammini,adaptive_stochastic,8,1.1B,sdpa,666,692,1419264,2.8036608695983887,16.5049588084112,nan,nan,nan,nan,6.093371868133545,2.048999786376953,0.009314332157373428,2.048999786376953,1.9860579632222652,1.2036621570587158,1572.606748367692,5.28125,0.000645603544,1,2048,,902.4913580417633
adammini-adaptive_stochastic-r8,adammini,adaptive_stochastic,8,1.1B,sdpa,666,693,1421312,2.6035120487213135,13.511106470389318,nan,nan,nan,nan,6.093371868133545,2.048999786376953,0.009314332157373428,2.048999786376953,1.9860579632222652,1.2049732208251953,1572.7726252049379,5.4375,0.0006448035520000001,1,2048,,903.6983332633972
adammini-adaptive_stochastic-r8,adammini,adaptive_stochastic,8,1.1B,sdpa,666,694,1423360,2.490494728088379,12.067244648800772,nan,nan,nan,nan,6.093371868133545,2.048999786376953,0.009314332157373428,2.048999786376953,1.9860579632222652,1.2091517448425293,1572.9325381461579,5.5,0.00064400356,1,2048,,904.9084849357605
adammini-adaptive_stochastic-r8,adammini,adaptive_stochastic,8,1.1B,sdpa,666,695,1425408,2.743018627166748,15.533805160889708,nan,nan,nan,nan,6.093371868133545,2.048999786376953,0.009314332157373428,2.048999786376953,1.9860579632222652,1.2063074111938477,1573.0960844471385,5.65625,0.000643203568,1,2048,,906.1162977218628
adammini-adaptive_stochastic-r8,adammini,adaptive_stochastic,8,1.1B,sdpa,666,696,1427456,2.740137815475464,15.489119589634214,nan,nan,nan,nan,6.093371868133545,2.048999786376953,0.009314332157373428,2.048999786376953,1.9860579632222652,1.2055332660675049,1573.2596182441698,5.65625,0.0006424035760000001,1,2048,,907.3238666057587
adammini-adaptive_stochastic-r8,adammini,adaptive_stochastic,8,1.1B,sdpa,666,697,1429504,2.7949554920196533,16.361900501804868,nan,nan,nan,nan,6.093371868133545,2.048999786376953,0.009314332157373428,2.048999786376953,1.9860579632222652,1.2069926261901855,1573.4237153028241,5.8125,0.000641603584,1,2048,,908.5308592319489
adammini-adaptive_stochastic-r8,adammini,adaptive_stochastic,8,1.1B,sdpa,666,698,1431552,2.7078323364257812,14.996732385815346,nan,nan,nan,nan,6.093371868133545,2.048999786376953,0.009314332157373428,2.048999786376953,1.9860579632222652,1.2026216983795166,1573.59321153427,5.21875,0.000640803592,1,2048,,909.7354791164398
adammini-adaptive_stochastic-r8,adammini,adaptive_stochastic,8,1.1B,sdpa,666,699,1433600,2.511306047439575,12.321011382108637,nan,nan,nan,nan,6.093371868133545,2.048999786376953,0.009314332157373428,2.048999786376953,1.9860579632222652,1.205728530883789,1573.7551591675215,4.71875,0.0006400036,1,2048,,910.9422082901001
adammini-adaptive_stochastic-r8,adammini,adaptive_stochastic,8,1.1B,sdpa,666,700,1435648,2.3598287105560303,10.58913748960916,2.2562214027645537,9.546946859146331,2.2562214027645537,9.546946859146331,6.093371868133545,2.048999786376953,0.009314332157373428,2.048999786376953,1.9860579632222652,1.2032861709594727,1573.9157025388663,5.4375,0.000639203608,1,2048,,913.6052334308624
adammini-adaptive_stochastic-r8,adammini,adaptive_stochastic,8,1.1B,sdpa,666,701,1437696,2.3474948406219482,10.459334576731571,nan,nan,nan,nan,6.093371868133545,2.048999786376953,0.009314332157373428,2.048999786376953,1.9860579632222652,1.206066370010376,1571.5713422185752,6.21875,0.0006384036160000001,1,2048,,914.8143398761749
adammini-adaptive_stochastic-r8,adammini,adaptive_stochastic,8,1.1B,sdpa,666,702,1439744,2.632520914077759,13.90878860501297,nan,nan,nan,nan,6.093371868133545,2.048999786376953,0.009314332157373428,2.048999786376953,1.9860579632222652,1.2076010704040527,1571.727389234793,5.75,0.0006376036239999999,1,2048,,916.0265386104584
adammini-adaptive_stochastic-r8,adammini,adaptive_stochastic,8,1.1B,sdpa,666,703,1441792,2.510878562927246,12.315745466195494,nan,nan,nan,nan,6.093371868133545,2.048999786376953,0.009314332157373428,2.048999786376953,1.9860579632222652,1.1589570045471191,1571.9636568539058,5.46875,0.000636803632,1,2048,,917.1916880607605
adammini-adaptive_stochastic-r8,adammini,adaptive_stochastic,8,1.1B,sdpa,666,704,1443840,1.8227390050888062,6.188786373837119,nan,nan,nan,nan,6.093371868133545,2.048999786376953,0.009314332157373428,2.048999786376953,1.9860579632222652,1.2067663669586182,1572.1280812691468,4.96875,0.00063600364,1,2048,,918.3984544277191
adammini-adaptive_stochastic-r8,adammini,adaptive_stochastic,8,1.1B,sdpa,666,705,1445888,2.663769483566284,14.350280421265284,nan,nan,nan,nan,6.093371868133545,2.048999786376953,0.009314332157373428,2.048999786376953,1.9860579632222652,1.2061364650726318,1572.2862674025237,5.5,0.000635203648,1,2048,,919.608617067337
adammini-adaptive_stochastic-r8,adammini,adaptive_stochastic,8,1.1B,sdpa,666,706,1447936,2.201855421066284,9.041774243915308,nan,nan,nan,nan,6.093371868133545,2.048999786376953,0.009314332157373428,2.048999786376953,1.9860579632222652,1.2072136402130127,1572.4423750038345,6.75,0.000634403656,1,2048,,920.819753408432
adammini-adaptive_stochastic-r8,adammini,adaptive_stochastic,8,1.1B,sdpa,666,707,1449984,2.175602912902832,8.807493673307066,nan,nan,nan,nan,6.093371868133545,2.048999786376953,0.009314332157373428,2.048999786376953,1.9860579632222652,1.2104320526123047,1572.5932818577128,5.84375,0.0006336036639999999,1,2048,,922.0342442989349
adammini-adaptive_stochastic-r8,adammini,adaptive_stochastic,8,1.1B,sdpa,666,708,1452032,2.5110206604003906,12.31749562684989,nan,nan,nan,nan,6.093371868133545,2.048999786376953,0.009314332157373428,2.048999786376953,1.9860579632222652,1.2059721946716309,1572.7504782420008,6.0,0.000632803672,1,2048,,923.243718624115
adammini-adaptive_stochastic-r8,adammini,adaptive_stochastic,8,1.1B,sdpa,666,709,1454080,2.0911648273468018,8.094338181613693,nan,nan,nan,nan,6.093371868133545,2.048999786376953,0.009314332157373428,2.048999786376953,1.9860579632222652,1.2036023139953613,1572.9139122542556,6.28125,0.00063200368,1,2048,,924.4498307704926
adammini-adaptive_stochastic-r8,adammini,adaptive_stochastic,8,1.1B,sdpa,666,710,1456128,2.4287993907928467,11.345252685018979,nan,nan,nan,nan,6.093371868133545,2.048999786376953,0.009314332157373428,2.048999786376953,1.9860579632222652,1.2021522521972656,1573.075977931916,6.59375,0.000631203688,1,2048,,925.6564974784851
adammini-adaptive_stochastic-r8,adammini,adaptive_stochastic,8,1.1B,sdpa,666,711,1458176,2.711939573287964,15.058454184137867,nan,nan,nan,nan,6.093371868133545,2.048999786376953,0.009314332157373428,2.048999786376953,1.9860579632222652,1.1998064517974854,1573.2395188016617,6.5,0.000630403696,1,2048,,926.8620464801788
adammini-adaptive_stochastic-r8,adammini,adaptive_stochastic,8,1.1B,sdpa,666,712,1460224,2.311081886291504,10.085329935015405,nan,nan,nan,nan,6.093371868133545,2.048999786376953,0.009314332157373428,2.048999786376953,1.9860579632222652,1.2019169330596924,1573.4053959168316,6.84375,0.0006296037039999999,1,2048,,928.0659668445587
adammini-adaptive_stochastic-r8,adammini,adaptive_stochastic,8,1.1B,sdpa,666,713,1462272,2.2282683849334717,9.28377622600045,nan,nan,nan,nan,6.093371868133545,2.048999786376953,0.009314332157373428,2.048999786376953,1.9860579632222652,1.217315673828125,1573.541227804506,5.46875,0.000628803712,1,2048,,929.2873768806458
adammini-adaptive_stochastic-r8,adammini,adaptive_stochastic,8,1.1B,sdpa,666,714,1464320,2.6578760147094727,14.265956215625023,nan,nan,nan,nan,6.093371868133545,2.048999786376953,0.009314332157373428,2.048999786376953,1.9860579632222652,1.1395931243896484,1573.801025677706,5.90625,0.00062800372,1,2048,,930.4352812767029
adammini-adaptive_stochastic-r8,adammini,adaptive_stochastic,8,1.1B,sdpa,666,715,1466368,2.5088446140289307,12.290721326809924,nan,nan,nan,nan,6.093371868133545,2.048999786376953,0.009314332157373428,2.048999786376953,1.9860579632222652,1.1388664245605469,1574.0720750217404,5.5,0.000627203728,1,2048,,931.5761477947235
adammini-adaptive_stochastic-r8,adammini,adaptive_stochastic,8,1.1B,sdpa,666,716,1468416,2.591811180114746,13.353936096977186,nan,nan,nan,nan,6.093371868133545,2.048999786376953,0.009314332157373428,2.048999786376953,1.9860579632222652,1.1369905471801758,1574.3464662746485,5.4375,0.0006264037360000001,1,2048,,932.7146415710449
adammini-adaptive_stochastic-r8,adammini,adaptive_stochastic,8,1.1B,sdpa,666,717,1470464,2.456716775894165,11.666445037955185,nan,nan,nan,nan,6.093371868133545,2.048999786376953,0.009314332157373428,2.048999786376953,1.9860579632222652,1.1359069347381592,1574.6177410514226,6.1875,0.0006256037439999999,1,2048,,933.8545868396759
adammini-adaptive_stochastic-r8,adammini,adaptive_stochastic,8,1.1B,sdpa,666,718,1472512,2.3340182304382324,10.319323756528528,nan,nan,nan,nan,6.093371868133545,2.048999786376953,0.009314332157373428,2.048999786376953,1.9860579632222652,1.1386733055114746,1574.8837136138297,5.71875,0.0006248037520000001,1,2048,,934.997287273407
adammini-adaptive_stochastic-r8,adammini,adaptive_stochastic,8,1.1B,sdpa,666,719,1474560,2.2478110790252686,9.466990645458518,nan,nan,nan,nan,6.093371868133545,2.048999786376953,0.009314332157373428,2.048999786376953,1.9860579632222652,1.135770320892334,1575.148892839232,6.3125,0.00062400376,1,2048,,936.140073299408
adammini-adaptive_stochastic-r8,adammini,adaptive_stochastic,8,1.1B,sdpa,666,720,1476608,2.4420061111450195,11.49608003966456,nan,nan,nan,nan,6.093371868133545,2.048999786376953,0.009314332157373428,2.048999786376953,1.9860579632222652,1.1387784481048584,1575.414743060958,6.6875,0.000623203768,1,2048,,937.2820754051208
adammini-adaptive_stochastic-r8,adammini,adaptive_stochastic,8,1.1B,sdpa,666,721,1478656,2.3022279739379883,9.996429447033625,nan,nan,nan,nan,6.093371868133545,2.048999786376953,0.009314332157373428,2.048999786376953,1.9860579632222652,1.1799955368041992,1575.606682795238,5.9375,0.000622403776,1,2048,,938.4677128791809
adammini-adaptive_stochastic-r8,adammini,adaptive_stochastic,8,1.1B,sdpa,666,722,1480704,2.43776535987854,11.447431250292555,nan,nan,nan,nan,6.093371868133545,2.048999786376953,0.009314332157373428,2.048999786376953,1.9860579632222652,1.191530466079712,1575.7840487507362,6.65625,0.000621603784,1,2048,,939.6617519855499
adammini-adaptive_stochastic-r8,adammini,adaptive_stochastic,8,1.1B,sdpa,666,723,1482752,2.209523916244507,9.111377581446707,nan,nan,nan,nan,6.093371868133545,2.048999786376953,0.009314332157373428,2.048999786376953,1.9860579632222652,1.1956202983856201,1575.9504934167276,5.96875,0.000620803792,1,2048,,940.8630018234253
adammini-adaptive_stochastic-r8,adammini,adaptive_stochastic,8,1.1B,sdpa,666,724,1484800,2.369676351547241,10.693930649856249,nan,nan,nan,nan,6.093371868133545,2.048999786376953,0.009314332157373428,2.048999786376953,1.9860579632222652,1.1901710033416748,1576.1259656053514,6.125,0.0006200038,1,2048,,942.0566835403442
adammini-adaptive_stochastic-r8,adammini,adaptive_stochastic,8,1.1B,sdpa,666,725,1486848,2.017303228378296,7.518023179806311,nan,nan,nan,nan,6.093371868133545,2.048999786376953,0.009314332157373428,2.048999786376953,1.9860579632222652,1.1935319900512695,1576.29530296401,7.78125,0.0006192038079999999,1,2048,,943.2547297477722
adammini-adaptive_stochastic-r8,adammini,adaptive_stochastic,8,1.1B,sdpa,666,726,1488896,1.3891820907592773,4.011567612587902,nan,nan,nan,nan,6.093371868133545,2.048999786376953,0.009314332157373428,2.048999786376953,1.9860579632222652,1.195406198501587,1576.4644423261468,7.0,0.0006184038160000001,1,2048,,944.4526371955872
adammini-adaptive_stochastic-r8,adammini,adaptive_stochastic,8,1.1B,sdpa,666,727,1490944,1.9291343688964844,6.883549047697846,nan,nan,nan,nan,6.093371868133545,2.048999786376953,0.009314332157373428,2.048999786376953,1.9860579632222652,1.195988416671753,1576.6311135883884,5.28125,0.000617603824,1,2048,,945.6517679691315
adammini-adaptive_stochastic-r8,adammini,adaptive_stochastic,8,1.1B,sdpa,666,728,1492992,2.0010271072387695,7.396649350811981,nan,nan,nan,nan,6.093371868133545,2.048999786376953,0.009314332157373428,2.048999786376953,1.9860579632222652,1.1957032680511475,1576.7955601319516,6.9375,0.000616803832,1,2048,,946.8519811630249
adammini-adaptive_stochastic-r8,adammini,adaptive_stochastic,8,1.1B,sdpa,666,729,1495040,1.9843600988388062,7.274391004549738,nan,nan,nan,nan,6.093371868133545,2.048999786376953,0.009314332157373428,2.048999786376953,1.9860579632222652,1.191732406616211,1576.9667453934587,5.65625,0.00061600384,1,2048,,948.0478928089142
adammini-adaptive_stochastic-r8,adammini,adaptive_stochastic,8,1.1B,sdpa,666,730,1497088,2.2465436458587646,9.454999468140606,nan,nan,nan,nan,6.093371868133545,2.048999786376953,0.009314332157373428,2.048999786376953,1.9860579632222652,1.1948792934417725,1577.1284308872412,5.875,0.0006152038479999999,1,2048,,949.2492625713348
adammini-adaptive_stochastic-r8,adammini,adaptive_stochastic,8,1.1B,sdpa,666,731,1499136,2.2597761154174805,9.580943901001955,nan,nan,nan,nan,6.093371868133545,2.048999786376953,0.009314332157373428,2.048999786376953,1.9860579632222652,1.1956818103790283,1577.291005801132,5.4375,0.0006144038560000001,1,2048,,950.4498500823975
adammini-adaptive_stochastic-r8,adammini,adaptive_stochastic,8,1.1B,sdpa,666,732,1501184,2.3752267360687256,10.753451104912605,nan,nan,nan,nan,6.093371868133545,2.048999786376953,0.009314332157373428,2.048999786376953,1.9860579632222652,1.1932075023651123,1577.4586247124926,5.875,0.0006136038639999999,1,2048,,951.6471471786499
adammini-adaptive_stochastic-r8,adammini,adaptive_stochastic,8,1.1B,sdpa,666,733,1503232,2.1270790100097656,8.390322933376897,nan,nan,nan,nan,6.093371868133545,2.048999786376953,0.009314332157373428,2.048999786376953,1.9860579632222652,1.196345329284668,1577.622403063874,5.40625,0.000612803872,1,2048,,952.8465094566345
adammini-adaptive_stochastic-r8,adammini,adaptive_stochastic,8,1.1B,sdpa,666,734,1505280,2.1754400730133057,8.806059578777367,nan,nan,nan,nan,6.093371868133545,2.048999786376953,0.009314332157373428,2.048999786376953,1.9860579632222652,1.2089076042175293,1577.765024188829,5.375,0.0006120038799999999,1,2048,,954.0584161281586
adammini-adaptive_stochastic-r8,adammini,adaptive_stochastic,8,1.1B,sdpa,666,735,1507328,2.1294145584106445,8.40994184022198,nan,nan,nan,nan,6.093371868133545,2.048999786376953,0.009314332157373428,2.048999786376953,1.9860579632222652,1.209291696548462,1577.9024587937693,6.21875,0.000611203888,1,2048,,955.2732436656952
adammini-adaptive_stochastic-r8,adammini,adaptive_stochastic,8,1.1B,sdpa,666,736,1509376,2.0935566425323486,8.113721514027189,nan,nan,nan,nan,6.093371868133545,2.048999786376953,0.009314332157373428,2.048999786376953,1.9860579632222652,1.2036194801330566,1578.0547249665026,5.875,0.000610403896,1,2048,,956.4788699150085
adammini-adaptive_stochastic-r8,adammini,adaptive_stochastic,8,1.1B,sdpa,666,737,1511424,2.439272165298462,11.464693303756468,nan,nan,nan,nan,6.093371868133545,2.048999786376953,0.009314332157373428,2.048999786376953,1.9860579632222652,1.2041985988616943,1578.203175794518,5.875,0.0006096039039999999,1,2048,,957.6865787506104
adammini-adaptive_stochastic-r8,adammini,adaptive_stochastic,8,1.1B,sdpa,666,738,1513472,2.4689338207244873,11.80984872095361,nan,nan,nan,nan,6.093371868133545,2.048999786376953,0.009314332157373428,2.048999786376953,1.9860579632222652,1.20013427734375,1578.3566691530593,5.8125,0.0006088039119999999,1,2048,,958.89200091362
adammini-adaptive_stochastic-r8,adammini,adaptive_stochastic,8,1.1B,sdpa,666,739,1515520,2.4617557525634766,11.725380344428856,nan,nan,nan,nan,6.093371868133545,2.048999786376953,0.009314332157373428,2.048999786376953,1.9860579632222652,1.2086882591247559,1578.4953362990739,5.25,0.00060800392,1,2048,,960.1041986942291
adammini-adaptive_stochastic-r8,adammini,adaptive_stochastic,8,1.1B,sdpa,666,740,1517568,2.7577853202819824,15.764890075530603,nan,nan,nan,nan,6.093371868133545,2.048999786376953,0.009314332157373428,2.048999786376953,1.9860579632222652,1.2050974369049072,1578.6418538858293,5.90625,0.0006072039279999999,1,2048,,961.3124067783356
adammini-adaptive_stochastic-r8,adammini,adaptive_stochastic,8,1.1B,sdpa,666,741,1519616,2.236715078353882,9.362525555077344,nan,nan,nan,nan,6.093371868133545,2.048999786376953,0.009314332157373428,2.048999786376953,1.9860579632222652,1.2103657722473145,1578.778587916321,6.0,0.000606403936,1,2048,,962.5273540019989
adammini-adaptive_stochastic-r8,adammini,adaptive_stochastic,8,1.1B,sdpa,666,742,1521664,2.233468770980835,9.332181199538805,nan,nan,nan,nan,6.093371868133545,2.048999786376953,0.009314332157373428,2.048999786376953,1.9860579632222652,1.2067463397979736,1578.9193749340918,6.09375,0.000605603944,1,2048,,963.737619638443
adammini-adaptive_stochastic-r8,adammini,adaptive_stochastic,8,1.1B,sdpa,666,743,1523712,1.4804210662841797,4.394795791715529,nan,nan,nan,nan,6.093371868133545,2.048999786376953,0.009314332157373428,2.048999786376953,1.9860579632222652,1.2085223197937012,1579.0610164154582,5.6875,0.000604803952,1,2048,,964.948145866394
adammini-adaptive_stochastic-r8,adammini,adaptive_stochastic,8,1.1B,sdpa,666,744,1525760,2.220449924468994,9.211474401402047,nan,nan,nan,nan,6.093371868133545,2.048999786376953,0.009314332157373428,2.048999786376953,1.9860579632222652,1.2088475227355957,1579.198481973496,5.5625,0.00060400396,1,2048,,966.161524772644
adammini-adaptive_stochastic-r8,adammini,adaptive_stochastic,8,1.1B,sdpa,666,745,1527808,2.195502758026123,8.984516959533325,nan,nan,nan,nan,6.093371868133545,2.048999786376953,0.009314332157373428,2.048999786376953,1.9860579632222652,1.2091405391693115,1579.3343012056785,5.3125,0.000603203968,1,2048,,967.3746709823608
adammini-adaptive_stochastic-r8,adammini,adaptive_stochastic,8,1.1B,sdpa,666,746,1529856,1.8893787860870361,6.615257914088386,nan,nan,nan,nan,6.093371868133545,2.048999786376953,0.009314332157373428,2.048999786376953,1.9860579632222652,1.206662654876709,1579.4742005943783,6.5625,0.0006024039760000001,1,2048,,968.5856213569641
adammini-adaptive_stochastic-r8,adammini,adaptive_stochastic,8,1.1B,sdpa,666,747,1531904,2.460709571838379,11.713119891960853,nan,nan,nan,nan,6.093371868133545,2.048999786376953,0.009314332157373428,2.048999786376953,1.9860579632222652,1.212019920349121,1579.6054860333682,6.71875,0.000601603984,1,2048,,969.8016457557678
adammini-adaptive_stochastic-r8,adammini,adaptive_stochastic,8,1.1B,sdpa,666,748,1533952,2.624023914337158,13.791106313090586,nan,nan,nan,nan,6.093371868133545,2.048999786376953,0.009314332157373428,2.048999786376953,1.9860579632222652,1.2075543403625488,1579.7396248252035,5.75,0.0006008039920000001,1,2048,,971.0172181129456
adammini-adaptive_stochastic-r8,adammini,adaptive_stochastic,8,1.1B,sdpa,666,749,1536000,2.7833213806152344,16.172647359303706,nan,nan,nan,nan,6.093371868133545,2.048999786376953,0.009314332157373428,2.048999786376953,1.9860579632222652,1.206636905670166,1579.879804183461,6.65625,0.000600004,1,2048,,972.2258591651917
adammini-adaptive_stochastic-r8,adammini,adaptive_stochastic,8,1.1B,sdpa,666,750,1538048,2.3507816791534424,10.493769280286676,nan,nan,nan,nan,6.093371868133545,2.048999786376953,0.009314332157373428,2.048999786376953,1.9860579632222652,1.20505952835083,1580.0221956986293,5.8125,0.000599204008,1,2048,,973.4344265460968
adammini-adaptive_stochastic-r8,adammini,adaptive_stochastic,8,1.1B,sdpa,666,751,1540096,2.733908176422119,15.392927896188713,nan,nan,nan,nan,6.093371868133545,2.048999786376953,0.009314332157373428,2.048999786376953,1.9860579632222652,1.2079203128814697,1580.1579381078973,6.15625,0.000598404016,1,2048,,974.6468772888184
adammini-adaptive_stochastic-r8,adammini,adaptive_stochastic,8,1.1B,sdpa,666,752,1542144,2.293142557144165,9.906019049039562,nan,nan,nan,nan,6.093371868133545,2.048999786376953,0.009314332157373428,2.048999786376953,1.9860579632222652,1.2058982849121094,1580.29642230061,5.71875,0.0005976040240000001,1,2048,,975.8574266433716
adammini-adaptive_stochastic-r8,adammini,adaptive_stochastic,8,1.1B,sdpa,666,753,1544192,2.410959005355835,11.144643794975591,nan,nan,nan,nan,6.093371868133545,2.048999786376953,0.009314332157373428,2.048999786376953,1.9860579632222652,1.206967830657959,1580.4337287969515,6.0,0.000596804032,1,2048,,977.06849193573
adammini-adaptive_stochastic-r8,adammini,adaptive_stochastic,8,1.1B,sdpa,666,754,1546240,2.3362252712249756,10.342124076313567,nan,nan,nan,nan,6.093371868133545,2.048999786376953,0.009314332157373428,2.048999786376953,1.9860579632222652,1.2070751190185547,1580.569251590865,6.375,0.00059600404,1,2048,,978.2804508209229
adammini-adaptive_stochastic-r8,adammini,adaptive_stochastic,8,1.1B,sdpa,666,755,1548288,2.392881393432617,10.944985360610312,nan,nan,nan,nan,6.093371868133545,2.048999786376953,0.009314332157373428,2.048999786376953,1.9860579632222652,1.2096621990203857,1580.6999935087026,5.59375,0.0005952040479999999,1,2048,,979.4951643943787
adammini-adaptive_stochastic-r8,adammini,adaptive_stochastic,8,1.1B,sdpa,666,756,1550336,2.487494945526123,12.0310997792083,nan,nan,nan,nan,6.093371868133545,2.048999786376953,0.009314332157373428,2.048999786376953,1.9860579632222652,1.205674171447754,1580.8393253518802,5.59375,0.000594404056,1,2048,,980.7043480873108
adammini-adaptive_stochastic-r8,adammini,adaptive_stochastic,8,1.1B,sdpa,666,757,1552384,2.1842474937438965,8.883960801317357,nan,nan,nan,nan,6.093371868133545,2.048999786376953,0.009314332157373428,2.048999786376953,1.9860579632222652,1.2011847496032715,1580.9847378666252,6.3125,0.000593604064,1,2048,,981.9095420837402
adammini-adaptive_stochastic-r8,adammini,adaptive_stochastic,8,1.1B,sdpa,666,758,1554432,2.1142659187316895,8.283502769466377,nan,nan,nan,nan,6.093371868133545,2.048999786376953,0.009314332157373428,2.048999786376953,1.9860579632222652,1.1863374710083008,1581.156898156064,7.0,0.000592804072,1,2048,,983.0978834629059
adammini-adaptive_stochastic-r8,adammini,adaptive_stochastic,8,1.1B,sdpa,666,759,1556480,2.1606504917144775,8.67677999661353,nan,nan,nan,nan,6.093371868133545,2.048999786376953,0.009314332157373428,2.048999786376953,1.9860579632222652,1.2027945518493652,1581.2957543304626,6.1875,0.00059200408,1,2048,,984.3066964149475
adammini-adaptive_stochastic-r8,adammini,adaptive_stochastic,8,1.1B,sdpa,666,760,1558528,2.0502243041992188,7.769643674569416,nan,nan,nan,nan,6.093371868133545,2.048999786376953,0.009314332157373428,2.048999786376953,1.9860579632222652,1.2059245109558105,1581.4340885234326,5.3125,0.0005912040879999999,1,2048,,985.5156223773956
adammini-adaptive_stochastic-r8,adammini,adaptive_stochastic,8,1.1B,sdpa,666,761,1560576,2.1581530570983887,8.655137342699426,nan,nan,nan,nan,6.093371868133545,2.048999786376953,0.009314332157373428,2.048999786376953,1.9860579632222652,1.2098829746246338,1581.5640372485152,5.375,0.000590404096,1,2048,,986.7295684814453
adammini-adaptive_stochastic-r8,adammini,adaptive_stochastic,8,1.1B,sdpa,666,762,1562624,2.347947597503662,10.46407118462433,nan,nan,nan,nan,6.093371868133545,2.048999786376953,0.009314332157373428,2.048999786376953,1.9860579632222652,1.2112476825714111,1581.689780088641,5.40625,0.000589604104,1,2048,,987.9459421634674
adammini-adaptive_stochastic-r8,adammini,adaptive_stochastic,8,1.1B,sdpa,666,763,1564672,2.3205974102020264,10.18175517392167,nan,nan,nan,nan,6.093371868133545,2.048999786376953,0.009314332157373428,2.048999786376953,1.9860579632222652,1.2047960758209229,1581.826502667459,5.09375,0.0005888041119999999,1,2048,,989.1552565097809
adammini-adaptive_stochastic-r8,adammini,adaptive_stochastic,8,1.1B,sdpa,666,764,1566720,2.2533369064331055,9.519448404616522,nan,nan,nan,nan,6.093371868133545,2.048999786376953,0.009314332157373428,2.048999786376953,1.9860579632222652,1.1977992057800293,1581.969829501214,5.34375,0.00058800412,1,2048,,990.3602273464203
adammini-adaptive_stochastic-r8,adammini,adaptive_stochastic,8,1.1B,sdpa,666,765,1568768,2.220367670059204,9.21071674817245,nan,nan,nan,nan,6.093371868133545,2.048999786376953,0.009314332157373428,2.048999786376953,1.9860579632222652,1.14100980758667,1582.2124701276955,5.5625,0.000587204128,1,2048,,991.5027403831482
adammini-adaptive_stochastic-r8,adammini,adaptive_stochastic,8,1.1B,sdpa,666,766,1570816,2.156815767288208,8.643570651458257,nan,nan,nan,nan,6.093371868133545,2.048999786376953,0.009314332157373428,2.048999786376953,1.9860579632222652,1.1656842231750488,1582.4118211238622,5.25,0.000586404136,1,2048,,992.6720585823059
adammini-adaptive_stochastic-r8,adammini,adaptive_stochastic,8,1.1B,sdpa,666,767,1572864,2.257842779159546,9.562438609012966,nan,nan,nan,nan,6.093371868133545,2.048999786376953,0.009314332157373428,2.048999786376953,1.9860579632222652,1.2041442394256592,1582.5504571334566,5.53125,0.000585604144,1,2048,,993.8792111873627
adammini-adaptive_stochastic-r8,adammini,adaptive_stochastic,8,1.1B,sdpa,666,768,1574912,2.7338638305664062,15.392245298764525,nan,nan,nan,nan,6.093371868133545,2.048999786376953,0.009314332157373428,2.048999786376953,1.9860579632222652,1.2058043479919434,1582.6804954487538,6.125,0.000584804152,1,2048,,995.0915579795837
adammini-adaptive_stochastic-r8,adammini,adaptive_stochastic,8,1.1B,sdpa,666,769,1576960,2.764622449874878,15.873045988667831,nan,nan,nan,nan,6.093371868133545,2.048999786376953,0.009314332157373428,2.048999786376953,1.9860579632222652,1.2058663368225098,1582.818841204078,5.1875,0.0005840041600000001,1,2048,,996.2984764575958
adammini-adaptive_stochastic-r8,adammini,adaptive_stochastic,8,1.1B,sdpa,666,770,1579008,2.5920746326446533,13.357454688696748,nan,nan,nan,nan,6.093371868133545,2.048999786376953,0.009314332157373428,2.048999786376953,1.9860579632222652,1.209078311920166,1582.9393427068935,5.4375,0.000583204168,1,2048,,997.516943693161
adammini-adaptive_stochastic-r8,adammini,adaptive_stochastic,8,1.1B,sdpa,666,771,1581056,2.4465150833129883,11.548032582870002,nan,nan,nan,nan,6.093371868133545,2.048999786376953,0.009314332157373428,2.048999786376953,1.9860579632222652,1.210857629776001,1583.0683382545265,4.9375,0.0005824041760000001,1,2048,,998.728836774826
adammini-adaptive_stochastic-r8,adammini,adaptive_stochastic,8,1.1B,sdpa,666,772,1583104,2.233510732650757,9.332572801662034,nan,nan,nan,nan,6.093371868133545,2.048999786376953,0.009314332157373428,2.048999786376953,1.9860579632222652,1.2090668678283691,1583.1998608237875,4.78125,0.000581604184,1,2048,,999.9394512176514
adammini-adaptive_stochastic-r8,adammini,adaptive_stochastic,8,1.1B,sdpa,666,773,1585152,2.232219696044922,9.320531882854402,nan,nan,nan,nan,6.093371868133545,2.048999786376953,0.009314332157373428,2.048999786376953,1.9860579632222652,1.205066204071045,1583.3342899525276,5.53125,0.000580804192,1,2048,,1001.1480267047882
adammini-adaptive_stochastic-r8,adammini,adaptive_stochastic,8,1.1B,sdpa,666,774,1587200,2.5439159870147705,12.729421745824505,nan,nan,nan,nan,6.093371868133545,2.048999786376953,0.009314332157373428,2.048999786376953,1.9860579632222652,1.2077136039733887,1583.4610286053164,5.90625,0.0005800042000000001,1,2048,,1002.3612651824951
adammini-adaptive_stochastic-r8,adammini,adaptive_stochastic,8,1.1B,sdpa,666,775,1589248,2.499110460281372,12.1716619669121,nan,nan,nan,nan,6.093371868133545,2.048999786376953,0.009314332157373428,2.048999786376953,1.9860579632222652,1.2060530185699463,1583.5915893852011,6.40625,0.000579204208,1,2048,,1003.571887254715
adammini-adaptive_stochastic-r8,adammini,adaptive_stochastic,8,1.1B,sdpa,666,776,1591296,2.454073429107666,11.635647300437192,nan,nan,nan,nan,6.093371868133545,2.048999786376953,0.009314332157373428,2.048999786376953,1.9860579632222652,1.202610969543457,1583.7274021690212,6.0625,0.000578404216,1,2048,,1004.7789776325226
adammini-adaptive_stochastic-r8,adammini,adaptive_stochastic,8,1.1B,sdpa,666,777,1593344,2.2773091793060303,9.750408477945065,nan,nan,nan,nan,6.093371868133545,2.048999786376953,0.009314332157373428,2.048999786376953,1.9860579632222652,1.144596815109253,1583.9546683550575,5.78125,0.000577604224,1,2048,,1005.9277780056
adammini-adaptive_stochastic-r8,adammini,adaptive_stochastic,8,1.1B,sdpa,666,778,1595392,2.1083273887634277,8.234456714898819,nan,nan,nan,nan,6.093371868133545,2.048999786376953,0.009314332157373428,2.048999786376953,1.9860579632222652,1.1457293033599854,1584.1751288264338,5.34375,0.000576804232,1,2048,,1007.0805752277374
adammini-adaptive_stochastic-r8,adammini,adaptive_stochastic,8,1.1B,sdpa,666,779,1597440,1.8611626625061035,6.431209752758131,nan,nan,nan,nan,6.093371868133545,2.048999786376953,0.009314332157373428,2.048999786376953,1.9860579632222652,1.1439292430877686,1584.4066567529126,5.0,0.0005760042400000001,1,2048,,1008.2260088920593
adammini-adaptive_stochastic-r8,adammini,adaptive_stochastic,8,1.1B,sdpa,666,780,1599488,2.292020797729492,9.894913109170268,nan,nan,nan,nan,6.093371868133545,2.048999786376953,0.009314332157373428,2.048999786376953,1.9860579632222652,1.1437468528747559,1584.633006302727,5.78125,0.0005752042479999999,1,2048,,1009.374406337738
adammini-adaptive_stochastic-r8,adammini,adaptive_stochastic,8,1.1B,sdpa,666,781,1601536,2.523085355758667,12.467002523269057,nan,nan,nan,nan,6.093371868133545,2.048999786376953,0.009314332157373428,2.048999786376953,1.9860579632222652,1.141861915588379,1584.8627661147407,5.40625,0.000574404256,1,2048,,1010.5203013420105
adammini-adaptive_stochastic-r8,adammini,adaptive_stochastic,8,1.1B,sdpa,666,782,1603584,2.514134407043457,12.355908961168264,nan,nan,nan,nan,6.093371868133545,2.048999786376953,0.009314332157373428,2.048999786376953,1.9860579632222652,1.1405630111694336,1585.0917947513012,6.71875,0.0005736042639999999,1,2048,,1011.6673283576965
adammini-adaptive_stochastic-r8,adammini,adaptive_stochastic,8,1.1B,sdpa,666,783,1605632,2.592607021331787,13.364567939801107,nan,nan,nan,nan,6.093371868133545,2.048999786376953,0.009314332157373428,2.048999786376953,1.9860579632222652,1.1445369720458984,1585.317153511763,6.0,0.000572804272,1,2048,,1012.8143737316132
adammini-adaptive_stochastic-r8,adammini,adaptive_stochastic,8,1.1B,sdpa,666,784,1607680,2.695392608642578,14.811332669130241,nan,nan,nan,nan,6.093371868133545,2.048999786376953,0.009314332157373428,2.048999786376953,1.9860579632222652,1.2095322608947754,1585.440351648845,5.375,0.00057200428,1,2048,,1014.0274267196655
adammini-adaptive_stochastic-r8,adammini,adaptive_stochastic,8,1.1B,sdpa,666,785,1609728,2.5164988040924072,12.385157800161455,nan,nan,nan,nan,6.093371868133545,2.048999786376953,0.009314332157373428,2.048999786376953,1.9860579632222652,1.204218864440918,1585.5680006606412,5.9375,0.0005712042879999999,1,2048,,1015.2374413013458
adammini-adaptive_stochastic-r8,adammini,adaptive_stochastic,8,1.1B,sdpa,666,786,1611776,2.6364541053771973,13.963602256965524,nan,nan,nan,nan,6.093371868133545,2.048999786376953,0.009314332157373428,2.048999786376953,1.9860579632222652,1.2063345909118652,1585.6964005842108,6.25,0.000570404296,1,2048,,1016.4467797279358
adammini-adaptive_stochastic-r8,adammini,adaptive_stochastic,8,1.1B,sdpa,666,787,1613824,2.1735761165618896,8.789660755308267,nan,nan,nan,nan,6.093371868133545,2.048999786376953,0.009314332157373428,2.048999786376953,1.9860579632222652,1.20682692527771,1585.8245087130604,5.4375,0.000569604304,1,2048,,1017.6561095714569
adammini-adaptive_stochastic-r8,adammini,adaptive_stochastic,8,1.1B,sdpa,666,788,1615872,2.3486249446868896,10.471161394762179,nan,nan,nan,nan,6.093371868133545,2.048999786376953,0.009314332157373428,2.048999786376953,1.9860579632222652,1.207895040512085,1585.9475290174826,5.84375,0.000568804312,1,2048,,1018.8685126304626
adammini-adaptive_stochastic-r8,adammini,adaptive_stochastic,8,1.1B,sdpa,666,789,1617920,2.245431423187256,9.444489249308333,nan,nan,nan,nan,6.093371868133545,2.048999786376953,0.009314332157373428,2.048999786376953,1.9860579632222652,1.2079763412475586,1586.0697190016517,5.59375,0.00056800432,1,2048,,1020.0812616348267
adammini-adaptive_stochastic-r8,adammini,adaptive_stochastic,8,1.1B,sdpa,666,790,1619968,2.389566659927368,10.908765713323724,nan,nan,nan,nan,6.093371868133545,2.048999786376953,0.009314332157373428,2.048999786376953,1.9860579632222652,1.2031500339508057,1586.2002055537769,5.375,0.0005672043279999999,1,2048,,1021.2884819507599
adammini-adaptive_stochastic-r8,adammini,adaptive_stochastic,8,1.1B,sdpa,666,791,1622016,2.582197427749634,13.226169803053486,nan,nan,nan,nan,6.093371868133545,2.048999786376953,0.009314332157373428,2.048999786376953,1.9860579632222652,1.205909013748169,1586.3250390969954,5.8125,0.0005664043359999999,1,2048,,1022.4991474151611
adammini-adaptive_stochastic-r8,adammini,adaptive_stochastic,8,1.1B,sdpa,666,792,1624064,2.4945120811462402,12.115820538909912,nan,nan,nan,nan,6.093371868133545,2.048999786376953,0.009314332157373428,2.048999786376953,1.9860579632222652,1.2029314041137695,1586.4544445364363,5.78125,0.000565604344,1,2048,,1023.7066721916199
adammini-adaptive_stochastic-r8,adammini,adaptive_stochastic,8,1.1B,sdpa,666,793,1626112,2.4433200359344482,11.511194951964383,nan,nan,nan,nan,6.093371868133545,2.048999786376953,0.009314332157373428,2.048999786376953,1.9860579632222652,1.144014835357666,1586.6593439184726,5.75,0.0005648043519999999,1,2048,,1024.8652341365814
adammini-adaptive_stochastic-r8,adammini,adaptive_stochastic,8,1.1B,sdpa,666,794,1628160,2.7995903491973877,16.437911587979368,nan,nan,nan,nan,6.093371868133545,2.048999786376953,0.009314332157373428,2.048999786376953,1.9860579632222652,1.1413674354553223,1586.888221513597,5.625,0.00056400436,1,2048,,1026.00949883461
adammini-adaptive_stochastic-r8,adammini,adaptive_stochastic,8,1.1B,sdpa,666,795,1630208,2.7992053031921387,16.431583454177282,nan,nan,nan,nan,6.093371868133545,2.048999786376953,0.009314332157373428,2.048999786376953,1.9860579632222652,1.143911600112915,1587.1109309233696,5.65625,0.0005632043679999999,1,2048,,1027.1544151306152
adammini-adaptive_stochastic-r8,adammini,adaptive_stochastic,8,1.1B,sdpa,666,796,1632256,2.4454901218414307,11.536202358198196,nan,nan,nan,nan,6.093371868133545,2.048999786376953,0.009314332157373428,2.048999786376953,1.9860579632222652,1.1951074600219727,1587.2564513686752,6.125,0.0005624043760000001,1,2048,,1028.3505218029022
adammini-adaptive_stochastic-r8,adammini,adaptive_stochastic,8,1.1B,sdpa,666,797,1634304,1.505120873451233,4.50469809578771,nan,nan,nan,nan,6.093371868133545,2.048999786376953,0.009314332157373428,2.048999786376953,1.9860579632222652,1.212097406387329,1587.3738723095523,6.875,0.000561604384,1,2048,,1029.5646340847015
adammini-adaptive_stochastic-r8,adammini,adaptive_stochastic,8,1.1B,sdpa,666,798,1636352,2.8818860054016113,17.84790269781282,nan,nan,nan,nan,6.093371868133545,2.048999786376953,0.009314332157373428,2.048999786376953,1.9860579632222652,1.2123887538909912,1587.4888597930947,5.90625,0.000560804392,1,2048,,1030.7801468372345
adammini-adaptive_stochastic-r8,adammini,adaptive_stochastic,8,1.1B,sdpa,666,799,1638400,2.7787299156188965,16.098561426692317,nan,nan,nan,nan,6.093371868133545,2.048999786376953,0.009314332157373428,2.048999786376953,1.9860579632222652,1.206604242324829,1587.5910752136847,5.5625,0.0005600044,1,2048,,1032.0037858486176
adammini-adaptive_stochastic-r8,adammini,adaptive_stochastic,8,1.1B,sdpa,666,800,1640448,2.5541000366210938,12.85972117008027,2.2542222990215173,9.527880586024354,2.2542222990215173,9.527880586024354,6.093371868133545,2.048999786376953,0.009314332157373428,2.048999786376953,1.9860579632222652,1.2027802467346191,1587.7227889080648,5.625,0.000559204408,1,2048,,1034.6495945453644
adammini-adaptive_stochastic-r8,adammini,adaptive_stochastic,8,1.1B,sdpa,666,801,1642496,2.8361127376556396,17.04936121540669,nan,nan,nan,nan,6.093371868133545,2.048999786376953,0.009314332157373428,2.048999786376953,1.9860579632222652,1.2056422233581543,1585.6391738120224,5.03125,0.000558404416,1,2048,,1035.8573546409607
adammini-adaptive_stochastic-r8,adammini,adaptive_stochastic,8,1.1B,sdpa,666,802,1644544,2.7686073780059814,15.93642513295199,nan,nan,nan,nan,6.093371868133545,2.048999786376953,0.009314332157373428,2.048999786376953,1.9860579632222652,1.2093820571899414,1585.7627751913112,4.90625,0.000557604424,1,2048,,1037.068107366562
adammini-adaptive_stochastic-r8,adammini,adaptive_stochastic,8,1.1B,sdpa,666,803,1646592,2.237182855606079,9.366906156047989,nan,nan,nan,nan,6.093371868133545,2.048999786376953,0.009314332157373428,2.048999786376953,1.9860579632222652,1.2136094570159912,1585.874840058346,5.21875,0.0005568044319999999,1,2048,,1038.2862243652344
adammini-adaptive_stochastic-r8,adammini,adaptive_stochastic,8,1.1B,sdpa,666,804,1648640,2.14825701713562,8.569908168879243,nan,nan,nan,nan,6.093371868133545,2.048999786376953,0.009314332157373428,2.048999786376953,1.9860579632222652,1.2073352336883545,1585.995428923134,5.1875,0.00055600444,1,2048,,1039.4985823631287
adammini-adaptive_stochastic-r8,adammini,adaptive_stochastic,8,1.1B,sdpa,666,805,1650688,2.255087375640869,9.53612649891028,nan,nan,nan,nan,6.093371868133545,2.048999786376953,0.009314332157373428,2.048999786376953,1.9860579632222652,1.2056114673614502,1586.1152971588401,6.3125,0.0005552044480000001,1,2048,,1040.7112288475037
adammini-adaptive_stochastic-r8,adammini,adaptive_stochastic,8,1.1B,sdpa,666,806,1652736,1.8622996807098389,6.43852631406251,nan,nan,nan,nan,6.093371868133545,2.048999786376953,0.009314332157373428,2.048999786376953,1.9860579632222652,1.2064199447631836,1586.241299732202,6.03125,0.000554404456,1,2048,,1041.9196627140045
adammini-adaptive_stochastic-r8,adammini,adaptive_stochastic,8,1.1B,sdpa,666,807,1654784,4.4233622550964355,83.37614648588907,nan,nan,nan,nan,6.093371868133545,2.048999786376953,0.009314332157373428,2.048999786376953,1.9860579632222652,1.2060019969940186,1586.3255904525345,7.3125,0.000553604464,1,2048,,1043.1553332805634
adammini-adaptive_stochastic-r8,adammini,adaptive_stochastic,8,1.1B,sdpa,666,808,1656832,6.120186805725098,454.9496737656619,nan,nan,nan,nan,6.093371868133545,2.048999786376953,0.009314332157373428,2.048999786376953,1.9860579632222652,1.2086057662963867,1586.4477536223028,8.125,0.0005528044719999999,1,2048,,1044.3659403324127
adammini-adaptive_stochastic-r8,adammini,adaptive_stochastic,8,1.1B,sdpa,666,809,1658880,5.9274678230285645,375.20322894625883,nan,nan,nan,nan,6.093371868133545,2.048999786376953,0.009314332157373428,2.048999786376953,1.9860579632222652,1.2050249576568604,1586.5765786428499,6.59375,0.0005520044800000001,1,2048,,1045.5719707012177
adammini-adaptive_stochastic-r8,adammini,adaptive_stochastic,8,1.1B,sdpa,666,810,1660928,5.745820045471191,312.8800985647036,nan,nan,nan,nan,6.093371868133545,2.048999786376953,0.009314332157373428,2.048999786376953,1.9860579632222652,1.2066645622253418,1586.7018719785879,10.4375,0.000551204488,1,2048,,1046.7801351547241
adammini-adaptive_stochastic-r8,adammini,adaptive_stochastic,8,1.1B,sdpa,666,811,1662976,5.390169143676758,219.24046555638046,nan,nan,nan,nan,6.093371868133545,2.048999786376953,0.009314332157373428,2.048999786376953,1.9860579632222652,1.2036864757537842,1586.8313778116312,9.25,0.000550404496,1,2048,,1047.9853267669678
adammini-adaptive_stochastic-r8,adammini,adaptive_stochastic,8,1.1B,sdpa,666,812,1665024,4.860970973968506,129.14954209001445,nan,nan,nan,nan,6.093371868133545,2.048999786376953,0.009314332157373428,2.048999786376953,1.9860579632222652,1.1911311149597168,1586.9795449528049,7.75,0.0005496045039999999,1,2048,,1049.177984237671
adammini-adaptive_stochastic-r8,adammini,adaptive_stochastic,8,1.1B,sdpa,666,813,1667072,5.586411476135254,266.7765658758392,nan,nan,nan,nan,6.093371868133545,2.048999786376953,0.009314332157373428,2.048999786376953,1.9860579632222652,1.1933948993682861,1587.1232298203342,7.46875,0.000548804512,1,2048,,1050.3733854293823
adammini-adaptive_stochastic-r8,adammini,adaptive_stochastic,8,1.1B,sdpa,666,814,1669120,5.598811149597168,270.1051019126857,nan,nan,nan,nan,6.093371868133545,2.048999786376953,0.009314332157373428,2.048999786376953,1.9860579632222652,1.1870622634887695,1587.2776582195293,8.125,0.00054800452,1,2048,,1051.561452627182
adammini-adaptive_stochastic-r8,adammini,adaptive_stochastic,8,1.1B,sdpa,666,815,1671168,5.5871968269348145,266.9861613573705,nan,nan,nan,nan,6.093371868133545,2.048999786376953,0.009314332157373428,2.048999786376953,1.9860579632222652,1.1893601417541504,1587.4273966401151,7.46875,0.000547204528,1,2048,,1052.752398967743
adammini-adaptive_stochastic-r8,adammini,adaptive_stochastic,8,1.1B,sdpa,666,816,1673216,5.960115432739258,387.65486971868523,nan,nan,nan,nan,6.093371868133545,2.048999786376953,0.009314332157373428,2.048999786376953,1.9860579632222652,1.1918730735778809,1587.5738700699662,7.65625,0.0005464045359999999,1,2048,,1053.945288181305
adammini-adaptive_stochastic-r8,adammini,adaptive_stochastic,8,1.1B,sdpa,666,817,1675264,5.726323127746582,306.8389839487317,nan,nan,nan,nan,6.093371868133545,2.048999786376953,0.009314332157373428,2.048999786376953,1.9860579632222652,1.2020263671875,1587.7047532923007,8.0625,0.0005456045439999999,1,2048,,1055.1483180522919
adammini-adaptive_stochastic-r8,adammini,adaptive_stochastic,8,1.1B,sdpa,666,818,1677312,5.255411624908447,191.60033709591178,nan,nan,nan,nan,6.093371868133545,2.048999786376953,0.009314332157373428,2.048999786376953,1.9860579632222652,1.1559853553771973,1587.9045528623428,7.0625,0.0005448045519999999,1,2048,,1056.3053030967712
adammini-adaptive_stochastic-r8,adammini,adaptive_stochastic,8,1.1B,sdpa,666,819,1679360,4.241255283355713,69.49503306704868,nan,nan,nan,nan,6.093371868133545,2.048999786376953,0.009314332157373428,2.048999786376953,1.9860579632222652,1.1899051666259766,1588.0484699945744,6.5625,0.00054400456,1,2048,,1057.4992084503174
adammini-adaptive_stochastic-r8,adammini,adaptive_stochastic,8,1.1B,sdpa,666,820,1681408,2.3612382411956787,10.604073727417717,nan,nan,nan,nan,6.093371868133545,2.048999786376953,0.009314332157373428,2.048999786376953,1.9860579632222652,1.2182106971740723,1588.1450889267844,7.46875,0.0005432045679999999,1,2048,,1058.7244274616241
adammini-adaptive_stochastic-r8,adammini,adaptive_stochastic,8,1.1B,sdpa,666,821,1683456,2.974797248840332,19.585651833382904,nan,nan,nan,nan,6.093371868133545,2.048999786376953,0.009314332157373428,2.048999786376953,1.9860579632222652,1.2171266078948975,1588.2513024772957,5.5625,0.000542404576,1,2048,,1059.94309425354
adammini-adaptive_stochastic-r8,adammini,adaptive_stochastic,8,1.1B,sdpa,666,822,1685504,2.6099019050598145,13.597716919178128,nan,nan,nan,nan,6.093371868133545,2.048999786376953,0.009314332157373428,2.048999786376953,1.9860579632222652,1.2145135402679443,1588.359762651266,6.875,0.0005416045840000002,1,2048,,1061.1600971221924
adammini-adaptive_stochastic-r8,adammini,adaptive_stochastic,8,1.1B,sdpa,666,823,1687552,2.135568141937256,8.461852674810931,nan,nan,nan,nan,6.093371868133545,2.048999786376953,0.009314332157373428,2.048999786376953,1.9860579632222652,1.2145674228668213,1588.4636847742213,7.75,0.000540804592,1,2048,,1062.379968881607
adammini-adaptive_stochastic-r8,adammini,adaptive_stochastic,8,1.1B,sdpa,666,824,1689600,2.5181758403778076,12.405945585255632,nan,nan,nan,nan,6.093371868133545,2.048999786376953,0.009314332157373428,2.048999786376953,1.9860579632222652,1.208331823348999,1588.5770280420686,6.0625,0.0005400046000000001,1,2048,,1063.593373298645
adammini-adaptive_stochastic-r8,adammini,adaptive_stochastic,8,1.1B,sdpa,666,825,1691648,2.3223440647125244,10.199554722826937,nan,nan,nan,nan,6.093371868133545,2.048999786376953,0.009314332157373428,2.048999786376953,1.9860579632222652,1.1938788890838623,1588.6611664319857,7.21875,0.000539204608,1,2048,,1064.826179265976
adammini-adaptive_stochastic-r8,adammini,adaptive_stochastic,8,1.1B,sdpa,666,826,1693696,3.3981473445892334,29.908638286944345,nan,nan,nan,nan,6.093371868133545,2.048999786376953,0.009314332157373428,2.048999786376953,1.9860579632222652,1.1389284133911133,1588.8820453601415,9.4375,0.0005384046160000001,1,2048,,1065.9671087265015
adammini-adaptive_stochastic-r8,adammini,adaptive_stochastic,8,1.1B,sdpa,666,827,1695744,2.877506732940674,17.769912763270135,nan,nan,nan,nan,6.093371868133545,2.048999786376953,0.009314332157373428,2.048999786376953,1.9860579632222652,1.1764252185821533,1589.0465013075645,9.125,0.0005376046240000001,1,2048,,1067.1456112861633
adammini-adaptive_stochastic-r8,adammini,adaptive_stochastic,8,1.1B,sdpa,666,828,1697792,2.7134363651275635,15.081010432270512,nan,nan,nan,nan,6.093371868133545,2.048999786376953,0.009314332157373428,2.048999786376953,1.9860579632222652,1.2118942737579346,1589.15942498154,9.125,0.000536804632,1,2048,,1068.358512878418
adammini-adaptive_stochastic-r8,adammini,adaptive_stochastic,8,1.1B,sdpa,666,829,1699840,2.8299598693847656,16.944780806417562,nan,nan,nan,nan,6.093371868133545,2.048999786376953,0.009314332157373428,2.048999786376953,1.9860579632222652,1.2089192867279053,1589.2765240594977,8.1875,0.00053600464,1,2048,,1069.5684320926666
adammini-adaptive_stochastic-r8,adammini,adaptive_stochastic,8,1.1B,sdpa,666,830,1701888,2.7914326190948486,16.304361017183393,nan,nan,nan,nan,6.093371868133545,2.048999786376953,0.009314332157373428,2.048999786376953,1.9860579632222652,1.210803747177124,1589.390559572345,10.625,0.000535204648,1,2048,,1070.7802369594574
adammini-adaptive_stochastic-r8,adammini,adaptive_stochastic,8,1.1B,sdpa,666,831,1703936,3.1473701000213623,23.27477369497554,nan,nan,nan,nan,6.093371868133545,2.048999786376953,0.009314332157373428,2.048999786376953,1.9860579632222652,1.2072010040283203,1589.5096753923647,8.875,0.000534404656,1,2048,,1071.9884417057037
adammini-adaptive_stochastic-r8,adammini,adaptive_stochastic,8,1.1B,sdpa,666,832,1705984,2.964266061782837,19.380473949901074,nan,nan,nan,nan,6.093371868133545,2.048999786376953,0.009314332157373428,2.048999786376953,1.9860579632222652,1.212010383605957,1589.6214035845946,8.0,0.0005336046640000001,1,2048,,1073.2014529705048
adammini-adaptive_stochastic-r8,adammini,adaptive_stochastic,8,1.1B,sdpa,666,833,1708032,3.172435998916626,23.865550057807422,nan,nan,nan,nan,6.093371868133545,2.048999786376953,0.009314332157373428,2.048999786376953,1.9860579632222652,1.2072839736938477,1589.7398068819282,8.625,0.0005328046719999999,1,2048,,1074.409782409668
adammini-adaptive_stochastic-r8,adammini,adaptive_stochastic,8,1.1B,sdpa,666,834,1710080,3.037517547607422,20.853411325748198,nan,nan,nan,nan,6.093371868133545,2.048999786376953,0.009314332157373428,2.048999786376953,1.9860579632222652,1.2084712982177734,1589.8562466288984,9.75,0.00053200468,1,2048,,1075.6192603111267
adammini-adaptive_stochastic-r8,adammini,adaptive_stochastic,8,1.1B,sdpa,666,835,1712128,2.872835874557495,17.68710555818527,nan,nan,nan,nan,6.093371868133545,2.048999786376953,0.009314332157373428,2.048999786376953,1.9860579632222652,1.2111785411834717,1589.9684394565024,8.4375,0.000531204688,1,2048,,1076.8314373493195
adammini-adaptive_stochastic-r8,adammini,adaptive_stochastic,8,1.1B,sdpa,666,836,1714176,2.803001880645752,16.49408580588049,nan,nan,nan,nan,6.093371868133545,2.048999786376953,0.009314332157373428,2.048999786376953,1.9860579632222652,1.2085366249084473,1590.0820573991857,10.25,0.000530404696,1,2048,,1078.04247713089
adammini-adaptive_stochastic-r8,adammini,adaptive_stochastic,8,1.1B,sdpa,666,837,1716224,2.3609583377838135,10.601106026355943,nan,nan,nan,nan,6.093371868133545,2.048999786376953,0.009314332157373428,2.048999786376953,1.9860579632222652,1.21205735206604,1590.185538601852,6.21875,0.000529604704,1,2048,,1079.2602236270905
adammini-adaptive_stochastic-r8,adammini,adaptive_stochastic,8,1.1B,sdpa,666,838,1718272,1.9305448532104492,6.893265036167895,nan,nan,nan,nan,6.093371868133545,2.048999786376953,0.009314332157373428,2.048999786376953,1.9860579632222652,1.21337890625,1590.2868242424076,5.625,0.0005288047119999999,1,2048,,1080.4793033599854
adammini-adaptive_stochastic-r8,adammini,adaptive_stochastic,8,1.1B,sdpa,666,839,1720320,1.907991647720337,6.739539827355687,nan,nan,nan,nan,6.093371868133545,2.048999786376953,0.009314332157373428,2.048999786376953,1.9860579632222652,1.210545301437378,1590.3974906311191,5.75,0.00052800472,1,2048,,1081.69184756279
adammini-adaptive_stochastic-r8,adammini,adaptive_stochastic,8,1.1B,sdpa,666,840,1722368,1.9728907346725464,7.191435000717378,nan,nan,nan,nan,6.093371868133545,2.048999786376953,0.009314332157373428,2.048999786376953,1.9860579632222652,1.2115857601165771,1590.5026551736937,5.4375,0.000527204728,1,2048,,1082.9079689979553
adammini-adaptive_stochastic-r8,adammini,adaptive_stochastic,8,1.1B,sdpa,666,841,1724416,2.2455894947052,9.445982272059258,nan,nan,nan,nan,6.093371868133545,2.048999786376953,0.009314332157373428,2.048999786376953,1.9860579632222652,1.207517385482788,1590.616024581821,6.21875,0.0005264047359999999,1,2048,,1084.118337392807
adammini-adaptive_stochastic-r8,adammini,adaptive_stochastic,8,1.1B,sdpa,666,842,1726464,2.638731002807617,13.99543217003624,nan,nan,nan,nan,6.093371868133545,2.048999786376953,0.009314332157373428,2.048999786376953,1.9860579632222652,1.206777572631836,1590.7267422133853,6.40625,0.000525604744,1,2048,,1085.3303425312042
adammini-adaptive_stochastic-r8,adammini,adaptive_stochastic,8,1.1B,sdpa,666,843,1728512,2.238708734512329,9.381209830630711,nan,nan,nan,nan,6.093371868133545,2.048999786376953,0.009314332157373428,2.048999786376953,1.9860579632222652,1.20833420753479,1590.8374184460147,5.625,0.0005248047519999998,1,2048,,1086.5422072410583
adammini-adaptive_stochastic-r8,adammini,adaptive_stochastic,8,1.1B,sdpa,666,844,1730560,2.551907539367676,12.831557152782572,nan,nan,nan,nan,6.093371868133545,2.048999786376953,0.009314332157373428,2.048999786376953,1.9860579632222652,1.212447166442871,1590.9299325604431,6.21875,0.00052400476,1,2048,,1087.766321182251
adammini-adaptive_stochastic-r8,adammini,adaptive_stochastic,8,1.1B,sdpa,666,845,1732608,1.9490935802459717,7.022319525822669,nan,nan,nan,nan,6.093371868133545,2.048999786376953,0.009314332157373428,2.048999786376953,1.9860579632222652,1.2068331241607666,1591.0460227443775,5.78125,0.000523204768,1,2048,,1088.9741561412811
adammini-adaptive_stochastic-r8,adammini,adaptive_stochastic,8,1.1B,sdpa,666,846,1734656,1.9390608072280884,6.952218430161702,nan,nan,nan,nan,6.093371868133545,2.048999786376953,0.009314332157373428,2.048999786376953,1.9860579632222652,1.210557460784912,1591.1564139836726,6.1875,0.0005224047759999999,1,2048,,1090.1857194900513
adammini-adaptive_stochastic-r8,adammini,adaptive_stochastic,8,1.1B,sdpa,666,847,1736704,1.896951675415039,6.665544697949348,nan,nan,nan,nan,6.093371868133545,2.048999786376953,0.009314332157373428,2.048999786376953,1.9860579632222652,1.2101895809173584,1591.267043318524,5.09375,0.000521604784,1,2048,,1091.3969514369965
adammini-adaptive_stochastic-r8,adammini,adaptive_stochastic,8,1.1B,sdpa,666,848,1738752,2.1051149368286133,8.208046362199774,nan,nan,nan,nan,6.093371868133545,2.048999786376953,0.009314332157373428,2.048999786376953,1.9860579632222652,1.2084412574768066,1591.3754056552064,6.75,0.000520804792,1,2048,,1092.6095714569092
adammini-adaptive_stochastic-r8,adammini,adaptive_stochastic,8,1.1B,sdpa,666,849,1740800,2.424309492111206,11.294427834542496,nan,nan,nan,nan,6.093371868133545,2.048999786376953,0.009314332157373428,2.048999786376953,1.9860579632222652,1.1866836547851562,1591.5161627025211,5.59375,0.0005200048000000001,1,2048,,1093.7997620105743
adammini-adaptive_stochastic-r8,adammini,adaptive_stochastic,8,1.1B,sdpa,666,850,1742848,2.096475124359131,8.137435850911757,nan,nan,nan,nan,6.093371868133545,2.048999786376953,0.009314332157373428,2.048999786376953,1.9860579632222652,1.20528244972229,1591.617117561553,5.53125,0.000519204808,1,2048,,1095.0171248912811
adammini-adaptive_stochastic-r8,adammini,adaptive_stochastic,8,1.1B,sdpa,666,851,1744896,2.1381795406341553,8.483978823383135,nan,nan,nan,nan,6.093371868133545,2.048999786376953,0.009314332157373428,2.048999786376953,1.9860579632222652,1.1412088871002197,1591.82689459637,4.84375,0.000518404816,1,2048,,1096.1593914031982
adammini-adaptive_stochastic-r8,adammini,adaptive_stochastic,8,1.1B,sdpa,666,852,1746944,2.04276704788208,7.711918951731306,nan,nan,nan,nan,6.093371868133545,2.048999786376953,0.009314332157373428,2.048999786376953,1.9860579632222652,1.1886112689971924,1591.9675467711563,5.03125,0.0005176048240000001,1,2048,,1097.3490028381348
adammini-adaptive_stochastic-r8,adammini,adaptive_stochastic,8,1.1B,sdpa,666,853,1748992,2.4650490283966064,11.764058910787451,nan,nan,nan,nan,6.093371868133545,2.048999786376953,0.009314332157373428,2.048999786376953,1.9860579632222652,1.206831455230713,1592.0765935806064,5.3125,0.000516804832,1,2048,,1098.5602118968964
adammini-adaptive_stochastic-r8,adammini,adaptive_stochastic,8,1.1B,sdpa,666,854,1751040,2.1407546997070312,8.505854573102958,nan,nan,nan,nan,6.093371868133545,2.048999786376953,0.009314332157373428,2.048999786376953,1.9860579632222652,1.2098193168640137,1592.1792717522355,5.0,0.00051600484,1,2048,,1099.77565407753
adammini-adaptive_stochastic-r8,adammini,adaptive_stochastic,8,1.1B,sdpa,666,855,1753088,2.1131510734558105,8.274273091323593,nan,nan,nan,nan,6.093371868133545,2.048999786376953,0.009314332157373428,2.048999786376953,1.9860579632222652,1.2096195220947266,1592.2725948493505,5.34375,0.000515204848,1,2048,,1100.9974081516266
adammini-adaptive_stochastic-r8,adammini,adaptive_stochastic,8,1.1B,sdpa,666,856,1755136,2.197953224182129,9.006560211361595,nan,nan,nan,nan,6.093371868133545,2.048999786376953,0.009314332157373428,2.048999786376953,1.9860579632222652,1.2078652381896973,1592.384892180675,5.34375,0.0005144048559999999,1,2048,,1102.2058854103088
adammini-adaptive_stochastic-r8,adammini,adaptive_stochastic,8,1.1B,sdpa,666,857,1757184,2.1011435985565186,8.175514074658716,nan,nan,nan,nan,6.093371868133545,2.048999786376953,0.009314332157373428,2.048999786376953,1.9860579632222652,1.2120304107666016,1592.4910574418261,5.5625,0.0005136048640000001,1,2048,,1103.4184410572052
adammini-adaptive_stochastic-r8,adammini,adaptive_stochastic,8,1.1B,sdpa,666,858,1759232,2.128796100616455,8.404742254170207,nan,nan,nan,nan,6.093371868133545,2.048999786376953,0.009314332157373428,2.048999786376953,1.9860579632222652,1.2071292400360107,1592.6033752916262,5.1875,0.0005128048719999999,1,2048,,1104.6265676021576
adammini-adaptive_stochastic-r8,adammini,adaptive_stochastic,8,1.1B,sdpa,666,859,1761280,2.3841946125030518,10.850320432536494,nan,nan,nan,nan,6.093371868133545,2.048999786376953,0.009314332157373428,2.048999786376953,1.9860579632222652,1.2109978199005127,1592.6993466595081,5.40625,0.00051200488,1,2048,,1105.8458733558655
adammini-adaptive_stochastic-r8,adammini,adaptive_stochastic,8,1.1B,sdpa,666,860,1763328,2.4753262996673584,11.885584742778285,nan,nan,nan,nan,6.093371868133545,2.048999786376953,0.009314332157373428,2.048999786376953,1.9860579632222652,1.1693873405456543,1592.8654478621058,5.125,0.0005112048879999999,1,2048,,1107.0162909030914
adammini-adaptive_stochastic-r8,adammini,adaptive_stochastic,8,1.1B,sdpa,666,861,1765376,2.576478958129883,13.150752195017724,nan,nan,nan,nan,6.093371868133545,2.048999786376953,0.009314332157373428,2.048999786376953,1.9860579632222652,1.2097396850585938,1592.9724651111794,5.34375,0.000510404896,1,2048,,1108.227567434311
adammini-adaptive_stochastic-r8,adammini,adaptive_stochastic,8,1.1B,sdpa,666,862,1767424,2.5629615783691406,12.974184538016958,nan,nan,nan,nan,6.093371868133545,2.048999786376953,0.009314332157373428,2.048999786376953,1.9860579632222652,1.2071328163146973,1593.0814202269773,4.96875,0.0005096049040000001,1,2048,,1109.4373316764832
adammini-adaptive_stochastic-r8,adammini,adaptive_stochastic,8,1.1B,sdpa,666,863,1769472,1.8995424509048462,6.6828360170701115,nan,nan,nan,nan,6.093371868133545,2.048999786376953,0.009314332157373428,2.048999786376953,1.9860579632222652,1.2103729248046875,1593.176295480187,6.03125,0.0005088049119999999,1,2048,,1110.6567459106445
adammini-adaptive_stochastic-r8,adammini,adaptive_stochastic,8,1.1B,sdpa,666,864,1771520,1.8311306238174438,6.240938825178644,nan,nan,nan,nan,6.093371868133545,2.048999786376953,0.009314332157373428,2.048999786376953,1.9860579632222652,1.197904109954834,1593.3003072834922,5.4375,0.00050800492,1,2048,,1111.8556821346283
adammini-adaptive_stochastic-r8,adammini,adaptive_stochastic,8,1.1B,sdpa,666,865,1773568,1.7913398742675781,5.997482958343065,nan,nan,nan,nan,6.093371868133545,2.048999786376953,0.009314332157373428,2.048999786376953,1.9860579632222652,1.1424906253814697,1593.504862278355,6.09375,0.0005072049279999999,1,2048,,1112.9981727600098
adammini-adaptive_stochastic-r8,adammini,adaptive_stochastic,8,1.1B,sdpa,666,866,1775616,2.183842420578003,8.8803628759506,nan,nan,nan,nan,6.093371868133545,2.048999786376953,0.009314332157373428,2.048999786376953,1.9860579632222652,1.1457841396331787,1593.6999969980982,6.46875,0.000506404936,1,2048,,1114.1469557285309
adammini-adaptive_stochastic-r8,adammini,adaptive_stochastic,8,1.1B,sdpa,666,867,1777664,2.277977466583252,9.756926729668345,nan,nan,nan,nan,6.093371868133545,2.048999786376953,0.009314332157373428,2.048999786376953,1.9860579632222652,1.1401829719543457,1593.899760957509,5.59375,0.000505604944,1,2048,,1115.292218208313
adammini-adaptive_stochastic-r8,adammini,adaptive_stochastic,8,1.1B,sdpa,666,868,1779712,2.3575263023376465,10.564785017850918,nan,nan,nan,nan,6.093371868133545,2.048999786376953,0.009314332157373428,2.048999786376953,1.9860579632222652,1.1428942680358887,1594.095282582127,6.3125,0.000504804952,1,2048,,1116.4401648044586
adammini-adaptive_stochastic-r8,adammini,adaptive_stochastic,8,1.1B,sdpa,666,869,1781760,2.559953212738037,12.935212098227971,nan,nan,nan,nan,6.093371868133545,2.048999786376953,0.009314332157373428,2.048999786376953,1.9860579632222652,1.1397409439086914,1594.2847906637528,6.46875,0.0005040049599999999,1,2048,,1117.5920453071594
adammini-adaptive_stochastic-r8,adammini,adaptive_stochastic,8,1.1B,sdpa,666,870,1783808,2.7075881958007812,14.993071521098798,nan,nan,nan,nan,6.093371868133545,2.048999786376953,0.009314332157373428,2.048999786376953,1.9860579632222652,1.1394286155700684,1594.4902300731983,5.65625,0.000503204968,1,2048,,1118.7324740886688
adammini-adaptive_stochastic-r8,adammini,adaptive_stochastic,8,1.1B,sdpa,666,871,1785856,2.7009925842285156,14.894508444263597,nan,nan,nan,nan,6.093371868133545,2.048999786376953,0.009314332157373428,2.048999786376953,1.9860579632222652,1.1413090229034424,1594.6925730331852,6.03125,0.0005024049759999999,1,2048,,1119.8747835159302
adammini-adaptive_stochastic-r8,adammini,adaptive_stochastic,8,1.1B,sdpa,666,872,1787904,2.71097993850708,15.044010499196071,nan,nan,nan,nan,6.093371868133545,2.048999786376953,0.009314332157373428,2.048999786376953,1.9860579632222652,1.1422405242919922,1594.8931702144428,5.5,0.000501604984,1,2048,,1121.018030166626
adammini-adaptive_stochastic-r8,adammini,adaptive_stochastic,8,1.1B,sdpa,666,873,1789952,2.6985795497894287,14.858610810965565,nan,nan,nan,nan,6.093371868133545,2.048999786376953,0.009314332157373428,2.048999786376953,1.9860579632222652,1.1572093963623047,1595.0706700032226,5.34375,0.0005008049919999999,1,2048,,1122.177238702774
adammini-adaptive_stochastic-r8,adammini,adaptive_stochastic,8,1.1B,sdpa,666,874,1792000,2.2472023963928223,9.461230006049533,nan,nan,nan,nan,6.093371868133545,2.048999786376953,0.009314332157373428,2.048999786376953,1.9860579632222652,1.1661787033081055,1595.2315061830607,6.59375,0.0005000050000000001,1,2048,,1123.3479235172272
adammini-adaptive_stochastic-r8,adammini,adaptive_stochastic,8,1.1B,sdpa,666,875,1794048,1.8123588562011719,6.124878112306385,nan,nan,nan,nan,6.093371868133545,2.048999786376953,0.009314332157373428,2.048999786376953,1.9860579632222652,1.2650134563446045,1595.250754973903,6.125,0.000499205008,1,2048,,1124.6181795597076
adammini-adaptive_stochastic-r8,adammini,adaptive_stochastic,8,1.1B,sdpa,666,876,1796096,2.105668067932129,8.21258774381573,nan,nan,nan,nan,6.093371868133545,2.048999786376953,0.009314332157373428,2.048999786376953,1.9860579632222652,1.1652696132659912,1595.4137649214192,5.84375,0.000498405016,1,2048,,1125.7869522571564
adammini-adaptive_stochastic-r8,adammini,adaptive_stochastic,8,1.1B,sdpa,666,877,1798144,2.4741694927215576,11.871843365385738,nan,nan,nan,nan,6.093371868133545,2.048999786376953,0.009314332157373428,2.048999786376953,1.9860579632222652,1.163132667541504,1595.5757994388568,6.90625,0.000497605024,1,2048,,1126.9561750888824
adammini-adaptive_stochastic-r8,adammini,adaptive_stochastic,8,1.1B,sdpa,666,878,1800192,2.3048338890075684,10.022513264517356,nan,nan,nan,nan,6.093371868133545,2.048999786376953,0.009314332157373428,2.048999786376953,1.9860579632222652,1.1627304553985596,1595.7445863063317,6.90625,0.000496805032,1,2048,,1128.120386838913
adammini-adaptive_stochastic-r8,adammini,adaptive_stochastic,8,1.1B,sdpa,666,879,1802240,2.4042768478393555,11.070421787420461,nan,nan,nan,nan,6.093371868133545,2.048999786376953,0.009314332157373428,2.048999786376953,1.9860579632222652,1.1669151782989502,1595.9049283195466,10.4375,0.00049600504,1,2048,,1129.2903280258179
adammini-adaptive_stochastic-r8,adammini,adaptive_stochastic,8,1.1B,sdpa,666,880,1804288,2.6044604778289795,13.523926875704381,nan,nan,nan,nan,6.093371868133545,2.048999786376953,0.009314332157373428,2.048999786376953,1.9860579632222652,1.1627609729766846,1596.063674118536,6.34375,0.000495205048,1,2048,,1130.4611647129059
adammini-adaptive_stochastic-r8,adammini,adaptive_stochastic,8,1.1B,sdpa,666,881,1806336,2.6363608837127686,13.962300607393622,nan,nan,nan,nan,6.093371868133545,2.048999786376953,0.009314332157373428,2.048999786376953,1.9860579632222652,1.162266731262207,1596.2327202913257,5.875,0.0004944050560000001,1,2048,,1131.6244661808014
adammini-adaptive_stochastic-r8,adammini,adaptive_stochastic,8,1.1B,sdpa,666,882,1808384,2.612882614135742,13.638308222791348,nan,nan,nan,nan,6.093371868133545,2.048999786376953,0.009314332157373428,2.048999786376953,1.9860579632222652,1.1579082012176514,1596.407588840537,5.3125,0.0004936050640000001,1,2048,,1132.7833898067474
adammini-adaptive_stochastic-r8,adammini,adaptive_stochastic,8,1.1B,sdpa,666,883,1810432,2.031141519546509,7.6227829499073545,nan,nan,nan,nan,6.093371868133545,2.048999786376953,0.009314332157373428,2.048999786376953,1.9860579632222652,1.104321002960205,1596.652611375996,5.875,0.0004928050720000001,1,2048,,1133.8922362327576
adammini-adaptive_stochastic-r8,adammini,adaptive_stochastic,8,1.1B,sdpa,666,884,1812480,2.0609774589538574,7.853642673104551,nan,nan,nan,nan,6.093371868133545,2.048999786376953,0.009314332157373428,2.048999786376953,1.9860579632222652,1.103775978088379,1596.892828271058,5.15625,0.00049200508,1,2048,,1135.0041580200195
adammini-adaptive_stochastic-r8,adammini,adaptive_stochastic,8,1.1B,sdpa,666,885,1814528,2.0138747692108154,7.492292078533518,nan,nan,nan,nan,6.093371868133545,2.048999786376953,0.009314332157373428,2.048999786376953,1.9860579632222652,1.104074239730835,1597.142199948031,5.09375,0.0004912050880000001,1,2048,,1136.1092331409454
adammini-adaptive_stochastic-r8,adammini,adaptive_stochastic,8,1.1B,sdpa,666,886,1816576,2.3041059970855713,10.015220612527228,nan,nan,nan,nan,6.093371868133545,2.048999786376953,0.009314332157373428,2.048999786376953,1.9860579632222652,1.1029026508331299,1597.3925407585677,5.03125,0.000490405096,1,2048,,1137.2132732868195
adammini-adaptive_stochastic-r8,adammini,adaptive_stochastic,8,1.1B,sdpa,666,887,1818624,2.3910574913024902,10.925040972331967,nan,nan,nan,nan,6.093371868133545,2.048999786376953,0.009314332157373428,2.048999786376953,1.9860579632222652,1.1075470447540283,1597.6337841422178,8.0625,0.0004896051040000001,1,2048,,1138.3234493732452
adammini-adaptive_stochastic-r8,adammini,adaptive_stochastic,8,1.1B,sdpa,666,888,1820672,2.5268919467926025,12.514549742289201,nan,nan,nan,nan,6.093371868133545,2.048999786376953,0.009314332157373428,2.048999786376953,1.9860579632222652,1.1056838035583496,1597.8752140802465,6.21875,0.000488805112,1,2048,,1139.4331572055817
adammini-adaptive_stochastic-r8,adammini,adaptive_stochastic,8,1.1B,sdpa,666,889,1822720,2.39479398727417,10.965938703436821,nan,nan,nan,nan,6.093371868133545,2.048999786376953,0.009314332157373428,2.048999786376953,1.9860579632222652,1.105109691619873,1598.1166843370024,5.875,0.00048800512,1,2048,,1140.5425009727478
adammini-adaptive_stochastic-r8,adammini,adaptive_stochastic,8,1.1B,sdpa,666,890,1824768,2.3736159801483154,10.736143862494142,nan,nan,nan,nan,6.093371868133545,2.048999786376953,0.009314332157373428,2.048999786376953,1.9860579632222652,1.105748176574707,1598.3564058833194,5.4375,0.00048720512799999997,1,2048,,1141.6527585983276
adammini-adaptive_stochastic-r8,adammini,adaptive_stochastic,8,1.1B,sdpa,666,891,1826816,2.29693603515625,9.943668680864972,nan,nan,nan,nan,6.093371868133545,2.048999786376953,0.009314332157373428,2.048999786376953,1.9860579632222652,1.1027603149414062,1598.6040373685921,5.625,0.0004864051360000001,1,2048,,1142.7570288181305
adammini-adaptive_stochastic-r8,adammini,adaptive_stochastic,8,1.1B,sdpa,666,892,1828864,2.468935489654541,11.809868430781519,nan,nan,nan,nan,6.093371868133545,2.048999786376953,0.009314332157373428,2.048999786376953,1.9860579632222652,1.1063764095306396,1598.844048474829,5.8125,0.00048560514400000003,1,2048,,1143.8664088249207
adammini-adaptive_stochastic-r8,adammini,adaptive_stochastic,8,1.1B,sdpa,666,893,1830912,2.0203254222869873,7.540778471798231,nan,nan,nan,nan,6.093371868133545,2.048999786376953,0.009314332157373428,2.048999786376953,1.9860579632222652,1.1059260368347168,1599.0836257819994,6.59375,0.00048480515200000003,1,2048,,1144.9757664203644
adammini-adaptive_stochastic-r8,adammini,adaptive_stochastic,8,1.1B,sdpa,666,894,1832960,2.2156472206115723,9.167340483662956,nan,nan,nan,nan,6.093371868133545,2.048999786376953,0.009314332157373428,2.048999786376953,1.9860579632222652,1.1038398742675781,1599.3241496273326,6.09375,0.00048400516000000004,1,2048,,1146.0841133594513
adammini-adaptive_stochastic-r8,adammini,adaptive_stochastic,8,1.1B,sdpa,666,895,1835008,2.201075315475464,9.034723455813875,nan,nan,nan,nan,6.093371868133545,2.048999786376953,0.009314332157373428,2.048999786376953,1.9860579632222652,1.1053621768951416,1599.5627150891612,5.15625,0.00048320516800000004,1,2048,,1147.193531513214
adammini-adaptive_stochastic-r8,adammini,adaptive_stochastic,8,1.1B,sdpa,666,896,1837056,2.2729570865631104,9.708066001991881,nan,nan,nan,nan,6.093371868133545,2.048999786376953,0.009314332157373428,2.048999786376953,1.9860579632222652,1.1031529903411865,1599.803106513517,5.09375,0.0004824051760000001,1,2048,,1148.3013081550598
adammini-adaptive_stochastic-r8,adammini,adaptive_stochastic,8,1.1B,sdpa,666,897,1839104,2.4534223079681396,11.628073550489733,nan,nan,nan,nan,6.093371868133545,2.048999786376953,0.009314332157373428,2.048999786376953,1.9860579632222652,1.1068792343139648,1600.0386456380334,7.0625,0.0004816051840000001,1,2048,,1149.4122376441956
adammini-adaptive_stochastic-r8,adammini,adaptive_stochastic,8,1.1B,sdpa,666,898,1841152,2.378885269165039,10.79286501626661,nan,nan,nan,nan,6.093371868133545,2.048999786376953,0.009314332157373428,2.048999786376953,1.9860579632222652,1.1088416576385498,1600.2710364933225,5.625,0.00048080519200000005,1,2048,,1150.5251035690308
adammini-adaptive_stochastic-r8,adammini,adaptive_stochastic,8,1.1B,sdpa,666,899,1843200,2.315037250518799,10.125300084399592,nan,nan,nan,nan,6.093371868133545,2.048999786376953,0.009314332157373428,2.048999786376953,1.9860579632222652,16.26686692237854,1579.7132922370376,5.34375,0.00048000520000000005,1,2048,,1166.7940056324005
adammini-adaptive_stochastic-r8,adammini,adaptive_stochastic,8,1.1B,sdpa,666,900,1845248,2.74220609664917,15.521188596508294,2.2643853967203786,9.625207098988378,2.2643853967203786,9.625207098988378,6.093371868133545,2.048999786376953,0.009314332157373428,2.048999786376953,1.9860579632222652,1.112813949584961,1579.9555637422718,6.59375,0.000479205208,1,2048,,1169.2357029914856
adammini-adaptive_stochastic-r8,adammini,adaptive_stochastic,8,1.1B,sdpa,666,901,1847296,2.01180362701416,7.476790534752044,nan,nan,nan,nan,6.093371868133545,2.048999786376953,0.009314332157373428,2.048999786376953,1.9860579632222652,1.1038126945495605,1578.422530836555,5.65625,0.0004784052160000001,1,2048,,1170.3431520462036
adammini-adaptive_stochastic-r8,adammini,adaptive_stochastic,8,1.1B,sdpa,666,902,1849344,2.2145700454711914,9.157470968942805,nan,nan,nan,nan,6.093371868133545,2.048999786376953,0.009314332157373428,2.048999786376953,1.9860579632222652,1.1059927940368652,1578.6670636738625,5.5,0.00047760522400000006,1,2048,,1171.4591648578644
adammini-adaptive_stochastic-r8,adammini,adaptive_stochastic,8,1.1B,sdpa,666,903,1851392,2.0241007804870605,7.569301419930825,nan,nan,nan,nan,6.093371868133545,2.048999786376953,0.009314332157373428,2.048999786376953,1.9860579632222652,1.106760025024414,1578.9222435409426,5.09375,0.000476805232,1,2048,,1172.5669250488281
adammini-adaptive_stochastic-r8,adammini,adaptive_stochastic,8,1.1B,sdpa,666,904,1853440,1.8015735149383545,6.05917416830979,nan,nan,nan,nan,6.093371868133545,2.048999786376953,0.009314332157373428,2.048999786376953,1.9860579632222652,1.1051504611968994,1579.1791080199591,5.0,0.00047600524,1,2048,,1173.6730751991272
adammini-adaptive_stochastic-r8,adammini,adaptive_stochastic,8,1.1B,sdpa,666,905,1855488,1.8654345273971558,6.458741776581987,nan,nan,nan,nan,6.093371868133545,2.048999786376953,0.009314332157373428,2.048999786376953,1.9860579632222652,1.1068651676177979,1579.4304158908014,5.125,0.00047520524799999996,1,2048,,1174.7829985618591
adammini-adaptive_stochastic-r8,adammini,adaptive_stochastic,8,1.1B,sdpa,666,906,1857536,2.599092960357666,13.451531427645214,nan,nan,nan,nan,6.093371868133545,2.048999786376953,0.009314332157373428,2.048999786376953,1.9860579632222652,1.1064095497131348,1579.679200778836,6.0,0.00047440525600000007,1,2048,,1175.894446849823
adammini-adaptive_stochastic-r8,adammini,adaptive_stochastic,8,1.1B,sdpa,666,907,1859584,2.616579294204712,13.688817986671873,nan,nan,nan,nan,6.093371868133545,2.048999786376953,0.009314332157373428,2.048999786376953,1.9860579632222652,1.1083862781524658,1579.9296085281926,5.5625,0.000473605264,1,2048,,1177.0043361186981
adammini-adaptive_stochastic-r8,adammini,adaptive_stochastic,8,1.1B,sdpa,666,908,1861632,2.2783260345458984,9.760328274540539,nan,nan,nan,nan,6.093371868133545,2.048999786376953,0.009314332157373428,2.048999786376953,1.9860579632222652,1.107614278793335,1580.1741142009737,5.875,0.0004728052720000001,1,2048,,1178.118273973465
adammini-adaptive_stochastic-r8,adammini,adaptive_stochastic,8,1.1B,sdpa,666,909,1863680,2.412092685699463,11.157285423011347,nan,nan,nan,nan,6.093371868133545,2.048999786376953,0.009314332157373428,2.048999786376953,1.9860579632222652,1.104325532913208,1580.42970107475,5.15625,0.00047200528,1,2048,,1179.2235989570618
adammini-adaptive_stochastic-r8,adammini,adaptive_stochastic,8,1.1B,sdpa,666,910,1865728,2.294814109802246,9.92259132837207,nan,nan,nan,nan,6.093371868133545,2.048999786376953,0.009314332157373428,2.048999786376953,1.9860579632222652,1.1068618297576904,1580.6752268499042,5.75,0.00047120528800000003,1,2048,,1180.3360793590546
adammini-adaptive_stochastic-r8,adammini,adaptive_stochastic,8,1.1B,sdpa,666,911,1867776,1.8607608079910278,6.428625861290586,nan,nan,nan,nan,6.093371868133545,2.048999786376953,0.009314332157373428,2.048999786376953,1.9860579632222652,1.1027071475982666,1580.9257469938905,5.3125,0.0004704052960000001,1,2048,,1181.4444818496704
adammini-adaptive_stochastic-r8,adammini,adaptive_stochastic,8,1.1B,sdpa,666,912,1869824,2.1211466789245605,8.340696106748588,nan,nan,nan,nan,6.093371868133545,2.048999786376953,0.009314332157373428,2.048999786376953,1.9860579632222652,1.1363937854766846,1581.1363630359554,5.125,0.0004696053040000001,1,2048,,1182.582377910614
adammini-adaptive_stochastic-r8,adammini,adaptive_stochastic,8,1.1B,sdpa,666,913,1871872,2.7712180614471436,15.978084450141349,nan,nan,nan,nan,6.093371868133545,2.048999786376953,0.009314332157373428,2.048999786376953,1.9860579632222652,1.1686911582946777,1581.3007487895493,6.34375,0.00046880531200000004,1,2048,,1183.7545776367188
adammini-adaptive_stochastic-r8,adammini,adaptive_stochastic,8,1.1B,sdpa,666,914,1873920,2.0427966117858887,7.71214694953161,nan,nan,nan,nan,6.093371868133545,2.048999786376953,0.009314332157373428,2.048999786376953,1.9860579632222652,1.2317759990692139,1581.35861587928,5.71875,0.00046800532000000004,1,2048,,1185.0073528289795
adammini-adaptive_stochastic-r8,adammini,adaptive_stochastic,8,1.1B,sdpa,666,915,1875968,2.668778419494629,14.422340377639491,nan,nan,nan,nan,6.093371868133545,2.048999786376953,0.009314332157373428,2.048999786376953,1.9860579632222652,1.1884982585906982,1581.498038548646,5.75,0.000467205328,1,2048,,1186.1968553066254
adammini-adaptive_stochastic-r8,adammini,adaptive_stochastic,8,1.1B,sdpa,666,916,1878016,2.647798776626587,14.12291671041322,nan,nan,nan,nan,6.093371868133545,2.048999786376953,0.009314332157373428,2.048999786376953,1.9860579632222652,1.1544592380523682,1581.682847933595,5.28125,0.00046640533600000004,1,2048,,1187.3530793190002
adammini-adaptive_stochastic-r8,adammini,adaptive_stochastic,8,1.1B,sdpa,666,917,1880064,2.437838315963745,11.448266440527965,nan,nan,nan,nan,6.093371868133545,2.048999786376953,0.009314332157373428,2.048999786376953,1.9860579632222652,1.262237787246704,1581.723549756084,5.0625,0.00046560534400000005,1,2048,,1188.6173157691956
adammini-adaptive_stochastic-r8,adammini,adaptive_stochastic,8,1.1B,sdpa,666,918,1882112,2.3574466705322266,10.56394375844202,nan,nan,nan,nan,6.093371868133545,2.048999786376953,0.009314332157373428,2.048999786376953,1.9860579632222652,1.194843053817749,1581.8549129695082,5.625,0.000464805352,1,2048,,1189.8132910728455
adammini-adaptive_stochastic-r8,adammini,adaptive_stochastic,8,1.1B,sdpa,666,919,1884160,2.1595101356506348,8.666891017480067,nan,nan,nan,nan,6.093371868133545,2.048999786376953,0.009314332157373428,2.048999786376953,1.9860579632222652,1.2034153938293457,1581.9654540665936,5.03125,0.00046400536,1,2048,,1191.0247440338135
adammini-adaptive_stochastic-r8,adammini,adaptive_stochastic,8,1.1B,sdpa,666,920,1886208,1.8358001708984375,6.270149329688353,nan,nan,nan,nan,6.093371868133545,2.048999786376953,0.009314332157373428,2.048999786376953,1.9860579632222652,1.2105741500854492,1582.0742614005917,4.875,0.00046320536799999995,1,2048,,1192.2373342514038
adammini-adaptive_stochastic-r8,adammini,adaptive_stochastic,8,1.1B,sdpa,666,921,1888256,2.2710485458374023,9.689555432365983,nan,nan,nan,nan,6.093371868133545,2.048999786376953,0.009314332157373428,2.048999786376953,1.9860579632222652,1.2108850479125977,1582.1792901939195,5.625,0.0004624053760000001,1,2048,,1193.452607870102
adammini-adaptive_stochastic-r8,adammini,adaptive_stochastic,8,1.1B,sdpa,666,922,1890304,2.2882468700408936,9.85764079835186,nan,nan,nan,nan,6.093371868133545,2.048999786376953,0.009314332157373428,2.048999786376953,1.9860579632222652,1.2115473747253418,1582.283012410982,5.0,0.00046160538400000006,1,2048,,1194.6687066555023
adammini-adaptive_stochastic-r8,adammini,adaptive_stochastic,8,1.1B,sdpa,666,923,1892352,2.494843006134033,12.119830630156954,nan,nan,nan,nan,6.093371868133545,2.048999786376953,0.009314332157373428,2.048999786376953,1.9860579632222652,1.1581761837005615,1582.4590960789105,6.125,0.00046080539200000006,1,2048,,1195.8299615383148
adammini-adaptive_stochastic-r8,adammini,adaptive_stochastic,8,1.1B,sdpa,666,924,1894400,2.07412052154541,7.957544891338738,nan,nan,nan,nan,6.093371868133545,2.048999786376953,0.009314332157373428,2.048999786376953,1.9860579632222652,1.1839141845703125,1582.5957055701963,5.71875,0.0004600054,1,2048,,1197.0208141803741
adammini-adaptive_stochastic-r8,adammini,adaptive_stochastic,8,1.1B,sdpa,666,925,1896448,2.250370740890503,9.491253980110931,nan,nan,nan,nan,6.093371868133545,2.048999786376953,0.009314332157373428,2.048999786376953,1.9860579632222652,1.2091879844665527,1582.7065024849294,6.15625,0.0004592054080000001,1,2048,,1198.2310030460358
adammini-adaptive_stochastic-r8,adammini,adaptive_stochastic,8,1.1B,sdpa,666,926,1898496,2.1200315952301025,8.33140071605199,nan,nan,nan,nan,6.093371868133545,2.048999786376953,0.009314332157373428,2.048999786376953,1.9860579632222652,1.2105011940002441,1582.811852764263,5.875,0.00045840541600000007,1,2048,,1199.445149898529
adammini-adaptive_stochastic-r8,adammini,adaptive_stochastic,8,1.1B,sdpa,666,927,1900544,2.352940320968628,10.516446036145089,nan,nan,nan,nan,6.093371868133545,2.048999786376953,0.009314332157373428,2.048999786376953,1.9860579632222652,1.2038493156433105,1582.9231127297858,5.59375,0.0004576054240000001,1,2048,,1200.65465259552
adammini-adaptive_stochastic-r8,adammini,adaptive_stochastic,8,1.1B,sdpa,666,928,1902592,2.2830636501312256,9.806678666366745,nan,nan,nan,nan,6.093371868133545,2.048999786376953,0.009314332157373428,2.048999786376953,1.9860579632222652,1.2144520282745361,1583.0213422935783,5.4375,0.000456805432,1,2048,,1201.8738782405853
adammini-adaptive_stochastic-r8,adammini,adaptive_stochastic,8,1.1B,sdpa,666,929,1904640,2.1965715885162354,8.99412501897736,nan,nan,nan,nan,6.093371868133545,2.048999786376953,0.009314332157373428,2.048999786376953,1.9860579632222652,1.2117655277252197,1583.1236859204942,5.15625,0.00045600543999999997,1,2048,,1203.0898261070251
adammini-adaptive_stochastic-r8,adammini,adaptive_stochastic,8,1.1B,sdpa,666,930,1906688,2.412672519683838,11.16375667221678,nan,nan,nan,nan,6.093371868133545,2.048999786376953,0.009314332157373428,2.048999786376953,1.9860579632222652,1.2145788669586182,1583.2234937563417,6.53125,0.0004552054480000001,1,2048,,1204.3075456619263
adammini-adaptive_stochastic-r8,adammini,adaptive_stochastic,8,1.1B,sdpa,666,931,1908736,2.305036783218384,10.024546980744194,nan,nan,nan,nan,6.093371868133545,2.048999786376953,0.009314332157373428,2.048999786376953,1.9860579632222652,1.2185876369476318,1583.3127154884583,5.21875,0.00045440545600000003,1,2048,,1205.5331718921661
adammini-adaptive_stochastic-r8,adammini,adaptive_stochastic,8,1.1B,sdpa,666,932,1910784,2.1380863189697266,8.483187969619166,nan,nan,nan,nan,6.093371868133545,2.048999786376953,0.009314332157373428,2.048999786376953,1.9860579632222652,1.2153220176696777,1583.4119834597543,5.1875,0.00045360546400000003,1,2048,,1206.7510035037994
adammini-adaptive_stochastic-r8,adammini,adaptive_stochastic,8,1.1B,sdpa,666,933,1912832,2.386819839477539,10.878842408367294,nan,nan,nan,nan,6.093371868133545,2.048999786376953,0.009314332157373428,2.048999786376953,1.9860579632222652,1.2102587223052979,1583.5097211054267,5.8125,0.000452805472,1,2048,,1207.9698498249054
adammini-adaptive_stochastic-r8,adammini,adaptive_stochastic,8,1.1B,sdpa,666,934,1914880,2.559983730316162,12.93560685559723,nan,nan,nan,nan,6.093371868133545,2.048999786376953,0.009314332157373428,2.048999786376953,1.9860579632222652,1.2132861614227295,1583.6125220994415,5.9375,0.00045200548000000004,1,2048,,1209.1846795082092
adammini-adaptive_stochastic-r8,adammini,adaptive_stochastic,8,1.1B,sdpa,666,935,1916928,2.3107807636260986,10.082293470780927,nan,nan,nan,nan,6.093371868133545,2.048999786376953,0.009314332157373428,2.048999786376953,1.9860579632222652,1.2137513160705566,1583.712526913835,5.34375,0.0004512054880000001,1,2048,,1210.4014885425568
adammini-adaptive_stochastic-r8,adammini,adaptive_stochastic,8,1.1B,sdpa,666,936,1918976,2.1202163696289062,8.332940287842836,nan,nan,nan,nan,6.093371868133545,2.048999786376953,0.009314332157373428,2.048999786376953,1.9860579632222652,1.2150392532348633,1583.8100563864193,6.6875,0.0004504054960000001,1,2048,,1211.6200375556946
adammini-adaptive_stochastic-r8,adammini,adaptive_stochastic,8,1.1B,sdpa,666,937,1921024,1.5183541774749756,4.564706312996528,nan,nan,nan,nan,6.093371868133545,2.048999786376953,0.009314332157373428,2.048999786376953,1.9860579632222652,1.1542305946350098,1583.9868088414971,5.375,0.00044960550400000005,1,2048,,1212.777776479721
adammini-adaptive_stochastic-r8,adammini,adaptive_stochastic,8,1.1B,sdpa,666,938,1923072,2.0625345706939697,7.865881198216265,nan,nan,nan,nan,6.093371868133545,2.048999786376953,0.009314332157373428,2.048999786376953,1.9860579632222652,1.154045820236206,1584.1588838796786,5.28125,0.00044880551200000005,1,2048,,1213.938841342926
adammini-adaptive_stochastic-r8,adammini,adaptive_stochastic,8,1.1B,sdpa,666,939,1925120,1.8236621618270874,6.194502231590279,nan,nan,nan,nan,6.093371868133545,2.048999786376953,0.009314332157373428,2.048999786376953,1.9860579632222652,1.1581389904022217,1584.3333433194878,6.3125,0.00044800552,1,2048,,1215.0978252887726
adammini-adaptive_stochastic-r8,adammini,adaptive_stochastic,8,1.1B,sdpa,666,940,1927168,2.0368118286132812,7.666129262536388,nan,nan,nan,nan,6.093371868133545,2.048999786376953,0.009314332157373428,2.048999786376953,1.9860579632222652,1.1557612419128418,1584.5050745744363,6.3125,0.00044720552800000006,1,2048,,1216.2586481571198
adammini-adaptive_stochastic-r8,adammini,adaptive_stochastic,8,1.1B,sdpa,666,941,1929216,2.436919927597046,11.437757312279324,nan,nan,nan,nan,6.093371868133545,2.048999786376953,0.009314332157373428,2.048999786376953,1.9860579632222652,1.1526272296905518,1584.683669610051,5.125,0.00044640553600000006,1,2048,,1217.413946390152
adammini-adaptive_stochastic-r8,adammini,adaptive_stochastic,8,1.1B,sdpa,666,942,1931264,2.537672758102417,12.650196619578448,nan,nan,nan,nan,6.093371868133545,2.048999786376953,0.009314332157373428,2.048999786376953,1.9860579632222652,1.1550941467285156,1584.8581172319693,5.78125,0.000445605544,1,2048,,1218.5721731185913
adammini-adaptive_stochastic-r8,adammini,adaptive_stochastic,8,1.1B,sdpa,666,943,1933312,2.5096237659454346,12.300301397567514,nan,nan,nan,nan,6.093371868133545,2.048999786376953,0.009314332157373428,2.048999786376953,1.9860579632222652,1.150177240371704,1585.0365540517196,5.59375,0.000444805552,1,2048,,1219.727075099945
adammini-adaptive_stochastic-r8,adammini,adaptive_stochastic,8,1.1B,sdpa,666,944,1935360,2.53141713142395,12.571308716013212,nan,nan,nan,nan,6.093371868133545,2.048999786376953,0.009314332157373428,2.048999786376953,1.9860579632222652,1.1514711380004883,1585.2138926788543,5.75,0.00044400555999999996,1,2048,,1220.8825628757477
adammini-adaptive_stochastic-r8,adammini,adaptive_stochastic,8,1.1B,sdpa,666,945,1937408,2.1604630947113037,8.675154146389454,nan,nan,nan,nan,6.093371868133545,2.048999786376953,0.009314332157373428,2.048999786376953,1.9860579632222652,1.1424932479858398,1585.4025470586616,6.5625,0.00044320556800000007,1,2048,,1222.0290699005127
adammini-adaptive_stochastic-r8,adammini,adaptive_stochastic,8,1.1B,sdpa,666,946,1939456,2.329423189163208,10.272014814449353,nan,nan,nan,nan,6.093371868133545,2.048999786376953,0.009314332157373428,2.048999786376953,1.9860579632222652,1.1471569538116455,1585.5848780040715,5.96875,0.000442405576,1,2048,,1223.1801822185516
adammini-adaptive_stochastic-r8,adammini,adaptive_stochastic,8,1.1B,sdpa,666,947,1941504,2.671332836151123,14.459228137421913,nan,nan,nan,nan,6.093371868133545,2.048999786376953,0.009314332157373428,2.048999786376953,1.9860579632222652,1.1459217071533203,1585.761914157814,6.125,0.000441605584,1,2048,,1224.335117816925
adammini-adaptive_stochastic-r8,adammini,adaptive_stochastic,8,1.1B,sdpa,666,948,1943552,2.2633843421936035,9.615576563000849,nan,nan,nan,nan,6.093371868133545,2.048999786376953,0.009314332157373428,2.048999786376953,1.9860579632222652,1.1464824676513672,1585.9482599073933,6.0625,0.000440805592,1,2048,,1225.4826018810272
adammini-adaptive_stochastic-r8,adammini,adaptive_stochastic,8,1.1B,sdpa,666,949,1945600,2.675926685333252,14.525804454472581,nan,nan,nan,nan,6.093371868133545,2.048999786376953,0.009314332157373428,2.048999786376953,1.9860579632222652,1.1426191329956055,1586.1346513220528,5.65625,0.00044000560000000003,1,2048,,1226.6297810077667
adammini-adaptive_stochastic-r8,adammini,adaptive_stochastic,8,1.1B,sdpa,666,950,1947648,1.9928885698318481,7.336695741652458,nan,nan,nan,nan,6.093371868133545,2.048999786376953,0.009314332157373428,2.048999786376953,1.9860579632222652,1.1422755718231201,1586.3204701699303,4.9375,0.0004392056080000001,1,2048,,1227.7771337032318
adammini-adaptive_stochastic-r8,adammini,adaptive_stochastic,8,1.1B,sdpa,666,951,1949696,2.774502992630005,16.03065766040745,nan,nan,nan,nan,6.093371868133545,2.048999786376953,0.009314332157373428,2.048999786376953,1.9860579632222652,1.1425490379333496,1586.5051531789636,6.0625,0.0004384056160000001,1,2048,,1228.9250974655151
adammini-adaptive_stochastic-r8,adammini,adaptive_stochastic,8,1.1B,sdpa,666,952,1951744,2.205434560775757,9.074193999965184,nan,nan,nan,nan,6.093371868133545,2.048999786376953,0.009314332157373428,2.048999786376953,1.9860579632222652,1.1426599025726318,1586.6929599176328,6.1875,0.00043760562400000004,1,2048,,1230.0703723430634
adammini-adaptive_stochastic-r8,adammini,adaptive_stochastic,8,1.1B,sdpa,666,953,1953792,2.2021450996398926,9.044393831582067,nan,nan,nan,nan,6.093371868133545,2.048999786376953,0.009314332157373428,2.048999786376953,1.9860579632222652,1.139037847518921,1586.8816912917052,4.78125,0.000436805632,1,2048,,1231.2146587371826
adammini-adaptive_stochastic-r8,adammini,adaptive_stochastic,8,1.1B,sdpa,666,954,1955840,2.570910692214966,13.07772880531826,nan,nan,nan,nan,6.093371868133545,2.048999786376953,0.009314332157373428,2.048999786376953,1.9860579632222652,1.144148349761963,1587.063634744932,5.65625,0.0004360056400000001,1,2048,,1232.3639438152313
adammini-adaptive_stochastic-r8,adammini,adaptive_stochastic,8,1.1B,sdpa,666,955,1957888,2.0802485942840576,8.00645902687042,nan,nan,nan,nan,6.093371868133545,2.048999786376953,0.009314332157373428,2.048999786376953,1.9860579632222652,1.1481497287750244,1587.242196427386,5.0625,0.00043520564800000004,1,2048,,1233.5155935287476
adammini-adaptive_stochastic-r8,adammini,adaptive_stochastic,8,1.1B,sdpa,666,956,1959936,2.754716634750366,15.716586737231346,nan,nan,nan,nan,6.093371868133545,2.048999786376953,0.009314332157373428,2.048999786376953,1.9860579632222652,1.1463065147399902,1587.4203649178744,5.75,0.00043440565600000005,1,2048,,1234.6672899723053
adammini-adaptive_stochastic-r8,adammini,adaptive_stochastic,8,1.1B,sdpa,666,957,1961984,2.884766101837158,17.899380473650314,nan,nan,nan,nan,6.093371868133545,2.048999786376953,0.009314332157373428,2.048999786376953,1.9860579632222652,1.1473469734191895,1587.6005563567523,6.8125,0.000433605664,1,2048,,1235.8171532154083
adammini-adaptive_stochastic-r8,adammini,adaptive_stochastic,8,1.1B,sdpa,666,958,1964032,2.6062731742858887,13.548463882389228,nan,nan,nan,nan,6.093371868133545,2.048999786376953,0.009314332157373428,2.048999786376953,1.9860579632222652,1.1447010040283203,1587.782502405984,6.46875,0.000432805672,1,2048,,1236.9653885364532
adammini-adaptive_stochastic-r8,adammini,adaptive_stochastic,8,1.1B,sdpa,666,959,1966080,2.748269557952881,15.615586623125386,nan,nan,nan,nan,6.093371868133545,2.048999786376953,0.009314332157373428,2.048999786376953,1.9860579632222652,1.1342244148254395,1587.9749928213746,6.28125,0.00043200568000000006,1,2048,,1238.1051394939423
adammini-adaptive_stochastic-r8,adammini,adaptive_stochastic,8,1.1B,sdpa,666,960,1968128,2.2225072383880615,9.230444803247986,nan,nan,nan,nan,6.093371868133545,2.048999786376953,0.009314332157373428,2.048999786376953,1.9860579632222652,1.1387641429901123,1588.1645127629763,6.90625,0.00043120568800000006,1,2048,,1239.2469320297241
adammini-adaptive_stochastic-r8,adammini,adaptive_stochastic,8,1.1B,sdpa,666,961,1970176,2.315347909927368,10.128446092778649,nan,nan,nan,nan,6.093371868133545,2.048999786376953,0.009314332157373428,2.048999786376953,1.9860579632222652,1.1952154636383057,1588.277457843163,6.34375,0.00043040569600000006,1,2048,,1240.4482543468475
adammini-adaptive_stochastic-r8,adammini,adaptive_stochastic,8,1.1B,sdpa,666,962,1972224,2.7497172355651855,15.63820932952448,nan,nan,nan,nan,6.093371868133545,2.048999786376953,0.009314332157373428,2.048999786376953,1.9860579632222652,1.2091076374053955,1588.3744575632668,6.3125,0.00042960570400000006,1,2048,,1241.6618704795837
adammini-adaptive_stochastic-r8,adammini,adaptive_stochastic,8,1.1B,sdpa,666,963,1974272,2.101180076599121,8.17581230684886,nan,nan,nan,nan,6.093371868133545,2.048999786376953,0.009314332157373428,2.048999786376953,1.9860579632222652,1.2119934558868408,1588.4688274035348,11.6875,0.000428805712,1,2048,,1242.87739610672
adammini-adaptive_stochastic-r8,adammini,adaptive_stochastic,8,1.1B,sdpa,666,964,1976320,2.249694347381592,9.484836328201082,nan,nan,nan,nan,6.093371868133545,2.048999786376953,0.009314332157373428,2.048999786376953,1.9860579632222652,1.2068190574645996,1588.565925962716,5.3125,0.0004280057200000001,1,2048,,1244.0906403064728
adammini-adaptive_stochastic-r8,adammini,adaptive_stochastic,8,1.1B,sdpa,666,965,1978368,1.897438406944275,6.668789818400524,nan,nan,nan,nan,6.093371868133545,2.048999786376953,0.009314332157373428,2.048999786376953,1.9860579632222652,1.2073311805725098,1588.6639470154948,4.96875,0.00042720572800000007,1,2048,,1245.303013086319
adammini-adaptive_stochastic-r8,adammini,adaptive_stochastic,8,1.1B,sdpa,666,966,1980416,2.810441493988037,16.617253016837566,nan,nan,nan,nan,6.093371868133545,2.048999786376953,0.009314332157373428,2.048999786376953,1.9860579632222652,1.2094218730926514,1588.7586045975536,5.75,0.000426405736,1,2048,,1246.5188782215118
adammini-adaptive_stochastic-r8,adammini,adaptive_stochastic,8,1.1B,sdpa,666,967,1982464,2.7504734992980957,15.650040413233938,nan,nan,nan,nan,6.093371868133545,2.048999786376953,0.009314332157373428,2.048999786376953,1.9860579632222652,1.2100927829742432,1588.8545269376036,6.03125,0.000425605744,1,2048,,1247.731599330902
adammini-adaptive_stochastic-r8,adammini,adaptive_stochastic,8,1.1B,sdpa,666,968,1984512,2.3611345291137695,10.602974013882504,nan,nan,nan,nan,6.093371868133545,2.048999786376953,0.009314332157373428,2.048999786376953,1.9860579632222652,1.200918436050415,1588.962098335843,6.4375,0.00042480575199999997,1,2048,,1248.9360206127167
adammini-adaptive_stochastic-r8,adammini,adaptive_stochastic,8,1.1B,sdpa,666,969,1986560,2.2414934635162354,9.407370365832744,nan,nan,nan,nan,6.093371868133545,2.048999786376953,0.009314332157373428,2.048999786376953,1.9860579632222652,1.2053093910217285,1589.0619500174125,5.96875,0.0004240057600000001,1,2048,,1250.1463520526886
adammini-adaptive_stochastic-r8,adammini,adaptive_stochastic,8,1.1B,sdpa,666,970,1988608,2.3179166316986084,10.154496696818669,nan,nan,nan,nan,6.093371868133545,2.048999786376953,0.009314332157373428,2.048999786376953,1.9860579632222652,1.1996214389801025,1589.1691220615814,6.03125,0.00042320576800000003,1,2048,,1251.3507671356201
adammini-adaptive_stochastic-r8,adammini,adaptive_stochastic,8,1.1B,sdpa,666,971,1990656,1.8331384658813477,6.253482233047071,nan,nan,nan,nan,6.093371868133545,2.048999786376953,0.009314332157373428,2.048999786376953,1.9860579632222652,1.142904281616211,1589.3489728304721,7.3125,0.00042240577600000004,1,2048,,1252.497742176056
adammini-adaptive_stochastic-r8,adammini,adaptive_stochastic,8,1.1B,sdpa,666,972,1992704,2.4175331592559814,11.218151760035738,nan,nan,nan,nan,6.093371868133545,2.048999786376953,0.009314332157373428,2.048999786376953,1.9860579632222652,1.197514533996582,1589.4585650832475,5.9375,0.000421605784,1,2048,,1253.6998722553253
adammini-adaptive_stochastic-r8,adammini,adaptive_stochastic,8,1.1B,sdpa,666,973,1994752,2.2209970951080322,9.216516028926236,nan,nan,nan,nan,6.093371868133545,2.048999786376953,0.009314332157373428,2.048999786376953,1.9860579632222652,1.2079954147338867,1589.5553675877645,5.0625,0.000420805792,1,2048,,1254.9119336605072
adammini-adaptive_stochastic-r8,adammini,adaptive_stochastic,8,1.1B,sdpa,666,974,1996800,2.4203097820281982,11.249343619648878,nan,nan,nan,nan,6.093371868133545,2.048999786376953,0.009314332157373428,2.048999786376953,1.9860579632222652,1.2106781005859375,1589.647371744655,6.09375,0.0004200058000000001,1,2048,,1256.127639055252
adammini-adaptive_stochastic-r8,adammini,adaptive_stochastic,8,1.1B,sdpa,666,975,1998848,2.395533561706543,10.97405183108994,nan,nan,nan,nan,6.093371868133545,2.048999786376953,0.009314332157373428,2.048999786376953,1.9860579632222652,1.2074973583221436,1589.74514105203,5.4375,0.0004192058080000001,1,2048,,1257.33864402771
adammini-adaptive_stochastic-r8,adammini,adaptive_stochastic,8,1.1B,sdpa,666,976,2000896,2.2619030475616455,9.60134360525938,nan,nan,nan,nan,6.093371868133545,2.048999786376953,0.009314332157373428,2.048999786376953,1.9860579632222652,1.2019431591033936,1589.846612840566,5.5625,0.00041840581600000005,1,2048,,1258.546569108963
adammini-adaptive_stochastic-r8,adammini,adaptive_stochastic,8,1.1B,sdpa,666,977,2002944,2.6023855209350586,13.49589440354413,nan,nan,nan,nan,6.093371868133545,2.048999786376953,0.009314332157373428,2.048999786376953,1.9860579632222652,1.2062468528747559,1589.9424035563545,7.3125,0.000417605824,1,2048,,1259.7593245506287
adammini-adaptive_stochastic-r8,adammini,adaptive_stochastic,8,1.1B,sdpa,666,978,2004992,2.3599374294281006,10.590288791276203,nan,nan,nan,nan,6.093371868133545,2.048999786376953,0.009314332157373428,2.048999786376953,1.9860579632222652,1.2049431800842285,1590.0422027846175,6.15625,0.000416805832,1,2048,,1260.9677884578705
adammini-adaptive_stochastic-r8,adammini,adaptive_stochastic,8,1.1B,sdpa,666,979,2007040,1.694366455078125,5.4431963631745965,nan,nan,nan,nan,6.093371868133545,2.048999786376953,0.009314332157373428,2.048999786376953,1.9860579632222652,1.1742854118347168,1590.1811019311497,4.4375,0.00041600584000000006,1,2048,,1262.1465492248535
adammini-adaptive_stochastic-r8,adammini,adaptive_stochastic,8,1.1B,sdpa,666,980,2009088,2.016191244125366,7.509667902746413,nan,nan,nan,nan,6.093371868133545,2.048999786376953,0.009314332157373428,2.048999786376953,1.9860579632222652,1.2125937938690186,1590.2700576533773,5.09375,0.00041520584800000006,1,2048,,1263.362779378891
adammini-adaptive_stochastic-r8,adammini,adaptive_stochastic,8,1.1B,sdpa,666,981,2011136,2.4762189388275146,11.89619901781503,nan,nan,nan,nan,6.093371868133545,2.048999786376953,0.009314332157373428,2.048999786376953,1.9860579632222652,1.210024356842041,1590.3626899758992,5.21875,0.000414405856,1,2048,,1264.5769500732422
adammini-adaptive_stochastic-r8,adammini,adaptive_stochastic,8,1.1B,sdpa,666,982,2013184,2.651350498199463,14.173166562282985,nan,nan,nan,nan,6.093371868133545,2.048999786376953,0.009314332157373428,2.048999786376953,1.9860579632222652,1.2119152545928955,1590.4536784909508,6.1875,0.000413605864,1,2048,,1265.7922875881195
adammini-adaptive_stochastic-r8,adammini,adaptive_stochastic,8,1.1B,sdpa,666,983,2015232,2.14912486076355,8.577348737233473,nan,nan,nan,nan,6.093371868133545,2.048999786376953,0.009314332157373428,2.048999786376953,1.9860579632222652,1.2082266807556152,1590.5489867514275,5.96875,0.00041280587199999996,1,2048,,1267.004045009613
adammini-adaptive_stochastic-r8,adammini,adaptive_stochastic,8,1.1B,sdpa,666,984,2017280,2.1263365745544434,8.384095971994041,nan,nan,nan,nan,6.093371868133545,2.048999786376953,0.009314332157373428,2.048999786376953,1.9860579632222652,1.2054927349090576,1590.6469345670907,5.125,0.00041200588000000007,1,2048,,1268.2135527133942
adammini-adaptive_stochastic-r8,adammini,adaptive_stochastic,8,1.1B,sdpa,666,985,2019328,2.480140447616577,11.942941657754924,nan,nan,nan,nan,6.093371868133545,2.048999786376953,0.009314332157373428,2.048999786376953,1.9860579632222652,1.2048008441925049,1590.7460527389542,5.75,0.000411205888,1,2048,,1269.421977519989
adammini-adaptive_stochastic-r8,adammini,adaptive_stochastic,8,1.1B,sdpa,666,986,2021376,2.358811855316162,10.578375342367407,nan,nan,nan,nan,6.093371868133545,2.048999786376953,0.009314332157373428,2.048999786376953,1.9860579632222652,1.2074322700500488,1590.8411642365852,6.46875,0.000410405896,1,2048,,1270.6334519386292
adammini-adaptive_stochastic-r8,adammini,adaptive_stochastic,8,1.1B,sdpa,666,987,2023424,2.4500229358673096,11.58861251105415,nan,nan,nan,nan,6.093371868133545,2.048999786376953,0.009314332157373428,2.048999786376953,1.9860579632222652,1.2041258811950684,1590.9395865822667,6.3125,0.00040960590399999997,1,2048,,1271.8421347141266
adammini-adaptive_stochastic-r8,adammini,adaptive_stochastic,8,1.1B,sdpa,666,988,2025472,2.4243223667144775,11.294573246756105,nan,nan,nan,nan,6.093371868133545,2.048999786376953,0.009314332157373428,2.048999786376953,1.9860579632222652,1.2121131420135498,1591.0270263006844,6.59375,0.00040880591200000014,1,2048,,1273.0594556331635
adammini-adaptive_stochastic-r8,adammini,adaptive_stochastic,8,1.1B,sdpa,666,989,2027520,2.521533250808716,12.447667435865636,nan,nan,nan,nan,6.093371868133545,2.048999786376953,0.009314332157373428,2.048999786376953,1.9860579632222652,1.2133660316467285,1591.1139479688736,5.46875,0.0004080059200000001,1,2048,,1274.277057647705
adammini-adaptive_stochastic-r8,adammini,adaptive_stochastic,8,1.1B,sdpa,666,990,2029568,2.354778289794922,10.535792709968318,nan,nan,nan,nan,6.093371868133545,2.048999786376953,0.009314332157373428,2.048999786376953,1.9860579632222652,1.20243501663208,1591.2164956490428,5.5625,0.00040720592800000003,1,2048,,1275.4820010662079
adammini-adaptive_stochastic-r8,adammini,adaptive_stochastic,8,1.1B,sdpa,666,991,2031616,2.1991126537323,9.017008739411654,nan,nan,nan,nan,6.093371868133545,2.048999786376953,0.009314332157373428,2.048999786376953,1.9860579632222652,1.1545774936676025,1591.3741343316703,6.0625,0.00040640593600000004,1,2048,,1276.6425921916962
adammini-adaptive_stochastic-r8,adammini,adaptive_stochastic,8,1.1B,sdpa,666,992,2033664,2.4379568099975586,11.449623072173466,nan,nan,nan,nan,6.093371868133545,2.048999786376953,0.009314332157373428,2.048999786376953,1.9860579632222652,1.1846108436584473,1591.499689595053,6.125,0.000405605944,1,2048,,1277.828712940216
adammini-adaptive_stochastic-r8,adammini,adaptive_stochastic,8,1.1B,sdpa,666,993,2035712,2.523845911026001,12.476487974353654,nan,nan,nan,nan,6.093371868133545,2.048999786376953,0.009314332157373428,2.048999786376953,1.9860579632222652,1.2171356678009033,1591.5805525062174,5.40625,0.0004048059520000001,1,2048,,1279.0505619049072
adammini-adaptive_stochastic-r8,adammini,adaptive_stochastic,8,1.1B,sdpa,666,994,2037760,2.2215378284454346,9.221501054060953,nan,nan,nan,nan,6.093371868133545,2.048999786376953,0.009314332157373428,2.048999786376953,1.9860579632222652,1.1873421669006348,1591.6979458317926,5.25,0.00040400596000000005,1,2048,,1280.2429037094116
adammini-adaptive_stochastic-r8,adammini,adaptive_stochastic,8,1.1B,sdpa,666,995,2039808,1.9937366247177124,7.342920301333335,nan,nan,nan,nan,6.093371868133545,2.048999786376953,0.009314332157373428,2.048999786376953,1.9860579632222652,1.205643892288208,1591.791754086427,6.125,0.00040320596800000005,1,2048,,1281.45405626297
adammini-adaptive_stochastic-r8,adammini,adaptive_stochastic,8,1.1B,sdpa,666,996,2041856,2.248295783996582,9.471580455149676,nan,nan,nan,nan,6.093371868133545,2.048999786376953,0.009314332157373428,2.048999786376953,1.9860579632222652,1.1547088623046875,1591.9516528856946,6.0,0.000402405976,1,2048,,1282.6118156909943
adammini-adaptive_stochastic-r8,adammini,adaptive_stochastic,8,1.1B,sdpa,666,997,2043904,2.531989574432373,12.578507133939853,nan,nan,nan,nan,6.093371868133545,2.048999786376953,0.009314332157373428,2.048999786376953,1.9860579632222652,1.159782886505127,1592.1025468845814,6.5,0.000401605984,1,2048,,1283.7771172523499
adammini-adaptive_stochastic-r8,adammini,adaptive_stochastic,8,1.1B,sdpa,666,998,2045952,2.234562635421753,9.342394925906799,nan,nan,nan,nan,6.093371868133545,2.048999786376953,0.009314332157373428,2.048999786376953,1.9860579632222652,1.1371076107025146,1592.283623893384,5.53125,0.00040080599200000006,1,2048,,1284.9168133735657
adammini-adaptive_stochastic-r8,adammini,adaptive_stochastic,8,1.1B,sdpa,666,999,2048000,2.6626181602478027,14.333768116114499,nan,nan,nan,nan,6.093371868133545,2.048999786376953,0.009314332157373428,2.048999786376953,1.9860579632222652,1.229193925857544,1592.3498573343024,5.34375,0.00040000600000000006,1,2048,,1286.1495170593262
adammini-adaptive_stochastic-r8,adammini,adaptive_stochastic,8,1.1B,sdpa,666,1000,2050048,2.8063478469848633,16.5493668945374,2.246255518172352,9.452275613446636,2.246255518172352,9.452275613446636,6.093371868133545,2.048999786376953,0.009314332157373428,2.048999786376953,1.9860579632222652,1.1425395011901855,1592.5225505623732,5.71875,0.000399206008,1,2048,,1288.6474843025208
adammini-adaptive_stochastic-r8,adammini,adaptive_stochastic,8,1.1B,sdpa,666,1001,2052096,2.287452220916748,9.84981054428962,nan,nan,nan,nan,6.093371868133545,2.048999786376953,0.009314332157373428,2.048999786376953,1.9860579632222652,1.1214184761047363,1591.053940868528,5.5625,0.000398406016,1,2048,,1289.7714824676514
adammini-adaptive_stochastic-r8,adammini,adaptive_stochastic,8,1.1B,sdpa,666,1002,2054144,2.957987070083618,19.259165361209885,nan,nan,nan,nan,6.093371868133545,2.048999786376953,0.009314332157373428,2.048999786376953,1.9860579632222652,1.1531155109405518,1591.2142610881522,6.21875,0.000397606024,1,2048,,1290.928601026535
adammini-adaptive_stochastic-r8,adammini,adaptive_stochastic,8,1.1B,sdpa,666,1003,2056192,2.7791342735290527,16.10507232362496,nan,nan,nan,nan,6.093371868133545,2.048999786376953,0.009314332157373428,2.048999786376953,1.9860579632222652,1.1623344421386719,1591.3628177553646,6.03125,0.00039680603200000007,1,2048,,1292.0950376987457
adammini-adaptive_stochastic-r8,adammini,adaptive_stochastic,8,1.1B,sdpa,666,1004,2058240,2.5247058868408203,12.487222067134034,nan,nan,nan,nan,6.093371868133545,2.048999786376953,0.009314332157373428,2.048999786376953,1.9860579632222652,1.20676589012146,1591.4527576274445,5.25,0.0003960060400000001,1,2048,,1293.3088903427124
adammini-adaptive_stochastic-r8,adammini,adaptive_stochastic,8,1.1B,sdpa,666,1005,2060288,2.543914318084717,12.729400501327714,nan,nan,nan,nan,6.093371868133545,2.048999786376953,0.009314332157373428,2.048999786376953,1.9860579632222652,1.203625202178955,1591.5531413879803,5.375,0.000395206048,1,2048,,1294.5146293640137
adammini-adaptive_stochastic-r8,adammini,adaptive_stochastic,8,1.1B,sdpa,666,1006,2062336,2.427664279937744,11.332381871824197,nan,nan,nan,nan,6.093371868133545,2.048999786376953,0.009314332157373428,2.048999786376953,1.9860579632222652,1.2213382720947266,1591.6303518090976,6.1875,0.000394406056,1,2048,,1295.7380447387695
adammini-adaptive_stochastic-r8,adammini,adaptive_stochastic,8,1.1B,sdpa,666,1007,2064384,2.352712392807007,10.51404931508377,nan,nan,nan,nan,6.093371868133545,2.048999786376953,0.009314332157373428,2.048999786376953,1.9860579632222652,1.211782455444336,1591.7178387344686,5.59375,0.000393606064,1,2048,,1296.9534862041473
adammini-adaptive_stochastic-r8,adammini,adaptive_stochastic,8,1.1B,sdpa,666,1008,2066432,2.4822750091552734,11.96846182917474,nan,nan,nan,nan,6.093371868133545,2.048999786376953,0.009314332157373428,2.048999786376953,1.9860579632222652,1.428205966949463,1591.5386081399702,5.4375,0.0003928060720000001,1,2048,,1298.3863472938538
adammini-adaptive_stochastic-r8,adammini,adaptive_stochastic,8,1.1B,sdpa,666,1009,2068480,2.6269655227661133,13.831734073851338,nan,nan,nan,nan,6.093371868133545,2.048999786376953,0.009314332157373428,2.048999786376953,1.9860579632222652,1.4361834526062012,1591.3512269549685,5.5625,0.00039200608000000003,1,2048,,1299.8261885643005
adammini-adaptive_stochastic-r8,adammini,adaptive_stochastic,8,1.1B,sdpa,666,1010,2070528,2.1280579566955566,8.39854063389431,nan,nan,nan,nan,6.093371868133545,2.048999786376953,0.009314332157373428,2.048999786376953,1.9860579632222652,1.4348535537719727,1591.1647408897304,4.75,0.00039120608800000004,1,2048,,1301.265636920929
adammini-adaptive_stochastic-r8,adammini,adaptive_stochastic,8,1.1B,sdpa,666,1011,2072576,2.224490165710449,9.24876626350487,nan,nan,nan,nan,6.093371868133545,2.048999786376953,0.009314332157373428,2.048999786376953,1.9860579632222652,1.4352445602416992,1590.981359473213,5.59375,0.000390406096,1,2048,,1302.7028806209564
adammini-adaptive_stochastic-r8,adammini,adaptive_stochastic,8,1.1B,sdpa,666,1012,2074624,2.2987306118011475,9.961529377845709,nan,nan,nan,nan,6.093371868133545,2.048999786376953,0.009314332157373428,2.048999786376953,1.9860579632222652,1.436450719833374,1590.7952457162285,5.84375,0.000389606104,1,2048,,1304.1426956653595
adammini-adaptive_stochastic-r8,adammini,adaptive_stochastic,8,1.1B,sdpa,666,1013,2076672,2.6672773361206055,14.400707482735575,nan,nan,nan,nan,6.093371868133545,2.048999786376953,0.009314332157373428,2.048999786376953,1.9860579632222652,1.4412267208099365,1590.602948554225,5.75,0.00038880611200000004,1,2048,,1305.5879230499268
adammini-adaptive_stochastic-r8,adammini,adaptive_stochastic,8,1.1B,sdpa,666,1014,2078720,2.21926212310791,9.20053949510441,nan,nan,nan,nan,6.093371868133545,2.048999786376953,0.009314332157373428,2.048999786376953,1.9860579632222652,1.404691219329834,1590.4553997496575,5.40625,0.00038800612000000005,1,2048,,1306.9967257976532
adammini-adaptive_stochastic-r8,adammini,adaptive_stochastic,8,1.1B,sdpa,666,1015,2080768,2.1877527236938477,8.915155767617314,nan,nan,nan,nan,6.093371868133545,2.048999786376953,0.009314332157373428,2.048999786376953,1.9860579632222652,1.321713924407959,1590.408992581733,6.3125,0.00038720612800000005,1,2048,,1308.3235819339752
adammini-adaptive_stochastic-r8,adammini,adaptive_stochastic,8,1.1B,sdpa,666,1016,2082816,1.9837781190872192,7.2701586879607,nan,nan,nan,nan,6.093371868133545,2.048999786376953,0.009314332157373428,2.048999786376953,1.9860579632222652,1.2063422203063965,1590.504179909977,6.28125,0.000386406136,1,2048,,1309.5319247245789
adammini-adaptive_stochastic-r8,adammini,adaptive_stochastic,8,1.1B,sdpa,666,1017,2084864,2.4910314083099365,12.073722638481463,nan,nan,nan,nan,6.093371868133545,2.048999786376953,0.009314332157373428,2.048999786376953,1.9860579632222652,1.205286979675293,1590.598046159566,5.65625,0.0003856061440000001,1,2048,,1310.7422111034393
adammini-adaptive_stochastic-r8,adammini,adaptive_stochastic,8,1.1B,sdpa,666,1018,2086912,2.320948362350464,10.185329109878392,nan,nan,nan,nan,6.093371868133545,2.048999786376953,0.009314332157373428,2.048999786376953,1.9860579632222652,1.2462491989135742,1590.6432873867125,6.21875,0.00038480615200000006,1,2048,,1311.9924602508545
adammini-adaptive_stochastic-r8,adammini,adaptive_stochastic,8,1.1B,sdpa,666,1019,2088960,2.3540334701538086,10.527948366296496,nan,nan,nan,nan,6.093371868133545,2.048999786376953,0.009314332157373428,2.048999786376953,1.9860579632222652,1.336942195892334,1590.578600027115,6.0625,0.00038400616000000006,1,2048,,1313.3333995342255
adammini-adaptive_stochastic-r8,adammini,adaptive_stochastic,8,1.1B,sdpa,666,1020,2091008,2.760183334350586,15.802739867750988,nan,nan,nan,nan,6.093371868133545,2.048999786376953,0.009314332157373428,2.048999786376953,1.9860579632222652,1.4346230030059814,1590.3958738546326,6.46875,0.000383206168,1,2048,,1314.7720227241516
adammini-adaptive_stochastic-r8,adammini,adaptive_stochastic,8,1.1B,sdpa,666,1021,2093056,2.2627406120300293,9.609388718191944,nan,nan,nan,nan,6.093371868133545,2.048999786376953,0.009314332157373428,2.048999786376953,1.9860579632222652,1.4184720516204834,1590.2342689539053,5.90625,0.000382406176,1,2048,,1316.193494796753
adammini-adaptive_stochastic-r8,adammini,adaptive_stochastic,8,1.1B,sdpa,666,1022,2095104,2.2707715034484863,9.68687138659586,nan,nan,nan,nan,6.093371868133545,2.048999786376953,0.009314332157373428,2.048999786376953,1.9860579632222652,1.3668525218963623,1590.1344520529208,5.5625,0.00038160618400000007,1,2048,,1317.56405711174
adammini-adaptive_stochastic-r8,adammini,adaptive_stochastic,8,1.1B,sdpa,666,1023,2097152,2.5328369140625,12.589169918384213,nan,nan,nan,nan,6.093371868133545,2.048999786376953,0.009314332157373428,2.048999786376953,1.9860579632222652,1.4525163173675537,1589.9300046046533,5.8125,0.00038080619200000007,1,2048,,1319.0215883255005
adammini-adaptive_stochastic-r8,adammini,adaptive_stochastic,8,1.1B,sdpa,666,1024,2099200,2.007707357406616,7.446226227481653,nan,nan,nan,nan,6.093371868133545,2.048999786376953,0.009314332157373428,2.048999786376953,1.9860579632222652,1.4404323101043701,1589.7429872088621,5.5,0.0003800062,1,2048,,1320.4650166034698
adammini-adaptive_stochastic-r8,adammini,adaptive_stochastic,8,1.1B,sdpa,666,1025,2101248,1.6601781845092773,5.2602480556646345,nan,nan,nan,nan,6.093371868133545,2.048999786376953,0.009314332157373428,2.048999786376953,1.9860579632222652,1.405562162399292,1589.5891913125952,4.53125,0.000379206208,1,2048,,1321.8811573982239
adammini-adaptive_stochastic-r8,adammini,adaptive_stochastic,8,1.1B,sdpa,666,1026,2103296,1.808616042137146,6.101996679552864,nan,nan,nan,nan,6.093371868133545,2.048999786376953,0.009314332157373428,2.048999786376953,1.9860579632222652,1.343449592590332,1589.5218397679655,5.25,0.00037840621599999997,1,2048,,1323.2256062030792
adammini-adaptive_stochastic-r8,adammini,adaptive_stochastic,8,1.1B,sdpa,666,1027,2105344,1.5344257354736328,4.638660946507889,nan,nan,nan,nan,6.093371868133545,2.048999786376953,0.009314332157373428,2.048999786376953,1.9860579632222652,1.3773293495178223,1589.4109062381601,4.84375,0.0003776062240000001,1,2048,,1324.6064889431
adammini-adaptive_stochastic-r8,adammini,adaptive_stochastic,8,1.1B,sdpa,666,1028,2107392,2.683269500732422,14.632857308783382,nan,nan,nan,nan,6.093371868133545,2.048999786376953,0.009314332157373428,2.048999786376953,1.9860579632222652,1.3807473182678223,1589.297968522238,5.6875,0.0003768062320000001,1,2048,,1325.9892365932465
adammini-adaptive_stochastic-r8,adammini,adaptive_stochastic,8,1.1B,sdpa,666,1029,2109440,1.9545421600341797,7.060685619504157,nan,nan,nan,nan,6.093371868133545,2.048999786376953,0.009314332157373428,2.048999786376953,1.9860579632222652,1.3801064491271973,1589.1806393452669,6.21875,0.00037600624000000003,1,2048,,1327.3758487701416
adammini-adaptive_stochastic-r8,adammini,adaptive_stochastic,8,1.1B,sdpa,666,1030,2111488,1.455797553062439,4.287901931533859,nan,nan,nan,nan,6.093371868133545,2.048999786376953,0.009314332157373428,2.048999786376953,1.9860579632222652,1.380005121231079,1589.07026090618,5.875,0.00037520624800000004,1,2048,,1328.7568535804749
adammini-adaptive_stochastic-r8,adammini,adaptive_stochastic,8,1.1B,sdpa,666,1031,2113536,2.1446661949157715,8.539190336348481,nan,nan,nan,nan,6.093371868133545,2.048999786376953,0.009314332157373428,2.048999786376953,1.9860579632222652,1.3272461891174316,1589.0189420821673,6.125,0.000374406256,1,2048,,1330.0886125564575
adammini-adaptive_stochastic-r8,adammini,adaptive_stochastic,8,1.1B,sdpa,666,1032,2115584,3.320552349090576,27.67563294821125,nan,nan,nan,nan,6.093371868133545,2.048999786376953,0.009314332157373428,2.048999786376953,1.9860579632222652,1.3598761558532715,1588.9329777871474,6.15625,0.0003736062640000001,1,2048,,1331.4494881629944
adammini-adaptive_stochastic-r8,adammini,adaptive_stochastic,8,1.1B,sdpa,666,1033,2117632,1.887011170387268,6.599614052227223,nan,nan,nan,nan,6.093371868133545,2.048999786376953,0.009314332157373428,2.048999786376953,1.9860579632222652,1.3746466636657715,1588.828383596492,4.78125,0.00037280627200000005,1,2048,,1332.826138973236
adammini-adaptive_stochastic-r8,adammini,adaptive_stochastic,8,1.1B,sdpa,666,1034,2119680,2.190742015838623,8.941845644768193,nan,nan,nan,nan,6.093371868133545,2.048999786376953,0.009314332157373428,2.048999786376953,1.9860579632222652,1.3761177062988281,1588.7216571090569,4.9375,0.00037200628000000005,1,2048,,1334.2047617435455
adammini-adaptive_stochastic-r8,adammini,adaptive_stochastic,8,1.1B,sdpa,666,1035,2121728,2.4403319358825684,11.476849688827494,nan,nan,nan,nan,6.093371868133545,2.048999786376953,0.009314332157373428,2.048999786376953,1.9860579632222652,1.3715074062347412,1588.619719568322,6.15625,0.000371206288,1,2048,,1335.5795435905457
adammini-adaptive_stochastic-r8,adammini,adaptive_stochastic,8,1.1B,sdpa,666,1036,2123776,2.259551763534546,9.578794639301945,nan,nan,nan,nan,6.093371868133545,2.048999786376953,0.009314332157373428,2.048999786376953,1.9860579632222652,1.368271827697754,1588.5209697975722,5.4375,0.000370406296,1,2048,,1336.9518189430237
adammini-adaptive_stochastic-r8,adammini,adaptive_stochastic,8,1.1B,sdpa,666,1037,2125824,2.851835012435913,17.3195342593662,nan,nan,nan,nan,6.093371868133545,2.048999786376953,0.009314332157373428,2.048999786376953,1.9860579632222652,1.372251033782959,1588.4188913259684,5.53125,0.00036960630400000006,1,2048,,1338.3270695209503
adammini-adaptive_stochastic-r8,adammini,adaptive_stochastic,8,1.1B,sdpa,666,1038,2127872,2.2150115966796875,9.161515354151787,nan,nan,nan,nan,6.093371868133545,2.048999786376953,0.009314332157373428,2.048999786376953,1.9860579632222652,1.374208688735962,1588.311728450667,6.59375,0.000368806312,1,2048,,1339.706785440445
adammini-adaptive_stochastic-r8,adammini,adaptive_stochastic,8,1.1B,sdpa,666,1039,2129920,2.3773958683013916,10.776802078835981,nan,nan,nan,nan,6.093371868133545,2.048999786376953,0.009314332157373428,2.048999786376953,1.9860579632222652,1.3756797313690186,1588.2071976408645,6.09375,0.00036800632,1,2048,,1341.0844650268555
adammini-adaptive_stochastic-r8,adammini,adaptive_stochastic,8,1.1B,sdpa,666,1040,2131968,2.330993413925171,10.288156856466633,nan,nan,nan,nan,6.093371868133545,2.048999786376953,0.009314332157373428,2.048999786376953,1.9860579632222652,1.373621940612793,1588.1033741079052,5.09375,0.00036720632799999996,1,2048,,1342.4617280960083
adammini-adaptive_stochastic-r8,adammini,adaptive_stochastic,8,1.1B,sdpa,666,1041,2134016,2.1757121086120605,8.80845546633613,nan,nan,nan,nan,6.093371868133545,2.048999786376953,0.009314332157373428,2.048999786376953,1.9860579632222652,1.3698766231536865,1588.0041398952517,5.4375,0.000366406336,1,2048,,1343.8352875709534
adammini-adaptive_stochastic-r8,adammini,adaptive_stochastic,8,1.1B,sdpa,666,1042,2136064,2.4357383251190186,11.424250411361367,nan,nan,nan,nan,6.093371868133545,2.048999786376953,0.009314332157373428,2.048999786376953,1.9860579632222652,1.3713533878326416,1587.9023970134906,5.6875,0.00036560634400000007,1,2048,,1345.2111439704895
adammini-adaptive_stochastic-r8,adammini,adaptive_stochastic,8,1.1B,sdpa,666,1043,2138112,2.367556571960449,10.671285883398411,nan,nan,nan,nan,6.093371868133545,2.048999786376953,0.009314332157373428,2.048999786376953,1.9860579632222652,1.3687224388122559,1587.8045535204776,7.03125,0.0003648063520000001,1,2048,,1346.5838696956635
adammini-adaptive_stochastic-r8,adammini,adaptive_stochastic,8,1.1B,sdpa,666,1044,2140160,2.304490566253662,10.01907289827412,nan,nan,nan,nan,6.093371868133545,2.048999786376953,0.009314332157373428,2.048999786376953,1.9860579632222652,1.3769505023956299,1587.6978067270024,4.9375,0.00036400636,1,2048,,1347.9643235206604
adammini-adaptive_stochastic-r8,adammini,adaptive_stochastic,8,1.1B,sdpa,666,1045,2142208,2.4100656509399414,11.134692124074217,nan,nan,nan,nan,6.093371868133545,2.048999786376953,0.009314332157373428,2.048999786376953,1.9860579632222652,1.3709297180175781,1587.598938405343,5.25,0.000363206368,1,2048,,1349.3382668495178
adammini-adaptive_stochastic-r8,adammini,adaptive_stochastic,8,1.1B,sdpa,666,1046,2144256,2.6465797424316406,14.105710881388532,nan,nan,nan,nan,6.093371868133545,2.048999786376953,0.009314332157373428,2.048999786376953,1.9860579632222652,1.3740088939666748,1587.4942967838524,5.5625,0.0003624063760000001,1,2048,,1350.7172935009003
adammini-adaptive_stochastic-r8,adammini,adaptive_stochastic,8,1.1B,sdpa,666,1047,2146304,2.3344857692718506,10.32414956916088,nan,nan,nan,nan,6.093371868133545,2.048999786376953,0.009314332157373428,2.048999786376953,1.9860579632222652,1.37245774269104,1587.3933008593006,5.03125,0.0003616063840000001,1,2048,,1352.0933966636658
adammini-adaptive_stochastic-r8,adammini,adaptive_stochastic,8,1.1B,sdpa,666,1048,2148352,2.259965419769287,9.582757787059675,nan,nan,nan,nan,6.093371868133545,2.048999786376953,0.009314332157373428,2.048999786376953,1.9860579632222652,1.370330572128296,1587.2969334254974,5.71875,0.00036080639200000003,1,2048,,1353.4667291641235
adammini-adaptive_stochastic-r8,adammini,adaptive_stochastic,8,1.1B,sdpa,666,1049,2150400,1.8681859970092773,6.476537278977967,nan,nan,nan,nan,6.093371868133545,2.048999786376953,0.009314332157373428,2.048999786376953,1.9860579632222652,1.371253252029419,1587.198507755193,5.53125,0.00036000640000000004,1,2048,,1354.8399834632874
adammini-adaptive_stochastic-r8,adammini,adaptive_stochastic,8,1.1B,sdpa,666,1050,2152448,1.614881157875061,5.027290434088126,nan,nan,nan,nan,6.093371868133545,2.048999786376953,0.009314332157373428,2.048999786376953,1.9860579632222652,1.37451171875,1587.0952948661582,5.90625,0.000359206408,1,2048,,1356.2184998989105
adammini-adaptive_stochastic-r8,adammini,adaptive_stochastic,8,1.1B,sdpa,666,1051,2154496,2.5247983932495117,12.488377268632943,nan,nan,nan,nan,6.093371868133545,2.048999786376953,0.009314332157373428,2.048999786376953,1.9860579632222652,1.3655884265899658,1587.002135489037,5.53125,0.00035840641600000004,1,2048,,1357.5885953903198
adammini-adaptive_stochastic-r8,adammini,adaptive_stochastic,8,1.1B,sdpa,666,1052,2156544,2.9916064739227295,19.917653995741077,nan,nan,nan,nan,6.093371868133545,2.048999786376953,0.009314332157373428,2.048999786376953,1.9860579632222652,1.3686907291412354,1586.906087246991,5.8125,0.00035760642400000005,1,2048,,1358.9613256454468
adammini-adaptive_stochastic-r8,adammini,adaptive_stochastic,8,1.1B,sdpa,666,1053,2158592,2.4785408973693848,11.923853592703475,nan,nan,nan,nan,6.093371868133545,2.048999786376953,0.009314332157373428,2.048999786376953,1.9860579632222652,1.3690969944000244,1586.8109701268263,5.84375,0.000356806432,1,2048,,1360.3334238529205
adammini-adaptive_stochastic-r8,adammini,adaptive_stochastic,8,1.1B,sdpa,666,1054,2160640,2.3671393394470215,10.66683440468318,nan,nan,nan,nan,6.093371868133545,2.048999786376953,0.009314332157373428,2.048999786376953,1.9860579632222652,1.3691680431365967,1586.7146089447835,5.84375,0.00035600644000000005,1,2048,,1361.706754207611
adammini-adaptive_stochastic-r8,adammini,adaptive_stochastic,8,1.1B,sdpa,666,1055,2162688,2.7499454021453857,15.641777853361113,nan,nan,nan,nan,6.093371868133545,2.048999786376953,0.009314332157373428,2.048999786376953,1.9860579632222652,1.3700482845306396,1586.618183842628,5.5625,0.000355206448,1,2048,,1363.0803062915802
adammini-adaptive_stochastic-r8,adammini,adaptive_stochastic,8,1.1B,sdpa,666,1056,2164736,2.495438814163208,12.127053874178353,nan,nan,nan,nan,6.093371868133545,2.048999786376953,0.009314332157373428,2.048999786376953,1.9860579632222652,1.365431308746338,1586.5276428737848,6.28125,0.0003544064560000001,1,2048,,1364.4489648342133
adammini-adaptive_stochastic-r8,adammini,adaptive_stochastic,8,1.1B,sdpa,666,1057,2166784,1.8819255828857422,6.566136336567864,nan,nan,nan,nan,6.093371868133545,2.048999786376953,0.009314332157373428,2.048999786376953,1.9860579632222652,1.3695449829101562,1586.4321759566296,5.59375,0.00035360646400000006,1,2048,,1365.8220205307007
adammini-adaptive_stochastic-r8,adammini,adaptive_stochastic,8,1.1B,sdpa,666,1058,2168832,2.1560494899749756,8.636949816384547,nan,nan,nan,nan,6.093371868133545,2.048999786376953,0.009314332157373428,2.048999786376953,1.9860579632222652,1.366058588027954,1586.340378084605,5.71875,0.00035280647200000006,1,2048,,1367.1920793056488
adammini-adaptive_stochastic-r8,adammini,adaptive_stochastic,8,1.1B,sdpa,666,1059,2170880,2.0255019664764404,7.5799148529902105,nan,nan,nan,nan,6.093371868133545,2.048999786376953,0.009314332157373428,2.048999786376953,1.9860579632222652,1.3798553943634033,1586.233932320818,4.96875,0.00035200648,1,2048,,1368.5749344825745
adammini-adaptive_stochastic-r8,adammini,adaptive_stochastic,8,1.1B,sdpa,666,1060,2172928,1.9910720586776733,7.323380649171297,nan,nan,nan,nan,6.093371868133545,2.048999786376953,0.009314332157373428,2.048999786376953,1.9860579632222652,1.3835930824279785,1586.1226460835342,4.90625,0.000351206488,1,2048,,1369.9621560573578
adammini-adaptive_stochastic-r8,adammini,adaptive_stochastic,8,1.1B,sdpa,666,1061,2174976,1.724629282951355,5.610440758081471,nan,nan,nan,nan,6.093371868133545,2.048999786376953,0.009314332157373428,2.048999786376953,1.9860579632222652,1.3790795803070068,1586.0169365571141,5.96875,0.00035040649600000007,1,2048,,1371.344750404358
adammini-adaptive_stochastic-r8,adammini,adaptive_stochastic,8,1.1B,sdpa,666,1062,2177024,2.454204559326172,11.637173185452788,nan,nan,nan,nan,6.093371868133545,2.048999786376953,0.009314332157373428,2.048999786376953,1.9860579632222652,1.3672630786895752,1585.9256877605224,7.09375,0.0003496065040000001,1,2048,,1372.7150123119354
adammini-adaptive_stochastic-r8,adammini,adaptive_stochastic,8,1.1B,sdpa,666,1063,2179072,2.2991743087768555,9.965950258997358,nan,nan,nan,nan,6.093371868133545,2.048999786376953,0.009314332157373428,2.048999786376953,1.9860579632222652,1.3748948574066162,1585.8245578891406,5.6875,0.000348806512,1,2048,,1374.0939936637878
adammini-adaptive_stochastic-r8,adammini,adaptive_stochastic,8,1.1B,sdpa,666,1064,2181120,2.1390573978424072,8.491429815322892,nan,nan,nan,nan,6.093371868133545,2.048999786376953,0.009314332157373428,2.048999786376953,1.9860579632222652,1.3788557052612305,1585.7178433091972,6.21875,0.00034800651999999997,1,2048,,1375.4779951572418
adammini-adaptive_stochastic-r8,adammini,adaptive_stochastic,8,1.1B,sdpa,666,1065,2183168,2.3641250133514404,10.634729499016569,nan,nan,nan,nan,6.093371868133545,2.048999786376953,0.009314332157373428,2.048999786376953,1.9860579632222652,1.3826987743377686,1585.611691963748,6.53125,0.000347206528,1,2048,,1376.8616938591003
adammini-adaptive_stochastic-r8,adammini,adaptive_stochastic,8,1.1B,sdpa,666,1066,2185216,2.5109736919403076,12.316917106634426,nan,nan,nan,nan,6.093371868133545,2.048999786376953,0.009314332157373428,2.048999786376953,1.9860579632222652,1.2534794807434082,1585.6525801859016,6.1875,0.00034640653600000003,1,2048,,1378.1177713871002
adammini-adaptive_stochastic-r8,adammini,adaptive_stochastic,8,1.1B,sdpa,666,1067,2187264,2.308985948562622,10.064213848228045,nan,nan,nan,nan,6.093371868133545,2.048999786376953,0.009314332157373428,2.048999786376953,1.9860579632222652,1.1965632438659668,1585.7534786621252,6.78125,0.0003456065440000001,1,2048,,1379.3215839862823
adammini-adaptive_stochastic-r8,adammini,adaptive_stochastic,8,1.1B,sdpa,666,1068,2189312,3.521866798400879,33.84755608581937,nan,nan,nan,nan,6.093371868133545,2.048999786376953,0.009314332157373428,2.048999786376953,1.9860579632222652,1.154285192489624,1585.9099484915307,7.3125,0.00034480655200000004,1,2048,,1380.4768688678741
adammini-adaptive_stochastic-r8,adammini,adaptive_stochastic,8,1.1B,sdpa,666,1069,2191360,2.5220272541046143,12.453818143715093,nan,nan,nan,nan,6.093371868133545,2.048999786376953,0.009314332157373428,2.048999786376953,1.9860579632222652,1.1469087600708008,1586.0694525068943,5.6875,0.00034400656000000004,1,2048,,1381.6307961940765
adammini-adaptive_stochastic-r8,adammini,adaptive_stochastic,8,1.1B,sdpa,666,1070,2193408,2.13326358795166,8.442374331571184,nan,nan,nan,nan,6.093371868133545,2.048999786376953,0.009314332157373428,2.048999786376953,1.9860579632222652,1.1489129066467285,1586.2275233765895,5.65625,0.000343206568,1,2048,,1382.7827141284943
adammini-adaptive_stochastic-r8,adammini,adaptive_stochastic,8,1.1B,sdpa,666,1071,2195456,2.6350743770599365,13.944349564317438,nan,nan,nan,nan,6.093371868133545,2.048999786376953,0.009314332157373428,2.048999786376953,1.9860579632222652,1.1497435569763184,1586.384396909568,6.34375,0.0003424065760000001,1,2048,,1383.936960220337
adammini-adaptive_stochastic-r8,adammini,adaptive_stochastic,8,1.1B,sdpa,666,1072,2197504,2.3038318157196045,10.012475002074039,nan,nan,nan,nan,6.093371868133545,2.048999786376953,0.009314332157373428,2.048999786376953,1.9860579632222652,1.146071195602417,1586.545789520302,5.4375,0.00034160658400000005,1,2048,,1385.0870327949524
adammini-adaptive_stochastic-r8,adammini,adaptive_stochastic,8,1.1B,sdpa,666,1073,2199552,2.291553497314453,9.890290292373805,nan,nan,nan,nan,6.093371868133545,2.048999786376953,0.009314332157373428,2.048999786376953,1.9860579632222652,1.14369535446167,1586.7107840303195,5.46875,0.00034080659200000005,1,2048,,1386.2348210811615
adammini-adaptive_stochastic-r8,adammini,adaptive_stochastic,8,1.1B,sdpa,666,1074,2201600,2.481438398361206,11.958453072120937,nan,nan,nan,nan,6.093371868133545,2.048999786376953,0.009314332157373428,2.048999786376953,1.9860579632222652,1.1482019424438477,1586.8690918878397,5.40625,0.0003400066,1,2048,,1387.3860239982605
adammini-adaptive_stochastic-r8,adammini,adaptive_stochastic,8,1.1B,sdpa,666,1075,2203648,2.6093337535858154,13.58999355049688,nan,nan,nan,nan,6.093371868133545,2.048999786376953,0.009314332157373428,2.048999786376953,1.9860579632222652,1.143585443496704,1587.0273217521,7.21875,0.00033920660799999995,1,2048,,1388.5381617546082
adammini-adaptive_stochastic-r8,adammini,adaptive_stochastic,8,1.1B,sdpa,666,1076,2205696,2.705509901046753,14.961943856644764,nan,nan,nan,nan,6.093371868133545,2.048999786376953,0.009314332157373428,2.048999786376953,1.9860579632222652,1.1468114852905273,1587.1902296296882,7.03125,0.00033840661600000006,1,2048,,1389.6859738826752
adammini-adaptive_stochastic-r8,adammini,adaptive_stochastic,8,1.1B,sdpa,666,1077,2207744,2.615025281906128,13.667561915543187,nan,nan,nan,nan,6.093371868133545,2.048999786376953,0.009314332157373428,2.048999786376953,1.9860579632222652,1.1447882652282715,1587.355141527463,6.78125,0.000337606624,1,2048,,1390.831794500351
adammini-adaptive_stochastic-r8,adammini,adaptive_stochastic,8,1.1B,sdpa,666,1078,2209792,2.8406739234924316,17.127304141263796,nan,nan,nan,nan,6.093371868133545,2.048999786376953,0.009314332157373428,2.048999786376953,1.9860579632222652,1.145986557006836,1587.517311074784,7.09375,0.000336806632,1,2048,,1391.979781627655
adammini-adaptive_stochastic-r8,adammini,adaptive_stochastic,8,1.1B,sdpa,666,1079,2211840,2.468575954437256,11.80562313038238,nan,nan,nan,nan,6.093371868133545,2.048999786376953,0.009314332157373428,2.048999786376953,1.9860579632222652,1.1444480419158936,1587.6809593907255,6.03125,0.00033600663999999996,1,2048,,1393.1262366771698
adammini-adaptive_stochastic-r8,adammini,adaptive_stochastic,8,1.1B,sdpa,666,1080,2213888,2.2893295288085938,9.86831903899342,nan,nan,nan,nan,6.093371868133545,2.048999786376953,0.009314332157373428,2.048999786376953,1.9860579632222652,1.1468842029571533,1587.8404295335672,5.65625,0.00033520664800000007,1,2048,,1394.276124238968
adammini-adaptive_stochastic-r8,adammini,adaptive_stochastic,8,1.1B,sdpa,666,1081,2215936,2.3163681030273438,10.138784336201613,nan,nan,nan,nan,6.093371868133545,2.048999786376953,0.009314332157373428,2.048999786376953,1.9860579632222652,1.148158073425293,1587.997056867887,8.125,0.00033440665600000007,1,2048,,1395.4282789230347
adammini-adaptive_stochastic-r8,adammini,adaptive_stochastic,8,1.1B,sdpa,666,1082,2217984,2.6839473247528076,14.642779173213292,nan,nan,nan,nan,6.093371868133545,2.048999786376953,0.009314332157373428,2.048999786376953,1.9860579632222652,1.1452748775482178,1588.157262987708,5.9375,0.0003336066640000001,1,2048,,1396.5770592689514
adammini-adaptive_stochastic-r8,adammini,adaptive_stochastic,8,1.1B,sdpa,666,1083,2220032,2.2133519649505615,9.146323222741895,nan,nan,nan,nan,6.093371868133545,2.048999786376953,0.009314332157373428,2.048999786376953,1.9860579632222652,1.1430010795593262,1588.3192239150997,5.8125,0.000332806672,1,2048,,1397.7250645160675
adammini-adaptive_stochastic-r8,adammini,adaptive_stochastic,8,1.1B,sdpa,666,1084,2222080,2.138854742050171,8.489709152243508,nan,nan,nan,nan,6.093371868133545,2.048999786376953,0.009314332157373428,2.048999786376953,1.9860579632222652,1.1612324714660645,1588.460220467775,5.0625,0.00033200668,1,2048,,1398.8892962932587
adammini-adaptive_stochastic-r8,adammini,adaptive_stochastic,8,1.1B,sdpa,666,1085,2224128,2.2800776958465576,9.777440046499784,nan,nan,nan,nan,6.093371868133545,2.048999786376953,0.009314332157373428,2.048999786376953,1.9860579632222652,1.1544928550720215,1588.6050194028637,5.40625,0.0003312066880000001,1,2048,,1400.050971031189
adammini-adaptive_stochastic-r8,adammini,adaptive_stochastic,8,1.1B,sdpa,666,1086,2226176,2.577497959136963,13.164159654695613,nan,nan,nan,nan,6.093371868133545,2.048999786376953,0.009314332157373428,2.048999786376953,1.9860579632222652,1.2195806503295898,1588.6826007492098,5.84375,0.0003304066960000001,1,2048,,1401.2717196941376
adammini-adaptive_stochastic-r8,adammini,adaptive_stochastic,8,1.1B,sdpa,666,1087,2228224,2.836884021759033,17.062516189144077,nan,nan,nan,nan,6.093371868133545,2.048999786376953,0.009314332157373428,2.048999786376953,1.9860579632222652,1.3243889808654785,1588.638115100602,7.125,0.00032960670400000003,1,2048,,1402.6001131534576
adammini-adaptive_stochastic-r8,adammini,adaptive_stochastic,8,1.1B,sdpa,666,1088,2230272,2.806122064590454,16.545630760646493,nan,nan,nan,nan,6.093371868133545,2.048999786376953,0.009314332157373428,2.048999786376953,1.9860579632222652,1.383723497390747,1588.5213622369208,6.59375,0.000328806712,1,2048,,1403.9924504756927
adammini-adaptive_stochastic-r8,adammini,adaptive_stochastic,8,1.1B,sdpa,666,1089,2232320,2.397280693054199,10.993241699784047,nan,nan,nan,nan,6.093371868133545,2.048999786376953,0.009314332157373428,2.048999786376953,1.9860579632222652,1.3858811855316162,1588.4110021045249,5.96875,0.00032800672,1,2048,,1405.3793363571167
adammini-adaptive_stochastic-r8,adammini,adaptive_stochastic,8,1.1B,sdpa,666,1090,2234368,2.6918258666992188,14.7585985680327,nan,nan,nan,nan,6.093371868133545,2.048999786376953,0.009314332157373428,2.048999786376953,1.9860579632222652,1.3762116432189941,1588.3117821008382,5.71875,0.00032720672800000004,1,2048,,1406.756548166275
adammini-adaptive_stochastic-r8,adammini,adaptive_stochastic,8,1.1B,sdpa,666,1091,2236416,2.1403040885925293,8.502022603922773,nan,nan,nan,nan,6.093371868133545,2.048999786376953,0.009314332157373428,2.048999786376953,1.9860579632222652,1.3799080848693848,1588.2056457273143,4.84375,0.00032640673600000005,1,2048,,1408.140064239502
adammini-adaptive_stochastic-r8,adammini,adaptive_stochastic,8,1.1B,sdpa,666,1092,2238464,2.3364992141723633,10.344957616361718,nan,nan,nan,nan,6.093371868133545,2.048999786376953,0.009314332157373428,2.048999786376953,1.9860579632222652,1.3812079429626465,1588.0955271796752,5.8125,0.000325606744,1,2048,,1409.5272996425629
adammini-adaptive_stochastic-r8,adammini,adaptive_stochastic,8,1.1B,sdpa,666,1093,2240512,2.4955153465270996,12.127982021794598,nan,nan,nan,nan,6.093371868133545,2.048999786376953,0.009314332157373428,2.048999786376953,1.9860579632222652,1.3788955211639404,1587.9926385468527,5.75,0.000324806752,1,2048,,1410.9083037376404
adammini-adaptive_stochastic-r8,adammini,adaptive_stochastic,8,1.1B,sdpa,666,1094,2242560,2.7718024253845215,15.987424195121687,nan,nan,nan,nan,6.093371868133545,2.048999786376953,0.009314332157373428,2.048999786376953,1.9860579632222652,1.3791112899780273,1587.8870316644566,6.3125,0.00032400676,1,2048,,1412.291904449463
adammini-adaptive_stochastic-r8,adammini,adaptive_stochastic,8,1.1B,sdpa,666,1095,2244608,2.4351205825805664,11.41719534524392,nan,nan,nan,nan,6.093371868133545,2.048999786376953,0.009314332157373428,2.048999786376953,1.9860579632222652,1.37925386428833,1587.7820176439445,5.0625,0.0003232067680000001,1,2048,,1413.6751613616943
adammini-adaptive_stochastic-r8,adammini,adaptive_stochastic,8,1.1B,sdpa,666,1096,2246656,2.4317805767059326,11.37912545793375,nan,nan,nan,nan,6.093371868133545,2.048999786376953,0.009314332157373428,2.048999786376953,1.9860579632222652,1.3806524276733398,1587.6754792617353,5.4375,0.00032240677600000006,1,2048,,1415.0599598884583
adammini-adaptive_stochastic-r8,adammini,adaptive_stochastic,8,1.1B,sdpa,666,1097,2248704,2.4509596824645996,11.599473190449245,nan,nan,nan,nan,6.093371868133545,2.048999786376953,0.009314332157373428,2.048999786376953,1.9860579632222652,1.3792626857757568,1587.5696128269863,5.4375,0.00032160678400000006,1,2048,,1416.4443447589874
adammini-adaptive_stochastic-r8,adammini,adaptive_stochastic,8,1.1B,sdpa,666,1098,2250752,2.7175955772399902,15.143866178105746,nan,nan,nan,nan,6.093371868133545,2.048999786376953,0.009314332157373428,2.048999786376953,1.9860579632222652,1.3904845714569092,1587.4514322202567,5.9375,0.000320806792,1,2048,,1417.8399126529694
adammini-adaptive_stochastic-r8,adammini,adaptive_stochastic,8,1.1B,sdpa,666,1099,2252800,2.5695230960845947,13.059594783692715,nan,nan,nan,nan,6.093371868133545,2.048999786376953,0.009314332157373428,2.048999786376953,1.9860579632222652,1.3999736309051514,1587.3240406803711,9.125,0.00032000679999999996,1,2048,,1419.2439239025116
adammini-adaptive_stochastic-r8,adammini,adaptive_stochastic,8,1.1B,sdpa,666,1100,2254848,2.1943345069885254,8.974026916967668,2.245254378379441,9.442817299533662,2.245254378379441,9.442817299533662,6.093371868133545,2.048999786376953,0.009314332157373428,2.048999786376953,1.9860579632222652,1.280696153640747,1587.3273826259629,6.40625,0.00031920680800000007,1,2048,,1421.997079372406
adammini-adaptive_stochastic-r8,adammini,adaptive_stochastic,8,1.1B,sdpa,666,1101,2256896,2.2695741653442383,9.67527986724246,nan,nan,nan,nan,6.093371868133545,2.048999786376953,0.009314332157373428,2.048999786376953,1.9860579632222652,1.2171998023986816,1585.7721789919576,5.21875,0.000318406816,1,2048,,1423.2157871723175
adammini-adaptive_stochastic-r8,adammini,adaptive_stochastic,8,1.1B,sdpa,666,1102,2258944,2.7300541400909424,15.33371716627676,nan,nan,nan,nan,6.093371868133545,2.048999786376953,0.009314332157373428,2.048999786376953,1.9860579632222652,1.2064788341522217,1585.8634758022897,6.03125,0.000317606824,1,2048,,1424.4252638816833
adammini-adaptive_stochastic-r8,adammini,adaptive_stochastic,8,1.1B,sdpa,666,1103,2260992,2.174180746078491,8.794976850613955,nan,nan,nan,nan,6.093371868133545,2.048999786376953,0.009314332157373428,2.048999786376953,1.9860579632222652,1.214266061782837,1585.9447103661996,4.8125,0.00031680683199999997,1,2048,,1425.643646478653
adammini-adaptive_stochastic-r8,adammini,adaptive_stochastic,8,1.1B,sdpa,666,1104,2263040,2.6227874755859375,13.774064992268631,nan,nan,nan,nan,6.093371868133545,2.048999786376953,0.009314332157373428,2.048999786376953,1.9860579632222652,1.2160215377807617,1586.0234200194411,5.625,0.00031600684,1,2048,,1426.8641757965088
adammini-adaptive_stochastic-r8,adammini,adaptive_stochastic,8,1.1B,sdpa,666,1105,2265088,1.8661689758300781,6.463487131754473,nan,nan,nan,nan,6.093371868133545,2.048999786376953,0.009314332157373428,2.048999786376953,1.9860579632222652,1.2144954204559326,1586.1029176945897,6.34375,0.00031520684800000003,1,2048,,1428.083874464035
adammini-adaptive_stochastic-r8,adammini,adaptive_stochastic,8,1.1B,sdpa,666,1106,2267136,2.494584560394287,12.116698716296476,nan,nan,nan,nan,6.093371868133545,2.048999786376953,0.009314332157373428,2.048999786376953,1.9860579632222652,1.2126502990722656,1586.1878849888649,5.375,0.00031440685600000003,1,2048,,1429.298522233963
adammini-adaptive_stochastic-r8,adammini,adaptive_stochastic,8,1.1B,sdpa,666,1107,2269184,2.623016357421875,13.777217986370157,nan,nan,nan,nan,6.093371868133545,2.048999786376953,0.009314332157373428,2.048999786376953,1.9860579632222652,1.2137892246246338,1586.2647605503869,5.8125,0.00031360686400000004,1,2048,,1430.5203371047974
adammini-adaptive_stochastic-r8,adammini,adaptive_stochastic,8,1.1B,sdpa,666,1108,2271232,2.634434461593628,13.935429213803149,nan,nan,nan,nan,6.093371868133545,2.048999786376953,0.009314332157373428,2.048999786376953,1.9860579632222652,1.2110726833343506,1586.3517410220823,4.9375,0.00031280687200000004,1,2048,,1431.73291349411
adammini-adaptive_stochastic-r8,adammini,adaptive_stochastic,8,1.1B,sdpa,666,1109,2273280,2.6755356788635254,14.520125881204692,nan,nan,nan,nan,6.093371868133545,2.048999786376953,0.009314332157373428,2.048999786376953,1.9860579632222652,1.2062263488769531,1586.4365695326492,5.28125,0.0003120068800000001,1,2048,,1432.9473006725311
adammini-adaptive_stochastic-r8,adammini,adaptive_stochastic,8,1.1B,sdpa,666,1110,2275328,2.6823506355285645,14.619417860835462,nan,nan,nan,nan,6.093371868133545,2.048999786376953,0.009314332157373428,2.048999786376953,1.9860579632222652,1.209160327911377,1586.5248205188955,5.78125,0.0003112068880000001,1,2048,,1434.1594698429108
adammini-adaptive_stochastic-r8,adammini,adaptive_stochastic,8,1.1B,sdpa,666,1111,2277376,2.082453727722168,8.02413381786561,nan,nan,nan,nan,6.093371868133545,2.048999786376953,0.009314332157373428,2.048999786376953,1.9860579632222652,1.2055563926696777,1586.613562185945,6.34375,0.00031040689600000005,1,2048,,1435.3690490722656
adammini-adaptive_stochastic-r8,adammini,adaptive_stochastic,8,1.1B,sdpa,666,1112,2279424,2.09252667427063,8.105368940564492,nan,nan,nan,nan,6.093371868133545,2.048999786376953,0.009314332157373428,2.048999786376953,1.9860579632222652,1.2126860618591309,1586.6953950796953,5.65625,0.000309606904,1,2048,,1436.5857536792755
adammini-adaptive_stochastic-r8,adammini,adaptive_stochastic,8,1.1B,sdpa,666,1113,2281472,2.485346555709839,12.00528003233566,nan,nan,nan,nan,6.093371868133545,2.048999786376953,0.009314332157373428,2.048999786376953,1.9860579632222652,1.2140560150146484,1586.7725290617923,5.75,0.000308806912,1,2048,,1437.8065905570984
adammini-adaptive_stochastic-r8,adammini,adaptive_stochastic,8,1.1B,sdpa,666,1114,2283520,2.359508514404297,10.585747431305586,nan,nan,nan,nan,6.093371868133545,2.048999786376953,0.009314332157373428,2.048999786376953,1.9860579632222652,1.2160637378692627,1586.854795638213,5.4375,0.00030800692000000006,1,2048,,1439.0226542949677
adammini-adaptive_stochastic-r8,adammini,adaptive_stochastic,8,1.1B,sdpa,666,1115,2285568,2.394207239151001,10.95950634675494,nan,nan,nan,nan,6.093371868133545,2.048999786376953,0.009314332157373428,2.048999786376953,1.9860579632222652,1.2150907516479492,1586.9346853263055,5.40625,0.00030720692800000006,1,2048,,1440.2407491207123
adammini-adaptive_stochastic-r8,adammini,adaptive_stochastic,8,1.1B,sdpa,666,1116,2287616,2.3317432403564453,10.295874081334723,nan,nan,nan,nan,6.093371868133545,2.048999786376953,0.009314332157373428,2.048999786376953,1.9860579632222652,1.2093586921691895,1587.0188840231108,6.28125,0.000306406936,1,2048,,1441.4548075199127
adammini-adaptive_stochastic-r8,adammini,adaptive_stochastic,8,1.1B,sdpa,666,1117,2289664,2.394968271255493,10.96785005744736,nan,nan,nan,nan,6.093371868133545,2.048999786376953,0.009314332157373428,2.048999786376953,1.9860579632222652,1.2034072875976562,1587.110197239923,6.8125,0.000305606944,1,2048,,1442.6622700691223
adammini-adaptive_stochastic-r8,adammini,adaptive_stochastic,8,1.1B,sdpa,666,1118,2291712,2.4214532375335693,11.262214100551361,nan,nan,nan,nan,6.093371868133545,2.048999786376953,0.009314332157373428,2.048999786376953,1.9860579632222652,1.1456925868988037,1587.2659362957609,5.6875,0.00030480695199999996,1,2048,,1443.81098818779
adammini-adaptive_stochastic-r8,adammini,adaptive_stochastic,8,1.1B,sdpa,666,1119,2293760,2.245140552520752,9.441742523915886,nan,nan,nan,nan,6.093371868133545,2.048999786376953,0.009314332157373428,2.048999786376953,1.9860579632222652,1.1635677814483643,1587.3985015245646,5.5,0.00030400696000000007,1,2048,,1444.9805753231049
adammini-adaptive_stochastic-r8,adammini,adaptive_stochastic,8,1.1B,sdpa,666,1120,2295808,1.1365361213684082,3.1159563556151246,nan,nan,nan,nan,6.093371868133545,2.048999786376953,0.009314332157373428,2.048999786376953,1.9860579632222652,1.2102165222167969,1587.486252122085,9.4375,0.000303206968,1,2048,,1446.1907918453217
adammini-adaptive_stochastic-r8,adammini,adaptive_stochastic,8,1.1B,sdpa,666,1121,2297856,1.7849206924438477,5.959107326602705,nan,nan,nan,nan,6.093371868133545,2.048999786376953,0.009314332157373428,2.048999786376953,1.9860579632222652,1.2126672267913818,1587.5663162116196,6.15625,0.0003024069760000001,1,2048,,1447.407882452011
adammini-adaptive_stochastic-r8,adammini,adaptive_stochastic,8,1.1B,sdpa,666,1122,2299904,2.5585684776306152,12.917312651769732,nan,nan,nan,nan,6.093371868133545,2.048999786376953,0.009314332157373428,2.048999786376953,1.9860579632222652,1.2141027450561523,1587.6445567309236,6.46875,0.000301606984,1,2048,,1448.6265141963959
adammini-adaptive_stochastic-r8,adammini,adaptive_stochastic,8,1.1B,sdpa,666,1123,2301952,2.573913812637329,13.117061831117,nan,nan,nan,nan,6.093371868133545,2.048999786376953,0.009314332157373428,2.048999786376953,1.9860579632222652,1.2150745391845703,1587.7209665407515,6.3125,0.000300806992,1,2048,,1449.8466975688934
adammini-adaptive_stochastic-r8,adammini,adaptive_stochastic,8,1.1B,sdpa,666,1124,2304000,2.7055511474609375,14.962560995905385,nan,nan,nan,nan,6.093371868133545,2.048999786376953,0.009314332157373428,2.048999786376953,1.9860579632222652,1.2131502628326416,1587.8016007106733,6.25,0.0003000070000000001,1,2048,,1451.0629029273987
adammini-adaptive_stochastic-r8,adammini,adaptive_stochastic,8,1.1B,sdpa,666,1125,2306048,2.2298457622528076,9.29843179970318,nan,nan,nan,nan,6.093371868133545,2.048999786376953,0.009314332157373428,2.048999786376953,1.9860579632222652,1.1786348819732666,1587.908719644997,5.5625,0.00029920700800000003,1,2048,,1452.254762172699
adammini-adaptive_stochastic-r8,adammini,adaptive_stochastic,8,1.1B,sdpa,666,1126,2308096,2.5918033123016357,13.353831031117007,nan,nan,nan,nan,6.093371868133545,2.048999786376953,0.009314332157373428,2.048999786376953,1.9860579632222652,1.163428783416748,1588.045074909204,5.875,0.00029840701600000004,1,2048,,1453.4197022914886
adammini-adaptive_stochastic-r8,adammini,adaptive_stochastic,8,1.1B,sdpa,666,1127,2310144,2.741532564163208,15.51073809154017,nan,nan,nan,nan,6.093371868133545,2.048999786376953,0.009314332157373428,2.048999786376953,1.9860579632222652,1.208622694015503,1588.1318747938622,6.0,0.000297607024,1,2048,,1454.6298305988312
adammini-adaptive_stochastic-r8,adammini,adaptive_stochastic,8,1.1B,sdpa,666,1128,2312192,2.737346887588501,15.445950842278533,nan,nan,nan,nan,6.093371868133545,2.048999786376953,0.009314332157373428,2.048999786376953,1.9860579632222652,1.2116622924804688,1588.2157663235575,6.15625,0.000296807032,1,2048,,1455.8424925804138
adammini-adaptive_stochastic-r8,adammini,adaptive_stochastic,8,1.1B,sdpa,666,1129,2314240,2.8846724033355713,17.897703407091136,nan,nan,nan,nan,6.093371868133545,2.048999786376953,0.009314332157373428,2.048999786376953,1.9860579632222652,1.2125508785247803,1588.2950846906276,5.71875,0.00029600704000000004,1,2048,,1457.0592217445374
adammini-adaptive_stochastic-r8,adammini,adaptive_stochastic,8,1.1B,sdpa,666,1130,2316288,2.114292621612549,8.283723965807205,nan,nan,nan,nan,6.093371868133545,2.048999786376953,0.009314332157373428,2.048999786376953,1.9860579632222652,1.2134459018707275,1588.373589014514,5.34375,0.00029520704800000005,1,2048,,1458.276576757431
adammini-adaptive_stochastic-r8,adammini,adaptive_stochastic,8,1.1B,sdpa,666,1131,2318336,2.5530340671539307,12.846020403553469,nan,nan,nan,nan,6.093371868133545,2.048999786376953,0.009314332157373428,2.048999786376953,1.9860579632222652,1.2122929096221924,1588.4525656807814,5.90625,0.000294407056,1,2048,,1459.4933774471283
adammini-adaptive_stochastic-r8,adammini,adaptive_stochastic,8,1.1B,sdpa,666,1132,2320384,2.3023664951324463,9.997814260291722,nan,nan,nan,nan,6.093371868133545,2.048999786376953,0.009314332157373428,2.048999786376953,1.9860579632222652,1.196502685546875,1588.550753158992,5.34375,0.000293607064,1,2048,,1460.6923923492432
adammini-adaptive_stochastic-r8,adammini,adaptive_stochastic,8,1.1B,sdpa,666,1133,2322432,2.060908555984497,7.853101552446703,nan,nan,nan,nan,6.093371868133545,2.048999786376953,0.009314332157373428,2.048999786376953,1.9860579632222652,1.1931545734405518,1588.6472908369121,4.75,0.00029280707199999995,1,2048,,1461.8927772045135
adammini-adaptive_stochastic-r8,adammini,adaptive_stochastic,8,1.1B,sdpa,666,1134,2324480,3.04345703125,20.97763837828159,nan,nan,nan,nan,6.093371868133545,2.048999786376953,0.009314332157373428,2.048999786376953,1.9860579632222652,1.18733549118042,1588.7561501896932,5.59375,0.0002920070800000001,1,2048,,1463.0816690921783
adammini-adaptive_stochastic-r8,adammini,adaptive_stochastic,8,1.1B,sdpa,666,1135,2326528,2.774874687194824,16.036617276240094,nan,nan,nan,nan,6.093371868133545,2.048999786376953,0.009314332157373428,2.048999786376953,1.9860579632222652,1.1893432140350342,1588.8599616175857,5.53125,0.00029120708800000006,1,2048,,1464.275050163269
adammini-adaptive_stochastic-r8,adammini,adaptive_stochastic,8,1.1B,sdpa,666,1136,2328576,2.2156035900115967,9.166940515822956,nan,nan,nan,nan,6.093371868133545,2.048999786376953,0.009314332157373428,2.048999786376953,1.9860579632222652,1.194561243057251,1588.9589280534894,5.15625,0.00029040709600000006,1,2048,,1465.4727437496185
adammini-adaptive_stochastic-r8,adammini,adaptive_stochastic,8,1.1B,sdpa,666,1137,2330624,2.519169569015503,12.418279856105471,nan,nan,nan,nan,6.093371868133545,2.048999786376953,0.009314332157373428,2.048999786376953,1.9860579632222652,1.2071094512939453,1588.9326290416418,5.34375,0.000289607104,1,2048,,1466.7859148979187
adammini-adaptive_stochastic-r8,adammini,adaptive_stochastic,8,1.1B,sdpa,666,1138,2332672,2.514585494995117,12.361483820113778,nan,nan,nan,nan,6.093371868133545,2.048999786376953,0.009314332157373428,2.048999786376953,1.9860579632222652,1.2087457180023193,1589.0183191043284,5.40625,0.00028880711199999996,1,2048,,1467.9956624507904
adammini-adaptive_stochastic-r8,adammini,adaptive_stochastic,8,1.1B,sdpa,666,1139,2334720,2.5437333583831787,12.72709720122077,nan,nan,nan,nan,6.093371868133545,2.048999786376953,0.009314332157373428,2.048999786376953,1.9860579632222652,1.2131786346435547,1589.0990457974199,5.75,0.00028800712000000007,1,2048,,1469.2098684310913
adammini-adaptive_stochastic-r8,adammini,adaptive_stochastic,8,1.1B,sdpa,666,1140,2336768,2.463885545730591,11.750379591531315,nan,nan,nan,nan,6.093371868133545,2.048999786376953,0.009314332157373428,2.048999786376953,1.9860579632222652,1.2155473232269287,1589.1760209209142,5.0625,0.000287207128,1,2048,,1470.42742228508
adammini-adaptive_stochastic-r8,adammini,adaptive_stochastic,8,1.1B,sdpa,666,1141,2338816,2.6940462589263916,14.791404853509459,nan,nan,nan,nan,6.093371868133545,2.048999786376953,0.009314332157373428,2.048999786376953,1.9860579632222652,1.2110183238983154,1589.2588482276726,5.53125,0.000286407136,1,2048,,1471.6394391059875
adammini-adaptive_stochastic-r8,adammini,adaptive_stochastic,8,1.1B,sdpa,666,1142,2340864,2.260686159133911,9.589666947371285,nan,nan,nan,nan,6.093371868133545,2.048999786376953,0.009314332157373428,2.048999786376953,1.9860579632222652,1.1442296504974365,1589.4135706079812,5.0625,0.00028560714399999997,1,2048,,1472.784707069397
adammini-adaptive_stochastic-r8,adammini,adaptive_stochastic,8,1.1B,sdpa,666,1143,2342912,2.4609475135803223,11.715907263714431,nan,nan,nan,nan,6.093371868133545,2.048999786376953,0.009314332157373428,2.048999786376953,1.9860579632222652,1.1434967517852783,1589.568340523363,5.4375,0.0002848071520000001,1,2048,,1473.9297080039978
adammini-adaptive_stochastic-r8,adammini,adaptive_stochastic,8,1.1B,sdpa,666,1144,2344960,2.1659317016601562,8.722725109533203,nan,nan,nan,nan,6.093371868133545,2.048999786376953,0.009314332157373428,2.048999786376953,1.9860579632222652,1.1452572345733643,1589.7209065594625,4.96875,0.00028400716000000003,1,2048,,1475.0765309333801
adammini-adaptive_stochastic-r8,adammini,adaptive_stochastic,8,1.1B,sdpa,666,1145,2347008,2.316127300262451,10.136343182830844,nan,nan,nan,nan,6.093371868133545,2.048999786376953,0.009314332157373428,2.048999786376953,1.9860579632222652,1.1507916450500488,1589.8673410748493,4.8125,0.00028320716800000003,1,2048,,1476.2288269996643
adammini-adaptive_stochastic-r8,adammini,adaptive_stochastic,8,1.1B,sdpa,666,1146,2349056,2.477407455444336,11.910346253471715,nan,nan,nan,nan,6.093371868133545,2.048999786376953,0.009314332157373428,2.048999786376953,1.9860579632222652,1.1522555351257324,1590.0114371857428,5.25,0.000282407176,1,2048,,1477.3830835819244
adammini-adaptive_stochastic-r8,adammini,adaptive_stochastic,8,1.1B,sdpa,666,1147,2351104,2.4352965354919434,11.419204410749956,nan,nan,nan,nan,6.093371868133545,2.048999786376953,0.009314332157373428,2.048999786376953,1.9860579632222652,1.1437687873840332,1590.165469425999,5.375,0.00028160718400000004,1,2048,,1478.5278923511505
adammini-adaptive_stochastic-r8,adammini,adaptive_stochastic,8,1.1B,sdpa,666,1148,2353152,2.3179101943969727,10.154431329470867,nan,nan,nan,nan,6.093371868133545,2.048999786376953,0.009314332157373428,2.048999786376953,1.9860579632222652,1.1433565616607666,1590.3197440391584,5.25,0.0002808071920000001,1,2048,,1479.6722538471222
adammini-adaptive_stochastic-r8,adammini,adaptive_stochastic,8,1.1B,sdpa,666,1149,2355200,2.2314817905426025,9.313656748005378,nan,nan,nan,nan,6.093371868133545,2.048999786376953,0.009314332157373428,2.048999786376953,1.9860579632222652,1.1450681686401367,1590.471943136207,5.375,0.0002800072000000001,1,2048,,1480.8183257579803
adammini-adaptive_stochastic-r8,adammini,adaptive_stochastic,8,1.1B,sdpa,666,1150,2357248,2.5267386436462402,12.51263136948845,nan,nan,nan,nan,6.093371868133545,2.048999786376953,0.009314332157373428,2.048999786376953,1.9860579632222652,1.1463909149169922,1590.6224911919362,5.375,0.00027920720800000005,1,2048,,1481.965716600418
adammini-adaptive_stochastic-r8,adammini,adaptive_stochastic,8,1.1B,sdpa,666,1151,2359296,2.4314613342285156,11.375493337526127,nan,nan,nan,nan,6.093371868133545,2.048999786376953,0.009314332157373428,2.048999786376953,1.9860579632222652,1.1405932903289795,1590.7790260877698,5.46875,0.000278407216,1,2048,,1483.107308626175
adammini-adaptive_stochastic-r8,adammini,adaptive_stochastic,8,1.1B,sdpa,666,1152,2361344,2.248847484588623,9.476807373408718,nan,nan,nan,nan,6.093371868133545,2.048999786376953,0.009314332157373428,2.048999786376953,1.9860579632222652,1.1383142471313477,1590.9376820407508,5.125,0.000277607224,1,2048,,1484.2466971874237
adammini-adaptive_stochastic-r8,adammini,adaptive_stochastic,8,1.1B,sdpa,666,1153,2363392,2.2490904331207275,9.479110029551263,nan,nan,nan,nan,6.093371868133545,2.048999786376953,0.009314332157373428,2.048999786376953,1.9860579632222652,1.1391246318817139,1591.0946064616235,5.3125,0.00027680723200000006,1,2048,,1485.3879618644714
adammini-adaptive_stochastic-r8,adammini,adaptive_stochastic,8,1.1B,sdpa,666,1154,2365440,2.4449880123138428,11.530411375057533,nan,nan,nan,nan,6.093371868133545,2.048999786376953,0.009314332157373428,2.048999786376953,1.9860579632222652,1.1396141052246094,1591.2514314204675,5.125,0.00027600724000000006,1,2048,,1486.5287239551544
adammini-adaptive_stochastic-r8,adammini,adaptive_stochastic,8,1.1B,sdpa,666,1155,2367488,2.467780590057373,11.796237091417487,nan,nan,nan,nan,6.093371868133545,2.048999786376953,0.009314332157373428,2.048999786376953,1.9860579632222652,1.143470048904419,1591.4032805024412,5.375,0.000275207248,1,2048,,1487.6731932163239
adammini-adaptive_stochastic-r8,adammini,adaptive_stochastic,8,1.1B,sdpa,666,1156,2369536,2.1440768241882324,8.534159070313454,nan,nan,nan,nan,6.093371868133545,2.048999786376953,0.009314332157373428,2.048999786376953,1.9860579632222652,1.144188642501831,1591.5547678056153,4.59375,0.000274407256,1,2048,,1488.8183856010437
adammini-adaptive_stochastic-r8,adammini,adaptive_stochastic,8,1.1B,sdpa,666,1157,2371584,2.147284507751465,8.561577904050564,nan,nan,nan,nan,6.093371868133545,2.048999786376953,0.009314332157373428,2.048999786376953,1.9860579632222652,1.1407885551452637,1591.7090618253192,5.28125,0.00027360726399999996,1,2048,,1489.9607326984406
adammini-adaptive_stochastic-r8,adammini,adaptive_stochastic,8,1.1B,sdpa,666,1158,2373632,2.2784218788146973,9.761263790898473,nan,nan,nan,nan,6.093371868133545,2.048999786376953,0.009314332157373428,2.048999786376953,1.9860579632222652,1.1481153964996338,1591.855895409131,4.8125,0.00027280727200000007,1,2048,,1491.1098465919495
adammini-adaptive_stochastic-r8,adammini,adaptive_stochastic,8,1.1B,sdpa,666,1159,2375680,2.416966199874878,11.21179332631389,nan,nan,nan,nan,6.093371868133545,2.048999786376953,0.009314332157373428,2.048999786376953,1.9860579632222652,1.1675803661346436,1591.9816997156354,4.84375,0.00027200728,1,2048,,1492.2784605026245
adammini-adaptive_stochastic-r8,adammini,adaptive_stochastic,8,1.1B,sdpa,666,1160,2377728,2.4867136478424072,12.0217035799106,nan,nan,nan,nan,6.093371868133545,2.048999786376953,0.009314332157373428,2.048999786376953,1.9860579632222652,1.2021105289459229,1592.0705304963526,5.28125,0.0002712072880000001,1,2048,,1493.4815728664398
adammini-adaptive_stochastic-r8,adammini,adaptive_stochastic,8,1.1B,sdpa,666,1161,2379776,2.479332447052002,11.933295651666747,nan,nan,nan,nan,6.093371868133545,2.048999786376953,0.009314332157373428,2.048999786376953,1.9860579632222652,1.2032833099365234,1592.157972058163,4.875,0.000270407296,1,2048,,1494.6858551502228
adammini-adaptive_stochastic-r8,adammini,adaptive_stochastic,8,1.1B,sdpa,666,1162,2381824,2.522019147872925,12.453717190588977,nan,nan,nan,nan,6.093371868133545,2.048999786376953,0.009314332157373428,2.048999786376953,1.9860579632222652,1.1927859783172607,1592.255908139616,4.875,0.000269607304,1,2048,,1495.8811523914337
adammini-adaptive_stochastic-r8,adammini,adaptive_stochastic,8,1.1B,sdpa,666,1163,2383872,2.550995349884033,12.81985767816915,nan,nan,nan,nan,6.093371868133545,2.048999786376953,0.009314332157373428,2.048999786376953,1.9860579632222652,1.1421172618865967,1592.407049144108,5.25,0.0002688073120000001,1,2048,,1497.0248048305511
adammini-adaptive_stochastic-r8,adammini,adaptive_stochastic,8,1.1B,sdpa,666,1164,2385920,2.451686382293701,11.607905589174678,nan,nan,nan,nan,6.093371868133545,2.048999786376953,0.009314332157373428,2.048999786376953,1.9860579632222652,1.1425492763519287,1592.5580003585505,4.6875,0.00026800732000000003,1,2048,,1498.1693544387817
adammini-adaptive_stochastic-r8,adammini,adaptive_stochastic,8,1.1B,sdpa,666,1165,2387968,2.372009754180908,10.718913031441096,nan,nan,nan,nan,6.093371868133545,2.048999786376953,0.009314332157373428,2.048999786376953,1.9860579632222652,1.1442089080810547,1592.7064630442644,4.75,0.00026720732800000004,1,2048,,1499.314566373825
adammini-adaptive_stochastic-r8,adammini,adaptive_stochastic,8,1.1B,sdpa,666,1166,2390016,2.258678436279297,9.570432868683561,nan,nan,nan,nan,6.093371868133545,2.048999786376953,0.009314332157373428,2.048999786376953,1.9860579632222652,1.1430699825286865,1592.8569714922119,5.65625,0.000266407336,1,2048,,1500.4586367607117
adammini-adaptive_stochastic-r8,adammini,adaptive_stochastic,8,1.1B,sdpa,666,1167,2392064,2.543457269668579,12.723583878330619,nan,nan,nan,nan,6.093371868133545,2.048999786376953,0.009314332157373428,2.048999786376953,1.9860579632222652,1.143761396408081,1593.0064816843433,5.3125,0.000265607344,1,2048,,1501.6034319400787
adammini-adaptive_stochastic-r8,adammini,adaptive_stochastic,8,1.1B,sdpa,666,1168,2394112,2.4254231452941895,11.307012916457985,nan,nan,nan,nan,6.093371868133545,2.048999786376953,0.009314332157373428,2.048999786376953,1.9860579632222652,1.1394541263580322,1593.1596293312252,4.875,0.00026480735200000004,1,2048,,1502.7445812225342
adammini-adaptive_stochastic-r8,adammini,adaptive_stochastic,8,1.1B,sdpa,666,1169,2396160,2.3999104499816895,11.022189299192116,nan,nan,nan,nan,6.093371868133545,2.048999786376953,0.009314332157373428,2.048999786376953,1.9860579632222652,1.1398999691009521,1593.312274030955,5.03125,0.00026400736000000005,1,2048,,1503.8859858512878
adammini-adaptive_stochastic-r8,adammini,adaptive_stochastic,8,1.1B,sdpa,666,1170,2398208,2.4434661865234375,11.512877442832103,nan,nan,nan,nan,6.093371868133545,2.048999786376953,0.009314332157373428,2.048999786376953,1.9860579632222652,1.1362457275390625,1593.4685200821993,4.75,0.000263207368,1,2048,,1505.0243005752563
adammini-adaptive_stochastic-r8,adammini,adaptive_stochastic,8,1.1B,sdpa,666,1171,2400256,2.3227953910827637,10.204159089796006,nan,nan,nan,nan,6.093371868133545,2.048999786376953,0.009314332157373428,2.048999786376953,1.9860579632222652,1.141796588897705,1593.6180113543385,5.3125,0.000262407376,1,2048,,1506.1677157878876
adammini-adaptive_stochastic-r8,adammini,adaptive_stochastic,8,1.1B,sdpa,666,1172,2402304,1.9737004041671753,7.1972600441218155,nan,nan,nan,nan,6.093371868133545,2.048999786376953,0.009314332157373428,2.048999786376953,1.9860579632222652,1.142212152481079,1593.7637670873924,4.78125,0.00026160738400000006,1,2048,,1507.3149795532227
adammini-adaptive_stochastic-r8,adammini,adaptive_stochastic,8,1.1B,sdpa,666,1173,2404352,2.6315577030181885,13.895397956049278,nan,nan,nan,nan,6.093371868133545,2.048999786376953,0.009314332157373428,2.048999786376953,1.9860579632222652,1.1435859203338623,1593.909475694094,5.59375,0.00026080739200000006,1,2048,,1508.4620780944824
adammini-adaptive_stochastic-r8,adammini,adaptive_stochastic,8,1.1B,sdpa,666,1174,2406400,2.6068410873413086,13.556160417183358,nan,nan,nan,nan,6.093371868133545,2.048999786376953,0.009314332157373428,2.048999786376953,1.9860579632222652,1.1463220119476318,1594.0496130780775,5.53125,0.00026000740000000006,1,2048,,1509.614243030548
adammini-adaptive_stochastic-r8,adammini,adaptive_stochastic,8,1.1B,sdpa,666,1175,2408448,2.6959428787231445,14.819485145177493,nan,nan,nan,nan,6.093371868133545,2.048999786376953,0.009314332157373428,2.048999786376953,1.9860579632222652,1.2085742950439453,1594.1267438630396,6.8125,0.000259207408,1,2048,,1510.8259172439575
adammini-adaptive_stochastic-r8,adammini,adaptive_stochastic,8,1.1B,sdpa,666,1176,2410496,2.2005133628845215,9.029647795833142,nan,nan,nan,nan,6.093371868133545,2.048999786376953,0.009314332157373428,2.048999786376953,1.9860579632222652,1.1903553009033203,1594.2214751451393,6.84375,0.000258407416,1,2048,,1512.0217847824097
adammini-adaptive_stochastic-r8,adammini,adaptive_stochastic,8,1.1B,sdpa,666,1177,2412544,1.868738055229187,6.480113691722574,nan,nan,nan,nan,6.093371868133545,2.048999786376953,0.009314332157373428,2.048999786376953,1.9860579632222652,1.1824941635131836,1594.324338566504,5.53125,0.00025760742400000007,1,2048,,1513.2077844142914
adammini-adaptive_stochastic-r8,adammini,adaptive_stochastic,8,1.1B,sdpa,666,1178,2414592,1.891674518585205,6.630462222500279,nan,nan,nan,nan,6.093371868133545,2.048999786376953,0.009314332157373428,2.048999786376953,1.9860579632222652,1.2011256217956543,1594.407366655189,5.875,0.00025680743200000007,1,2048,,1514.413474559784
adammini-adaptive_stochastic-r8,adammini,adaptive_stochastic,8,1.1B,sdpa,666,1179,2416640,1.5371935367584229,4.651517622389731,nan,nan,nan,nan,6.093371868133545,2.048999786376953,0.009314332157373428,2.048999786376953,1.9860579632222652,1.2066619396209717,1594.488706022309,5.875,0.00025600744,1,2048,,1515.6206443309784
adammini-adaptive_stochastic-r8,adammini,adaptive_stochastic,8,1.1B,sdpa,666,1180,2418688,1.8371678590774536,6.278730805861305,nan,nan,nan,nan,6.093371868133545,2.048999786376953,0.009314332157373428,2.048999786376953,1.9860579632222652,1.2075812816619873,1594.566759890503,6.3125,0.000255207448,1,2048,,1516.830816268921
adammini-adaptive_stochastic-r8,adammini,adaptive_stochastic,8,1.1B,sdpa,666,1181,2420736,2.3556580543518066,10.545065805445496,nan,nan,nan,nan,6.093371868133545,2.048999786376953,0.009314332157373428,2.048999786376953,1.9860579632222652,1.2137117385864258,1594.6351590049226,6.0,0.00025440745599999997,1,2048,,1518.050060749054
adammini-adaptive_stochastic-r8,adammini,adaptive_stochastic,8,1.1B,sdpa,666,1182,2422784,2.2578771114349365,9.56276691492441,nan,nan,nan,nan,6.093371868133545,2.048999786376953,0.009314332157373428,2.048999786376953,1.9860579632222652,1.2118079662322998,1594.7070385229792,5.15625,0.0002536074640000001,1,2048,,1519.266402721405
adammini-adaptive_stochastic-r8,adammini,adaptive_stochastic,8,1.1B,sdpa,666,1183,2424832,2.0374343395233154,7.670902997336887,nan,nan,nan,nan,6.093371868133545,2.048999786376953,0.009314332157373428,2.048999786376953,1.9860579632222652,1.2129855155944824,1594.7763116562276,6.09375,0.00025280747200000003,1,2048,,1520.484084367752
adammini-adaptive_stochastic-r8,adammini,adaptive_stochastic,8,1.1B,sdpa,666,1184,2426880,2.362131357192993,10.613548625762208,nan,nan,nan,nan,6.093371868133545,2.048999786376953,0.009314332157373428,2.048999786376953,1.9860579632222652,1.1497759819030762,1594.9122829600312,6.03125,0.00025200748000000003,1,2048,,1521.6385414600372
adammini-adaptive_stochastic-r8,adammini,adaptive_stochastic,8,1.1B,sdpa,666,1185,2428928,2.335397958755493,10.333571446440788,nan,nan,nan,nan,6.093371868133545,2.048999786376953,0.009314332157373428,2.048999786376953,1.9860579632222652,1.145387887954712,1595.0532242968377,5.875,0.000251207488,1,2048,,1522.7880568504333
adammini-adaptive_stochastic-r8,adammini,adaptive_stochastic,8,1.1B,sdpa,666,1186,2430976,2.1538188457489014,8.617705325931178,nan,nan,nan,nan,6.093371868133545,2.048999786376953,0.009314332157373428,2.048999786376953,1.9860579632222652,1.208146095275879,1595.1277257806325,5.625,0.00025040749599999993,1,2048,,1524.0008437633514
adammini-adaptive_stochastic-r8,adammini,adaptive_stochastic,8,1.1B,sdpa,666,1187,2433024,2.5964279174804688,13.41573024665745,nan,nan,nan,nan,6.093371868133545,2.048999786376953,0.009314332157373428,2.048999786376953,1.9860579632222652,1.209068775177002,1595.199115732372,5.6875,0.00024960750400000004,1,2048,,1525.2174906730652
adammini-adaptive_stochastic-r8,adammini,adaptive_stochastic,8,1.1B,sdpa,666,1188,2435072,2.5023021697998047,12.210572438696845,nan,nan,nan,nan,6.093371868133545,2.048999786376953,0.009314332157373428,2.048999786376953,1.9860579632222652,1.208930492401123,1595.2711105828746,5.40625,0.00024880751200000005,1,2048,,1526.4314534664154
adammini-adaptive_stochastic-r8,adammini,adaptive_stochastic,8,1.1B,sdpa,666,1189,2437120,2.4347786903381348,11.413292561928742,nan,nan,nan,nan,6.093371868133545,2.048999786376953,0.009314332157373428,2.048999786376953,1.9860579632222652,1.2132933139801025,1595.3408235139466,5.75,0.00024800752,1,2048,,1527.6484899520874
adammini-adaptive_stochastic-r8,adammini,adaptive_stochastic,8,1.1B,sdpa,666,1190,2439168,2.4611775875091553,11.718603098637212,nan,nan,nan,nan,6.093371868133545,2.048999786376953,0.009314332157373428,2.048999786376953,1.9860579632222652,1.2146053314208984,1595.4093058758037,6.125,0.000247207528,1,2048,,1528.8665993213654
adammini-adaptive_stochastic-r8,adammini,adaptive_stochastic,8,1.1B,sdpa,666,1191,2441216,2.020594835281372,7.542810329198414,nan,nan,nan,nan,6.093371868133545,2.048999786376953,0.009314332157373428,2.048999786376953,1.9860579632222652,1.2125048637390137,1595.4782969907244,6.78125,0.000246407536,1,2048,,1530.0841162204742
adammini-adaptive_stochastic-r8,adammini,adaptive_stochastic,8,1.1B,sdpa,666,1192,2443264,2.330794095993042,10.286106446665094,nan,nan,nan,nan,6.093371868133545,2.048999786376953,0.009314332157373428,2.048999786376953,1.9860579632222652,1.173868179321289,1595.5888919251834,5.625,0.00024560754400000006,1,2048,,1531.2616002559662
adammini-adaptive_stochastic-r8,adammini,adaptive_stochastic,8,1.1B,sdpa,666,1193,2445312,2.474538803100586,11.87622857005973,nan,nan,nan,nan,6.093371868133545,2.048999786376953,0.009314332157373428,2.048999786376953,1.9860579632222652,1.1480097770690918,1595.7253134471725,6.28125,0.00024480755200000006,1,2048,,1532.4141187667847
adammini-adaptive_stochastic-r8,adammini,adaptive_stochastic,8,1.1B,sdpa,666,1194,2447360,2.290571451187134,9.880582338703476,nan,nan,nan,nan,6.093371868133545,2.048999786376953,0.009314332157373428,2.048999786376953,1.9860579632222652,1.1451117992401123,1595.8655397765417,5.28125,0.00024400756,1,2048,,1533.5627839565277
adammini-adaptive_stochastic-r8,adammini,adaptive_stochastic,8,1.1B,sdpa,666,1195,2449408,2.6199071407318115,13.734448155056441,nan,nan,nan,nan,6.093371868133545,2.048999786376953,0.009314332157373428,2.048999786376953,1.9860579632222652,1.145340919494629,1596.0053655328684,5.90625,0.00024320756799999998,1,2048,,1534.7126367092133
adammini-adaptive_stochastic-r8,adammini,adaptive_stochastic,8,1.1B,sdpa,666,1196,2451456,1.8860880136489868,6.593524385335844,nan,nan,nan,nan,6.093371868133545,2.048999786376953,0.009314332157373428,2.048999786376953,1.9860579632222652,1.1458613872528076,1596.1430739783577,6.125,0.00024240757599999996,1,2048,,1535.862317085266
adammini-adaptive_stochastic-r8,adammini,adaptive_stochastic,8,1.1B,sdpa,666,1197,2453504,2.354322671890259,10.530993507554133,nan,nan,nan,nan,6.093371868133545,2.048999786376953,0.009314332157373428,2.048999786376953,1.9860579632222652,1.1452105045318604,1596.2805395864425,5.6875,0.00024160758400000007,1,2048,,1537.0130369663239
adammini-adaptive_stochastic-r8,adammini,adaptive_stochastic,8,1.1B,sdpa,666,1198,2455552,2.0273265838623047,7.593757922726643,nan,nan,nan,nan,6.093371868133545,2.048999786376953,0.009314332157373428,2.048999786376953,1.9860579632222652,1.1476056575775146,1596.4172489432044,5.0,0.00024080759200000005,1,2048,,1538.16428732872
adammini-adaptive_stochastic-r8,adammini,adaptive_stochastic,8,1.1B,sdpa,666,1199,2457600,2.384143829345703,10.849769432997553,nan,nan,nan,nan,6.093371868133545,2.048999786376953,0.009318146854639053,2.048999786376953,1.9860541485249996,19.97410559654236,1577.2612163553115,5.34375,0.00024000760000000002,1,2048,,1558.1439361572266
adammini-adaptive_stochastic-r8,adammini,adaptive_stochastic,8,1.1B,sdpa,666,1200,2459648,2.4550888538360596,11.64746842515238,2.246709252873512,9.45656541203903,2.246709252873512,9.45656541203903,6.093371868133545,2.048999786376953,0.009318146854639053,2.048999786376953,1.9860541485249996,1.2199366092681885,1577.3353844797566,5.4375,0.000239207608,1,2048,,1560.7593448162079
adammini-adaptive_stochastic-r8,adammini,adaptive_stochastic,8,1.1B,sdpa,666,1201,2461696,2.536289691925049,12.632712654024603,nan,nan,nan,nan,6.093371868133545,2.048999786376953,0.009318146854639053,2.048999786376953,1.9860541485249996,1.1502230167388916,1576.0769618657307,6.40625,0.00023840761599999997,1,2048,,1561.9135737419128
adammini-adaptive_stochastic-r8,adammini,adaptive_stochastic,8,1.1B,sdpa,666,1202,2463744,2.0293116569519043,7.608847058792042,nan,nan,nan,nan,6.093371868133545,2.048999786376953,0.009318146854639053,2.048999786376953,1.9860541485249996,1.1801412105560303,1576.1931848151064,6.03125,0.00023760762400000006,1,2048,,1563.0977368354797
adammini-adaptive_stochastic-r8,adammini,adaptive_stochastic,8,1.1B,sdpa,666,1203,2465792,2.0910050868988037,8.093045291672473,nan,nan,nan,nan,6.093371868133545,2.048999786376953,0.009318146854639053,2.048999786376953,1.9860541485249996,1.2059237957000732,1576.2832511703248,6.03125,0.00023680763200000003,1,2048,,1564.3076827526093
adammini-adaptive_stochastic-r8,adammini,adaptive_stochastic,8,1.1B,sdpa,666,1204,2467840,2.4427740573883057,11.504911801868802,nan,nan,nan,nan,6.093371868133545,2.048999786376953,0.009318146854639053,2.048999786376953,1.9860541485249996,1.2130122184753418,1576.3660602088057,5.90625,0.00023600764000000004,1,2048,,1565.525207042694
adammini-adaptive_stochastic-r8,adammini,adaptive_stochastic,8,1.1B,sdpa,666,1205,2469888,2.5336270332336426,12.599120793556438,nan,nan,nan,nan,6.093371868133545,2.048999786376953,0.009318146854639053,2.048999786376953,1.9860541485249996,1.2088606357574463,1576.452235407274,6.25,0.00023520764799999999,1,2048,,1566.7382395267487
adammini-adaptive_stochastic-r8,adammini,adaptive_stochastic,8,1.1B,sdpa,666,1206,2471936,2.376166582107544,10.763562444143957,nan,nan,nan,nan,6.093371868133545,2.048999786376953,0.009318146854639053,2.048999786376953,1.9860541485249996,1.2103512287139893,1576.5363047639487,5.3125,0.00023440765600000007,1,2048,,1567.9552688598633
adammini-adaptive_stochastic-r8,adammini,adaptive_stochastic,8,1.1B,sdpa,666,1207,2473984,2.580139398574829,13.198977950138742,nan,nan,nan,nan,6.093371868133545,2.048999786376953,0.009318146854639053,2.048999786376953,1.9860541485249996,1.2145664691925049,1576.6161137952656,6.28125,0.00023360766400000005,1,2048,,1569.1733570098877
adammini-adaptive_stochastic-r8,adammini,adaptive_stochastic,8,1.1B,sdpa,666,1208,2476032,2.5437445640563965,12.727239817712073,nan,nan,nan,nan,6.093371868133545,2.048999786376953,0.009318146854639053,2.048999786376953,1.9860541485249996,1.2132210731506348,1576.697161628222,6.0625,0.00023280767200000002,1,2048,,1570.3916137218475
adammini-adaptive_stochastic-r8,adammini,adaptive_stochastic,8,1.1B,sdpa,666,1209,2478080,1.9908853769302368,7.322013635276808,nan,nan,nan,nan,6.093371868133545,2.048999786376953,0.009318146854639053,2.048999786376953,1.9860541485249996,1.2165281772613525,1576.7777699765493,5.59375,0.00023200768,1,2048,,1571.6101832389832
adammini-adaptive_stochastic-r8,adammini,adaptive_stochastic,8,1.1B,sdpa,666,1210,2480128,2.2603228092193604,9.586183175657792,nan,nan,nan,nan,6.093371868133545,2.048999786376953,0.009318146854639053,2.048999786376953,1.9860541485249996,1.2059121131896973,1576.8659191300892,6.21875,0.000231207688,1,2048,,1572.821106672287
adammini-adaptive_stochastic-r8,adammini,adaptive_stochastic,8,1.1B,sdpa,666,1211,2482176,2.6822497844696045,14.617943551406903,nan,nan,nan,nan,6.093371868133545,2.048999786376953,0.009318146854639053,2.048999786376953,1.9860541485249996,1.200998067855835,1576.9571666029067,7.375,0.00023040769600000008,1,2048,,1574.0288021564484
adammini-adaptive_stochastic-r8,adammini,adaptive_stochastic,8,1.1B,sdpa,666,1212,2484224,2.59177827835083,13.353496736152287,nan,nan,nan,nan,6.093371868133545,2.048999786376953,0.009318146854639053,2.048999786376953,1.9860541485249996,1.2024388313293457,1577.0515301764844,5.6875,0.00022960770400000006,1,2048,,1575.2332453727722
adammini-adaptive_stochastic-r8,adammini,adaptive_stochastic,8,1.1B,sdpa,666,1213,2486272,2.262816905975342,9.610121884337008,nan,nan,nan,nan,6.093371868133545,2.048999786376953,0.009318146854639053,2.048999786376953,1.9860541485249996,1.1850712299346924,1577.1609612011314,5.65625,0.00022880771200000003,1,2048,,1576.423484325409
adammini-adaptive_stochastic-r8,adammini,adaptive_stochastic,8,1.1B,sdpa,666,1214,2488320,1.974226713180542,7.201049023954237,nan,nan,nan,nan,6.093371868133545,2.048999786376953,0.009318146854639053,2.048999786376953,1.9860541485249996,1.1944117546081543,1577.2560071125972,5.78125,0.00022800772,1,2048,,1577.6274590492249
adammini-adaptive_stochastic-r8,adammini,adaptive_stochastic,8,1.1B,sdpa,666,1215,2490368,1.8251115083694458,6.203486721228023,nan,nan,nan,nan,6.093371868133545,2.048999786376953,0.009318146854639053,2.048999786376953,1.9860541485249996,1.205383539199829,1577.3464698459236,5.625,0.00022720772799999999,1,2048,,1578.83385014534
adammini-adaptive_stochastic-r8,adammini,adaptive_stochastic,8,1.1B,sdpa,666,1216,2492416,1.688267707824707,5.410100707905109,nan,nan,nan,nan,6.093371868133545,2.048999786376953,0.009318146854639053,2.048999786376953,1.9860541485249996,1.205345869064331,1577.4378468155269,6.28125,0.00022640773600000007,1,2048,,1580.0407001972198
adammini-adaptive_stochastic-r8,adammini,adaptive_stochastic,8,1.1B,sdpa,666,1217,2494464,2.17521333694458,8.804063153786842,nan,nan,nan,nan,6.093371868133545,2.048999786376953,0.009318146854639053,2.048999786376953,1.9860541485249996,1.2050070762634277,1577.5279323574457,6.15625,0.00022560774400000005,1,2048,,1581.2497026920319
adammini-adaptive_stochastic-r8,adammini,adaptive_stochastic,8,1.1B,sdpa,666,1218,2496512,2.6993696689605713,14.870355523474105,nan,nan,nan,nan,6.093371868133545,2.048999786376953,0.009318146854639053,2.048999786376953,1.9860541485249996,1.1722068786621094,1577.649076067272,6.09375,0.00022480775200000002,1,2048,,1582.4254188537598
adammini-adaptive_stochastic-r8,adammini,adaptive_stochastic,8,1.1B,sdpa,666,1219,2498560,2.5605528354644775,12.942970671249284,nan,nan,nan,nan,6.093371868133545,2.048999786376953,0.009318146854639053,2.048999786376953,1.9860541485249996,1.1908698081970215,1577.7491642443686,6.46875,0.00022400776,1,2048,,1583.6235947608948
adammini-adaptive_stochastic-r8,adammini,adaptive_stochastic,8,1.1B,sdpa,666,1220,2500608,2.648491144180298,14.132698345559916,nan,nan,nan,nan,6.093371868133545,2.048999786376953,0.009318146854639053,2.048999786376953,1.9860541485249996,1.2029893398284912,1577.8412997895862,8.0625,0.00022320776799999997,1,2048,,1584.8295905590057
adammini-adaptive_stochastic-r8,adammini,adaptive_stochastic,8,1.1B,sdpa,666,1221,2502656,2.249703884124756,9.484926783080418,nan,nan,nan,nan,6.093371868133545,2.048999786376953,0.009318146854639053,2.048999786376953,1.9860541485249996,1.199568748474121,1577.933282703556,5.46875,0.00022240777600000006,1,2048,,1586.0346183776855
adammini-adaptive_stochastic-r8,adammini,adaptive_stochastic,8,1.1B,sdpa,666,1222,2504704,2.218294858932495,9.19164444548124,nan,nan,nan,nan,6.093371868133545,2.048999786376953,0.009318146854639053,2.048999786376953,1.9860541485249996,1.2023115158081055,1578.0241981422946,4.96875,0.00022160778400000003,1,2048,,1587.2405524253845
adammini-adaptive_stochastic-r8,adammini,adaptive_stochastic,8,1.1B,sdpa,666,1223,2506752,2.263760566711426,9.61919485926005,nan,nan,nan,nan,6.093371868133545,2.048999786376953,0.009318146854639053,2.048999786376953,1.9860541485249996,1.2210748195648193,1578.096448370582,5.59375,0.000220807792,1,2048,,1588.4656496047974
adammini-adaptive_stochastic-r8,adammini,adaptive_stochastic,8,1.1B,sdpa,666,1224,2508800,2.3332149982452393,10.311038271506987,nan,nan,nan,nan,6.093371868133545,2.048999786376953,0.009318146854639053,2.048999786376953,1.9860541485249996,1.2099077701568604,1578.1772014008168,4.96875,0.0002200078,1,2048,,1589.6820697784424
adammini-adaptive_stochastic-r8,adammini,adaptive_stochastic,8,1.1B,sdpa,666,1225,2510848,2.200986623764038,9.03392218626183,nan,nan,nan,nan,6.093371868133545,2.048999786376953,0.009318146854639053,2.048999786376953,1.9860541485249996,1.217160940170288,1578.2551123371202,5.5,0.000219207808,1,2048,,1590.9012303352356
adammini-adaptive_stochastic-r8,adammini,adaptive_stochastic,8,1.1B,sdpa,666,1226,2512896,2.5291144847869873,12.542394736390627,nan,nan,nan,nan,6.093371868133545,2.048999786376953,0.009318146854639053,2.048999786376953,1.9860541485249996,1.2173550128936768,1578.3310915936331,5.71875,0.00021840781600000007,1,2048,,1592.1222190856934
adammini-adaptive_stochastic-r8,adammini,adaptive_stochastic,8,1.1B,sdpa,666,1227,2514944,2.816779613494873,16.722909630755698,nan,nan,nan,nan,6.093371868133545,2.048999786376953,0.009318146854639053,2.048999786376953,1.9860541485249996,1.2113697528839111,1578.4118337355835,5.65625,0.00021760782400000005,1,2048,,1593.3382823467255
adammini-adaptive_stochastic-r8,adammini,adaptive_stochastic,8,1.1B,sdpa,666,1228,2516992,1.684937596321106,5.392114434072548,nan,nan,nan,nan,6.093371868133545,2.048999786376953,0.009318146854639053,2.048999786376953,1.9860541485249996,1.203385591506958,1578.5019109257337,4.4375,0.00021680783200000002,1,2048,,1594.5447912216187
adammini-adaptive_stochastic-r8,adammini,adaptive_stochastic,8,1.1B,sdpa,666,1229,2519040,2.1968188285827637,8.996349001962939,nan,nan,nan,nan,6.093371868133545,2.048999786376953,0.009318146854639053,2.048999786376953,1.9860541485249996,1.1996397972106934,1578.593680961727,6.125,0.00021600783999999997,1,2048,,1595.749451160431
adammini-adaptive_stochastic-r8,adammini,adaptive_stochastic,8,1.1B,sdpa,666,1230,2521088,1.9906342029571533,7.320174766968662,nan,nan,nan,nan,6.093371868133545,2.048999786376953,0.009318146854639053,2.048999786376953,1.9860541485249996,1.2059407234191895,1578.6820666130593,5.90625,0.00021520784799999997,1,2048,,1596.9573945999146
adammini-adaptive_stochastic-r8,adammini,adaptive_stochastic,8,1.1B,sdpa,666,1231,2523136,2.171663522720337,8.77286577039038,nan,nan,nan,nan,6.093371868133545,2.048999786376953,0.009318146854639053,2.048999786376953,1.9860541485249996,1.179995059967041,1578.7939718610205,5.71875,0.00021440785600000006,1,2048,,1598.1413946151733
adammini-adaptive_stochastic-r8,adammini,adaptive_stochastic,8,1.1B,sdpa,666,1232,2525184,2.652129888534546,14.18421729717774,nan,nan,nan,nan,6.093371868133545,2.048999786376953,0.009318146854639053,2.048999786376953,1.9860541485249996,1.151883840560913,1578.932648375003,5.25,0.00021360786400000003,1,2048,,1599.2981097698212
adammini-adaptive_stochastic-r8,adammini,adaptive_stochastic,8,1.1B,sdpa,666,1233,2527232,2.1061134338378906,8.216246165002463,nan,nan,nan,nan,6.093371868133545,2.048999786376953,0.009318146854639053,2.048999786376953,1.9860541485249996,1.1441001892089844,1579.0801118000677,5.21875,0.000212807872,1,2048,,1600.4457159042358
adammini-adaptive_stochastic-r8,adammini,adaptive_stochastic,8,1.1B,sdpa,666,1234,2529280,1.5082942247390747,4.519015790814172,nan,nan,nan,nan,6.093371868133545,2.048999786376953,0.009318146854639053,2.048999786376953,1.9860541485249996,1.1479556560516357,1579.2245442444457,4.8125,0.00021200787999999999,1,2048,,1601.5961816310883
adammini-adaptive_stochastic-r8,adammini,adaptive_stochastic,8,1.1B,sdpa,666,1235,2531328,2.2591612339019775,9.575054566503173,nan,nan,nan,nan,6.093371868133545,2.048999786376953,0.009318146854639053,2.048999786376953,1.9860541485249996,1.1584339141845703,1579.356944848375,5.75,0.00021120788800000007,1,2048,,1602.7586469650269
adammini-adaptive_stochastic-r8,adammini,adaptive_stochastic,8,1.1B,sdpa,666,1236,2533376,2.584465265274048,13.25619864463392,nan,nan,nan,nan,6.093371868133545,2.048999786376953,0.009318146854639053,2.048999786376953,1.9860541485249996,1.2017664909362793,1579.4465115263026,5.875,0.00021040789600000004,1,2048,,1603.9644150733948
adammini-adaptive_stochastic-r8,adammini,adaptive_stochastic,8,1.1B,sdpa,666,1237,2535424,2.4973347187042236,12.150067419536697,nan,nan,nan,nan,6.093371868133545,2.048999786376953,0.009318146854639053,2.048999786376953,1.9860541485249996,1.1460537910461426,1579.5912502157232,5.90625,0.00020960790400000005,1,2048,,1605.1139810085297
adammini-adaptive_stochastic-r8,adammini,adaptive_stochastic,8,1.1B,sdpa,666,1238,2537472,2.6503818035125732,14.159443738823876,nan,nan,nan,nan,6.093371868133545,2.048999786376953,0.009318146854639053,2.048999786376953,1.9860541485249996,1.1663661003112793,1579.71370799538,6.03125,0.00020880791200000002,1,2048,,1606.2859916687012
adammini-adaptive_stochastic-r8,adammini,adaptive_stochastic,8,1.1B,sdpa,666,1239,2539520,2.4454128742218018,11.535311248444964,nan,nan,nan,nan,6.093371868133545,2.048999786376953,0.009318146854639053,2.048999786376953,1.9860541485249996,1.1509370803833008,1579.8527608316538,5.09375,0.00020800792,1,2048,,1607.4409356117249
adammini-adaptive_stochastic-r8,adammini,adaptive_stochastic,8,1.1B,sdpa,666,1240,2541568,2.798196792602539,16.415020381680712,nan,nan,nan,nan,6.093371868133545,2.048999786376953,0.009318146854639053,2.048999786376953,1.9860541485249996,1.1481497287750244,1579.9948482455052,5.125,0.00020720792800000008,1,2048,,1608.5925867557526
adammini-adaptive_stochastic-r8,adammini,adaptive_stochastic,8,1.1B,sdpa,666,1241,2543616,1.718064785003662,5.573731651491075,nan,nan,nan,nan,6.093371868133545,2.048999786376953,0.009318146854639053,2.048999786376953,1.9860541485249996,1.147902488708496,1580.1369581958888,6.03125,0.00020640793600000006,1,2048,,1609.745004415512
adammini-adaptive_stochastic-r8,adammini,adaptive_stochastic,8,1.1B,sdpa,666,1242,2545664,2.1105329990386963,8.252638761123569,nan,nan,nan,nan,6.093371868133545,2.048999786376953,0.009318146854639053,2.048999786376953,1.9860541485249996,1.1530907154083252,1580.2732227192066,6.09375,0.000205607944,1,2048,,1610.9011805057526
adammini-adaptive_stochastic-r8,adammini,adaptive_stochastic,8,1.1B,sdpa,666,1243,2547712,1.8421019315719604,6.309787072761505,nan,nan,nan,nan,6.093371868133545,2.048999786376953,0.009318146854639053,2.048999786376953,1.9860541485249996,1.149080753326416,1580.4141624914578,7.03125,0.00020480795199999998,1,2048,,1612.0533847808838
adammini-adaptive_stochastic-r8,adammini,adaptive_stochastic,8,1.1B,sdpa,666,1244,2549760,2.6183741092681885,13.713408944905309,nan,nan,nan,nan,6.093371868133545,2.048999786376953,0.009318146854639053,2.048999786376953,1.9860541485249996,1.2016899585723877,1580.5014919179887,6.25,0.00020400795999999999,1,2048,,1613.260103225708
adammini-adaptive_stochastic-r8,adammini,adaptive_stochastic,8,1.1B,sdpa,666,1245,2551808,2.54970645904541,12.803344924909474,nan,nan,nan,nan,6.093371868133545,2.048999786376953,0.009318146854639053,2.048999786376953,1.9860541485249996,1.205338716506958,1580.5874999119665,6.46875,0.00020320796800000007,1,2048,,1614.4680380821228
adammini-adaptive_stochastic-r8,adammini,adaptive_stochastic,8,1.1B,sdpa,666,1246,2553856,2.6797869205474854,14.581985843265336,nan,nan,nan,nan,6.093371868133545,2.048999786376953,0.009318146854639053,2.048999786376953,1.9860541485249996,1.1600193977355957,1580.7173238288426,6.75,0.00020240797600000005,1,2048,,1615.6320576667786
adammini-adaptive_stochastic-r8,adammini,adaptive_stochastic,8,1.1B,sdpa,666,1247,2555904,2.6812024116516113,14.602641129745333,nan,nan,nan,nan,6.093371868133545,2.048999786376953,0.009318146854639053,2.048999786376953,1.9860541485249996,1.1528141498565674,1580.8535118387529,6.84375,0.00020160798400000002,1,2048,,1616.7873752117157
adammini-adaptive_stochastic-r8,adammini,adaptive_stochastic,8,1.1B,sdpa,666,1248,2557952,2.2711734771728516,9.690766037085716,nan,nan,nan,nan,6.093371868133545,2.048999786376953,0.009318146854639053,2.048999786376953,1.9860541485249996,1.1467812061309814,1580.9954022215952,5.8125,0.000200807992,1,2048,,1617.9376590251923
adammini-adaptive_stochastic-r8,adammini,adaptive_stochastic,8,1.1B,sdpa,666,1249,2560000,2.64888858795166,14.138316414849271,nan,nan,nan,nan,6.093371868133545,2.048999786376953,0.009318146854639053,2.048999786376953,1.9860541485249996,1.1914212703704834,1581.090726559129,7.1875,0.00020000799999999997,1,2048,,1619.135421514511
adammini-adaptive_stochastic-r8,adammini,adaptive_stochastic,8,1.1B,sdpa,666,1250,2562048,2.5058138370513916,12.25352728347123,nan,nan,nan,nan,6.093371868133545,2.048999786376953,0.009318146854639053,2.048999786376953,1.9860541485249996,1.2315621376037598,1581.1514598283154,5.46875,0.00019920800800000008,1,2048,,1620.3689904212952
adammini-adaptive_stochastic-r8,adammini,adaptive_stochastic,8,1.1B,sdpa,666,1251,2564096,2.3836758136749268,10.84469275895277,nan,nan,nan,nan,6.093371868133545,2.048999786376953,0.009318146854639053,2.048999786376953,1.9860541485249996,1.2430429458618164,1581.1979786148856,6.09375,0.00019840801600000006,1,2048,,1621.6160371303558
adammini-adaptive_stochastic-r8,adammini,adaptive_stochastic,8,1.1B,sdpa,666,1252,2566144,2.203369379043579,9.055473477576193,nan,nan,nan,nan,6.093371868133545,2.048999786376953,0.009318146854639053,2.048999786376953,1.9860541485249996,1.2398169040679932,1581.246417659211,5.78125,0.00019760802400000004,1,2048,,1622.861542224884
adammini-adaptive_stochastic-r8,adammini,adaptive_stochastic,8,1.1B,sdpa,666,1253,2568192,2.513735771179199,12.350984434332558,nan,nan,nan,nan,6.093371868133545,2.048999786376953,0.009318146854639053,2.048999786376953,1.9860541485249996,1.2318000793457031,1581.3046056738924,5.75,0.000196808032,1,2048,,1624.0974745750427
adammini-adaptive_stochastic-r8,adammini,adaptive_stochastic,8,1.1B,sdpa,666,1254,2570240,2.730238676071167,15.33654704990417,nan,nan,nan,nan,6.093371868133545,2.048999786376953,0.009318146854639053,2.048999786376953,1.9860541485249996,1.248495101928711,1581.3448526570169,6.65625,0.00019600803999999996,1,2048,,1625.3507232666016
adammini-adaptive_stochastic-r8,adammini,adaptive_stochastic,8,1.1B,sdpa,666,1255,2572288,2.314849615097046,10.123400397677713,nan,nan,nan,nan,6.093371868133545,2.048999786376953,0.009318146854639053,2.048999786376953,1.9860541485249996,1.1991355419158936,1581.4334765863346,5.71875,0.00019520804800000004,1,2048,,1626.5551846027374
adammini-adaptive_stochastic-r8,adammini,adaptive_stochastic,8,1.1B,sdpa,666,1256,2574336,2.2480320930480957,9.469083214380158,nan,nan,nan,nan,6.093371868133545,2.048999786376953,0.009318146854639053,2.048999786376953,1.9860541485249996,1.2480201721191406,1581.4741037112296,5.3125,0.00019440805600000002,1,2048,,1627.807874917984
adammini-adaptive_stochastic-r8,adammini,adaptive_stochastic,8,1.1B,sdpa,666,1257,2576384,2.4223310947418213,11.272105057168998,nan,nan,nan,nan,6.093371868133545,2.048999786376953,0.009318146854639053,2.048999786376953,1.9860541485249996,1.2365813255310059,1581.526363857483,5.625,0.00019360806400000002,1,2048,,1629.050036907196
adammini-adaptive_stochastic-r8,adammini,adaptive_stochastic,8,1.1B,sdpa,666,1258,2578432,2.0720748901367188,7.9412833258282145,nan,nan,nan,nan,6.093371868133545,2.048999786376953,0.009318146854639053,2.048999786376953,1.9860541485249996,1.2073099613189697,1581.6055196517088,5.4375,0.000192808072,1,2048,,1630.2623934745789
adammini-adaptive_stochastic-r8,adammini,adaptive_stochastic,8,1.1B,sdpa,666,1259,2580480,2.856990337371826,17.409052636108296,nan,nan,nan,nan,6.093371868133545,2.048999786376953,0.009318146854639053,2.048999786376953,1.9860541485249996,1.2464938163757324,1581.6489001949988,5.6875,0.00019200807999999997,1,2048,,1631.5130565166473
adammini-adaptive_stochastic-r8,adammini,adaptive_stochastic,8,1.1B,sdpa,666,1260,2582528,2.6886777877807617,14.712210390147584,nan,nan,nan,nan,6.093371868133545,2.048999786376953,0.009318146854639053,2.048999786376953,1.9860541485249996,1.2584269046783447,1581.6705772367764,6.125,0.00019120808800000006,1,2048,,1632.785517692566
adammini-adaptive_stochastic-r8,adammini,adaptive_stochastic,8,1.1B,sdpa,666,1261,2584576,2.724947214126587,15.255608624979345,nan,nan,nan,nan,6.093371868133545,2.048999786376953,0.009318146854639053,2.048999786376953,1.9860541485249996,1.233752965927124,1581.7282188100974,6.0,0.00019040809600000003,1,2048,,1634.0202882289886
adammini-adaptive_stochastic-r8,adammini,adaptive_stochastic,8,1.1B,sdpa,666,1262,2586624,2.593677520751953,13.378882362455018,nan,nan,nan,nan,6.093371868133545,2.048999786376953,0.009318146854639053,2.048999786376953,1.9860541485249996,1.2945075035095215,1581.726554593906,5.6875,0.000189608104,1,2048,,1635.3167951107025
adammini-adaptive_stochastic-r8,adammini,adaptive_stochastic,8,1.1B,sdpa,666,1263,2588672,2.6839828491210938,14.643299357932936,nan,nan,nan,nan,6.093371868133545,2.048999786376953,0.009318146854639053,2.048999786376953,1.9860541485249996,1.375864028930664,1581.646185281251,6.1875,0.000188808112,1,2048,,1636.6947450637817
adammini-adaptive_stochastic-r8,adammini,adaptive_stochastic,8,1.1B,sdpa,666,1264,2590720,2.3376498222351074,10.356867458470076,nan,nan,nan,nan,6.093371868133545,2.048999786376953,0.009318146854639053,2.048999786376953,1.9860541485249996,1.407151460647583,1581.5300205375572,6.0,0.00018800812,1,2048,,1638.10991024971
adammini-adaptive_stochastic-r8,adammini,adaptive_stochastic,8,1.1B,sdpa,666,1265,2592768,2.2078256607055664,9.095917265500953,nan,nan,nan,nan,6.093371868133545,2.048999786376953,0.009318146854639053,2.048999786376953,1.9860541485249996,1.3849010467529297,1581.442284040595,5.03125,0.00018720812800000007,1,2048,,1639.4958109855652
adammini-adaptive_stochastic-r8,adammini,adaptive_stochastic,8,1.1B,sdpa,666,1266,2594816,2.960618734359741,19.309915768405745,nan,nan,nan,nan,6.093371868133545,2.048999786376953,0.009318146854639053,2.048999786376953,1.9860541485249996,1.3849146366119385,1581.3521561127616,5.6875,0.00018640813600000002,1,2048,,1640.884346961975
adammini-adaptive_stochastic-r8,adammini,adaptive_stochastic,8,1.1B,sdpa,666,1267,2596864,2.7100093364715576,15.029415835933829,nan,nan,nan,nan,6.093371868133545,2.048999786376953,0.009318146854639053,2.048999786376953,1.9860541485249996,1.371821403503418,1581.2729629283967,5.8125,0.000185608144,1,2048,,1642.2622003555298
adammini-adaptive_stochastic-r8,adammini,adaptive_stochastic,8,1.1B,sdpa,666,1268,2598912,2.622232675552368,13.766425260006352,nan,nan,nan,nan,6.093371868133545,2.048999786376953,0.009318146854639053,2.048999786376953,1.9860541485249996,1.368112325668335,1581.1992358083571,5.59375,0.00018480815199999997,1,2048,,1643.6334784030914
adammini-adaptive_stochastic-r8,adammini,adaptive_stochastic,8,1.1B,sdpa,666,1269,2600960,2.3929996490478516,10.946279743120353,nan,nan,nan,nan,6.093371868133545,2.048999786376953,0.009318146854639053,2.048999786376953,1.9860541485249996,1.3850982189178467,1581.1093392181529,5.5,0.00018400816000000006,1,2048,,1645.022222995758
adammini-adaptive_stochastic-r8,adammini,adaptive_stochastic,8,1.1B,sdpa,666,1270,2603008,2.1308438777923584,8.421970927749364,nan,nan,nan,nan,6.093371868133545,2.048999786376953,0.009318146854639053,2.048999786376953,1.9860541485249996,1.3718955516815186,1581.0328897029488,5.25,0.00018320816800000006,1,2048,,1646.3971223831177
adammini-adaptive_stochastic-r8,adammini,adaptive_stochastic,8,1.1B,sdpa,666,1271,2605056,2.1139445304870605,8.280840976809266,nan,nan,nan,nan,6.093371868133545,2.048999786376953,0.009318146854639053,2.048999786376953,1.9860541485249996,1.3632233142852783,1580.959603983764,5.5,0.00018240817600000003,1,2048,,1647.7688572406769
adammini-adaptive_stochastic-r8,adammini,adaptive_stochastic,8,1.1B,sdpa,666,1272,2607104,2.681729555130005,14.610340846033512,nan,nan,nan,nan,6.093371868133545,2.048999786376953,0.009318146854639053,2.048999786376953,1.9860541485249996,1.3644530773162842,1580.8924622936158,7.40625,0.000181608184,1,2048,,1649.1343100070953
adammini-adaptive_stochastic-r8,adammini,adaptive_stochastic,8,1.1B,sdpa,666,1273,2609152,2.483018398284912,11.977362361466632,nan,nan,nan,nan,6.093371868133545,2.048999786376953,0.009318146854639053,2.048999786376953,1.9860541485249996,1.362684965133667,1580.827125855474,6.53125,0.00018080819199999999,1,2048,,1650.4979939460754
adammini-adaptive_stochastic-r8,adammini,adaptive_stochastic,8,1.1B,sdpa,666,1274,2611200,2.7389869689941406,15.471304244185792,nan,nan,nan,nan,6.093371868133545,2.048999786376953,0.009318146854639053,2.048999786376953,1.9860541485249996,1.3733255863189697,1580.7402498715464,5.5,0.00018000820000000007,1,2048,,1651.8842992782593
adammini-adaptive_stochastic-r8,adammini,adaptive_stochastic,8,1.1B,sdpa,666,1275,2613248,2.2503483295440674,9.491041270713435,nan,nan,nan,nan,6.093371868133545,2.048999786376953,0.009318146854639053,2.048999786376953,1.9860541485249996,1.37111496925354,1580.6670850202713,4.84375,0.00017920820800000005,1,2048,,1653.2564160823822
adammini-adaptive_stochastic-r8,adammini,adaptive_stochastic,8,1.1B,sdpa,666,1276,2615296,2.6932671070098877,14.779884590670305,nan,nan,nan,nan,6.093371868133545,2.048999786376953,0.009318146854639053,2.048999786376953,1.9860541485249996,1.370790958404541,1580.5943503444817,5.1875,0.00017840821600000002,1,2048,,1654.6282095909119
adammini-adaptive_stochastic-r8,adammini,adaptive_stochastic,8,1.1B,sdpa,666,1277,2617344,2.7012088298797607,14.897729665217062,nan,nan,nan,nan,6.093371868133545,2.048999786376953,0.009318146854639053,2.048999786376953,1.9860541485249996,1.3603425025939941,1580.5317116501053,5.34375,0.00017760822400000002,1,2048,,1655.9895513057709
adammini-adaptive_stochastic-r8,adammini,adaptive_stochastic,8,1.1B,sdpa,666,1278,2619392,2.9226021766662598,18.589597994349457,nan,nan,nan,nan,6.093371868133545,2.048999786376953,0.009318146854639053,2.048999786376953,1.9860541485249996,1.3682570457458496,1580.4606738236532,5.75,0.00017680823199999997,1,2048,,1657.3598086833954
adammini-adaptive_stochastic-r8,adammini,adaptive_stochastic,8,1.1B,sdpa,666,1279,2621440,2.817628860473633,16.73711754339521,nan,nan,nan,nan,6.093371868133545,2.048999786376953,0.009318146854639053,2.048999786376953,1.9860541485249996,1.3653302192687988,1580.3915876695169,5.59375,0.00017600824000000006,1,2048,,1658.7281408309937
adammini-adaptive_stochastic-r8,adammini,adaptive_stochastic,8,1.1B,sdpa,666,1280,2623488,1.4532749652862549,4.2770989539941215,nan,nan,nan,nan,6.093371868133545,2.048999786376953,0.009318146854639053,2.048999786376953,1.9860541485249996,1.3645665645599365,1580.3232661030922,6.15625,0.00017520824800000003,1,2048,,1660.0957894325256
adammini-adaptive_stochastic-r8,adammini,adaptive_stochastic,8,1.1B,sdpa,666,1281,2625536,2.6115708351135254,13.620429505193263,nan,nan,nan,nan,6.093371868133545,2.048999786376953,0.009318146854639053,2.048999786376953,1.9860541485249996,1.3704380989074707,1580.2481182563977,5.40625,0.000174408256,1,2048,,1661.4707334041595
adammini-adaptive_stochastic-r8,adammini,adaptive_stochastic,8,1.1B,sdpa,666,1282,2627584,1.3849822282791138,3.9947549105165105,nan,nan,nan,nan,6.093371868133545,2.048999786376953,0.009318146854639053,2.048999786376953,1.9860541485249996,1.363447666168213,1580.1830701766826,5.65625,0.00017360826399999998,1,2048,,1662.8351800441742
adammini-adaptive_stochastic-r8,adammini,adaptive_stochastic,8,1.1B,sdpa,666,1283,2629632,2.561697483062744,12.957794293836047,nan,nan,nan,nan,6.093371868133545,2.048999786376953,0.009318146854639053,2.048999786376953,1.9860541485249996,1.3662176132202148,1580.1134179566177,5.75,0.000172808272,1,2048,,1664.20458817482
adammini-adaptive_stochastic-r8,adammini,adaptive_stochastic,8,1.1B,sdpa,666,1284,2631680,3.016576051712036,20.421250538170497,nan,nan,nan,nan,6.093371868133545,2.048999786376953,0.009318146854639053,2.048999786376953,1.9860541485249996,1.3678689002990723,1580.0405794739495,5.9375,0.00017200828000000007,1,2048,,1665.577475786209
adammini-adaptive_stochastic-r8,adammini,adaptive_stochastic,8,1.1B,sdpa,666,1285,2633728,2.5274770259857178,12.521873887348129,nan,nan,nan,nan,6.093371868133545,2.048999786376953,0.009318146854639053,2.048999786376953,1.9860541485249996,1.3690786361694336,1579.9676767978747,5.21875,0.00017120828800000005,1,2048,,1666.9505577087402
adammini-adaptive_stochastic-r8,adammini,adaptive_stochastic,8,1.1B,sdpa,666,1286,2635776,2.2764673233032227,9.742203492230905,nan,nan,nan,nan,6.093371868133545,2.048999786376953,0.009318146854639053,2.048999786376953,1.9860541485249996,1.3327538967132568,1579.9292989776757,5.09375,0.00017040829600000002,1,2048,,1668.287309885025
adammini-adaptive_stochastic-r8,adammini,adaptive_stochastic,8,1.1B,sdpa,666,1287,2637824,2.1781420707702637,8.829885706583008,nan,nan,nan,nan,6.093371868133545,2.048999786376953,0.009318146854639053,2.048999786376953,1.9860541485249996,1.2807896137237549,1579.9392032933965,5.15625,0.000169608304,1,2048,,1669.5731041431427
adammini-adaptive_stochastic-r8,adammini,adaptive_stochastic,8,1.1B,sdpa,666,1288,2639872,2.1995222568511963,9.020702890830757,nan,nan,nan,nan,6.093371868133545,2.048999786376953,0.009318146854639053,2.048999786376953,1.9860541485249996,1.1458396911621094,1580.0779020048856,4.90625,0.00016880831199999997,1,2048,,1670.7226881980896
adammini-adaptive_stochastic-r8,adammini,adaptive_stochastic,8,1.1B,sdpa,666,1289,2641920,2.3881330490112305,10.89313799242771,nan,nan,nan,nan,6.093371868133545,2.048999786376953,0.009318146854639053,2.048999786376953,1.9860541485249996,1.1442065238952637,1580.216641409485,5.78125,0.00016800832000000006,1,2048,,1671.8720273971558
adammini-adaptive_stochastic-r8,adammini,adaptive_stochastic,8,1.1B,sdpa,666,1290,2643968,2.3659095764160156,10.653724788587208,nan,nan,nan,nan,6.093371868133545,2.048999786376953,0.009318146854639053,2.048999786376953,1.9860541485249996,1.1470715999603271,1580.3540179581187,5.09375,0.00016720832800000006,1,2048,,1673.0232121944427
adammini-adaptive_stochastic-r8,adammini,adaptive_stochastic,8,1.1B,sdpa,666,1291,2646016,2.1830673217773438,8.873482384210952,nan,nan,nan,nan,6.093371868133545,2.048999786376953,0.009318146854639053,2.048999786376953,1.9860541485249996,1.144761323928833,1580.4893247127338,5.5625,0.000166408336,1,2048,,1674.175180196762
adammini-adaptive_stochastic-r8,adammini,adaptive_stochastic,8,1.1B,sdpa,666,1292,2648064,2.0804483890533447,8.008058835315857,nan,nan,nan,nan,6.093371868133545,2.048999786376953,0.009318146854639053,2.048999786376953,1.9860541485249996,1.1378483772277832,1580.6373932402444,5.09375,0.00016560834399999998,1,2048,,1675.3140292167664
adammini-adaptive_stochastic-r8,adammini,adaptive_stochastic,8,1.1B,sdpa,666,1293,2650112,1.7903980016708374,5.991836752915673,nan,nan,nan,nan,6.093371868133545,2.048999786376953,0.009318146854639053,2.048999786376953,1.9860541485249996,1.1396336555480957,1580.778118540504,5.40625,0.00016480835199999996,1,2048,,1676.46045255661
adammini-adaptive_stochastic-r8,adammini,adaptive_stochastic,8,1.1B,sdpa,666,1294,2652160,2.0330700874328613,7.637498189417404,nan,nan,nan,nan,6.093371868133545,2.048999786376953,0.009318146854639053,2.048999786376953,1.9860541485249996,1.1392498016357422,1580.9221061538517,5.03125,0.00016400836000000004,1,2048,,1677.6032099723816
adammini-adaptive_stochastic-r8,adammini,adaptive_stochastic,8,1.1B,sdpa,666,1295,2654208,2.5871200561523438,13.291437835520938,nan,nan,nan,nan,6.093371868133545,2.048999786376953,0.009318146854639053,2.048999786376953,1.9860541485249996,1.138101577758789,1581.0648578651821,6.375,0.00016320836800000002,1,2048,,1678.747071504593
adammini-adaptive_stochastic-r8,adammini,adaptive_stochastic,8,1.1B,sdpa,666,1296,2656256,2.5654311180114746,13.006264395997462,nan,nan,nan,nan,6.093371868133545,2.048999786376953,0.009318146854639053,2.048999786376953,1.9860541485249996,1.1416621208190918,1581.2080639511983,6.1875,0.000162408376,1,2048,,1679.890243768692
adammini-adaptive_stochastic-r8,adammini,adaptive_stochastic,8,1.1B,sdpa,666,1297,2658304,2.0130629539489746,7.486212189685183,nan,nan,nan,nan,6.093371868133545,2.048999786376953,0.009318146854639053,2.048999786376953,1.9860541485249996,1.1424241065979004,1581.3484256164593,5.375,0.000161608384,1,2048,,1681.0362327098846
adammini-adaptive_stochastic-r8,adammini,adaptive_stochastic,8,1.1B,sdpa,666,1298,2660352,2.405334234237671,11.082133691755041,nan,nan,nan,nan,6.093371868133545,2.048999786376953,0.009318146854639053,2.048999786376953,1.9860541485249996,1.141563892364502,1581.4871402045032,5.46875,0.00016080839200000008,1,2048,,1682.1837701797485
adammini-adaptive_stochastic-r8,adammini,adaptive_stochastic,8,1.1B,sdpa,666,1299,2662400,2.5425655841827393,12.712243500035207,nan,nan,nan,nan,6.093371868133545,2.048999786376953,0.009318146854639053,2.048999786376953,1.9860541485249996,1.1428515911102295,1581.6261186227787,5.15625,0.00016000840000000006,1,2048,,1683.3308255672455
adammini-adaptive_stochastic-r8,adammini,adaptive_stochastic,8,1.1B,sdpa,666,1300,2664448,2.3578951358795166,10.568682383623576,2.2388071679089165,9.382133300427828,2.2388071679089165,9.382133300427828,6.093371868133545,2.048999786376953,0.009318146854639053,2.048999786376953,1.9860541485249996,1.1401374340057373,1581.7676279202442,5.6875,0.00015920840800000003,1,2048,,1685.839767217636
adammini-adaptive_stochastic-r8,adammini,adaptive_stochastic,8,1.1B,sdpa,666,1301,2666496,2.1103010177612305,8.2507245254833,nan,nan,nan,nan,6.093371868133545,2.048999786376953,0.009318146854639053,2.048999786376953,1.9860541485249996,1.140815258026123,1580.6294701084782,5.1875,0.000158408416,1,2048,,1686.9836039543152
adammini-adaptive_stochastic-r8,adammini,adaptive_stochastic,8,1.1B,sdpa,666,1302,2668544,2.132333517074585,8.434525975401531,nan,nan,nan,nan,6.093371868133545,2.048999786376953,0.009318146854639053,2.048999786376953,1.9860541485249996,1.1400485038757324,1580.7719088541476,5.0625,0.00015760842399999999,1,2048,,1688.127164363861
adammini-adaptive_stochastic-r8,adammini,adaptive_stochastic,8,1.1B,sdpa,666,1303,2670592,2.341221332550049,10.393923250611085,nan,nan,nan,nan,6.093371868133545,2.048999786376953,0.009318146854639053,2.048999786376953,1.9860541485249996,1.1403839588165283,1580.9128037270482,5.71875,0.0001568084320000001,1,2048,,1689.2721683979034
adammini-adaptive_stochastic-r8,adammini,adaptive_stochastic,8,1.1B,sdpa,666,1304,2672640,2.330429792404175,10.282359863659359,nan,nan,nan,nan,6.093371868133545,2.048999786376953,0.009318146854639053,2.048999786376953,1.9860541485249996,1.145698070526123,1581.0481529979438,5.4375,0.00015600844000000005,1,2048,,1690.4228975772858
adammini-adaptive_stochastic-r8,adammini,adaptive_stochastic,8,1.1B,sdpa,666,1305,2674688,2.344484567642212,10.427896466855897,nan,nan,nan,nan,6.093371868133545,2.048999786376953,0.009318146854639053,2.048999786376953,1.9860541485249996,1.1439199447631836,1581.185916890828,6.5,0.00015520844800000002,1,2048,,1691.5708465576172
adammini-adaptive_stochastic-r8,adammini,adaptive_stochastic,8,1.1B,sdpa,666,1306,2676736,1.9919030666351318,7.329468966135809,nan,nan,nan,nan,6.093371868133545,2.048999786376953,0.009318146854639053,2.048999786376953,1.9860541485249996,1.144111156463623,1581.324141624436,7.34375,0.000154408456,1,2048,,1692.7181022167206
adammini-adaptive_stochastic-r8,adammini,adaptive_stochastic,8,1.1B,sdpa,666,1307,2678784,2.310885429382324,10.083348796878823,nan,nan,nan,nan,6.093371868133545,2.048999786376953,0.009318146854639053,2.048999786376953,1.9860541485249996,1.1406910419464111,1581.465496939402,5.3125,0.00015360846399999997,1,2048,,1693.8618042469025
adammini-adaptive_stochastic-r8,adammini,adaptive_stochastic,8,1.1B,sdpa,666,1308,2680832,2.4940102100372314,12.109741484198059,nan,nan,nan,nan,6.093371868133545,2.048999786376953,0.009318146854639053,2.048999786376953,1.9860541485249996,1.1401424407958984,1581.5904490871783,5.53125,0.00015280847200000006,1,2048,,1695.022881269455
adammini-adaptive_stochastic-r8,adammini,adaptive_stochastic,8,1.1B,sdpa,666,1309,2682880,1.7232000827789307,5.602428042433844,nan,nan,nan,nan,6.093371868133545,2.048999786376953,0.009318146854639053,2.048999786376953,1.9860541485249996,1.1382503509521484,1581.7353391628642,5.75,0.00015200848000000003,1,2048,,1696.162394285202
adammini-adaptive_stochastic-r8,adammini,adaptive_stochastic,8,1.1B,sdpa,666,1310,2684928,1.6796965599060059,5.363928093307956,nan,nan,nan,nan,6.093371868133545,2.048999786376953,0.009318146854639053,2.048999786376953,1.9860541485249996,1.1405291557312012,1581.878195720165,6.1875,0.00015120848800000004,1,2048,,1697.3038804531097
adammini-adaptive_stochastic-r8,adammini,adaptive_stochastic,8,1.1B,sdpa,666,1311,2686976,1.9347405433654785,6.922247799245752,nan,nan,nan,nan,6.093371868133545,2.048999786376953,0.009318146854639053,2.048999786376953,1.9860541485249996,1.139589548110962,1582.0216959269203,6.0625,0.000150408496,1,2048,,1698.4444694519043
adammini-adaptive_stochastic-r8,adammini,adaptive_stochastic,8,1.1B,sdpa,666,1312,2689024,1.8821465969085693,6.567587705154538,nan,nan,nan,nan,6.093371868133545,2.048999786376953,0.009318146854639053,2.048999786376953,1.9860541485249996,1.1415095329284668,1582.1630710393554,6.625,0.000149608504,1,2048,,1699.587134361267
adammini-adaptive_stochastic-r8,adammini,adaptive_stochastic,8,1.1B,sdpa,666,1313,2691072,1.9261724948883057,6.863191006548824,nan,nan,nan,nan,6.093371868133545,2.048999786376953,0.009318146854639053,2.048999786376953,1.9860541485249996,1.1428987979888916,1582.3031109409399,6.34375,0.00014880851200000007,1,2048,,1700.7310302257538
adammini-adaptive_stochastic-r8,adammini,adaptive_stochastic,8,1.1B,sdpa,666,1314,2693120,1.7196632623672485,5.5826482599665015,nan,nan,nan,nan,6.093371868133545,2.048999786376953,0.009318146854639053,2.048999786376953,1.9860541485249996,1.1453113555908203,1582.4397833810358,7.15625,0.00014800852000000005,1,2048,,1701.8783452510834
adammini-adaptive_stochastic-r8,adammini,adaptive_stochastic,8,1.1B,sdpa,666,1315,2695168,1.8106576204299927,6.114467108864315,nan,nan,nan,nan,6.093371868133545,2.048999786376953,0.009318146854639053,2.048999786376953,1.9860541485249996,1.141129732131958,1582.5810836606445,6.78125,0.000147208528,1,2048,,1703.0204820632935
adammini-adaptive_stochastic-r8,adammini,adaptive_stochastic,8,1.1B,sdpa,666,1316,2697216,2.022568464279175,7.557711738478766,nan,nan,nan,nan,6.093371868133545,2.048999786376953,0.009318146854639053,2.048999786376953,1.9860541485249996,1.1432766914367676,1582.7179825361952,6.46875,0.00014640853599999997,1,2048,,1704.1671540737152
adammini-adaptive_stochastic-r8,adammini,adaptive_stochastic,8,1.1B,sdpa,666,1317,2699264,1.8449093103408813,6.327525923211513,nan,nan,nan,nan,6.093371868133545,2.048999786376953,0.009318146854639053,2.048999786376953,1.9860541485249996,1.139875888824463,1582.8574987191885,5.28125,0.00014560854399999997,1,2048,,1705.3108079433441
adammini-adaptive_stochastic-r8,adammini,adaptive_stochastic,8,1.1B,sdpa,666,1318,2701312,2.151352643966675,8.596478511260473,nan,nan,nan,nan,6.093371868133545,2.048999786376953,0.009318146854639053,2.048999786376953,1.9860541485249996,1.1419939994812012,1582.9951191421358,5.5,0.00014480855200000006,1,2048,,1706.4563038349152
adammini-adaptive_stochastic-r8,adammini,adaptive_stochastic,8,1.1B,sdpa,666,1319,2703360,2.3845133781433105,10.853779693193612,nan,nan,nan,nan,6.093371868133545,2.048999786376953,0.009318146854639053,2.048999786376953,1.9860541485249996,1.1411070823669434,1583.130104924623,6.40625,0.00014400856000000003,1,2048,,1707.604442358017
adammini-adaptive_stochastic-r8,adammini,adaptive_stochastic,8,1.1B,sdpa,666,1320,2705408,2.416905641555786,11.21111437951419,nan,nan,nan,nan,6.093371868133545,2.048999786376953,0.009318146854639053,2.048999786376953,1.9860541485249996,1.144639253616333,1583.266757882149,4.75,0.000143208568,1,2048,,1708.7505857944489
adammini-adaptive_stochastic-r8,adammini,adaptive_stochastic,8,1.1B,sdpa,666,1321,2707456,2.5028412342071533,12.217156498148514,nan,nan,nan,nan,6.093371868133545,2.048999786376953,0.009318146854639053,2.048999786376953,1.9860541485249996,1.1492209434509277,1583.3965867982608,5.5,0.00014240857599999998,1,2048,,1709.9039006233215
adammini-adaptive_stochastic-r8,adammini,adaptive_stochastic,8,1.1B,sdpa,666,1322,2709504,2.3193416595458984,10.168977452676513,nan,nan,nan,nan,6.093371868133545,2.048999786376953,0.009318146854639053,2.048999786376953,1.9860541485249996,1.1506881713867188,1583.5253287561377,6.5625,0.00014160858399999996,1,2048,,1711.0582008361816
adammini-adaptive_stochastic-r8,adammini,adaptive_stochastic,8,1.1B,sdpa,666,1323,2711552,1.8253976106643677,6.205261806931422,nan,nan,nan,nan,6.093371868133545,2.048999786376953,0.009318146854639053,2.048999786376953,1.9860541485249996,1.1544849872589111,1583.6490861176505,6.21875,0.00014080859200000007,1,2048,,1712.217702627182
adammini-adaptive_stochastic-r8,adammini,adaptive_stochastic,8,1.1B,sdpa,666,1324,2713600,1.917927861213684,6.806839130353693,nan,nan,nan,nan,6.093371868133545,2.048999786376953,0.009318146854639053,2.048999786376953,1.9860541485249996,1.1483094692230225,1583.7806490679372,5.84375,0.00014000860000000005,1,2048,,1713.3685789108276
adammini-adaptive_stochastic-r8,adammini,adaptive_stochastic,8,1.1B,sdpa,666,1325,2715648,1.9791101217269897,7.236300692394829,nan,nan,nan,nan,6.093371868133545,2.048999786376953,0.009318146854639053,2.048999786376953,1.9860541485249996,1.149310827255249,1583.9093123677344,6.96875,0.00013920860800000002,1,2048,,1714.5234067440033
adammini-adaptive_stochastic-r8,adammini,adaptive_stochastic,8,1.1B,sdpa,666,1326,2717696,2.252054452896118,9.507247979251341,nan,nan,nan,nan,6.093371868133545,2.048999786376953,0.009318146854639053,2.048999786376953,1.9860541485249996,1.1441195011138916,1584.044912475243,5.34375,0.000138408616,1,2048,,1715.6685259342194
adammini-adaptive_stochastic-r8,adammini,adaptive_stochastic,8,1.1B,sdpa,666,1327,2719744,2.0737392902374268,7.954511804282085,nan,nan,nan,nan,6.093371868133545,2.048999786376953,0.009318146854639053,2.048999786376953,1.9860541485249996,1.1458189487457275,1584.17071344194,5.625,0.00013760862399999995,1,2048,,1716.8250725269318
adammini-adaptive_stochastic-r8,adammini,adaptive_stochastic,8,1.1B,sdpa,666,1328,2721792,3.3562965393066406,28.68276842974456,nan,nan,nan,nan,6.093371868133545,2.048999786376953,0.009318146854639053,2.048999786376953,1.9860541485249996,1.148437261581421,1584.3029018999066,7.4375,0.00013680863200000003,1,2048,,1717.9745090007782
adammini-adaptive_stochastic-r8,adammini,adaptive_stochastic,8,1.1B,sdpa,666,1329,2723840,3.065889835357666,21.453543617826107,nan,nan,nan,nan,6.093371868133545,2.048999786376953,0.009318146854639053,2.048999786376953,1.9860541485249996,1.1475574970245361,1584.4357195941916,6.5625,0.00013600864,1,2048,,1719.1230709552765
adammini-adaptive_stochastic-r8,adammini,adaptive_stochastic,8,1.1B,sdpa,666,1330,2725888,2.8569257259368896,17.40792784857405,nan,nan,nan,nan,6.093371868133545,2.048999786376953,0.009318146854639053,2.048999786376953,1.9860541485249996,1.1494412422180176,1584.565246734403,6.625,0.000135208648,1,2048,,1720.2750127315521
adammini-adaptive_stochastic-r8,adammini,adaptive_stochastic,8,1.1B,sdpa,666,1331,2727936,2.6508841514587402,14.166558493196446,nan,nan,nan,nan,6.093371868133545,2.048999786376953,0.009318146854639053,2.048999786376953,1.9860541485249996,1.1532669067382812,1584.6892307153444,6.21875,0.00013440865599999999,1,2048,,1721.432787656784
adammini-adaptive_stochastic-r8,adammini,adaptive_stochastic,8,1.1B,sdpa,666,1332,2729984,2.2836737632751465,9.81266367550002,nan,nan,nan,nan,6.093371868133545,2.048999786376953,0.009318146854639053,2.048999786376953,1.9860541485249996,1.1483421325683594,1584.8180413149753,5.5625,0.00013360866400000007,1,2048,,1722.5851352214813
adammini-adaptive_stochastic-r8,adammini,adaptive_stochastic,8,1.1B,sdpa,666,1333,2732032,2.605619430541992,13.539609553433138,nan,nan,nan,nan,6.093371868133545,2.048999786376953,0.009318146854639053,2.048999786376953,1.9860541485249996,1.165092945098877,1584.9279515790704,5.25,0.00013280867200000005,1,2048,,1723.7578511238098
adammini-adaptive_stochastic-r8,adammini,adaptive_stochastic,8,1.1B,sdpa,666,1334,2734080,2.7419791221618652,15.517666082459774,nan,nan,nan,nan,6.093371868133545,2.048999786376953,0.009318146854639053,2.048999786376953,1.9860541485249996,1.2093031406402588,1585.002669578418,5.125,0.00013200868000000002,1,2048,,1724.968703508377
adammini-adaptive_stochastic-r8,adammini,adaptive_stochastic,8,1.1B,sdpa,666,1335,2736128,2.391216516494751,10.926778467222116,nan,nan,nan,nan,6.093371868133545,2.048999786376953,0.009318146854639053,2.048999786376953,1.9860541485249996,1.1886188983917236,1585.0935493932193,5.0625,0.000131208688,1,2048,,1726.161841392517
adammini-adaptive_stochastic-r8,adammini,adaptive_stochastic,8,1.1B,sdpa,666,1336,2738176,2.7260284423828125,15.272112340624624,nan,nan,nan,nan,6.093371868133545,2.048999786376953,0.009318146854639053,2.048999786376953,1.9860541485249996,1.2092022895812988,1585.1658357908104,5.90625,0.00013040869599999997,1,2048,,1727.375103712082
adammini-adaptive_stochastic-r8,adammini,adaptive_stochastic,8,1.1B,sdpa,666,1337,2740224,2.464672565460205,11.759631012148056,nan,nan,nan,nan,6.093371868133545,2.048999786376953,0.009318146854639053,2.048999786376953,1.9860541485249996,1.211390733718872,1585.2357039382064,5.71875,0.00012960870400000008,1,2048,,1728.590892314911
adammini-adaptive_stochastic-r8,adammini,adaptive_stochastic,8,1.1B,sdpa,666,1338,2742272,2.4882631301879883,12.040345436255365,nan,nan,nan,nan,6.093371868133545,2.048999786376953,0.009318146854639053,2.048999786376953,1.9860541485249996,1.2124748229980469,1585.3050261618926,6.0,0.00012880871200000006,1,2048,,1729.8071694374084
adammini-adaptive_stochastic-r8,adammini,adaptive_stochastic,8,1.1B,sdpa,666,1339,2744320,2.0142011642456055,7.4947379246014405,nan,nan,nan,nan,6.093371868133545,2.048999786376953,0.009318146854639053,2.048999786376953,1.9860541485249996,1.2127490043640137,1585.37380573751,5.75,0.00012800872000000004,1,2048,,1731.0239326953888
adammini-adaptive_stochastic-r8,adammini,adaptive_stochastic,8,1.1B,sdpa,666,1340,2746368,2.510838031768799,12.31524630488047,nan,nan,nan,nan,6.093371868133545,2.048999786376953,0.009318146854639053,2.048999786376953,1.9860541485249996,1.214514970779419,1585.4392844426245,5.71875,0.00012720872799999998,1,2048,,1732.2441968917847
adammini-adaptive_stochastic-r8,adammini,adaptive_stochastic,8,1.1B,sdpa,666,1341,2748416,2.277893304824829,9.756105604112143,nan,nan,nan,nan,6.093371868133545,2.048999786376953,0.009318146854639053,2.048999786376953,1.9860541485249996,1.1739506721496582,1585.5427154275035,5.71875,0.00012640873599999996,1,2048,,1733.4228672981262
adammini-adaptive_stochastic-r8,adammini,adaptive_stochastic,8,1.1B,sdpa,666,1342,2750464,2.1695919036865234,8.75471054652593,nan,nan,nan,nan,6.093371868133545,2.048999786376953,0.009318146854639053,2.048999786376953,1.9860541485249996,1.1473708152770996,1585.669119454584,6.03125,0.00012560874400000004,1,2048,,1734.5762531757355
adammini-adaptive_stochastic-r8,adammini,adaptive_stochastic,8,1.1B,sdpa,666,1343,2752512,2.121887683868408,8.346878894253965,nan,nan,nan,nan,6.093371868133545,2.048999786376953,0.009318146854639053,2.048999786376953,1.9860541485249996,1.1443326473236084,1585.8008736389872,5.4375,0.00012480875200000002,1,2048,,1735.7235991954803
adammini-adaptive_stochastic-r8,adammini,adaptive_stochastic,8,1.1B,sdpa,666,1344,2754560,2.4656832218170166,11.771521965806047,nan,nan,nan,nan,6.093371868133545,2.048999786376953,0.009318146854639053,2.048999786376953,1.9860541485249996,1.1435418128967285,1585.9318043574106,5.9375,0.00012400876,1,2048,,1736.8716564178467
adammini-adaptive_stochastic-r8,adammini,adaptive_stochastic,8,1.1B,sdpa,666,1345,2756608,2.5348634719848633,12.614708469354255,nan,nan,nan,nan,6.093371868133545,2.048999786376953,0.009318146854639053,2.048999786376953,1.9860541485249996,1.142287015914917,1586.063962187795,5.34375,0.000123208768,1,2048,,1738.0191826820374
adammini-adaptive_stochastic-r8,adammini,adaptive_stochastic,8,1.1B,sdpa,666,1346,2758656,1.8116893768310547,6.120779005052688,nan,nan,nan,nan,6.093371868133545,2.048999786376953,0.009318146854639053,2.048999786376953,1.9860541485249996,1.1634860038757324,1586.176662029218,6.40625,0.00012240877599999995,1,2048,,1739.1858460903168
adammini-adaptive_stochastic-r8,adammini,adaptive_stochastic,8,1.1B,sdpa,666,1347,2760704,2.7063803672790527,14.974973393604794,nan,nan,nan,nan,6.093371868133545,2.048999786376953,0.009318146854639053,2.048999786376953,1.9860541485249996,1.154071569442749,1586.295663549607,5.15625,0.00012160878400000004,1,2048,,1740.3464331626892
adammini-adaptive_stochastic-r8,adammini,adaptive_stochastic,8,1.1B,sdpa,666,1348,2762752,2.447523355484009,11.559682014665379,nan,nan,nan,nan,6.093371868133545,2.048999786376953,0.009318146854639053,2.048999786376953,1.9860541485249996,1.242755651473999,1586.3382587755098,5.375,0.00012080879200000003,1,2048,,1741.5907261371613
adammini-adaptive_stochastic-r8,adammini,adaptive_stochastic,8,1.1B,sdpa,666,1349,2764800,2.678802728652954,14.567641430977252,nan,nan,nan,nan,6.093371868133545,2.048999786376953,0.009318146854639053,2.048999786376953,1.9860541485249996,1.3916401863098145,1586.2422830341116,5.59375,0.0001200088,1,2048,,1742.9872028827667
adammini-adaptive_stochastic-r8,adammini,adaptive_stochastic,8,1.1B,sdpa,666,1350,2766848,2.4133100509643555,11.170876185518479,nan,nan,nan,nan,6.093371868133545,2.048999786376953,0.009318146854639053,2.048999786376953,1.9860541485249996,1.4092676639556885,1586.1311840586093,5.8125,0.00011920880799999997,1,2048,,1744.4014811515808
adammini-adaptive_stochastic-r8,adammini,adaptive_stochastic,8,1.1B,sdpa,666,1351,2768896,2.345733880996704,10.440932318407405,nan,nan,nan,nan,6.093371868133545,2.048999786376953,0.009318146854639053,2.048999786376953,1.9860541485249996,1.3815245628356934,1586.0403662099777,5.5,0.00011840881599999995,1,2048,,1745.7916324138641
adammini-adaptive_stochastic-r8,adammini,adaptive_stochastic,8,1.1B,sdpa,666,1352,2770944,2.691751718521118,14.757504285407594,nan,nan,nan,nan,6.093371868133545,2.048999786376953,0.009318146854639053,2.048999786376953,1.9860541485249996,1.3743019104003906,1585.9631724087628,5.03125,0.00011760882400000004,1,2048,,1747.1679344177246
adammini-adaptive_stochastic-r8,adammini,adaptive_stochastic,8,1.1B,sdpa,666,1353,2772992,2.799856185913086,16.442281969287023,nan,nan,nan,nan,6.093371868133545,2.048999786376953,0.009318146854639053,2.048999786376953,1.9860541485249996,1.3780791759490967,1585.8831251076026,5.21875,0.00011680883200000002,1,2048,,1748.5475165843964
adammini-adaptive_stochastic-r8,adammini,adaptive_stochastic,8,1.1B,sdpa,666,1354,2775040,2.6394717693328857,14.00580335853485,nan,nan,nan,nan,6.093371868133545,2.048999786376953,0.009318146854639053,2.048999786376953,1.9860541485249996,1.3744981288909912,1585.8039062068253,6.46875,0.00011600884,1,2048,,1749.926323890686
adammini-adaptive_stochastic-r8,adammini,adaptive_stochastic,8,1.1B,sdpa,666,1355,2777088,2.090630292892456,8.090012635150298,nan,nan,nan,nan,6.093371868133545,2.048999786376953,0.009318146854639053,2.048999786376953,1.9860541485249996,1.3749988079071045,1585.7255425721996,5.25,0.00011520884799999997,1,2048,,1751.304324388504
adammini-adaptive_stochastic-r8,adammini,adaptive_stochastic,8,1.1B,sdpa,666,1356,2779136,2.6380183696746826,13.985462114280107,nan,nan,nan,nan,6.093371868133545,2.048999786376953,0.009318146854639053,2.048999786376953,1.9860541485249996,1.374948501586914,1585.6467033864915,5.9375,0.00011440885599999995,1,2048,,1752.6834919452667
adammini-adaptive_stochastic-r8,adammini,adaptive_stochastic,8,1.1B,sdpa,666,1357,2781184,2.370917320251465,10.70720972086948,nan,nan,nan,nan,6.093371868133545,2.048999786376953,0.009318146854639053,2.048999786376953,1.9860541485249996,1.3722457885742188,1585.5706176519457,6.625,0.00011360886400000003,1,2048,,1754.0587401390076
adammini-adaptive_stochastic-r8,adammini,adaptive_stochastic,8,1.1B,sdpa,666,1358,2783232,2.6396992206573486,14.008989359375237,nan,nan,nan,nan,6.093371868133545,2.048999786376953,0.009318146854639053,2.048999786376953,1.9860541485249996,1.3741564750671387,1585.4923606311127,5.84375,0.00011280887200000002,1,2048,,1755.4370296001434
adammini-adaptive_stochastic-r8,adammini,adaptive_stochastic,8,1.1B,sdpa,666,1359,2785280,2.571686029434204,13.087872387044204,nan,nan,nan,nan,6.093371868133545,2.048999786376953,0.009318146854639053,2.048999786376953,1.9860541485249996,1.3766417503356934,1585.4148118456965,5.1875,0.00011200888,1,2048,,1756.8146703243256
adammini-adaptive_stochastic-r8,adammini,adaptive_stochastic,8,1.1B,sdpa,666,1360,2787328,2.3415329456329346,10.397162637769982,nan,nan,nan,nan,6.093371868133545,2.048999786376953,0.009318146854639053,2.048999786376953,1.9860541485249996,1.3699982166290283,1585.3415738886663,4.75,0.00011120888799999997,1,2048,,1758.1876649856567
adammini-adaptive_stochastic-r8,adammini,adaptive_stochastic,8,1.1B,sdpa,666,1361,2789376,2.310537099838257,10.07983708024257,nan,nan,nan,nan,6.093371868133545,2.048999786376953,0.009318146854639053,2.048999786376953,1.9860541485249996,1.3560481071472168,1585.2809554642715,5.9375,0.00011040889600000006,1,2048,,1759.548283815384
adammini-adaptive_stochastic-r8,adammini,adaptive_stochastic,8,1.1B,sdpa,666,1362,2791424,2.5036017894744873,12.226451855243353,nan,nan,nan,nan,6.093371868133545,2.048999786376953,0.009318146854639053,2.048999786376953,1.9860541485249996,1.2153339385986328,1585.3444529367434,5.46875,0.00010960890400000003,1,2048,,1760.7681376934052
adammini-adaptive_stochastic-r8,adammini,adaptive_stochastic,8,1.1B,sdpa,666,1363,2793472,2.180474042892456,8.850500781440612,nan,nan,nan,nan,6.093371868133545,2.048999786376953,0.009318146854639053,2.048999786376953,1.9860541485249996,1.3404741287231445,1585.2961780531325,5.3125,0.00010880891200000001,1,2048,,1762.1136281490326
adammini-adaptive_stochastic-r8,adammini,adaptive_stochastic,8,1.1B,sdpa,666,1364,2795520,2.3073179721832275,10.047440969523487,nan,nan,nan,nan,6.093371868133545,2.048999786376953,0.009318146854639053,2.048999786376953,1.9860541485249996,1.377929925918579,1585.2161187752824,5.21875,0.00010800891999999998,1,2048,,1763.4945588111877
adammini-adaptive_stochastic-r8,adammini,adaptive_stochastic,8,1.1B,sdpa,666,1365,2797568,2.102731704711914,8.188507973998995,nan,nan,nan,nan,6.093371868133545,2.048999786376953,0.009318146854639053,2.048999786376953,1.9860541485249996,1.3822813034057617,1585.1313797671237,5.3125,0.00010720892799999997,1,2048,,1764.8808393478394
adammini-adaptive_stochastic-r8,adammini,adaptive_stochastic,8,1.1B,sdpa,666,1366,2799616,1.952934741973877,7.049345262710167,nan,nan,nan,nan,6.093371868133545,2.048999786376953,0.009318146854639053,2.048999786376953,1.9860541485249996,1.380338191986084,1585.045824451164,4.78125,0.00010640893600000006,1,2048,,1766.2681777477264
adammini-adaptive_stochastic-r8,adammini,adaptive_stochastic,8,1.1B,sdpa,666,1367,2801664,1.9779375791549683,7.227820794261385,nan,nan,nan,nan,6.093371868133545,2.048999786376953,0.009318146854639053,2.048999786376953,1.9860541485249996,1.3804504871368408,1584.9652318117323,4.4375,0.00010560894400000003,1,2048,,1767.650131225586
adammini-adaptive_stochastic-r8,adammini,adaptive_stochastic,8,1.1B,sdpa,666,1368,2803712,2.125235080718994,8.374866026262453,nan,nan,nan,nan,6.093371868133545,2.048999786376953,0.009318146854639053,2.048999786376953,1.9860541485249996,1.3820288181304932,1584.8829024955676,4.78125,0.00010480895200000001,1,2048,,1769.0341637134552
adammini-adaptive_stochastic-r8,adammini,adaptive_stochastic,8,1.1B,sdpa,666,1369,2805760,2.6926629543304443,14.770957980582207,nan,nan,nan,nan,6.093371868133545,2.048999786376953,0.009318146854639053,2.048999786376953,1.9860541485249996,1.3750355243682861,1584.80472384706,6.1875,0.00010400895999999998,1,2048,,1770.4137032032013
adammini-adaptive_stochastic-r8,adammini,adaptive_stochastic,8,1.1B,sdpa,666,1370,2807808,2.440889358520508,11.483248928030976,nan,nan,nan,nan,6.093371868133545,2.048999786376953,0.009318146854639053,2.048999786376953,1.9860541485249996,1.379605770111084,1584.7223875258574,6.90625,0.00010320896799999996,1,2048,,1771.7980272769928
adammini-adaptive_stochastic-r8,adammini,adaptive_stochastic,8,1.1B,sdpa,666,1371,2809856,2.2353246212005615,9.349516410870912,nan,nan,nan,nan,6.093371868133545,2.048999786376953,0.009318146854639053,2.048999786376953,1.9860541485249996,1.3731834888458252,1584.6464354532816,5.25,0.00010240897600000004,1,2048,,1773.1753513813019
adammini-adaptive_stochastic-r8,adammini,adaptive_stochastic,8,1.1B,sdpa,666,1372,2811904,1.9997179508209229,7.386972315602295,nan,nan,nan,nan,6.093371868133545,2.048999786376953,0.009318146854639053,2.048999786376953,1.9860541485249996,1.375009298324585,1584.5699896381982,5.90625,0.00010160898400000003,1,2048,,1774.5533604621887
adammini-adaptive_stochastic-r8,adammini,adaptive_stochastic,8,1.1B,sdpa,666,1373,2813952,2.0275111198425293,7.595159373593579,nan,nan,nan,nan,6.093371868133545,2.048999786376953,0.009318146854639053,2.048999786376953,1.9860541485249996,1.375676155090332,1584.4912827835437,6.0625,0.00010080899200000001,1,2048,,1775.93403673172
adammini-adaptive_stochastic-r8,adammini,adaptive_stochastic,8,1.1B,sdpa,666,1374,2816000,2.5553572177886963,12.875898336039436,nan,nan,nan,nan,6.093371868133545,2.048999786376953,0.009318146854639053,2.048999786376953,1.9860541485249996,1.3819606304168701,1584.409318382703,5.40625,0.00010000899999999997,1,2048,,1777.318504333496
adammini-adaptive_stochastic-r8,adammini,adaptive_stochastic,8,1.1B,sdpa,666,1375,2818048,2.5561718940734863,12.886392299070181,nan,nan,nan,nan,6.093371868133545,2.048999786376953,0.009318146854639053,2.048999786376953,1.9860541485249996,1.3703420162200928,1584.3378301596977,5.53125,9.920900799999996e-05,1,2048,,1778.6913537979126
adammini-adaptive_stochastic-r8,adammini,adaptive_stochastic,8,1.1B,sdpa,666,1376,2820096,2.1409268379211426,8.507318881746784,nan,nan,nan,nan,6.093371868133545,2.048999786376953,0.009318146854639053,2.048999786376953,1.9860541485249996,1.3718397617340088,1584.2628956332592,5.75,9.840901600000004e-05,1,2048,,1780.0681993961334
adammini-adaptive_stochastic-r8,adammini,adaptive_stochastic,8,1.1B,sdpa,666,1377,2822144,2.2784111499786377,9.761159064461324,nan,nan,nan,nan,6.093371868133545,2.048999786376953,0.009318146854639053,2.048999786376953,1.9860541485249996,1.3709774017333984,1584.1887447973659,5.4375,9.760902400000002e-05,1,2048,,1781.44429397583
adammini-adaptive_stochastic-r8,adammini,adaptive_stochastic,8,1.1B,sdpa,666,1378,2824192,2.5224454402923584,12.459027247559197,nan,nan,nan,nan,6.093371868133545,2.048999786376953,0.009318146854639053,2.048999786376953,1.9860541485249996,1.3723499774932861,1584.1138843518188,5.5,9.680903200000001e-05,1,2048,,1782.8213160037994
adammini-adaptive_stochastic-r8,adammini,adaptive_stochastic,8,1.1B,sdpa,666,1379,2826240,2.7768664360046387,16.068590019880716,nan,nan,nan,nan,6.093371868133545,2.048999786376953,0.009318146854639053,2.048999786376953,1.9860541485249996,1.3748126029968262,1584.0393259418101,5.96875,9.600903999999998e-05,1,2048,,1784.1981279850006
adammini-adaptive_stochastic-r8,adammini,adaptive_stochastic,8,1.1B,sdpa,666,1380,2828288,2.4090986251831055,11.123929794559409,nan,nan,nan,nan,6.093371868133545,2.048999786376953,0.009318146854639053,2.048999786376953,1.9860541485249996,1.3770239353179932,1583.9617876586046,7.25,9.520904799999995e-05,1,2048,,1785.5784287452698
adammini-adaptive_stochastic-r8,adammini,adaptive_stochastic,8,1.1B,sdpa,666,1381,2830336,2.5229713916778564,12.465581813742494,nan,nan,nan,nan,6.093371868133545,2.048999786376953,0.009318146854639053,2.048999786376953,1.9860541485249996,1.397507905960083,1583.865122206604,5.46875,9.440905600000004e-05,1,2048,,1786.980444431305
adammini-adaptive_stochastic-r8,adammini,adaptive_stochastic,8,1.1B,sdpa,666,1382,2832384,2.086984395980835,8.060570986290065,nan,nan,nan,nan,6.093371868133545,2.048999786376953,0.009318146854639053,2.048999786376953,1.9860541485249996,1.233391523361206,1583.9152597767586,5.125,9.360906400000002e-05,1,2048,,1788.2178766727448
adammini-adaptive_stochastic-r8,adammini,adaptive_stochastic,8,1.1B,sdpa,666,1383,2834432,2.260134220123291,9.584375496497586,nan,nan,nan,nan,6.093371868133545,2.048999786376953,0.009318146854639053,2.048999786376953,1.9860541485249996,1.2206144332885742,1583.943359070742,6.3125,9.2809072e-05,1,2048,,1789.478129863739
adammini-adaptive_stochastic-r8,adammini,adaptive_stochastic,8,1.1B,sdpa,666,1384,2836480,3.210923433303833,24.801978626222315,nan,nan,nan,nan,6.093371868133545,2.048999786376953,0.009318146854639053,2.048999786376953,1.9860541485249996,1.226621389389038,1584.0011678428,16.25,9.200907999999997e-05,1,2048,,1790.705750465393
adammini-adaptive_stochastic-r8,adammini,adaptive_stochastic,8,1.1B,sdpa,666,1385,2838528,3.2318079471588135,25.325402595334506,nan,nan,nan,nan,6.093371868133545,2.048999786376953,0.009318146854639053,2.048999786376953,1.9860541485249996,1.2246525287628174,1584.05972885867,14.9375,9.120908799999996e-05,1,2048,,1791.9324305057526
adammini-adaptive_stochastic-r8,adammini,adaptive_stochastic,8,1.1B,sdpa,666,1386,2840576,2.9874024391174316,19.834095250107996,nan,nan,nan,nan,6.093371868133545,2.048999786376953,0.009318146854639053,2.048999786376953,1.9860541485249996,1.2220840454101562,1584.121781741353,18.75,9.040909600000004e-05,1,2048,,1793.155067205429
adammini-adaptive_stochastic-r8,adammini,adaptive_stochastic,8,1.1B,sdpa,666,1387,2842624,3.236098051071167,25.43428459463864,nan,nan,nan,nan,6.093371868133545,2.048999786376953,0.009318146854639053,2.048999786376953,1.9860541485249996,1.2243528366088867,1584.1804241140464,12.8125,8.9609104e-05,1,2048,,1794.381471157074
adammini-adaptive_stochastic-r8,adammini,adaptive_stochastic,8,1.1B,sdpa,666,1388,2844672,3.1905062198638916,24.30072584011274,nan,nan,nan,nan,6.093371868133545,2.048999786376953,0.009318146854639053,2.048999786376953,1.9860541485249996,1.2214806079864502,1584.2420047459934,18.375,8.8809112e-05,1,2048,,1795.6044540405273
adammini-adaptive_stochastic-r8,adammini,adaptive_stochastic,8,1.1B,sdpa,666,1389,2846720,3.1779873371124268,23.998404215402577,nan,nan,nan,nan,6.093371868133545,2.048999786376953,0.009318146854639053,2.048999786376953,1.9860541485249996,1.2161450386047363,1584.3086458376497,16.375,8.800911999999997e-05,1,2048,,1796.8216025829315
adammini-adaptive_stochastic-r8,adammini,adaptive_stochastic,8,1.1B,sdpa,666,1390,2848768,3.166929006576538,23.734483877907916,nan,nan,nan,nan,6.093371868133545,2.048999786376953,0.009318146854639053,2.048999786376953,1.9860541485249996,1.2032604217529297,1584.3856124658816,13.6875,8.720912800000006e-05,1,2048,,1798.026930809021
adammini-adaptive_stochastic-r8,adammini,adaptive_stochastic,8,1.1B,sdpa,666,1391,2850816,3.376091480255127,29.256198924158102,nan,nan,nan,nan,6.093371868133545,2.048999786376953,0.009318146854639053,2.048999786376953,1.9860541485249996,1.2189838886260986,1584.4495396542864,18.75,8.640913600000004e-05,1,2048,,1799.2469489574432
adammini-adaptive_stochastic-r8,adammini,adaptive_stochastic,8,1.1B,sdpa,666,1392,2852864,2.9296743869781494,18.721533528994698,nan,nan,nan,nan,6.093371868133545,2.048999786376953,0.009318146854639053,2.048999786376953,1.9860541485249996,1.2207698822021484,1584.5118325620815,16.25,8.560914400000001e-05,1,2048,,1800.468725681305
adammini-adaptive_stochastic-r8,adammini,adaptive_stochastic,8,1.1B,sdpa,666,1393,2854912,3.110438585281372,22.430880097551764,nan,nan,nan,nan,6.093371868133545,2.048999786376953,0.009318146854639053,2.048999786376953,1.9860541485249996,1.2073655128479004,1584.5851444325297,15.1875,8.480915199999998e-05,1,2048,,1801.677877664566
adammini-adaptive_stochastic-r8,adammini,adaptive_stochastic,8,1.1B,sdpa,666,1394,2856960,3.073632001876831,21.62028516245452,nan,nan,nan,nan,6.093371868133545,2.048999786376953,0.009318146854639053,2.048999786376953,1.9860541485249996,1.1856379508972168,1584.6774790286306,15.1875,8.400915999999996e-05,1,2048,,1802.8652756214142
adammini-adaptive_stochastic-r8,adammini,adaptive_stochastic,8,1.1B,sdpa,666,1395,2859008,2.5387513637542725,12.663848554352867,nan,nan,nan,nan,6.093371868133545,2.048999786376953,0.009318146854639053,2.048999786376953,1.9860541485249996,1.2270417213439941,1584.7335477538256,12.75,8.320916800000006e-05,1,2048,,1804.0938200950623
adammini-adaptive_stochastic-r8,adammini,adaptive_stochastic,8,1.1B,sdpa,666,1396,2861056,2.8326528072357178,16.99047354426557,nan,nan,nan,nan,6.093371868133545,2.048999786376953,0.009318146854639053,2.048999786376953,1.9860541485249996,1.1879322528839111,1584.824311792469,12.4375,8.240917600000003e-05,1,2048,,1805.2827551364899
adammini-adaptive_stochastic-r8,adammini,adaptive_stochastic,8,1.1B,sdpa,666,1397,2863104,1.5722750425338745,4.817595971469365,nan,nan,nan,nan,6.093371868133545,2.048999786376953,0.009318146854639053,2.048999786376953,1.9860541485249996,1.1552658081054688,1584.9400289748078,7.65625,8.160918400000001e-05,1,2048,,1806.4431130886078
adammini-adaptive_stochastic-r8,adammini,adaptive_stochastic,8,1.1B,sdpa,666,1398,2865152,1.0602728128433228,2.88715853576594,nan,nan,nan,nan,6.093371868133545,2.048999786376953,0.009318146854639053,2.048999786376953,1.9860541485249996,1.1558070182800293,1585.0586637459937,6.53125,8.080919199999998e-05,1,2048,,1807.5999743938446
adammini-adaptive_stochastic-r8,adammini,adaptive_stochastic,8,1.1B,sdpa,666,1399,2867200,2.299116611480713,9.965375267201818,nan,nan,nan,nan,6.093371868133545,2.048999786376953,0.009318146854639053,2.048999786376953,1.9860541485249996,1.2113757133483887,1585.1258575979919,5.3125,8.000919999999996e-05,1,2048,,1808.8153607845306
adammini-adaptive_stochastic-r8,adammini,adaptive_stochastic,8,1.1B,sdpa,666,1400,2869248,2.7123515605926514,15.064659354227832,2.2418462506945587,9.410689750963378,2.2418462506945587,9.410689750963378,6.093371868133545,2.048999786376953,0.009318146854639053,2.048999786376953,1.9860541485249996,1.222809076309204,1585.1816339511872,6.03125,7.920920800000004e-05,1,2048,,1811.5115265846252
adammini-adaptive_stochastic-r8,adammini,adaptive_stochastic,8,1.1B,sdpa,666,1401,2871296,3.01871657371521,20.465009491072514,nan,nan,nan,nan,6.093371868133545,2.048999786376953,0.009318146854639053,2.048999786376953,1.9860541485249996,1.2258167266845703,1583.9535909519707,6.375,7.840921600000003e-05,1,2048,,1812.739979505539
adammini-adaptive_stochastic-r8,adammini,adaptive_stochastic,8,1.1B,sdpa,666,1402,2873344,2.3616693019866943,10.608645713157745,nan,nan,nan,nan,6.093371868133545,2.048999786376953,0.009318146854639053,2.048999786376953,1.9860541485249996,1.2315475940704346,1584.0030551287548,6.28125,7.760922400000001e-05,1,2048,,1813.9762992858887
adammini-adaptive_stochastic-r8,adammini,adaptive_stochastic,8,1.1B,sdpa,666,1403,2875392,2.1486072540283203,8.572910192566074,nan,nan,nan,nan,6.093371868133545,2.048999786376953,0.009318146854639053,2.048999786376953,1.9860541485249996,1.2311246395111084,1584.053053003262,6.03125,7.680923199999998e-05,1,2048,,1815.2119302749634
adammini-adaptive_stochastic-r8,adammini,adaptive_stochastic,8,1.1B,sdpa,666,1404,2877440,2.561011791229248,12.948912285616899,nan,nan,nan,nan,6.093371868133545,2.048999786376953,0.009318146854639053,2.048999786376953,1.9860541485249996,1.172633409500122,1584.1496336310909,5.34375,7.600923999999995e-05,1,2048,,1816.3940696716309
adammini-adaptive_stochastic-r8,adammini,adaptive_stochastic,8,1.1B,sdpa,666,1405,2879488,2.395075559616089,10.969026843225862,nan,nan,nan,nan,6.093371868133545,2.048999786376953,0.009318146854639053,2.048999786376953,1.9860541485249996,1.1571612358093262,1584.2669887398395,5.0625,7.520924800000004e-05,1,2048,,1817.5522310733795
adammini-adaptive_stochastic-r8,adammini,adaptive_stochastic,8,1.1B,sdpa,666,1406,2881536,2.5657010078430176,13.009775128238457,nan,nan,nan,nan,6.093371868133545,2.048999786376953,0.009318146854639053,2.048999786376953,1.9860541485249996,1.166450023651123,1584.373486261836,4.875,7.440925600000002e-05,1,2048,,1818.7226843833923
adammini-adaptive_stochastic-r8,adammini,adaptive_stochastic,8,1.1B,sdpa,666,1407,2883584,2.794267177581787,16.350642244513555,nan,nan,nan,nan,6.093371868133545,2.048999786376953,0.009318146854639053,2.048999786376953,1.9860541485249996,1.1857001781463623,1584.4656986276693,5.125,7.3609264e-05,1,2048,,1819.9093880653381
adammini-adaptive_stochastic-r8,adammini,adaptive_stochastic,8,1.1B,sdpa,666,1408,2885632,2.341108560562134,10.392751173313862,nan,nan,nan,nan,6.093371868133545,2.048999786376953,0.009318146854639053,2.048999786376953,1.9860541485249996,1.1774303913116455,1584.5619294706985,5.53125,7.280927199999998e-05,1,2048,,1821.0913352966309
adammini-adaptive_stochastic-r8,adammini,adaptive_stochastic,8,1.1B,sdpa,666,1409,2887680,2.0735740661621094,7.953197635993731,nan,nan,nan,nan,6.093371868133545,2.048999786376953,0.009318146854639053,2.048999786376953,1.9860541485249996,1.1799614429473877,1584.6567125092665,5.09375,7.200927999999996e-05,1,2048,,1822.2748038768768
adammini-adaptive_stochastic-r8,adammini,adaptive_stochastic,8,1.1B,sdpa,666,1410,2889728,2.4194774627685547,11.239984469736557,nan,nan,nan,nan,6.093371868133545,2.048999786376953,0.009318146854639053,2.048999786376953,1.9860541485249996,1.2171592712402344,1584.7177480149157,5.875,7.120928800000004e-05,1,2048,,1823.4969625473022
adammini-adaptive_stochastic-r8,adammini,adaptive_stochastic,8,1.1B,sdpa,666,1411,2891776,2.590270519256592,13.33337805088519,nan,nan,nan,nan,6.093371868133545,2.048999786376953,0.009318146854639053,2.048999786376953,1.9860541485249996,1.1587622165679932,1584.8311581339544,6.46875,7.040929600000002e-05,1,2048,,1824.658724784851
adammini-adaptive_stochastic-r8,adammini,adaptive_stochastic,8,1.1B,sdpa,666,1412,2893824,2.265930414199829,9.640089706183277,nan,nan,nan,nan,6.093371868133545,2.048999786376953,0.009318146854639053,2.048999786376953,1.9860541485249996,1.230104923248291,1584.88031758221,5.8125,6.9609304e-05,1,2048,,1825.8943390846252
adammini-adaptive_stochastic-r8,adammini,adaptive_stochastic,8,1.1B,sdpa,666,1413,2895872,2.292893409729004,9.903551297428692,nan,nan,nan,nan,6.093371868133545,2.048999786376953,0.009318146854639053,2.048999786376953,1.9860541485249996,1.240220069885254,1584.921078036674,6.0,6.880931199999997e-05,1,2048,,1827.1395592689514
adammini-adaptive_stochastic-r8,adammini,adaptive_stochastic,8,1.1B,sdpa,666,1414,2897920,2.3216381072998047,10.192356812571905,nan,nan,nan,nan,6.093371868133545,2.048999786376953,0.009318146854639053,2.048999786376953,1.9860541485249996,1.182102918624878,1585.0143256231738,5.875,6.800931999999995e-05,1,2048,,1828.3241691589355
adammini-adaptive_stochastic-r8,adammini,adaptive_stochastic,8,1.1B,sdpa,666,1415,2899968,2.270984411239624,9.688934016553018,nan,nan,nan,nan,6.093371868133545,2.048999786376953,0.009318146854639053,2.048999786376953,1.9860541485249996,1.1793115139007568,1585.09834758188,5.65625,6.720932800000004e-05,1,2048,,1829.5192878246307
adammini-adaptive_stochastic-r8,adammini,adaptive_stochastic,8,1.1B,sdpa,666,1416,2902016,2.71397066116333,15.089070309348276,nan,nan,nan,nan,6.093371868133545,2.048999786376953,0.009318146854639053,2.048999786376953,1.9860541485249996,1.2482116222381592,1585.1354196704497,7.4375,6.640933600000002e-05,1,2048,,1830.7685034275055
adammini-adaptive_stochastic-r8,adammini,adaptive_stochastic,8,1.1B,sdpa,666,1417,2904064,2.3924005031585693,10.93972328894175,nan,nan,nan,nan,6.093371868133545,2.048999786376953,0.009318146854639053,2.048999786376953,1.9860541485249996,1.250112533569336,1585.17080013325,7.46875,6.560934399999998e-05,1,2048,,1832.019615650177
adammini-adaptive_stochastic-r8,adammini,adaptive_stochastic,8,1.1B,sdpa,666,1418,2906112,2.2667617797851562,9.64810747739219,nan,nan,nan,nan,6.093371868133545,2.048999786376953,0.009318146854639053,2.048999786376953,1.9860541485249996,1.2307813167572021,1585.222846292306,6.5,6.480935199999997e-05,1,2048,,1833.251398563385
adammini-adaptive_stochastic-r8,adammini,adaptive_stochastic,8,1.1B,sdpa,666,1419,2908160,2.4868462085723877,12.023297291342203,nan,nan,nan,nan,6.093371868133545,2.048999786376953,0.009318146854639053,2.048999786376953,1.9860541485249996,1.2149980068206787,1585.28832609906,7.0,6.400935999999995e-05,1,2048,,1834.4675552845001
adammini-adaptive_stochastic-r8,adammini,adaptive_stochastic,8,1.1B,sdpa,666,1420,2910208,2.4827024936676025,11.97357925497532,nan,nan,nan,nan,6.093371868133545,2.048999786376953,0.009318146854639053,2.048999786376953,1.9860541485249996,1.1723480224609375,1585.390256515087,8.5625,6.320936800000003e-05,1,2048,,1835.6414062976837
adammini-adaptive_stochastic-r8,adammini,adaptive_stochastic,8,1.1B,sdpa,666,1421,2912256,2.545576333999634,12.750574558484177,nan,nan,nan,nan,6.093371868133545,2.048999786376953,0.009318146854639053,2.048999786376953,1.9860541485249996,1.1428723335266113,1585.514351757699,6.125,6.240937600000002e-05,1,2048,,1836.789428472519
adammini-adaptive_stochastic-r8,adammini,adaptive_stochastic,8,1.1B,sdpa,666,1422,2914304,2.2496907711029053,9.48480240784373,nan,nan,nan,nan,6.093371868133545,2.048999786376953,0.009318146854639053,2.048999786376953,1.9860541485249996,1.1416280269622803,1585.6392945086832,6.125,6.1609384e-05,1,2048,,1837.9362885951996
adammini-adaptive_stochastic-r8,adammini,adaptive_stochastic,8,1.1B,sdpa,666,1423,2916352,2.7561681270599365,15.73941580611401,nan,nan,nan,nan,6.093371868133545,2.048999786376953,0.009318146854639053,2.048999786376953,1.9860541485249996,1.1425747871398926,1585.765616073623,5.03125,6.080939199999997e-05,1,2048,,1839.0813689231873
adammini-adaptive_stochastic-r8,adammini,adaptive_stochastic,8,1.1B,sdpa,666,1424,2918400,2.2171053886413574,9.180717757260442,nan,nan,nan,nan,6.093371868133545,2.048999786376953,0.009318146854639053,2.048999786376953,1.9860541485249996,1.1436736583709717,1585.888961221843,6.3125,6.000940000000006e-05,1,2048,,1840.2297205924988
adammini-adaptive_stochastic-r8,adammini,adaptive_stochastic,8,1.1B,sdpa,666,1425,2920448,2.3154027462005615,10.129001514244099,nan,nan,nan,nan,6.093371868133545,2.048999786376953,0.009318146854639053,2.048999786376953,1.9860541485249996,1.1491000652313232,1586.0070527744597,5.65625,5.920940800000003e-05,1,2048,,1841.3839931488037
adammini-adaptive_stochastic-r8,adammini,adaptive_stochastic,8,1.1B,sdpa,666,1426,2922496,2.23530912399292,9.349371520596444,nan,nan,nan,nan,6.093371868133545,2.048999786376953,0.009318146854639053,2.048999786376953,1.9860541485249996,1.141972541809082,1586.1318973719383,5.90625,5.8409416000000014e-05,1,2048,,1842.530249118805
adammini-adaptive_stochastic-r8,adammini,adaptive_stochastic,8,1.1B,sdpa,666,1427,2924544,2.475428342819214,11.886797647190326,nan,nan,nan,nan,6.093371868133545,2.048999786376953,0.009318146854639053,2.048999786376953,1.9860541485249996,1.1453492641448975,1586.2547643606329,5.5625,5.7609424e-05,1,2048,,1843.679829120636
adammini-adaptive_stochastic-r8,adammini,adaptive_stochastic,8,1.1B,sdpa,666,1428,2926592,2.74733304977417,15.600969344206426,nan,nan,nan,nan,6.093371868133545,2.048999786376953,0.009318146854639053,2.048999786376953,1.9860541485249996,1.144690752029419,1586.3770234502626,5.875,5.6809431999999966e-05,1,2048,,1844.8275263309479
adammini-adaptive_stochastic-r8,adammini,adaptive_stochastic,8,1.1B,sdpa,666,1429,2928640,2.169160842895508,8.750937547327064,nan,nan,nan,nan,6.093371868133545,2.048999786376953,0.009318146854639053,2.048999786376953,1.9860541485249996,1.1463358402252197,1586.497822035055,5.46875,5.6009440000000056e-05,1,2048,,1845.9779517650604
adammini-adaptive_stochastic-r8,adammini,adaptive_stochastic,8,1.1B,sdpa,666,1430,2930688,2.1564509868621826,8.640418221081042,nan,nan,nan,nan,6.093371868133545,2.048999786376953,0.009318146854639053,2.048999786376953,1.9860541485249996,1.1425061225891113,1586.6213431976282,5.59375,5.520944800000003e-05,1,2048,,1847.1250324249268
adammini-adaptive_stochastic-r8,adammini,adaptive_stochastic,8,1.1B,sdpa,666,1431,2932736,2.394104480743408,10.958380223195068,nan,nan,nan,nan,6.093371868133545,2.048999786376953,0.009318146854639053,2.048999786376953,1.9860541485249996,1.1441709995269775,1586.7433382339705,5.90625,5.440945600000001e-05,1,2048,,1848.2737121582031
adammini-adaptive_stochastic-r8,adammini,adaptive_stochastic,8,1.1B,sdpa,666,1432,2934784,2.3216605186462402,10.192585239571097,nan,nan,nan,nan,6.093371868133545,2.048999786376953,0.009318146854639053,2.048999786376953,1.9860541485249996,1.1460165977478027,1586.864456523844,5.09375,5.360946399999999e-05,1,2048,,1849.4232370853424
adammini-adaptive_stochastic-r8,adammini,adaptive_stochastic,8,1.1B,sdpa,666,1433,2936832,1.897049903869629,6.666199476262431,nan,nan,nan,nan,6.093371868133545,2.048999786376953,0.009318146854639053,2.048999786376953,1.9860541485249996,1.142143726348877,1586.9870256698598,5.25,5.280947199999996e-05,1,2048,,1850.5708947181702
adammini-adaptive_stochastic-r8,adammini,adaptive_stochastic,8,1.1B,sdpa,666,1434,2938880,2.0481693744659424,7.753693996112435,nan,nan,nan,nan,6.093371868133545,2.048999786376953,0.009318146854639053,2.048999786376953,1.9860541485249996,1.1425492763519287,1587.1103600018662,5.625,5.200948000000005e-05,1,2048,,1851.717482328415
adammini-adaptive_stochastic-r8,adammini,adaptive_stochastic,8,1.1B,sdpa,666,1435,2940928,2.5102505683898926,12.308013673335232,nan,nan,nan,nan,6.093371868133545,2.048999786376953,0.009318146854639053,2.048999786376953,1.9860541485249996,1.1424901485443115,1587.2339926490836,5.5625,5.1209488000000026e-05,1,2048,,1852.863543510437
adammini-adaptive_stochastic-r8,adammini,adaptive_stochastic,8,1.1B,sdpa,666,1436,2942976,2.5154378414154053,12.372024578147839,nan,nan,nan,nan,6.093371868133545,2.048999786376953,0.009318146854639053,2.048999786376953,1.9860541485249996,1.2133970260620117,1587.296207592227,5.84375,5.040949600000001e-05,1,2048,,1854.0816733837128
adammini-adaptive_stochastic-r8,adammini,adaptive_stochastic,8,1.1B,sdpa,666,1437,2945024,2.1059563159942627,8.214955347530186,nan,nan,nan,nan,6.093371868133545,2.048999786376953,0.009318146854639053,2.048999786376953,1.9860541485249996,1.1899340152740479,1587.3781008734388,5.53125,4.9609503999999984e-05,1,2048,,1855.275689125061
adammini-adaptive_stochastic-r8,adammini,adaptive_stochastic,8,1.1B,sdpa,666,1438,2947072,2.3513317108154297,10.499542773300846,nan,nan,nan,nan,6.093371868133545,2.048999786376953,0.009318146854639053,2.048999786376953,1.9860541485249996,1.2100443840026855,1587.4431580892995,5.9375,4.880951199999996e-05,1,2048,,1856.4897804260254
adammini-adaptive_stochastic-r8,adammini,adaptive_stochastic,8,1.1B,sdpa,666,1439,2949120,2.721661329269409,15.205562719182465,nan,nan,nan,nan,6.093371868133545,2.048999786376953,0.009318146854639053,2.048999786376953,1.9860541485249996,1.2076177597045898,1587.5096397920938,5.875,4.800952000000005e-05,1,2048,,1857.7021052837372
adammini-adaptive_stochastic-r8,adammini,adaptive_stochastic,8,1.1B,sdpa,666,1440,2951168,2.491659164428711,12.081304371234735,nan,nan,nan,nan,6.093371868133545,2.048999786376953,0.009318146854639053,2.048999786376953,1.9860541485249996,1.2182624340057373,1587.5609417721632,5.65625,4.7209528000000026e-05,1,2048,,1858.9321029186249
adammini-adaptive_stochastic-r8,adammini,adaptive_stochastic,8,1.1B,sdpa,666,1441,2953216,2.2313201427459717,9.312151337589905,nan,nan,nan,nan,6.093371868133545,2.048999786376953,0.009318146854639053,2.048999786376953,1.9860541485249996,1.2177276611328125,1587.6217910680393,6.75,4.6409536e-05,1,2048,,1860.1508347988129
adammini-adaptive_stochastic-r8,adammini,adaptive_stochastic,8,1.1B,sdpa,666,1442,2955264,2.027794122695923,7.5973091295474715,nan,nan,nan,nan,6.093371868133545,2.048999786376953,0.009318146854639053,2.048999786376953,1.9860541485249996,1.2157108783721924,1587.684202023278,5.875,4.5609543999999984e-05,1,2048,,1861.367642402649
adammini-adaptive_stochastic-r8,adammini,adaptive_stochastic,8,1.1B,sdpa,666,1443,2957312,1.863434076309204,6.44583429426618,nan,nan,nan,nan,6.093371868133545,2.048999786376953,0.009318146854639053,2.048999786376953,1.9860541485249996,1.2146179676055908,1587.7466919918013,6.84375,4.480955199999995e-05,1,2048,,1862.5842616558075
adammini-adaptive_stochastic-r8,adammini,adaptive_stochastic,8,1.1B,sdpa,666,1444,2959360,1.4055771827697754,4.0778797440713594,nan,nan,nan,nan,6.093371868133545,2.048999786376953,0.009318146854639053,2.048999786376953,1.9860541485249996,1.2126502990722656,1587.8094154072717,9.625,4.4009560000000044e-05,1,2048,,1863.8005111217499
adammini-adaptive_stochastic-r8,adammini,adaptive_stochastic,8,1.1B,sdpa,666,1445,2961408,1.513386845588684,4.5420881243088385,nan,nan,nan,nan,6.093371868133545,2.048999786376953,0.009318146854639053,2.048999786376953,1.9860541485249996,1.2164981365203857,1587.8718452963449,5.34375,4.320956800000003e-05,1,2048,,1865.0170092582703
adammini-adaptive_stochastic-r8,adammini,adaptive_stochastic,8,1.1B,sdpa,666,1446,2963456,2.051889181137085,7.782589949125224,nan,nan,nan,nan,6.093371868133545,2.048999786376953,0.009318146854639053,2.048999786376953,1.9860541485249996,1.2129249572753906,1587.9342473522836,5.96875,4.2409575999999996e-05,1,2048,,1866.2334444522858
adammini-adaptive_stochastic-r8,adammini,adaptive_stochastic,8,1.1B,sdpa,666,1447,2965504,1.8225926160812378,6.187880469850611,nan,nan,nan,nan,6.093371868133545,2.048999786376953,0.009318146854639053,2.048999786376953,1.9860541485249996,1.2019822597503662,1588.0024299725103,4.875,4.160958399999998e-05,1,2048,,1867.4434366226196
adammini-adaptive_stochastic-r8,adammini,adaptive_stochastic,8,1.1B,sdpa,666,1448,2967552,1.560057282447815,4.759093849875148,nan,nan,nan,nan,6.093371868133545,2.048999786376953,0.009318146854639053,2.048999786376953,1.9860541485249996,1.2039742469787598,1588.0735526836538,4.8125,4.0809591999999954e-05,1,2048,,1868.6489646434784
adammini-adaptive_stochastic-r8,adammini,adaptive_stochastic,8,1.1B,sdpa,666,1449,2969600,1.988792896270752,7.306708481809753,nan,nan,nan,nan,6.093371868133545,2.048999786376953,0.009318146854639053,2.048999786376953,1.9860541485249996,1.2115247249603271,1588.1334898392417,5.34375,4.0009600000000045e-05,1,2048,,1869.8680047988892
adammini-adaptive_stochastic-r8,adammini,adaptive_stochastic,8,1.1B,sdpa,666,1450,2971648,2.6101133823394775,13.600592831446157,nan,nan,nan,nan,6.093371868133545,2.048999786376953,0.009318146854639053,2.048999786376953,1.9860541485249996,1.2172727584838867,1588.192288671102,5.15625,3.920960800000002e-05,1,2048,,1871.0882940292358
adammini-adaptive_stochastic-r8,adammini,adaptive_stochastic,8,1.1B,sdpa,666,1451,2973696,2.3904924392700195,10.918869499491565,nan,nan,nan,nan,6.093371868133545,2.048999786376953,0.009318146854639053,2.048999786376953,1.9860541485249996,1.2166433334350586,1588.2515249696323,5.28125,3.8409615999999996e-05,1,2048,,1872.3079771995544
adammini-adaptive_stochastic-r8,adammini,adaptive_stochastic,8,1.1B,sdpa,666,1452,2975744,2.3141636848449707,10.116458832078164,nan,nan,nan,nan,6.093371868133545,2.048999786376953,0.009318146854639053,2.048999786376953,1.9860541485249996,1.1778512001037598,1588.343608212987,5.84375,3.760962399999997e-05,1,2048,,1873.4888248443604
adammini-adaptive_stochastic-r8,adammini,adaptive_stochastic,8,1.1B,sdpa,666,1453,2977792,2.136812210083008,8.472386347122214,nan,nan,nan,nan,6.093371868133545,2.048999786376953,0.009318146854639053,2.048999786376953,1.9860541485249996,1.1549463272094727,1588.4532075694178,4.9375,3.6809632000000056e-05,1,2048,,1874.6488633155823
adammini-adaptive_stochastic-r8,adammini,adaptive_stochastic,8,1.1B,sdpa,666,1454,2979840,2.65855073928833,14.275585054966596,nan,nan,nan,nan,6.093371868133545,2.048999786376953,0.009318146854639053,2.048999786376953,1.9860541485249996,1.151799201965332,1588.5652382432133,5.65625,3.600964000000004e-05,1,2048,,1875.805870771408
adammini-adaptive_stochastic-r8,adammini,adaptive_stochastic,8,1.1B,sdpa,666,1455,2981888,2.5425286293029785,12.711773729285389,nan,nan,nan,nan,6.093371868133545,2.048999786376953,0.009318146854639053,2.048999786376953,1.9860541485249996,1.1549947261810303,1588.674562703811,5.59375,3.520964800000002e-05,1,2048,,1876.9659123420715
adammini-adaptive_stochastic-r8,adammini,adaptive_stochastic,8,1.1B,sdpa,666,1456,2983936,2.465773582458496,11.772585696141022,nan,nan,nan,nan,6.093371868133545,2.048999786376953,0.009318146854639053,2.048999786376953,1.9860541485249996,1.1510682106018066,1588.7879432026866,5.8125,3.440965599999999e-05,1,2048,,1878.1209995746613
adammini-adaptive_stochastic-r8,adammini,adaptive_stochastic,8,1.1B,sdpa,666,1457,2985984,1.7794793844223022,5.926770046442537,nan,nan,nan,nan,6.093371868133545,2.048999786376953,0.009318146854639053,2.048999786376953,1.9860541485249996,1.1515662670135498,1588.9001663481993,6.15625,3.360966399999997e-05,1,2048,,1879.2772908210754
adammini-adaptive_stochastic-r8,adammini,adaptive_stochastic,8,1.1B,sdpa,666,1458,2988032,2.118028402328491,8.314728018167466,nan,nan,nan,nan,6.093371868133545,2.048999786376953,0.009318146854639053,2.048999786376953,1.9860541485249996,1.1565330028533936,1589.0086151652108,6.9375,3.2809672000000056e-05,1,2048,,1880.4378852844238
adammini-adaptive_stochastic-r8,adammini,adaptive_stochastic,8,1.1B,sdpa,666,1459,2990080,2.253767251968384,9.523545938350198,nan,nan,nan,nan,6.093371868133545,2.048999786376953,0.009318146854639053,2.048999786376953,1.9860541485249996,1.1562995910644531,1589.1179414177052,5.78125,3.200968000000003e-05,1,2048,,1881.597282409668
adammini-adaptive_stochastic-r8,adammini,adaptive_stochastic,8,1.1B,sdpa,666,1460,2992128,2.450753688812256,11.597084018687038,nan,nan,nan,nan,6.093371868133545,2.048999786376953,0.009318146854639053,2.048999786376953,1.9860541485249996,1.1546993255615234,1589.2272916080503,9.3125,3.120968800000001e-05,1,2048,,1882.7570106983185
adammini-adaptive_stochastic-r8,adammini,adaptive_stochastic,8,1.1B,sdpa,666,1461,2994176,2.1567864418029785,8.643317178271417,nan,nan,nan,nan,6.093371868133545,2.048999786376953,0.009318146854639053,2.048999786376953,1.9860541485249996,1.1517043113708496,1589.338408790392,6.25,3.0409695999999983e-05,1,2048,,1883.9134469032288
adammini-adaptive_stochastic-r8,adammini,adaptive_stochastic,8,1.1B,sdpa,666,1462,2996224,2.317704916000366,10.152347058024374,nan,nan,nan,nan,6.093371868133545,2.048999786376953,0.009318146854639053,2.048999786376953,1.9860541485249996,1.1510238647460938,1589.4501000148257,5.90625,2.960970399999996e-05,1,2048,,1885.0695595741272
adammini-adaptive_stochastic-r8,adammini,adaptive_stochastic,8,1.1B,sdpa,666,1463,2998272,2.5740911960601807,13.119388786817943,nan,nan,nan,nan,6.093371868133545,2.048999786376953,0.009318146854639053,2.048999786376953,1.9860541485249996,1.1541383266448975,1589.5608588797566,6.4375,2.880971200000005e-05,1,2048,,1886.2266161441803
adammini-adaptive_stochastic-r8,adammini,adaptive_stochastic,8,1.1B,sdpa,666,1464,3000320,3.1681954860687256,23.764562157738837,nan,nan,nan,nan,6.093371868133545,2.048999786376953,0.009318146854639053,2.048999786376953,1.9860541485249996,1.1577129364013672,1589.6669829890166,6.59375,2.8009720000000026e-05,1,2048,,1887.3890142440796
adammini-adaptive_stochastic-r8,adammini,adaptive_stochastic,8,1.1B,sdpa,666,1465,3002368,2.932796001434326,18.780066249462905,nan,nan,nan,nan,6.093371868133545,2.048999786376953,0.009318146854639053,2.048999786376953,1.9860541485249996,1.2156822681427002,1589.7251714661013,6.5,2.7209728000000005e-05,1,2048,,1888.608722448349
adammini-adaptive_stochastic-r8,adammini,adaptive_stochastic,8,1.1B,sdpa,666,1466,3004416,1.7582584619522095,5.802323622845041,nan,nan,nan,nan,6.093371868133545,2.048999786376953,0.009318146854639053,2.048999786376953,1.9860541485249996,1.2152647972106934,1589.7835261447642,5.5,2.640973599999998e-05,1,2048,,1889.8271057605743
adammini-adaptive_stochastic-r8,adammini,adaptive_stochastic,8,1.1B,sdpa,666,1467,3006464,2.323115110397339,10.207422078138414,nan,nan,nan,nan,6.093371868133545,2.048999786376953,0.009318146854639053,2.048999786376953,1.9860541485249996,1.2141180038452148,1589.842035304893,6.40625,2.5609743999999956e-05,1,2048,,1891.0457348823547
adammini-adaptive_stochastic-r8,adammini,adaptive_stochastic,8,1.1B,sdpa,666,1468,3008512,2.23183012008667,9.316901534908775,nan,nan,nan,nan,6.093376159667969,2.048999786376953,0.009318146854639053,2.048999786376953,1.9860584400594234,1.1822798252105713,1589.9268014411393,5.375,2.4809752000000047e-05,1,2048,,1892.2330243587494
adammini-adaptive_stochastic-r8,adammini,adaptive_stochastic,8,1.1B,sdpa,666,1469,3010560,2.525134325027466,12.492573216149152,nan,nan,nan,nan,6.093376159667969,2.048999786376953,0.009318146854639053,2.048999786376953,1.9860584400594234,1.1841914653778076,1590.010270201249,5.625,2.4009760000000023e-05,1,2048,,1893.4217321872711
adammini-adaptive_stochastic-r8,adammini,adaptive_stochastic,8,1.1B,sdpa,666,1470,3012608,2.463452100753784,11.74528755216096,nan,nan,nan,nan,6.093376159667969,2.048999786376953,0.009318146854639053,2.048999786376953,1.9860584400594234,1.216243028640747,1590.067908631698,6.59375,2.3209768e-05,1,2048,,1894.6410927772522
adammini-adaptive_stochastic-r8,adammini,adaptive_stochastic,8,1.1B,sdpa,666,1471,3014656,2.5048820972442627,12.242115501554805,nan,nan,nan,nan,6.093376159667969,2.048999786376953,0.009318146854639053,2.048999786376953,1.9860584400594234,1.2193949222564697,1590.1182908248807,5.78125,2.2409775999999974e-05,1,2048,,1895.8690164089203
adammini-adaptive_stochastic-r8,adammini,adaptive_stochastic,8,1.1B,sdpa,666,1472,3016704,2.6058337688446045,13.542511921396054,nan,nan,nan,nan,6.093376159667969,2.048999786376953,0.009318146854639053,2.048999786376953,1.9860584400594234,1.1924710273742676,1590.1983251353652,5.53125,2.1609783999999957e-05,1,2048,,1897.0614874362946
adammini-adaptive_stochastic-r8,adammini,adaptive_stochastic,8,1.1B,sdpa,666,1473,3018752,2.2622880935668945,9.605041276100616,nan,nan,nan,nan,6.093376159667969,2.048999786376953,0.009318146854639053,2.048999786376953,1.9860584400594234,1.2008445262908936,1590.2668717572237,5.46875,2.0809792000000044e-05,1,2048,,1898.267550945282
adammini-adaptive_stochastic-r8,adammini,adaptive_stochastic,8,1.1B,sdpa,666,1474,3020800,2.333664894104004,10.315678208590878,nan,nan,nan,nan,6.093376159667969,2.048999786376953,0.009318146854639053,2.048999786376953,1.9860584400594234,1.2004778385162354,1590.336044760466,5.28125,2.000980000000002e-05,1,2048,,1899.4727623462677
adammini-adaptive_stochastic-r8,adammini,adaptive_stochastic,8,1.1B,sdpa,666,1475,3022848,2.3974990844726562,10.995642791611685,nan,nan,nan,nan,6.093376159667969,2.048999786376953,0.009318146854639053,2.048999786376953,1.9860584400594234,1.2164933681488037,1590.3923847897854,5.1875,1.9209807999999995e-05,1,2048,,1900.6932055950165
adammini-adaptive_stochastic-r8,adammini,adaptive_stochastic,8,1.1B,sdpa,666,1476,3024896,2.5785627365112305,13.17818401913514,nan,nan,nan,nan,6.093376159667969,2.048999786376953,0.009318146854639053,2.048999786376953,1.9860584400594234,1.2194743156433105,1590.4456772575975,5.65625,1.840981599999997e-05,1,2048,,1901.9172067642212
adammini-adaptive_stochastic-r8,adammini,adaptive_stochastic,8,1.1B,sdpa,666,1477,3026944,2.895742654800415,18.096936228498546,nan,nan,nan,nan,6.093376159667969,2.048999786376953,0.009318146854639053,2.048999786376953,1.9860584400594234,1.2157402038574219,1590.501908091538,7.4375,1.760982399999995e-05,1,2048,,1903.138607263565
adammini-adaptive_stochastic-r8,adammini,adaptive_stochastic,8,1.1B,sdpa,666,1478,3028992,2.176142930984497,8.812251163594578,nan,nan,nan,nan,6.093376159667969,2.048999786376953,0.009318146854639053,2.048999786376953,1.9860584400594234,1.2193267345428467,1590.5535065461434,5.28125,1.6809832000000038e-05,1,2048,,1904.3634731769562
adammini-adaptive_stochastic-r8,adammini,adaptive_stochastic,8,1.1B,sdpa,666,1479,3031040,2.137922525405884,8.481798591817551,nan,nan,nan,nan,6.093376159667969,2.048999786376953,0.009318146854639053,2.048999786376953,1.9860584400594234,1.1673078536987305,1590.6501497051265,5.03125,1.6009840000000013e-05,1,2048,,1905.5352935791016
adammini-adaptive_stochastic-r8,adammini,adaptive_stochastic,8,1.1B,sdpa,666,1480,3033088,1.969552993774414,7.16747186761073,nan,nan,nan,nan,6.093376159667969,2.048999786376953,0.009318146854639053,2.048999786376953,1.9860584400594234,1.199751853942871,1590.7194451217467,5.40625,1.520984799999999e-05,1,2048,,1906.739751815796
adammini-adaptive_stochastic-r8,adammini,adaptive_stochastic,8,1.1B,sdpa,666,1481,3035136,2.4062538146972656,11.092329292467717,nan,nan,nan,nan,6.093376159667969,2.048999786376953,0.009318146854639053,2.048999786376953,1.9860584400594234,1.2082147598266602,1590.7809260550434,5.21875,1.440985599999997e-05,1,2048,,1907.9534776210785
adammini-adaptive_stochastic-r8,adammini,adaptive_stochastic,8,1.1B,sdpa,666,1482,3037184,2.7045674324035645,14.947849336583614,nan,nan,nan,nan,6.093376159667969,2.048999786376953,0.009318146854639053,2.048999786376953,1.9860584400594234,1.2120282649993896,1590.8416547440695,5.125,1.3609863999999946e-05,1,2048,,1909.1685333251953
adammini-adaptive_stochastic-r8,adammini,adaptive_stochastic,8,1.1B,sdpa,666,1483,3039232,2.3677420616149902,10.673265480122112,nan,nan,nan,nan,6.093376159667969,2.048999786376953,0.009318146854639053,2.048999786376953,1.9860584400594234,1.2120304107666016,1590.9008945482838,5.78125,1.2809872000000033e-05,1,2048,,1910.3842422962189
adammini-adaptive_stochastic-r8,adammini,adaptive_stochastic,8,1.1B,sdpa,666,1484,3041280,2.4358365535736084,11.425372652941249,nan,nan,nan,nan,6.093376159667969,2.048999786376953,0.009318146854639053,2.048999786376953,1.9860584400594234,1.2080936431884766,1590.9630796416786,5.78125,1.200988000000001e-05,1,2048,,1911.596842765808
adammini-adaptive_stochastic-r8,adammini,adaptive_stochastic,8,1.1B,sdpa,666,1485,3043328,2.0611321926116943,7.854857989985494,nan,nan,nan,nan,6.093376159667969,2.048999786376953,0.009318146854639053,2.048999786376953,1.9860584400594234,1.2086210250854492,1591.0250736485582,5.8125,1.1209887999999988e-05,1,2048,,1912.809578180313
adammini-adaptive_stochastic-r8,adammini,adaptive_stochastic,8,1.1B,sdpa,666,1486,3045376,2.2051632404327393,9.071732320503465,nan,nan,nan,nan,6.093376159667969,2.048999786376953,0.009318146854639053,2.048999786376953,1.9860584400594234,1.2084412574768066,1591.0846977967506,5.375,1.0409895999999965e-05,1,2048,,1914.025069952011
adammini-adaptive_stochastic-r8,adammini,adaptive_stochastic,8,1.1B,sdpa,666,1487,3047424,2.2795445919036865,9.772229043786268,nan,nan,nan,nan,6.093376159667969,2.048999786376953,0.009318146854639053,2.048999786376953,1.9860584400594234,1.215973138809204,1591.1425975031027,4.96875,9.609904000000053e-06,1,2048,,1915.2425463199615
adammini-adaptive_stochastic-r8,adammini,adaptive_stochastic,8,1.1B,sdpa,666,1488,3049472,2.303647756576538,10.010632284094932,nan,nan,nan,nan,6.093376159667969,2.048999786376953,0.009318146854639053,2.048999786376953,1.9860584400594234,1.2431831359863281,1591.1764780524366,5.03125,8.809912000000032e-06,1,2048,,1916.4888634681702
adammini-adaptive_stochastic-r8,adammini,adaptive_stochastic,8,1.1B,sdpa,666,1489,3051520,1.6843533515930176,5.388965039739294,nan,nan,nan,nan,6.093376159667969,2.048999786376953,0.009318146854639053,2.048999786376953,1.9860584400594234,1.3713209629058838,1591.1041115141331,5.4375,8.009920000000007e-06,1,2048,,1917.8631856441498
adammini-adaptive_stochastic-r8,adammini,adaptive_stochastic,8,1.1B,sdpa,666,1490,3053568,2.242929458618164,9.420889007628764,nan,nan,nan,nan,6.093376159667969,2.048999786376953,0.009318146854639053,2.048999786376953,1.9860584400594234,1.3673410415649414,1591.0351044617219,5.0,7.209927999999985e-06,1,2048,,1919.2335803508759
adammini-adaptive_stochastic-r8,adammini,adaptive_stochastic,8,1.1B,sdpa,666,1491,3055616,2.253363609313965,9.51970260470704,nan,nan,nan,nan,6.093376159667969,2.048999786376953,0.009318146854639053,2.048999786376953,1.9860584400594234,1.3717448711395264,1590.9617014308276,5.4375,6.409935999999961e-06,1,2048,,1920.6094007492065
adammini-adaptive_stochastic-r8,adammini,adaptive_stochastic,8,1.1B,sdpa,666,1492,3057664,2.2693238258361816,9.67285806558915,nan,nan,nan,nan,6.093376159667969,2.048999786376953,0.009318146854639053,2.048999786376953,1.9860584400594234,1.3874366283416748,1590.8774233938484,6.9375,5.609944000000049e-06,1,2048,,1921.9984865188599
adammini-adaptive_stochastic-r8,adammini,adaptive_stochastic,8,1.1B,sdpa,666,1493,3059712,1.8876763582229614,6.604005495620474,nan,nan,nan,nan,6.093376159667969,2.048999786376953,0.009318146854639053,2.048999786376953,1.9860584400594234,1.3638637065887451,1590.8108198433215,5.65625,4.809952000000026e-06,1,2048,,1923.3673496246338
adammini-adaptive_stochastic-r8,adammini,adaptive_stochastic,8,1.1B,sdpa,666,1494,3061760,2.1073365211486816,8.226301499451681,nan,nan,nan,nan,6.093376159667969,2.048999786376953,0.009318146854639053,2.048999786376953,1.9860584400594234,1.3667166233062744,1590.7415365437953,5.875,4.009960000000004e-06,1,2048,,1924.7375702857971
adammini-adaptive_stochastic-r8,adammini,adaptive_stochastic,8,1.1B,sdpa,666,1495,3063808,2.3241195678710938,10.217680150568853,nan,nan,nan,nan,6.093376159667969,2.048999786376953,0.009318146854639053,2.048999786376953,1.9860584400594234,1.3651962280273438,1590.6740233554342,5.9375,3.2099679999999807e-06,1,2048,,1926.1067667007446
adammini-adaptive_stochastic-r8,adammini,adaptive_stochastic,8,1.1B,sdpa,666,1496,3065856,1.8450555801391602,6.328451516843452,nan,nan,nan,nan,6.093376159667969,2.048999786376953,0.009318146854639053,2.048999786376953,1.9860584400594234,1.367375373840332,1590.6056331577458,6.0,2.409975999999958e-06,1,2048,,1927.4771420955658
adammini-adaptive_stochastic-r8,adammini,adaptive_stochastic,8,1.1B,sdpa,666,1497,3067904,2.3989040851593018,11.011102535216036,nan,nan,nan,nan,6.093376159667969,2.048999786376953,0.009318146854639053,2.048999786376953,1.9860584400594234,1.3640010356903076,1590.5392967146265,5.1875,1.6099840000000458e-06,1,2048,,1928.8451447486877
adammini-adaptive_stochastic-r8,adammini,adaptive_stochastic,8,1.1B,sdpa,666,1498,3069952,2.1066620349884033,8.220754843721567,nan,nan,nan,nan,6.093376159667969,2.048999786376953,0.009318146854639053,2.048999786376953,1.9860584400594234,1.3703153133392334,1590.467849266066,5.3125,8.099920000000229e-07,1,2048,,1930.219464302063
adammini-adaptive_stochastic-r8,adammini,adaptive_stochastic,8,1.1B,sdpa,666,1499,3072000,2.21409273147583,9.153101022888386,nan,nan,nan,nan,6.093376159667969,2.048999786376953,0.009314332157373428,2.048999786376953,1.986062254756689,15.779275894165039,1578.6207355400209,5.4375,1e-08,1,2048,,1946.0025646686554
