run_name,opt,proj,rank,size,attention,seed,step,tokens_seen,train_loss,train_ppl_capped,val_loss,val_perplexity,test_loss,test_perplexity,vram_total_peak_gb,vram_model_gb,vram_optimizer_gb,vram_gradients_gb,vram_activations_gb,iter_time,tokens_per_sec,grad_norm,lr,batch_size,sequence_length,max_projected_params,wall_time_sec
adammini-fisher_projector-r8,adammini,fisher_projector,8,1.1B,sdpa,666,0,2048,1.9975624084472656,7.371066532716149,2.3571549570289947,10.560862562835332,nan,nan,6.078336715698242,2.048999786376953,0.009350571781396866,2.048999786376953,1.970986571162939,159.9335823059082,12.805035244137802,5.8125,2e-06,1,2048,,161.34357833862305
adammini-fisher_projector-r8,adammini,fisher_projector,8,1.1B,sdpa,666,1,4096,2.4645888805389404,11.758646949528877,nan,nan,nan,nan,6.09505033493042,2.048999786376953,0.009350571781396866,2.048999786376953,1.9877001903951168,0.9819087982177734,25.232786171620543,6.65625,4e-06,1,2048,,162.32948541641235
adammini-fisher_projector-r8,adammini,fisher_projector,8,1.1B,sdpa,666,2,6144,2.5501186847686768,12.808623881017374,nan,nan,nan,nan,6.09505033493042,2.048999786376953,0.009350571781396866,2.048999786376953,1.9877001903951168,0.9802885055541992,37.62106192750886,6.40625,6e-06,1,2048,,163.31377911567688
adammini-fisher_projector-r8,adammini,fisher_projector,8,1.1B,sdpa,666,3,8192,2.3227813243865967,10.204015552000003,nan,nan,nan,nan,6.09505033493042,2.048999786376953,0.009350571781396866,2.048999786376953,1.9877001903951168,0.9794878959655762,49.861146414495316,6.28125,8e-06,1,2048,,164.2972617149353
adammini-fisher_projector-r8,adammini,fisher_projector,8,1.1B,sdpa,666,4,10240,2.4508864879608154,11.598624203835868,nan,nan,nan,nan,6.09505033493042,2.048999786376953,0.009350571781396866,2.048999786376953,1.9877001903951168,0.9800131320953369,61.95274237387993,6.5,1e-05,1,2048,,165.28827667236328
adammini-fisher_projector-r8,adammini,fisher_projector,8,1.1B,sdpa,666,5,12288,1.2804871797561646,3.5983923625237533,nan,nan,nan,nan,6.09602689743042,2.048999786376953,0.009350571781396866,2.048999786376953,1.9886767528951168,0.9813523292541504,73.90361139715759,5.21875,1.2e-05,1,2048,,166.2716293334961
adammini-fisher_projector-r8,adammini,fisher_projector,8,1.1B,sdpa,666,6,14336,0.6174934506416321,1.8542743817067155,nan,nan,nan,nan,6.09602689743042,2.048999786376953,0.009350571781396866,2.048999786376953,1.9886767528951168,1.035538673400879,85.68619282432137,4.0625,1.4e-05,1,2048,,167.30917286872864
adammini-fisher_projector-r8,adammini,fisher_projector,8,1.1B,sdpa,666,7,16384,2.598814010620117,13.447779649786897,nan,nan,nan,nan,6.09602689743042,2.048999786376953,0.009350571781396866,2.048999786376953,1.9886767528951168,1.004587173461914,97.3414347917462,6.0625,1.6e-05,1,2048,,168.3147575855255
adammini-fisher_projector-r8,adammini,fisher_projector,8,1.1B,sdpa,666,8,18432,2.018026828765869,7.52346519297697,nan,nan,nan,nan,6.09602689743042,2.048999786376953,0.009350571781396866,2.048999786376953,1.9886767528951168,0.9957358837127686,108.8631481294182,6.03125,1.8e-05,1,2048,,169.31449341773987
adammini-fisher_projector-r8,adammini,fisher_projector,8,1.1B,sdpa,666,9,20480,2.3887369632720947,10.899718500638276,nan,nan,nan,nan,6.09602689743042,2.048999786376953,0.009350571781396866,2.048999786376953,1.9886767528951168,0.9813487529754639,120.25918400691538,5.84375,2e-05,1,2048,,170.29984712600708
adammini-fisher_projector-r8,adammini,fisher_projector,8,1.1B,sdpa,666,10,22528,2.4091813564300537,11.12485012921197,nan,nan,nan,nan,6.09602689743042,2.048999786376953,0.009350571781396866,2.048999786376953,1.9886767528951168,0.9810829162597656,131.52507236209914,6.53125,2.2e-05,1,2048,,171.28293180465698
adammini-fisher_projector-r8,adammini,fisher_projector,8,1.1B,sdpa,666,11,24576,2.1253349781036377,8.375702695265042,nan,nan,nan,nan,6.09602689743042,2.048999786376953,0.009350571781396866,2.048999786376953,1.9886767528951168,0.98105788230896,142.6622656452731,5.5625,2.4e-05,1,2048,,172.266996383667
adammini-fisher_projector-r8,adammini,fisher_projector,8,1.1B,sdpa,666,12,26624,2.6105458736419678,13.606476241724648,nan,nan,nan,nan,6.09602689743042,2.048999786376953,0.009350571781396866,2.048999786376953,1.9886767528951168,0.9820716381072998,153.67116041239592,6.53125,2.6e-05,1,2048,,173.25406908988953
adammini-fisher_projector-r8,adammini,fisher_projector,8,1.1B,sdpa,666,13,28672,2.7198095321655273,15.177431157187655,nan,nan,nan,nan,6.09602689743042,2.048999786376953,0.009350571781396866,2.048999786376953,1.9886767528951168,0.9813113212585449,164.55616796400864,6.21875,2.8e-05,1,2048,,174.238379240036
adammini-fisher_projector-r8,adammini,fisher_projector,8,1.1B,sdpa,666,14,30720,2.6527342796325684,14.192792703033009,nan,nan,nan,nan,6.09602689743042,2.048999786376953,0.009350571781396866,2.048999786376953,1.9886767528951168,0.9827899932861328,175.31727948468557,6.9375,3e-05,1,2048,,175.22617101669312
adammini-fisher_projector-r8,adammini,fisher_projector,8,1.1B,sdpa,666,15,32768,2.476423978805542,11.89863846428373,nan,nan,nan,nan,6.09602689743042,2.048999786376953,0.009350571781396866,2.048999786376953,1.9886767528951168,0.9816265106201172,185.96014598556303,6.125,3.2e-05,1,2048,,176.2107994556427
adammini-fisher_projector-r8,adammini,fisher_projector,8,1.1B,sdpa,666,16,34816,2.393588066101074,10.952722616152839,nan,nan,nan,nan,6.09602689743042,2.048999786376953,0.009350571781396866,2.048999786376953,1.9886767528951168,0.9808650016784668,196.4855802732282,6.25,3.4000000000000007e-05,1,2048,,177.194664478302
adammini-fisher_projector-r8,adammini,fisher_projector,8,1.1B,sdpa,666,17,36864,2.7972946166992188,16.400217824099236,nan,nan,nan,nan,6.09602689743042,2.048999786376953,0.009350571781396866,2.048999786376953,1.9886767528951168,0.9803757667541504,206.8941823337549,6.875,3.6e-05,1,2048,,178.17904019355774
adammini-fisher_projector-r8,adammini,fisher_projector,8,1.1B,sdpa,666,18,38912,2.563612699508667,12.982635054694246,nan,nan,nan,nan,6.09602689743042,2.048999786376953,0.009350571781396866,2.048999786376953,1.9886767528951168,0.9797255992889404,217.18919700878922,6.125,3.8e-05,1,2048,,179.16276669502258
adammini-fisher_projector-r8,adammini,fisher_projector,8,1.1B,sdpa,666,19,40960,2.631850481033325,13.899466818690083,nan,nan,nan,nan,6.09602689743042,2.048999786376953,0.009350571781396866,2.048999786376953,1.9886767528951168,0.9806604385375977,227.3705946769002,5.75,4e-05,1,2048,,180.14742588996887
adammini-fisher_projector-r8,adammini,fisher_projector,8,1.1B,sdpa,666,20,43008,3.350985288619995,28.530830902546846,2.338018493100138,10.360686437684928,nan,nan,6.09602689743042,2.048999786376953,0.009350571781396866,2.048999786376953,1.9886767528951168,0.9803555011749268,237.4416963516788,6.9375,4.2000000000000004e-05,1,2048,,182.5348606109619
adammini-fisher_projector-r8,adammini,fisher_projector,8,1.1B,sdpa,666,21,45056,2.631417751312256,13.893453407475334,nan,nan,nan,nan,6.09602689743042,2.048999786376953,0.009350571781396866,2.048999786376953,1.9886767528951168,0.9799914360046387,245.51290188957694,6.90625,4.4e-05,1,2048,,183.51885056495667
adammini-fisher_projector-r8,adammini,fisher_projector,8,1.1B,sdpa,666,22,47104,2.4149534702301025,11.18924971222561,nan,nan,nan,nan,6.09602689743042,2.048999786376953,0.009350571781396866,2.048999786376953,1.9886767528951168,0.981269121170044,255.3019158370183,6.28125,4.6e-05,1,2048,,184.50411939620972
adammini-fisher_projector-r8,adammini,fisher_projector,8,1.1B,sdpa,666,23,49152,2.448795795440674,11.574400378078153,nan,nan,nan,nan,6.09602689743042,2.048999786376953,0.009350571781396866,2.048999786376953,1.9886767528951168,0.9810235500335693,264.985859727063,6.625,4.8e-05,1,2048,,185.48914289474487
adammini-fisher_projector-r8,adammini,fisher_projector,8,1.1B,sdpa,666,24,51200,1.5470551252365112,4.697615902523325,nan,nan,nan,nan,6.09602689743042,2.048999786376953,0.009350571781396866,2.048999786376953,1.9886767528951168,0.982036828994751,274.5688396060074,6.1875,5e-05,1,2048,,186.47518301010132
adammini-fisher_projector-r8,adammini,fisher_projector,8,1.1B,sdpa,666,25,53248,2.600029468536377,13.464134797501721,nan,nan,nan,nan,6.09602689743042,2.048999786376953,0.009350571781396866,2.048999786376953,1.9886767528951168,0.9821908473968506,284.0478486377843,5.875,5.2e-05,1,2048,,187.46237635612488
adammini-fisher_projector-r8,adammini,fisher_projector,8,1.1B,sdpa,666,26,55296,2.126593589782715,8.386251089271248,nan,nan,nan,nan,6.09602689743042,2.048999786376953,0.009350571781396866,2.048999786376953,1.9886767528951168,0.9841241836547852,293.4276422717365,6.875,5.4e-05,1,2048,,188.44950461387634
adammini-fisher_projector-r8,adammini,fisher_projector,8,1.1B,sdpa,666,27,57344,1.7448339462280273,5.724950746821588,nan,nan,nan,nan,6.09602689743042,2.048999786376953,0.009350571781396866,2.048999786376953,1.9886767528951168,0.9793558120727539,302.7157104471573,9.625,5.6e-05,1,2048,,189.43286061286926
adammini-fisher_projector-r8,adammini,fisher_projector,8,1.1B,sdpa,666,28,59392,1.979956865310669,7.242430578430275,nan,nan,nan,nan,6.09602689743042,2.048999786376953,0.009350571781396866,2.048999786376953,1.9886767528951168,0.9814314842224121,311.9044467447856,8.375,5.800000000000001e-05,1,2048,,190.41829419136047
adammini-fisher_projector-r8,adammini,fisher_projector,8,1.1B,sdpa,666,29,61440,2.2443349361419678,9.434139164600982,nan,nan,nan,nan,6.09602689743042,2.048999786376953,0.009350571781396866,2.048999786376953,1.9886767528951168,0.9799644947052002,321.0010285900454,7.6875,6e-05,1,2048,,191.40125584602356
adammini-fisher_projector-r8,adammini,fisher_projector,8,1.1B,sdpa,666,30,63488,1.8597688674926758,6.422252208614735,nan,nan,nan,nan,6.09602689743042,2.048999786376953,0.009350571781396866,2.048999786376953,1.9886767528951168,0.980452299118042,330.0037127677019,5.09375,6.2e-05,1,2048,,192.386714220047
adammini-fisher_projector-r8,adammini,fisher_projector,8,1.1B,sdpa,666,31,65536,2.2566237449645996,9.550788771579285,nan,nan,nan,nan,6.09602689743042,2.048999786376953,0.009350571781396866,2.048999786376953,1.9886767528951168,0.9791347980499268,338.9170510476587,6.03125,6.4e-05,1,2048,,193.3698489665985
adammini-fisher_projector-r8,adammini,fisher_projector,8,1.1B,sdpa,666,32,67584,2.271517276763916,9.694098291267357,nan,nan,nan,nan,6.09602689743042,2.048999786376953,0.009350571781396866,2.048999786376953,1.9886767528951168,0.9795138835906982,347.7395339294477,7.75,6.6e-05,1,2048,,194.35236263275146
adammini-fisher_projector-r8,adammini,fisher_projector,8,1.1B,sdpa,666,33,69632,2.237673044204712,9.371498832196927,nan,nan,nan,nan,6.09602689743042,2.048999786376953,0.009350571781396866,2.048999786376953,1.9886767528951168,0.9794785976409912,356.4732377058214,5.9375,6.800000000000001e-05,1,2048,,195.33684182167053
adammini-fisher_projector-r8,adammini,fisher_projector,8,1.1B,sdpa,666,34,71680,2.311211585998535,10.086638084184738,nan,nan,nan,nan,6.09602689743042,2.048999786376953,0.009350571781396866,2.048999786376953,1.9886767528951168,0.9798152446746826,365.1206718557156,5.15625,7.000000000000001e-05,1,2048,,196.32016324996948
adammini-fisher_projector-r8,adammini,fisher_projector,8,1.1B,sdpa,666,35,73728,2.2666561603546143,9.647088503587282,nan,nan,nan,nan,6.09602689743042,2.048999786376953,0.009350571781396866,2.048999786376953,1.9886767528951168,0.9829041957855225,373.6732449846682,6.15625,7.2e-05,1,2048,,197.30707478523254
adammini-fisher_projector-r8,adammini,fisher_projector,8,1.1B,sdpa,666,36,75776,2.210395574569702,9.119323051934249,nan,nan,nan,nan,6.09602689743042,2.048999786376953,0.009350571781396866,2.048999786376953,1.9886767528951168,0.98282790184021,382.14177505767265,5.90625,7.4e-05,1,2048,,198.2938985824585
adammini-fisher_projector-r8,adammini,fisher_projector,8,1.1B,sdpa,666,37,77824,2.217363119125366,9.183084213032364,nan,nan,nan,nan,6.09602689743042,2.048999786376953,0.009350571781396866,2.048999786376953,1.9886767528951168,0.9814321994781494,390.5272052442817,5.59375,7.6e-05,1,2048,,199.28033065795898
adammini-fisher_projector-r8,adammini,fisher_projector,8,1.1B,sdpa,666,38,79872,2.650315523147583,14.158505276825954,nan,nan,nan,nan,6.09602689743042,2.048999786376953,0.009350571781396866,2.048999786376953,1.9886767528951168,0.9806230068206787,398.83363243900914,8.875,7.8e-05,1,2048,,200.26495361328125
adammini-fisher_projector-r8,adammini,fisher_projector,8,1.1B,sdpa,666,39,81920,2.4231157302856445,11.280953022210554,nan,nan,nan,nan,6.09602689743042,2.048999786376953,0.009350571781396866,2.048999786376953,1.9886767528951168,0.9787306785583496,407.0585616083832,6.1875,8e-05,1,2048,,201.24968457221985
adammini-fisher_projector-r8,adammini,fisher_projector,8,1.1B,sdpa,666,40,83968,2.6138570308685303,13.651604095338879,2.3488001649461814,10.472996315129771,nan,nan,6.09602689743042,2.048999786376953,0.009350571781396866,2.048999786376953,1.9886767528951168,0.9801888465881348,415.20244661275115,5.9375,8.2e-05,1,2048,,203.63721251487732
adammini-fisher_projector-r8,adammini,fisher_projector,8,1.1B,sdpa,666,41,86016,2.3153820037841797,10.128791416456133,nan,nan,nan,nan,6.09602689743042,2.048999786376953,0.009350571781396866,2.048999786376953,1.9886767528951168,0.9828081130981445,420.3632608278748,6.65625,8.400000000000001e-05,1,2048,,204.62438368797302
adammini-fisher_projector-r8,adammini,fisher_projector,8,1.1B,sdpa,666,42,88064,2.1244447231292725,8.36824950239005,nan,nan,nan,nan,6.09602689743042,2.048999786376953,0.009350571781396866,2.048999786376953,1.9886767528951168,0.9791305065155029,428.31119161360834,5.15625,8.599999999999999e-05,1,2048,,205.60851573944092
adammini-fisher_projector-r8,adammini,fisher_projector,8,1.1B,sdpa,666,43,90112,2.5086989402770996,12.288931021724933,nan,nan,nan,nan,6.09602689743042,2.048999786376953,0.009350571781396866,2.048999786376953,1.9886767528951168,0.9778058528900146,436.18270463919686,6.3125,8.8e-05,1,2048,,206.59332728385925
adammini-fisher_projector-r8,adammini,fisher_projector,8,1.1B,sdpa,666,44,92160,2.242776870727539,9.419451603715283,nan,nan,nan,nan,6.09602689743042,2.048999786376953,0.009350571781396866,2.048999786376953,1.9886767528951168,0.9801750183105469,443.98516528999244,6.96875,8.999999999999999e-05,1,2048,,207.57550406455994
adammini-fisher_projector-r8,adammini,fisher_projector,8,1.1B,sdpa,666,45,94208,2.3770477771759033,10.77305142249416,nan,nan,nan,nan,6.09602689743042,2.048999786376953,0.009350571781396866,2.048999786376953,1.9886767528951168,0.9791698455810547,451.7119838864921,10.3125,9.2e-05,1,2048,,208.55767250061035
adammini-fisher_projector-r8,adammini,fisher_projector,8,1.1B,sdpa,666,46,96256,2.928743839263916,18.704120351914945,nan,nan,nan,nan,6.09602689743042,2.048999786376953,0.009350571781396866,2.048999786376953,1.9886767528951168,0.9801027774810791,459.3664400764779,6.5625,9.400000000000001e-05,1,2048,,209.54177808761597
adammini-fisher_projector-r8,adammini,fisher_projector,8,1.1B,sdpa,666,47,98304,2.503737211227417,12.228107694901524,nan,nan,nan,nan,6.09602689743042,2.048999786376953,0.009350571781396866,2.048999786376953,1.9886767528951168,0.9776756763458252,466.9503513002554,6.96875,9.6e-05,1,2048,,210.52445268630981
adammini-fisher_projector-r8,adammini,fisher_projector,8,1.1B,sdpa,666,48,100352,2.4205410480499268,11.251945511447836,nan,nan,nan,nan,6.09602689743042,2.048999786376953,0.009350571781396866,2.048999786376953,1.9886767528951168,0.9779262542724609,474.4620949299887,5.53125,9.800000000000001e-05,1,2048,,211.5078845024109
adammini-fisher_projector-r8,adammini,fisher_projector,8,1.1B,sdpa,666,49,102400,2.526146650314331,12.505226167284505,nan,nan,nan,nan,6.09602689743042,2.048999786376953,0.009350571781396866,2.048999786376953,1.9886767528951168,0.9802730083465576,481.90239540537135,6.0,0.0001,1,2048,,212.49116206169128
adammini-fisher_projector-r8,adammini,fisher_projector,8,1.1B,sdpa,666,50,104448,2.5850741863250732,13.264273081142905,nan,nan,nan,nan,6.09602689743042,2.048999786376953,0.009350571781396866,2.048999786376953,1.9886767528951168,0.9783878326416016,489.2784122917591,5.96875,0.000102,1,2048,,213.4745512008667
adammini-fisher_projector-r8,adammini,fisher_projector,8,1.1B,sdpa,666,51,106496,2.5459840297698975,12.755773973617861,nan,nan,nan,nan,6.09602689743042,2.048999786376953,0.009350571781396866,2.048999786376953,1.9886767528951168,0.9816291332244873,496.57703345238315,7.34375,0.000104,1,2048,,214.46117997169495
adammini-fisher_projector-r8,adammini,fisher_projector,8,1.1B,sdpa,666,52,108544,2.555471897125244,12.877375020189032,nan,nan,nan,nan,6.09602689743042,2.048999786376953,0.009350571781396866,2.048999786376953,1.9886767528951168,0.9823093414306641,503.8142241688014,6.65625,0.000106,1,2048,,215.4454927444458
adammini-fisher_projector-r8,adammini,fisher_projector,8,1.1B,sdpa,666,53,110592,2.889204502105713,17.979001653376873,nan,nan,nan,nan,6.09602689743042,2.048999786376953,0.009350571781396866,2.048999786376953,1.9886767528951168,0.9783830642700195,510.9854197055747,7.09375,0.000108,1,2048,,216.42987608909607
adammini-fisher_projector-r8,adammini,fisher_projector,8,1.1B,sdpa,666,54,112640,2.975270986557007,19.594932493487832,nan,nan,nan,nan,6.09602689743042,2.048999786376953,0.009350571781396866,2.048999786376953,1.9886767528951168,0.9816021919250488,518.0887665256511,6.15625,0.00011,1,2048,,217.41548037528992
adammini-fisher_projector-r8,adammini,fisher_projector,8,1.1B,sdpa,666,55,114688,2.426285743713379,11.31677053577394,nan,nan,nan,nan,6.09602689743042,2.048999786376953,0.009350571781396866,2.048999786376953,1.9886767528951168,0.9810066223144531,525.1294374141049,5.375,0.000112,1,2048,,218.40048813819885
adammini-fisher_projector-r8,adammini,fisher_projector,8,1.1B,sdpa,666,56,116736,2.375319719314575,10.75445104218841,nan,nan,nan,nan,6.09602689743042,2.048999786376953,0.009350571781396866,2.048999786376953,1.9886767528951168,0.9819145202636719,532.1046829056048,6.53125,0.000114,1,2048,,219.38640141487122
adammini-fisher_projector-r8,adammini,fisher_projector,8,1.1B,sdpa,666,57,118784,2.0450236797332764,7.729341564489511,nan,nan,nan,nan,6.09602689743042,2.048999786376953,0.009350571781396866,2.048999786376953,1.9886767528951168,0.9805698394775391,539.0208028614682,7.0625,0.00011600000000000001,1,2048,,220.37097144126892
adammini-fisher_projector-r8,adammini,fisher_projector,8,1.1B,sdpa,666,58,120832,2.458181619644165,11.6835470799053,nan,nan,nan,nan,6.09602689743042,2.048999786376953,0.009350571781396866,2.048999786376953,1.9886767528951168,0.9860949516296387,545.8593142278261,6.65625,0.000118,1,2048,,221.3620662689209
adammini-fisher_projector-r8,adammini,fisher_projector,8,1.1B,sdpa,666,59,122880,2.405423879623413,11.083127198435665,nan,nan,nan,nan,6.09602689743042,2.048999786376953,0.009350571781396866,2.048999786376953,1.9886767528951168,1.0427589416503906,552.4985457326773,5.71875,0.00012,1,2048,,222.40882873535156
adammini-fisher_projector-r8,adammini,fisher_projector,8,1.1B,sdpa,666,60,124928,2.4777989387512207,11.915009868013225,2.350786338319801,10.49381817261738,nan,nan,6.09602689743042,2.048999786376953,0.009350571781396866,2.048999786376953,1.9886767528951168,0.9841687679290771,559.2159249916716,6.0,0.000122,1,2048,,224.85454106330872
adammini-fisher_projector-r8,adammini,fisher_projector,8,1.1B,sdpa,666,61,126976,2.424811840057373,11.300102992500937,nan,nan,nan,nan,6.09602689743042,2.048999786376953,0.009350571781396866,2.048999786376953,1.9886767528951168,0.9820220470428467,562.2448183102191,5.65625,0.000124,1,2048,,225.83856320381165
adammini-fisher_projector-r8,adammini,fisher_projector,8,1.1B,sdpa,666,62,129024,2.730928659439087,15.347132663818732,nan,nan,nan,nan,6.09602689743042,2.048999786376953,0.009350571781396866,2.048999786376953,1.9886767528951168,0.9818611145019531,568.8276302070099,6.0625,0.000126,1,2048,,226.82542538642883
adammini-fisher_projector-r8,adammini,fisher_projector,8,1.1B,sdpa,666,63,131072,3.0176384449005127,20.442957464245946,nan,nan,nan,nan,6.09602689743042,2.048999786376953,0.009350571781396866,2.048999786376953,1.9886767528951168,0.9821853637695312,575.3525895154155,7.875,0.000128,1,2048,,227.81260991096497
adammini-fisher_projector-r8,adammini,fisher_projector,8,1.1B,sdpa,666,64,133120,2.040727138519287,7.696203370686705,nan,nan,nan,nan,6.09602689743042,2.048999786376953,0.009350571781396866,2.048999786376953,1.9886767528951168,0.9836297035217285,581.8175726313098,5.40625,0.00013000000000000002,1,2048,,228.80123949050903
adammini-fisher_projector-r8,adammini,fisher_projector,8,1.1B,sdpa,666,65,135168,2.196826696395874,8.99641978383401,nan,nan,nan,nan,6.09602689743042,2.048999786376953,0.009350571781396866,2.048999786376953,1.9886767528951168,1.0317749977111816,588.1062647585582,5.34375,0.000132,1,2048,,229.8370144367218
adammini-fisher_projector-r8,adammini,fisher_projector,8,1.1B,sdpa,666,66,137216,2.7044098377227783,14.945493820652242,nan,nan,nan,nan,6.09602689743042,2.048999786376953,0.009350571781396866,2.048999786376953,1.9886767528951168,0.9806420803070068,594.4676197623237,6.625,0.000134,1,2048,,230.82265663146973
adammini-fisher_projector-r8,adammini,fisher_projector,8,1.1B,sdpa,666,67,139264,2.904386043548584,18.254033029801345,nan,nan,nan,nan,6.09602689743042,2.048999786376953,0.009350571781396866,2.048999786376953,1.9886767528951168,0.9811007976531982,600.778861702827,6.53125,0.00013600000000000003,1,2048,,231.80675888061523
adammini-fisher_projector-r8,adammini,fisher_projector,8,1.1B,sdpa,666,68,141312,2.208747386932373,9.104305076040067,nan,nan,nan,nan,6.09602689743042,2.048999786376953,0.009350571781396866,2.048999786376953,1.9886767528951168,0.9821248054504395,607.0314720813222,6.78125,0.00013800000000000002,1,2048,,232.7918839454651
adammini-fisher_projector-r8,adammini,fisher_projector,8,1.1B,sdpa,666,69,143360,2.5599451065063477,12.935107242826742,nan,nan,nan,nan,6.09602689743042,2.048999786376953,0.009350571781396866,2.048999786376953,1.9886767528951168,0.9834654331207275,613.2304340943216,5.875,0.00014000000000000001,1,2048,,233.7793526649475
adammini-fisher_projector-r8,adammini,fisher_projector,8,1.1B,sdpa,666,70,145408,2.356511354446411,10.55406775122928,nan,nan,nan,nan,6.09602689743042,2.048999786376953,0.009350571781396866,2.048999786376953,1.9886767528951168,0.9797646999359131,619.3844326554536,5.96875,0.00014199999999999998,1,2048,,234.76311588287354
adammini-fisher_projector-r8,adammini,fisher_projector,8,1.1B,sdpa,666,71,147456,2.0545363426208496,7.803219013668584,nan,nan,nan,nan,6.09602689743042,2.048999786376953,0.009350571781396866,2.048999786376953,1.9886767528951168,0.9820065498352051,625.4784684269625,5.375,0.000144,1,2048,,235.75012278556824
adammini-fisher_projector-r8,adammini,fisher_projector,8,1.1B,sdpa,666,72,149504,2.1439876556396484,8.533398125662437,nan,nan,nan,nan,6.09602689743042,2.048999786376953,0.009350571781396866,2.048999786376953,1.9886767528951168,0.9795780181884766,631.533501568981,5.84375,0.000146,1,2048,,236.73270177841187
adammini-fisher_projector-r8,adammini,fisher_projector,8,1.1B,sdpa,666,73,151552,1.78711998462677,5.97222756709605,nan,nan,nan,nan,6.09602689743042,2.048999786376953,0.009350571781396866,2.048999786376953,1.9886767528951168,0.9829254150390625,637.5268199714477,5.40625,0.000148,1,2048,,237.71962714195251
adammini-fisher_projector-r8,adammini,fisher_projector,8,1.1B,sdpa,666,74,153600,2.0919435024261475,8.100643495616358,nan,nan,nan,nan,6.09602689743042,2.048999786376953,0.009350571781396866,2.048999786376953,1.9886767528951168,0.9962294101715088,643.4374144380273,5.75,0.00015,1,2048,,238.71785593032837
adammini-fisher_projector-r8,adammini,fisher_projector,8,1.1B,sdpa,666,75,155648,2.2246618270874023,9.250354055734181,nan,nan,nan,nan,6.09602689743042,2.048999786376953,0.009350571781396866,2.048999786376953,1.9886767528951168,0.9816057682037354,649.3356287720859,6.75,0.000152,1,2048,,239.70446467399597
adammini-fisher_projector-r8,adammini,fisher_projector,8,1.1B,sdpa,666,76,157696,2.477945327758789,11.916754222156992,nan,nan,nan,nan,6.09602689743042,2.048999786376953,0.009350571781396866,2.048999786376953,1.9886767528951168,0.981191873550415,655.1839499026469,5.5,0.000154,1,2048,,240.68965673446655
adammini-fisher_projector-r8,adammini,fisher_projector,8,1.1B,sdpa,666,77,159744,2.35190749168396,10.505589949915263,nan,nan,nan,nan,6.09602689743042,2.048999786376953,0.009350571781396866,2.048999786376953,1.9886767528951168,0.9820303916931152,660.9849833618142,5.875,0.000156,1,2048,,241.67668437957764
adammini-fisher_projector-r8,adammini,fisher_projector,8,1.1B,sdpa,666,78,161792,2.4756433963775635,11.889354220211946,nan,nan,nan,nan,6.09602689743042,2.048999786376953,0.009350571781396866,2.048999786376953,1.9886767528951168,0.9800176620483398,666.7444078638168,6.15625,0.000158,1,2048,,242.65970301628113
adammini-fisher_projector-r8,adammini,fisher_projector,8,1.1B,sdpa,666,79,163840,1.839764952659607,6.295058450374311,nan,nan,nan,nan,6.09602689743042,2.048999786376953,0.009350571781396866,2.048999786376953,1.9886767528951168,0.982351541519165,672.4536269556216,5.15625,0.00016,1,2048,,243.6460521221161
adammini-fisher_projector-r8,adammini,fisher_projector,8,1.1B,sdpa,666,80,165888,2.3027918338775635,10.00206762255887,2.381484800171404,10.82095790186755,nan,nan,6.09602689743042,2.048999786376953,0.009350571781396866,2.048999786376953,1.9886767528951168,1.0611026287078857,677.8958573105213,5.84375,0.000162,1,2048,,246.15315961837769
adammini-fisher_projector-r8,adammini,fisher_projector,8,1.1B,sdpa,666,81,167936,2.7188193798065186,15.162410625458316,nan,nan,nan,nan,6.09602689743042,2.048999786376953,0.009350571781396866,2.048999786376953,1.9886767528951168,0.9812180995941162,679.5194001661255,6.59375,0.000164,1,2048,,247.14037442207336
adammini-fisher_projector-r8,adammini,fisher_projector,8,1.1B,sdpa,666,82,169984,2.656420946121216,14.245213365648707,nan,nan,nan,nan,6.09602689743042,2.048999786376953,0.009350571781396866,2.048999786376953,1.9886767528951168,0.9810919761657715,685.0755227128229,6.53125,0.00016600000000000002,1,2048,,248.1254687309265
adammini-fisher_projector-r8,adammini,fisher_projector,8,1.1B,sdpa,666,83,172032,2.32820725440979,10.259532305145223,nan,nan,nan,nan,6.09602689743042,2.048999786376953,0.009350571781396866,2.048999786376953,1.9886767528951168,0.9816553592681885,690.5861444951643,6.28125,0.00016800000000000002,1,2048,,249.11112809181213
adammini-fisher_projector-r8,adammini,fisher_projector,8,1.1B,sdpa,666,84,174080,3.0476551055908203,21.065889175783035,nan,nan,nan,nan,6.09602689743042,2.048999786376953,0.009350571781396866,2.048999786376953,1.9886767528951168,0.9812660217285156,696.0544105972047,9.75,0.00017,1,2048,,250.09639191627502
adammini-fisher_projector-r8,adammini,fisher_projector,8,1.1B,sdpa,666,85,176128,2.40687894821167,11.099265647109235,nan,nan,nan,nan,6.09602689743042,2.048999786376953,0.009350571781396866,2.048999786376953,1.9886767528951168,0.9803545475006104,701.4795101306632,6.5625,0.00017199999999999998,1,2048,,251.08174562454224
adammini-fisher_projector-r8,adammini,fisher_projector,8,1.1B,sdpa,666,86,178176,2.5753049850463867,13.135322624635307,nan,nan,nan,nan,6.09602689743042,2.048999786376953,0.009350571781396866,2.048999786376953,1.9886767528951168,0.9804565906524658,706.859117417118,5.59375,0.000174,1,2048,,252.0682029724121
adammini-fisher_projector-r8,adammini,fisher_projector,8,1.1B,sdpa,666,87,180224,2.283812999725342,9.814030051079591,nan,nan,nan,nan,6.09602689743042,2.048999786376953,0.009350571781396866,2.048999786376953,1.9886767528951168,1.0764808654785156,711.9294379654405,5.15625,0.000176,1,2048,,253.14968848228455
adammini-fisher_projector-r8,adammini,fisher_projector,8,1.1B,sdpa,666,88,182272,1.9443808794021606,6.989303293586853,nan,nan,nan,nan,6.09602689743042,2.048999786376953,0.009350571781396866,2.048999786376953,1.9886767528951168,0.9811322689056396,717.2312490263721,5.375,0.000178,1,2048,,254.13382053375244
adammini-fisher_projector-r8,adammini,fisher_projector,8,1.1B,sdpa,666,89,184320,2.3455023765563965,10.438515475980413,nan,nan,nan,nan,6.09602689743042,2.048999786376953,0.009350571781396866,2.048999786376953,1.9886767528951168,0.9812169075012207,722.4834321540445,5.875,0.00017999999999999998,1,2048,,255.12103724479675
adammini-fisher_projector-r8,adammini,fisher_projector,8,1.1B,sdpa,666,90,186368,2.403806209564209,11.065212849064316,nan,nan,nan,nan,6.09602689743042,2.048999786376953,0.009350571781396866,2.048999786376953,1.9886767528951168,0.980846643447876,727.7075362652962,6.09375,0.000182,1,2048,,256.1038851737976
adammini-fisher_projector-r8,adammini,fisher_projector,8,1.1B,sdpa,666,91,188416,2.503366231918335,12.223572161304066,nan,nan,nan,nan,6.09602689743042,2.048999786376953,0.009350571781396866,2.048999786376953,1.9886767528951168,0.9830143451690674,732.8826752467503,6.375,0.000184,1,2048,,257.08989906311035
adammini-fisher_projector-r8,adammini,fisher_projector,8,1.1B,sdpa,666,92,190464,2.5896360874176025,13.324921614128435,nan,nan,nan,nan,6.09602689743042,2.048999786376953,0.009350571781396866,2.048999786376953,1.9886767528951168,0.9834504127502441,738.0112966945949,5.75,0.000186,1,2048,,258.07834935188293
adammini-fisher_projector-r8,adammini,fisher_projector,8,1.1B,sdpa,666,93,192512,2.1327874660491943,8.438355689000897,nan,nan,nan,nan,6.09602689743042,2.048999786376953,0.009350571781396866,2.048999786376953,1.9886767528951168,0.9846940040588379,743.1000928429402,5.9375,0.00018800000000000002,1,2048,,259.06704235076904
adammini-fisher_projector-r8,adammini,fisher_projector,8,1.1B,sdpa,666,94,194560,2.4785053730010986,11.923430012860806,nan,nan,nan,nan,6.09602689743042,2.048999786376953,0.009350571781396866,2.048999786376953,1.9886767528951168,0.9899642467498779,748.1350274045905,7.0625,0.00019,1,2048,,260.06100726127625
adammini-fisher_projector-r8,adammini,fisher_projector,8,1.1B,sdpa,666,95,196608,2.2647249698638916,9.628476115823693,nan,nan,nan,nan,6.09602689743042,2.048999786376953,0.009350571781396866,2.048999786376953,1.9886767528951168,0.981762170791626,753.1523952868466,6.3125,0.000192,1,2048,,261.0477702617645
adammini-fisher_projector-r8,adammini,fisher_projector,8,1.1B,sdpa,666,96,198656,2.4037656784057617,11.064764372257782,nan,nan,nan,nan,6.09602689743042,2.048999786376953,0.009350571781396866,2.048999786376953,1.9886767528951168,0.9838070869445801,758.1170838668891,6.0,0.000194,1,2048,,262.0396807193756
adammini-fisher_projector-r8,adammini,fisher_projector,8,1.1B,sdpa,666,97,200704,1.7386983633041382,5.689932375695816,nan,nan,nan,nan,6.09602689743042,2.048999786376953,0.009350571781396866,2.048999786376953,1.9886767528951168,0.9971611499786377,763.0232907368182,5.8125,0.00019600000000000002,1,2048,,263.0388431549072
adammini-fisher_projector-r8,adammini,fisher_projector,8,1.1B,sdpa,666,98,202752,1.8937675952911377,6.64435482259466,nan,nan,nan,nan,6.09602689743042,2.048999786376953,0.009350571781396866,2.048999786376953,1.9886767528951168,0.9832088947296143,767.9329427840396,5.25,0.00019800000000000002,1,2048,,264.0240523815155
adammini-fisher_projector-r8,adammini,fisher_projector,8,1.1B,sdpa,666,99,204800,2.3079640865325928,10.053934862981254,nan,nan,nan,nan,6.09602689743042,2.048999786376953,0.009350571781396866,2.048999786376953,1.9886767528951168,0.9946017265319824,772.7437115621509,12.5,0.0002,1,2048,,265.0306565761566
adammini-fisher_projector-r8,adammini,fisher_projector,8,1.1B,sdpa,666,100,206848,2.627540349960327,13.839687216362426,2.3992856687316686,11.015304992800518,nan,nan,6.09602689743042,2.048999786376953,0.009350571781396866,2.048999786376953,1.9886767528951168,0.9857842922210693,777.5730750020269,6.03125,0.000202,1,2048,,267.4263641834259
adammini-fisher_projector-r8,adammini,fisher_projector,8,1.1B,sdpa,666,101,208896,2.0219972133636475,7.553395621639089,nan,nan,nan,nan,6.09602689743042,2.048999786376953,0.009350571781396866,2.048999786376953,1.9886767528951168,1.0444097518920898,778.0929752611795,5.71875,0.000204,1,2048,,268.47277212142944
adammini-fisher_projector-r8,adammini,fisher_projector,8,1.1B,sdpa,666,102,210944,2.375539779663086,10.756817930852417,nan,nan,nan,nan,6.09602689743042,2.048999786376953,0.009350571781396866,2.048999786376953,1.9886767528951168,1.0128881931304932,782.762303994502,5.59375,0.000206,1,2048,,269.4876627922058
adammini-fisher_projector-r8,adammini,fisher_projector,8,1.1B,sdpa,666,103,212992,2.311180353164673,10.086323054812881,nan,nan,nan,nan,6.09602689743042,2.048999786376953,0.009350571781396866,2.048999786376953,1.9886767528951168,0.9834342002868652,787.482331068266,5.71875,0.000208,1,2048,,270.47309732437134
adammini-fisher_projector-r8,adammini,fisher_projector,8,1.1B,sdpa,666,104,215040,1.7176754474639893,5.571562010911756,nan,nan,nan,nan,6.09602689743042,2.048999786376953,0.009350571781396866,2.048999786376953,1.9886767528951168,0.9831869602203369,792.160078946276,8.75,0.00021,1,2048,,271.46128392219543
adammini-fisher_projector-r8,adammini,fisher_projector,8,1.1B,sdpa,666,105,217088,2.307035446166992,10.044602707013386,nan,nan,nan,nan,6.09602689743042,2.048999786376953,0.009350571781396866,2.048999786376953,1.9886767528951168,0.9814035892486572,796.8120194758638,6.0625,0.000212,1,2048,,272.44668984413147
adammini-fisher_projector-r8,adammini,fisher_projector,8,1.1B,sdpa,666,106,219136,1.7620723247528076,5.824495141758112,nan,nan,nan,nan,6.09602689743042,2.048999786376953,0.009350571781396866,2.048999786376953,1.9886767528951168,0.9826147556304932,801.4298124406712,8.375,0.000214,1,2048,,273.4323058128357
adammini-fisher_projector-r8,adammini,fisher_projector,8,1.1B,sdpa,666,107,221184,2.129187822341919,8.40803521922896,nan,nan,nan,nan,6.09602689743042,2.048999786376953,0.009350571781396866,2.048999786376953,1.9886767528951168,0.9955120086669922,805.9736218077127,6.15625,0.000216,1,2048,,274.4318175315857
adammini-fisher_projector-r8,adammini,fisher_projector,8,1.1B,sdpa,666,108,223232,2.369168996810913,10.688506409614421,nan,nan,nan,nan,6.09602689743042,2.048999786376953,0.009350571781396866,2.048999786376953,1.9886767528951168,0.9818172454833984,810.5218107127779,7.5,0.000218,1,2048,,275.4186339378357
adammini-fisher_projector-r8,adammini,fisher_projector,8,1.1B,sdpa,666,109,225280,2.7549073696136475,15.719584724155142,nan,nan,nan,nan,6.09602689743042,2.048999786376953,0.009350571781396866,2.048999786376953,1.9886767528951168,1.0515353679656982,814.8319982779827,7.875,0.00022,1,2048,,276.47416949272156
adammini-fisher_projector-r8,adammini,fisher_projector,8,1.1B,sdpa,666,110,227328,2.3345117568969727,10.32441787277586,nan,nan,nan,nan,6.09602689743042,2.048999786376953,0.009350571781396866,2.048999786376953,1.9886767528951168,1.1177587509155273,818.9021578774237,6.21875,0.000222,1,2048,,277.60193276405334
adammini-fisher_projector-r8,adammini,fisher_projector,8,1.1B,sdpa,666,111,229376,1.8849902153015137,6.586289996838017,nan,nan,nan,nan,6.09602689743042,2.048999786376953,0.009350571781396866,2.048999786376953,1.9886767528951168,1.0990171432495117,823.0065639601836,5.53125,0.000224,1,2048,,278.7059462070465
adammini-fisher_projector-r8,adammini,fisher_projector,8,1.1B,sdpa,666,112,231424,2.0748894214630127,7.963665799831465,nan,nan,nan,nan,6.09602689743042,2.048999786376953,0.009350571781396866,2.048999786376953,1.9886767528951168,1.1081359386444092,827.0545773251152,7.34375,0.00022600000000000002,1,2048,,279.8180820941925
adammini-fisher_projector-r8,adammini,fisher_projector,8,1.1B,sdpa,666,113,233472,2.9167869091033936,18.481808225064068,nan,nan,nan,nan,6.09602689743042,2.048999786376953,0.009350571781396866,2.048999786376953,1.9886767528951168,1.1014199256896973,831.0904220788576,7.53125,0.000228,1,2048,,280.9225010871887
adammini-fisher_projector-r8,adammini,fisher_projector,8,1.1B,sdpa,666,114,235520,2.1587586402893066,8.660380335763255,nan,nan,nan,nan,6.09602689743042,2.048999786376953,0.009350571781396866,2.048999786376953,1.9886767528951168,1.0671186447143555,835.1962000724421,7.1875,0.00023,1,2048,,281.9936201572418
adammini-fisher_projector-r8,adammini,fisher_projector,8,1.1B,sdpa,666,115,237568,2.5114660263061523,12.322982641220324,nan,nan,nan,nan,6.09602689743042,2.048999786376953,0.009350571781396866,2.048999786376953,1.9886767528951168,1.1047577857971191,839.1622842253839,6.59375,0.00023200000000000003,1,2048,,283.1023807525635
adammini-fisher_projector-r8,adammini,fisher_projector,8,1.1B,sdpa,666,116,239616,2.523430109024048,12.471301304065246,nan,nan,nan,nan,6.09602689743042,2.048999786376953,0.009350571781396866,2.048999786376953,1.9886767528951168,1.0833194255828857,843.1491898729554,7.3125,0.00023400000000000002,1,2048,,284.19320368766785
adammini-fisher_projector-r8,adammini,fisher_projector,8,1.1B,sdpa,666,117,241664,2.9874866008758545,19.83576459268739,nan,nan,nan,nan,6.09602689743042,2.048999786376953,0.009350571781396866,2.048999786376953,1.9886767528951168,1.0993962287902832,847.0712104415351,6.5625,0.000236,1,2048,,285.2950472831726
adammini-fisher_projector-r8,adammini,fisher_projector,8,1.1B,sdpa,666,118,243712,2.591115713119507,13.344652103894793,nan,nan,nan,nan,6.09602689743042,2.048999786376953,0.009350571781396866,2.048999786376953,1.9886767528951168,1.104719877243042,850.9444684334085,5.9375,0.00023799999999999998,1,2048,,286.4017677307129
adammini-fisher_projector-r8,adammini,fisher_projector,8,1.1B,sdpa,666,119,245760,2.54840350151062,12.786673573559055,nan,nan,nan,nan,6.09602689743042,2.048999786376953,0.009350571781396866,2.048999786376953,1.9886767528951168,1.093747854232788,854.8188303426872,9.75,0.00024,1,2048,,287.50051498413086
adammini-fisher_projector-r8,adammini,fisher_projector,8,1.1B,sdpa,666,120,247808,2.3206911087036133,10.182709233821285,2.4226483789408153,11.275682085430303,nan,nan,6.09602689743042,2.048999786376953,0.009350571781396866,2.048999786376953,1.9886767528951168,1.1049542427062988,858.6184848964006,6.78125,0.000242,1,2048,,290.18338084220886
adammini-fisher_projector-r8,adammini,fisher_projector,8,1.1B,sdpa,666,121,249856,1.8990752696990967,6.679714650860417,nan,nan,nan,nan,6.09602689743042,2.048999786376953,0.009350571781396866,2.048999786376953,1.9886767528951168,1.1015632152557373,857.7688163331185,6.96875,0.000244,1,2048,,291.2869448661804
adammini-fisher_projector-r8,adammini,fisher_projector,8,1.1B,sdpa,666,122,251904,2.1628518104553223,8.695901393453324,nan,nan,nan,nan,6.09602689743042,2.048999786376953,0.009350571781396866,2.048999786376953,1.9886767528951168,1.0920724868774414,861.5636661223605,6.625,0.000246,1,2048,,292.3810176849365
adammini-fisher_projector-r8,adammini,fisher_projector,8,1.1B,sdpa,666,123,253952,2.3523190021514893,10.509913999782095,nan,nan,nan,nan,6.09602689743042,2.048999786376953,0.009350571781396866,2.048999786376953,1.9886767528951168,1.1158297061920166,865.2542646123104,6.6875,0.000248,1,2048,,293.5008535385132
adammini-fisher_projector-r8,adammini,fisher_projector,8,1.1B,sdpa,666,124,256000,2.6101150512695312,13.600615529903223,nan,nan,nan,nan,6.09602689743042,2.048999786376953,0.009350571781396866,2.048999786376953,1.9886767528951168,1.0997817516326904,868.9641562233625,7.0625,0.00025,1,2048,,294.60463976860046
adammini-fisher_projector-r8,adammini,fisher_projector,8,1.1B,sdpa,666,125,258048,2.0155038833618164,7.504507825303325,nan,nan,nan,nan,6.09602689743042,2.048999786376953,0.009350571781396866,2.048999786376953,1.9886767528951168,1.1127195358276367,872.6081744973451,5.96875,0.000252,1,2048,,295.7213559150696
adammini-fisher_projector-r8,adammini,fisher_projector,8,1.1B,sdpa,666,126,260096,2.365831136703491,10.65288914625168,nan,nan,nan,nan,6.09602689743042,2.048999786376953,0.009350571781396866,2.048999786376953,1.9886767528951168,1.112485408782959,876.2225148795953,7.09375,0.000254,1,2048,,296.83884382247925
adammini-fisher_projector-r8,adammini,fisher_projector,8,1.1B,sdpa,666,127,262144,1.9604393243789673,7.102446657816997,nan,nan,nan,nan,6.09602689743042,2.048999786376953,0.009350571781396866,2.048999786376953,1.9886767528951168,1.1100449562072754,879.8110414849149,5.34375,0.000256,1,2048,,297.9558880329132
adammini-fisher_projector-r8,adammini,fisher_projector,8,1.1B,sdpa,666,128,264192,1.7935779094696045,6.010920567639849,nan,nan,nan,nan,6.09602689743042,2.048999786376953,0.009350571781396866,2.048999786376953,1.9886767528951168,1.1052749156951904,883.3986712208731,5.59375,0.00025800000000000004,1,2048,,299.06415915489197
adammini-fisher_projector-r8,adammini,fisher_projector,8,1.1B,sdpa,666,129,266240,2.902060031890869,18.21162327808306,nan,nan,nan,nan,6.09602689743042,2.048999786376953,0.009350571781396866,2.048999786376953,1.9886767528951168,1.0998172760009766,886.9729837647934,7.625,0.00026000000000000003,1,2048,,300.1679799556732
adammini-fisher_projector-r8,adammini,fisher_projector,8,1.1B,sdpa,666,130,268288,2.8717150688171387,17.66729285391577,nan,nan,nan,nan,6.09602689743042,2.048999786376953,0.009350571781396866,2.048999786376953,1.9886767528951168,1.105696439743042,890.5037198789328,6.9375,0.000262,1,2048,,301.27767872810364
adammini-fisher_projector-r8,adammini,fisher_projector,8,1.1B,sdpa,666,131,270336,2.6615350246429443,14.318251106545947,nan,nan,nan,nan,6.09602689743042,2.048999786376953,0.009350571781396866,2.048999786376953,1.9886767528951168,1.0548710823059082,894.1588356001303,6.71875,0.000264,1,2048,,302.33654618263245
adammini-fisher_projector-r8,adammini,fisher_projector,8,1.1B,sdpa,666,132,272384,2.492692470550537,12.09379450895773,nan,nan,nan,nan,6.09602689743042,2.048999786376953,0.009350571781396866,2.048999786376953,1.9886767528951168,1.0578348636627197,897.7767103930744,6.34375,0.000266,1,2048,,303.39938044548035
adammini-fisher_projector-r8,adammini,fisher_projector,8,1.1B,sdpa,666,133,274432,2.4523725509643555,11.615873303607275,nan,nan,nan,nan,6.09602689743042,2.048999786376953,0.009350571781396866,2.048999786376953,1.9886767528951168,1.084024429321289,901.2888384673682,5.96875,0.000268,1,2048,,304.4894046783447
adammini-fisher_projector-r8,adammini,fisher_projector,8,1.1B,sdpa,666,134,276480,2.6142399311065674,13.656832298672846,nan,nan,nan,nan,6.09602689743042,2.048999786376953,0.009350571781396866,2.048999786376953,1.9886767528951168,1.0350897312164307,904.9326648964058,7.21875,0.00027,1,2048,,305.52649426460266
adammini-fisher_projector-r8,adammini,fisher_projector,8,1.1B,sdpa,666,135,278528,2.6156444549560547,13.676027121982896,nan,nan,nan,nan,6.09602689743042,2.048999786376953,0.009350571781396866,2.048999786376953,1.9886767528951168,0.9933662414550781,908.6695884202635,5.71875,0.00027200000000000005,1,2048,,306.5238583087921
adammini-fisher_projector-r8,adammini,fisher_projector,8,1.1B,sdpa,666,136,280576,2.2841365337371826,9.817205737287892,nan,nan,nan,nan,6.09602689743042,2.048999786376953,0.009350571781396866,2.048999786376953,1.9886767528951168,0.9922068119049072,912.3857095032289,6.34375,0.00027400000000000005,1,2048,,307.52006483078003
adammini-fisher_projector-r8,adammini,fisher_projector,8,1.1B,sdpa,666,137,282624,2.384249210357666,10.850912852926282,nan,nan,nan,nan,6.09602689743042,2.048999786376953,0.009350571781396866,2.048999786376953,1.9886767528951168,1.0019252300262451,916.0430370499333,6.34375,0.00027600000000000004,1,2048,,308.52799344062805
adammini-fisher_projector-r8,adammini,fisher_projector,8,1.1B,sdpa,666,138,284672,2.7816550731658936,16.145721196396476,nan,nan,nan,nan,6.09602689743042,2.048999786376953,0.009350571781396866,2.048999786376953,1.9886767528951168,0.9926450252532959,919.7070755281493,6.90625,0.00027800000000000004,1,2048,,309.52463841438293
adammini-fisher_projector-r8,adammini,fisher_projector,8,1.1B,sdpa,666,139,286720,2.554788589477539,12.868578816954093,nan,nan,nan,nan,6.09602689743042,2.048999786376953,0.009350571781396866,2.048999786376953,1.9886767528951168,0.9978961944580078,923.3319687914397,6.90625,0.00028000000000000003,1,2048,,310.52853631973267
adammini-fisher_projector-r8,adammini,fisher_projector,8,1.1B,sdpa,666,140,288768,2.5673024654388428,13.030626423213528,2.4259588458168673,11.313071711892302,nan,nan,6.09602689743042,2.048999786376953,0.009350571781396866,2.048999786376953,1.9886767528951168,1.0776739120483398,926.6991840502244,6.78125,0.00028199999999999997,1,2048,,313.06688475608826
adammini-fisher_projector-r8,adammini,fisher_projector,8,1.1B,sdpa,666,141,290816,2.6982247829437256,14.853340403414839,nan,nan,nan,nan,6.09602689743042,2.048999786376953,0.009350571781396866,2.048999786376953,1.9886767528951168,1.0439262390136719,925.8241378323443,7.15625,0.00028399999999999996,1,2048,,314.11680841445923
adammini-fisher_projector-r8,adammini,fisher_projector,8,1.1B,sdpa,666,142,292864,2.7007241249084473,14.89051041133251,nan,nan,nan,nan,6.09602689743042,2.048999786376953,0.009350571781396866,2.048999786376953,1.9886767528951168,1.0293467044830322,929.2869624789813,7.5,0.00028599999999999996,1,2048,,315.15015506744385
adammini-fisher_projector-r8,adammini,fisher_projector,8,1.1B,sdpa,666,143,294912,2.2199790477752686,9.207137953837748,nan,nan,nan,nan,6.09602689743042,2.048999786376953,0.009350571781396866,2.048999786376953,1.9886767528951168,1.015115737915039,932.7602637904661,6.1875,0.000288,1,2048,,316.17227387428284
adammini-fisher_projector-r8,adammini,fisher_projector,8,1.1B,sdpa,666,144,296960,2.192718744277954,8.95953872680229,nan,nan,nan,nan,6.09602689743042,2.048999786376953,0.009350571781396866,2.048999786376953,1.9886767528951168,0.9795610904693604,936.3279479153019,6.5,0.00029,1,2048,,317.15483593940735
adammini-fisher_projector-r8,adammini,fisher_projector,8,1.1B,sdpa,666,145,299008,2.689613103866577,14.725977394430037,nan,nan,nan,nan,6.09602689743042,2.048999786376953,0.009350571781396866,2.048999786376953,1.9886767528951168,1.0127482414245605,939.7696554776442,10.625,0.000292,1,2048,,318.1725845336914
adammini-fisher_projector-r8,adammini,fisher_projector,8,1.1B,sdpa,666,146,301056,2.683983564376831,14.643309831640561,nan,nan,nan,nan,6.09602689743042,2.048999786376953,0.009350571781396866,2.048999786376953,1.9886767528951168,0.9783945083618164,943.2938963619749,6.625,0.000294,1,2048,,319.1539785861969
adammini-fisher_projector-r8,adammini,fisher_projector,8,1.1B,sdpa,666,147,303104,2.532444477081299,12.584230431827603,nan,nan,nan,nan,6.09602689743042,2.048999786376953,0.009350571781396866,2.048999786376953,1.9886767528951168,1.009371280670166,946.701952423148,6.3125,0.000296,1,2048,,320.16934847831726
adammini-fisher_projector-r8,adammini,fisher_projector,8,1.1B,sdpa,666,148,305152,2.3952949047088623,10.971433109328107,nan,nan,nan,nan,6.09602689743042,2.048999786376953,0.009350571781396866,2.048999786376953,1.9886767528951168,1.0124168395996094,950.0824248546508,6.40625,0.000298,1,2048,,321.18576836586
adammini-fisher_projector-r8,adammini,fisher_projector,8,1.1B,sdpa,666,149,307200,1.9062080383300781,6.727529834585445,nan,nan,nan,nan,6.09602689743042,2.048999786376953,0.009350571781396866,2.048999786376953,1.9886767528951168,0.9796466827392578,953.5415104038772,6.8125,0.0003,1,2048,,322.16841173171997
adammini-fisher_projector-r8,adammini,fisher_projector,8,1.1B,sdpa,666,150,309248,1.9797308444976807,7.24079382336025,nan,nan,nan,nan,6.09602689743042,2.048999786376953,0.009350571781396866,2.048999786376953,1.9886767528951168,0.9840729236602783,956.9634886739138,6.34375,0.000302,1,2048,,323.1564841270447
adammini-fisher_projector-r8,adammini,fisher_projector,8,1.1B,sdpa,666,151,311296,2.4606666564941406,11.712617230174613,nan,nan,nan,nan,6.09602689743042,2.048999786376953,0.009350571781396866,2.048999786376953,1.9886767528951168,0.9803757667541504,960.3785221103079,5.875,0.000304,1,2048,,324.13886070251465
adammini-fisher_projector-r8,adammini,fisher_projector,8,1.1B,sdpa,666,152,313344,2.1363470554351807,8.468446293672793,nan,nan,nan,nan,6.09602689743042,2.048999786376953,0.009350571781396866,2.048999786376953,1.9886767528951168,0.9796936511993408,963.739346535398,8.375,0.000306,1,2048,,325.1345558166504
adammini-fisher_projector-r8,adammini,fisher_projector,8,1.1B,sdpa,666,153,315392,2.432833194732666,11.39110963679404,nan,nan,nan,nan,6.09602689743042,2.048999786376953,0.009350571781396866,2.048999786376953,1.9886767528951168,1.0100836753845215,967.0280997357156,6.78125,0.000308,1,2048,,326.1466407775879
adammini-fisher_projector-r8,adammini,fisher_projector,8,1.1B,sdpa,666,154,317440,2.5280447006225586,12.528984255556594,nan,nan,nan,nan,6.09602689743042,2.048999786376953,0.009350571781396866,2.048999786376953,1.9886767528951168,0.9804174900054932,970.384504353699,8.375,0.00031,1,2048,,327.12905979156494
adammini-fisher_projector-r8,adammini,fisher_projector,8,1.1B,sdpa,666,155,319488,2.4249985218048096,11.30221271239076,nan,nan,nan,nan,6.09602689743042,2.048999786376953,0.009350571781396866,2.048999786376953,1.9886767528951168,0.9808914661407471,973.7194009683554,6.34375,0.000312,1,2048,,328.1119546890259
adammini-fisher_projector-r8,adammini,fisher_projector,8,1.1B,sdpa,666,156,321536,2.3724405765533447,10.72353197388367,nan,nan,nan,nan,6.09602689743042,2.048999786376953,0.009350571781396866,2.048999786376953,1.9886767528951168,0.9803380966186523,977.0360207400688,6.09375,0.000314,1,2048,,329.09429240226746
adammini-fisher_projector-r8,adammini,fisher_projector,8,1.1B,sdpa,666,157,323584,2.277946710586548,9.75662665027665,nan,nan,nan,nan,6.09602689743042,2.048999786376953,0.009350571781396866,2.048999786376953,1.9886767528951168,0.9805805683135986,980.3321763273714,6.15625,0.000316,1,2048,,330.0768737792969
adammini-fisher_projector-r8,adammini,fisher_projector,8,1.1B,sdpa,666,158,325632,2.273655652999878,9.714850100362625,nan,nan,nan,nan,6.09602689743042,2.048999786376953,0.009350571781396866,2.048999786376953,1.9886767528951168,0.9816255569458008,983.5997272447919,6.8125,0.00031800000000000003,1,2048,,331.06249928474426
adammini-fisher_projector-r8,adammini,fisher_projector,8,1.1B,sdpa,666,159,327680,2.877147674560547,17.763533472515796,nan,nan,nan,nan,6.09602689743042,2.048999786376953,0.009350571781396866,2.048999786376953,1.9886767528951168,0.9827380180358887,986.8445714743018,105.5,0.00032,1,2048,,332.049241065979
adammini-fisher_projector-r8,adammini,fisher_projector,8,1.1B,sdpa,666,160,329728,2.3226585388183594,10.202762723068378,2.47353473035196,11.864309957174607,nan,nan,6.09602689743042,2.048999786376953,0.009350571781396866,2.048999786376953,1.9886767528951168,0.9797821044921875,990.073028456906,6.8125,0.000322,1,2048,,334.440283536911
adammini-fisher_projector-r8,adammini,fisher_projector,8,1.1B,sdpa,666,161,331776,2.6430137157440186,14.055499121385724,nan,nan,nan,nan,6.09602689743042,2.048999786376953,0.009350571781396866,2.048999786376953,1.9886767528951168,1.0529074668884277,988.9172746094541,6.40625,0.000324,1,2048,,335.4961907863617
adammini-fisher_projector-r8,adammini,fisher_projector,8,1.1B,sdpa,666,162,333824,2.5210118293762207,12.44117864712378,nan,nan,nan,nan,6.09602689743042,2.048999786376953,0.009350571781396866,2.048999786376953,1.9886767528951168,1.0092339515686035,992.0256572576758,9.8125,0.000326,1,2048,,336.5074255466461
adammini-fisher_projector-r8,adammini,fisher_projector,8,1.1B,sdpa,666,163,335872,1.8601412773132324,6.424644363810711,nan,nan,nan,nan,6.09602689743042,2.048999786376953,0.009350571781396866,2.048999786376953,1.9886767528951168,1.0017390251159668,995.1256780720113,7.625,0.000328,1,2048,,337.51816725730896
adammini-fisher_projector-r8,adammini,fisher_projector,8,1.1B,sdpa,666,164,337920,2.35176944732666,10.504139812596511,nan,nan,nan,nan,6.09602689743042,2.048999786376953,0.009350571781396866,2.048999786376953,1.9886767528951168,0.9801230430603027,998.2886438384667,7.4375,0.00033,1,2048,,338.50029373168945
adammini-fisher_projector-r8,adammini,fisher_projector,8,1.1B,sdpa,666,165,339968,2.2826178073883057,9.802307404371325,nan,nan,nan,nan,6.09602689743042,2.048999786376953,0.009350571781396866,2.048999786376953,1.9886767528951168,0.9805653095245361,1001.4320102707757,6.65625,0.00033200000000000005,1,2048,,339.4818584918976
adammini-fisher_projector-r8,adammini,fisher_projector,8,1.1B,sdpa,666,166,342016,2.4032459259033203,11.059014927559941,nan,nan,nan,nan,6.09602689743042,2.048999786376953,0.009350571781396866,2.048999786376953,1.9886767528951168,0.9986226558685303,1004.4980578815258,6.0625,0.00033400000000000004,1,2048,,340.4854803085327
adammini-fisher_projector-r8,adammini,fisher_projector,8,1.1B,sdpa,666,167,344064,2.533600330352783,12.598784365226777,nan,nan,nan,nan,6.09602689743042,2.048999786376953,0.009350571781396866,2.048999786376953,1.9886767528951168,0.9882297515869141,1007.5797229812058,8.625,0.00033600000000000004,1,2048,,341.47670698165894
adammini-fisher_projector-r8,adammini,fisher_projector,8,1.1B,sdpa,666,168,346112,2.5100760459899902,12.305865836679185,nan,nan,nan,nan,6.09602689743042,2.048999786376953,0.009350571781396866,2.048999786376953,1.9886767528951168,0.9975309371948242,1010.6101923051759,11.25,0.00033800000000000003,1,2048,,342.47923946380615
adammini-fisher_projector-r8,adammini,fisher_projector,8,1.1B,sdpa,666,169,348160,2.2009565830230713,9.033650804621791,nan,nan,nan,nan,6.09602689743042,2.048999786376953,0.009350571781396866,2.048999786376953,1.9886767528951168,1.0202910900115967,1013.5587644746323,8.4375,0.00034,1,2048,,343.50353360176086
adammini-fisher_projector-r8,adammini,fisher_projector,8,1.1B,sdpa,666,170,350208,2.413526773452759,11.173297427962417,nan,nan,nan,nan,6.09602689743042,2.048999786376953,0.009350571781396866,2.048999786376953,1.9886767528951168,1.034231424331665,1016.4427709437517,7.34375,0.000342,1,2048,,344.5437636375427
adammini-fisher_projector-r8,adammini,fisher_projector,8,1.1B,sdpa,666,171,352256,2.153325319290161,8.613453309666774,nan,nan,nan,nan,6.09602689743042,2.048999786376953,0.009350571781396866,2.048999786376953,1.9886767528951168,1.016627311706543,1019.3672453417821,5.6875,0.00034399999999999996,1,2048,,345.5643811225891
adammini-fisher_projector-r8,adammini,fisher_projector,8,1.1B,sdpa,666,172,354304,2.70353627204895,14.932443651192049,nan,nan,nan,nan,6.09602689743042,2.048999786376953,0.009350571781396866,2.048999786376953,1.9886767528951168,0.9989736080169678,1022.3236413252363,6.4375,0.000346,1,2048,,346.56835293769836
adammini-fisher_projector-r8,adammini,fisher_projector,8,1.1B,sdpa,666,173,356352,2.3858816623687744,10.868640913602597,nan,nan,nan,nan,6.09602689743042,2.048999786376953,0.009350571781396866,2.048999786376953,1.9886767528951168,0.9849410057067871,1025.3072909005816,6.15625,0.000348,1,2048,,347.55729031562805
adammini-fisher_projector-r8,adammini,fisher_projector,8,1.1B,sdpa,666,174,358400,2.44173264503479,11.492936681193823,nan,nan,nan,nan,6.09602689743042,2.048999786376953,0.009350571781396866,2.048999786376953,1.9886767528951168,1.000957727432251,1028.2238030947744,5.5625,0.00035,1,2048,,348.56324791908264
adammini-fisher_projector-r8,adammini,fisher_projector,8,1.1B,sdpa,666,175,360448,2.4299137592315674,11.357902523521801,nan,nan,nan,nan,6.09602689743042,2.048999786376953,0.009350571781396866,2.048999786376953,1.9886767528951168,0.9794409275054932,1031.1869953528487,6.84375,0.000352,1,2048,,349.54768991470337
adammini-fisher_projector-r8,adammini,fisher_projector,8,1.1B,sdpa,666,176,362496,2.711103677749634,15.045872148837395,nan,nan,nan,nan,6.09602689743042,2.048999786376953,0.009350571781396866,2.048999786376953,1.9886767528951168,0.9841957092285156,1034.1224670769739,6.90625,0.000354,1,2048,,350.5358850955963
adammini-fisher_projector-r8,adammini,fisher_projector,8,1.1B,sdpa,666,177,364544,2.442112922668457,11.497308019067164,nan,nan,nan,nan,6.09602689743042,2.048999786376953,0.009350571781396866,2.048999786376953,1.9886767528951168,0.9951930046081543,1037.008992685972,6.78125,0.000356,1,2048,,351.5350775718689
adammini-fisher_projector-r8,adammini,fisher_projector,8,1.1B,sdpa,666,178,366592,2.498034715652466,12.158575407086563,nan,nan,nan,nan,6.09602689743042,2.048999786376953,0.009350571781396866,2.048999786376953,1.9886767528951168,1.0203888416290283,1039.8048413227884,6.28125,0.000358,1,2048,,352.5584661960602
adammini-fisher_projector-r8,adammini,fisher_projector,8,1.1B,sdpa,666,179,368640,2.2135183811187744,9.147845445463583,nan,nan,nan,nan,6.09602689743042,2.048999786376953,0.009350571781396866,2.048999786376953,1.9886767528951168,1.0011317729949951,1042.6412742143884,10.75,0.00035999999999999997,1,2048,,353.5645999908447
adammini-fisher_projector-r8,adammini,fisher_projector,8,1.1B,sdpa,666,180,370688,1.9430110454559326,6.979735663203351,2.4886417510410617,12.044905025239004,nan,nan,6.09602689743042,2.048999786376953,0.009350571781396866,2.048999786376953,1.9886767528951168,1.003373384475708,1045.44911825675,5.90625,0.000362,1,2048,,355.97614789009094
adammini-fisher_projector-r8,adammini,fisher_projector,8,1.1B,sdpa,666,181,372736,2.5747828483581543,13.128465980989594,nan,nan,nan,nan,6.09602689743042,2.048999786376953,0.009350571781396866,2.048999786376953,1.9886767528951168,1.04445481300354,1044.0152521867635,6.9375,0.000364,1,2048,,357.02260661125183
adammini-fisher_projector-r8,adammini,fisher_projector,8,1.1B,sdpa,666,182,374784,3.0086567401885986,20.260166970804956,nan,nan,nan,nan,6.09602689743042,2.048999786376953,0.009350571781396866,2.048999786376953,1.9886767528951168,1.0098798274993896,1046.7204537861533,7.4375,0.000366,1,2048,,358.0564856529236
adammini-fisher_projector-r8,adammini,fisher_projector,8,1.1B,sdpa,666,183,376832,2.375955581665039,10.76129156729175,nan,nan,nan,nan,6.09602689743042,2.048999786376953,0.009350571781396866,2.048999786376953,1.9886767528951168,0.9839878082275391,1049.5500559922114,6.3125,0.000368,1,2048,,359.04247283935547
adammini-fisher_projector-r8,adammini,fisher_projector,8,1.1B,sdpa,666,184,378880,2.9572980403900146,19.245899795111296,nan,nan,nan,nan,6.09602689743042,2.048999786376953,0.009350571781396866,2.048999786376953,1.9886767528951168,0.9814565181732178,1052.3715677124883,7.625,0.00037,1,2048,,360.0249300003052
adammini-fisher_projector-r8,adammini,fisher_projector,8,1.1B,sdpa,666,185,380928,2.96968936920166,19.485865745790672,nan,nan,nan,nan,6.09602689743042,2.048999786376953,0.009350571781396866,2.048999786376953,1.9886767528951168,0.9840810298919678,1055.172949295393,8.5625,0.000372,1,2048,,361.0110111236572
adammini-fisher_projector-r8,adammini,fisher_projector,8,1.1B,sdpa,666,186,382976,2.8360745906829834,17.048710846295485,nan,nan,nan,nan,6.09602689743042,2.048999786376953,0.009350571781396866,2.048999786376953,1.9886767528951168,0.982445240020752,1057.960950327297,6.90625,0.000374,1,2048,,361.9954571723938
adammini-fisher_projector-r8,adammini,fisher_projector,8,1.1B,sdpa,666,187,385024,3.061418294906616,21.35782738870033,nan,nan,nan,nan,6.09602689743042,2.048999786376953,0.009350571781396866,2.048999786376953,1.9886767528951168,0.981945276260376,1060.7352819239807,7.375,0.00037600000000000003,1,2048,,362.9794063568115
adammini-fisher_projector-r8,adammini,fisher_projector,8,1.1B,sdpa,666,188,387072,3.038858413696289,20.881391712615834,nan,nan,nan,nan,6.09602689743042,2.048999786376953,0.009350571781396866,2.048999786376953,1.9886767528951168,0.9814910888671875,1063.4988613241637,6.46875,0.000378,1,2048,,363.96189761161804
adammini-fisher_projector-r8,adammini,fisher_projector,8,1.1B,sdpa,666,189,389120,3.042186737060547,20.95100752423186,nan,nan,nan,nan,6.09602689743042,2.048999786376953,0.009350571781396866,2.048999786376953,1.9886767528951168,0.9814927577972412,1066.244632891242,6.40625,0.00038,1,2048,,364.94539189338684
adammini-fisher_projector-r8,adammini,fisher_projector,8,1.1B,sdpa,666,190,391168,2.963756799697876,19.370606722045586,nan,nan,nan,nan,6.09602689743042,2.048999786376953,0.009350571781396866,2.048999786376953,1.9886767528951168,0.982248067855835,1068.973445476846,6.46875,0.000382,1,2048,,365.92964148521423
adammini-fisher_projector-r8,adammini,fisher_projector,8,1.1B,sdpa,666,191,393216,2.8805224895477295,17.823583383179166,nan,nan,nan,nan,6.09602689743042,2.048999786376953,0.009350571781396866,2.048999786376953,1.9886767528951168,0.9966788291931152,1071.6454656980518,5.8125,0.000384,1,2048,,366.9283254146576
adammini-fisher_projector-r8,adammini,fisher_projector,8,1.1B,sdpa,666,192,395264,2.4563069343566895,11.661664623857,nan,nan,nan,nan,6.09602689743042,2.048999786376953,0.009350571781396866,2.048999786376953,1.9886767528951168,0.9832949638366699,1074.3333057162288,5.84375,0.000386,1,2048,,367.91661620140076
adammini-fisher_projector-r8,adammini,fisher_projector,8,1.1B,sdpa,666,193,397312,2.4575510025024414,11.676181557497014,nan,nan,nan,nan,6.09602689743042,2.048999786376953,0.009350571781396866,2.048999786376953,1.9886767528951168,0.982149600982666,1077.015923260663,6.3125,0.000388,1,2048,,368.9017689228058
adammini-fisher_projector-r8,adammini,fisher_projector,8,1.1B,sdpa,666,194,399360,2.134644031524658,8.454036600658256,nan,nan,nan,nan,6.09602689743042,2.048999786376953,0.009350571781396866,2.048999786376953,1.9886767528951168,0.998051643371582,1079.631997201718,6.125,0.00039000000000000005,1,2048,,369.9048225879669
adammini-fisher_projector-r8,adammini,fisher_projector,8,1.1B,sdpa,666,195,401408,2.8458895683288574,17.216867438813196,nan,nan,nan,nan,6.09602689743042,2.048999786376953,0.009350571781396866,2.048999786376953,1.9886767528951168,0.982633113861084,1082.2876626365362,7.4375,0.00039200000000000004,1,2048,,370.88945960998535
adammini-fisher_projector-r8,adammini,fisher_projector,8,1.1B,sdpa,666,196,403456,2.390235185623169,10.916060941764684,nan,nan,nan,nan,6.09602689743042,2.048999786376953,0.009350571781396866,2.048999786376953,1.9886767528951168,0.981783390045166,1084.9259170548905,6.96875,0.00039400000000000004,1,2048,,371.8752408027649
adammini-fisher_projector-r8,adammini,fisher_projector,8,1.1B,sdpa,666,197,405504,1.955483317375183,7.06733396368569,nan,nan,nan,nan,6.09602689743042,2.048999786376953,0.009350571781396866,2.048999786376953,1.9886767528951168,0.9827630519866943,1087.5473609812555,6.90625,0.00039600000000000003,1,2048,,372.8620023727417
adammini-fisher_projector-r8,adammini,fisher_projector,8,1.1B,sdpa,666,198,407552,1.92821204662323,6.877203124035346,nan,nan,nan,nan,6.09602689743042,2.048999786376953,0.009350571781396866,2.048999786376953,1.9886767528951168,0.9849951267242432,1090.152811172748,6.46875,0.000398,1,2048,,373.8495111465454
adammini-fisher_projector-r8,adammini,fisher_projector,8,1.1B,sdpa,666,199,409600,2.2743523120880127,9.721620396995428,nan,nan,nan,nan,6.09602689743042,2.048999786376953,0.009350571781396866,2.048999786376953,1.9886767528951168,0.9825432300567627,1092.7444019158966,6.46875,0.0004,1,2048,,374.8370563983917
adammini-fisher_projector-r8,adammini,fisher_projector,8,1.1B,sdpa,666,200,411648,2.868867874145508,17.617062174035002,2.4656729925779484,11.77140155270953,nan,nan,6.09602689743042,2.048999786376953,0.009350571781396866,2.048999786376953,1.9886767528951168,0.9827401638031006,1095.324726361872,7.28125,0.000402,1,2048,,377.23051476478577
adammini-fisher_projector-r8,adammini,fisher_projector,8,1.1B,sdpa,666,201,413696,2.4790279865264893,11.929662987231065,nan,nan,nan,nan,6.09602689743042,2.048999786376953,0.009350571781396866,2.048999786376953,1.9886767528951168,1.048748254776001,1093.6143353842024,7.15625,0.000404,1,2048,,378.28426337242126
adammini-fisher_projector-r8,adammini,fisher_projector,8,1.1B,sdpa,666,202,415744,2.4754340648651123,11.886865664186647,nan,nan,nan,nan,6.09602689743042,2.048999786376953,0.009350571781396866,2.048999786376953,1.9886767528951168,1.0097155570983887,1096.0909855588359,7.125,0.00040600000000000006,1,2048,,379.29797625541687
adammini-fisher_projector-r8,adammini,fisher_projector,8,1.1B,sdpa,666,203,417792,1.8037686347961426,6.072489390756371,nan,nan,nan,nan,6.09602689743042,2.048999786376953,0.009350571781396866,2.048999786376953,1.9886767528951168,0.9833300113677979,1098.6306641953613,10.625,0.000408,1,2048,,380.28530526161194
adammini-fisher_projector-r8,adammini,fisher_projector,8,1.1B,sdpa,666,204,419840,2.553072929382324,12.846519638232964,nan,nan,nan,nan,6.09602689743042,2.048999786376953,0.009350571781396866,2.048999786376953,1.9886767528951168,1.0832116603851318,1100.8687820755586,7.03125,0.00041,1,2048,,381.372522354126
adammini-fisher_projector-r8,adammini,fisher_projector,8,1.1B,sdpa,666,205,421888,3.582120180130005,35.94967990129311,nan,nan,nan,nan,6.09602689743042,2.048999786376953,0.009350571781396866,2.048999786376953,1.9886767528951168,1.1035406589508057,1103.0347249711879,7.15625,0.000412,1,2048,,382.480348110199
adammini-fisher_projector-r8,adammini,fisher_projector,8,1.1B,sdpa,666,206,423936,2.540987014770508,12.692192171655835,nan,nan,nan,nan,6.09602689743042,2.048999786376953,0.009350571781396866,2.048999786376953,1.9886767528951168,1.1181166172027588,1105.1469867990143,6.5625,0.000414,1,2048,,383.60246181488037
adammini-fisher_projector-r8,adammini,fisher_projector,8,1.1B,sdpa,666,207,425984,3.0984714031219482,22.164045483164422,nan,nan,nan,nan,6.09602689743042,2.048999786376953,0.009350571781396866,2.048999786376953,1.9886767528951168,1.0914499759674072,1107.323681185098,8.375,0.000416,1,2048,,384.6979124546051
adammini-fisher_projector-r8,adammini,fisher_projector,8,1.1B,sdpa,666,208,428032,2.280489206314087,9.781464393398204,nan,nan,nan,nan,6.09602689743042,2.048999786376953,0.009350571781396866,2.048999786376953,1.9886767528951168,1.0872492790222168,1109.497211055862,7.40625,0.00041799999999999997,1,2048,,385.7901659011841
adammini-fisher_projector-r8,adammini,fisher_projector,8,1.1B,sdpa,666,209,430080,2.484192371368408,11.991431719398149,nan,nan,nan,nan,6.09602689743042,2.048999786376953,0.009350571781396866,2.048999786376953,1.9886767528951168,1.112626314163208,1111.5855571179768,6.28125,0.00042,1,2048,,386.90779089927673
adammini-fisher_projector-r8,adammini,fisher_projector,8,1.1B,sdpa,666,210,432128,2.403597354888916,11.062902068944693,nan,nan,nan,nan,6.09602689743042,2.048999786376953,0.009350571781396866,2.048999786376953,1.9886767528951168,1.0879089832305908,1113.732814222278,6.625,0.000422,1,2048,,388.00070309638977
adammini-fisher_projector-r8,adammini,fisher_projector,8,1.1B,sdpa,666,211,434176,2.6256935596466064,13.814151802601383,nan,nan,nan,nan,6.09602689743042,2.048999786376953,0.009350571781396866,2.048999786376953,1.9886767528951168,1.1058204174041748,1115.8223862718532,6.03125,0.000424,1,2048,,389.10952591896057
adammini-fisher_projector-r8,adammini,fisher_projector,8,1.1B,sdpa,666,212,436224,2.40629243850708,11.092757728758576,nan,nan,nan,nan,6.09602689743042,2.048999786376953,0.009350571781396866,2.048999786376953,1.9886767528951168,1.1016514301300049,1117.9091592003517,7.375,0.000426,1,2048,,390.2151734828949
adammini-fisher_projector-r8,adammini,fisher_projector,8,1.1B,sdpa,666,213,438272,2.3167521953582764,10.142679313477695,nan,nan,nan,nan,6.09602689743042,2.048999786376953,0.009350571781396866,2.048999786376953,1.9886767528951168,1.1029114723205566,1119.9805418809267,7.0625,0.000428,1,2048,,391.3220818042755
adammini-fisher_projector-r8,adammini,fisher_projector,8,1.1B,sdpa,666,214,440320,2.4055874347686768,11.084940049161071,nan,nan,nan,nan,6.09602689743042,2.048999786376953,0.009350571781396866,2.048999786376953,1.9886767528951168,1.0899686813354492,1122.074386891982,6.09375,0.00043,1,2048,,392.41705083847046
adammini-fisher_projector-r8,adammini,fisher_projector,8,1.1B,sdpa,666,215,442368,2.2465717792510986,9.455265473091954,nan,nan,nan,nan,6.09602689743042,2.048999786376953,0.009350571781396866,2.048999786376953,1.9886767528951168,1.1022963523864746,1124.1213581854427,7.8125,0.000432,1,2048,,393.52434730529785
adammini-fisher_projector-r8,adammini,fisher_projector,8,1.1B,sdpa,666,216,444416,2.7956066131591797,16.372557550242668,nan,nan,nan,nan,6.09602689743042,2.048999786376953,0.009350571781396866,2.048999786376953,1.9886767528951168,1.1045923233032227,1126.1531457973733,5.90625,0.00043400000000000003,1,2048,,394.6329402923584
adammini-fisher_projector-r8,adammini,fisher_projector,8,1.1B,sdpa,666,217,446464,2.403754472732544,11.064640384818677,nan,nan,nan,nan,6.09602689743042,2.048999786376953,0.009350571781396866,2.048999786376953,1.9886767528951168,1.0722403526306152,1128.2173015147428,6.59375,0.000436,1,2048,,395.7261803150177
adammini-fisher_projector-r8,adammini,fisher_projector,8,1.1B,sdpa,666,218,448512,2.5556390285491943,12.879527414074214,nan,nan,nan,nan,6.09602689743042,2.048999786376953,0.009350571781396866,2.048999786376953,1.9886767528951168,1.096782922744751,1130.257171461288,6.03125,0.000438,1,2048,,396.8239629268646
adammini-fisher_projector-r8,adammini,fisher_projector,8,1.1B,sdpa,666,219,450560,2.5661091804504395,13.015086445967984,nan,nan,nan,nan,6.09602689743042,2.048999786376953,0.009350571781396866,2.048999786376953,1.9886767528951168,1.1043016910552979,1132.2615305135066,6.34375,0.00044,1,2048,,397.9302661418915
adammini-fisher_projector-r8,adammini,fisher_projector,8,1.1B,sdpa,666,220,452608,2.5296881198883057,12.549591558243481,2.4776612345554834,11.913369234125826,nan,nan,6.09602689743042,2.048999786376953,0.009350571781396866,2.048999786376953,1.9886767528951168,1.0584790706634521,1134.385032132566,6.21875,0.000442,1,2048,,400.39572405815125
adammini-fisher_projector-r8,adammini,fisher_projector,8,1.1B,sdpa,666,221,454656,2.507843255996704,12.278420074294361,nan,nan,nan,nan,6.09602689743042,2.048999786376953,0.009350571781396866,2.048999786376953,1.9886767528951168,1.1079883575439453,1132.3802249713144,5.84375,0.000444,1,2048,,401.5057156085968
adammini-fisher_projector-r8,adammini,fisher_projector,8,1.1B,sdpa,666,222,456704,2.534173011779785,12.606001521403947,nan,nan,nan,nan,6.09602689743042,2.048999786376953,0.009350571781396866,2.048999786376953,1.9886767528951168,1.1060163974761963,1134.3506168271865,5.875,0.000446,1,2048,,402.6137330532074
adammini-fisher_projector-r8,adammini,fisher_projector,8,1.1B,sdpa,666,223,458752,2.542081594467163,12.706092393575496,nan,nan,nan,nan,6.09602689743042,2.048999786376953,0.009350571781396866,2.048999786376953,1.9886767528951168,1.1006100177764893,1136.3254000655947,5.46875,0.000448,1,2048,,403.7163453102112
adammini-fisher_projector-r8,adammini,fisher_projector,8,1.1B,sdpa,666,224,460800,2.512836456298828,12.33988200328253,nan,nan,nan,nan,6.09602689743042,2.048999786376953,0.009350571781396866,2.048999786376953,1.9886767528951168,1.072106122970581,1138.3695835867072,5.40625,0.00045000000000000004,1,2048,,404.7904517650604
adammini-fisher_projector-r8,adammini,fisher_projector,8,1.1B,sdpa,666,225,462848,2.5400562286376953,12.680383951503769,nan,nan,nan,nan,6.09602689743042,2.048999786376953,0.009350571781396866,2.048999786376953,1.9886767528951168,1.0986881256103516,1140.3220436802706,6.21875,0.00045200000000000004,1,2048,,405.89375472068787
adammini-fisher_projector-r8,adammini,fisher_projector,8,1.1B,sdpa,666,226,464896,2.0271270275115967,7.592242691299479,nan,nan,nan,nan,6.09602689743042,2.048999786376953,0.009350571781396866,2.048999786376953,1.9886767528951168,1.1046319007873535,1142.2467273182372,6.96875,0.00045400000000000003,1,2048,,407.0023853778839
adammini-fisher_projector-r8,adammini,fisher_projector,8,1.1B,sdpa,666,227,466944,2.7647292613983154,15.874741503440122,nan,nan,nan,nan,6.09602689743042,2.048999786376953,0.009350571781396866,2.048999786376953,1.9886767528951168,1.0370731353759766,1144.3486969752714,6.78125,0.000456,1,2048,,408.0444595813751
adammini-fisher_projector-r8,adammini,fisher_projector,8,1.1B,sdpa,666,228,468992,2.4028708934783936,11.054868215998606,nan,nan,nan,nan,6.09602689743042,2.048999786376953,0.009350571781396866,2.048999786376953,1.9886767528951168,1.1025161743164062,1146.259390637281,8.4375,0.000458,1,2048,,409.1509747505188
adammini-fisher_projector-r8,adammini,fisher_projector,8,1.1B,sdpa,666,229,471040,2.2563910484313965,9.548566594699238,nan,nan,nan,nan,6.09602689743042,2.048999786376953,0.009350571781396866,2.048999786376953,1.9886767528951168,1.1084234714508057,1148.1404463461963,6.53125,0.00046,1,2048,,410.2644011974335
adammini-fisher_projector-r8,adammini,fisher_projector,8,1.1B,sdpa,666,230,473088,2.6581573486328125,14.269970277676796,nan,nan,nan,nan,6.09602689743042,2.048999786376953,0.009350571781396866,2.048999786376953,1.9886767528951168,1.0121641159057617,1150.2804766887773,6.4375,0.000462,1,2048,,411.2815601825714
adammini-fisher_projector-r8,adammini,fisher_projector,8,1.1B,sdpa,666,231,475136,1.7535878419876099,5.7752863638227705,nan,nan,nan,nan,6.09602689743042,2.048999786376953,0.009350571781396866,2.048999786376953,1.9886767528951168,0.998100757598877,1152.4548464275315,15.6875,0.00046400000000000006,1,2048,,412.28266644477844
adammini-fisher_projector-r8,adammini,fisher_projector,8,1.1B,sdpa,666,232,477184,2.4638161659240723,11.749564380748645,nan,nan,nan,nan,6.09602689743042,2.048999786376953,0.009350571781396866,2.048999786376953,1.9886767528951168,0.990816593170166,1154.63064853581,9.0625,0.00046600000000000005,1,2048,,413.2794849872589
adammini-fisher_projector-r8,adammini,fisher_projector,8,1.1B,sdpa,666,233,479232,2.7364184856414795,15.43161744604898,nan,nan,nan,nan,6.09602689743042,2.048999786376953,0.009350571781396866,2.048999786376953,1.9886767528951168,0.9970850944519043,1156.7896454034978,17.75,0.00046800000000000005,1,2048,,414.2785665988922
adammini-fisher_projector-r8,adammini,fisher_projector,8,1.1B,sdpa,666,234,481280,2.55584454536438,12.882174645545422,nan,nan,nan,nan,6.09602689743042,2.048999786376953,0.009350571781396866,2.048999786376953,1.9886767528951168,0.9949507713317871,1158.938622510631,7.78125,0.00047,1,2048,,415.27752232551575
adammini-fisher_projector-r8,adammini,fisher_projector,8,1.1B,sdpa,666,235,483328,2.327017068862915,10.247328821723299,nan,nan,nan,nan,6.09602689743042,2.048999786376953,0.009350571781396866,2.048999786376953,1.9886767528951168,0.9950487613677979,1161.0742339601434,6.6875,0.000472,1,2048,,416.27757358551025
adammini-fisher_projector-r8,adammini,fisher_projector,8,1.1B,sdpa,666,236,485376,2.2218496799468994,9.224377241458791,nan,nan,nan,nan,6.09602689743042,2.048999786376953,0.009350571781396866,2.048999786376953,1.9886767528951168,0.9933981895446777,1163.2097823154788,6.1875,0.000474,1,2048,,417.27397060394287
adammini-fisher_projector-r8,adammini,fisher_projector,8,1.1B,sdpa,666,237,487424,2.6602272987365723,14.29953899646224,nan,nan,nan,nan,6.09602689743042,2.048999786376953,0.009350571781396866,2.048999786376953,1.9886767528951168,0.9911837577819824,1165.3357572370928,7.21875,0.00047599999999999997,1,2048,,418.27115201950073
adammini-fisher_projector-r8,adammini,fisher_projector,8,1.1B,sdpa,666,238,489472,2.6282429695129395,13.849414668151411,nan,nan,nan,nan,6.09602689743042,2.048999786376953,0.009350571781396866,2.048999786376953,1.9886767528951168,0.9925711154937744,1167.450543991138,6.65625,0.00047799999999999996,1,2048,,419.26672649383545
adammini-fisher_projector-r8,adammini,fisher_projector,8,1.1B,sdpa,666,239,491520,2.375786066055298,10.759467514997155,nan,nan,nan,nan,6.09602689743042,2.048999786376953,0.009350571781396866,2.048999786376953,1.9886767528951168,1.0114779472351074,1169.5026926268652,7.0,0.00048,1,2048,,420.2822034358978
adammini-fisher_projector-r8,adammini,fisher_projector,8,1.1B,sdpa,666,240,493568,2.555081844329834,12.872353143527047,2.5160662793497526,12.379802071297322,nan,nan,6.09602689743042,2.048999786376953,0.009350571781396866,2.048999786376953,1.9886767528951168,0.9907724857330322,1171.5969568047376,7.03125,0.000482,1,2048,,422.6876037120819
adammini-fisher_projector-r8,adammini,fisher_projector,8,1.1B,sdpa,666,241,495616,2.5220563411712646,12.454180394021865,nan,nan,nan,nan,6.09602689743042,2.048999786376953,0.009350571781396866,2.048999786376953,1.9886767528951168,1.0499253273010254,1169.6186602858386,6.375,0.000484,1,2048,,423.7425298690796
adammini-fisher_projector-r8,adammini,fisher_projector,8,1.1B,sdpa,666,242,497664,1.5206650495529175,4.5752669628150295,nan,nan,nan,nan,6.09602689743042,2.048999786376953,0.009350571781396866,2.048999786376953,1.9886767528951168,1.0108864307403564,1171.6456330196488,7.84375,0.000486,1,2048,,424.75741600990295
adammini-fisher_projector-r8,adammini,fisher_projector,8,1.1B,sdpa,666,243,499712,2.1998348236083984,9.023522903379156,nan,nan,nan,nan,6.09602689743042,2.048999786376953,0.009350571781396866,2.048999786376953,1.9886767528951168,0.9843828678131104,1173.736006388426,5.9375,0.000488,1,2048,,425.7457981109619
adammini-fisher_projector-r8,adammini,fisher_projector,8,1.1B,sdpa,666,244,501760,2.5354950428009033,12.622678067494242,nan,nan,nan,nan,6.09602689743042,2.048999786376953,0.009350571781396866,2.048999786376953,1.9886767528951168,1.0046110153198242,1175.7637189139139,7.21875,0.00049,1,2048,,426.7534091472626
adammini-fisher_projector-r8,adammini,fisher_projector,8,1.1B,sdpa,666,245,503808,2.22029185295105,9.210018444736583,nan,nan,nan,nan,6.09602689743042,2.048999786376953,0.009350571781396866,2.048999786376953,1.9886767528951168,0.9803006649017334,1177.8020046112676,7.375,0.000492,1,2048,,427.75371408462524
adammini-fisher_projector-r8,adammini,fisher_projector,8,1.1B,sdpa,666,246,505856,2.2544267177581787,9.529828462421243,nan,nan,nan,nan,6.09602689743042,2.048999786376953,0.009350571781396866,2.048999786376953,1.9886767528951168,0.9807488918304443,1179.879076348839,6.65625,0.000494,1,2048,,428.73646092414856
adammini-fisher_projector-r8,adammini,fisher_projector,8,1.1B,sdpa,666,247,507904,2.2925198078155518,9.899852002788807,nan,nan,nan,nan,6.09602689743042,2.048999786376953,0.009350571781396866,2.048999786376953,1.9886767528951168,1.0041983127593994,1181.882156504017,6.0,0.000496,1,2048,,429.7426600456238
adammini-fisher_projector-r8,adammini,fisher_projector,8,1.1B,sdpa,666,248,509952,2.2721354961395264,9.700093223560803,nan,nan,nan,nan,6.09602689743042,2.048999786376953,0.009350571781396866,2.048999786376953,1.9886767528951168,0.981492280960083,1183.93828621318,6.65625,0.000498,1,2048,,430.7261526584625
adammini-fisher_projector-r8,adammini,fisher_projector,8,1.1B,sdpa,666,249,512000,2.3154561519622803,10.129542475730519,nan,nan,nan,nan,6.09602689743042,2.048999786376953,0.009350571781396866,2.048999786376953,1.9886767528951168,0.9828686714172363,1185.9812716618126,7.0625,0.0005,1,2048,,431.7100212574005
adammini-fisher_projector-r8,adammini,fisher_projector,8,1.1B,sdpa,666,250,514048,2.316035270690918,10.135410382434083,nan,nan,nan,nan,6.09602689743042,2.048999786376953,0.009350571781396866,2.048999786376953,1.9886767528951168,0.9805424213409424,1188.0227101371015,6.21875,0.000499600008,1,2048,,432.6930630207062
adammini-fisher_projector-r8,adammini,fisher_projector,8,1.1B,sdpa,666,251,516096,2.065032958984375,7.885557793348028,nan,nan,nan,nan,6.09602689743042,2.048999786376953,0.009350571781396866,2.048999786376953,1.9886767528951168,0.9847087860107422,1190.042106052993,7.25,0.0004992000159999999,1,2048,,433.678772687912
adammini-fisher_projector-r8,adammini,fisher_projector,8,1.1B,sdpa,666,252,518144,2.384063959121704,10.84890289408839,nan,nan,nan,nan,6.09602689743042,2.048999786376953,0.009350571781396866,2.048999786376953,1.9886767528951168,0.9843051433563232,1192.0561941171513,27.75,0.000498800024,1,2048,,434.66507267951965
adammini-fisher_projector-r8,adammini,fisher_projector,8,1.1B,sdpa,666,253,520192,2.3375303745269775,10.35563042827044,nan,nan,nan,nan,6.09602689743042,2.048999786376953,0.009350571781396866,2.048999786376953,1.9886767528951168,0.9824259281158447,1194.0580840669897,17.375,0.000498400032,1,2048,,435.65149879455566
adammini-fisher_projector-r8,adammini,fisher_projector,8,1.1B,sdpa,666,254,522240,2.829427480697632,16.93576199777913,nan,nan,nan,nan,6.09602689743042,2.048999786376953,0.009350571781396866,2.048999786376953,1.9886767528951168,0.9809443950653076,1196.0549884817954,78.0,0.00049800004,1,2048,,436.6364436149597
adammini-fisher_projector-r8,adammini,fisher_projector,8,1.1B,sdpa,666,255,524288,2.01574969291687,7.506352731771289,nan,nan,nan,nan,6.09602689743042,2.048999786376953,0.009350571781396866,2.048999786376953,1.9886767528951168,0.9811232089996338,1198.0396758476047,35.0,0.000497600048,1,2048,,437.622567653656
adammini-fisher_projector-r8,adammini,fisher_projector,8,1.1B,sdpa,666,256,526336,2.13529896736145,8.45957526573072,nan,nan,nan,nan,6.09602689743042,2.048999786376953,0.009350571781396866,2.048999786376953,1.9886767528951168,0.979727029800415,1200.0219958564612,51.25,0.000497200056,1,2048,,438.60629439353943
adammini-fisher_projector-r8,adammini,fisher_projector,8,1.1B,sdpa,666,257,528384,2.6411426067352295,14.02922433951298,nan,nan,nan,nan,6.09602689743042,2.048999786376953,0.009350571781396866,2.048999786376953,1.9886767528951168,0.9855177402496338,1201.9796125801176,45.75,0.000496800064,1,2048,,439.5958077907562
adammini-fisher_projector-r8,adammini,fisher_projector,8,1.1B,sdpa,666,258,530432,2.91129994392395,18.380676892657885,nan,nan,nan,nan,6.09602689743042,2.048999786376953,0.009350571781396866,2.048999786376953,1.9886767528951168,0.9862325191497803,1203.926488036623,28.125,0.0004964000720000001,1,2048,,440.5860404968262
adammini-fisher_projector-r8,adammini,fisher_projector,8,1.1B,sdpa,666,259,532480,2.4522926807403564,11.61494557825388,nan,nan,nan,nan,6.09602689743042,2.048999786376953,0.009350571781396866,2.048999786376953,1.9886767528951168,0.9826045036315918,1205.8745308740342,13.4375,0.00049600008,1,2048,,441.57264471054077
adammini-fisher_projector-r8,adammini,fisher_projector,8,1.1B,sdpa,666,260,534528,2.476893186569214,11.904222707811055,2.5550772501782446,12.872294006121237,nan,nan,6.09602689743042,2.048999786376953,0.009350571781396866,2.048999786376953,1.9886767528951168,0.9827935695648193,1207.8133727422994,8.8125,0.000495600088,1,2048,,443.98432993888855
adammini-fisher_projector-r8,adammini,fisher_projector,8,1.1B,sdpa,666,261,536576,2.3566713333129883,10.555756314089484,nan,nan,nan,nan,6.09602689743042,2.048999786376953,0.009350571781396866,2.048999786376953,1.9886767528951168,1.04612135887146,1205.6981221534395,8.9375,0.0004952000959999999,1,2048,,445.0344557762146
adammini-fisher_projector-r8,adammini,fisher_projector,8,1.1B,sdpa,666,262,538624,2.9420902729034424,18.955426945998894,nan,nan,nan,nan,6.09602689743042,2.048999786376953,0.009350571781396866,2.048999786376953,1.9886767528951168,1.0103909969329834,1207.547589090621,9.1875,0.000494800104,1,2048,,446.04884338378906
adammini-fisher_projector-r8,adammini,fisher_projector,8,1.1B,sdpa,666,263,540672,2.6832387447357178,14.63240726759299,nan,nan,nan,nan,6.09602689743042,2.048999786376953,0.009350571781396866,2.048999786376953,1.9886767528951168,0.9806411266326904,1209.4339763535158,8.0,0.000494400112,1,2048,,447.04648637771606
adammini-fisher_projector-r8,adammini,fisher_projector,8,1.1B,sdpa,666,264,542720,3.0365843772888184,20.8339606180804,nan,nan,nan,nan,6.09602689743042,2.048999786376953,0.009350571781396866,2.048999786376953,1.9886767528951168,0.9822642803192139,1211.348126824757,7.875,0.00049400012,1,2048,,448.0307517051697
adammini-fisher_projector-r8,adammini,fisher_projector,8,1.1B,sdpa,666,265,544768,2.9843697547912598,19.77403581700132,nan,nan,nan,nan,6.09602689743042,2.048999786376953,0.009350571781396866,2.048999786376953,1.9886767528951168,0.9807446002960205,1213.2579923300489,7.125,0.000493600128,1,2048,,449.0134971141815
adammini-fisher_projector-r8,adammini,fisher_projector,8,1.1B,sdpa,666,266,546816,3.2559759616851807,25.944923432927798,nan,nan,nan,nan,6.09602689743042,2.048999786376953,0.009350571781396866,2.048999786376953,1.9886767528951168,0.9808127880096436,1215.1593279241683,9.125,0.0004932001360000001,1,2048,,449.99631118774414
adammini-fisher_projector-r8,adammini,fisher_projector,8,1.1B,sdpa,666,267,548864,3.125401258468628,22.76902952668986,nan,nan,nan,nan,6.09602689743042,2.048999786376953,0.009350571781396866,2.048999786376953,1.9886767528951168,0.9791662693023682,1217.0568256311954,6.1875,0.000492800144,1,2048,,450.97748041152954
adammini-fisher_projector-r8,adammini,fisher_projector,8,1.1B,sdpa,666,268,550912,3.2129452228546143,24.852173732319752,nan,nan,nan,nan,6.09602689743042,2.048999786376953,0.009350571781396866,2.048999786376953,1.9886767528951168,0.9807591438293457,1218.9417860909425,6.5,0.000492400152,1,2048,,451.96023750305176
adammini-fisher_projector-r8,adammini,fisher_projector,8,1.1B,sdpa,666,269,552960,3.092613458633423,22.03458927890814,nan,nan,nan,nan,6.09602689743042,2.048999786376953,0.009350571781396866,2.048999786376953,1.9886767528951168,0.9805388450622559,1220.8191599867705,6.40625,0.00049200016,1,2048,,452.9427773952484
adammini-fisher_projector-r8,adammini,fisher_projector,8,1.1B,sdpa,666,270,555008,2.8393094539642334,17.103950393025066,nan,nan,nan,nan,6.09602689743042,2.048999786376953,0.009350571781396866,2.048999786376953,1.9886767528951168,0.9828002452850342,1222.6742281626794,6.96875,0.000491600168,1,2048,,453.9305818080902
adammini-fisher_projector-r8,adammini,fisher_projector,8,1.1B,sdpa,666,271,557056,2.285062313079834,9.82629851186404,nan,nan,nan,nan,6.09602689743042,2.048999786376953,0.009350571781396866,2.048999786376953,1.9886767528951168,0.982842206954956,1224.5238284113527,11.25,0.0004912001760000001,1,2048,,454.917423248291
adammini-fisher_projector-r8,adammini,fisher_projector,8,1.1B,sdpa,666,272,559104,2.7663421630859375,15.900366560595353,nan,nan,nan,nan,6.09602689743042,2.048999786376953,0.009350571781396866,2.048999786376953,1.9886767528951168,0.9820826053619385,1226.367451900688,8.6875,0.000490800184,1,2048,,455.903511762619
adammini-fisher_projector-r8,adammini,fisher_projector,8,1.1B,sdpa,666,273,561152,3.021784782409668,20.52789683754218,nan,nan,nan,nan,6.09602689743042,2.048999786376953,0.009350571781396866,2.048999786376953,1.9886767528951168,0.982384204864502,1228.2023193908517,7.4375,0.000490400192,1,2048,,456.88989543914795
adammini-fisher_projector-r8,adammini,fisher_projector,8,1.1B,sdpa,666,274,563200,2.4549150466918945,11.645444187847202,nan,nan,nan,nan,6.09602689743042,2.048999786376953,0.009350571781396866,2.048999786376953,1.9886767528951168,0.9820919036865234,1230.0300678186388,7.90625,0.0004900002,1,2048,,457.8759858608246
adammini-fisher_projector-r8,adammini,fisher_projector,8,1.1B,sdpa,666,275,565248,2.0944533348083496,8.121000288361088,nan,nan,nan,nan,6.09602689743042,2.048999786376953,0.009350571781396866,2.048999786376953,1.9886767528951168,0.9816691875457764,1231.8457221685692,6.0,0.000489600208,1,2048,,458.86365723609924
adammini-fisher_projector-r8,adammini,fisher_projector,8,1.1B,sdpa,666,276,567296,2.3943405151367188,10.960967083104661,nan,nan,nan,nan,6.09602689743042,2.048999786376953,0.009350571781396866,2.048999786376953,1.9886767528951168,0.9837267398834229,1233.6587842706888,5.65625,0.0004892002160000001,1,2048,,459.84938764572144
adammini-fisher_projector-r8,adammini,fisher_projector,8,1.1B,sdpa,666,277,569344,2.664029598236084,14.354013625228104,nan,nan,nan,nan,6.09602689743042,2.048999786376953,0.009350571781396866,2.048999786376953,1.9886767528951168,0.982097864151001,1235.465778139532,5.5,0.000488800224,1,2048,,460.83448362350464
adammini-fisher_projector-r8,adammini,fisher_projector,8,1.1B,sdpa,666,278,571392,2.6168429851531982,13.692428080023987,nan,nan,nan,nan,6.09602689743042,2.048999786376953,0.009350571781396866,2.048999786376953,1.9886767528951168,0.982302188873291,1237.2618335400061,6.71875,0.000488400232,1,2048,,461.82078981399536
adammini-fisher_projector-r8,adammini,fisher_projector,8,1.1B,sdpa,666,279,573440,1.7442978620529175,5.7218825138119955,nan,nan,nan,nan,6.09602689743042,2.048999786376953,0.009350571781396866,2.048999786376953,1.9886767528951168,0.9813618659973145,1239.047404035594,8.375,0.00048800024,1,2048,,462.80815172195435
adammini-fisher_projector-r8,adammini,fisher_projector,8,1.1B,sdpa,666,280,575488,2.1049532890319824,8.20671965682307,2.5182816378993795,12.40725817298435,nan,nan,6.09602689743042,2.048999786376953,0.009350571781396866,2.048999786376953,1.9886767528951168,0.9826703071594238,1240.8245485316063,8.4375,0.00048760024799999996,1,2048,,465.2151846885681
adammini-fisher_projector-r8,adammini,fisher_projector,8,1.1B,sdpa,666,281,577536,2.5466606616973877,12.764407858199839,nan,nan,nan,nan,6.09602689743042,2.048999786376953,0.009350571781396866,2.048999786376953,1.9886767528951168,1.0447793006896973,1238.653984743696,6.0,0.00048720025600000003,1,2048,,466.2619643211365
adammini-fisher_projector-r8,adammini,fisher_projector,8,1.1B,sdpa,666,282,579584,2.618220090866089,13.711296990216395,nan,nan,nan,nan,6.09602689743042,2.048999786376953,0.009350571781396866,2.048999786376953,1.9886767528951168,1.0134260654449463,1240.339833984971,7.25,0.00048680026400000004,1,2048,,467.2793884277344
adammini-fisher_projector-r8,adammini,fisher_projector,8,1.1B,sdpa,666,283,581632,2.599443197250366,13.456243475332796,nan,nan,nan,nan,6.09602689743042,2.048999786376953,0.009350571781396866,2.048999786376953,1.9886767528951168,0.9826991558074951,1242.099852931052,8.0625,0.00048640027200000006,1,2048,,468.266090631485
adammini-fisher_projector-r8,adammini,fisher_projector,8,1.1B,sdpa,666,284,583680,2.552814483642578,12.843199938961444,nan,nan,nan,nan,6.09602689743042,2.048999786376953,0.009350571781396866,2.048999786376953,1.9886767528951168,0.9813010692596436,1243.853530716525,7.59375,0.00048600028,1,2048,,469.25239157676697
adammini-fisher_projector-r8,adammini,fisher_projector,8,1.1B,sdpa,666,285,585728,2.1786539554595947,8.834406746911693,nan,nan,nan,nan,6.09602689743042,2.048999786376953,0.009350571781396866,2.048999786376953,1.9886767528951168,1.0970020294189453,1245.2987450291957,7.375,0.00048560028800000003,1,2048,,470.3524754047394
adammini-fisher_projector-r8,adammini,fisher_projector,8,1.1B,sdpa,666,286,587776,2.430612087249756,11.365836835135443,nan,nan,nan,nan,6.09602689743042,2.048999786376953,0.009350571781396866,2.048999786376953,1.9886767528951168,0.982487678527832,1247.0372556644643,5.84375,0.00048520029600000004,1,2048,,471.33896470069885
adammini-fisher_projector-r8,adammini,fisher_projector,8,1.1B,sdpa,666,287,589824,2.704484224319458,14.946605606423725,nan,nan,nan,nan,6.09602689743042,2.048999786376953,0.009350571781396866,2.048999786376953,1.9886767528951168,1.005408763885498,1248.7081228621066,6.125,0.000484800304,1,2048,,472.34837198257446
adammini-fisher_projector-r8,adammini,fisher_projector,8,1.1B,sdpa,666,288,591872,2.4282338619232178,11.338838430986234,nan,nan,nan,nan,6.09602689743042,2.048999786376953,0.009350571781396866,2.048999786376953,1.9886767528951168,0.9921786785125732,1250.4068141197204,5.46875,0.000484400312,1,2048,,473.3445522785187
adammini-fisher_projector-r8,adammini,fisher_projector,8,1.1B,sdpa,666,289,593920,2.021207809448242,7.547435294423102,nan,nan,nan,nan,6.09602689743042,2.048999786376953,0.009350571781396866,2.048999786376953,1.9886767528951168,1.041227102279663,1251.966274056482,8.0625,0.00048400031999999997,1,2048,,474.38977575302124
adammini-fisher_projector-r8,adammini,fisher_projector,8,1.1B,sdpa,666,290,595968,1.620863676071167,5.057456434940308,nan,nan,nan,nan,6.09602689743042,2.048999786376953,0.009350571781396866,2.048999786376953,1.9886767528951168,0.9799094200134277,1253.6911054475968,8.875,0.000483600328,1,2048,,475.3716895580292
adammini-fisher_projector-r8,adammini,fisher_projector,8,1.1B,sdpa,666,291,598016,2.2571051120758057,9.555387313884717,nan,nan,nan,nan,6.09602689743042,2.048999786376953,0.009350571781396866,2.048999786376953,1.9886767528951168,0.9771525859832764,1255.4108232163198,8.25,0.000483200336,1,2048,,476.3518400192261
adammini-fisher_projector-r8,adammini,fisher_projector,8,1.1B,sdpa,666,292,600064,2.4465034008026123,11.547897673647572,nan,nan,nan,nan,6.09602689743042,2.048999786376953,0.009350571781396866,2.048999786376953,1.9886767528951168,0.9779524803161621,1257.1174159703835,7.40625,0.000482800344,1,2048,,477.3342967033386
adammini-fisher_projector-r8,adammini,fisher_projector,8,1.1B,sdpa,666,293,602112,2.3973374366760254,10.993865513832269,nan,nan,nan,nan,6.09602689743042,2.048999786376953,0.009350571781396866,2.048999786376953,1.9886767528951168,1.0744259357452393,1258.5644767482008,5.9375,0.00048240035199999997,1,2048,,478.4127240180969
adammini-fisher_projector-r8,adammini,fisher_projector,8,1.1B,sdpa,666,294,604160,3.33807110786438,28.164747516487786,nan,nan,nan,nan,6.09602689743042,2.048999786376953,0.009350571781396866,2.048999786376953,1.9886767528951168,1.0192186832427979,1260.1501212474006,7.53125,0.00048200036,1,2048,,479.4359438419342
adammini-fisher_projector-r8,adammini,fisher_projector,8,1.1B,sdpa,666,295,606208,2.3229668140411377,10.20590846687231,nan,nan,nan,nan,6.09602689743042,2.048999786376953,0.009350571781396866,2.048999786376953,1.9886767528951168,1.0022163391113281,1261.7684061290884,6.46875,0.000481600368,1,2048,,480.4441659450531
adammini-fisher_projector-r8,adammini,fisher_projector,8,1.1B,sdpa,666,296,608256,2.7431342601776123,15.535601485405845,nan,nan,nan,nan,6.09602689743042,2.048999786376953,0.009350571781396866,2.048999786376953,1.9886767528951168,1.0733156204223633,1263.2012331383498,8.4375,0.00048120037600000006,1,2048,,481.5204792022705
adammini-fisher_projector-r8,adammini,fisher_projector,8,1.1B,sdpa,666,297,610304,1.992427945137024,7.3333170566280605,nan,nan,nan,nan,6.09602689743042,2.048999786376953,0.009350571781396866,2.048999786376953,1.9886767528951168,1.0072848796844482,1264.7928700030197,8.5,0.000480800384,1,2048,,482.53376483917236
adammini-fisher_projector-r8,adammini,fisher_projector,8,1.1B,sdpa,666,298,612352,2.5383360385894775,12.65859003143913,nan,nan,nan,nan,6.09602689743042,2.048999786376953,0.009350571781396866,2.048999786376953,1.9886767528951168,1.0309715270996094,1266.3262744296696,5.96875,0.00048040039200000003,1,2048,,483.56673860549927
adammini-fisher_projector-r8,adammini,fisher_projector,8,1.1B,sdpa,666,299,614400,2.8293967247009277,16.9352411295489,nan,nan,nan,nan,6.09602689743042,2.048999786376953,0.009350571781396866,2.048999786376953,1.9886767528951168,165.06028628349304,947.2271960574741,6.25,0.0004800004,1,2048,,648.631059885025
adammini-fisher_projector-r8,adammini,fisher_projector,8,1.1B,sdpa,666,300,616448,2.2178027629852295,9.187122387235435,2.468987425751343,11.810481805179554,nan,nan,6.09602689743042,2.048999786376953,0.009350571781396866,2.048999786376953,1.9886767528951168,1.0674431324005127,948.8170860145734,5.8125,0.00047960040800000005,1,2048,,651.2552592754364
adammini-fisher_projector-r8,adammini,fisher_projector,8,1.1B,sdpa,666,301,618496,2.268120050430298,9.661221122483377,nan,nan,nan,nan,6.09602689743042,2.048999786376953,0.009350571781396866,2.048999786376953,1.9886767528951168,1.1036746501922607,948.0857474549498,6.75,0.000479200416,1,2048,,652.3640623092651
adammini-fisher_projector-r8,adammini,fisher_projector,8,1.1B,sdpa,666,302,620544,2.242654800415039,9.418301838491967,nan,nan,nan,nan,6.09602689743042,2.048999786376953,0.009350571781396866,2.048999786376953,1.9886767528951168,1.005566120147705,949.7542108801867,6.0,0.000478800424,1,2048,,653.374253988266
adammini-fisher_projector-r8,adammini,fisher_projector,8,1.1B,sdpa,666,303,622592,2.5527355670928955,12.842186437926905,nan,nan,nan,nan,6.09602689743042,2.048999786376953,0.009350571781396866,2.048999786376953,1.9886767528951168,0.9798109531402588,951.4560671582226,7.125,0.000478400432,1,2048,,654.3580651283264
adammini-fisher_projector-r8,adammini,fisher_projector,8,1.1B,sdpa,666,304,624640,3.010946273803711,20.306606446216243,nan,nan,nan,nan,6.09602689743042,2.048999786376953,0.009350571781396866,2.048999786376953,1.9886767528951168,0.979884147644043,953.1512494609963,7.375,0.00047800044,1,2048,,655.3429861068726
adammini-fisher_projector-r8,adammini,fisher_projector,8,1.1B,sdpa,666,305,626688,2.5087456703186035,12.289505297399476,nan,nan,nan,nan,6.09602689743042,2.048999786376953,0.009350571781396866,2.048999786376953,1.9886767528951168,0.9788687229156494,954.8425262636903,6.90625,0.000477600448,1,2048,,656.3260252475739
adammini-fisher_projector-r8,adammini,fisher_projector,8,1.1B,sdpa,666,306,628736,2.6773228645324707,14.546099244789135,nan,nan,nan,nan,6.09602689743042,2.048999786376953,0.009350571781396866,2.048999786376953,1.9886767528951168,0.9780373573303223,956.5346108000938,6.90625,0.000477200456,1,2048,,657.3075668811798
adammini-fisher_projector-r8,adammini,fisher_projector,8,1.1B,sdpa,666,307,630784,2.2768657207489014,9.746085534464001,nan,nan,nan,nan,6.09602689743042,2.048999786376953,0.009350571781396866,2.048999786376953,1.9886767528951168,0.9783482551574707,958.2161022349221,7.46875,0.000476800464,1,2048,,658.2909197807312
adammini-fisher_projector-r8,adammini,fisher_projector,8,1.1B,sdpa,666,308,632832,2.1159777641296387,8.297694989538739,nan,nan,nan,nan,6.09602689743042,2.048999786376953,0.009350571781396866,2.048999786376953,1.9886767528951168,0.9822413921356201,959.8890939404188,6.375,0.000476400472,1,2048,,659.2761642932892
adammini-fisher_projector-r8,adammini,fisher_projector,8,1.1B,sdpa,666,309,634880,2.639336347579956,14.003906796513624,nan,nan,nan,nan,6.09602689743042,2.048999786376953,0.009350571781396866,2.048999786376953,1.9886767528951168,0.9774599075317383,961.564060168209,6.375,0.00047600048,1,2048,,660.2581360340118
adammini-fisher_projector-r8,adammini,fisher_projector,8,1.1B,sdpa,666,310,636928,1.9525198936462402,7.046421460126236,nan,nan,nan,nan,6.09602689743042,2.048999786376953,0.009350571781396866,2.048999786376953,1.9886767528951168,0.9822633266448975,963.2263013191088,25.0,0.00047560048800000007,1,2048,,661.2454009056091
adammini-fisher_projector-r8,adammini,fisher_projector,8,1.1B,sdpa,666,311,638976,1.9848064184188843,7.277638432329606,nan,nan,nan,nan,6.09602689743042,2.048999786376953,0.009350571781396866,2.048999786376953,1.9886767528951168,0.9814975261688232,964.886915933274,6.03125,0.00047520049600000003,1,2048,,662.2298974990845
adammini-fisher_projector-r8,adammini,fisher_projector,8,1.1B,sdpa,666,312,641024,2.8401851654052734,17.118935078243755,nan,nan,nan,nan,6.09602689743042,2.048999786376953,0.009350571781396866,2.048999786376953,1.9886767528951168,0.978888750076294,966.5449443884384,6.40625,0.00047480050400000004,1,2048,,663.2131297588348
adammini-fisher_projector-r8,adammini,fisher_projector,8,1.1B,sdpa,666,313,643072,3.1143715381622314,22.519273401461458,nan,nan,nan,nan,6.09602689743042,2.048999786376953,0.009350571781396866,2.048999786376953,1.9886767528951168,0.9787354469299316,968.197791118851,7.6875,0.000474400512,1,2048,,664.1948637962341
adammini-fisher_projector-r8,adammini,fisher_projector,8,1.1B,sdpa,666,314,645120,2.7984800338745117,16.419670451447825,nan,nan,nan,nan,6.09602689743042,2.048999786376953,0.009350571781396866,2.048999786376953,1.9886767528951168,0.9793655872344971,969.8453264802528,6.6875,0.00047400052,1,2048,,665.1792318820953
adammini-fisher_projector-r8,adammini,fisher_projector,8,1.1B,sdpa,666,315,647168,2.2865943908691406,9.841364703907237,nan,nan,nan,nan,6.09602689743042,2.048999786376953,0.009350571781396866,2.048999786376953,1.9886767528951168,0.9793059825897217,971.4851710039977,12.8125,0.000473600528,1,2048,,666.1645398139954
adammini-fisher_projector-r8,adammini,fisher_projector,8,1.1B,sdpa,666,316,649216,1.9478110074996948,7.013318663547388,nan,nan,nan,nan,6.09602689743042,2.048999786376953,0.009350571781396866,2.048999786376953,1.9886767528951168,0.9784493446350098,973.1272505551345,6.46875,0.00047320053600000004,1,2048,,667.1449933052063
adammini-fisher_projector-r8,adammini,fisher_projector,8,1.1B,sdpa,666,317,651264,2.419297218322754,11.237958707536677,nan,nan,nan,nan,6.09602689743042,2.048999786376953,0.009350571781396866,2.048999786376953,1.9886767528951168,0.9787390232086182,974.7611745500618,6.59375,0.000472800544,1,2048,,668.1277339458466
adammini-fisher_projector-r8,adammini,fisher_projector,8,1.1B,sdpa,666,318,653312,2.7732622623443604,16.010780271738398,nan,nan,nan,nan,6.09602689743042,2.048999786376953,0.009350571781396866,2.048999786376953,1.9886767528951168,0.9830911159515381,976.3839489570188,8.125,0.000472400552,1,2048,,669.1148266792297
adammini-fisher_projector-r8,adammini,fisher_projector,8,1.1B,sdpa,666,319,655360,2.577007532119751,13.157705177996306,nan,nan,nan,nan,6.09602689743042,2.048999786376953,0.009350571781396866,2.048999786376953,1.9886767528951168,0.9815983772277832,978.0041232296059,5.96875,0.00047200055999999997,1,2048,,670.1004240512848
adammini-fisher_projector-r8,adammini,fisher_projector,8,1.1B,sdpa,666,320,657408,2.624056577682495,13.791556784115572,2.5084144946694935,12.28543598637092,nan,nan,6.09602689743042,2.048999786376953,0.009350571781396866,2.048999786376953,1.9886767528951168,0.9814894199371338,979.6182382722588,6.34375,0.00047160056800000003,1,2048,,672.4957065582275
adammini-fisher_projector-r8,adammini,fisher_projector,8,1.1B,sdpa,666,321,659456,2.6608119010925293,14.307900984629514,nan,nan,nan,nan,6.09602689743042,2.048999786376953,0.009350571781396866,2.048999786376953,1.9886767528951168,1.0453314781188965,979.0837192613169,6.1875,0.000471200576,1,2048,,673.5450346469879
adammini-fisher_projector-r8,adammini,fisher_projector,8,1.1B,sdpa,666,322,661504,2.518033266067505,12.404176942204689,nan,nan,nan,nan,6.09602689743042,2.048999786376953,0.009350571781396866,2.048999786376953,1.9886767528951168,1.0173704624176025,980.6343963718347,7.90625,0.00047080058400000006,1,2048,,674.5684292316437
adammini-fisher_projector-r8,adammini,fisher_projector,8,1.1B,sdpa,666,323,663552,3.108943223953247,22.397362893309268,nan,nan,nan,nan,6.09602689743042,2.048999786376953,0.009350571781396866,2.048999786376953,1.9886767528951168,0.985175609588623,982.2313872106826,7.875,0.000470400592,1,2048,,675.5566878318787
adammini-fisher_projector-r8,adammini,fisher_projector,8,1.1B,sdpa,666,324,665600,2.428833246231079,11.345636790022471,nan,nan,nan,nan,6.09602689743042,2.048999786376953,0.009350571781396866,2.048999786376953,1.9886767528951168,0.9804105758666992,983.8278884338778,6.6875,0.0004700006,1,2048,,676.5421023368835
adammini-fisher_projector-r8,adammini,fisher_projector,8,1.1B,sdpa,666,325,667648,1.9844318628311157,7.274913062622107,nan,nan,nan,nan,6.09602689743042,2.048999786376953,0.009350571781396866,2.048999786376953,1.9886767528951168,0.9829106330871582,985.4175621048731,19.375,0.00046960060800000004,1,2048,,677.5290102958679
adammini-fisher_projector-r8,adammini,fisher_projector,8,1.1B,sdpa,666,326,669696,2.4658827781677246,11.773871282174527,nan,nan,nan,nan,6.09602689743042,2.048999786376953,0.009350571781396866,2.048999786376953,1.9886767528951168,0.9837894439697266,986.9965448923066,10.0625,0.000469200616,1,2048,,678.5196125507355
adammini-fisher_projector-r8,adammini,fisher_projector,8,1.1B,sdpa,666,327,671744,2.9094841480255127,18.34733161821391,nan,nan,nan,nan,6.09602689743042,2.048999786376953,0.009350571781396866,2.048999786376953,1.9886767528951168,0.9785013198852539,988.5869645075244,7.03125,0.000468800624,1,2048,,679.5001499652863
adammini-fisher_projector-r8,adammini,fisher_projector,8,1.1B,sdpa,666,328,673792,3.01629638671875,20.41554022780002,nan,nan,nan,nan,6.09602689743042,2.048999786376953,0.009350571781396866,2.048999786376953,1.9886767528951168,0.9811005592346191,990.1640036012981,7.46875,0.00046840063199999997,1,2048,,680.4852504730225
adammini-fisher_projector-r8,adammini,fisher_projector,8,1.1B,sdpa,666,329,675840,2.164012908935547,8.706004055303115,nan,nan,nan,nan,6.09602689743042,2.048999786376953,0.009350571781396866,2.048999786376953,1.9886767528951168,0.9813582897186279,991.7419267946912,10.0625,0.00046800064,1,2048,,681.4686107635498
adammini-fisher_projector-r8,adammini,fisher_projector,8,1.1B,sdpa,666,330,677888,2.6833295822143555,14.633736498946677,nan,nan,nan,nan,6.09602689743042,2.048999786376953,0.009350571781396866,2.048999786376953,1.9886767528951168,0.9802322387695312,993.3125796941077,7.90625,0.000467600648,1,2048,,682.4528434276581
adammini-fisher_projector-r8,adammini,fisher_projector,8,1.1B,sdpa,666,331,679936,2.447957754135132,11.564704615766551,nan,nan,nan,nan,6.09602689743042,2.048999786376953,0.009350571781396866,2.048999786376953,1.9886767528951168,0.9810085296630859,994.8775797175967,6.9375,0.000467200656,1,2048,,683.4380960464478
adammini-fisher_projector-r8,adammini,fisher_projector,8,1.1B,sdpa,666,332,681984,2.3999948501586914,11.023119613178697,nan,nan,nan,nan,6.09602689743042,2.048999786376953,0.009350571781396866,2.048999786376953,1.9886767528951168,0.9833893775939941,996.4342520477371,6.9375,0.00046680066399999997,1,2048,,684.4254884719849
adammini-fisher_projector-r8,adammini,fisher_projector,8,1.1B,sdpa,666,333,684032,2.860527515411377,17.47074059110393,nan,nan,nan,nan,6.09602689743042,2.048999786376953,0.009350571781396866,2.048999786376953,1.9886767528951168,0.9837033748626709,997.9834184306895,5.8125,0.000466400672,1,2048,,685.4151933193207
adammini-fisher_projector-r8,adammini,fisher_projector,8,1.1B,sdpa,666,334,686080,2.987536907196045,19.836762482112075,nan,nan,nan,nan,6.09602689743042,2.048999786376953,0.009350571781396866,2.048999786376953,1.9886767528951168,0.9825530052185059,999.5327140974147,5.75,0.00046600067999999994,1,2048,,686.4017441272736
adammini-fisher_projector-r8,adammini,fisher_projector,8,1.1B,sdpa,666,335,688128,2.523895502090454,12.477106712014741,nan,nan,nan,nan,6.09602689743042,2.048999786376953,0.009350571781396866,2.048999786376953,1.9886767528951168,1.0392813682556152,1000.9949526353369,10.375,0.00046560068800000006,1,2048,,687.4445326328278
adammini-fisher_projector-r8,adammini,fisher_projector,8,1.1B,sdpa,666,336,690176,5.833502292633057,341.552804634038,nan,nan,nan,nan,6.09602689743042,2.048999786376953,0.009350571781396866,2.048999786376953,1.9886767528951168,1.1161167621612549,1002.3394584717238,146.0,0.000465200696,1,2048,,688.5661296844482
adammini-fisher_projector-r8,adammini,fisher_projector,8,1.1B,sdpa,666,337,692224,2.5114619731903076,12.322932694845347,nan,nan,nan,nan,6.09602689743042,2.048999786376953,0.009350571781396866,2.048999786376953,1.9886767528951168,1.1106617450714111,1003.6875172547376,7.0,0.00046480070400000003,1,2048,,689.6817905902863
adammini-fisher_projector-r8,adammini,fisher_projector,8,1.1B,sdpa,666,338,694272,2.1840693950653076,8.88237872052544,nan,nan,nan,nan,6.09602689743042,2.048999786376953,0.009350571781396866,2.048999786376953,1.9886767528951168,1.1070497035980225,1005.0379292297486,6.125,0.000464400712,1,2048,,690.7934067249298
adammini-fisher_projector-r8,adammini,fisher_projector,8,1.1B,sdpa,666,339,696320,2.396796464920044,10.987919751489978,nan,nan,nan,nan,6.09602689743042,2.048999786376953,0.009350571781396866,2.048999786376953,1.9886767528951168,1.0974738597869873,1006.3684474307361,7.125,0.00046400072000000005,1,2048,,691.9146163463593
adammini-fisher_projector-r8,adammini,fisher_projector,8,1.1B,sdpa,666,340,698368,2.8628268241882324,17.510957436037216,2.5109233095519046,12.316296566565109,nan,nan,6.09602689743042,2.048999786376953,0.009350571781396866,2.048999786376953,1.9886767528951168,1.070763111114502,1007.7657775784518,6.84375,0.000463600728,1,2048,,694.548896074295
adammini-fisher_projector-r8,adammini,fisher_projector,8,1.1B,sdpa,666,341,700416,2.9510421752929688,19.12587586052968,nan,nan,nan,nan,6.09602689743042,2.048999786376953,0.009350571781396866,2.048999786376953,1.9886767528951168,1.1068785190582275,1006.840542892549,5.90625,0.000463200736,1,2048,,695.6583302021027
adammini-fisher_projector-r8,adammini,fisher_projector,8,1.1B,sdpa,666,342,702464,2.735194683074951,15.41274374421078,nan,nan,nan,nan,6.09602689743042,2.048999786376953,0.009350571781396866,2.048999786376953,1.9886767528951168,1.088306188583374,1008.2043566243675,7.03125,0.000462800744,1,2048,,696.7481575012207
adammini-fisher_projector-r8,adammini,fisher_projector,8,1.1B,sdpa,666,343,704512,2.5225980281829834,12.460928489295686,nan,nan,nan,nan,6.09602689743042,2.048999786376953,0.009350571781396866,2.048999786376953,1.9886767528951168,1.0752058029174805,1009.5835471341402,6.03125,0.000462400752,1,2048,,697.8253667354584
adammini-fisher_projector-r8,adammini,fisher_projector,8,1.1B,sdpa,666,344,706560,2.507312774658203,12.271908328911081,nan,nan,nan,nan,6.09602689743042,2.048999786376953,0.009350571781396866,2.048999786376953,1.9886767528951168,1.107323169708252,1010.911348348422,5.8125,0.00046200076,1,2048,,698.9347174167633
adammini-fisher_projector-r8,adammini,fisher_projector,8,1.1B,sdpa,666,345,708608,2.60451078414917,13.524607231812986,nan,nan,nan,nan,6.09602689743042,2.048999786376953,0.009350571781396866,2.048999786376953,1.9886767528951168,1.093172550201416,1012.2553078653773,6.125,0.000461600768,1,2048,,700.0299341678619
adammini-fisher_projector-r8,adammini,fisher_projector,8,1.1B,sdpa,666,346,710656,2.533081293106079,12.592246823638591,nan,nan,nan,nan,6.09602689743042,2.048999786376953,0.009350571781396866,2.048999786376953,1.9886767528951168,1.0836706161499023,1013.6060107019013,7.25,0.000461200776,1,2048,,701.117600440979
adammini-fisher_projector-r8,adammini,fisher_projector,8,1.1B,sdpa,666,347,712704,2.0812857151031494,8.014766999655478,nan,nan,nan,nan,6.09602689743042,2.048999786376953,0.009350571781396866,2.048999786376953,1.9886767528951168,1.095825433731079,1014.934959473431,7.96875,0.000460800784,1,2048,,702.2174260616302
adammini-fisher_projector-r8,adammini,fisher_projector,8,1.1B,sdpa,666,348,714752,2.2364323139190674,9.359878540088813,nan,nan,nan,nan,6.09602689743042,2.048999786376953,0.009350571781396866,2.048999786376953,1.9886767528951168,1.0833299160003662,1016.276363805892,6.0,0.000460400792,1,2048,,703.3057548999786
adammini-fisher_projector-r8,adammini,fisher_projector,8,1.1B,sdpa,666,349,716800,2.0756471157073975,7.969702110122196,nan,nan,nan,nan,6.09602689743042,2.048999786376953,0.009350571781396866,2.048999786376953,1.9886767528951168,1.0613815784454346,1017.646776379873,5.875,0.00046000080000000007,1,2048,,704.3711371421814
adammini-fisher_projector-r8,adammini,fisher_projector,8,1.1B,sdpa,666,350,718848,2.5433661937713623,12.722425119281397,nan,nan,nan,nan,6.09602689743042,2.048999786376953,0.009350571781396866,2.048999786376953,1.9886767528951168,1.073819637298584,1018.995082970362,12.75,0.00045960080800000003,1,2048,,705.448956489563
adammini-fisher_projector-r8,adammini,fisher_projector,8,1.1B,sdpa,666,351,720896,2.559901475906372,12.934542888648634,nan,nan,nan,nan,6.09602689743042,2.048999786376953,0.009350571781396866,2.048999786376953,1.9886767528951168,1.0662798881530762,1020.3487222068278,7.5625,0.00045920081600000004,1,2048,,706.5202405452728
adammini-fisher_projector-r8,adammini,fisher_projector,8,1.1B,sdpa,666,352,722944,2.770362377166748,15.964418102319902,nan,nan,nan,nan,6.09602689743042,2.048999786376953,0.009350571781396866,2.048999786376953,1.9886767528951168,0.9900412559509277,1021.8009344232058,7.40625,0.000458800824,1,2048,,707.5204155445099
adammini-fisher_projector-r8,adammini,fisher_projector,8,1.1B,sdpa,666,353,724992,3.2889702320098877,26.815235961641783,nan,nan,nan,nan,6.09602689743042,2.048999786376953,0.009350571781396866,2.048999786376953,1.9886767528951168,0.9817805290222168,1023.2727305847222,6.46875,0.00045840083200000007,1,2048,,708.5041983127594
adammini-fisher_projector-r8,adammini,fisher_projector,8,1.1B,sdpa,666,354,727040,3.1944801807403564,24.397488111268935,nan,nan,nan,nan,6.09602689743042,2.048999786376953,0.009350571781396866,2.048999786376953,1.9886767528951168,0.9802725315093994,1024.742485803902,8.3125,0.00045800084,1,2048,,709.4865643978119
adammini-fisher_projector-r8,adammini,fisher_projector,8,1.1B,sdpa,666,355,729088,3.056701183319092,21.257317378479485,nan,nan,nan,nan,6.09602689743042,2.048999786376953,0.009350571781396866,2.048999786376953,1.9886767528951168,0.9801075458526611,1026.208548816543,6.75,0.00045760084800000004,1,2048,,710.4686732292175
adammini-fisher_projector-r8,adammini,fisher_projector,8,1.1B,sdpa,666,356,731136,2.5623128414154053,12.965770434627562,nan,nan,nan,nan,6.09602689743042,2.048999786376953,0.009350571781396866,2.048999786376953,1.9886767528951168,0.9801290035247803,1027.6676475959744,6.5,0.000457200856,1,2048,,711.4523510932922
adammini-fisher_projector-r8,adammini,fisher_projector,8,1.1B,sdpa,666,357,733184,2.206951856613159,9.087972687278139,nan,nan,nan,nan,6.09602689743042,2.048999786376953,0.009350571781396866,2.048999786376953,1.9886767528951168,0.9816195964813232,1029.1203155361354,9.4375,0.000456800864,1,2048,,712.4385974407196
adammini-fisher_projector-r8,adammini,fisher_projector,8,1.1B,sdpa,666,358,735232,2.636535406112671,13.964737554248504,nan,nan,nan,nan,6.09602689743042,2.048999786376953,0.009350571781396866,2.048999786376953,1.9886767528951168,0.9999241828918457,1030.5427700237879,8.1875,0.000456400872,1,2048,,713.442519903183
adammini-fisher_projector-r8,adammini,fisher_projector,8,1.1B,sdpa,666,359,737280,2.744420289993286,15.55559358458295,nan,nan,nan,nan,6.09602689743042,2.048999786376953,0.009350571781396866,2.048999786376953,1.9886767528951168,0.9816412925720215,1031.9876351001456,17.375,0.00045600088000000003,1,2048,,714.428165435791
adammini-fisher_projector-r8,adammini,fisher_projector,8,1.1B,sdpa,666,360,739328,2.630784749984741,13.884661615926067,2.534106423387505,12.605162135976528,nan,nan,6.09602689743042,2.048999786376953,0.009350571781396866,2.048999786376953,1.9886767528951168,0.9846608638763428,1033.4198287263127,7.375,0.000455600888,1,2048,,716.8273184299469
adammini-fisher_projector-r8,adammini,fisher_projector,8,1.1B,sdpa,666,361,741376,2.5687034130096436,13.048894440926846,nan,nan,nan,nan,6.09602689743042,2.048999786376953,0.009350571781396866,2.048999786376953,1.9886767528951168,1.0469777584075928,1032.7350298600718,6.8125,0.00045520089600000006,1,2048,,717.8772983551025
adammini-fisher_projector-r8,adammini,fisher_projector,8,1.1B,sdpa,666,362,743424,2.660761594772339,14.307181224885712,nan,nan,nan,nan,6.09602689743042,2.048999786376953,0.009350571781396866,2.048999786376953,1.9886767528951168,1.009605884552002,1034.1277511256712,6.3125,0.000454800904,1,2048,,718.8909051418304
adammini-fisher_projector-r8,adammini,fisher_projector,8,1.1B,sdpa,666,363,745472,2.752857208251953,15.687390052344515,nan,nan,nan,nan,6.09602689743042,2.048999786376953,0.009350571781396866,2.048999786376953,1.9886767528951168,0.9826605319976807,1035.55386897948,7.84375,0.00045440091200000003,1,2048,,719.8785674571991
adammini-fisher_projector-r8,adammini,fisher_projector,8,1.1B,sdpa,666,364,747520,2.9402031898498535,18.91969021073443,nan,nan,nan,nan,6.09602689743042,2.048999786376953,0.009350571781396866,2.048999786376953,1.9886767528951168,0.9805560111999512,1036.9834223224368,7.5,0.00045400092000000004,1,2048,,720.8611264228821
adammini-fisher_projector-r8,adammini,fisher_projector,8,1.1B,sdpa,666,365,749568,2.835855722427368,17.044979833007147,nan,nan,nan,nan,6.09602689743042,2.048999786376953,0.009350571781396866,2.048999786376953,1.9886767528951168,0.9784512519836426,1038.407799454581,8.625,0.000453600928,1,2048,,721.844574213028
adammini-fisher_projector-r8,adammini,fisher_projector,8,1.1B,sdpa,666,366,751616,2.6804263591766357,14.59131311009279,nan,nan,nan,nan,6.09602689743042,2.048999786376953,0.009350571781396866,2.048999786376953,1.9886767528951168,0.9791638851165771,1039.8287173988438,10.125,0.000453200936,1,2048,,722.8277702331543
adammini-fisher_projector-r8,adammini,fisher_projector,8,1.1B,sdpa,666,367,753664,2.871245861053467,17.65900516742112,nan,nan,nan,nan,6.09602689743042,2.048999786376953,0.009350571781396866,2.048999786376953,1.9886767528951168,0.9838345050811768,1041.2390017678674,7.5,0.00045280094399999997,1,2048,,723.8151161670685
adammini-fisher_projector-r8,adammini,fisher_projector,8,1.1B,sdpa,666,368,755712,2.7521800994873047,15.676771578382201,nan,nan,nan,nan,6.09602689743042,2.048999786376953,0.009350571781396866,2.048999786376953,1.9886767528951168,0.9808220863342285,1042.6490900335784,8.625,0.00045240095200000004,1,2048,,724.8009431362152
adammini-fisher_projector-r8,adammini,fisher_projector,8,1.1B,sdpa,666,369,757760,2.7345077991485596,15.402160613378621,nan,nan,nan,nan,6.09602689743042,2.048999786376953,0.009350571781396866,2.048999786376953,1.9886767528951168,0.9808995723724365,1044.0559748309317,8.625,0.00045200096,1,2048,,725.785840511322
adammini-fisher_projector-r8,adammini,fisher_projector,8,1.1B,sdpa,666,370,759808,2.325808048248291,10.234947076333945,nan,nan,nan,nan,6.09602689743042,2.048999786376953,0.009350571781396866,2.048999786376953,1.9886767528951168,0.9804203510284424,1045.4597375572596,8.6875,0.000451600968,1,2048,,726.7702600955963
adammini-fisher_projector-r8,adammini,fisher_projector,8,1.1B,sdpa,666,371,761856,2.9521424770355225,19.14693167681827,nan,nan,nan,nan,6.09602689743042,2.048999786376953,0.009350571781396866,2.048999786376953,1.9886767528951168,0.9813835620880127,1046.8579565868604,7.0,0.00045120097599999997,1,2048,,727.7548928260803
adammini-fisher_projector-r8,adammini,fisher_projector,8,1.1B,sdpa,666,372,763904,2.5118160247802734,12.327296421205544,nan,nan,nan,nan,6.09602689743042,2.048999786376953,0.009350571781396866,2.048999786376953,1.9886767528951168,0.9813790321350098,1048.252757606298,6.53125,0.000450800984,1,2048,,728.7412991523743
adammini-fisher_projector-r8,adammini,fisher_projector,8,1.1B,sdpa,666,373,765952,2.663545846939087,14.347071531778521,nan,nan,nan,nan,6.09602689743042,2.048999786376953,0.009350571781396866,2.048999786376953,1.9886767528951168,0.9795405864715576,1049.6454927098605,7.65625,0.000450400992,1,2048,,729.7254695892334
adammini-fisher_projector-r8,adammini,fisher_projector,8,1.1B,sdpa,666,374,768000,2.3547616004943848,10.535616876424658,nan,nan,nan,nan,6.09602689743042,2.048999786376953,0.009350571781396866,2.048999786376953,1.9886767528951168,0.9817581176757812,1051.030789839249,10.1875,0.000450001,1,2048,,730.7122330665588
adammini-fisher_projector-r8,adammini,fisher_projector,8,1.1B,sdpa,666,375,770048,2.6463966369628906,14.103128285036517,nan,nan,nan,nan,6.09602689743042,2.048999786376953,0.009350571781396866,2.048999786376953,1.9886767528951168,0.9812400341033936,1052.4145367028023,6.09375,0.000449601008,1,2048,,731.6974685192108
adammini-fisher_projector-r8,adammini,fisher_projector,8,1.1B,sdpa,666,376,772096,2.7015159130096436,14.902305209171027,nan,nan,nan,nan,6.09602689743042,2.048999786376953,0.009350571781396866,2.048999786376953,1.9886767528951168,0.9792304039001465,1053.7974521645863,6.125,0.00044920101600000003,1,2048,,732.6807060241699
adammini-fisher_projector-r8,adammini,fisher_projector,8,1.1B,sdpa,666,377,774144,2.248302459716797,9.471643684981839,nan,nan,nan,nan,6.09602689743042,2.048999786376953,0.009350571781396866,2.048999786376953,1.9886767528951168,0.9811749458312988,1055.1709818578274,7.03125,0.000448801024,1,2048,,733.667905330658
adammini-fisher_projector-r8,adammini,fisher_projector,8,1.1B,sdpa,666,378,776192,1.5186744928359985,4.566168692745985,nan,nan,nan,nan,6.09602689743042,2.048999786376953,0.009350571781396866,2.048999786376953,1.9886767528951168,0.9815158843994141,1056.5459905649827,5.5,0.00044840103200000005,1,2048,,734.6514866352081
adammini-fisher_projector-r8,adammini,fisher_projector,8,1.1B,sdpa,666,379,778240,1.4817782640457153,4.400764448133835,nan,nan,nan,nan,6.09602689743042,2.048999786376953,0.009350571781396866,2.048999786376953,1.9886767528951168,0.9804844856262207,1057.9172884006384,5.71875,0.00044800104,1,2048,,735.6350705623627
adammini-fisher_projector-r8,adammini,fisher_projector,8,1.1B,sdpa,666,380,780288,2.1901044845581055,8.936146755267279,2.5061243671999662,12.257332963977815,nan,nan,6.09602689743042,2.048999786376953,0.009350571781396866,2.048999786376953,1.9886767528951168,0.9943301677703857,1059.2623149369645,9.4375,0.000447601048,1,2048,,738.0471878051758
adammini-fisher_projector-r8,adammini,fisher_projector,8,1.1B,sdpa,666,381,782336,2.665236234664917,14.37134415468963,nan,nan,nan,nan,6.09602689743042,2.048999786376953,0.009350571781396866,2.048999786376953,1.9886767528951168,1.0526113510131836,1058.4918195874957,7.59375,0.000447201056,1,2048,,739.1054382324219
adammini-fisher_projector-r8,adammini,fisher_projector,8,1.1B,sdpa,666,382,784384,2.397726058959961,10.99813880525189,nan,nan,nan,nan,6.09602689743042,2.048999786376953,0.009350571781396866,2.048999786376953,1.9886767528951168,1.0155575275421143,1059.8022293662764,6.25,0.000446801064,1,2048,,740.1239936351776
adammini-fisher_projector-r8,adammini,fisher_projector,8,1.1B,sdpa,666,383,786432,2.530724287033081,12.562601771910431,nan,nan,nan,nan,6.09602689743042,2.048999786376953,0.009350571781396866,2.048999786376953,1.9886767528951168,0.9841067790985107,1061.1512079225724,6.59375,0.000446401072,1,2048,,741.1130993366241
adammini-fisher_projector-r8,adammini,fisher_projector,8,1.1B,sdpa,666,384,788480,2.4722187519073486,11.848707049807418,nan,nan,nan,nan,6.09602689743042,2.048999786376953,0.009350571781396866,2.048999786376953,1.9886767528951168,0.9841759204864502,1062.500779972882,9.0,0.00044600108,1,2048,,742.0992770195007
adammini-fisher_projector-r8,adammini,fisher_projector,8,1.1B,sdpa,666,385,790528,2.357262134552002,10.561994510584233,nan,nan,nan,nan,6.09602689743042,2.048999786376953,0.009350571781396866,2.048999786376953,1.9886767528951168,0.9837863445281982,1063.8373129274255,5.59375,0.000445601088,1,2048,,743.0920646190643
adammini-fisher_projector-r8,adammini,fisher_projector,8,1.1B,sdpa,666,386,792576,2.399232864379883,11.014723352117365,nan,nan,nan,nan,6.09602689743042,2.048999786376953,0.009350571781396866,2.048999786376953,1.9886767528951168,0.98050856590271,1065.1849865716708,7.71875,0.000445201096,1,2048,,744.0745759010315
adammini-fisher_projector-r8,adammini,fisher_projector,8,1.1B,sdpa,666,387,794624,2.50919508934021,12.29502967613372,nan,nan,nan,nan,6.09602689743042,2.048999786376953,0.009350571781396866,2.048999786376953,1.9886767528951168,0.9802436828613281,1066.5294863808363,5.25,0.00044480110399999995,1,2048,,745.0568513870239
adammini-fisher_projector-r8,adammini,fisher_projector,8,1.1B,sdpa,666,388,796672,2.5198841094970703,12.427156390718077,nan,nan,nan,nan,6.09602689743042,2.048999786376953,0.009350571781396866,2.048999786376953,1.9886767528951168,0.9830076694488525,1067.8640095056014,5.75,0.00044440111200000007,1,2048,,746.0435626506805
adammini-fisher_projector-r8,adammini,fisher_projector,8,1.1B,sdpa,666,389,798720,2.092493772506714,8.105102264016246,nan,nan,nan,nan,6.09602689743042,2.048999786376953,0.009350571781396866,2.048999786376953,1.9886767528951168,0.9823591709136963,1069.1969856316448,7.0625,0.00044400112000000003,1,2048,,747.0289177894592
adammini-fisher_projector-r8,adammini,fisher_projector,8,1.1B,sdpa,666,390,800768,2.623802661895752,13.788055334679777,nan,nan,nan,nan,6.09602689743042,2.048999786376953,0.009350571781396866,2.048999786376953,1.9886767528951168,0.980349063873291,1070.5250355596042,6.125,0.00044360112800000004,1,2048,,748.0152671337128
adammini-fisher_projector-r8,adammini,fisher_projector,8,1.1B,sdpa,666,391,802816,2.9124109745025635,18.401109735395945,nan,nan,nan,nan,6.09602689743042,2.048999786376953,0.009350571781396866,2.048999786376953,1.9886767528951168,0.9799771308898926,1071.8529757024378,6.59375,0.000443201136,1,2048,,748.9992475509644
adammini-fisher_projector-r8,adammini,fisher_projector,8,1.1B,sdpa,666,392,804864,2.7645814418792725,15.872395080214,nan,nan,nan,nan,6.09602689743042,2.048999786376953,0.009350571781396866,2.048999786376953,1.9886767528951168,0.9819614887237549,1073.1745959288874,6.125,0.000442801144,1,2048,,749.9852087497711
adammini-fisher_projector-r8,adammini,fisher_projector,8,1.1B,sdpa,666,393,806912,2.5108542442321777,12.315445966978693,nan,nan,nan,nan,6.09602689743042,2.048999786376953,0.009350571781396866,2.048999786376953,1.9886767528951168,0.9806137084960938,1074.4946742159557,6.5625,0.000442401152,1,2048,,750.9698235988617
adammini-fisher_projector-r8,adammini,fisher_projector,8,1.1B,sdpa,666,394,808960,2.502422332763672,12.212039785430195,nan,nan,nan,nan,6.09602689743042,2.048999786376953,0.009350571781396866,2.048999786376953,1.9886767528951168,0.9803421497344971,1075.8102407728102,6.65625,0.00044200116000000004,1,2048,,751.9551720619202
adammini-fisher_projector-r8,adammini,fisher_projector,8,1.1B,sdpa,666,395,811008,5.457869529724121,234.59708945426829,nan,nan,nan,nan,6.09602689743042,2.048999786376953,0.009350571781396866,2.048999786376953,1.9886767528951168,0.9816839694976807,1077.1218882454118,936.0,0.000441601168,1,2048,,752.9408547878265
adammini-fisher_projector-r8,adammini,fisher_projector,8,1.1B,sdpa,666,396,813056,2.190150737762451,8.936560090248173,nan,nan,nan,nan,6.09602689743042,2.048999786376953,0.009350571781396866,2.048999786376953,1.9886767528951168,0.9808480739593506,1078.4313027241287,6.09375,0.000441201176,1,2048,,753.9257290363312
adammini-fisher_projector-r8,adammini,fisher_projector,8,1.1B,sdpa,666,397,815104,2.4546430110931396,11.642276643326763,nan,nan,nan,nan,6.09602689743042,2.048999786376953,0.009350571781396866,2.048999786376953,1.9886767528951168,0.984691858291626,1079.7315813679938,6.34375,0.00044080118399999997,1,2048,,754.9145486354828
adammini-fisher_projector-r8,adammini,fisher_projector,8,1.1B,sdpa,666,398,817152,2.2243030071258545,9.247035439476084,nan,nan,nan,nan,6.09602689743042,2.048999786376953,0.009350571781396866,2.048999786376953,1.9886767528951168,0.9811136722564697,1081.0337959063368,7.5,0.00044040119200000003,1,2048,,755.899664402008
adammini-fisher_projector-r8,adammini,fisher_projector,8,1.1B,sdpa,666,399,819200,2.6586854457855225,14.277508198551784,nan,nan,nan,nan,6.09602689743042,2.048999786376953,0.009350571781396866,2.048999786376953,1.9886767528951168,0.9842557907104492,1082.3274892916904,6.40625,0.0004400012,1,2048,,756.8883662223816
adammini-fisher_projector-r8,adammini,fisher_projector,8,1.1B,sdpa,666,400,821248,2.643310070037842,14.059665146181354,2.500875260301972,12.193161481794144,nan,nan,6.09602689743042,2.048999786376953,0.009350571781396866,2.048999786376953,1.9886767528951168,0.9965405464172363,1083.6008784316155,9.5,0.00043960120799999995,1,2048,,759.3076581954956
adammini-fisher_projector-r8,adammini,fisher_projector,8,1.1B,sdpa,666,401,823296,2.9724533557891846,19.539798918305316,nan,nan,nan,nan,6.09602689743042,2.048999786376953,0.009350571781396866,2.048999786376953,1.9886767528951168,1.0479228496551514,1082.770494319684,6.5,0.000439201216,1,2048,,760.3615789413452
adammini-fisher_projector-r8,adammini,fisher_projector,8,1.1B,sdpa,666,402,825344,2.8797249794006348,17.809374561166454,nan,nan,nan,nan,6.09602689743042,2.048999786376953,0.009350571781396866,2.048999786376953,1.9886767528951168,1.0114099979400635,1084.0177460145114,6.59375,0.00043880122400000003,1,2048,,761.3759918212891
adammini-fisher_projector-r8,adammini,fisher_projector,8,1.1B,sdpa,666,403,827392,2.69795560836792,14.849342799863209,nan,nan,nan,nan,6.09602689743042,2.048999786376953,0.009350571781396866,2.048999786376953,1.9886767528951168,0.9822745323181152,1085.303155557057,6.71875,0.00043840123200000004,1,2048,,762.361261844635
adammini-fisher_projector-r8,adammini,fisher_projector,8,1.1B,sdpa,666,404,829440,2.4218876361846924,11.267107453921403,nan,nan,nan,nan,6.09602689743042,2.048999786376953,0.009350571781396866,2.048999786376953,1.9886767528951168,0.9817600250244141,1086.5845548720356,6.59375,0.00043800124,1,2048,,763.3470575809479
adammini-fisher_projector-r8,adammini,fisher_projector,8,1.1B,sdpa,666,405,831488,2.3386459350585938,10.367189206916128,nan,nan,nan,nan,6.09602689743042,2.048999786376953,0.009350571781396866,2.048999786376953,1.9886767528951168,1.039794921875,1087.7791555137073,6.875,0.000437601248,1,2048,,764.3914546966553
adammini-fisher_projector-r8,adammini,fisher_projector,8,1.1B,sdpa,666,406,833536,2.3688225746154785,10.684804315038976,nan,nan,nan,nan,6.09602689743042,2.048999786376953,0.009350571781396866,2.048999786376953,1.9886767528951168,1.1105754375457764,1088.8721269171506,6.34375,0.000437201256,1,2048,,765.5050287246704
adammini-fisher_projector-r8,adammini,fisher_projector,8,1.1B,sdpa,666,407,835584,1.9870496988296509,7.2939825414173205,nan,nan,nan,nan,6.09602689743042,2.048999786376953,0.009350571781396866,2.048999786376953,1.9886767528951168,1.1164538860321045,1089.9493030158053,5.84375,0.000436801264,1,2048,,766.62752866745
adammini-fisher_projector-r8,adammini,fisher_projector,8,1.1B,sdpa,666,408,837632,2.586073875427246,13.277539860612919,nan,nan,nan,nan,6.09602689743042,2.048999786376953,0.009350571781396866,2.048999786376953,1.9886767528951168,1.1171855926513672,1091.0256201312072,8.0,0.000436401272,1,2048,,767.7478275299072
adammini-fisher_projector-r8,adammini,fisher_projector,8,1.1B,sdpa,666,409,839680,2.398277759552002,11.004208159021184,nan,nan,nan,nan,6.09602689743042,2.048999786376953,0.009350571781396866,2.048999786376953,1.9886767528951168,1.105067253112793,1092.1126704273847,7.21875,0.00043600128,1,2048,,768.8594036102295
adammini-fisher_projector-r8,adammini,fisher_projector,8,1.1B,sdpa,666,410,841728,2.0363597869873047,7.662664636136277,nan,nan,nan,nan,6.09602689743042,2.048999786376953,0.009350571781396866,2.048999786376953,1.9886767528951168,1.1072351932525635,1093.1991886076598,7.9375,0.00043560128799999997,1,2048,,769.9687156677246
adammini-fisher_projector-r8,adammini,fisher_projector,8,1.1B,sdpa,666,411,843776,2.2432925701141357,9.4243104618768,nan,nan,nan,nan,6.09602689743042,2.048999786376953,0.009350571781396866,2.048999786376953,1.9886767528951168,1.0926992893218994,1094.3001081227746,6.25,0.00043520129600000003,1,2048,,771.0650465488434
adammini-fisher_projector-r8,adammini,fisher_projector,8,1.1B,sdpa,666,412,845824,2.1953651905059814,8.983281066826828,nan,nan,nan,nan,6.09602689743042,2.048999786376953,0.009350571781396866,2.048999786376953,1.9886767528951168,1.0742073059082031,1095.4235134198236,6.0,0.000434801304,1,2048,,772.1443672180176
adammini-fisher_projector-r8,adammini,fisher_projector,8,1.1B,sdpa,666,413,847872,3.317345142364502,27.587013658225615,nan,nan,nan,nan,6.09602689743042,2.048999786376953,0.009350571781396866,2.048999786376953,1.9886767528951168,1.1079022884368896,1096.498306518258,7.96875,0.000434401312,1,2048,,773.2558929920197
adammini-fisher_projector-r8,adammini,fisher_projector,8,1.1B,sdpa,666,414,849920,2.6156535148620605,13.676151026064433,nan,nan,nan,nan,6.09602689743042,2.048999786376953,0.009350571781396866,2.048999786376953,1.9886767528951168,1.0641186237335205,1097.627624047864,7.28125,0.00043400132,1,2048,,774.3255360126495
adammini-fisher_projector-r8,adammini,fisher_projector,8,1.1B,sdpa,666,415,851968,2.3419265747070312,10.401256068866212,nan,nan,nan,nan,6.09602689743042,2.048999786376953,0.009350571781396866,2.048999786376953,1.9886767528951168,1.0231070518493652,1098.8149784034983,7.71875,0.00043360132800000003,1,2048,,775.3526740074158
adammini-fisher_projector-r8,adammini,fisher_projector,8,1.1B,sdpa,666,416,854016,2.362159252166748,10.613844694551966,nan,nan,nan,nan,6.09602689743042,2.048999786376953,0.009350571781396866,2.048999786376953,1.9886767528951168,1.0571346282958984,1099.9493332044503,6.84375,0.00043320133600000004,1,2048,,776.4149518013
adammini-fisher_projector-r8,adammini,fisher_projector,8,1.1B,sdpa,666,417,856064,2.5864579677581787,13.28264064136971,nan,nan,nan,nan,6.09602689743042,2.048999786376953,0.009350571781396866,2.048999786376953,1.9886767528951168,1.0448248386383057,1101.101081453977,7.875,0.00043280134400000005,1,2048,,777.4627737998962
adammini-fisher_projector-r8,adammini,fisher_projector,8,1.1B,sdpa,666,418,858112,2.4559247493743896,11.65720856234328,nan,nan,nan,nan,6.09602689743042,2.048999786376953,0.009350571781396866,2.048999786376953,1.9886767528951168,0.9961299896240234,1102.3164707836354,7.90625,0.000432401352,1,2048,,778.4640245437622
adammini-fisher_projector-r8,adammini,fisher_projector,8,1.1B,sdpa,666,419,860160,2.442971706390381,11.507185960940637,nan,nan,nan,nan,6.09602689743042,2.048999786376953,0.009350571781396866,2.048999786376953,1.9886767528951168,0.9820501804351807,1103.549306590947,6.96875,0.00043200136,1,2048,,779.4496333599091
adammini-fisher_projector-r8,adammini,fisher_projector,8,1.1B,sdpa,666,420,862208,2.2245333194732666,9.249165391182427,2.481693066924764,11.961498902009287,nan,nan,6.09602689743042,2.048999786376953,0.009350571781396866,2.048999786376953,1.9886767528951168,0.9801530838012695,1104.7804577649192,6.25,0.000431601368,1,2048,,781.8581104278564
adammini-fisher_projector-r8,adammini,fisher_projector,8,1.1B,sdpa,666,421,864256,2.4253926277160645,11.306667859073132,nan,nan,nan,nan,6.09602689743042,2.048999786376953,0.009350571781396866,2.048999786376953,1.9886767528951168,1.0579807758331299,1103.890700198393,6.625,0.00043120137600000005,1,2048,,782.9190926551819
adammini-fisher_projector-r8,adammini,fisher_projector,8,1.1B,sdpa,666,422,866304,2.262622833251953,9.608257002777993,nan,nan,nan,nan,6.09602689743042,2.048999786376953,0.009350571781396866,2.048999786376953,1.9886767528951168,1.0816757678985596,1104.9728702658524,6.53125,0.000430801384,1,2048,,784.0057671070099
adammini-fisher_projector-r8,adammini,fisher_projector,8,1.1B,sdpa,666,423,868352,2.5085067749023438,12.286569741575203,nan,nan,nan,nan,6.09602689743042,2.048999786376953,0.009350571781396866,2.048999786376953,1.9886767528951168,0.9868373870849609,1106.18708429772,6.53125,0.000430401392,1,2048,,784.99560546875
adammini-fisher_projector-r8,adammini,fisher_projector,8,1.1B,sdpa,666,424,870400,2.4724466800689697,11.851408011623805,nan,nan,nan,nan,6.09602689743042,2.048999786376953,0.009350571781396866,2.048999786376953,1.9886767528951168,0.9919707775115967,1107.3923813534022,6.1875,0.0004300014,1,2048,,785.9915981292725
adammini-fisher_projector-r8,adammini,fisher_projector,8,1.1B,sdpa,666,425,872448,2.7063050270080566,14.973845217550238,nan,nan,nan,nan,6.09602689743042,2.048999786376953,0.009350571781396866,2.048999786376953,1.9886767528951168,0.9824528694152832,1108.6031237288942,6.0,0.000429601408,1,2048,,786.9805617332458
adammini-fisher_projector-r8,adammini,fisher_projector,8,1.1B,sdpa,666,426,874496,2.148963689804077,8.575966429104719,nan,nan,nan,nan,6.09602689743042,2.048999786376953,0.009350571781396866,2.048999786376953,1.9886767528951168,0.9792959690093994,1109.8202176632803,5.03125,0.000429201416,1,2048,,787.9628562927246
adammini-fisher_projector-r8,adammini,fisher_projector,8,1.1B,sdpa,666,427,876544,2.839740037918091,17.111316665397407,nan,nan,nan,nan,6.09602689743042,2.048999786376953,0.009350571781396866,2.048999786376953,1.9886767528951168,0.9958066940307617,1111.0110296924288,6.53125,0.00042880142400000007,1,2048,,788.9616677761078
adammini-fisher_projector-r8,adammini,fisher_projector,8,1.1B,sdpa,666,428,878592,2.4105987548828125,11.140629654868134,nan,nan,nan,nan,6.09602689743042,2.048999786376953,0.009350571781396866,2.048999786376953,1.9886767528951168,0.9797239303588867,1112.218654031878,6.28125,0.00042840143200000003,1,2048,,789.9463918209076
adammini-fisher_projector-r8,adammini,fisher_projector,8,1.1B,sdpa,666,429,880640,2.408665418624878,11.119111878870829,nan,nan,nan,nan,6.09602689743042,2.048999786376953,0.009350571781396866,2.048999786376953,1.9886767528951168,0.9810259342193604,1113.4228501113062,5.53125,0.00042800144000000004,1,2048,,790.9314184188843
adammini-fisher_projector-r8,adammini,fisher_projector,8,1.1B,sdpa,666,430,882688,2.544379949569702,12.735329091148046,nan,nan,nan,nan,6.09602689743042,2.048999786376953,0.009350571781396866,2.048999786376953,1.9886767528951168,0.9794173240661621,1114.6241904398707,6.34375,0.000427601448,1,2048,,791.9163451194763
adammini-fisher_projector-r8,adammini,fisher_projector,8,1.1B,sdpa,666,431,884736,2.5839269161224365,13.249064101949802,nan,nan,nan,nan,6.09602689743042,2.048999786376953,0.009350571781396866,2.048999786376953,1.9886767528951168,0.980128288269043,1115.8187179456522,5.625,0.00042720145600000007,1,2048,,792.9039933681488
adammini-fisher_projector-r8,adammini,fisher_projector,8,1.1B,sdpa,666,432,886784,1.6960045099258423,5.452119924010089,nan,nan,nan,nan,6.09700345993042,2.048999786376953,0.009350571781396866,2.048999786376953,1.9896533153951168,0.9808440208435059,1117.0170271168456,5.65625,0.000426801464,1,2048,,793.8868424892426
adammini-fisher_projector-r8,adammini,fisher_projector,8,1.1B,sdpa,666,433,888832,1.9853456020355225,7.2815634738040735,nan,nan,nan,nan,6.09700345993042,2.048999786376953,0.009350571781396866,2.048999786376953,1.9896533153951168,0.9817337989807129,1118.211119487785,6.0625,0.00042640147200000004,1,2048,,794.8705768585205
adammini-fisher_projector-r8,adammini,fisher_projector,8,1.1B,sdpa,666,434,890880,2.1737499237060547,8.791188593913112,nan,nan,nan,nan,6.09700345993042,2.048999786376953,0.009350571781396866,2.048999786376953,1.9896533153951168,0.9842877388000488,1119.395861505084,5.84375,0.00042600148,1,2048,,795.8588650226593
adammini-fisher_projector-r8,adammini,fisher_projector,8,1.1B,sdpa,666,435,892928,2.2670865058898926,9.651240978488667,nan,nan,nan,nan,6.09700345993042,2.048999786376953,0.009350571781396866,2.048999786376953,1.9896533153951168,0.9808914661407471,1120.5838456933584,7.25,0.00042560148799999995,1,2048,,796.8427550792694
adammini-fisher_projector-r8,adammini,fisher_projector,8,1.1B,sdpa,666,436,894976,2.3243699073791504,10.220238359788285,nan,nan,nan,nan,6.09700345993042,2.048999786376953,0.009350571781396866,2.048999786376953,1.9896533153951168,0.9833343029022217,1121.7626556092623,8.25,0.000425201496,1,2048,,797.8310878276825
adammini-fisher_projector-r8,adammini,fisher_projector,8,1.1B,sdpa,666,437,897024,2.4970686435699463,12.14683501876637,nan,nan,nan,nan,6.09700345993042,2.048999786376953,0.009350571781396866,2.048999786376953,1.9896533153951168,0.9842102527618408,1122.777756003931,7.5625,0.000424801504,1,2048,,798.9338221549988
adammini-fisher_projector-r8,adammini,fisher_projector,8,1.1B,sdpa,666,438,899072,3.1290273666381836,22.851742362884742,nan,nan,nan,nan,6.09700345993042,2.048999786376953,0.009350571781396866,2.048999786376953,1.9896533153951168,0.9828312397003174,1123.9556928565635,7.65625,0.000424401512,1,2048,,799.9186527729034
adammini-fisher_projector-r8,adammini,fisher_projector,8,1.1B,sdpa,666,439,901120,2.7858545780181885,16.21366780209678,nan,nan,nan,nan,6.09700345993042,2.048999786376953,0.009350571781396866,2.048999786376953,1.9896533153951168,0.9848315715789795,1125.1279233557236,6.28125,0.00042400151999999995,1,2048,,800.9055128097534
adammini-fisher_projector-r8,adammini,fisher_projector,8,1.1B,sdpa,666,440,903168,2.449984550476074,11.588167686166482,2.521102819900744,12.442310727998107,nan,nan,6.09700345993042,2.048999786376953,0.009350571781396866,2.048999786376953,1.9896533153951168,0.986851692199707,1126.2950675865302,7.09375,0.000423601528,1,2048,,803.3131237030029
adammini-fisher_projector-r8,adammini,fisher_projector,8,1.1B,sdpa,666,441,905216,2.3617947101593018,10.609976207456157,nan,nan,nan,nan,6.09700345993042,2.048999786376953,0.009350571781396866,2.048999786376953,1.9896533153951168,1.0498414039611816,1125.3810896412938,7.78125,0.00042320153600000003,1,2048,,804.3649702072144
adammini-fisher_projector-r8,adammini,fisher_projector,8,1.1B,sdpa,666,442,907264,2.63016414642334,13.87604741875557,nan,nan,nan,nan,6.09700345993042,2.048999786376953,0.009350571781396866,2.048999786376953,1.9896533153951168,1.011197566986084,1126.508215474152,6.8125,0.00042280154400000004,1,2048,,805.3781716823578
adammini-fisher_projector-r8,adammini,fisher_projector,8,1.1B,sdpa,666,443,909312,2.525386095046997,12.495718867525516,nan,nan,nan,nan,6.09700345993042,2.048999786376953,0.009350571781396866,2.048999786376953,1.9896533153951168,0.982811689376831,1127.6722092886216,6.5625,0.000422401552,1,2048,,806.3619840145111
adammini-fisher_projector-r8,adammini,fisher_projector,8,1.1B,sdpa,666,444,911360,3.111727237701416,22.459804338116797,nan,nan,nan,nan,6.09700345993042,2.048999786376953,0.009350571781396866,2.048999786376953,1.9896533153951168,0.9986319541931152,1128.8126369566528,9.8125,0.00042200156,1,2048,,807.3626194000244
adammini-fisher_projector-r8,adammini,fisher_projector,8,1.1B,sdpa,666,445,913408,2.390287399291992,10.916630924235859,nan,nan,nan,nan,6.09700345993042,2.048999786376953,0.009350571781396866,2.048999786376953,1.9896533153951168,0.9835062026977539,1129.9699922252291,6.09375,0.00042160156799999997,1,2048,,808.3481297492981
adammini-fisher_projector-r8,adammini,fisher_projector,8,1.1B,sdpa,666,446,915456,2.7676360607147217,15.920953322894222,nan,nan,nan,nan,6.09700345993042,2.048999786376953,0.009350571781396866,2.048999786376953,1.9896533153951168,0.9840338230133057,1131.1237945106968,7.53125,0.00042120157600000004,1,2048,,809.3341641426086
adammini-fisher_projector-r8,adammini,fisher_projector,8,1.1B,sdpa,666,447,917504,2.7164671421051025,15.126786945647668,nan,nan,nan,nan,6.09700345993042,2.048999786376953,0.009350571781396866,2.048999786376953,1.9896533153951168,0.982588529586792,1132.2768090005854,6.9375,0.000420801584,1,2048,,810.3187522888184
adammini-fisher_projector-r8,adammini,fisher_projector,8,1.1B,sdpa,666,448,919552,2.659172296524048,14.28446090629067,nan,nan,nan,nan,6.09700345993042,2.048999786376953,0.009350571781396866,2.048999786376953,1.9896533153951168,0.9896931648254395,1133.4170978318598,7.40625,0.000420401592,1,2048,,811.3104519844055
adammini-fisher_projector-r8,adammini,fisher_projector,8,1.1B,sdpa,666,449,921600,2.4727070331573486,11.854493964002454,nan,nan,nan,nan,6.09700345993042,2.048999786376953,0.009350571781396866,2.048999786376953,1.9896533153951168,0.9839773178100586,1134.5625805760196,6.0625,0.00042000159999999997,1,2048,,812.2964296340942
adammini-fisher_projector-r8,adammini,fisher_projector,8,1.1B,sdpa,666,450,923648,2.671652317047119,14.463848322573817,nan,nan,nan,nan,6.09700345993042,2.048999786376953,0.009350571781396866,2.048999786376953,1.9896533153951168,0.9833698272705078,1135.706140521034,7.03125,0.000419601608,1,2048,,813.281801700592
adammini-fisher_projector-r8,adammini,fisher_projector,8,1.1B,sdpa,666,451,925696,3.0331833362579346,20.763223820742397,nan,nan,nan,nan,6.09700345993042,2.048999786376953,0.009350571781396866,2.048999786376953,1.9896533153951168,0.9853272438049316,1136.8441965546613,17.375,0.000419201616,1,2048,,814.2691297531128
adammini-fisher_projector-r8,adammini,fisher_projector,8,1.1B,sdpa,666,452,927744,3.0048635005950928,20.1834608775501,nan,nan,nan,nan,6.09700345993042,2.048999786376953,0.009350571781396866,2.048999786376953,1.9896533153951168,0.9814121723175049,1137.984965622801,7.5,0.000418801624,1,2048,,815.2525444030762
adammini-fisher_projector-r8,adammini,fisher_projector,8,1.1B,sdpa,666,453,929792,2.6825783252716064,14.622746931314838,nan,nan,nan,nan,6.09700345993042,2.048999786376953,0.009350571781396866,2.048999786376953,1.9896533153951168,0.9819800853729248,1139.1221916273564,6.625,0.000418401632,1,2048,,816.2365260124207
adammini-fisher_projector-r8,adammini,fisher_projector,8,1.1B,sdpa,666,454,931840,2.9727840423583984,19.54626153586426,nan,nan,nan,nan,6.09700345993042,2.048999786376953,0.009350571781396866,2.048999786376953,1.9896533153951168,0.9953277111053467,1140.2380535802176,6.96875,0.00041800164000000003,1,2048,,817.2338581085205
adammini-fisher_projector-r8,adammini,fisher_projector,8,1.1B,sdpa,666,455,933888,2.5914218425750732,13.348737920340556,nan,nan,nan,nan,6.09700345993042,2.048999786376953,0.009350571781396866,2.048999786376953,1.9896533153951168,0.9836940765380859,1141.3674193374604,7.09375,0.000417601648,1,2048,,818.2185544967651
adammini-fisher_projector-r8,adammini,fisher_projector,8,1.1B,sdpa,666,456,935936,2.79160737991333,16.307210629652623,nan,nan,nan,nan,6.09700345993042,2.048999786376953,0.009350571781396866,2.048999786376953,1.9896533153951168,0.9842638969421387,1142.494672130377,6.46875,0.00041720165600000005,1,2048,,819.2048192024231
adammini-fisher_projector-r8,adammini,fisher_projector,8,1.1B,sdpa,666,457,937984,2.4488613605499268,11.575159279781944,nan,nan,nan,nan,6.09700345993042,2.048999786376953,0.009350571781396866,2.048999786376953,1.9896533153951168,0.9836020469665527,1143.6187465973208,6.125,0.000416801664,1,2048,,820.1904308795929
adammini-fisher_projector-r8,adammini,fisher_projector,8,1.1B,sdpa,666,458,940032,3.3039772510528564,27.220687417919912,nan,nan,nan,nan,6.09700345993042,2.048999786376953,0.009350571781396866,2.048999786376953,1.9896533153951168,0.9842474460601807,1144.739216075027,7.46875,0.000416401672,1,2048,,821.1766738891602
adammini-fisher_projector-r8,adammini,fisher_projector,8,1.1B,sdpa,666,459,942080,2.860429286956787,17.469024551538464,nan,nan,nan,nan,6.09700345993042,2.048999786376953,0.009350571781396866,2.048999786376953,1.9896533153951168,0.9834208488464355,1145.8581573701508,6.90625,0.00041600168,1,2048,,822.1627032756805
adammini-fisher_projector-r8,adammini,fisher_projector,8,1.1B,sdpa,666,460,944128,3.041696786880493,20.940745088569447,2.5809498164155675,13.209678972913252,nan,nan,6.09700345993042,2.048999786376953,0.009350571781396866,2.048999786376953,1.9896533153951168,0.9834320545196533,1146.973504362152,7.71875,0.000415601688,1,2048,,824.5752713680267
adammini-fisher_projector-r8,adammini,fisher_projector,8,1.1B,sdpa,666,461,946176,2.6563682556152344,14.24446279792273,nan,nan,nan,nan,6.09700345993042,2.048999786376953,0.009350571781396866,2.048999786376953,1.9896533153951168,1.0775055885314941,1145.9718604807442,6.75,0.000415201696,1,2048,,825.6548345088959
adammini-fisher_projector-r8,adammini,fisher_projector,8,1.1B,sdpa,666,462,948224,2.5308306217193604,12.563937683254297,nan,nan,nan,nan,6.09700345993042,2.048999786376953,0.009350571781396866,2.048999786376953,1.9896533153951168,1.052570104598999,1146.9871884457189,7.0625,0.000414801704,1,2048,,826.7094495296478
adammini-fisher_projector-r8,adammini,fisher_projector,8,1.1B,sdpa,666,463,950272,2.4804861545562744,11.947071129318772,nan,nan,nan,nan,6.09700345993042,2.048999786376953,0.009350571781396866,2.048999786376953,1.9896533153951168,0.982670783996582,1148.0970121882287,5.78125,0.000414401712,1,2048,,827.6941227912903
adammini-fisher_projector-r8,adammini,fisher_projector,8,1.1B,sdpa,666,464,952320,2.698472023010254,14.857013198296663,nan,nan,nan,nan,6.09700345993042,2.048999786376953,0.009350571781396866,2.048999786376953,1.9896533153951168,0.9840681552886963,1149.2022615766107,7.15625,0.00041400172000000005,1,2048,,828.6801903247833
adammini-fisher_projector-r8,adammini,fisher_projector,8,1.1B,sdpa,666,465,954368,2.4672772884368896,11.790301519990425,nan,nan,nan,nan,6.09700345993042,2.048999786376953,0.009350571781396866,2.048999786376953,1.9896533153951168,0.9836065769195557,1150.305522397809,6.5625,0.00041360172799999995,1,2048,,829.6658022403717
adammini-fisher_projector-r8,adammini,fisher_projector,8,1.1B,sdpa,666,466,956416,2.5647733211517334,12.997711729387824,nan,nan,nan,nan,6.09700345993042,2.048999786376953,0.009350571781396866,2.048999786376953,1.9896533153951168,1.0123286247253418,1151.3663487505091,6.03125,0.000413201736,1,2048,,830.6796631813049
adammini-fisher_projector-r8,adammini,fisher_projector,8,1.1B,sdpa,666,467,958464,3.102729320526123,22.25861935916619,nan,nan,nan,nan,6.09700345993042,2.048999786376953,0.009350571781396866,2.048999786376953,1.9896533153951168,0.9952139854431152,1152.4489066124825,8.0,0.00041280174400000003,1,2048,,831.6769161224365
adammini-fisher_projector-r8,adammini,fisher_projector,8,1.1B,sdpa,666,468,960512,2.37868070602417,10.790657419704047,nan,nan,nan,nan,6.09700345993042,2.048999786376953,0.009350571781396866,2.048999786376953,1.9896533153951168,1.030388593673706,1153.4795483828295,12.5625,0.00041240175200000004,1,2048,,832.7093052864075
adammini-fisher_projector-r8,adammini,fisher_projector,8,1.1B,sdpa,666,469,962560,2.5540168285369873,12.858651181836018,nan,nan,nan,nan,6.09700345993042,2.048999786376953,0.009350571781396866,2.048999786376953,1.9896533153951168,1.1059715747833252,1154.4029886700448,6.21875,0.00041200176000000005,1,2048,,833.8172714710236
adammini-fisher_projector-r8,adammini,fisher_projector,8,1.1B,sdpa,666,470,964608,2.5225772857666016,12.460670022209081,nan,nan,nan,nan,6.09700345993042,2.048999786376953,0.009350571781396866,2.048999786376953,1.9896533153951168,1.1071202754974365,1155.322390891109,6.84375,0.000411601768,1,2048,,834.9264233112335
adammini-fisher_projector-r8,adammini,fisher_projector,8,1.1B,sdpa,666,471,966656,2.253480911254883,9.520819349796437,nan,nan,nan,nan,6.09700345993042,2.048999786376953,0.009350571781396866,2.048999786376953,1.9896533153951168,1.1072704792022705,1156.2383160089648,6.78125,0.000411201776,1,2048,,836.0363359451294
adammini-fisher_projector-r8,adammini,fisher_projector,8,1.1B,sdpa,666,472,968704,2.5287654399871826,12.538017642676131,nan,nan,nan,nan,6.09700345993042,2.048999786376953,0.009350571781396866,2.048999786376953,1.9896533153951168,1.105567216873169,1157.1548114738941,7.40625,0.00041080178400000004,1,2048,,837.1439895629883
adammini-fisher_projector-r8,adammini,fisher_projector,8,1.1B,sdpa,666,473,970752,2.190058469772339,8.935735569849133,nan,nan,nan,nan,6.09700345993042,2.048999786376953,0.009350571781396866,2.048999786376953,1.9896533153951168,1.0895953178405762,1158.090984437446,6.21875,0.000410401792,1,2048,,838.2357032299042
adammini-fisher_projector-r8,adammini,fisher_projector,8,1.1B,sdpa,666,474,972800,2.317413330078125,10.149387208090804,nan,nan,nan,nan,6.09700345993042,2.048999786376953,0.009350571781396866,2.048999786376953,1.9896533153951168,1.1049880981445312,1159.0035004924723,7.3125,0.00041000180000000006,1,2048,,839.3427639007568
adammini-fisher_projector-r8,adammini,fisher_projector,8,1.1B,sdpa,666,475,974848,2.817896842956543,16.74160339874973,nan,nan,nan,nan,6.09700345993042,2.048999786376953,0.009350571781396866,2.048999786376953,1.9896533153951168,1.113128900527954,1159.9023721731019,7.875,0.000409601808,1,2048,,840.4579463005066
adammini-fisher_projector-r8,adammini,fisher_projector,8,1.1B,sdpa,666,476,976896,2.397881031036377,10.999843341733618,nan,nan,nan,nan,6.09700345993042,2.048999786376953,0.009350571781396866,2.048999786376953,1.9896533153951168,1.1199183464050293,1160.7868518686964,6.46875,0.000409201816,1,2048,,841.5818622112274
adammini-fisher_projector-r8,adammini,fisher_projector,8,1.1B,sdpa,666,477,978944,2.4932565689086914,12.100618523110725,nan,nan,nan,nan,6.09700345993042,2.048999786376953,0.009350571781396866,2.048999786376953,1.9896533153951168,1.123333215713501,1161.6601327153492,6.90625,0.000408801824,1,2048,,842.7121949195862
adammini-fisher_projector-r8,adammini,fisher_projector,8,1.1B,sdpa,666,478,980992,2.2510628700256348,9.497825427402233,nan,nan,nan,nan,6.09700345993042,2.048999786376953,0.009350571781396866,2.048999786376953,1.9896533153951168,1.1197130680084229,1162.5429512961903,6.40625,0.00040840183199999995,1,2048,,843.8339400291443
adammini-fisher_projector-r8,adammini,fisher_projector,8,1.1B,sdpa,666,479,983040,2.317246675491333,10.147695907094896,nan,nan,nan,nan,6.09700345993042,2.048999786376953,0.009350571781396866,2.048999786376953,1.9896533153951168,1.1345810890197754,1163.402843124084,5.625,0.00040800184,1,2048,,844.9705920219421
adammini-fisher_projector-r8,adammini,fisher_projector,8,1.1B,sdpa,666,480,985088,2.4903295040130615,12.065251014164799,2.530438104868868,12.559007093738122,nan,nan,6.09700345993042,2.048999786376953,0.009350571781396866,2.048999786376953,1.9896533153951168,1.1165845394134521,1164.2837514272271,5.4375,0.00040760184800000003,1,2048,,847.6775557994843
adammini-fisher_projector-r8,adammini,fisher_projector,8,1.1B,sdpa,666,481,987136,2.3736629486083984,10.736648134480939,nan,nan,nan,nan,6.09700345993042,2.048999786376953,0.009350571781396866,2.048999786376953,1.9896533153951168,1.1078839302062988,1162.9934659397172,6.375,0.00040720185600000004,1,2048,,848.7899768352509
adammini-fisher_projector-r8,adammini,fisher_projector,8,1.1B,sdpa,666,482,989184,2.4840219020843506,11.989387722842382,nan,nan,nan,nan,6.09700345993042,2.048999786376953,0.009350571781396866,2.048999786376953,1.9896533153951168,1.1045784950256348,1163.886011593751,6.09375,0.000406801864,1,2048,,849.8986613750458
adammini-fisher_projector-r8,adammini,fisher_projector,8,1.1B,sdpa,666,483,991232,2.4607458114624023,11.713544378713452,nan,nan,nan,nan,6.09700345993042,2.048999786376953,0.009350571781396866,2.048999786376953,1.9896533153951168,1.1015148162841797,1164.779093781971,5.46875,0.000406401872,1,2048,,851.0042850971222
adammini-fisher_projector-r8,adammini,fisher_projector,8,1.1B,sdpa,666,484,993280,2.757828950881958,15.76557792214862,nan,nan,nan,nan,6.09700345993042,2.048999786376953,0.009350571781396866,2.048999786376953,1.9896533153951168,1.1050224304199219,1165.6679417994692,5.71875,0.00040600188,1,2048,,852.113306760788
adammini-fisher_projector-r8,adammini,fisher_projector,8,1.1B,sdpa,666,485,995328,2.717707872390747,15.14556685632843,nan,nan,nan,nan,6.09700345993042,2.048999786376953,0.009350571781396866,2.048999786376953,1.9896533153951168,1.065901279449463,1166.6066043162014,6.40625,0.00040560188800000004,1,2048,,853.1832096576691
adammini-fisher_projector-r8,adammini,fisher_projector,8,1.1B,sdpa,666,486,997376,2.8805415630340576,17.823923344295256,nan,nan,nan,nan,6.09700345993042,2.048999786376953,0.009350571781396866,2.048999786376953,1.9896533153951168,1.0932817459106445,1167.5036971015165,6.1875,0.000405201896,1,2048,,854.2818276882172
adammini-fisher_projector-r8,adammini,fisher_projector,8,1.1B,sdpa,666,487,999424,2.529611825942993,12.54863413691463,nan,nan,nan,nan,6.09700345993042,2.048999786376953,0.009350571781396866,2.048999786376953,1.9896533153951168,1.081111192703247,1168.418796702503,6.4375,0.000404801904,1,2048,,855.3655343055725
adammini-fisher_projector-r8,adammini,fisher_projector,8,1.1B,sdpa,666,488,1001472,2.575230836868286,13.134348700501723,nan,nan,nan,nan,6.09700345993042,2.048999786376953,0.009350571781396866,2.048999786376953,1.9896533153951168,1.0612387657165527,1169.3554593663084,6.4375,0.00040440191199999997,1,2048,,856.4318044185638
adammini-fisher_projector-r8,adammini,fisher_projector,8,1.1B,sdpa,666,489,1003520,2.2234609127044678,9.239251840240845,nan,nan,nan,nan,6.09700345993042,2.048999786376953,0.009350571781396866,2.048999786376953,1.9896533153951168,1.0104777812957764,1170.3596207775613,8.375,0.00040400192000000003,1,2048,,857.4468514919281
adammini-fisher_projector-r8,adammini,fisher_projector,8,1.1B,sdpa,666,490,1005568,2.7204952239990234,15.187841766612621,nan,nan,nan,nan,6.09700345993042,2.048999786376953,0.009350571781396866,2.048999786376953,1.9896533153951168,1.0194876194000244,1171.3499299761147,7.125,0.000403601928,1,2048,,858.4703388214111
adammini-fisher_projector-r8,adammini,fisher_projector,8,1.1B,sdpa,666,491,1007616,2.340421199798584,10.385610058474224,nan,nan,nan,nan,6.09700345993042,2.048999786376953,0.009350571781396866,2.048999786376953,1.9896533153951168,1.0366415977478027,1172.3144845909947,5.78125,0.000403201936,1,2048,,859.5109815597534
adammini-fisher_projector-r8,adammini,fisher_projector,8,1.1B,sdpa,666,492,1009664,2.2153685092926025,9.164785798131735,nan,nan,nan,nan,6.09700345993042,2.048999786376953,0.009350571781396866,2.048999786376953,1.9896533153951168,1.0828955173492432,1173.2013745626477,5.84375,0.00040280194399999996,1,2048,,860.6068801879883
adammini-fisher_projector-r8,adammini,fisher_projector,8,1.1B,sdpa,666,493,1011712,2.20505952835083,9.070791521044962,nan,nan,nan,nan,6.09700345993042,2.048999786376953,0.009350571781396866,2.048999786376953,1.9896533153951168,0.9825115203857422,1174.2377930643709,7.28125,0.00040240195200000003,1,2048,,861.5913920402527
adammini-fisher_projector-r8,adammini,fisher_projector,8,1.1B,sdpa,666,494,1013760,2.1807875633239746,8.853276029290482,nan,nan,nan,nan,6.09700345993042,2.048999786376953,0.009350571781396866,2.048999786376953,1.9896533153951168,0.9806551933288574,1175.274374982681,7.6875,0.00040200196000000004,1,2048,,862.574108839035
adammini-fisher_projector-r8,adammini,fisher_projector,8,1.1B,sdpa,666,495,1015808,2.149164915084839,8.577692303996225,nan,nan,nan,nan,6.09700345993042,2.048999786376953,0.009350571781396866,2.048999786376953,1.9896533153951168,0.9795899391174316,1176.30989979808,5.84375,0.00040160196800000005,1,2048,,863.5557494163513
adammini-fisher_projector-r8,adammini,fisher_projector,8,1.1B,sdpa,666,496,1017856,1.9748802185058594,7.205756485847436,nan,nan,nan,nan,6.09700345993042,2.048999786376953,0.009350571781396866,2.048999786376953,1.9896533153951168,0.979952335357666,1177.3427274270355,6.65625,0.000401201976,1,2048,,864.5376999378204
adammini-fisher_projector-r8,adammini,fisher_projector,8,1.1B,sdpa,666,497,1019904,2.452305555343628,11.615095117032844,nan,nan,nan,nan,6.09700345993042,2.048999786376953,0.009350571781396866,2.048999786376953,1.9896533153951168,0.9949545860290527,1178.3487093805568,7.78125,0.000400801984,1,2048,,865.5376553535461
adammini-fisher_projector-r8,adammini,fisher_projector,8,1.1B,sdpa,666,498,1021952,2.474163293838501,11.871769773445143,nan,nan,nan,nan,6.09700345993042,2.048999786376953,0.009350571781396866,2.048999786376953,1.9896533153951168,0.9796254634857178,1179.3745898886793,6.53125,0.000400401992,1,2048,,866.5212805271149
adammini-fisher_projector-r8,adammini,fisher_projector,8,1.1B,sdpa,666,499,1024000,2.2741763591766357,9.719910000062349,nan,nan,nan,nan,6.09700345993042,2.048999786376953,0.009350571781396866,2.048999786376953,1.9896533153951168,0.9801731109619141,1180.3960375884867,6.0,0.00040000200000000005,1,2048,,867.5054535865784
adammini-fisher_projector-r8,adammini,fisher_projector,8,1.1B,sdpa,666,500,1026048,2.522507429122925,12.459799592026386,2.496433989286236,12.139128423658663,nan,nan,6.09700345993042,2.048999786376953,0.009350571781396866,2.048999786376953,1.9896533153951168,0.9806194305419922,1181.4159213296423,5.59375,0.000399602008,1,2048,,869.9116909503937
