run_name,opt,proj,rank,size,attention,seed,step,tokens_seen,train_loss,train_ppl_capped,val_loss,val_perplexity,test_loss,test_perplexity,vram_total_peak_gb,vram_model_gb,vram_optimizer_gb,vram_gradients_gb,vram_activations_gb,iter_time,tokens_per_sec,grad_norm,lr,batch_size,sequence_length,max_projected_params,wall_time_sec
adammini-lotus-r8,adammini,lotus,8,1.1B,sdpa,666,0,32768,2.5204966068267822,12.434770322341665,nan,nan,nan,nan,22.17638635635376,4.097999572753906,0.01870039477944374,4.097999572753906,13.961686816066504,12.429581642150879,2636.233060352109,2.5158324241638184,2e-06,16,2048,,12.432337284088135
adammini-lotus-r8,adammini,lotus,8,1.1B,sdpa,666,1,65536,2.550102472305298,12.808416223355094,nan,nan,nan,nan,22.23591375350952,4.097999572753906,0.01870039477944374,4.097999572753906,14.021214213222265,6.116728067398071,3533.062663780385,3.142854928970337,4e-06,16,2048,,18.575944185256958
adammini-lotus-r8,adammini,lotus,8,1.1B,sdpa,666,2,98304,2.6485157012939453,14.133045408100744,nan,nan,nan,nan,22.23591375350952,4.097999572753906,0.01870039477944374,4.097999572753906,14.021214213222265,6.128549575805664,3979.1428521713724,2.295527696609497,6e-06,16,2048,,24.73153805732727
adammini-lotus-r8,adammini,lotus,8,1.1B,sdpa,666,3,131072,2.3559019565582275,10.547638083941747,nan,nan,nan,nan,22.23591375350952,4.097999572753906,0.01870039477944374,4.097999572753906,14.021214213222265,6.128796100616455,4247.227398236967,2.11037540435791,8e-06,16,2048,,30.887413501739502
adammini-lotus-r8,adammini,lotus,8,1.1B,sdpa,666,4,163840,2.5085554122924805,12.28716734279393,nan,nan,nan,nan,22.23591375350952,4.097999572753906,0.01870039477944374,4.097999572753906,14.021214213222265,6.165640354156494,4421.732991890414,2.2388532161712646,1e-05,16,2048,,37.079710960388184
adammini-lotus-r8,adammini,lotus,8,1.1B,sdpa,666,5,196608,2.3420093059539795,10.402116613347085,nan,nan,nan,nan,22.23591375350952,4.097999572753906,0.01870039477944374,4.097999572753906,14.021214213222265,6.141443252563477,4548.8467991022735,1.7148914337158203,1.2e-05,16,2048,,43.24827694892883
adammini-lotus-r8,adammini,lotus,8,1.1B,sdpa,666,6,229376,2.299226760864258,9.966473007600898,nan,nan,nan,nan,22.23591375350952,4.097999572753906,0.01870039477944374,4.097999572753906,14.021214213222265,6.134665012359619,4644.811961721684,2.0756282806396484,1.4e-05,16,2048,,49.40978026390076
adammini-lotus-r8,adammini,lotus,8,1.1B,sdpa,666,7,262144,2.4889345169067383,12.048431878531648,nan,nan,nan,nan,22.23591375350952,4.097999572753906,0.01870039477944374,4.097999572753906,14.021214213222265,6.162916898727417,4717.11429166478,1.8866873979568481,1.6e-05,16,2048,,55.59952783584595
adammini-lotus-r8,adammini,lotus,8,1.1B,sdpa,666,8,294912,2.5947964191436768,13.39386035027405,nan,nan,nan,nan,22.23591375350952,4.097999572753906,0.01870039477944374,4.097999572753906,14.021214213222265,6.159913063049316,4775.151434026966,2.0335185527801514,1.8e-05,16,2048,,61.78619742393494
adammini-lotus-r8,adammini,lotus,8,1.1B,sdpa,666,9,327680,2.367459774017334,10.67025297486702,nan,nan,nan,nan,22.23591375350952,4.097999572753906,0.01870039477944374,4.097999572753906,14.021214213222265,6.162907600402832,4822.403971456751,1.8035517930984497,2e-05,16,2048,,67.97611951828003
adammini-lotus-r8,adammini,lotus,8,1.1B,sdpa,666,10,360448,2.4603068828582764,11.708404097220752,nan,nan,nan,nan,22.23591375350952,4.097999572753906,0.01870039477944374,4.097999572753906,14.021214213222265,6.157216787338257,4862.140815165353,1.5978902578353882,2.2e-05,16,2048,,74.16030716896057
adammini-lotus-r8,adammini,lotus,8,1.1B,sdpa,666,11,393216,2.021005153656006,7.545905917917896,nan,nan,nan,nan,22.23591375350952,4.097999572753906,0.01870039477944374,4.097999572753906,14.021214213222265,6.138138771057129,4896.916831522346,1.873153805732727,2.4e-05,16,2048,,80.32541537284851
adammini-lotus-r8,adammini,lotus,8,1.1B,sdpa,666,12,425984,2.2763192653656006,9.740761188448849,nan,nan,nan,nan,22.23591375350952,4.097999572753906,0.01870039477944374,4.097999572753906,14.021214213222265,6.155085802078247,4925.764389939757,1.7166681289672852,2.6e-05,16,2048,,86.50719666481018
adammini-lotus-r8,adammini,lotus,8,1.1B,sdpa,666,13,458752,2.548785924911499,12.791564431882714,nan,nan,nan,nan,22.23591375350952,4.097999572753906,0.01870039477944374,4.097999572753906,14.021214213222265,6.166675567626953,4950.154496975977,1.7420850992202759,2.8e-05,16,2048,,92.70085549354553
adammini-lotus-r8,adammini,lotus,8,1.1B,sdpa,666,14,491520,2.3586196899414062,10.576342740209565,nan,nan,nan,nan,22.23591375350952,4.097999572753906,0.01870039477944374,4.097999572753906,14.021214213222265,6.167839527130127,4971.428110412536,1.6834710836410522,3e-05,16,2048,,98.89563298225403
adammini-lotus-r8,adammini,lotus,8,1.1B,sdpa,666,15,524288,2.4872934818267822,12.028676193480115,nan,nan,nan,nan,22.23591375350952,4.097999572753906,0.01870039477944374,4.097999572753906,14.021214213222265,6.165007591247559,4990.323698001439,1.704362154006958,3.2e-05,16,2048,,105.08773064613342
adammini-lotus-r8,adammini,lotus,8,1.1B,sdpa,666,16,557056,2.3929688930511475,10.945943084553814,nan,nan,nan,nan,22.23591375350952,4.097999572753906,0.01870039477944374,4.097999572753906,14.021214213222265,6.150947332382202,5007.742641939784,1.6635568141937256,3.4000000000000007e-05,16,2048,,111.26567673683167
adammini-lotus-r8,adammini,lotus,8,1.1B,sdpa,666,17,589824,2.389864444732666,10.91201466171743,nan,nan,nan,nan,22.23591375350952,4.097999572753906,0.01870039477944374,4.097999572753906,14.021214213222265,6.174502849578857,5022.323765923727,2.106640100479126,3.6e-05,16,2048,,117.46702313423157
adammini-lotus-r8,adammini,lotus,8,1.1B,sdpa,666,18,622592,2.487083673477173,12.026152741509877,nan,nan,nan,nan,22.23591375350952,4.097999572753906,0.01870039477944374,4.097999572753906,14.021214213222265,6.185863971710205,5034.981518429149,1.6938062906265259,3.8e-05,16,2048,,123.6799955368042
adammini-lotus-r8,adammini,lotus,8,1.1B,sdpa,666,19,655360,2.349344253540039,10.478696103422637,nan,nan,nan,nan,22.23591375350952,4.097999572753906,0.01870039477944374,4.097999572753906,14.021214213222265,6.176387786865234,5046.7957350806955,1.658373236656189,4e-05,16,2048,,129.88341999053955
adammini-lotus-r8,adammini,lotus,8,1.1B,sdpa,666,20,688128,2.352559804916382,10.512445120870273,nan,nan,nan,nan,22.23591375350952,4.097999572753906,0.01870039477944374,4.097999572753906,14.021214213222265,6.168898105621338,5057.808749098975,1.6887128353118896,4.2000000000000004e-05,16,2048,,136.0794334411621
adammini-lotus-r8,adammini,lotus,8,1.1B,sdpa,666,21,720896,2.423119068145752,11.280990676516463,nan,nan,nan,nan,22.23591375350952,4.097999572753906,0.01870039477944374,4.097999572753906,14.021214213222265,6.163001298904419,5068.0712504089215,1.882027268409729,4.4e-05,16,2048,,142.26937675476074
adammini-lotus-r8,adammini,lotus,8,1.1B,sdpa,666,22,753664,2.4583332538604736,11.685318839736778,nan,nan,nan,nan,22.23591375350952,4.097999572753906,0.01870039477944374,4.097999572753906,14.021214213222265,6.169631719589233,5077.253961075107,1.566872239112854,4.6e-05,16,2048,,148.46581768989563
adammini-lotus-r8,adammini,lotus,8,1.1B,sdpa,666,23,786432,2.6085476875305176,13.579315115402645,nan,nan,nan,nan,22.23591375350952,4.097999572753906,0.01870039477944374,4.097999572753906,14.021214213222265,6.155564546585083,5086.170133926996,1.7157353162765503,4.8e-05,16,2048,,154.64845252037048
adammini-lotus-r8,adammini,lotus,8,1.1B,sdpa,666,24,819200,2.278092622756958,9.75805036471318,nan,nan,nan,nan,22.23591375350952,4.097999572753906,0.01870039477944374,4.097999572753906,14.021214213222265,6.164622783660889,5094.104855047729,1.705536127090454,5e-05,16,2048,,160.83985900878906
adammini-lotus-r8,adammini,lotus,8,1.1B,sdpa,666,25,851968,2.5243334770202637,12.482572568817915,nan,nan,nan,nan,22.23591375350952,4.097999572753906,0.01870039477944374,4.097999572753906,14.021214213222265,6.1622536182403564,5101.529459971575,1.6460113525390625,5.2e-05,16,2048,,167.02926683425903
adammini-lotus-r8,adammini,lotus,8,1.1B,sdpa,666,26,884736,2.2125613689422607,9.139095033776531,nan,nan,nan,nan,22.23591375350952,4.097999572753906,0.01870039477944374,4.097999572753906,14.021214213222265,6.1758880615234375,5108.013366202228,1.5734081268310547,5.4e-05,16,2048,,173.23203015327454
adammini-lotus-r8,adammini,lotus,8,1.1B,sdpa,666,27,917504,2.4095447063446045,11.128893077013698,nan,nan,nan,nan,22.23591375350952,4.097999572753906,0.01870039477944374,4.097999572753906,14.021214213222265,6.173948764801025,5114.11349606505,1.742286205291748,5.6e-05,16,2048,,179.4327847957611
adammini-lotus-r8,adammini,lotus,8,1.1B,sdpa,666,28,950272,2.4922890663146973,12.08891680493482,nan,nan,nan,nan,22.23591375350952,4.097999572753906,0.01870039477944374,4.097999572753906,14.021214213222265,6.1788763999938965,5119.6706904745615,1.5050009489059448,5.800000000000001e-05,16,2048,,185.6386752128601
adammini-lotus-r8,adammini,lotus,8,1.1B,sdpa,666,29,983040,2.269627332687378,9.675794289842255,nan,nan,nan,nan,22.23591375350952,4.097999572753906,0.01870039477944374,4.097999572753906,14.021214213222265,6.172051191329956,5125.044854937467,1.5398762226104736,6e-05,16,2048,,191.83778429031372
adammini-lotus-r8,adammini,lotus,8,1.1B,sdpa,666,30,1015808,2.2119710445404053,9.133701595063085,nan,nan,nan,nan,22.23591375350952,4.097999572753906,0.01870039477944374,4.097999572753906,14.021214213222265,6.1897149085998535,5129.623854656629,3.268786907196045,6.2e-05,16,2048,,198.05457162857056
adammini-lotus-r8,adammini,lotus,8,1.1B,sdpa,666,31,1048576,2.3527750968933105,10.514708609609439,nan,nan,nan,nan,22.23591375350952,4.097999572753906,0.01870039477944374,4.097999572753906,14.021214213222265,6.164312362670898,5134.563209760048,1.8393586874008179,6.4e-05,16,2048,,204.24566841125488
adammini-lotus-r8,adammini,lotus,8,1.1B,sdpa,666,32,1081344,2.325064182281494,10.227336478515182,nan,nan,nan,nan,22.23591375350952,4.097999572753906,0.01870039477944374,4.097999572753906,14.021214213222265,6.1704511642456055,5139.067498156516,1.9150267839431763,6.6e-05,16,2048,,210.4428789615631
adammini-lotus-r8,adammini,lotus,8,1.1B,sdpa,666,33,1114112,2.424165964126587,11.292806884406614,nan,nan,nan,nan,22.23591375350952,4.097999572753906,0.01870039477944374,4.097999572753906,14.021214213222265,6.162909030914307,5143.492014912089,1.6046382188796997,6.800000000000001e-05,16,2048,,216.63278484344482
adammini-lotus-r8,adammini,lotus,8,1.1B,sdpa,666,34,1146880,2.410942554473877,11.144460457264094,nan,nan,nan,nan,22.23591375350952,4.097999572753906,0.01870039477944374,4.097999572753906,14.021214213222265,6.162760257720947,5147.673038044947,1.938704013824463,7.000000000000001e-05,16,2048,,222.82234120368958
adammini-lotus-r8,adammini,lotus,8,1.1B,sdpa,666,35,1179648,2.61798095703125,13.708018547195458,nan,nan,nan,nan,22.23591375350952,4.097999572753906,0.01870039477944374,4.097999572753906,14.021214213222265,6.178272485733032,5151.279750190348,1.6286346912384033,7.2e-05,16,2048,,229.0277271270752
adammini-lotus-r8,adammini,lotus,8,1.1B,sdpa,666,36,1212416,2.3967390060424805,10.987288416092385,nan,nan,nan,nan,22.23591375350952,4.097999572753906,0.01870039477944374,4.097999572753906,14.021214213222265,6.167072057723999,5154.937999088111,1.6763643026351929,7.4e-05,16,2048,,235.22156381607056
adammini-lotus-r8,adammini,lotus,8,1.1B,sdpa,666,37,1245184,2.677797317504883,14.553002322276148,nan,nan,nan,nan,22.23591375350952,4.097999572753906,0.01870039477944374,4.097999572753906,14.021214213222265,6.216156005859375,5157.365600467377,1.6620670557022095,7.6e-05,16,2048,,241.4646499156952
adammini-lotus-r8,adammini,lotus,8,1.1B,sdpa,666,38,1277952,2.213627576828003,9.148844405474994,nan,nan,nan,nan,22.23591375350952,4.097999572753906,0.01870039477944374,4.097999572753906,14.021214213222265,6.1241350173950195,5161.584927333101,1.4967403411865234,7.8e-05,16,2048,,247.61583590507507
adammini-lotus-r8,adammini,lotus,8,1.1B,sdpa,666,39,1310720,2.4583237171173096,11.685207400383598,nan,nan,nan,nan,22.23591375350952,4.097999572753906,0.01870039477944374,4.097999572753906,14.021214213222265,6.188287258148193,5164.291882378509,2.2435214519500732,8e-05,16,2048,,253.8310878276825
adammini-lotus-r8,adammini,lotus,8,1.1B,sdpa,666,40,1343488,2.1937546730041504,8.968824979460335,nan,nan,nan,nan,22.23591375350952,4.097999572753906,0.01870039477944374,4.097999572753906,14.021214213222265,6.174820899963379,5167.138600142076,2.652054786682129,8.2e-05,16,2048,,260.0329370498657
adammini-lotus-r8,adammini,lotus,8,1.1B,sdpa,666,41,1376256,2.3040010929107666,10.014170029179637,nan,nan,nan,nan,22.23591375350952,4.097999572753906,0.01870039477944374,4.097999572753906,14.021214213222265,6.175108432769775,5169.846576673984,3.361156940460205,8.400000000000001e-05,16,2048,,266.2350842952728
adammini-lotus-r8,adammini,lotus,8,1.1B,sdpa,666,42,1409024,2.404871702194214,11.077009035063059,nan,nan,nan,nan,22.23591375350952,4.097999572753906,0.01870039477944374,4.097999572753906,14.021214213222265,6.166894197463989,5172.5858972561255,1.7918894290924072,8.599999999999999e-05,16,2048,,272.4288606643677
adammini-lotus-r8,adammini,lotus,8,1.1B,sdpa,666,43,1441792,2.3192224502563477,10.167765288350981,nan,nan,nan,nan,22.23591375350952,4.097999572753906,0.01870039477944374,4.097999572753906,14.021214213222265,6.183892250061035,5174.890585471546,1.7008922100067139,8.8e-05,16,2048,,278.6393337249756
adammini-lotus-r8,adammini,lotus,8,1.1B,sdpa,666,44,1474560,2.462862491607666,11.738364464354923,nan,nan,nan,nan,22.23591375350952,4.097999572753906,0.01870039477944374,4.097999572753906,14.021214213222265,6.162295341491699,5177.492337063801,2.6053903102874756,8.999999999999999e-05,16,2048,,284.8285655975342
adammini-lotus-r8,adammini,lotus,8,1.1B,sdpa,666,45,1507328,2.514683723449707,12.362698129204741,nan,nan,nan,nan,22.23591375350952,4.097999572753906,0.01870039477944374,4.097999572753906,14.021214213222265,6.1843554973602295,5179.585315085464,2.2101659774780273,9.2e-05,16,2048,,291.0399088859558
adammini-lotus-r8,adammini,lotus,8,1.1B,sdpa,666,46,1540096,2.471501350402832,11.840209817871234,nan,nan,nan,nan,22.23591375350952,4.097999572753906,0.01870039477944374,4.097999572753906,14.021214213222265,6.193476438522339,5181.431975796209,1.8646131753921509,9.400000000000001e-05,16,2048,,297.2602083683014
adammini-lotus-r8,adammini,lotus,8,1.1B,sdpa,666,47,1572864,2.3451428413391113,10.434763136640113,nan,nan,nan,nan,22.23591375350952,4.097999572753906,0.01870039477944374,4.097999572753906,14.021214213222265,6.156630516052246,5183.834578294354,1.5581427812576294,9.6e-05,16,2048,,303.44382071495056
adammini-lotus-r8,adammini,lotus,8,1.1B,sdpa,666,48,1605632,2.2477471828460693,9.46638576025289,nan,nan,nan,nan,22.23591375350952,4.097999572753906,0.01870039477944374,4.097999572753906,14.021214213222265,6.16327428817749,5186.026371667315,1.7183109521865845,9.800000000000001e-05,16,2048,,309.6340548992157
adammini-lotus-r8,adammini,lotus,8,1.1B,sdpa,666,49,1638400,2.4344093799591064,11.409078292761304,nan,nan,nan,nan,22.23591375350952,4.097999572753906,0.01870039477944374,4.097999572753906,14.021214213222265,6.170194864273071,5188.019488360779,1.8151319026947021,0.0001,16,2048,,315.83121705055237
adammini-lotus-r8,adammini,lotus,8,1.1B,sdpa,666,50,1671168,2.6332685947418213,13.91919182597241,2.4590115193679756,11.693247276938722,nan,nan,22.23591375350952,4.097999572753906,0.01870039477944374,4.097999572753906,14.021214213222265,6.1860597133636475,5189.679902438393,2.190413475036621,0.000102,16,2048,,346.2966618537903
adammini-lotus-r8,adammini,lotus,8,1.1B,sdpa,666,51,1703936,2.50020694732666,12.18501535614972,nan,nan,nan,nan,22.23591375350952,4.097999572753906,0.01870039477944374,4.097999572753906,14.021214213222265,6.154769659042358,4834.523612271192,2.122762680053711,0.000104,16,2048,,352.47839546203613
adammini-lotus-r8,adammini,lotus,8,1.1B,sdpa,666,52,1736704,2.4638829231262207,11.750348774974857,nan,nan,nan,nan,22.23591375350952,4.097999572753906,0.01870039477944374,4.097999572753906,14.021214213222265,6.164528846740723,4842.428282439702,1.693772315979004,0.000106,16,2048,,358.66987347602844
adammini-lotus-r8,adammini,lotus,8,1.1B,sdpa,666,53,1769472,2.1685519218444824,8.74561053926656,nan,nan,nan,nan,22.23591375350952,4.097999572753906,0.01870039477944374,4.097999572753906,14.021214213222265,6.150096654891968,4850.257445892579,1.7560030221939087,0.000108,16,2048,,364.8469965457916
adammini-lotus-r8,adammini,lotus,8,1.1B,sdpa,666,54,1802240,2.4861443042755127,12.014861048374755,nan,nan,nan,nan,22.23591375350952,4.097999572753906,0.01870039477944374,4.097999572753906,14.021214213222265,6.151331186294556,4857.80796381087,1.7625529766082764,0.00011,16,2048,,371.02516198158264
adammini-lotus-r8,adammini,lotus,8,1.1B,sdpa,666,55,1835008,1.9460158348083496,7.000739839365806,nan,nan,nan,nan,22.23591375350952,4.097999572753906,0.01870039477944374,4.097999572753906,14.021214213222265,6.1743574142456055,4864.817290350064,3.4927918910980225,0.000112,16,2048,,377.22649598121643
adammini-lotus-r8,adammini,lotus,8,1.1B,sdpa,666,56,1867776,2.1254286766052246,8.376487522825336,nan,nan,nan,nan,22.23591375350952,4.097999572753906,0.01870039477944374,4.097999572753906,14.021214213222265,6.1422438621521,4872.005053001158,1.84510338306427,0.000114,16,2048,,383.39575934410095
adammini-lotus-r8,adammini,lotus,8,1.1B,sdpa,666,57,1900544,2.2819631099700928,9.795891959337958,nan,nan,nan,nan,22.23591375350952,4.097999572753906,0.01870039477944374,4.097999572753906,14.021214213222265,6.176321983337402,4878.537651864859,1.6159783601760864,0.00011600000000000001,16,2048,,389.5992362499237
adammini-lotus-r8,adammini,lotus,8,1.1B,sdpa,666,58,1933312,2.5034337043762207,12.224396943586665,nan,nan,nan,nan,22.23591375350952,4.097999572753906,0.01870039477944374,4.097999572753906,14.021214213222265,6.177130699157715,4884.856487864393,1.6944546699523926,0.000118,16,2048,,395.80340123176575
adammini-lotus-r8,adammini,lotus,8,1.1B,sdpa,666,59,1966080,2.5044238567352295,12.236506953445842,nan,nan,nan,nan,22.23591375350952,4.097999572753906,0.01870039477944374,4.097999572753906,14.021214213222265,6.169785022735596,4891.0691393426905,1.7651106119155884,0.00012,16,2048,,402.0001709461212
adammini-lotus-r8,adammini,lotus,8,1.1B,sdpa,666,60,1998848,2.1644747257232666,8.71002556265814,nan,nan,nan,nan,22.23591375350952,4.097999572753906,0.01870039477944374,4.097999572753906,14.021214213222265,6.173264980316162,4897.052505839488,1.8585485219955444,0.000122,16,2048,,408.20021176338196
adammini-lotus-r8,adammini,lotus,8,1.1B,sdpa,666,61,2031616,2.3180320262908936,10.155668538435652,nan,nan,nan,nan,22.23591375350952,4.097999572753906,0.01870039477944374,4.097999572753906,14.021214213222265,6.1737799644470215,4902.853182111317,1.926794171333313,0.000124,16,2048,,414.40088963508606
adammini-lotus-r8,adammini,lotus,8,1.1B,sdpa,666,62,2064384,2.387099027633667,10.881880076340822,nan,nan,nan,nan,22.23591375350952,4.097999572753906,0.01870039477944374,4.097999572753906,14.021214213222265,6.1756439208984375,4908.458920315586,1.748927116394043,0.000126,16,2048,,420.6035678386688
adammini-lotus-r8,adammini,lotus,8,1.1B,sdpa,666,63,2097152,2.4342715740203857,11.407506162344175,nan,nan,nan,nan,22.23591375350952,4.097999572753906,0.01870039477944374,4.097999572753906,14.021214213222265,6.200182914733887,4913.618397272209,1.669892430305481,0.000128,16,2048,,426.8306212425232
adammini-lotus-r8,adammini,lotus,8,1.1B,sdpa,666,64,2129920,2.6369709968566895,13.970821789691904,nan,nan,nan,nan,22.23591375350952,4.097999572753906,0.01870039477944374,4.097999572753906,14.021214213222265,6.130104064941406,4919.4269179513385,1.6355111598968506,0.00013000000000000002,16,2048,,432.9875473976135
adammini-lotus-r8,adammini,lotus,8,1.1B,sdpa,666,65,2162688,2.4251692295074463,11.304142251846542,nan,nan,nan,nan,22.23591375350952,4.097999572753906,0.01870039477944374,4.097999572753906,14.021214213222265,6.182558298110962,4924.485045883264,1.668092966079712,0.000132,16,2048,,439.1969220638275
adammini-lotus-r8,adammini,lotus,8,1.1B,sdpa,666,66,2195456,2.4307799339294434,11.367744713221112,nan,nan,nan,nan,22.23591375350952,4.097999572753906,0.01870039477944374,4.097999572753906,14.021214213222265,6.181488752365112,4929.414255187683,1.7090520858764648,0.000134,16,2048,,445.405202627182
adammini-lotus-r8,adammini,lotus,8,1.1B,sdpa,666,67,2228224,2.4666783809661865,11.783242334438748,nan,nan,nan,nan,22.23591375350952,4.097999572753906,0.01870039477944374,4.097999572753906,14.021214213222265,6.179363012313843,4934.231314160408,1.561299443244934,0.00013600000000000003,16,2048,,451.6114661693573
adammini-lotus-r8,adammini,lotus,8,1.1B,sdpa,666,68,2260992,2.4209511280059814,11.256560654992956,nan,nan,nan,nan,22.23591375350952,4.097999572753906,0.01870039477944374,4.097999572753906,14.021214213222265,6.171635389328003,4938.999709869785,1.773987054824829,0.00013800000000000002,16,2048,,457.81019043922424
adammini-lotus-r8,adammini,lotus,8,1.1B,sdpa,666,69,2293760,2.4084699153900146,11.116938269010504,nan,nan,nan,nan,22.23591375350952,4.097999572753906,0.01870039477944374,4.097999572753906,14.021214213222265,6.173843860626221,4943.6157228848215,1.6223876476287842,0.00014000000000000001,16,2048,,464.01090145111084
adammini-lotus-r8,adammini,lotus,8,1.1B,sdpa,666,70,2326528,2.187082529067993,8.909182879855406,nan,nan,nan,nan,22.23591375350952,4.097999572753906,0.01870039477944374,4.097999572753906,14.021214213222265,6.175745248794556,4948.091926916299,1.715030312538147,0.00014199999999999998,16,2048,,470.21343445777893
adammini-lotus-r8,adammini,lotus,8,1.1B,sdpa,666,71,2359296,2.3781323432922363,10.784741847409947,nan,nan,nan,nan,22.23591375350952,4.097999572753906,0.01870039477944374,4.097999572753906,14.021214213222265,6.1808412075042725,4952.398953509487,1.6268185377120972,0.000144,16,2048,,476.42120814323425
adammini-lotus-r8,adammini,lotus,8,1.1B,sdpa,666,72,2392064,2.622469902038574,13.769691408091502,nan,nan,nan,nan,22.23591375350952,4.097999572753906,0.01870039477944374,4.097999572753906,14.021214213222265,6.175086975097656,4956.653134502185,1.7358648777008057,0.000146,16,2048,,482.6233925819397
adammini-lotus-r8,adammini,lotus,8,1.1B,sdpa,666,73,2424832,2.4633140563964844,11.743666293394906,nan,nan,nan,nan,22.23591375350952,4.097999572753906,0.01870039477944374,4.097999572753906,14.021214213222265,6.167653799057007,4960.873772860187,1.7408925294876099,0.000148,16,2048,,488.81791615486145
adammini-lotus-r8,adammini,lotus,8,1.1B,sdpa,666,74,2457600,2.4361703395843506,11.429186919039235,nan,nan,nan,nan,22.23591375350952,4.097999572753906,0.01870039477944374,4.097999572753906,14.021214213222265,6.171168565750122,4964.955145580312,1.6427741050720215,0.00015,16,2048,,495.0159659385681
adammini-lotus-r8,adammini,lotus,8,1.1B,sdpa,666,75,2490368,2.3595590591430664,10.586282498666488,nan,nan,nan,nan,22.23591375350952,4.097999572753906,0.01870039477944374,4.097999572753906,14.021214213222265,6.178646087646484,4968.861499727763,1.8326902389526367,0.000152,16,2048,,501.2216694355011
adammini-lotus-r8,adammini,lotus,8,1.1B,sdpa,666,76,2523136,2.4090840816497803,11.123768014492166,nan,nan,nan,nan,22.23591375350952,4.097999572753906,0.01870039477944374,4.097999572753906,14.021214213222265,6.180197715759277,4972.655506613631,1.7323685884475708,0.000154,16,2048,,507.4287588596344
adammini-lotus-r8,adammini,lotus,8,1.1B,sdpa,666,77,2555904,2.2430474758148193,9.422000900149374,nan,nan,nan,nan,22.23591375350952,4.097999572753906,0.01870039477944374,4.097999572753906,14.021214213222265,6.162731885910034,4976.528592877576,1.9955261945724487,0.000156,16,2048,,513.6183922290802
adammini-lotus-r8,adammini,lotus,8,1.1B,sdpa,666,78,2588672,2.3513717651367188,10.49996333378305,nan,nan,nan,nan,22.23591375350952,4.097999572753906,0.01870039477944374,4.097999572753906,14.021214213222265,6.166457653045654,4980.273370727882,1.8095284700393677,0.000158,16,2048,,519.811892747879
adammini-lotus-r8,adammini,lotus,8,1.1B,sdpa,666,79,2621440,2.3786098957061768,10.789893356872888,nan,nan,nan,nan,22.23591375350952,4.097999572753906,0.01870039477944374,4.097999572753906,14.021214213222265,6.19322395324707,4983.675260572864,1.5331428050994873,0.00016,16,2048,,526.032172203064
adammini-lotus-r8,adammini,lotus,8,1.1B,sdpa,666,80,2654208,2.4486546516418457,11.572766838524334,nan,nan,nan,nan,22.23591375350952,4.097999572753906,0.01870039477944374,4.097999572753906,14.021214213222265,6.18228554725647,4987.100075132032,1.7343837022781372,0.000162,16,2048,,532.2415659427643
adammini-lotus-r8,adammini,lotus,8,1.1B,sdpa,666,81,2686976,2.4740118980407715,11.869972573437527,nan,nan,nan,nan,22.23591375350952,4.097999572753906,0.01870039477944374,4.097999572753906,14.021214213222265,6.189210891723633,4990.380540475106,2.0514893531799316,0.000164,16,2048,,538.4576811790466
adammini-lotus-r8,adammini,lotus,8,1.1B,sdpa,666,82,2719744,2.322896957397461,10.205195541262727,nan,nan,nan,nan,22.23591375350952,4.097999572753906,0.01870039477944374,4.097999572753906,14.021214213222265,6.188838243484497,4993.5918754985605,1.6930559873580933,0.00016600000000000002,16,2048,,544.6735053062439
adammini-lotus-r8,adammini,lotus,8,1.1B,sdpa,666,83,2752512,2.344465732574463,10.427700058569151,nan,nan,nan,nan,22.23591375350952,4.097999572753906,0.01870039477944374,4.097999572753906,14.021214213222265,6.185832500457764,4996.7578588157885,1.7722630500793457,0.00016800000000000002,16,2048,,550.8862855434418
adammini-lotus-r8,adammini,lotus,8,1.1B,sdpa,666,84,2785280,2.3648741245269775,10.642699078410901,nan,nan,nan,nan,22.23591375350952,4.097999572753906,0.01870039477944374,4.097999572753906,14.021214213222265,6.166148900985718,5000.029639054394,1.6443697214126587,0.00017,16,2048,,557.0792348384857
adammini-lotus-r8,adammini,lotus,8,1.1B,sdpa,666,85,2818048,2.330653667449951,10.284662085139878,nan,nan,nan,nan,22.23591375350952,4.097999572753906,0.01870039477944374,4.097999572753906,14.021214213222265,6.178556203842163,5003.120620096736,1.8421372175216675,0.00017199999999999998,16,2048,,563.2846093177795
adammini-lotus-r8,adammini,lotus,8,1.1B,sdpa,666,86,2850816,2.3945059776306152,10.96278086210581,nan,nan,nan,nan,22.23591375350952,4.097999572753906,0.01870039477944374,4.097999572753906,14.021214213222265,6.165494441986084,5006.258906291539,1.687829613685608,0.000174,16,2048,,569.4769856929779
adammini-lotus-r8,adammini,lotus,8,1.1B,sdpa,666,87,2883584,2.3828253746032715,10.835473929092636,nan,nan,nan,nan,22.23591375350952,4.097999572753906,0.01870039477944374,4.097999572753906,14.021214213222265,6.182160377502441,5009.184161180448,1.5981806516647339,0.000176,16,2048,,575.6860640048981
adammini-lotus-r8,adammini,lotus,8,1.1B,sdpa,666,88,2916352,2.442732810974121,11.504437275297793,nan,nan,nan,nan,22.23591375350952,4.097999572753906,0.01870039477944374,4.097999572753906,14.021214213222265,6.179613351821899,5012.068611317133,1.5786035060882568,0.000178,16,2048,,581.892495393753
adammini-lotus-r8,adammini,lotus,8,1.1B,sdpa,666,89,2949120,2.4724667072296143,11.851645364052658,nan,nan,nan,nan,22.23591375350952,4.097999572753906,0.01870039477944374,4.097999572753906,14.021214213222265,6.174102783203125,5014.93986859032,2.4722073078155518,0.00017999999999999998,16,2048,,588.0934824943542
adammini-lotus-r8,adammini,lotus,8,1.1B,sdpa,666,90,2981888,2.2211732864379883,9.218140042207262,nan,nan,nan,nan,22.23591375350952,4.097999572753906,0.01870039477944374,4.097999572753906,14.021214213222265,6.190053939819336,5017.615696454367,2.0649406909942627,0.000182,16,2048,,594.3107211589813
adammini-lotus-r8,adammini,lotus,8,1.1B,sdpa,666,91,3014656,2.5180954933166504,12.40494884403013,nan,nan,nan,nan,22.23591375350952,4.097999572753906,0.01870039477944374,4.097999572753906,14.021214213222265,6.175222158432007,5020.3581831114525,1.7297254800796509,0.000184,16,2048,,600.5128271579742
adammini-lotus-r8,adammini,lotus,8,1.1B,sdpa,666,92,3047424,2.4789280891418457,11.92847130462294,nan,nan,nan,nan,22.23591375350952,4.097999572753906,0.01870039477944374,4.097999572753906,14.021214213222265,6.1780173778533936,5023.024028286706,1.8515182733535767,0.000186,16,2048,,606.7177548408508
adammini-lotus-r8,adammini,lotus,8,1.1B,sdpa,666,93,3080192,2.5324020385742188,12.583696387207434,nan,nan,nan,nan,22.23591375350952,4.097999572753906,0.01870039477944374,4.097999572753906,14.021214213222265,6.172735214233398,5025.678673708034,2.029183864593506,0.00018800000000000002,16,2048,,612.917219877243
adammini-lotus-r8,adammini,lotus,8,1.1B,sdpa,666,94,3112960,2.319857120513916,10.174220514818872,nan,nan,nan,nan,22.23591375350952,4.097999572753906,0.01870039477944374,4.097999572753906,14.021214213222265,6.175433874130249,5028.259712104653,1.7028597593307495,0.00019,16,2048,,619.1196331977844
adammini-lotus-r8,adammini,lotus,8,1.1B,sdpa,666,95,3145728,2.3729965686798096,10.729495831004213,nan,nan,nan,nan,22.23591375350952,4.097999572753906,0.01870039477944374,4.097999572753906,14.021214213222265,6.168114423751831,5030.846377864832,1.722057580947876,0.000192,16,2048,,625.3146781921387
adammini-lotus-r8,adammini,lotus,8,1.1B,sdpa,666,96,3178496,2.228489637374878,9.285830511405372,nan,nan,nan,nan,22.23591375350952,4.097999572753906,0.01870039477944374,4.097999572753906,14.021214213222265,6.163892984390259,5033.416640592276,1.9030522108078003,0.000194,16,2048,,631.5052444934845
adammini-lotus-r8,adammini,lotus,8,1.1B,sdpa,666,97,3211264,2.450281858444214,11.591613452957297,nan,nan,nan,nan,22.23591375350952,4.097999572753906,0.01870039477944374,4.097999572753906,14.021214213222265,6.17293381690979,5035.8673063043625,1.7363272905349731,0.00019600000000000002,16,2048,,637.7052702903748
adammini-lotus-r8,adammini,lotus,8,1.1B,sdpa,666,98,3244032,2.450833559036255,11.598010317376696,nan,nan,nan,nan,22.23591375350952,4.097999572753906,0.01870039477944374,4.097999572753906,14.021214213222265,6.179952383041382,5038.212677750455,1.664414882659912,0.00019800000000000002,16,2048,,643.9119889736176
adammini-lotus-r8,adammini,lotus,8,1.1B,sdpa,666,99,3276800,2.4230263233184814,11.27994447150053,nan,nan,nan,nan,22.23591375350952,4.097999572753906,0.01870039477944374,4.097999572753906,14.021214213222265,6.180008888244629,5040.515293865761,1.697895884513855,0.0002,16,2048,,650.1188328266144
adammini-lotus-r8,adammini,lotus,8,1.1B,sdpa,666,100,3309568,2.40567946434021,11.085960238387337,2.472626637336307,11.853540950536848,nan,nan,22.23591375350952,4.097999572753906,0.01870039477944374,4.097999572753906,14.021214213222265,6.188820123672485,5042.705704851292,1.6291266679763794,0.000202,16,2048,,669.5796618461609
adammini-lotus-r8,adammini,lotus,8,1.1B,sdpa,666,101,3342336,2.5004096031188965,12.187484970322489,nan,nan,nan,nan,22.23591375350952,4.097999572753906,0.01870039477944374,4.097999572753906,14.021214213222265,6.179389953613281,4946.045046974811,2.503730535507202,0.000204,16,2048,,675.7860548496246
adammini-lotus-r8,adammini,lotus,8,1.1B,sdpa,666,102,3375104,2.30135178565979,9.98767452876678,nan,nan,nan,nan,22.23591375350952,4.097999572753906,0.01870039477944374,4.097999572753906,14.021214213222265,6.1639320850372314,4949.193866478931,1.7367281913757324,0.000206,16,2048,,681.9768352508545
adammini-lotus-r8,adammini,lotus,8,1.1B,sdpa,666,103,3407872,2.4687490463256836,11.807666764847255,nan,nan,nan,nan,22.23591375350952,4.097999572753906,0.01870039477944374,4.097999572753906,14.021214213222265,6.1658079624176025,4952.27362675666,2.8974149227142334,0.000208,16,2048,,688.1697330474854
adammini-lotus-r8,adammini,lotus,8,1.1B,sdpa,666,104,3440640,2.393514633178711,10.951918355253275,nan,nan,nan,nan,22.23591375350952,4.097999572753906,0.01870039477944374,4.097999572753906,14.021214213222265,6.166185140609741,4955.29422640443,2.8145980834960938,0.00021,16,2048,,694.3625690937042
adammini-lotus-r8,adammini,lotus,8,1.1B,sdpa,666,105,3473408,2.372565984725952,10.724876876761556,nan,nan,nan,nan,22.23591375350952,4.097999572753906,0.01870039477944374,4.097999572753906,14.021214213222265,6.172819137573242,4958.217385420089,2.2985641956329346,0.000212,16,2048,,700.5620949268341
adammini-lotus-r8,adammini,lotus,8,1.1B,sdpa,666,106,3506176,2.387357711791992,10.884695410454833,nan,nan,nan,nan,22.23591375350952,4.097999572753906,0.01870039477944374,4.097999572753906,14.021214213222265,6.178725004196167,4961.047374896589,1.8696881532669067,0.000214,16,2048,,706.7677216529846
adammini-lotus-r8,adammini,lotus,8,1.1B,sdpa,666,107,3538944,2.4574239253997803,11.674697876447482,nan,nan,nan,nan,22.23591375350952,4.097999572753906,0.01870039477944374,4.097999572753906,14.021214213222265,6.170868396759033,4963.881511994642,1.749910593032837,0.000216,16,2048,,712.965399980545
adammini-lotus-r8,adammini,lotus,8,1.1B,sdpa,666,108,3571712,2.415166139602661,11.191629575994408,nan,nan,nan,nan,22.23591375350952,4.097999572753906,0.01870039477944374,4.097999572753906,14.021214213222265,6.181901216506958,4966.591227394133,1.8098511695861816,0.000218,16,2048,,719.1742894649506
adammini-lotus-r8,adammini,lotus,8,1.1B,sdpa,666,109,3604480,2.435574531555176,11.42237934591068,nan,nan,nan,nan,22.23591375350952,4.097999572753906,0.01870039477944374,4.097999572753906,14.021214213222265,6.168053388595581,4969.3483030279485,1.7536195516586304,0.00022,16,2048,,725.3692507743835
adammini-lotus-r8,adammini,lotus,8,1.1B,sdpa,666,110,3637248,2.3588790893554688,10.579086593180842,nan,nan,nan,nan,22.23591375350952,4.097999572753906,0.01870039477944374,4.097999572753906,14.021214213222265,6.178305149078369,4971.989297948676,2.345149040222168,0.000222,16,2048,,731.5745656490326
adammini-lotus-r8,adammini,lotus,8,1.1B,sdpa,666,111,3670016,2.530111074447632,12.55490058787072,nan,nan,nan,nan,22.23591375350952,4.097999572753906,0.01870039477944374,4.097999572753906,14.021214213222265,6.192007303237915,4974.493297272735,1.835811972618103,0.000224,16,2048,,737.7933351993561
adammini-lotus-r8,adammini,lotus,8,1.1B,sdpa,666,112,3702784,2.5577468872070312,12.90670426986582,nan,nan,nan,nan,22.23591375350952,4.097999572753906,0.01870039477944374,4.097999572753906,14.021214213222265,6.191636800765991,4976.958978727543,1.8526380062103271,0.00022600000000000002,16,2048,,744.0118143558502
adammini-lotus-r8,adammini,lotus,8,1.1B,sdpa,666,113,3735552,2.497572183609009,12.152952976735333,nan,nan,nan,nan,22.23591375350952,4.097999572753906,0.01870039477944374,4.097999572753906,14.021214213222265,6.17774510383606,4979.475664248688,1.7583953142166138,0.000228,16,2048,,750.2162697315216
adammini-lotus-r8,adammini,lotus,8,1.1B,sdpa,666,114,3768320,2.3011691570281982,9.985850659985207,nan,nan,nan,nan,22.23591375350952,4.097999572753906,0.01870039477944374,4.097999572753906,14.021214213222265,6.17542576789856,4981.967355566674,1.7903251647949219,0.00023,16,2048,,756.4187450408936
adammini-lotus-r8,adammini,lotus,8,1.1B,sdpa,666,115,3801088,2.4745824337005615,11.876746748341823,nan,nan,nan,nan,22.23591375350952,4.097999572753906,0.01870039477944374,4.097999572753906,14.021214213222265,6.183535099029541,4984.36308021555,1.7166748046875,0.00023200000000000003,16,2048,,762.629096031189
adammini-lotus-r8,adammini,lotus,8,1.1B,sdpa,666,116,3833856,2.431825876235962,11.379640938644567,nan,nan,nan,nan,22.23591375350952,4.097999572753906,0.01870039477944374,4.097999572753906,14.021214213222265,6.21026611328125,4986.547946764671,1.6857576370239258,0.00023400000000000002,16,2048,,768.8663854598999
adammini-lotus-r8,adammini,lotus,8,1.1B,sdpa,666,117,3866624,2.250227928161621,9.489898605014233,nan,nan,nan,nan,22.23591375350952,4.097999572753906,0.01870039477944374,4.097999572753906,14.021214213222265,6.15053129196167,4989.081307071991,1.816316843032837,0.000236,16,2048,,775.043744802475
adammini-lotus-r8,adammini,lotus,8,1.1B,sdpa,666,118,3899392,2.4607725143432617,11.71385716826961,nan,nan,nan,nan,22.23591375350952,4.097999572753906,0.01870039477944374,4.097999572753906,14.021214213222265,6.161764144897461,4991.504296082101,1.709439992904663,0.00023799999999999998,16,2048,,781.2325024604797
adammini-lotus-r8,adammini,lotus,8,1.1B,sdpa,666,119,3932160,2.8729805946350098,17.689665422700088,nan,nan,nan,nan,22.23591375350952,4.097999572753906,0.01870039477944374,4.097999572753906,14.021214213222265,6.181374549865723,4993.763416862378,2.201925039291382,0.00024,16,2048,,787.4408042430878
adammini-lotus-r8,adammini,lotus,8,1.1B,sdpa,666,120,3964928,2.6281685829162598,13.848384495644229,nan,nan,nan,nan,22.23591375350952,4.097999572753906,0.01870039477944374,4.097999572753906,14.021214213222265,6.153059244155884,4996.166015538033,2.019472599029541,0.000242,16,2048,,793.6208057403564
adammini-lotus-r8,adammini,lotus,8,1.1B,sdpa,666,121,3997696,2.4986765384674072,12.166381562996527,nan,nan,nan,nan,22.23591375350952,4.097999572753906,0.01870039477944374,4.097999572753906,14.021214213222265,6.1851465702056885,4998.331001923578,2.074274778366089,0.000244,16,2048,,799.8328273296356
adammini-lotus-r8,adammini,lotus,8,1.1B,sdpa,666,122,4030464,2.410041570663452,11.1344240008375,nan,nan,nan,nan,22.23591375350952,4.097999572753906,0.01870039477944374,4.097999572753906,14.021214213222265,6.175303936004639,5000.523554659188,1.805429458618164,0.000246,16,2048,,806.0352292060852
adammini-lotus-r8,adammini,lotus,8,1.1B,sdpa,666,123,4063232,2.344996452331543,10.433235713822013,nan,nan,nan,nan,22.23591375350952,4.097999572753906,0.01870039477944374,4.097999572753906,14.021214213222265,6.172823667526245,5002.696810422359,1.9385976791381836,0.000248,16,2048,,812.2349047660828
adammini-lotus-r8,adammini,lotus,8,1.1B,sdpa,666,124,4096000,2.277057647705078,9.747956250509946,nan,nan,nan,nan,22.23591375350952,4.097999572753906,0.01870039477944374,4.097999572753906,14.021214213222265,6.17660117149353,5004.815534129761,1.7056204080581665,0.00025,16,2048,,818.4383864402771
adammini-lotus-r8,adammini,lotus,8,1.1B,sdpa,666,125,4128768,2.7439844608306885,15.548815480412292,nan,nan,nan,nan,22.23591375350952,4.097999572753906,0.01870039477944374,4.097999572753906,14.021214213222265,6.175734519958496,5006.907168925452,1.8681033849716187,0.000252,16,2048,,824.6410777568817
adammini-lotus-r8,adammini,lotus,8,1.1B,sdpa,666,126,4161536,2.493424892425537,12.102655513208402,nan,nan,nan,nan,22.23591375350952,4.097999572753906,0.01870039477944374,4.097999572753906,14.021214213222265,6.165299892425537,5009.030349616564,1.7030705213546753,0.000254,16,2048,,830.8334712982178
adammini-lotus-r8,adammini,lotus,8,1.1B,sdpa,666,127,4194304,2.36376690864563,10.630921834149992,nan,nan,nan,nan,22.23591375350952,4.097999572753906,0.01870039477944374,4.097999572753906,14.021214213222265,6.160632371902466,5011.149594342331,1.8191752433776855,0.000256,16,2048,,837.0210590362549
adammini-lotus-r8,adammini,lotus,8,1.1B,sdpa,666,128,4227072,2.526686429977417,12.511978056154108,nan,nan,nan,nan,22.23591375350952,4.097999572753906,0.01870039477944374,4.097999572753906,14.021214213222265,6.169317722320557,5013.186604693797,1.855257511138916,0.00025800000000000004,16,2048,,843.2173562049866
adammini-lotus-r8,adammini,lotus,8,1.1B,sdpa,666,129,4259840,2.529531478881836,12.547625931543905,nan,nan,nan,nan,22.23591375350952,4.097999572753906,0.01870039477944374,4.097999572753906,14.021214213222265,6.178325176239014,5015.140452273948,1.824773907661438,0.00026000000000000003,16,2048,,849.4225695133209
adammini-lotus-r8,adammini,lotus,8,1.1B,sdpa,666,130,4292608,2.460314989089966,11.708499008641764,nan,nan,nan,nan,22.23591375350952,4.097999572753906,0.01870039477944374,4.097999572753906,14.021214213222265,6.184053897857666,5017.032971132285,1.8210698366165161,0.000262,16,2048,,855.6333894729614
adammini-lotus-r8,adammini,lotus,8,1.1B,sdpa,666,131,4325376,2.239588737487793,9.389468956689878,nan,nan,nan,nan,22.23591375350952,4.097999572753906,0.01870039477944374,4.097999572753906,14.021214213222265,6.185972690582275,5018.887965204228,2.088019609451294,0.000264,16,2048,,861.8463349342346
adammini-lotus-r8,adammini,lotus,8,1.1B,sdpa,666,132,4358144,2.5941829681396484,13.385646392882155,nan,nan,nan,nan,22.23591375350952,4.097999572753906,0.01870039477944374,4.097999572753906,14.021214213222265,6.211579322814941,5020.566685035221,3.0995867252349854,0.000266,16,2048,,868.0847406387329
adammini-lotus-r8,adammini,lotus,8,1.1B,sdpa,666,133,4390912,2.3707926273345947,10.705874690893966,nan,nan,nan,nan,22.23591375350952,4.097999572753906,0.01870039477944374,4.097999572753906,14.021214213222265,6.16942834854126,5022.464191161262,2.0066139698028564,0.000268,16,2048,,874.2811896800995
adammini-lotus-r8,adammini,lotus,8,1.1B,sdpa,666,134,4423680,2.4515066146850586,11.605819051297145,nan,nan,nan,nan,22.23591375350952,4.097999572753906,0.01870039477944374,4.097999572753906,14.021214213222265,6.1832053661346436,5024.25579572888,2.159245252609253,0.00027,16,2048,,880.4914813041687
adammini-lotus-r8,adammini,lotus,8,1.1B,sdpa,666,135,4456448,2.3986001014709473,11.007755848349412,nan,nan,nan,nan,22.23591375350952,4.097999572753906,0.01870039477944374,4.097999572753906,14.021214213222265,6.180407762527466,5026.038053599811,1.8136309385299683,0.00027200000000000005,16,2048,,886.6988372802734
adammini-lotus-r8,adammini,lotus,8,1.1B,sdpa,666,136,4489216,1.9850702285766602,7.2795586005414785,nan,nan,nan,nan,22.23591375350952,4.097999572753906,0.01870039477944374,4.097999572753906,14.021214213222265,6.16394305229187,5027.888568311033,1.7452274560928345,0.00027400000000000005,16,2048,,892.8898086547852
adammini-lotus-r8,adammini,lotus,8,1.1B,sdpa,666,137,4521984,2.4884817600250244,12.042978102795194,nan,nan,nan,nan,22.23591375350952,4.097999572753906,0.01870039477944374,4.097999572753906,14.021214213222265,6.170159339904785,5029.678535726901,2.0449585914611816,0.00027600000000000004,16,2048,,899.0867731571198
adammini-lotus-r8,adammini,lotus,8,1.1B,sdpa,666,138,4554752,2.090517044067383,8.089096502600986,nan,nan,nan,nan,22.23591375350952,4.097999572753906,0.01870039477944374,4.097999572753906,14.021214213222265,6.170495510101318,5031.44336632356,2.4832236766815186,0.00027800000000000004,16,2048,,905.2842702865601
adammini-lotus-r8,adammini,lotus,8,1.1B,sdpa,666,139,4587520,2.274077892303467,9.7189529580364,nan,nan,nan,nan,22.23591375350952,4.097999572753906,0.01870039477944374,4.097999572753906,14.021214213222265,6.167710065841675,5033.198367967875,2.029421806335449,0.00028000000000000003,16,2048,,911.478821516037
adammini-lotus-r8,adammini,lotus,8,1.1B,sdpa,666,140,4620288,2.4628655910491943,11.738400846785602,nan,nan,nan,nan,22.23591375350952,4.097999572753906,0.01870039477944374,4.097999572753906,14.021214213222265,6.176158428192139,5034.884270568654,2.0105855464935303,0.00028199999999999997,16,2048,,917.6819787025452
adammini-lotus-r8,adammini,lotus,8,1.1B,sdpa,666,141,4653056,2.470059394836426,11.823149064796977,nan,nan,nan,nan,22.23591375350952,4.097999572753906,0.01870039477944374,4.097999572753906,14.021214213222265,6.187430381774902,5036.485132732733,2.290815591812134,0.00028399999999999996,16,2048,,923.896550655365
adammini-lotus-r8,adammini,lotus,8,1.1B,sdpa,666,142,4685824,2.317586898803711,10.151148977183574,nan,nan,nan,nan,22.23591375350952,4.097999572753906,0.01870039477944374,4.097999572753906,14.021214213222265,6.180741310119629,5038.099850388424,2.2306180000305176,0.00028599999999999996,16,2048,,930.1044249534607
adammini-lotus-r8,adammini,lotus,8,1.1B,sdpa,666,143,4718592,2.318674325942993,10.162193616107961,nan,nan,nan,nan,22.23591375350952,4.097999572753906,0.01870039477944374,4.097999572753906,14.021214213222265,6.186632871627808,5039.662246994041,2.236191987991333,0.000288,16,2048,,936.3180418014526
adammini-lotus-r8,adammini,lotus,8,1.1B,sdpa,666,144,4751360,1.9742084741592407,7.2009176850654475,nan,nan,nan,nan,22.23591375350952,4.097999572753906,0.01870039477944374,4.097999572753906,14.021214213222265,6.159626483917236,5041.348763218727,2.206958770751953,0.00029,16,2048,,942.5047426223755
adammini-lotus-r8,adammini,lotus,8,1.1B,sdpa,666,145,4784128,2.4346940517425537,11.412326597754847,nan,nan,nan,nan,22.23591375350952,4.097999572753906,0.01870039477944374,4.097999572753906,14.021214213222265,6.17710542678833,5042.919997733275,2.0228843688964844,0.000292,16,2048,,948.7089228630066
adammini-lotus-r8,adammini,lotus,8,1.1B,sdpa,666,146,4816896,2.45405650138855,11.63545033713503,nan,nan,nan,nan,22.23591375350952,4.097999572753906,0.01870039477944374,4.097999572753906,14.021214213222265,6.172868490219116,5044.493159907964,2.3790910243988037,0.000294,16,2048,,954.9086968898773
adammini-lotus-r8,adammini,lotus,8,1.1B,sdpa,666,147,4849664,2.5396318435668945,12.675003727586832,nan,nan,nan,nan,22.23591375350952,4.097999572753906,0.01870039477944374,4.097999572753906,14.021214213222265,6.183105230331421,5045.993014964341,1.931821584701538,0.000296,16,2048,,961.1188223361969
adammini-lotus-r8,adammini,lotus,8,1.1B,sdpa,666,148,4882432,2.4749763011932373,11.88142553415507,nan,nan,nan,nan,22.23591375350952,4.097999572753906,0.01870039477944374,4.097999572753906,14.021214213222265,6.1827592849731445,5047.475061372813,1.7937589883804321,0.000298,16,2048,,967.3284485340118
adammini-lotus-r8,adammini,lotus,8,1.1B,sdpa,666,149,4915200,2.161409616470337,8.683369255828568,nan,nan,nan,nan,22.23591375350952,4.097999572753906,0.01870039477944374,4.097999572753906,14.021214213222265,6.165295124053955,5049.029068749826,2.123272180557251,0.0003,16,2048,,973.5208284854889
adammini-lotus-r8,adammini,lotus,8,1.1B,sdpa,666,150,4947968,2.560668706893921,12.944470478652942,2.479376008214031,11.933815491214496,nan,nan,22.23591375350952,4.097999572753906,0.01870039477944374,4.097999572753906,14.021214213222265,6.1823484897613525,5050.474978482404,1.9336659908294678,0.000302,16,2048,,991.9828922748566
adammini-lotus-r8,adammini,lotus,8,1.1B,sdpa,666,151,4980736,2.6661763191223145,14.384860784352641,nan,nan,nan,nan,22.23591375350952,4.097999572753906,0.01870039477944374,4.097999572753906,14.021214213222265,6.1862952709198,4989.86995758551,3.01804518699646,0.000304,16,2048,,998.1962585449219
adammini-lotus-r8,adammini,lotus,8,1.1B,sdpa,666,152,5013504,2.4758615493774414,11.8919482014338,nan,nan,nan,nan,22.23591375350952,4.097999572753906,0.01870039477944374,4.097999572753906,14.021214213222265,6.193926095962524,4991.588782563399,2.018944025039673,0.000306,16,2048,,1004.4170544147491
adammini-lotus-r8,adammini,lotus,8,1.1B,sdpa,666,153,5046272,2.485311985015869,12.004865008647512,nan,nan,nan,nan,22.23591375350952,4.097999572753906,0.01870039477944374,4.097999572753906,14.021214213222265,6.1710898876190186,4993.399812180343,1.8151012659072876,0.000308,16,2048,,1010.6152110099792
adammini-lotus-r8,adammini,lotus,8,1.1B,sdpa,666,154,5079040,2.609189510345459,13.588033427161402,nan,nan,nan,nan,22.23591375350952,4.097999572753906,0.01870039477944374,4.097999572753906,14.021214213222265,6.157747507095337,4995.253477239711,2.059185743331909,0.00031,16,2048,,1016.8000073432922
adammini-lotus-r8,adammini,lotus,8,1.1B,sdpa,666,155,5111808,2.602731704711914,13.500567272029754,nan,nan,nan,nan,22.23591375350952,4.097999572753906,0.01870039477944374,4.097999572753906,14.021214213222265,6.184476852416992,4996.954228727788,1.8666523694992065,0.000312,16,2048,,1023.0111789703369
adammini-lotus-r8,adammini,lotus,8,1.1B,sdpa,666,156,5144576,2.4475488662719727,11.55997691502374,nan,nan,nan,nan,22.23591375350952,4.097999572753906,0.01870039477944374,4.097999572753906,14.021214213222265,6.159320116043091,4998.7583893497385,1.7320582866668701,0.000314,16,2048,,1029.1973626613617
adammini-lotus-r8,adammini,lotus,8,1.1B,sdpa,666,157,5177344,2.3851983547210693,10.861216824903329,nan,nan,nan,nan,22.23591375350952,4.097999572753906,0.01870039477944374,4.097999572753906,14.021214213222265,6.177475452423096,5000.452437088052,2.1392388343811035,0.000316,16,2048,,1035.4016721248627
adammini-lotus-r8,adammini,lotus,8,1.1B,sdpa,666,158,5210112,2.4627363681793213,11.736884074943376,nan,nan,nan,nan,22.23591375350952,4.097999572753906,0.01870039477944374,4.097999572753906,14.021214213222265,6.182016611099243,5002.104671967864,1.8176699876785278,0.00031800000000000003,16,2048,,1041.6105182170868
adammini-lotus-r8,adammini,lotus,8,1.1B,sdpa,666,159,5242880,2.5062365531921387,12.25870814217419,nan,nan,nan,nan,22.23591375350952,4.097999572753906,0.01870039477944374,4.097999572753906,14.021214213222265,6.188887357711792,5003.704446361115,1.8455681800842285,0.00032,16,2048,,1047.8264224529266
adammini-lotus-r8,adammini,lotus,8,1.1B,sdpa,666,160,5275648,2.286858558654785,9.843964818846972,nan,nan,nan,nan,22.23591375350952,4.097999572753906,0.01870039477944374,4.097999572753906,14.021214213222265,6.14963436126709,5005.471126758364,1.8486236333847046,0.000322,16,2048,,1054.0031237602234
adammini-lotus-r8,adammini,lotus,8,1.1B,sdpa,666,161,5308416,2.436058282852173,11.42790627345546,nan,nan,nan,nan,22.23591375350952,4.097999572753906,0.01870039477944374,4.097999572753906,14.021214213222265,6.1824750900268555,5007.061873636491,1.788399338722229,0.000324,16,2048,,1060.2124922275543
adammini-lotus-r8,adammini,lotus,8,1.1B,sdpa,666,162,5341184,2.201026439666748,9.034281887189548,nan,nan,nan,nan,22.23591375350952,4.097999572753906,0.01870039477944374,4.097999572753906,14.021214213222265,6.18450403213501,5008.624921611113,1.7826124429702759,0.000326,16,2048,,1066.4240341186523
adammini-lotus-r8,adammini,lotus,8,1.1B,sdpa,666,163,5373952,2.621732473373413,13.759540986002841,nan,nan,nan,nan,22.23591375350952,4.097999572753906,0.01870039477944374,4.097999572753906,14.021214213222265,6.185627460479736,5010.16431038562,1.882370114326477,0.000328,16,2048,,1072.6364772319794
adammini-lotus-r8,adammini,lotus,8,1.1B,sdpa,666,164,5406720,2.4354069232940674,11.420465021203592,nan,nan,nan,nan,22.23591375350952,4.097999572753906,0.01870039477944374,4.097999572753906,14.021214213222265,6.178884267807007,5011.7178843378115,1.9046826362609863,0.00033,16,2048,,1078.842387676239
adammini-lotus-r8,adammini,lotus,8,1.1B,sdpa,666,165,5439488,2.296886920928955,9.943180317254132,nan,nan,nan,nan,22.23591375350952,4.097999572753906,0.01870039477944374,4.097999572753906,14.021214213222265,6.175296306610107,5013.269747143073,2.0861868858337402,0.00033200000000000005,16,2048,,1085.0445454120636
adammini-lotus-r8,adammini,lotus,8,1.1B,sdpa,666,166,5472256,2.3822832107543945,10.829600919053558,nan,nan,nan,nan,22.23591375350952,4.097999572753906,0.01870039477944374,4.097999572753906,14.021214213222265,6.177014112472534,5014.797009201553,1.8586949110031128,0.00033400000000000004,16,2048,,1091.2485070228577
adammini-lotus-r8,adammini,lotus,8,1.1B,sdpa,666,167,5505024,2.3886325359344482,10.89858033148318,nan,nan,nan,nan,22.23591375350952,4.097999572753906,0.01870039477944374,4.097999572753906,14.021214213222265,6.183561086654663,5016.276434970355,1.7332103252410889,0.00033600000000000004,16,2048,,1097.4589672088623
adammini-lotus-r8,adammini,lotus,8,1.1B,sdpa,666,168,5537792,2.5258677005767822,12.501738324216223,nan,nan,nan,nan,22.23591375350952,4.097999572753906,0.01870039477944374,4.097999572753906,14.021214213222265,6.182974338531494,5017.742054809213,1.9315789937973022,0.00033800000000000003,16,2048,,1103.6687681674957
adammini-lotus-r8,adammini,lotus,8,1.1B,sdpa,666,169,5570560,2.3687241077423096,10.683752267564413,nan,nan,nan,nan,22.23591375350952,4.097999572753906,0.01870039477944374,4.097999572753906,14.021214213222265,6.180313348770142,5019.203726111576,1.815865397453308,0.00034,16,2048,,1109.8758928775787
adammini-lotus-r8,adammini,lotus,8,1.1B,sdpa,666,170,5603328,2.313230037689209,10.107018036934774,nan,nan,nan,nan,22.23591375350952,4.097999572753906,0.01870039477944374,4.097999572753906,14.021214213222265,6.180653095245361,5020.647567502283,1.7385241985321045,0.000342,16,2048,,1116.0834612846375
adammini-lotus-r8,adammini,lotus,8,1.1B,sdpa,666,171,5636096,2.379180669784546,10.796053706225976,nan,nan,nan,nan,22.23591375350952,4.097999572753906,0.01870039477944374,4.097999572753906,14.021214213222265,6.182050466537476,5022.069020125712,1.978289008140564,0.00034399999999999996,16,2048,,1122.292209148407
adammini-lotus-r8,adammini,lotus,8,1.1B,sdpa,666,172,5668864,2.5308425426483154,12.564087457955539,nan,nan,nan,nan,22.23591375350952,4.097999572753906,0.01870039477944374,4.097999572753906,14.021214213222265,6.176330327987671,5023.500568483218,1.7334272861480713,0.000346,16,2048,,1128.4955644607544
adammini-lotus-r8,adammini,lotus,8,1.1B,sdpa,666,173,5701632,2.1886324882507324,8.923002456794181,nan,nan,nan,nan,22.23591375350952,4.097999572753906,0.01870039477944374,4.097999572753906,14.021214213222265,6.179643630981445,5024.900871986261,1.663342833518982,0.000348,16,2048,,1134.7022128105164
adammini-lotus-r8,adammini,lotus,8,1.1B,sdpa,666,174,5734400,2.430479049682617,11.364324852431881,nan,nan,nan,nan,22.23591375350952,4.097999572753906,0.01870039477944374,4.097999572753906,14.021214213222265,6.190960645675659,5026.236382075032,1.7974052429199219,0.00035,16,2048,,1140.9200506210327
adammini-lotus-r8,adammini,lotus,8,1.1B,sdpa,666,175,5767168,2.4807960987091064,11.950774628068014,nan,nan,nan,nan,22.23591375350952,4.097999572753906,0.01870039477944374,4.097999572753906,14.021214213222265,6.185460567474365,5027.58170056583,1.7083616256713867,0.000352,16,2048,,1147.132553577423
adammini-lotus-r8,adammini,lotus,8,1.1B,sdpa,666,176,5799936,2.5342726707458496,12.607257885084689,nan,nan,nan,nan,22.23591375350952,4.097999572753906,0.01870039477944374,4.097999572753906,14.021214213222265,6.162873983383179,5029.010315441605,1.754878044128418,0.000354,16,2048,,1153.3224558830261
adammini-lotus-r8,adammini,lotus,8,1.1B,sdpa,666,177,5832704,2.532050371170044,12.57927188938545,nan,nan,nan,nan,22.23591375350952,4.097999572753906,0.01870039477944374,4.097999572753906,14.021214213222265,6.183190107345581,5030.335659130501,1.7122974395751953,0.000356,16,2048,,1159.5325875282288
adammini-lotus-r8,adammini,lotus,8,1.1B,sdpa,666,178,5865472,2.5514323711395264,12.825461452862045,nan,nan,nan,nan,22.23591375350952,4.097999572753906,0.01870039477944374,4.097999572753906,14.021214213222265,6.186472415924072,5031.633120503043,2.4276678562164307,0.000358,16,2048,,1165.7462372779846
adammini-lotus-r8,adammini,lotus,8,1.1B,sdpa,666,179,5898240,2.453500509262085,11.628982916443807,nan,nan,nan,nan,22.23591375350952,4.097999572753906,0.01870039477944374,4.097999572753906,14.021214213222265,6.186852216720581,5032.914184383487,1.619842290878296,0.00035999999999999997,16,2048,,1171.95982503891
adammini-lotus-r8,adammini,lotus,8,1.1B,sdpa,666,180,5931008,2.3002383708953857,9.976560293009666,nan,nan,nan,nan,22.23591375350952,4.097999572753906,0.01870039477944374,4.097999572753906,14.021214213222265,6.18226957321167,5034.202896223103,1.8057403564453125,0.000362,16,2048,,1178.1690859794617
adammini-lotus-r8,adammini,lotus,8,1.1B,sdpa,666,181,5963776,2.179560422897339,8.842418479598365,nan,nan,nan,nan,22.23591375350952,4.097999572753906,0.01870039477944374,4.097999572753906,14.021214213222265,6.162351846694946,5035.562212125879,1.788616418838501,0.000364,16,2048,,1184.3583900928497
adammini-lotus-r8,adammini,lotus,8,1.1B,sdpa,666,182,5996544,2.2699034214019775,9.678466036253011,nan,nan,nan,nan,22.23591375350952,4.097999572753906,0.01870039477944374,4.097999572753906,14.021214213222265,6.1852781772613525,5036.8104449563225,1.9374291896820068,0.000366,16,2048,,1190.5706737041473
adammini-lotus-r8,adammini,lotus,8,1.1B,sdpa,666,183,6029312,2.5055441856384277,12.250223547973942,nan,nan,nan,nan,22.23591375350952,4.097999572753906,0.01870039477944374,4.097999572753906,14.021214213222265,6.1698596477508545,5038.110229507647,2.3247790336608887,0.000368,16,2048,,1196.7673971652985
adammini-lotus-r8,adammini,lotus,8,1.1B,sdpa,666,184,6062080,2.2447471618652344,9.438028961123516,nan,nan,nan,nan,22.23591375350952,4.097999572753906,0.01870039477944374,4.097999572753906,14.021214213222265,6.176676511764526,5039.368653453917,1.7985615730285645,0.00037,16,2048,,1202.9708454608917
adammini-lotus-r8,adammini,lotus,8,1.1B,sdpa,666,185,6094848,2.668426990509033,14.417272839682678,nan,nan,nan,nan,22.23591375350952,4.097999572753906,0.01870039477944374,4.097999572753906,14.021214213222265,6.195988178253174,5040.534191510894,1.6547415256500244,0.000372,16,2048,,1209.193663597107
adammini-lotus-r8,adammini,lotus,8,1.1B,sdpa,666,186,6127616,2.392315149307251,10.938789581275019,nan,nan,nan,nan,22.23591375350952,4.097999572753906,0.01870039477944374,4.097999572753906,14.021214213222265,6.169916868209839,5041.795516815801,1.6135056018829346,0.000374,16,2048,,1215.3904900550842
adammini-lotus-r8,adammini,lotus,8,1.1B,sdpa,666,187,6160384,2.3249332904815674,10.225997891641986,nan,nan,nan,nan,22.23591375350952,4.097999572753906,0.01870039477944374,4.097999572753906,14.021214213222265,6.165760517120361,5043.060937379547,2.0319385528564453,0.00037600000000000003,16,2048,,1221.5832998752594
adammini-lotus-r8,adammini,lotus,8,1.1B,sdpa,666,188,6193152,2.6786587238311768,14.56554377140944,nan,nan,nan,nan,22.23591375350952,4.097999572753906,0.01870039477944374,4.097999572753906,14.021214213222265,6.173659801483154,5044.280715694417,1.7410179376602173,0.000378,16,2048,,1227.7836527824402
adammini-lotus-r8,adammini,lotus,8,1.1B,sdpa,666,189,6225920,2.412646770477295,11.163469218041305,nan,nan,nan,nan,22.23591375350952,4.097999572753906,0.01870039477944374,4.097999572753906,14.021214213222265,6.171682119369507,5045.497321855593,1.8400702476501465,0.00038,16,2048,,1233.982095003128
adammini-lotus-r8,adammini,lotus,8,1.1B,sdpa,666,190,6258688,2.4573163986206055,11.673442601276045,nan,nan,nan,nan,22.23591375350952,4.097999572753906,0.01870039477944374,4.097999572753906,14.021214213222265,6.179584503173828,5046.669594065326,1.8538079261779785,0.000382,16,2048,,1240.1886656284332
adammini-lotus-r8,adammini,lotus,8,1.1B,sdpa,666,191,6291456,2.330108404159546,10.279055765049801,nan,nan,nan,nan,22.23591375350952,4.097999572753906,0.01870039477944374,4.097999572753906,14.021214213222265,6.176859617233276,5047.840788024393,1.792000412940979,0.000384,16,2048,,1246.392492055893
adammini-lotus-r8,adammini,lotus,8,1.1B,sdpa,666,192,6324224,2.629000663757324,13.859912266416236,nan,nan,nan,nan,22.23591375350952,4.097999572753906,0.01870039477944374,4.097999572753906,14.021214213222265,6.171341180801392,5049.022284794353,1.6109739542007446,0.000386,16,2048,,1252.5907618999481
adammini-lotus-r8,adammini,lotus,8,1.1B,sdpa,666,193,6356992,2.167043685913086,8.732430037361079,nan,nan,nan,nan,22.23591375350952,4.097999572753906,0.01870039477944374,4.097999572753906,14.021214213222265,6.174901485443115,5050.177960385618,1.6710652112960815,0.000388,16,2048,,1258.7926397323608
adammini-lotus-r8,adammini,lotus,8,1.1B,sdpa,666,194,6389760,2.34670090675354,10.45103385231923,nan,nan,nan,nan,22.23591375350952,4.097999572753906,0.01870039477944374,4.097999572753906,14.021214213222265,6.17914605140686,5051.305326816782,1.680659532546997,0.00039000000000000005,16,2048,,1264.998554468155
adammini-lotus-r8,adammini,lotus,8,1.1B,sdpa,666,195,6422528,2.5250437259674072,12.491441452027214,nan,nan,nan,nan,22.23591375350952,4.097999572753906,0.01870039477944374,4.097999572753906,14.021214213222265,6.17549729347229,5052.436867103858,1.688521385192871,0.00039200000000000004,16,2048,,1271.2011563777924
adammini-lotus-r8,adammini,lotus,8,1.1B,sdpa,666,196,6455296,2.4417967796325684,11.493673799702309,nan,nan,nan,nan,22.23591375350952,4.097999572753906,0.01870039477944374,4.097999572753906,14.021214213222265,6.185399055480957,5053.516996230329,1.6196024417877197,0.00039400000000000004,16,2048,,1277.4133260250092
adammini-lotus-r8,adammini,lotus,8,1.1B,sdpa,666,197,6488064,1.9898635149002075,7.314535369088431,nan,nan,nan,nan,22.23591375350952,4.097999572753906,0.01870039477944374,4.097999572753906,14.021214213222265,6.186604738235474,5054.582947374252,1.940896987915039,0.00039600000000000003,16,2048,,1283.6269760131836
adammini-lotus-r8,adammini,lotus,8,1.1B,sdpa,666,198,6520832,2.43810772895813,11.451351167784367,nan,nan,nan,nan,22.23591375350952,4.097999572753906,0.01870039477944374,4.097999572753906,14.021214213222265,6.238083124160767,5055.436072581544,1.709356665611267,0.000398,16,2048,,1289.867874622345
adammini-lotus-r8,adammini,lotus,8,1.1B,sdpa,666,199,6553600,2.348039388656616,10.465031737867433,nan,nan,nan,nan,22.23591375350952,4.097999572753906,0.01870039477944374,4.097999572753906,14.021214213222265,6.434702396392822,5055.60874270686,1.7990078926086426,0.0004,16,2048,,1296.306156873703
adammini-lotus-r8,adammini,lotus,8,1.1B,sdpa,666,200,6586368,2.611203193664551,13.615422991111753,2.551297024779615,12.823725690807407,nan,nan,22.23591375350952,4.097999572753906,0.01870039477944374,4.097999572753906,14.021214213222265,6.176019668579102,5056.780647583505,3.2715861797332764,0.000402,16,2048,,1320.9168012142181
adammini-lotus-r8,adammini,lotus,8,1.1B,sdpa,666,201,6619136,2.4521877765655518,11.613727185880933,nan,nan,nan,nan,22.23591375350952,4.097999572753906,0.01870039477944374,4.097999572753906,14.021214213222265,6.141902446746826,4987.823613235311,2.6502597332000732,0.000404,16,2048,,1327.0855033397675
adammini-lotus-r8,adammini,lotus,8,1.1B,sdpa,666,202,6651904,2.2407634258270264,9.400505137152082,nan,nan,nan,nan,22.23591375350952,4.097999572753906,0.01870039477944374,4.097999572753906,14.021214213222265,6.181733846664429,4989.174358612117,2.2112059593200684,0.00040600000000000006,16,2048,,1333.2938787937164
adammini-lotus-r8,adammini,lotus,8,1.1B,sdpa,666,203,6684672,2.4633703231811523,11.744327090327735,nan,nan,nan,nan,22.23591375350952,4.097999572753906,0.01870039477944374,4.097999572753906,14.021214213222265,6.179022789001465,4990.523185875036,2.2371490001678467,0.000408,16,2048,,1339.499938249588
adammini-lotus-r8,adammini,lotus,8,1.1B,sdpa,666,204,6717440,2.3127996921539307,10.102669462609487,nan,nan,nan,nan,22.23591375350952,4.097999572753906,0.01870039477944374,4.097999572753906,14.021214213222265,6.155811548233032,4991.944435622385,3.3041038513183594,0.00041,16,2048,,1345.682817697525
adammini-lotus-r8,adammini,lotus,8,1.1B,sdpa,666,205,6750208,2.324888229370117,10.225537107193109,nan,nan,nan,nan,22.23591375350952,4.097999572753906,0.01870039477944374,4.097999572753906,14.021214213222265,6.177170515060425,4993.27346557776,2.8430027961730957,0.000412,16,2048,,1351.886836051941
adammini-lotus-r8,adammini,lotus,8,1.1B,sdpa,666,206,6782976,2.5056397914886475,12.251394796999865,nan,nan,nan,nan,22.23591375350952,4.097999572753906,0.01870039477944374,4.097999572753906,14.021214213222265,6.184762001037598,4994.563316881124,3.170012950897217,0.000414,16,2048,,1358.098174571991
adammini-lotus-r8,adammini,lotus,8,1.1B,sdpa,666,207,6815744,2.3934478759765625,10.95118726022892,nan,nan,nan,nan,22.23591375350952,4.097999572753906,0.01870039477944374,4.097999572753906,14.021214213222265,6.177651882171631,4995.868307021453,2.978489637374878,0.000416,16,2048,,1364.302473783493
adammini-lotus-r8,adammini,lotus,8,1.1B,sdpa,666,208,6848512,2.517280101776123,12.394838076359438,nan,nan,nan,nan,22.23591375350952,4.097999572753906,0.01870039477944374,4.097999572753906,14.021214213222265,6.184905052185059,4997.134867682636,2.557084560394287,0.00041799999999999997,16,2048,,1370.5143735408783
adammini-lotus-r8,adammini,lotus,8,1.1B,sdpa,666,209,6881280,2.5624797344207764,12.96793451160198,nan,nan,nan,nan,22.23591375350952,4.097999572753906,0.01870039477944374,4.097999572753906,14.021214213222265,6.162753582000732,4998.469472752971,2.889456272125244,0.00042,16,2048,,1376.7039935588837
adammini-lotus-r8,adammini,lotus,8,1.1B,sdpa,666,210,6914048,2.5089173316955566,12.291615111882548,nan,nan,nan,nan,22.23591375350952,4.097999572753906,0.01870039477944374,4.097999572753906,14.021214213222265,6.1667163372039795,4999.778078072531,2.4456489086151123,0.000422,16,2048,,1382.8975734710693
adammini-lotus-r8,adammini,lotus,8,1.1B,sdpa,666,211,6946816,2.3063535690307617,10.037755856705585,nan,nan,nan,nan,22.23591375350952,4.097999572753906,0.01870039477944374,4.097999572753906,14.021214213222265,6.182882070541382,5001.01681865187,2.6199426651000977,0.000424,16,2048,,1389.1074049472809
adammini-lotus-r8,adammini,lotus,8,1.1B,sdpa,666,212,6979584,2.5992472171783447,13.45360657816545,nan,nan,nan,nan,22.23591375350952,4.097999572753906,0.01870039477944374,4.097999572753906,14.021214213222265,6.181815147399902,5002.247960773085,2.161497116088867,0.000426,16,2048,,1395.316298007965
adammini-lotus-r8,adammini,lotus,8,1.1B,sdpa,666,213,7012352,2.4931819438934326,12.099715547961484,nan,nan,nan,nan,22.23591375350952,4.097999572753906,0.01870039477944374,4.097999572753906,14.021214213222265,6.191338062286377,5003.433753886697,2.3422815799713135,0.000428,16,2048,,1401.5347933769226
adammini-lotus-r8,adammini,lotus,8,1.1B,sdpa,666,214,7045120,2.498788595199585,12.167744964344626,nan,nan,nan,nan,22.23591375350952,4.097999572753906,0.01870039477944374,4.097999572753906,14.021214213222265,6.179691791534424,5004.65027144759,2.635618209838867,0.00043,16,2048,,1407.7412033081055
adammini-lotus-r8,adammini,lotus,8,1.1B,sdpa,666,215,7077888,2.290692090988159,9.881774402094532,nan,nan,nan,nan,22.23591375350952,4.097999572753906,0.01870039477944374,4.097999572753906,14.021214213222265,6.192814826965332,5005.811246721056,1.9157456159591675,0.000432,16,2048,,1413.9609742164612
adammini-lotus-r8,adammini,lotus,8,1.1B,sdpa,666,216,7110656,2.375159978866577,10.752733258564374,nan,nan,nan,nan,22.23591375350952,4.097999572753906,0.01870039477944374,4.097999572753906,14.021214213222265,6.146853685379028,5007.123084821838,2.133488655090332,0.00043400000000000003,16,2048,,1420.134689092636
adammini-lotus-r8,adammini,lotus,8,1.1B,sdpa,666,217,7143424,1.9649784564971924,7.134758880804747,nan,nan,nan,nan,22.23591375350952,4.097999572753906,0.01870039477944374,4.097999572753906,14.021214213222265,6.105590581893921,5008.568869325603,inf,0.000436,16,2048,,1426.2406544685364
adammini-lotus-r8,adammini,lotus,8,1.1B,sdpa,666,218,7176192,2.4109444618225098,11.144481713655782,nan,nan,nan,nan,22.23591375350952,4.097999572753906,0.01870039477944374,4.097999572753906,14.021214213222265,6.170936346054077,5009.866161967696,2.247889280319214,0.000438,16,2048,,1432.437327861786
adammini-lotus-r8,adammini,lotus,8,1.1B,sdpa,666,219,7208960,2.6893768310546875,14.72249845734854,nan,nan,nan,nan,22.23591375350952,4.097999572753906,0.01870039477944374,4.097999572753906,14.021214213222265,6.1841981410980225,5011.017710204641,1.9650176763534546,0.00044,16,2048,,1438.6487171649933
adammini-lotus-r8,adammini,lotus,8,1.1B,sdpa,666,220,7241728,2.709890365600586,15.027627879601102,nan,nan,nan,nan,22.23591375350952,4.097999572753906,0.01870039477944374,4.097999572753906,14.021214213222265,6.179702520370483,5012.170686414853,1.9084621667861938,0.000442,16,2048,,1444.8554821014404
adammini-lotus-r8,adammini,lotus,8,1.1B,sdpa,666,221,7274496,2.410163640975952,11.13578326641609,nan,nan,nan,nan,22.23591375350952,4.097999572753906,0.01870039477944374,4.097999572753906,14.021214213222265,6.185946702957153,5013.292309516406,2.2203266620635986,0.000444,16,2048,,1451.0683326721191
adammini-lotus-r8,adammini,lotus,8,1.1B,sdpa,666,222,7307264,2.4545419216156006,11.641099791148212,nan,nan,nan,nan,22.23591375350952,4.097999572753906,0.01870039477944374,4.097999572753906,14.021214213222265,6.181007385253906,5014.421718401544,1.908430576324463,0.000446,16,2048,,1457.27605843544
adammini-lotus-r8,adammini,lotus,8,1.1B,sdpa,666,223,7340032,2.50203800201416,12.207347224831821,nan,nan,nan,nan,22.23591375350952,4.097999572753906,0.01870039477944374,4.097999572753906,14.021214213222265,6.1853227615356445,5015.527555855177,2.0323057174682617,0.000448,16,2048,,1463.4883286952972
adammini-lotus-r8,adammini,lotus,8,1.1B,sdpa,666,224,7372800,2.3489267826080322,10.474322465391017,nan,nan,nan,nan,22.23591375350952,4.097999572753906,0.01870039477944374,4.097999572753906,14.021214213222265,6.176788568496704,5016.652090369991,1.935349464416504,0.00045000000000000004,16,2048,,1469.6921744346619
adammini-lotus-r8,adammini,lotus,8,1.1B,sdpa,666,225,7405568,2.4224367141723633,11.27329567336114,nan,nan,nan,nan,22.23591375350952,4.097999572753906,0.01870039477944374,4.097999572753906,14.021214213222265,6.183646202087402,5017.743722235191,1.8864144086837769,0.00045200000000000004,16,2048,,1475.9023141860962
adammini-lotus-r8,adammini,lotus,8,1.1B,sdpa,666,226,7438336,2.306999683380127,10.044243490450961,nan,nan,nan,nan,22.23591375350952,4.097999572753906,0.01870039477944374,4.097999572753906,14.021214213222265,6.183207750320435,5018.829371599329,1.7153257131576538,0.00045400000000000003,16,2048,,1482.1122727394104
adammini-lotus-r8,adammini,lotus,8,1.1B,sdpa,666,227,7471104,2.2777211666107178,9.754426350052814,nan,nan,nan,nan,22.23591375350952,4.097999572753906,0.01870039477944374,4.097999572753906,14.021214213222265,6.175228118896484,5019.932198349732,1.7583729028701782,0.000456,16,2048,,1488.3145008087158
adammini-lotus-r8,adammini,lotus,8,1.1B,sdpa,666,228,7503872,2.3909125328063965,10.923457409601065,nan,nan,nan,nan,22.23591375350952,4.097999572753906,0.01870039477944374,4.097999572753906,14.021214213222265,6.178652048110962,5021.013744555953,1.9674053192138672,0.000458,16,2048,,1494.520078420639
adammini-lotus-r8,adammini,lotus,8,1.1B,sdpa,666,229,7536640,2.7217893600463867,15.20750962382098,nan,nan,nan,nan,22.23591375350952,4.097999572753906,0.01870039477944374,4.097999572753906,14.021214213222265,6.16983437538147,5022.115876129595,1.815246343612671,0.00046,16,2048,,1500.7168951034546
adammini-lotus-r8,adammini,lotus,8,1.1B,sdpa,666,230,7569408,2.530380964279175,12.558289485169308,nan,nan,nan,nan,22.23591375350952,4.097999572753906,0.01870039477944374,4.097999572753906,14.021214213222265,6.162385940551758,5023.233542917329,1.7750475406646729,0.000462,16,2048,,1506.9063529968262
adammini-lotus-r8,adammini,lotus,8,1.1B,sdpa,666,231,7602176,2.2383179664611816,9.377544669708325,nan,nan,nan,nan,22.23591375350952,4.097999572753906,0.01870039477944374,4.097999572753906,14.021214213222265,6.18505597114563,5024.266707406494,1.6641889810562134,0.00046400000000000006,16,2048,,1513.1183080673218
adammini-lotus-r8,adammini,lotus,8,1.1B,sdpa,666,232,7634944,2.6030399799346924,13.50472980398294,nan,nan,nan,nan,22.23591375350952,4.097999572753906,0.01870039477944374,4.097999572753906,14.021214213222265,6.1672234535217285,5025.350751808469,1.7819905281066895,0.00046600000000000005,16,2048,,1519.3124148845673
adammini-lotus-r8,adammini,lotus,8,1.1B,sdpa,666,233,7667712,2.5851361751556396,13.265095343404793,nan,nan,nan,nan,22.23591375350952,4.097999572753906,0.01870039477944374,4.097999572753906,14.021214213222265,6.206979513168335,5026.295135885738,1.8988978862762451,0.00046800000000000005,16,2048,,1525.546085357666
adammini-lotus-r8,adammini,lotus,8,1.1B,sdpa,666,234,7700480,2.273003578186035,9.708517356227789,nan,nan,nan,nan,22.23591375350952,4.097999572753906,0.01870039477944374,4.097999572753906,14.021214213222265,6.1494927406311035,5027.420845810114,1.9502356052398682,0.00047,16,2048,,1531.7223789691925
adammini-lotus-r8,adammini,lotus,8,1.1B,sdpa,666,235,7733248,2.5373682975769043,12.646345720320966,nan,nan,nan,nan,22.23591375350952,4.097999572753906,0.01870039477944374,4.097999572753906,14.021214213222265,6.191670179367065,5028.399537086762,2.006078004837036,0.000472,16,2048,,1537.941083908081
adammini-lotus-r8,adammini,lotus,8,1.1B,sdpa,666,236,7766016,2.2339589595794678,9.336756849737352,nan,nan,nan,nan,22.23591375350952,4.097999572753906,0.01870039477944374,4.097999572753906,14.021214213222265,6.174502372741699,5029.425771715596,1.9434384107589722,0.000474,16,2048,,1544.1424915790558
adammini-lotus-r8,adammini,lotus,8,1.1B,sdpa,666,237,7798784,2.6258738040924072,13.816641951148231,nan,nan,nan,nan,22.23591375350952,4.097999572753906,0.01870039477944374,4.097999572753906,14.021214213222265,6.186106443405151,5030.406240512983,2.1330018043518066,0.00047599999999999997,16,2048,,1550.3553256988525
adammini-lotus-r8,adammini,lotus,8,1.1B,sdpa,666,238,7831552,1.9298102855682373,6.888203326034978,nan,nan,nan,nan,22.23591375350952,4.097999572753906,0.01870039477944374,4.097999572753906,14.021214213222265,6.164316415786743,5031.449977847337,1.888867735862732,0.00047799999999999996,16,2048,,1556.5464253425598
adammini-lotus-r8,adammini,lotus,8,1.1B,sdpa,666,239,7864320,2.600970506668091,13.476811025228079,nan,nan,nan,nan,22.23591375350952,4.097999572753906,0.01870039477944374,4.097999572753906,14.021214213222265,6.171462774276733,5032.462122818047,1.8110361099243164,0.00048,16,2048,,1562.7448048591614
adammini-lotus-r8,adammini,lotus,8,1.1B,sdpa,666,240,7897088,2.3733890056610107,10.733707308273605,nan,nan,nan,nan,22.23591375350952,4.097999572753906,0.01870039477944374,4.097999572753906,14.021214213222265,6.168271541595459,5033.47625633754,1.6502209901809692,0.000482,16,2048,,1568.9398355484009
adammini-lotus-r8,adammini,lotus,8,1.1B,sdpa,666,241,7929856,2.4892845153808594,12.052649549350805,nan,nan,nan,nan,22.23591375350952,4.097999572753906,0.01870039477944374,4.097999572753906,14.021214213222265,6.174684286117554,5034.46224777911,1.7135226726531982,0.000484,16,2048,,1575.1413748264313
adammini-lotus-r8,adammini,lotus,8,1.1B,sdpa,666,242,7962624,2.4083147048950195,11.11521293741719,nan,nan,nan,nan,22.23591375350952,4.097999572753906,0.01870039477944374,4.097999572753906,14.021214213222265,6.186056613922119,5035.403912273117,1.6517161130905151,0.000486,16,2048,,1581.3543190956116
adammini-lotus-r8,adammini,lotus,8,1.1B,sdpa,666,243,7995392,2.623033046722412,13.777447920420412,nan,nan,nan,nan,22.23591375350952,4.097999572753906,0.01870039477944374,4.097999572753906,14.021214213222265,6.159526824951172,5036.42257988925,2.0888357162475586,0.000488,16,2048,,1587.540599346161
adammini-lotus-r8,adammini,lotus,8,1.1B,sdpa,666,244,8028160,2.5796337127685547,13.192305101656608,nan,nan,nan,nan,22.23591375350952,4.097999572753906,0.01870039477944374,4.097999572753906,14.021214213222265,6.177322149276733,5037.377433626499,1.9651578664779663,0.00049,16,2048,,1593.7446103096008
adammini-lotus-r8,adammini,lotus,8,1.1B,sdpa,666,245,8060928,2.3371217250823975,10.351399470195862,nan,nan,nan,nan,22.23591375350952,4.097999572753906,0.01870039477944374,4.097999572753906,14.021214213222265,6.17371129989624,5038.3363063308525,1.7621127367019653,0.000492,16,2048,,1599.9450454711914
adammini-lotus-r8,adammini,lotus,8,1.1B,sdpa,666,246,8093696,2.5396506786346436,12.675242464389065,nan,nan,nan,nan,22.23591375350952,4.097999572753906,0.01870039477944374,4.097999572753906,14.021214213222265,6.183797121047974,5039.256139178369,1.7219313383102417,0.000494,16,2048,,1606.155834197998
adammini-lotus-r8,adammini,lotus,8,1.1B,sdpa,666,247,8126464,2.2882490158081055,9.857661950576965,nan,nan,nan,nan,22.23591375350952,4.097999572753906,0.01870039477944374,4.097999572753906,14.021214213222265,6.179396867752075,5040.181786246614,1.6554417610168457,0.000496,16,2048,,1612.362313747406
adammini-lotus-r8,adammini,lotus,8,1.1B,sdpa,666,248,8159232,2.332519054412842,10.303864864450047,nan,nan,nan,nan,22.23591375350952,4.097999572753906,0.01870039477944374,4.097999572753906,14.021214213222265,6.189438581466675,5041.068773622619,1.7338805198669434,0.000498,16,2048,,1618.578614473343
adammini-lotus-r8,adammini,lotus,8,1.1B,sdpa,666,249,8192000,2.281104803085327,9.787487685066019,nan,nan,nan,nan,22.23591375350952,4.097999572753906,0.01870039477944374,4.097999572753906,14.021214213222265,6.175220012664795,5041.993525153505,1.8091505765914917,0.0005,16,2048,,1624.780617237091
adammini-lotus-r8,adammini,lotus,8,1.1B,sdpa,666,250,8224768,2.5997023582458496,13.459731260716774,2.4989481110046623,12.169686066792734,nan,nan,22.23591375350952,4.097999572753906,0.01870039477944374,4.097999572753906,14.021214213222265,6.188092947006226,5042.871931649121,2.002272367477417,0.000499600008,16,2048,,1645.3230154514313
adammini-lotus-r8,adammini,lotus,8,1.1B,sdpa,666,251,8257536,2.258187770843506,9.565738139934092,nan,nan,nan,nan,22.23591375350952,4.097999572753906,0.01870039477944374,4.097999572753906,14.021214213222265,6.1796510219573975,5000.012939392087,1.7157069444656372,0.0004992000159999999,16,2048,,1651.5295586585999
adammini-lotus-r8,adammini,lotus,8,1.1B,sdpa,666,252,8290304,2.2914059162139893,9.888830780149409,nan,nan,nan,nan,22.23591375350952,4.097999572753906,0.01870039477944374,4.097999572753906,14.021214213222265,6.162302732467651,5001.112002566108,1.9757673740386963,0.000498800024,16,2048,,1657.7188441753387
adammini-lotus-r8,adammini,lotus,8,1.1B,sdpa,666,253,8323072,2.4156975746154785,11.197578780469337,nan,nan,nan,nan,22.23591375350952,4.097999572753906,0.01870039477944374,4.097999572753906,14.021214213222265,6.177224636077881,5002.157822141908,1.6974565982818604,0.000498400032,16,2048,,1663.9229431152344
adammini-lotus-r8,adammini,lotus,8,1.1B,sdpa,666,254,8355840,2.5389015674591064,12.665750854185854,nan,nan,nan,nan,22.23591375350952,4.097999572753906,0.01870039477944374,4.097999572753906,14.021214213222265,6.180805683135986,5003.185433665332,1.8211334943771362,0.00049800004,16,2048,,1670.1306657791138
adammini-lotus-r8,adammini,lotus,8,1.1B,sdpa,666,255,8388608,2.4855868816375732,12.008165559116705,nan,nan,nan,nan,22.23591375350952,4.097999572753906,0.01870039477944374,4.097999572753906,14.021214213222265,6.1796746253967285,5004.208635025912,1.8298012018203735,0.000497600048,16,2048,,1676.3371872901917
adammini-lotus-r8,adammini,lotus,8,1.1B,sdpa,666,256,8421376,2.4837863445281982,11.98656386457426,nan,nan,nan,nan,22.23591375350952,4.097999572753906,0.01870039477944374,4.097999572753906,14.021214213222265,6.1867594718933105,5005.203451671268,1.5933693647384644,0.000497200056,16,2048,,1682.5506300926208
adammini-lotus-r8,adammini,lotus,8,1.1B,sdpa,666,257,8454144,2.34652042388916,10.449147789999916,nan,nan,nan,nan,22.23591375350952,4.097999572753906,0.01870039477944374,4.097999572753906,14.021214213222265,6.186332941055298,5006.192680609878,1.642630934715271,0.000496800064,16,2048,,1688.7637689113617
adammini-lotus-r8,adammini,lotus,8,1.1B,sdpa,666,258,8486912,2.327437162399292,10.251634562670082,nan,nan,nan,nan,22.23591375350952,4.097999572753906,0.01870039477944374,4.097999572753906,14.021214213222265,6.164147138595581,5007.239873422115,1.6523385047912598,0.0004964000720000001,16,2048,,1694.954788684845
adammini-lotus-r8,adammini,lotus,8,1.1B,sdpa,666,259,8519680,2.360464572906494,10.595872864621443,nan,nan,nan,nan,22.23591375350952,4.097999572753906,0.01870039477944374,4.097999572753906,14.021214213222265,6.174246311187744,5008.249542709975,1.6426587104797363,0.00049600008,16,2048,,1701.155918598175
adammini-lotus-r8,adammini,lotus,8,1.1B,sdpa,666,260,8552448,2.3510565757751465,10.496654378544482,nan,nan,nan,nan,22.23591375350952,4.097999572753906,0.01870039477944374,4.097999572753906,14.021214213222265,6.153146266937256,5009.3137523949235,1.7745739221572876,0.000495600088,16,2048,,1707.3356547355652
adammini-lotus-r8,adammini,lotus,8,1.1B,sdpa,666,261,8585216,2.4919497966766357,12.084816098167838,nan,nan,nan,nan,22.23591375350952,4.097999572753906,0.01870039477944374,4.097999572753906,14.021214213222265,6.172443866729736,5010.314709067569,1.8016221523284912,0.0004952000959999999,16,2048,,1713.5347166061401
adammini-lotus-r8,adammini,lotus,8,1.1B,sdpa,666,262,8617984,2.192646026611328,8.958887233739846,nan,nan,nan,nan,22.23591375350952,4.097999572753906,0.01870039477944374,4.097999572753906,14.021214213222265,6.1775360107421875,5011.293186942913,1.6491926908493042,0.000494800104,16,2048,,1719.7391755580902
adammini-lotus-r8,adammini,lotus,8,1.1B,sdpa,666,263,8650752,2.2688956260681152,9.66871703666601,nan,nan,nan,nan,22.23591375350952,4.097999572753906,0.01870039477944374,4.097999572753906,14.021214213222265,6.175891876220703,5012.268879954515,1.8126168251037598,0.000494400112,16,2048,,1725.9419934749603
adammini-lotus-r8,adammini,lotus,8,1.1B,sdpa,666,264,8683520,2.2770791053771973,9.74816542120315,nan,nan,nan,nan,22.23591375350952,4.097999572753906,0.01870039477944374,4.097999572753906,14.021214213222265,6.187692880630493,5013.20358088342,1.8244328498840332,0.00049400012,16,2048,,1732.1566627025604
adammini-lotus-r8,adammini,lotus,8,1.1B,sdpa,666,265,8716288,2.6772735118865967,14.545381374018815,nan,nan,nan,nan,22.23591375350952,4.097999572753906,0.01870039477944374,4.097999572753906,14.021214213222265,6.187929153442383,5014.130555495689,1.8589638471603394,0.000493600128,16,2048,,1738.3714621067047
adammini-lotus-r8,adammini,lotus,8,1.1B,sdpa,666,266,8749056,2.3327653408050537,10.306402878679705,nan,nan,nan,nan,22.23591375350952,4.097999572753906,0.01870039477944374,4.097999572753906,14.021214213222265,6.183831214904785,5015.06296761017,1.6545915603637695,0.0004932001360000001,16,2048,,1744.5820925235748
adammini-lotus-r8,adammini,lotus,8,1.1B,sdpa,666,267,8781824,2.6126224994659424,13.63476116009287,nan,nan,nan,nan,22.23591375350952,4.097999572753906,0.01870039477944374,4.097999572753906,14.021214213222265,6.188711881637573,5015.975083801839,1.7398055791854858,0.000492800144,16,2048,,1750.7979040145874
adammini-lotus-r8,adammini,lotus,8,1.1B,sdpa,666,268,8814592,2.375368118286133,10.754971559154662,nan,nan,nan,nan,22.23591375350952,4.097999572753906,0.01870039477944374,4.097999572753906,14.021214213222265,6.18565821647644,5016.888562634581,1.5418277978897095,0.000492400152,16,2048,,1757.0103640556335
adammini-lotus-r8,adammini,lotus,8,1.1B,sdpa,666,269,8847360,2.617154598236084,13.696695484605211,nan,nan,nan,nan,22.23591375350952,4.097999572753906,0.01870039477944374,4.097999572753906,14.021214213222265,6.154078245162964,5017.886291117471,3.6509265899658203,0.00049200016,16,2048,,1763.1913404464722
adammini-lotus-r8,adammini,lotus,8,1.1B,sdpa,666,270,8880128,2.504840850830078,12.241610568601741,nan,nan,nan,nan,22.23591375350952,4.097999572753906,0.01870039477944374,4.097999572753906,14.021214213222265,6.170825958251953,5018.82930309855,2.1425840854644775,0.000491600168,16,2048,,1769.3891088962555
adammini-lotus-r8,adammini,lotus,8,1.1B,sdpa,666,271,8912896,2.4850947856903076,12.002257843211712,nan,nan,nan,nan,22.23591375350952,4.097999572753906,0.01870039477944374,4.097999572753906,14.021214213222265,6.165484428405762,5019.78076299746,2.0055930614471436,0.0004912001760000001,16,2048,,1775.5811123847961
adammini-lotus-r8,adammini,lotus,8,1.1B,sdpa,666,272,8945664,2.3127801418304443,10.102471954084102,nan,nan,nan,nan,22.23591375350952,4.097999572753906,0.01870039477944374,4.097999572753906,14.021214213222265,6.176961660385132,5020.694142302911,1.6410964727401733,0.000490800184,16,2048,,1781.785094499588
adammini-lotus-r8,adammini,lotus,8,1.1B,sdpa,666,273,8978432,2.36126446723938,10.604351833965502,nan,nan,nan,nan,22.23591375350952,4.097999572753906,0.01870039477944374,4.097999572753906,14.021214213222265,6.18156361579895,5021.5871061850685,1.9516596794128418,0.000490400192,16,2048,,1787.9934840202332
adammini-lotus-r8,adammini,lotus,8,1.1B,sdpa,666,274,9011200,2.41347599029541,11.172730027048356,nan,nan,nan,nan,22.23591375350952,4.097999572753906,0.01870039477944374,4.097999572753906,14.021214213222265,6.176804304122925,5022.487999781072,1.6505142450332642,0.0004900002,16,2048,,1794.1971497535706
adammini-lotus-r8,adammini,lotus,8,1.1B,sdpa,666,275,9043968,2.2260212898254395,9.26293811923122,nan,nan,nan,nan,22.23591375350952,4.097999572753906,0.01870039477944374,4.097999572753906,14.021214213222265,6.181024074554443,5023.37051522457,1.6558952331542969,0.000489600208,16,2048,,1800.4049997329712
adammini-lotus-r8,adammini,lotus,8,1.1B,sdpa,666,276,9076736,2.3586323261260986,10.576476385674184,nan,nan,nan,nan,22.23591375350952,4.097999572753906,0.01870039477944374,4.097999572753906,14.021214213222265,6.1843791007995605,5024.2378186707065,1.7770028114318848,0.0004892002160000001,16,2048,,1806.6162765026093
adammini-lotus-r8,adammini,lotus,8,1.1B,sdpa,666,277,9109504,2.517238140106201,12.394317979167491,nan,nan,nan,nan,22.23591375350952,4.097999572753906,0.01870039477944374,4.097999572753906,14.021214213222265,6.169133424758911,5025.141204389723,1.7962086200714111,0.000488800224,16,2048,,1812.812257528305
adammini-lotus-r8,adammini,lotus,8,1.1B,sdpa,666,278,9142272,2.270326614379883,9.682562761908073,nan,nan,nan,nan,22.23591375350952,4.097999572753906,0.01870039477944374,4.097999572753906,14.021214213222265,6.176520109176636,5026.018154678746,1.8740090131759644,0.000488400232,16,2048,,1819.0154900550842
adammini-lotus-r8,adammini,lotus,8,1.1B,sdpa,666,279,9175040,2.3746299743652344,10.74703577151586,nan,nan,nan,nan,22.23591375350952,4.097999572753906,0.01870039477944374,4.097999572753906,14.021214213222265,6.185404062271118,5026.864842232598,1.7217013835906982,0.00048800024,16,2048,,1825.2278213500977
adammini-lotus-r8,adammini,lotus,8,1.1B,sdpa,666,280,9207808,2.5580875873565674,12.911102335108783,nan,nan,nan,nan,22.23591375350952,4.097999572753906,0.01870039477944374,4.097999572753906,14.021214213222265,6.18556022644043,5027.705112969446,1.9910163879394531,0.00048760024799999996,16,2048,,1831.440426826477
adammini-lotus-r8,adammini,lotus,8,1.1B,sdpa,666,281,9240576,2.4179162979125977,11.222450691121548,nan,nan,nan,nan,22.23591375350952,4.097999572753906,0.01870039477944374,4.097999572753906,14.021214213222265,6.181095123291016,5028.551734207403,1.8335511684417725,0.00048720025600000003,16,2048,,1837.6484069824219
adammini-lotus-r8,adammini,lotus,8,1.1B,sdpa,666,282,9273344,2.3454792499542236,10.43827407137717,nan,nan,nan,nan,22.23591375350952,4.097999572753906,0.01870039477944374,4.097999572753906,14.021214213222265,6.175989627838135,5029.406680154507,1.730246663093567,0.00048680026400000004,16,2048,,1843.8513383865356
adammini-lotus-r8,adammini,lotus,8,1.1B,sdpa,666,283,9306112,2.4253389835357666,11.306061338412228,nan,nan,nan,nan,22.23591375350952,4.097999572753906,0.01870039477944374,4.097999572753906,14.021214213222265,6.1713926792144775,5030.268242514916,2.03079891204834,0.00048640027200000006,16,2048,,1850.0496890544891
adammini-lotus-r8,adammini,lotus,8,1.1B,sdpa,666,284,9338880,2.173818826675415,8.791794353780528,nan,nan,nan,nan,22.23591375350952,4.097999572753906,0.01870039477944374,4.097999572753906,14.021214213222265,6.17223048210144,5031.121811828004,1.7029789686203003,0.00048600028,16,2048,,1856.248691558838
adammini-lotus-r8,adammini,lotus,8,1.1B,sdpa,666,285,9371648,2.4981071949005127,12.159456683426127,nan,nan,nan,nan,22.23591375350952,4.097999572753906,0.01870039477944374,4.097999572753906,14.021214213222265,6.1659018993377686,5031.987298236951,1.7335680723190308,0.00048560028800000003,16,2048,,1862.4414660930634
adammini-lotus-r8,adammini,lotus,8,1.1B,sdpa,666,286,9404416,2.5160586833953857,12.379708035242865,nan,nan,nan,nan,22.23591375350952,4.097999572753906,0.01870039477944374,4.097999572753906,14.021214213222265,6.178909778594971,5032.811829049044,1.7902156114578247,0.00048520029600000004,16,2048,,1868.6471183300018
adammini-lotus-r8,adammini,lotus,8,1.1B,sdpa,666,287,9437184,2.566812038421631,13.024237418762644,nan,nan,nan,nan,22.23591375350952,4.097999572753906,0.01870039477944374,4.097999572753906,14.021214213222265,6.19860053062439,5033.578078091883,1.689456820487976,0.000484800304,16,2048,,1874.8726742267609
adammini-lotus-r8,adammini,lotus,8,1.1B,sdpa,666,288,9469952,2.489190101623535,12.051511667137852,nan,nan,nan,nan,22.23591375350952,4.097999572753906,0.01870039477944374,4.097999572753906,14.021214213222265,6.187279939651489,5034.369286239927,1.6930022239685059,0.000484400312,16,2048,,1881.0869824886322
adammini-lotus-r8,adammini,lotus,8,1.1B,sdpa,666,289,9502720,2.3793344497680664,10.797714050847619,nan,nan,nan,nan,22.23591375350952,4.097999572753906,0.01870039477944374,4.097999572753906,14.021214213222265,6.178812503814697,5035.177706222884,1.742625117301941,0.00048400031999999997,16,2048,,1887.2927691936493
adammini-lotus-r8,adammini,lotus,8,1.1B,sdpa,666,290,9535488,2.227210521697998,9.27396045323255,nan,nan,nan,nan,22.23591375350952,4.097999572753906,0.01870039477944374,4.097999572753906,14.021214213222265,6.1606879234313965,5036.029068784659,1.6685177087783813,0.000483600328,16,2048,,1893.4804317951202
adammini-lotus-r8,adammini,lotus,8,1.1B,sdpa,666,291,9568256,2.351797103881836,10.504430324936079,nan,nan,nan,nan,22.23591375350952,4.097999572753906,0.01870039477944374,4.097999572753906,14.021214213222265,6.175768613815308,5036.835005355753,1.6455943584442139,0.000483200336,16,2048,,1899.6829130649567
adammini-lotus-r8,adammini,lotus,8,1.1B,sdpa,666,292,9601024,2.3414416313171387,10.396213271323528,nan,nan,nan,nan,22.23591375350952,4.097999572753906,0.01870039477944374,4.097999572753906,14.021214213222265,6.185955047607422,5037.609240499165,1.771876335144043,0.000482800344,16,2048,,1905.8958139419556
adammini-lotus-r8,adammini,lotus,8,1.1B,sdpa,666,293,9633792,2.3277177810668945,10.254511766381462,nan,nan,nan,nan,22.23591375350952,4.097999572753906,0.01870039477944374,4.097999572753906,14.021214213222265,6.1479175090789795,5038.478156556893,1.835841178894043,0.00048240035199999997,16,2048,,1912.0705289840698
adammini-lotus-r8,adammini,lotus,8,1.1B,sdpa,666,294,9666560,2.0788493156433105,7.995263594357601,nan,nan,nan,nan,22.23591375350952,4.097999572753906,0.01870039477944374,4.097999572753906,14.021214213222265,6.16973352432251,5039.284402474269,1.8149255514144897,0.00048200036,16,2048,,1918.2672276496887
adammini-lotus-r8,adammini,lotus,8,1.1B,sdpa,666,295,9699328,2.2788426876068115,9.765372280907561,nan,nan,nan,nan,22.23591375350952,4.097999572753906,0.01870039477944374,4.097999572753906,14.021214213222265,6.17825174331665,5040.062977979687,1.7192188501358032,0.000481600368,16,2048,,1924.4723944664001
adammini-lotus-r8,adammini,lotus,8,1.1B,sdpa,666,296,9732096,2.627789258956909,13.843132467779709,nan,nan,nan,nan,22.23591375350952,4.097999572753906,0.01870039477944374,4.097999572753906,14.021214213222265,6.182929277420044,5040.824535158578,1.738366961479187,0.00048120037600000006,16,2048,,1930.682282924652
adammini-lotus-r8,adammini,lotus,8,1.1B,sdpa,666,297,9764864,2.2133238315582275,9.146065909261823,nan,nan,nan,nan,22.23591375350952,4.097999572753906,0.01870039477944374,4.097999572753906,14.021214213222265,6.181800603866577,5041.583825506458,1.7005267143249512,0.000480800384,16,2048,,1936.890825510025
adammini-lotus-r8,adammini,lotus,8,1.1B,sdpa,666,298,9797632,2.387942314147949,10.89106048937445,nan,nan,nan,nan,22.23591375350952,4.097999572753906,0.01870039477944374,4.097999572753906,14.021214213222265,6.17759370803833,5042.349807279872,1.7554725408554077,0.00048040039200000003,16,2048,,1943.0952017307281
adammini-lotus-r8,adammini,lotus,8,1.1B,sdpa,666,299,9830400,2.323779344558716,10.214204448874106,nan,nan,nan,nan,22.23591375350952,4.097999572753906,0.01870039477944374,4.097999572753906,14.021214213222265,6.17589807510376,5043.115217840766,1.7093205451965332,0.0004800004,16,2048,,1949.2979846000671
adammini-lotus-r8,adammini,lotus,8,1.1B,sdpa,666,300,9863168,2.346257448196411,10.44640027940129,2.543282293769396,12.721357752565535,nan,nan,22.23591375350952,4.097999572753906,0.01870039477944374,4.097999572753906,14.021214213222265,6.593307256698608,5042.798998943805,1.761863112449646,0.00047960040800000005,16,2048,,1968.4398393630981
adammini-lotus-r8,adammini,lotus,8,1.1B,sdpa,666,301,9895936,2.3965675830841064,10.985405104033664,nan,nan,nan,nan,22.23591375350952,4.097999572753906,0.01870039477944374,4.097999572753906,14.021214213222265,6.171650409698486,5011.585639274376,3.315669059753418,0.000479200416,16,2048,,1974.6382114887238
adammini-lotus-r8,adammini,lotus,8,1.1B,sdpa,666,302,9928704,2.4478020668029785,11.562904277906316,nan,nan,nan,nan,22.23591375350952,4.097999572753906,0.01870039477944374,4.097999572753906,14.021214213222265,6.171206712722778,5012.4472465049175,2.9953372478485107,0.000478800424,16,2048,,1980.8362905979156
adammini-lotus-r8,adammini,lotus,8,1.1B,sdpa,666,303,9961472,2.267404317855835,9.654308745818586,nan,nan,nan,nan,22.23591375350952,4.097999572753906,0.01870039477944374,4.097999572753906,14.021214213222265,6.15423846244812,5013.34579976794,2.5667593479156494,0.000478400432,16,2048,,1987.0172064304352
adammini-lotus-r8,adammini,lotus,8,1.1B,sdpa,666,304,9994240,2.4247243404388428,11.299114281056308,nan,nan,nan,nan,22.23591375350952,4.097999572753906,0.01870039477944374,4.097999572753906,14.021214213222265,6.170579671859741,5014.198236748725,2.485846757888794,0.00047800044,16,2048,,1993.2145223617554
adammini-lotus-r8,adammini,lotus,8,1.1B,sdpa,666,305,10027008,2.383118152618408,10.838646782090798,nan,nan,nan,nan,22.23591375350952,4.097999572753906,0.01870039477944374,4.097999572753906,14.021214213222265,6.190686941146851,5014.9947683365635,2.5359604358673096,0.000477600448,16,2048,,1999.4321632385254
adammini-lotus-r8,adammini,lotus,8,1.1B,sdpa,666,306,10059776,2.406052350997925,11.090094815864669,nan,nan,nan,nan,22.23591375350952,4.097999572753906,0.01870039477944374,4.097999572753906,14.021214213222265,6.16655158996582,5015.84622763552,2.0495755672454834,0.000477200456,16,2048,,2005.6255118846893
adammini-lotus-r8,adammini,lotus,8,1.1B,sdpa,666,307,10092544,2.253544569015503,9.521425443126581,nan,nan,nan,nan,22.23591375350952,4.097999572753906,0.01870039477944374,4.097999572753906,14.021214213222265,6.1712329387664795,5016.681104880989,3.6547114849090576,0.000476800464,16,2048,,2011.8236408233643
adammini-lotus-r8,adammini,lotus,8,1.1B,sdpa,666,308,10125312,2.1939492225646973,8.97057003016263,nan,nan,nan,nan,22.23591375350952,4.097999572753906,0.01870039477944374,4.097999572753906,14.021214213222265,6.177943229675293,5017.493900235565,1.8185272216796875,0.000476400472,16,2048,,2018.0284311771393
adammini-lotus-r8,adammini,lotus,8,1.1B,sdpa,666,309,10158080,2.344146490097046,10.424371625085637,nan,nan,nan,nan,22.23591375350952,4.097999572753906,0.01870039477944374,4.097999572753906,14.021214213222265,6.179331302642822,5018.29845876229,1.9886586666107178,0.00047600048,16,2048,,2024.2345526218414
adammini-lotus-r8,adammini,lotus,8,1.1B,sdpa,666,310,10190848,2.4152469635009766,11.192534163680902,nan,nan,nan,nan,22.23591375350952,4.097999572753906,0.01870039477944374,4.097999572753906,14.021214213222265,6.182234048843384,5019.090976445876,2.0499539375305176,0.00047560048800000007,16,2048,,2030.4437975883484
adammini-lotus-r8,adammini,lotus,8,1.1B,sdpa,666,311,10223616,2.2779226303100586,9.756391710838024,nan,nan,nan,nan,22.23591375350952,4.097999572753906,0.01870039477944374,4.097999572753906,14.021214213222265,6.176276206970215,5019.8930077033365,2.033303737640381,0.00047520049600000003,16,2048,,2036.6469962596893
adammini-lotus-r8,adammini,lotus,8,1.1B,sdpa,666,312,10256384,2.5524322986602783,12.838292398673932,nan,nan,nan,nan,22.23591375350952,4.097999572753906,0.01870039477944374,4.097999572753906,14.021214213222265,6.159038066864014,5020.732499809077,1.8477516174316406,0.00047480050400000004,16,2048,,2042.832946062088
adammini-lotus-r8,adammini,lotus,8,1.1B,sdpa,666,313,10289152,2.421778678894043,11.26587988729715,nan,nan,nan,nan,22.23591375350952,4.097999572753906,0.01870039477944374,4.097999572753906,14.021214213222265,6.185394048690796,5021.5024908298965,1.8402646780014038,0.000474400512,16,2048,,2049.044920682907
adammini-lotus-r8,adammini,lotus,8,1.1B,sdpa,666,314,10321920,2.4774951934814453,11.911391289717331,nan,nan,nan,nan,22.23591375350952,4.097999572753906,0.01870039477944374,4.097999572753906,14.021214213222265,6.2054173946380615,5022.219548149624,1.7405661344528198,0.00047400052,16,2048,,2055.277072429657
adammini-lotus-r8,adammini,lotus,8,1.1B,sdpa,666,315,10354688,2.39227294921875,10.938327973126617,nan,nan,nan,nan,22.23591375350952,4.097999572753906,0.01870039477944374,4.097999572753906,14.021214213222265,6.150830984115601,5023.065001381306,2.1312482357025146,0.000473600528,16,2048,,2061.454627752304
adammini-lotus-r8,adammini,lotus,8,1.1B,sdpa,666,316,10387456,2.287898540496826,9.854207688788446,nan,nan,nan,nan,22.23591375350952,4.097999572753906,0.01870039477944374,4.097999572753906,14.021214213222265,6.191301345825195,5023.807304045298,1.94381582736969,0.00047320053600000004,16,2048,,2067.672589302063
adammini-lotus-r8,adammini,lotus,8,1.1B,sdpa,666,317,10420224,2.4129457473754883,11.166807336426468,nan,nan,nan,nan,22.23591375350952,4.097999572753906,0.01870039477944374,4.097999572753906,14.021214213222265,6.194538354873657,5024.537260918286,1.8792117834091187,0.000472800544,16,2048,,2073.894134283066
adammini-lotus-r8,adammini,lotus,8,1.1B,sdpa,666,318,10452992,2.5996131896972656,13.4585311295237,nan,nan,nan,nan,22.23591375350952,4.097999572753906,0.01870039477944374,4.097999572753906,14.021214213222265,6.188787460327148,5025.275976029426,1.711578369140625,0.000472400552,16,2048,,2080.1098198890686
adammini-lotus-r8,adammini,lotus,8,1.1B,sdpa,666,319,10485760,2.4115748405456543,11.151509172556116,nan,nan,nan,nan,22.23591375350952,4.097999572753906,0.01870039477944374,4.097999572753906,14.021214213222265,6.182335138320923,5026.026025274002,1.6392536163330078,0.00047200055999999997,16,2048,,2086.318798303604
adammini-lotus-r8,adammini,lotus,8,1.1B,sdpa,666,320,10518528,2.487476348876953,12.030876043146955,nan,nan,nan,nan,22.23591375350952,4.097999572753906,0.01870039477944374,4.097999572753906,14.021214213222265,6.1779944896698,5026.782698978573,1.5694352388381958,0.00047160056800000003,16,2048,,2092.523819208145
adammini-lotus-r8,adammini,lotus,8,1.1B,sdpa,666,321,10551296,2.287324905395508,9.848556590351649,nan,nan,nan,nan,22.23591375350952,4.097999572753906,0.01870039477944374,4.097999572753906,14.021214213222265,6.175108432769775,5027.540802504982,1.5768262147903442,0.000471200576,16,2048,,2098.725815296173
adammini-lotus-r8,adammini,lotus,8,1.1B,sdpa,666,322,10584064,2.3481926918029785,10.466636183139741,nan,nan,nan,nan,22.23591375350952,4.097999572753906,0.01870039477944374,4.097999572753906,14.021214213222265,6.189020395278931,5028.261608326646,1.5830233097076416,0.00047080058400000006,16,2048,,2104.9416766166687
adammini-lotus-r8,adammini,lotus,8,1.1B,sdpa,666,323,10616832,2.571547031402588,13.086053324970313,nan,nan,nan,nan,22.23591375350952,4.097999572753906,0.01870039477944374,4.097999572753906,14.021214213222265,6.174062252044678,5029.01399562637,2.66849422454834,0.000470400592,16,2048,,2111.1424844264984
adammini-lotus-r8,adammini,lotus,8,1.1B,sdpa,666,324,10649600,2.5147032737731934,12.362939826314951,nan,nan,nan,nan,22.23591375350952,4.097999572753906,0.01870039477944374,4.097999572753906,14.021214213222265,6.182547569274902,5029.741995017986,1.9014170169830322,0.0004700006,16,2048,,2117.351248025894
adammini-lotus-r8,adammini,lotus,8,1.1B,sdpa,666,325,10682368,2.2714474201202393,9.693421117750066,nan,nan,nan,nan,22.23591375350952,4.097999572753906,0.01870039477944374,4.097999572753906,14.021214213222265,6.1665544509887695,5030.504879706964,1.673170566558838,0.00046960060800000004,16,2048,,2123.5446338653564
adammini-lotus-r8,adammini,lotus,8,1.1B,sdpa,666,326,10715136,2.5392072200775146,12.669622765798358,nan,nan,nan,nan,22.23591375350952,4.097999572753906,0.01870039477944374,4.097999572753906,14.021214213222265,6.176959991455078,5031.237344337122,1.89007568359375,0.000469200616,16,2048,,2129.748409986496
adammini-lotus-r8,adammini,lotus,8,1.1B,sdpa,666,327,10747904,2.2623908519744873,9.606028325559958,nan,nan,nan,nan,22.23591375350952,4.097999572753906,0.01870039477944374,4.097999572753906,14.021214213222265,6.187098026275635,5031.9415338250765,1.7838830947875977,0.000468800624,16,2048,,2135.961938381195
adammini-lotus-r8,adammini,lotus,8,1.1B,sdpa,666,328,10780672,2.3238673210144043,10.215103097908594,nan,nan,nan,nan,22.23591375350952,4.097999572753906,0.01870039477944374,4.097999572753906,14.021214213222265,6.1915364265441895,5032.632107903214,1.7953643798828125,0.00046840063199999997,16,2048,,2142.1804478168488
adammini-lotus-r8,adammini,lotus,8,1.1B,sdpa,666,329,10813440,2.528996706008911,12.540917595454061,nan,nan,nan,nan,22.23591375350952,4.097999572753906,0.01870039477944374,4.097999572753906,14.021214213222265,6.190308570861816,5033.320400493156,2.507991313934326,0.00046800064,16,2048,,2148.397716999054
adammini-lotus-r8,adammini,lotus,8,1.1B,sdpa,666,330,10846208,2.435473918914795,11.42123016797714,nan,nan,nan,nan,22.23591375350952,4.097999572753906,0.01870039477944374,4.097999572753906,14.021214213222265,6.188389301300049,5034.009379927145,2.2406206130981445,0.000467600648,16,2048,,2154.6130633354187
adammini-lotus-r8,adammini,lotus,8,1.1B,sdpa,666,331,10878976,2.468484878540039,11.804547971624844,nan,nan,nan,nan,22.23591375350952,4.097999572753906,0.01870039477944374,4.097999572753906,14.021214213222265,6.16293740272522,5034.753651430669,2.058239221572876,0.000467200656,16,2048,,2160.802967786789
adammini-lotus-r8,adammini,lotus,8,1.1B,sdpa,666,332,10911744,2.747089385986328,15.5971684160151,nan,nan,nan,nan,22.23591375350952,4.097999572753906,0.01870039477944374,4.097999572753906,14.021214213222265,6.181182861328125,5035.451064523323,2.5771615505218506,0.00046680066399999997,16,2048,,2167.011062860489
adammini-lotus-r8,adammini,lotus,8,1.1B,sdpa,666,333,10944512,2.3562440872192383,10.551247371720308,nan,nan,nan,nan,22.23591375350952,4.097999572753906,0.01870039477944374,4.097999572753906,14.021214213222265,6.167796611785889,5036.175767459253,3.018860101699829,0.000466400672,16,2048,,2173.2059054374695
adammini-lotus-r8,adammini,lotus,8,1.1B,sdpa,666,334,10977280,2.3590803146362305,10.581215587047266,nan,nan,nan,nan,22.23591375350952,4.097999572753906,0.01870039477944374,4.097999572753906,14.021214213222265,6.175570487976074,5036.877975056496,2.9161949157714844,0.00046600067999999994,16,2048,,2179.40829706192
adammini-lotus-r8,adammini,lotus,8,1.1B,sdpa,666,335,11010048,2.3633644580841064,10.626644274499204,nan,nan,nan,nan,22.23591375350952,4.097999572753906,0.01870039477944374,4.097999572753906,14.021214213222265,6.1750524044036865,5037.578057121429,2.2142493724823,0.00046560068800000006,16,2048,,2185.610125541687
adammini-lotus-r8,adammini,lotus,8,1.1B,sdpa,666,336,11042816,2.535036325454712,12.616889153948332,nan,nan,nan,nan,22.23591375350952,4.097999572753906,0.01870039477944374,4.097999572753906,14.021214213222265,6.216821670532227,5038.17799774479,2.2484285831451416,0.000465200696,16,2048,,2191.853892326355
adammini-lotus-r8,adammini,lotus,8,1.1B,sdpa,666,337,11075584,4.239927768707275,69.40283860095013,nan,nan,nan,nan,22.23591375350952,4.097999572753906,0.01870039477944374,4.097999572753906,14.021214213222265,6.137049198150635,5038.957191479486,5.041167736053467,0.00046480070400000003,16,2048,,2198.017950296402
adammini-lotus-r8,adammini,lotus,8,1.1B,sdpa,666,338,11108352,2.3769869804382324,10.772396476022417,nan,nan,nan,nan,22.23591375350952,4.097999572753906,0.01870039477944374,4.097999572753906,14.021214213222265,6.182406663894653,5039.628410233978,2.23952579498291,0.000464400712,16,2048,,2204.227136850357
adammini-lotus-r8,adammini,lotus,8,1.1B,sdpa,666,339,11141120,2.2571933269500732,9.556230278355644,nan,nan,nan,nan,22.23591375350952,4.097999572753906,0.01870039477944374,4.097999572753906,14.021214213222265,6.163651943206787,5040.338860837595,1.9639631509780884,0.00046400072000000005,16,2048,,2210.4177141189575
adammini-lotus-r8,adammini,lotus,8,1.1B,sdpa,666,340,11173888,2.473038911819458,11.85842887051885,nan,nan,nan,nan,22.23591375350952,4.097999572753906,0.01870039477944374,4.097999572753906,14.021214213222265,6.19492769241333,5040.973960661393,1.9056684970855713,0.000463600728,16,2048,,2216.6393415927887
adammini-lotus-r8,adammini,lotus,8,1.1B,sdpa,666,341,11206656,2.220912218093872,9.215733791762188,nan,nan,nan,nan,22.23591375350952,4.097999572753906,0.01870039477944374,4.097999572753906,14.021214213222265,6.181643486022949,5041.636195402338,1.8795539140701294,0.000463200736,16,2048,,2222.847924232483
adammini-lotus-r8,adammini,lotus,8,1.1B,sdpa,666,342,11239424,2.379579782485962,10.800363408356523,nan,nan,nan,nan,22.23591375350952,4.097999572753906,0.01870039477944374,4.097999572753906,14.021214213222265,6.166662216186523,5042.328021712415,1.7729443311691284,0.000462800744,16,2048,,2229.041416168213
adammini-lotus-r8,adammini,lotus,8,1.1B,sdpa,666,343,11272192,2.417929172515869,11.222595176652025,nan,nan,nan,nan,22.23591375350952,4.097999572753906,0.01870039477944374,4.097999572753906,14.021214213222265,6.183438539505005,5042.978242555532,1.8166747093200684,0.000462400752,16,2048,,2235.251787662506
adammini-lotus-r8,adammini,lotus,8,1.1B,sdpa,666,344,11304960,2.2460720539093018,9.450541617735055,nan,nan,nan,nan,22.23591375350952,4.097999572753906,0.01870039477944374,4.097999572753906,14.021214213222265,6.179728746414185,5043.633189188462,1.9313383102416992,0.00046200076,16,2048,,2241.458554983139
adammini-lotus-r8,adammini,lotus,8,1.1B,sdpa,666,345,11337728,2.436751365661621,11.435829504251938,nan,nan,nan,nan,22.23591375350952,4.097999572753906,0.01870039477944374,4.097999572753906,14.021214213222265,6.181267261505127,5044.280937429565,1.9444233179092407,0.000461600768,16,2048,,2247.6666498184204
adammini-lotus-r8,adammini,lotus,8,1.1B,sdpa,666,346,11370496,2.527229070663452,12.518769406975142,nan,nan,nan,nan,22.23591375350952,4.097999572753906,0.01870039477944374,4.097999572753906,14.021214213222265,6.180516958236694,5044.9271093947,1.7692850828170776,0.000461200776,16,2048,,2253.874055147171
adammini-lotus-r8,adammini,lotus,8,1.1B,sdpa,666,347,11403264,2.363546133041382,10.62857504502477,nan,nan,nan,nan,22.23591375350952,4.097999572753906,0.01870039477944374,4.097999572753906,14.021214213222265,6.184371709823608,5045.561014383484,1.5806910991668701,0.000460800784,16,2048,,2260.0852761268616
adammini-lotus-r8,adammini,lotus,8,1.1B,sdpa,666,348,11436032,2.450620651245117,11.595541273467099,nan,nan,nan,nan,22.23591375350952,4.097999572753906,0.01870039477944374,4.097999572753906,14.021214213222265,6.180274248123169,5046.200658516033,1.585205078125,0.000460400792,16,2048,,2266.292270421982
adammini-lotus-r8,adammini,lotus,8,1.1B,sdpa,666,349,11468800,2.3805954456329346,10.811338512004989,nan,nan,nan,nan,22.23591375350952,4.097999572753906,0.01870039477944374,4.097999572753906,14.021214213222265,6.171217441558838,5046.857190228009,1.5998589992523193,0.00046000080000000007,16,2048,,2272.490481376648
adammini-lotus-r8,adammini,lotus,8,1.1B,sdpa,666,350,11501568,2.5667994022369385,13.024072843132949,2.5013300091823245,12.198707569268903,nan,nan,22.23591375350952,4.097999572753906,0.01870039477944374,4.097999572753906,14.021214213222265,6.178457975387573,5047.49347912369,1.7952994108200073,0.00045960080800000003,16,2048,,2291.942156791687
adammini-lotus-r8,adammini,lotus,8,1.1B,sdpa,666,351,11534336,2.4144256114959717,11.183344927619812,nan,nan,nan,nan,22.23591375350952,4.097999572753906,0.01870039477944374,4.097999572753906,14.021214213222265,6.172977685928345,5019.039909274181,1.7308450937271118,0.00045920081600000004,16,2048,,2298.1425080299377
adammini-lotus-r8,adammini,lotus,8,1.1B,sdpa,666,352,11567104,2.689626932144165,14.726181030741166,nan,nan,nan,nan,22.23591375350952,4.097999572753906,0.01870039477944374,4.097999572753906,14.021214213222265,6.16460919380188,5019.7747464627155,1.9879863262176514,0.000458800824,16,2048,,2304.3339416980743
adammini-lotus-r8,adammini,lotus,8,1.1B,sdpa,666,353,11599872,2.337437152862549,10.354665104160967,nan,nan,nan,nan,22.23591375350952,4.097999572753906,0.01870039477944374,4.097999572753906,14.021214213222265,6.163466453552246,5020.507993791172,1.6239904165267944,0.00045840083200000007,16,2048,,2310.5243425369263
adammini-lotus-r8,adammini,lotus,8,1.1B,sdpa,666,354,11632640,2.543872356414795,12.728866365632266,nan,nan,nan,nan,22.23591375350952,4.097999572753906,0.01870039477944374,4.097999572753906,14.021214213222265,6.170958757400513,5021.22077464811,1.6511754989624023,0.00045800084,16,2048,,2316.72226190567
adammini-lotus-r8,adammini,lotus,8,1.1B,sdpa,666,355,11665408,2.475435733795166,11.886885502550552,nan,nan,nan,nan,22.23591375350952,4.097999572753906,0.01870039477944374,4.097999572753906,14.021214213222265,6.1797075271606445,5021.9108629494785,1.7753256559371948,0.00045760084800000004,16,2048,,2322.928854227066
adammini-lotus-r8,adammini,lotus,8,1.1B,sdpa,666,356,11698176,2.4364125728607178,11.431955783774898,nan,nan,nan,nan,22.23591375350952,4.097999572753906,0.01870039477944374,4.097999572753906,14.021214213222265,6.169857501983643,5022.618715493513,1.6341462135314941,0.000457200856,16,2048,,2329.1256713867188
adammini-lotus-r8,adammini,lotus,8,1.1B,sdpa,666,357,11730944,2.3770415782928467,10.772984641815212,nan,nan,nan,nan,22.23591375350952,4.097999572753906,0.01870039477944374,4.097999572753906,14.021214213222265,6.158596754074097,5023.346768791588,1.8895626068115234,0.000456800864,16,2048,,2335.3111476898193
adammini-lotus-r8,adammini,lotus,8,1.1B,sdpa,666,358,11763712,2.414778232574463,11.187289106128699,nan,nan,nan,nan,22.23591375350952,4.097999572753906,0.01870039477944374,4.097999572753906,14.021214213222265,6.164561033248901,5024.058398441909,1.7661281824111938,0.000456400872,16,2048,,2341.5026009082794
adammini-lotus-r8,adammini,lotus,8,1.1B,sdpa,666,359,11796480,2.5028927326202393,12.217785678521347,nan,nan,nan,nan,22.23591375350952,4.097999572753906,0.01870039477944374,4.097999572753906,14.021214213222265,6.215763330459595,5024.6566211768895,2.210808277130127,0.00045600088000000003,16,2048,,2347.7452986240387
adammini-lotus-r8,adammini,lotus,8,1.1B,sdpa,666,360,11829248,2.598689556121826,13.446106117258939,nan,nan,nan,nan,22.23591375350952,4.097999572753906,0.01870039477944374,4.097999572753906,14.021214213222265,6.144987106323242,5025.402743076196,2.171910524368286,0.000455600888,16,2048,,2353.917106628418
adammini-lotus-r8,adammini,lotus,8,1.1B,sdpa,666,361,11862016,2.4181485176086426,11.22505706782421,nan,nan,nan,nan,22.23591375350952,4.097999572753906,0.01870039477944374,4.097999572753906,14.021214213222265,6.173437833786011,5026.084635731202,1.7675302028656006,0.00045520089600000006,16,2048,,2360.1174449920654
adammini-lotus-r8,adammini,lotus,8,1.1B,sdpa,666,362,11894784,2.366610527038574,10.661195141478723,nan,nan,nan,nan,22.23591375350952,4.097999572753906,0.01870039477944374,4.097999572753906,14.021214213222265,6.190060377120972,5026.727370584628,1.9616798162460327,0.000454800904,16,2048,,2366.3344032764435
adammini-lotus-r8,adammini,lotus,8,1.1B,sdpa,666,363,11927552,2.434749126434326,11.412955145433001,nan,nan,nan,nan,22.23591375350952,4.097999572753906,0.01870039477944374,4.097999572753906,14.021214213222265,6.167832851409912,5027.4138904742595,2.261141538619995,0.00045440091200000003,16,2048,,2372.5290670394897
adammini-lotus-r8,adammini,lotus,8,1.1B,sdpa,666,364,11960320,2.3575034141540527,10.56454321187906,nan,nan,nan,nan,22.23591375350952,4.097999572753906,0.01870039477944374,4.097999572753906,14.021214213222265,6.181258201599121,5028.068467324011,1.9331456422805786,0.00045400092000000004,16,2048,,2378.7373552322388
adammini-lotus-r8,adammini,lotus,8,1.1B,sdpa,666,365,11993088,2.402056932449341,11.045873645201121,nan,nan,nan,nan,22.23591375350952,4.097999572753906,0.01870039477944374,4.097999572753906,14.021214213222265,6.168141841888428,5028.747004416623,1.8243311643600464,0.000453600928,16,2048,,2384.9321637153625
adammini-lotus-r8,adammini,lotus,8,1.1B,sdpa,666,366,12025856,2.4790799617767334,11.930283050563988,nan,nan,nan,nan,22.23591375350952,4.097999572753906,0.01870039477944374,4.097999572753906,14.021214213222265,6.169832468032837,5029.4193901101435,1.7941279411315918,0.000453200936,16,2048,,2391.128705263138
adammini-lotus-r8,adammini,lotus,8,1.1B,sdpa,666,367,12058624,2.4025468826293945,11.051286898986483,nan,nan,nan,nan,22.23591375350952,4.097999572753906,0.01870039477944374,4.097999572753906,14.021214213222265,6.173720598220825,5030.079841062479,1.880153775215149,0.00045280094399999997,16,2048,,2397.329449892044
adammini-lotus-r8,adammini,lotus,8,1.1B,sdpa,666,368,12091392,2.3292555809020996,10.270293284183602,nan,nan,nan,nan,22.23591375350952,4.097999572753906,0.01870039477944374,4.097999572753906,14.021214213222265,6.180614233016968,5030.721894077764,1.6075043678283691,0.00045240095200000004,16,2048,,2403.536779165268
adammini-lotus-r8,adammini,lotus,8,1.1B,sdpa,666,369,12124160,2.21355938911438,9.148220587961278,nan,nan,nan,nan,22.23591375350952,4.097999572753906,0.01870039477944374,4.097999572753906,14.021214213222265,6.196644306182861,5031.327775255328,1.702502727508545,0.00045200096,16,2048,,2409.760249853134
adammini-lotus-r8,adammini,lotus,8,1.1B,sdpa,666,370,12156928,2.5154621601104736,12.372325453299364,nan,nan,nan,nan,22.23591375350952,4.097999572753906,0.01870039477944374,4.097999572753906,14.021214213222265,6.171047210693359,5031.983588728046,1.8605859279632568,0.000451600968,16,2048,,2415.958319425583
adammini-lotus-r8,adammini,lotus,8,1.1B,sdpa,666,371,12189696,2.299933433532715,9.973518530822428,nan,nan,nan,nan,22.23591375350952,4.097999572753906,0.01870039477944374,4.097999572753906,14.021214213222265,6.189527750015259,5032.597373912858,1.7300621271133423,0.00045120097599999997,16,2048,,2422.1742556095123
adammini-lotus-r8,adammini,lotus,8,1.1B,sdpa,666,372,12222464,2.415466785430908,11.194994798582435,nan,nan,nan,nan,22.23591375350952,4.097999572753906,0.01870039477944374,4.097999572753906,14.021214213222265,6.182779788970947,5033.222856363385,1.5833609104156494,0.000450800984,16,2048,,2428.3840494155884
adammini-lotus-r8,adammini,lotus,8,1.1B,sdpa,666,373,12255232,2.271561622619629,9.694528193883578,nan,nan,nan,nan,22.23591375350952,4.097999572753906,0.01870039477944374,4.097999572753906,14.021214213222265,6.176580905914307,5033.857278719556,1.7315804958343506,0.000450400992,16,2048,,2434.5873486995697
adammini-lotus-r8,adammini,lotus,8,1.1B,sdpa,666,374,12288000,2.482677459716797,11.973279512733164,nan,nan,nan,nan,22.23591375350952,4.097999572753906,0.01870039477944374,4.097999572753906,14.021214213222265,6.176876068115234,5034.488205196547,1.7225953340530396,0.000450001,16,2048,,2440.791079521179
adammini-lotus-r8,adammini,lotus,8,1.1B,sdpa,666,375,12320768,2.402362108230591,11.049245092736285,nan,nan,nan,nan,22.23591375350952,4.097999572753906,0.01870039477944374,4.097999572753906,14.021214213222265,6.173724174499512,5035.122156267199,1.7535961866378784,0.000449601008,16,2048,,2446.9913053512573
adammini-lotus-r8,adammini,lotus,8,1.1B,sdpa,666,376,12353536,2.445653200149536,11.538083815969038,nan,nan,nan,nan,22.23591375350952,4.097999572753906,0.01870039477944374,4.097999572753906,14.021214213222265,6.180593013763428,5035.739407995391,2.0831196308135986,0.00044920101600000003,16,2048,,2453.1988995075226
adammini-lotus-r8,adammini,lotus,8,1.1B,sdpa,666,377,12386304,2.4487080574035645,11.573384907456614,nan,nan,nan,nan,22.23591375350952,4.097999572753906,0.01870039477944374,4.097999572753906,14.021214213222265,6.162686109542847,5036.389440421654,1.857877254486084,0.000448801024,16,2048,,2459.38849568367
adammini-lotus-r8,adammini,lotus,8,1.1B,sdpa,666,378,12419072,2.32708477973938,10.248022700830557,nan,nan,nan,nan,22.23591375350952,4.097999572753906,0.01870039477944374,4.097999572753906,14.021214213222265,6.178967237472534,5037.003008434052,1.5312016010284424,0.00044840103200000005,16,2048,,2465.5941314697266
adammini-lotus-r8,adammini,lotus,8,1.1B,sdpa,666,379,12451840,2.555198907852173,12.873860114730777,nan,nan,nan,nan,22.23591375350952,4.097999572753906,0.01870039477944374,4.097999572753906,14.021214213222265,6.16740345954895,5037.637419880379,1.7439621686935425,0.00044800104,16,2048,,2471.788499355316
adammini-lotus-r8,adammini,lotus,8,1.1B,sdpa,666,380,12484608,2.7980244159698486,16.412191059603284,nan,nan,nan,nan,22.23591375350952,4.097999572753906,0.01870039477944374,4.097999572753906,14.021214213222265,6.1880669593811035,5038.226164879468,2.1910383701324463,0.000447601048,16,2048,,2478.0033490657806
adammini-lotus-r8,adammini,lotus,8,1.1B,sdpa,666,381,12517376,2.4510562419891357,11.60059328414237,nan,nan,nan,nan,22.23591375350952,4.097999572753906,0.01870039477944374,4.097999572753906,14.021214213222265,6.182476043701172,5038.823845986153,1.9828705787658691,0.000447201056,16,2048,,2484.212688446045
adammini-lotus-r8,adammini,lotus,8,1.1B,sdpa,666,382,12550144,2.4117820262908936,11.153819845655573,nan,nan,nan,nan,22.23591375350952,4.097999572753906,0.01870039477944374,4.097999572753906,14.021214213222265,6.175797939300537,5039.431680524054,1.5859830379486084,0.000446801064,16,2048,,2490.415313720703
adammini-lotus-r8,adammini,lotus,8,1.1B,sdpa,666,383,12582912,2.3439595699310303,10.422423281908856,nan,nan,nan,nan,22.23591375350952,4.097999572753906,0.01870039477944374,4.097999572753906,14.021214213222265,6.208050727844238,5039.971522403904,1.8138664960861206,0.000446401072,16,2048,,2496.650090456009
adammini-lotus-r8,adammini,lotus,8,1.1B,sdpa,666,384,12615680,2.429372787475586,11.351759880697326,nan,nan,nan,nan,22.23591375350952,4.097999572753906,0.01870039477944374,4.097999572753906,14.021214213222265,6.141351938247681,5040.643153301487,2.372652053833008,0.00044600108,16,2048,,2502.8184912204742
adammini-lotus-r8,adammini,lotus,8,1.1B,sdpa,666,385,12648448,2.434419631958008,11.409195259218997,nan,nan,nan,nan,22.23591375350952,4.097999572753906,0.01870039477944374,4.097999572753906,14.021214213222265,6.176921367645264,5041.239438038024,1.652654767036438,0.000445601088,16,2048,,2509.021995306015
adammini-lotus-r8,adammini,lotus,8,1.1B,sdpa,666,386,12681216,2.378411054611206,10.787748095953274,nan,nan,nan,nan,22.23591375350952,4.097999572753906,0.01870039477944374,4.097999572753906,14.021214213222265,6.1787755489349365,5041.829864927926,1.6061210632324219,0.000445201096,16,2048,,2515.2274742126465
adammini-lotus-r8,adammini,lotus,8,1.1B,sdpa,666,387,12713984,2.3817858695983887,10.824216251932668,nan,nan,nan,nan,22.23591375350952,4.097999572753906,0.01870039477944374,4.097999572753906,14.021214213222265,6.177948713302612,5042.418892794075,1.6222280263900757,0.00044480110399999995,16,2048,,2521.432340145111
adammini-lotus-r8,adammini,lotus,8,1.1B,sdpa,666,388,12746752,2.411539316177368,11.151113029273736,nan,nan,nan,nan,22.23591375350952,4.097999572753906,0.01870039477944374,4.097999572753906,14.021214213222265,6.238600730895996,5042.8837263869345,1.540841817855835,0.00044440111200000007,16,2048,,2527.6977570056915
adammini-lotus-r8,adammini,lotus,8,1.1B,sdpa,666,389,12779520,2.5090081691741943,12.29273170192104,nan,nan,nan,nan,22.23591375350952,4.097999572753906,0.01870039477944374,4.097999572753906,14.021214213222265,6.126639127731323,5043.569164697859,1.7059413194656372,0.00044400112000000003,16,2048,,2533.8513267040253
adammini-lotus-r8,adammini,lotus,8,1.1B,sdpa,666,390,12812288,2.556149959564209,12.88610964547869,nan,nan,nan,nan,22.23591375350952,4.097999572753906,0.01870039477944374,4.097999572753906,14.021214213222265,6.173196077346802,5044.158622892624,1.7857331037521362,0.00044360112800000004,16,2048,,2540.0515275001526
adammini-lotus-r8,adammini,lotus,8,1.1B,sdpa,666,391,12845056,2.484307050704956,11.99280696768676,nan,nan,nan,nan,22.23591375350952,4.097999572753906,0.01870039477944374,4.097999572753906,14.021214213222265,6.197482585906982,5044.6970186941235,1.6761565208435059,0.000443201136,16,2048,,2546.2756881713867
adammini-lotus-r8,adammini,lotus,8,1.1B,sdpa,666,392,12877824,2.4581682682037354,11.68339108876381,nan,nan,nan,nan,22.23591375350952,4.097999572753906,0.01870039477944374,4.097999572753906,14.021214213222265,6.191576242446899,5045.2448397113385,1.6480058431625366,0.000442801144,16,2048,,2552.494177341461
adammini-lotus-r8,adammini,lotus,8,1.1B,sdpa,666,393,12910592,2.2621731758117676,9.603937549739358,nan,nan,nan,nan,22.23591375350952,4.097999572753906,0.01870039477944374,4.097999572753906,14.021214213222265,6.1815571784973145,5045.809538691675,1.572896122932434,0.000442401152,16,2048,,2558.7027218341827
adammini-lotus-r8,adammini,lotus,8,1.1B,sdpa,666,394,12943360,2.1696083545684814,8.754854570420363,nan,nan,nan,nan,22.23591375350952,4.097999572753906,0.01870039477944374,4.097999572753906,14.021214213222265,6.161882400512695,5046.410091125672,1.6304885149002075,0.00044200116000000004,16,2048,,2564.8914210796356
adammini-lotus-r8,adammini,lotus,8,1.1B,sdpa,666,395,12976128,2.5027976036071777,12.216623467908802,nan,nan,nan,nan,22.23591375350952,4.097999572753906,0.01870039477944374,4.097999572753906,14.021214213222265,6.167266845703125,5046.997409640539,1.5371192693710327,0.000441601168,16,2048,,2571.085620880127
adammini-lotus-r8,adammini,lotus,8,1.1B,sdpa,666,396,13008896,2.349968433380127,10.485238735958047,nan,nan,nan,nan,22.23591375350952,4.097999572753906,0.01870039477944374,4.097999572753906,14.021214213222265,6.1665263175964355,5047.583227922216,1.5197696685791016,0.000441201176,16,2048,,2577.2789771556854
adammini-lotus-r8,adammini,lotus,8,1.1B,sdpa,666,397,13041664,2.2734732627868652,9.713078368361634,nan,nan,nan,nan,22.23591375350952,4.097999572753906,0.01870039477944374,4.097999572753906,14.021214213222265,6.194669723510742,5048.111361931815,1.6177152395248413,0.00044080118399999997,16,2048,,2583.500382423401
adammini-lotus-r8,adammini,lotus,8,1.1B,sdpa,666,398,13074432,2.6966195106506348,14.829515875149067,nan,nan,nan,nan,22.23591375350952,4.097999572753906,0.01870039477944374,4.097999572753906,14.021214213222265,6.1630425453186035,5048.698815543699,1.5959241390228271,0.00044040119200000003,16,2048,,2589.690158843994
adammini-lotus-r8,adammini,lotus,8,1.1B,sdpa,666,399,13107200,2.2699854373931885,9.679259857790962,nan,nan,nan,nan,22.23591375350952,4.097999572753906,0.01870039477944374,4.097999572753906,14.021214213222265,6.183572053909302,5049.243522749062,1.6380196809768677,0.0004400012,16,2048,,2595.900316953659
adammini-lotus-r8,adammini,lotus,8,1.1B,sdpa,666,400,13139968,2.4870195388793945,12.025381473773718,2.495819128648073,12.131666845559758,nan,nan,22.23591375350952,4.097999572753906,0.01870039477944374,4.097999572753906,14.021214213222265,6.190084218978882,5049.773058581375,1.7022011280059814,0.00043960120799999995,16,2048,,2615.360582590103
adammini-lotus-r8,adammini,lotus,8,1.1B,sdpa,666,401,13172736,2.4683661460876465,11.803146471898183,nan,nan,nan,nan,22.23591375350952,4.097999572753906,0.01870039477944374,4.097999572753906,14.021214213222265,6.189524173736572,5024.78721485551,1.5829370021820068,0.000439201216,16,2048,,2621.5778665542603
adammini-lotus-r8,adammini,lotus,8,1.1B,sdpa,666,402,13205504,2.349883556365967,10.484348817968709,nan,nan,nan,nan,22.23591375350952,4.097999572753906,0.01870039477944374,4.097999572753906,14.021214213222265,6.168379783630371,5025.410165084738,1.75343918800354,0.00043880122400000003,16,2048,,2627.7730033397675
adammini-lotus-r8,adammini,lotus,8,1.1B,sdpa,666,403,13238272,2.490516424179077,12.067506463675318,nan,nan,nan,nan,22.23591375350952,4.097999572753906,0.01870039477944374,4.097999572753906,14.021214213222265,6.177846193313599,5026.0127776881545,1.6002886295318604,0.00043840123200000004,16,2048,,2633.977665901184
adammini-lotus-r8,adammini,lotus,8,1.1B,sdpa,666,404,13271040,2.501486301422119,12.200614281595794,nan,nan,nan,nan,22.23591375350952,4.097999572753906,0.01870039477944374,4.097999572753906,14.021214213222265,6.181406021118164,5026.605716319952,1.5445061922073364,0.00043800124,16,2048,,2640.1858966350555
adammini-lotus-r8,adammini,lotus,8,1.1B,sdpa,666,405,13303808,2.417710065841675,11.220136500513052,nan,nan,nan,nan,22.23591375350952,4.097999572753906,0.01870039477944374,4.097999572753906,14.021214213222265,6.162245273590088,5027.232220475386,1.595665454864502,0.000437601248,16,2048,,2646.3750896453857
adammini-lotus-r8,adammini,lotus,8,1.1B,sdpa,666,406,13336576,2.451770544052124,11.60888257203239,nan,nan,nan,nan,22.23591375350952,4.097999572753906,0.01870039477944374,4.097999572753906,14.021214213222265,6.171523809432983,5027.8379814414175,1.7541989088058472,0.000437201256,16,2048,,2652.5734322071075
adammini-lotus-r8,adammini,lotus,8,1.1B,sdpa,666,407,13369344,2.4207892417907715,11.254738520485446,nan,nan,nan,nan,22.23591375350952,4.097999572753906,0.01870039477944374,4.097999572753906,14.021214213222265,6.18369460105896,5028.418164295533,1.6815699338912964,0.000436801264,16,2048,,2658.783992767334
adammini-lotus-r8,adammini,lotus,8,1.1B,sdpa,666,408,13402112,2.2247812747955322,9.25145905531905,nan,nan,nan,nan,22.23591375350952,4.097999572753906,0.01870039477944374,4.097999572753906,14.021214213222265,6.18914532661438,5028.985269811221,1.558050513267517,0.000436401272,16,2048,,2664.9999656677246
adammini-lotus-r8,adammini,lotus,8,1.1B,sdpa,666,409,13434880,2.3049068450927734,10.023244494522565,nan,nan,nan,nan,22.23591375350952,4.097999572753906,0.01870039477944374,4.097999572753906,14.021214213222265,6.174863576889038,5029.576761256852,1.4955545663833618,0.00043600128,16,2048,,2671.201815843582
adammini-lotus-r8,adammini,lotus,8,1.1B,sdpa,666,410,13467648,2.3432528972625732,10.415060642031024,nan,nan,nan,nan,22.23591375350952,4.097999572753906,0.01870039477944374,4.097999572753906,14.021214213222265,6.192249536514282,5030.132387676874,1.5438259840011597,0.00043560128799999997,16,2048,,2677.4211201667786
adammini-lotus-r8,adammini,lotus,8,1.1B,sdpa,666,411,13500416,2.339123249053955,10.37213879257643,nan,nan,nan,nan,22.23591375350952,4.097999572753906,0.01870039477944374,4.097999572753906,14.021214213222265,6.190826892852783,5030.688175367104,1.5826584100723267,0.00043520129600000003,16,2048,,2683.638794898987
adammini-lotus-r8,adammini,lotus,8,1.1B,sdpa,666,412,13533184,2.454028844833374,11.635128545110636,nan,nan,nan,nan,22.23591375350952,4.097999572753906,0.01870039477944374,4.097999572753906,14.021214213222265,6.17992639541626,5031.2620364002905,1.5343387126922607,0.000434801304,16,2048,,2689.845510482788
adammini-lotus-r8,adammini,lotus,8,1.1B,sdpa,666,413,13565952,2.373687744140625,10.736914358686334,nan,nan,nan,nan,22.23591375350952,4.097999572753906,0.01870039477944374,4.097999572753906,14.021214213222265,6.1736040115356445,5031.844899905648,1.5852845907211304,0.000434401312,16,2048,,2696.046156644821
adammini-lotus-r8,adammini,lotus,8,1.1B,sdpa,666,414,13598720,2.361281633377075,10.60453387129169,nan,nan,nan,nan,22.23591375350952,4.097999572753906,0.01870039477944374,4.097999572753906,14.021214213222265,6.167723178863525,5032.436123179687,1.8864221572875977,0.00043400132,16,2048,,2702.240776538849
adammini-lotus-r8,adammini,lotus,8,1.1B,sdpa,666,415,13631488,2.4433248043060303,11.511249841750134,nan,nan,nan,nan,22.23591375350952,4.097999572753906,0.01870039477944374,4.097999572753906,14.021214213222265,6.178475618362427,5033.004628063516,1.733546257019043,0.00043360132800000003,16,2048,,2708.4461159706116
adammini-lotus-r8,adammini,lotus,8,1.1B,sdpa,666,416,13664256,2.351353406906128,10.499770574804336,nan,nan,nan,nan,22.23591375350952,4.097999572753906,0.01870039477944374,4.097999572753906,14.021214213222265,6.178011894226074,5033.571505547284,1.7099640369415283,0.00043320133600000004,16,2048,,2714.6510734558105
adammini-lotus-r8,adammini,lotus,8,1.1B,sdpa,666,417,13697024,2.501857042312622,12.205138386782808,nan,nan,nan,nan,22.23591375350952,4.097999572753906,0.01870039477944374,4.097999572753906,14.021214213222265,6.179263353347778,5034.133335124666,1.5792285203933716,0.00043280134400000005,16,2048,,2720.8571355342865
adammini-lotus-r8,adammini,lotus,8,1.1B,sdpa,666,418,13729792,2.550405979156494,12.812304255424195,nan,nan,nan,nan,22.23591375350952,4.097999572753906,0.01870039477944374,4.097999572753906,14.021214213222265,6.159628629684448,5034.729091364838,2.2678120136260986,0.000432401352,16,2048,,2727.0432772636414
adammini-lotus-r8,adammini,lotus,8,1.1B,sdpa,666,419,13762560,2.3737950325012207,10.73806636642314,nan,nan,nan,nan,22.23591375350952,4.097999572753906,0.01870039477944374,4.097999572753906,14.021214213222265,6.172576427459717,5035.29885824767,1.9333724975585938,0.00043200136,16,2048,,2733.242849111557
adammini-lotus-r8,adammini,lotus,8,1.1B,sdpa,666,420,13795328,2.354494333267212,10.532801427570904,nan,nan,nan,nan,22.23591375350952,4.097999572753906,0.01870039477944374,4.097999572753906,14.021214213222265,6.179513216018677,5035.8524057537115,1.5587704181671143,0.000431601368,16,2048,,2739.449024915695
adammini-lotus-r8,adammini,lotus,8,1.1B,sdpa,666,421,13828096,2.309138536453247,10.065749642558773,nan,nan,nan,nan,22.23591375350952,4.097999572753906,0.01870039477944374,4.097999572753906,14.021214213222265,6.181178569793701,5036.400956521836,1.6633975505828857,0.00043120137600000005,16,2048,,2745.657112121582
adammini-lotus-r8,adammini,lotus,8,1.1B,sdpa,666,422,13860864,2.519819736480713,12.426356442924263,nan,nan,nan,nan,22.23591375350952,4.097999572753906,0.01870039477944374,4.097999572753906,14.021214213222265,6.18709659576416,5036.93572786669,1.7578896284103394,0.000430801384,16,2048,,2751.871233701706
adammini-lotus-r8,adammini,lotus,8,1.1B,sdpa,666,423,13893632,2.332061290740967,10.299149208845451,nan,nan,nan,nan,22.23591375350952,4.097999572753906,0.01870039477944374,4.097999572753906,14.021214213222265,6.171142101287842,5037.497167533217,1.5576081275939941,0.000430401392,16,2048,,2758.0692484378815
adammini-lotus-r8,adammini,lotus,8,1.1B,sdpa,666,424,13926400,2.444612503051758,11.52608241162435,nan,nan,nan,nan,22.23591375350952,4.097999572753906,0.01870039477944374,4.097999572753906,14.021214213222265,6.17817234992981,5038.043488737717,1.6289646625518799,0.0004300014,16,2048,,2764.27414560318
adammini-lotus-r8,adammini,lotus,8,1.1B,sdpa,666,425,13959168,2.986745834350586,19.821076363220037,nan,nan,nan,nan,22.23591375350952,4.097999572753906,0.01870039477944374,4.097999572753906,14.021214213222265,6.192960977554321,5038.560662973852,2.0841877460479736,0.000429601408,16,2048,,2770.493850708008
adammini-lotus-r8,adammini,lotus,8,1.1B,sdpa,666,426,13991936,2.655240774154663,14.228411480683963,nan,nan,nan,nan,22.23591375350952,4.097999572753906,0.01870039477944374,4.097999572753906,14.021214213222265,6.1791603565216064,5039.100581082541,1.7059478759765625,0.000429201416,16,2048,,2776.6999082565308
adammini-lotus-r8,adammini,lotus,8,1.1B,sdpa,666,427,14024704,2.445779323577881,11.539539130429132,nan,nan,nan,nan,22.23591375350952,4.097999572753906,0.01870039477944374,4.097999572753906,14.021214213222265,6.165688753128052,5039.662237998899,1.5515313148498535,0.00042880142400000007,16,2048,,2782.892362833023
adammini-lotus-r8,adammini,lotus,8,1.1B,sdpa,666,428,14057472,2.453303813934326,11.626695774779968,nan,nan,nan,nan,22.23591375350952,4.097999572753906,0.01870039477944374,4.097999572753906,14.021214213222265,6.174690246582031,5040.2052200686685,1.6041404008865356,0.00042840143200000003,16,2048,,2789.093959569931
adammini-lotus-r8,adammini,lotus,8,1.1B,sdpa,666,429,14090240,2.3720929622650146,10.719804968765828,nan,nan,nan,nan,22.23591375350952,4.097999572753906,0.01870039477944374,4.097999572753906,14.021214213222265,6.168058633804321,5040.757621902368,1.6195268630981445,0.00042800144000000004,16,2048,,2795.2889935970306
adammini-lotus-r8,adammini,lotus,8,1.1B,sdpa,666,430,14123008,2.4376752376556396,11.446399628828487,nan,nan,nan,nan,22.23591375350952,4.097999572753906,0.01870039477944374,4.097999572753906,14.021214213222265,6.1804633140563965,5041.285219958924,1.4837881326675415,0.000427601448,16,2048,,2801.496207714081
adammini-lotus-r8,adammini,lotus,8,1.1B,sdpa,666,431,14155776,2.2949140071868896,9.923582618807497,nan,nan,nan,nan,22.23591375350952,4.097999572753906,0.01870039477944374,4.097999572753906,14.021214213222265,6.186991930007935,5041.799171284481,1.627318263053894,0.00042720145600000007,16,2048,,2807.7102661132812
adammini-lotus-r8,adammini,lotus,8,1.1B,sdpa,666,432,14188544,2.551055431365967,12.820627937355557,nan,nan,nan,nan,22.23591375350952,4.097999572753906,0.01870039477944374,4.097999572753906,14.021214213222265,6.177804708480835,5042.326413817176,1.561056137084961,0.000426801464,16,2048,,2813.9148116111755
adammini-lotus-r8,adammini,lotus,8,1.1B,sdpa,666,433,14221312,2.3188397884368896,10.163875217124254,nan,nan,nan,nan,22.23591375350952,4.097999572753906,0.01870039477944374,4.097999572753906,14.021214213222265,6.205089330673218,5042.8035263815345,1.5928395986557007,0.00042640147200000004,16,2048,,2820.1468205451965
adammini-lotus-r8,adammini,lotus,8,1.1B,sdpa,666,434,14254080,2.4010848999023438,11.035141913149374,nan,nan,nan,nan,22.23591375350952,4.097999572753906,0.01870039477944374,4.097999572753906,14.021214213222265,6.195246696472168,5043.295666649454,1.5322774648666382,0.00042600148,16,2048,,2826.3687241077423
adammini-lotus-r8,adammini,lotus,8,1.1B,sdpa,666,435,14286848,2.2857253551483154,9.832815921574502,nan,nan,nan,nan,22.23591375350952,4.097999572753906,0.01870039477944374,4.097999572753906,14.021214213222265,6.176971435546875,5043.818466073382,1.5403388738632202,0.00042560148799999995,16,2048,,2832.5726039409637
adammini-lotus-r8,adammini,lotus,8,1.1B,sdpa,666,436,14319616,2.540537118911743,12.68648329125628,nan,nan,nan,nan,22.23591375350952,4.097999572753906,0.01870039477944374,4.097999572753906,14.021214213222265,6.188018798828125,5044.319059651399,1.5088865756988525,0.000425201496,16,2048,,2838.7875583171844
adammini-lotus-r8,adammini,lotus,8,1.1B,sdpa,666,437,14352384,2.446772575378418,11.55100649249405,nan,nan,nan,nan,22.23591375350952,4.097999572753906,0.01870039477944374,4.097999572753906,14.021214213222265,6.16907811164856,5044.851097905629,1.6413874626159668,0.000424801504,16,2048,,2844.9833743572235
adammini-lotus-r8,adammini,lotus,8,1.1B,sdpa,666,438,14385152,2.397676706314087,10.997596031395933,nan,nan,nan,nan,22.23591375350952,4.097999572753906,0.01870039477944374,4.097999572753906,14.021214213222265,6.174640893936157,5045.3712790583995,1.694901466369629,0.000424401512,16,2048,,2851.18488407135
adammini-lotus-r8,adammini,lotus,8,1.1B,sdpa,666,439,14417920,2.4564976692199707,11.663889122002594,nan,nan,nan,nan,22.23591375350952,4.097999572753906,0.01870039477944374,4.097999572753906,14.021214213222265,6.178264617919922,5045.882474256841,1.7096974849700928,0.00042400151999999995,16,2048,,2857.389836549759
adammini-lotus-r8,adammini,lotus,8,1.1B,sdpa,666,440,14450688,2.4355528354644775,11.422131527620756,nan,nan,nan,nan,22.23591375350952,4.097999572753906,0.01870039477944374,4.097999572753906,14.021214213222265,6.184725761413574,5046.380432003499,1.5002769231796265,0.000423601528,16,2048,,2863.601285457611
adammini-lotus-r8,adammini,lotus,8,1.1B,sdpa,666,441,14483456,2.530104160308838,12.554813781845606,nan,nan,nan,nan,22.23591375350952,4.097999572753906,0.01870039477944374,4.097999572753906,14.021214213222265,6.167931318283081,5046.905802170001,1.5225263833999634,0.00042320153600000003,16,2048,,2869.796062231064
adammini-lotus-r8,adammini,lotus,8,1.1B,sdpa,666,442,14516224,2.2612597942352295,9.595169495018599,nan,nan,nan,nan,22.23591375350952,4.097999572753906,0.01870039477944374,4.097999572753906,14.021214213222265,6.180516958236694,5047.406405013209,1.486254096031189,0.00042280154400000004,16,2048,,2876.0033872127533
adammini-lotus-r8,adammini,lotus,8,1.1B,sdpa,666,443,14548992,2.3255624771118164,10.23243397733357,nan,nan,nan,nan,22.23591375350952,4.097999572753906,0.01870039477944374,4.097999572753906,14.021214213222265,6.186513900756836,5047.894425666496,1.5065572261810303,0.000422401552,16,2048,,2882.21666932106
adammini-lotus-r8,adammini,lotus,8,1.1B,sdpa,666,444,14581760,2.821373462677002,16.799908881545953,nan,nan,nan,nan,22.23591375350952,4.097999572753906,0.01870039477944374,4.097999572753906,14.021214213222265,6.1869165897369385,5048.379805406525,1.9571480751037598,0.00042200156,16,2048,,2888.430515527725
adammini-lotus-r8,adammini,lotus,8,1.1B,sdpa,666,445,14614528,2.7310385704040527,15.348819574682572,nan,nan,nan,nan,22.23591375350952,4.097999572753906,0.01870039477944374,4.097999572753906,14.021214213222265,6.1899333000183105,5048.8576689659285,1.6748557090759277,0.00042160156799999997,16,2048,,2894.6473758220673
adammini-lotus-r8,adammini,lotus,8,1.1B,sdpa,666,446,14647296,2.2963500022888184,9.937843071361181,nan,nan,nan,nan,22.23591375350952,4.097999572753906,0.01870039477944374,4.097999572753906,14.021214213222265,6.164165496826172,5049.378193335327,1.632720947265625,0.00042120157600000004,16,2048,,2900.838384628296
adammini-lotus-r8,adammini,lotus,8,1.1B,sdpa,666,447,14680064,2.626370668411255,13.823508653308428,nan,nan,nan,nan,22.23591375350952,4.097999572753906,0.01870039477944374,4.097999572753906,14.021214213222265,6.163153886795044,5049.8984206440355,1.7893754243850708,0.000420801584,16,2048,,2907.028234243393
adammini-lotus-r8,adammini,lotus,8,1.1B,sdpa,666,448,14712832,2.3304481506347656,10.282548631325469,nan,nan,nan,nan,22.23591375350952,4.097999572753906,0.01870039477944374,4.097999572753906,14.021214213222265,6.177933931350708,5050.391126550485,1.4556559324264526,0.000420401592,16,2048,,2913.2330524921417
adammini-lotus-r8,adammini,lotus,8,1.1B,sdpa,666,449,14745600,2.1874499320983887,8.912456742020426,nan,nan,nan,nan,22.23591375350952,4.097999572753906,0.01870039477944374,4.097999572753906,14.021214213222265,6.190149784088135,5050.860267808715,1.4736748933792114,0.00042000159999999997,16,2048,,2919.4499566555023
adammini-lotus-r8,adammini,lotus,8,1.1B,sdpa,666,450,14778368,2.6464860439300537,14.104389259333098,2.4928852339494774,12.096125974596763,nan,nan,22.23591375350952,4.097999572753906,0.01870039477944374,4.097999572753906,14.021214213222265,6.177682161331177,5051.349159302544,1.7825028896331787,0.000419601608,16,2048,,2938.7380385398865
adammini-lotus-r8,adammini,lotus,8,1.1B,sdpa,666,451,14811136,2.385521650314331,10.864728776108866,nan,nan,nan,nan,22.23591375350952,4.097999572753906,0.01870039477944374,4.097999572753906,14.021214213222265,6.173907279968262,5029.397048028707,1.6252678632736206,0.000419201616,16,2048,,2944.9394686222076
adammini-lotus-r8,adammini,lotus,8,1.1B,sdpa,666,452,14843904,2.3627405166625977,10.620015939026269,nan,nan,nan,nan,22.23591375350952,4.097999572753906,0.01870039477944374,4.097999572753906,14.021214213222265,6.179143905639648,5029.924143673786,1.5268865823745728,0.000418801624,16,2048,,2951.145473718643
adammini-lotus-r8,adammini,lotus,8,1.1B,sdpa,666,453,14876672,2.180386781692505,8.84972850981742,nan,nan,nan,nan,22.23591375350952,4.097999572753906,0.01870039477944374,4.097999572753906,14.021214213222265,6.179333925247192,5030.4486336898835,1.622475028038025,0.000418401632,16,2048,,2957.351677417755
adammini-lotus-r8,adammini,lotus,8,1.1B,sdpa,666,454,14909440,2.4061217308044434,11.090864271189288,nan,nan,nan,nan,22.23591375350952,4.097999572753906,0.01870039477944374,4.097999572753906,14.021214213222265,6.1822192668914795,5030.966196263018,1.489058494567871,0.00041800164000000003,16,2048,,2963.5606524944305
adammini-lotus-r8,adammini,lotus,8,1.1B,sdpa,666,455,14942208,2.5107662677764893,12.314362545350791,nan,nan,nan,nan,22.23591375350952,4.097999572753906,0.01870039477944374,4.097999572753906,14.021214213222265,6.161875009536743,5031.516043297429,1.6001466512680054,0.000417601648,16,2048,,2969.7495300769806
adammini-lotus-r8,adammini,lotus,8,1.1B,sdpa,666,456,14974976,2.290485143661499,9.879729606889109,nan,nan,nan,nan,22.23591375350952,4.097999572753906,0.01870039477944374,4.097999572753906,14.021214213222265,6.16134786605835,5032.0642141842745,1.5370559692382812,0.00041720165600000005,16,2048,,2975.9377398490906
adammini-lotus-r8,adammini,lotus,8,1.1B,sdpa,666,457,15007744,2.26133131980896,9.595855819566358,nan,nan,nan,nan,22.23591375350952,4.097999572753906,0.01870039477944374,4.097999572753906,14.021214213222265,6.1759889125823975,5032.5856431965285,1.7362260818481445,0.000416801664,16,2048,,2982.1405489444733
adammini-lotus-r8,adammini,lotus,8,1.1B,sdpa,666,458,15040512,2.3937690258026123,10.954704796910496,nan,nan,nan,nan,22.23591375350952,4.097999572753906,0.01870039477944374,4.097999572753906,14.021214213222265,6.1723902225494385,5033.110942995123,1.632889986038208,0.000416401672,16,2048,,2988.339772462845
adammini-lotus-r8,adammini,lotus,8,1.1B,sdpa,666,459,15073280,2.399430751800537,11.016903242990113,nan,nan,nan,nan,22.23591375350952,4.097999572753906,0.01870039477944374,4.097999572753906,14.021214213222265,6.184746265411377,5033.613371742238,1.5438069105148315,0.00041600168,16,2048,,2994.5513944625854
adammini-lotus-r8,adammini,lotus,8,1.1B,sdpa,666,460,15106048,2.365736722946167,10.65188341443923,nan,nan,nan,nan,22.23591375350952,4.097999572753906,0.01870039477944374,4.097999572753906,14.021214213222265,6.172533273696899,5034.13410454537,1.5650787353515625,0.000415601688,16,2048,,3000.7506997585297
adammini-lotus-r8,adammini,lotus,8,1.1B,sdpa,666,461,15138816,2.3010787963867188,9.984948372880087,nan,nan,nan,nan,22.23591375350952,4.097999572753906,0.01870039477944374,4.097999572753906,14.021214213222265,6.184107303619385,5034.633523975958,1.446362018585205,0.000415201696,16,2048,,3006.961523771286
adammini-lotus-r8,adammini,lotus,8,1.1B,sdpa,666,462,15171584,2.6054439544677734,13.537233884344886,nan,nan,nan,nan,22.23591375350952,4.097999572753906,0.01870039477944374,4.097999572753906,14.021214213222265,6.1808013916015625,5035.136441980412,1.5726876258850098,0.000414801704,16,2048,,3013.1690633296967
adammini-lotus-r8,adammini,lotus,8,1.1B,sdpa,666,463,15204352,2.35212779045105,10.507904573373766,nan,nan,nan,nan,22.23591375350952,4.097999572753906,0.01870039477944374,4.097999572753906,14.021214213222265,6.177468776702881,5035.642690722891,1.542380928993225,0.000414401712,16,2048,,3019.373408317566
adammini-lotus-r8,adammini,lotus,8,1.1B,sdpa,666,464,15237120,2.399698257446289,11.019850721022246,nan,nan,nan,nan,22.23591375350952,4.097999572753906,0.01870039477944374,4.097999572753906,14.021214213222265,6.171909809112549,5036.156051254117,1.7198933362960815,0.00041400172000000005,16,2048,,3025.5722572803497
adammini-lotus-r8,adammini,lotus,8,1.1B,sdpa,666,465,15269888,2.1630043983459473,8.6972283839428,nan,nan,nan,nan,22.23591375350952,4.097999572753906,0.01870039477944374,4.097999572753906,14.021214213222265,6.177893161773682,5036.657347391041,1.5612428188323975,0.00041360172799999995,16,2048,,3031.7770404815674
adammini-lotus-r8,adammini,lotus,8,1.1B,sdpa,666,466,15302656,2.4611103534698486,11.717815236101746,nan,nan,nan,nan,22.23591375350952,4.097999572753906,0.01870039477944374,4.097999572753906,14.021214213222265,6.182302951812744,5037.1492496735455,1.4177128076553345,0.000413201736,16,2048,,3037.986004114151
adammini-lotus-r8,adammini,lotus,8,1.1B,sdpa,666,467,15335424,2.3725314140319824,10.72450611673394,nan,nan,nan,nan,22.23591375350952,4.097999572753906,0.01870039477944374,4.097999572753906,14.021214213222265,6.178941488265991,5037.645121097942,1.5025644302368164,0.00041280174400000003,16,2048,,3044.1918675899506
adammini-lotus-r8,adammini,lotus,8,1.1B,sdpa,666,468,15368192,2.2603237628936768,9.586192317758838,nan,nan,nan,nan,22.23591375350952,4.097999572753906,0.01870039477944374,4.097999572753906,14.021214213222265,6.171077489852905,5038.151516198658,1.6193493604660034,0.00041240175200000004,16,2048,,3050.3896572589874
adammini-lotus-r8,adammini,lotus,8,1.1B,sdpa,666,469,15400960,2.423039436340332,11.280092386628663,nan,nan,nan,nan,22.23591375350952,4.097999572753906,0.01870039477944374,4.097999572753906,14.021214213222265,6.172680377960205,5038.653490398953,1.9211572408676147,0.00041200176000000005,16,2048,,3056.5891575813293
adammini-lotus-r8,adammini,lotus,8,1.1B,sdpa,666,470,15433728,2.492361068725586,12.08978726742713,nan,nan,nan,nan,22.23591375350952,4.097999572753906,0.01870039477944374,4.097999572753906,14.021214213222265,6.1693501472473145,5039.158868550656,1.5895639657974243,0.000411601768,16,2048,,3062.7851758003235
adammini-lotus-r8,adammini,lotus,8,1.1B,sdpa,666,471,15466496,2.4222543239593506,11.271239722060319,nan,nan,nan,nan,22.23591375350952,4.097999572753906,0.01870039477944374,4.097999572753906,14.021214213222265,6.187849044799805,5039.6319548253705,1.5670756101608276,0.000411201776,16,2048,,3068.999856710434
adammini-lotus-r8,adammini,lotus,8,1.1B,sdpa,666,472,15499264,2.4910354614257812,12.073771574777165,nan,nan,nan,nan,22.23591375350952,4.097999572753906,0.01870039477944374,4.097999572753906,14.021214213222265,6.184640169143677,5040.108126418376,1.5243487358093262,0.00041080178400000004,16,2048,,3075.2114129066467
adammini-lotus-r8,adammini,lotus,8,1.1B,sdpa,666,473,15532032,2.587172269821167,13.292131848372586,nan,nan,nan,nan,22.23591375350952,4.097999572753906,0.01870039477944374,4.097999572753906,14.021214213222265,6.185981512069702,5040.580181357989,1.5574549436569214,0.000410401792,16,2048,,3081.4243290424347
adammini-lotus-r8,adammini,lotus,8,1.1B,sdpa,666,474,15564800,2.7051215171813965,14.956134007355367,nan,nan,nan,nan,22.23591375350952,4.097999572753906,0.01870039477944374,4.097999572753906,14.021214213222265,6.168032646179199,5041.079519097364,2.144613742828369,0.00041000180000000006,16,2048,,3087.619220495224
adammini-lotus-r8,adammini,lotus,8,1.1B,sdpa,666,475,15597568,2.3416073322296143,10.397936076080097,nan,nan,nan,nan,22.23591375350952,4.097999572753906,0.01870039477944374,4.097999572753906,14.021214213222265,6.169384002685547,5041.574797542326,1.5628596544265747,0.000409601808,16,2048,,3093.815407514572
adammini-lotus-r8,adammini,lotus,8,1.1B,sdpa,666,476,15630336,2.467456340789795,11.792412790227354,nan,nan,nan,nan,22.23591375350952,4.097999572753906,0.01870039477944374,4.097999572753906,14.021214213222265,6.180837631225586,5042.049543414941,1.6647967100143433,0.000409201816,16,2048,,3100.023025035858
adammini-lotus-r8,adammini,lotus,8,1.1B,sdpa,666,477,15663104,2.4730889797210693,11.859022612032376,nan,nan,nan,nan,22.23591375350952,4.097999572753906,0.01870039477944374,4.097999572753906,14.021214213222265,6.185261011123657,5042.515225304294,1.5855528116226196,0.000408801824,16,2048,,3106.235023021698
adammini-lotus-r8,adammini,lotus,8,1.1B,sdpa,666,478,15695872,2.495958089828491,12.133352793442997,nan,nan,nan,nan,22.23591375350952,4.097999572753906,0.01870039477944374,4.097999572753906,14.021214213222265,6.1793153285980225,5042.988810594015,1.694834589958191,0.00040840183199999995,16,2048,,3112.4409790039062
adammini-lotus-r8,adammini,lotus,8,1.1B,sdpa,666,479,15728640,2.48364520072937,11.984872154805498,nan,nan,nan,nan,22.23591375350952,4.097999572753906,0.01870039477944374,4.097999572753906,14.021214213222265,6.174567461013794,5043.468181614687,1.6828112602233887,0.00040800184,16,2048,,3118.6425461769104
adammini-lotus-r8,adammini,lotus,8,1.1B,sdpa,666,480,15761408,2.362520694732666,10.617681683196357,nan,nan,nan,nan,22.23591375350952,4.097999572753906,0.01870039477944374,4.097999572753906,14.021214213222265,6.172317028045654,5043.948980820606,1.6208250522613525,0.00040760184800000003,16,2048,,3124.841884613037
adammini-lotus-r8,adammini,lotus,8,1.1B,sdpa,666,481,15794176,2.416780948638916,11.209716520114238,nan,nan,nan,nan,22.23591375350952,4.097999572753906,0.01870039477944374,4.097999572753906,14.021214213222265,6.195335626602173,5044.3905380068345,1.8278557062149048,0.00040720185600000004,16,2048,,3131.0641915798187
adammini-lotus-r8,adammini,lotus,8,1.1B,sdpa,666,482,15826944,2.4488325119018555,11.574825356902148,nan,nan,nan,nan,22.23591375350952,4.097999572753906,0.01870039477944374,4.097999572753906,14.021214213222265,6.155389785766602,5044.8947398739565,1.796507477760315,0.000406801864,16,2048,,3137.2462742328644
adammini-lotus-r8,adammini,lotus,8,1.1B,sdpa,666,483,15859712,2.5256123542785645,12.498546459146656,nan,nan,nan,nan,22.23591375350952,4.097999572753906,0.01870039477944374,4.097999572753906,14.021214213222265,6.183836936950684,5045.351770873193,1.6849044561386108,0.000406401872,16,2048,,3143.4570393562317
adammini-lotus-r8,adammini,lotus,8,1.1B,sdpa,666,484,15892480,2.476719379425049,11.902153848655166,nan,nan,nan,nan,22.23591375350952,4.097999572753906,0.01870039477944374,4.097999572753906,14.021214213222265,6.1825690269470215,5045.808625867367,1.7290599346160889,0.00040600188,16,2048,,3149.6665422916412
adammini-lotus-r8,adammini,lotus,8,1.1B,sdpa,666,485,15925248,2.425694704055786,11.310083851833767,nan,nan,nan,nan,22.23591375350952,4.097999572753906,0.01870039477944374,4.097999572753906,14.021214213222265,6.184701204299927,5046.260225226291,1.8131035566329956,0.00040560188800000004,16,2048,,3155.8781838417053
adammini-lotus-r8,adammini,lotus,8,1.1B,sdpa,666,486,15958016,2.358072280883789,10.570554738743859,nan,nan,nan,nan,22.23591375350952,4.097999572753906,0.01870039477944374,4.097999572753906,14.021214213222265,6.171907186508179,5046.73049195071,1.6605974435806274,0.000405201896,16,2048,,3162.0771296024323
adammini-lotus-r8,adammini,lotus,8,1.1B,sdpa,666,487,15990784,2.495894193649292,12.132577543326644,nan,nan,nan,nan,22.23591375350952,4.097999572753906,0.01870039477944374,4.097999572753906,14.021214213222265,6.1803834438323975,5047.185296093046,1.5793750286102295,0.000404801904,16,2048,,3168.2843923568726
adammini-lotus-r8,adammini,lotus,8,1.1B,sdpa,666,488,16023552,2.35455584526062,10.53344934110991,nan,nan,nan,nan,22.23591375350952,4.097999572753906,0.01870039477944374,4.097999572753906,14.021214213222265,6.1918768882751465,5047.620129979917,1.5884521007537842,0.00040440191199999997,16,2048,,3174.5030143260956
adammini-lotus-r8,adammini,lotus,8,1.1B,sdpa,666,489,16056320,2.3434195518493652,10.416796504299423,nan,nan,nan,nan,22.23591375350952,4.097999572753906,0.01870039477944374,4.097999572753906,14.021214213222265,6.171778917312622,5048.085483413456,1.5005428791046143,0.00040400192000000003,16,2048,,3180.701680421829
adammini-lotus-r8,adammini,lotus,8,1.1B,sdpa,666,490,16089088,2.4824764728546143,11.97087328267228,nan,nan,nan,nan,22.23591375350952,4.097999572753906,0.01870039477944374,4.097999572753906,14.021214213222265,6.184447288513184,5048.528873227887,1.785730242729187,0.000403601928,16,2048,,3186.9131696224213
adammini-lotus-r8,adammini,lotus,8,1.1B,sdpa,666,491,16121856,2.394284248352051,10.96035036208066,nan,nan,nan,nan,22.23591375350952,4.097999572753906,0.01870039477944374,4.097999572753906,14.021214213222265,6.159870147705078,5049.009083782659,1.6330970525741577,0.000403201936,16,2048,,3193.099855899811
adammini-lotus-r8,adammini,lotus,8,1.1B,sdpa,666,492,16154624,2.3966000080108643,10.985761310764525,nan,nan,nan,nan,22.23591375350952,4.097999572753906,0.01870039477944374,4.097999572753906,14.021214213222265,6.178405046463013,5049.458447931278,1.5708069801330566,0.00040280194399999996,16,2048,,3199.304850101471
adammini-lotus-r8,adammini,lotus,8,1.1B,sdpa,666,493,16187392,2.3017003536224365,9.991156518948705,nan,nan,nan,nan,22.23591375350952,4.097999572753906,0.01870039477944374,4.097999572753906,14.021214213222265,6.185322523117065,5049.895588097916,1.5534824132919312,0.00040240195200000003,16,2048,,3205.5168220996857
adammini-lotus-r8,adammini,lotus,8,1.1B,sdpa,666,494,16220160,2.3197031021118164,10.172653618301117,nan,nan,nan,nan,22.23591375350952,4.097999572753906,0.01870039477944374,4.097999572753906,14.021214213222265,6.194479942321777,5050.3165017635565,1.672401785850525,0.00040200196000000004,16,2048,,3211.738075733185
adammini-lotus-r8,adammini,lotus,8,1.1B,sdpa,666,495,16252928,2.2749061584472656,9.727006172366712,nan,nan,nan,nan,22.23591375350952,4.097999572753906,0.01870039477944374,4.097999572753906,14.021214213222265,6.171591758728027,5050.771566988907,1.474961757659912,0.00040160196800000005,16,2048,,3217.936276435852
adammini-lotus-r8,adammini,lotus,8,1.1B,sdpa,666,496,16285696,2.3442325592041016,10.425268880055437,nan,nan,nan,nan,22.23591375350952,4.097999572753906,0.01870039477944374,4.097999572753906,14.021214213222265,6.18512487411499,5051.203813906984,1.6369096040725708,0.000401201976,16,2048,,3224.148288011551
adammini-lotus-r8,adammini,lotus,8,1.1B,sdpa,666,497,16318464,2.4467153549194336,11.5503455575105,nan,nan,nan,nan,22.23591375350952,4.097999572753906,0.01870039477944374,4.097999572753906,14.021214213222265,6.180010080337524,5051.6421073281745,1.663418173789978,0.000400801984,16,2048,,3230.355302095413
adammini-lotus-r8,adammini,lotus,8,1.1B,sdpa,666,498,16351232,2.440237522125244,11.475766167476593,nan,nan,nan,nan,22.23591375350952,4.097999572753906,0.01870039477944374,4.097999572753906,14.021214213222265,6.221450090408325,5052.013864162217,1.8142585754394531,0.000400401992,16,2048,,3236.5793147087097
adammini-lotus-r8,adammini,lotus,8,1.1B,sdpa,666,499,16384000,2.308436393737793,10.058684530420438,nan,nan,nan,nan,22.23591375350952,4.097999572753906,0.01870039477944374,4.097999572753906,14.021214213222265,6.429577112197876,5052.097967350363,1.4332517385482788,0.00040000200000000005,16,2048,,3243.0123751163483
adammini-lotus-r8,adammini,lotus,8,1.1B,sdpa,666,0,32768,2.5204966068267822,12.434770322341665,nan,nan,nan,nan,22.17638635635376,4.097999572753906,0.01870039477944374,4.097999572753906,13.961686816066504,15.180944919586182,2158.4449735411013,2.5158324241638184,2e-06,16,2048,,15.183876514434814
adammini-lotus-r8,adammini,lotus,8,1.1B,sdpa,666,1,65536,2.550102472305298,12.808416223355094,nan,nan,nan,nan,22.23591375350952,4.097999572753906,0.01870039477944374,4.097999572753906,14.021214213222265,6.112016677856445,3077.372607570318,3.142854928970337,4e-06,16,2048,,21.32290506362915
adammini-lotus-r8,adammini,lotus,8,1.1B,sdpa,666,2,98304,2.6485157012939453,14.133045408100744,nan,nan,nan,nan,22.23591375350952,4.097999572753906,0.01870039477944374,4.097999572753906,14.021214213222265,6.132925271987915,3580.4106145012474,2.295527696609497,6e-06,16,2048,,27.48269748687744
adammini-lotus-r8,adammini,lotus,8,1.1B,sdpa,666,3,131072,2.3559019565582275,10.547638083941747,nan,nan,nan,nan,22.23591375350952,4.097999572753906,0.01870039477944374,4.097999572753906,14.021214213222265,6.128048419952393,3899.661614302668,2.11037540435791,8e-06,16,2048,,33.63788628578186
adammini-lotus-r8,adammini,lotus,8,1.1B,sdpa,666,4,163840,2.5085554122924805,12.28716734279393,nan,nan,nan,nan,22.23591375350952,4.097999572753906,0.01870039477944374,4.097999572753906,14.021214213222265,6.150867462158203,4117.719074734048,2.2388532161712646,1e-05,16,2048,,39.815943241119385
adammini-lotus-r8,adammini,lotus,8,1.1B,sdpa,666,5,196608,2.3420093059539795,10.402116613347085,nan,nan,nan,nan,22.23591375350952,4.097999572753906,0.01870039477944374,4.097999572753906,14.021214213222265,6.146172761917114,4277.587280645932,1.7148914337158203,1.2e-05,16,2048,,45.988945722579956
adammini-lotus-r8,adammini,lotus,8,1.1B,sdpa,666,6,229376,2.299226760864258,9.966473007600898,nan,nan,nan,nan,22.23591375350952,4.097999572753906,0.01870039477944374,4.097999572753906,14.021214213222265,6.1491858959198,4399.357730876973,2.0756282806396484,1.4e-05,16,2048,,52.16534733772278
adammini-lotus-r8,adammini,lotus,8,1.1B,sdpa,666,7,262144,2.4889345169067383,12.048431878531648,nan,nan,nan,nan,22.23591375350952,4.097999572753906,0.01870039477944374,4.097999572753906,14.021214213222265,6.1618547439575195,4494.34811259793,1.8866873979568481,1.6e-05,16,2048,,58.35412526130676
adammini-lotus-r8,adammini,lotus,8,1.1B,sdpa,666,8,294912,2.5947964191436768,13.39386035027405,nan,nan,nan,nan,22.23591375350952,4.097999572753906,0.01870039477944374,4.097999572753906,14.021214213222265,6.165042161941528,4570.89781125768,2.0335185527801514,1.8e-05,16,2048,,64.54645109176636
adammini-lotus-r8,adammini,lotus,8,1.1B,sdpa,666,9,327680,2.367459774017334,10.67025297486702,nan,nan,nan,nan,22.23591375350952,4.097999572753906,0.01870039477944374,4.097999572753906,14.021214213222265,6.1633899211883545,4634.129471374717,1.8035517930984497,2e-05,16,2048,,70.73714423179626
adammini-lotus-r8,adammini,lotus,8,1.1B,sdpa,666,10,360448,2.4603068828582764,11.708404097220752,nan,nan,nan,nan,22.23591375350952,4.097999572753906,0.01870039477944374,4.097999572753906,14.021214213222265,6.147263526916504,4688.165915648609,1.5978902578353882,2.2e-05,16,2048,,76.9118001461029
adammini-lotus-r8,adammini,lotus,8,1.1B,sdpa,666,11,393216,2.021005153656006,7.545905917917896,nan,nan,nan,nan,22.23591375350952,4.097999572753906,0.01870039477944374,4.097999572753906,14.021214213222265,6.149060010910034,4734.058889175313,1.873153805732727,2.4e-05,16,2048,,83.08775115013123
adammini-lotus-r8,adammini,lotus,8,1.1B,sdpa,666,12,425984,2.2763192653656006,9.740761188448849,nan,nan,nan,nan,22.23591375350952,4.097999572753906,0.01870039477944374,4.097999572753906,14.021214213222265,6.1637609004974365,4772.8308922560245,1.7166681289672852,2.6e-05,16,2048,,89.27880024909973
adammini-lotus-r8,adammini,lotus,8,1.1B,sdpa,666,13,458752,2.548785924911499,12.791564431882714,nan,nan,nan,nan,22.23591375350952,4.097999572753906,0.01870039477944374,4.097999572753906,14.021214213222265,6.159968137741089,4806.752466965529,1.7420850992202759,2.8e-05,16,2048,,95.46602177619934
adammini-lotus-r8,adammini,lotus,8,1.1B,sdpa,666,14,491520,2.3586196899414062,10.576342740209565,nan,nan,nan,nan,22.23591375350952,4.097999572753906,0.01870039477944374,4.097999572753906,14.021214213222265,6.1652586460113525,4836.294494432888,1.6834710836410522,3e-05,16,2048,,101.65866899490356
adammini-lotus-r8,adammini,lotus,8,1.1B,sdpa,666,15,524288,2.4872934818267822,12.028676193480115,nan,nan,nan,nan,22.23591375350952,4.097999572753906,0.01870039477944374,4.097999572753906,14.021214213222265,6.1663734912872314,4862.384499223551,1.704362154006958,3.2e-05,16,2048,,107.85218715667725
adammini-lotus-r8,adammini,lotus,8,1.1B,sdpa,666,16,557056,2.3929688930511475,10.945943084553814,nan,nan,nan,nan,22.23591375350952,4.097999572753906,0.01870039477944374,4.097999572753906,14.021214213222265,6.176218748092651,4885.228495301827,1.6635568141937256,3.4000000000000007e-05,16,2048,,114.05536794662476
adammini-lotus-r8,adammini,lotus,8,1.1B,sdpa,666,17,589824,2.389864444732666,10.91201466171743,nan,nan,nan,nan,22.23591375350952,4.097999572753906,0.01870039477944374,4.097999572753906,14.021214213222265,6.184015989303589,4905.399628736831,2.106640100479126,3.6e-05,16,2048,,120.26666235923767
adammini-lotus-r8,adammini,lotus,8,1.1B,sdpa,666,18,622592,2.487083673477173,12.026152741509877,nan,nan,nan,nan,22.23591375350952,4.097999572753906,0.01870039477944374,4.097999572753906,14.021214213222265,6.177561283111572,4923.835370773909,1.6938062906265259,3.8e-05,16,2048,,126.47157597541809
adammini-lotus-r8,adammini,lotus,8,1.1B,sdpa,666,19,655360,2.349344253540039,10.478696103422637,nan,nan,nan,nan,22.23591375350952,4.097999572753906,0.01870039477944374,4.097999572753906,14.021214213222265,6.173455476760864,4940.696229312558,1.658373236656189,4e-05,16,2048,,132.6720428466797
adammini-lotus-r8,adammini,lotus,8,1.1B,sdpa,666,20,688128,2.352559804916382,10.512445120870273,nan,nan,nan,nan,22.23591375350952,4.097999572753906,0.01870039477944374,4.097999572753906,14.021214213222265,6.168236255645752,4956.247799563873,1.6887128353118896,4.2000000000000004e-05,16,2048,,138.8674874305725
adammini-lotus-r8,adammini,lotus,8,1.1B,sdpa,666,21,720896,2.423119068145752,11.280990676516463,nan,nan,nan,nan,22.23591375350952,4.097999572753906,0.01870039477944374,4.097999572753906,14.021214213222265,6.156946659088135,4970.851479130808,1.882027268409729,4.4e-05,16,2048,,145.05135560035706
adammini-lotus-r8,adammini,lotus,8,1.1B,sdpa,666,22,753664,2.4583332538604736,11.685318839736778,nan,nan,nan,nan,22.23591375350952,4.097999572753906,0.01870039477944374,4.097999572753906,14.021214213222265,6.166725158691406,4983.943752826343,1.566872239112854,4.6e-05,16,2048,,151.2452392578125
adammini-lotus-r8,adammini,lotus,8,1.1B,sdpa,666,23,786432,2.6085476875305176,13.579315115402645,nan,nan,nan,nan,22.23591375350952,4.097999572753906,0.01870039477944374,4.097999572753906,14.021214213222265,6.161689043045044,4996.162240232131,1.7157353162765503,4.8e-05,16,2048,,157.43401074409485
adammini-lotus-r8,adammini,lotus,8,1.1B,sdpa,666,24,819200,2.278092622756958,9.75805036471318,nan,nan,nan,nan,22.23591375350952,4.097999572753906,0.01870039477944374,4.097999572753906,14.021214213222265,6.166834354400635,5007.301916896188,1.705536127090454,5e-05,16,2048,,163.6279857158661
adammini-lotus-r8,adammini,lotus,8,1.1B,sdpa,666,25,851968,2.5243334770202637,12.482572568817915,nan,nan,nan,nan,22.23591375350952,4.097999572753906,0.01870039477944374,4.097999572753906,14.021214213222265,6.1583569049835205,5017.876053136553,1.6460113525390625,5.2e-05,16,2048,,169.8134343624115
adammini-lotus-r8,adammini,lotus,8,1.1B,sdpa,666,26,884736,2.2125613689422607,9.139095033776531,nan,nan,nan,nan,22.23591375350952,4.097999572753906,0.01870039477944374,4.097999572753906,14.021214213222265,6.16130256652832,5027.623959884998,1.5734081268310547,5.4e-05,16,2048,,176.00167036056519
adammini-lotus-r8,adammini,lotus,8,1.1B,sdpa,666,0,32768,2.5204966068267822,12.434770322341665,nan,nan,nan,nan,22.17638635635376,4.097999572753906,0.01870039477944374,4.097999572753906,13.961686816066504,12.389251947402954,2644.8258299844747,2.5158324241638184,2e-06,16,2048,,12.391942739486694
adammini-lotus-r8,adammini,lotus,8,1.1B,sdpa,666,1,65536,2.550102472305298,12.808416223355094,nan,nan,nan,nan,22.23591375350952,4.097999572753906,0.01870039477944374,4.097999572753906,14.021214213222265,6.125750780105591,3539.067309921425,3.142854928970337,4e-06,16,2048,,18.544617414474487
adammini-lotus-r8,adammini,lotus,8,1.1B,sdpa,666,2,98304,2.6485157012939453,14.133045408100744,nan,nan,nan,nan,22.23591375350952,4.097999572753906,0.01870039477944374,4.097999572753906,14.021214213222265,6.134720087051392,3983.1912956483266,2.295527696609497,6e-06,16,2048,,24.70665693283081
adammini-lotus-r8,adammini,lotus,8,1.1B,sdpa,666,3,131072,2.3559019565582275,10.547638083941747,nan,nan,nan,nan,22.23591375350952,4.097999572753906,0.01870039477944374,4.097999572753906,14.021214213222265,6.122948884963989,4251.464353079936,2.11037540435791,8e-06,16,2048,,30.85663080215454
adammini-lotus-r8,adammini,lotus,8,1.1B,sdpa,666,4,163840,2.5085554122924805,12.28716734279393,nan,nan,nan,nan,22.23591375350952,4.097999572753906,0.01870039477944374,4.097999572753906,14.021214213222265,6.158719778060913,4426.243252826106,2.2388532161712646,1e-05,16,2048,,37.04246735572815
adammini-lotus-r8,adammini,lotus,8,1.1B,sdpa,666,5,196608,2.3420093059539795,10.402116613347085,nan,nan,nan,nan,22.23591375350952,4.097999572753906,0.01870039477944374,4.097999572753906,14.021214213222265,6.141091585159302,4552.818721542492,1.7148914337158203,1.2e-05,16,2048,,43.210604429244995
adammini-lotus-r8,adammini,lotus,8,1.1B,sdpa,666,6,229376,2.299226760864258,9.966473007600898,nan,nan,nan,nan,22.23591375350952,4.097999572753906,0.01870039477944374,4.097999572753906,14.021214213222265,6.133852481842041,4648.432146489656,2.0756282806396484,1.4e-05,16,2048,,49.3718478679657
adammini-lotus-r8,adammini,lotus,8,1.1B,sdpa,666,7,262144,2.4889345169067383,12.048431878531648,nan,nan,nan,nan,22.23591375350952,4.097999572753906,0.01870039477944374,4.097999572753906,14.021214213222265,6.155107498168945,4721.002249272938,1.8866873979568481,1.6e-05,16,2048,,55.55404543876648
adammini-lotus-r8,adammini,lotus,8,1.1B,sdpa,666,8,294912,2.5947964191436768,13.39386035027405,nan,nan,nan,nan,22.23591375350952,4.097999572753906,0.01870039477944374,4.097999572753906,14.021214213222265,6.152990341186523,4779.209773994234,2.0335185527801514,1.8e-05,16,2048,,61.7340784072876
adammini-lotus-r8,adammini,lotus,8,1.1B,sdpa,666,9,327680,2.367459774017334,10.67025297486702,nan,nan,nan,nan,22.23591375350952,4.097999572753906,0.01870039477944374,4.097999572753906,14.021214213222265,6.168651103973389,4825.700269759191,1.8035517930984497,2e-05,16,2048,,67.92982339859009
adammini-lotus-r8,adammini,lotus,8,1.1B,sdpa,666,10,360448,2.4603068828582764,11.708404097220752,nan,nan,nan,nan,22.23591375350952,4.097999572753906,0.01870039477944374,4.097999572753906,14.021214213222265,6.166301965713501,4864.584756267547,1.5978902578353882,2.2e-05,16,2048,,74.12317204475403
adammini-lotus-r8,adammini,lotus,8,1.1B,sdpa,666,11,393216,2.021005153656006,7.545905917917896,nan,nan,nan,nan,22.23591375350952,4.097999572753906,0.01870039477944374,4.097999572753906,14.021214213222265,6.136725187301636,4899.270829157016,1.873153805732727,2.4e-05,16,2048,,80.28697919845581
adammini-lotus-r8,adammini,lotus,8,1.1B,sdpa,666,12,425984,2.2763192653656006,9.740761188448849,nan,nan,nan,nan,22.23591375350952,4.097999572753906,0.01870039477944374,4.097999572753906,14.021214213222265,6.156694650650024,4927.865812931795,1.7166681289672852,2.6e-05,16,2048,,86.47052431106567
adammini-lotus-r8,adammini,lotus,8,1.1B,sdpa,666,13,458752,2.548785924911499,12.791564431882714,nan,nan,nan,nan,22.23591375350952,4.097999572753906,0.01870039477944374,4.097999572753906,14.021214213222265,6.167277097702026,4952.084923405797,1.7420850992202759,2.8e-05,16,2048,,92.66509628295898
adammini-lotus-r8,adammini,lotus,8,1.1B,sdpa,666,14,491520,2.3586196899414062,10.576342740209565,nan,nan,nan,nan,22.23591375350952,4.097999572753906,0.01870039477944374,4.097999572753906,14.021214213222265,6.161808967590332,4973.532665464867,1.6834710836410522,3e-05,16,2048,,98.85392618179321
adammini-lotus-r8,adammini,lotus,8,1.1B,sdpa,666,15,524288,2.4872934818267822,12.028676193480115,nan,nan,nan,nan,22.23591375350952,4.097999572753906,0.01870039477944374,4.097999572753906,14.021214213222265,6.161682605743408,4992.464728483704,1.704362154006958,3.2e-05,16,2048,,105.04275035858154
adammini-lotus-r8,adammini,lotus,8,1.1B,sdpa,666,16,557056,2.3929688930511475,10.945943084553814,nan,nan,nan,nan,22.23591375350952,4.097999572753906,0.01870039477944374,4.097999572753906,14.021214213222265,6.158879280090332,5009.412485666341,1.6635568141937256,3.4000000000000007e-05,16,2048,,111.22851967811584
adammini-lotus-r8,adammini,lotus,8,1.1B,sdpa,666,17,589824,2.389864444732666,10.91201466171743,nan,nan,nan,nan,22.23591375350952,4.097999572753906,0.01870039477944374,4.097999572753906,14.021214213222265,6.169259548187256,5024.1386148368,2.106640100479126,3.6e-05,16,2048,,117.42482399940491
adammini-lotus-r8,adammini,lotus,8,1.1B,sdpa,666,18,622592,2.487083673477173,12.026152741509877,nan,nan,nan,nan,22.23591375350952,4.097999572753906,0.01870039477944374,4.097999572753906,14.021214213222265,6.174631834030151,5037.161794744985,1.6938062906265259,3.8e-05,16,2048,,123.62654900550842
adammini-lotus-r8,adammini,lotus,8,1.1B,sdpa,666,19,655360,2.349344253540039,10.478696103422637,nan,nan,nan,nan,22.23591375350952,4.097999572753906,0.01870039477944374,4.097999572753906,14.021214213222265,6.176549911499023,5048.866503646989,1.658373236656189,4e-05,16,2048,,129.83019995689392
adammini-lotus-r8,adammini,lotus,8,1.1B,sdpa,666,20,688128,2.352559804916382,10.512445120870273,nan,nan,nan,nan,22.23591375350952,4.097999572753906,0.01870039477944374,4.097999572753906,14.021214213222265,6.185727119445801,5059.161083606781,1.6887128353118896,4.2000000000000004e-05,16,2048,,136.04333209991455
adammini-lotus-r8,adammini,lotus,8,1.1B,sdpa,666,21,720896,2.423119068145752,11.280990676516463,nan,nan,nan,nan,22.23591375350952,4.097999572753906,0.01870039477944374,4.097999572753906,14.021214213222265,6.156971216201782,5069.573728365129,1.882027268409729,4.4e-05,16,2048,,142.22731614112854
adammini-lotus-r8,adammini,lotus,8,1.1B,sdpa,666,22,753664,2.4583332538604736,11.685318839736778,nan,nan,nan,nan,22.23591375350952,4.097999572753906,0.01870039477944374,4.097999572753906,14.021214213222265,6.1662609577178955,5078.810169724507,1.566872239112854,4.6e-05,16,2048,,148.42061567306519
adammini-lotus-r8,adammini,lotus,8,1.1B,sdpa,666,23,786432,2.6085476875305176,13.579315115402645,nan,nan,nan,nan,22.23591375350952,4.097999572753906,0.01870039477944374,4.097999572753906,14.021214213222265,6.152200698852539,5087.768481819971,1.7157353162765503,4.8e-05,16,2048,,154.59958219528198
adammini-lotus-r8,adammini,lotus,8,1.1B,sdpa,666,24,819200,2.278092622756958,9.75805036471318,nan,nan,nan,nan,22.23591375350952,4.097999572753906,0.01870039477944374,4.097999572753906,14.021214213222265,6.173380136489868,5095.371982233696,1.705536127090454,5e-05,16,2048,,160.80031871795654
adammini-lotus-r8,adammini,lotus,8,1.1B,sdpa,666,25,851968,2.5243334770202637,12.482572568817915,nan,nan,nan,nan,22.23591375350952,4.097999572753906,0.01870039477944374,4.097999572753906,14.021214213222265,6.163086891174316,5102.713846772063,1.6460113525390625,5.2e-05,16,2048,,166.9906210899353
adammini-lotus-r8,adammini,lotus,8,1.1B,sdpa,666,26,884736,2.2125613689422607,9.139095033776531,nan,nan,nan,nan,22.23591375350952,4.097999572753906,0.01870039477944374,4.097999572753906,14.021214213222265,6.1669416427612305,5109.419940390142,1.5734081268310547,5.4e-05,16,2048,,173.184255361557
adammini-lotus-r8,adammini,lotus,8,1.1B,sdpa,666,27,917504,2.4095447063446045,11.128893077013698,nan,nan,nan,nan,22.23591375350952,4.097999572753906,0.01870039477944374,4.097999572753906,14.021214213222265,6.175543546676636,5115.4307756648,1.742286205291748,5.6e-05,16,2048,,179.38687324523926
adammini-lotus-r8,adammini,lotus,8,1.1B,sdpa,666,28,950272,2.4922890663146973,12.08891680493482,nan,nan,nan,nan,22.23591375350952,4.097999572753906,0.01870039477944374,4.097999572753906,14.021214213222265,6.164523363113403,5121.334501277249,1.5050009489059448,5.800000000000001e-05,16,2048,,185.57866954803467
adammini-lotus-r8,adammini,lotus,8,1.1B,sdpa,666,29,983040,2.269627332687378,9.675794289842255,nan,nan,nan,nan,22.23591375350952,4.097999572753906,0.01870039477944374,4.097999572753906,14.021214213222265,6.170760869979858,5126.684301863843,1.5398762226104736,6e-05,16,2048,,191.77668857574463
adammini-lotus-r8,adammini,lotus,8,1.1B,sdpa,666,30,1015808,2.2119710445404053,9.133701595063085,nan,nan,nan,nan,22.23591375350952,4.097999572753906,0.01870039477944374,4.097999572753906,14.021214213222265,6.182196140289307,5131.402843453579,3.268786907196045,6.2e-05,16,2048,,197.98606252670288
adammini-lotus-r8,adammini,lotus,8,1.1B,sdpa,666,31,1048576,2.3527750968933105,10.514708609609439,nan,nan,nan,nan,22.23591375350952,4.097999572753906,0.01870039477944374,4.097999572753906,14.021214213222265,6.177755355834961,5135.948648250186,1.8393586874008179,6.4e-05,16,2048,,204.1910834312439
adammini-lotus-r8,adammini,lotus,8,1.1B,sdpa,666,32,1081344,2.325064182281494,10.227336478515182,nan,nan,nan,nan,22.23591375350952,4.097999572753906,0.01870039477944374,4.097999572753906,14.021214213222265,6.168262481689453,5140.455143937512,1.9150267839431763,6.6e-05,16,2048,,210.38644289970398
adammini-lotus-r8,adammini,lotus,8,1.1B,sdpa,666,33,1114112,2.424165964126587,11.292806884406614,nan,nan,nan,nan,22.23591375350952,4.097999572753906,0.01870039477944374,4.097999572753906,14.021214213222265,6.151073217391968,5145.115142727159,1.6046382188796997,6.800000000000001e-05,16,2048,,216.56475520133972
adammini-lotus-r8,adammini,lotus,8,1.1B,sdpa,666,34,1146880,2.410942554473877,11.144460457264094,nan,nan,nan,nan,22.23591375350952,4.097999572753906,0.01870039477944374,4.097999572753906,14.021214213222265,6.166810512542725,5149.1510049665785,1.938704013824463,7.000000000000001e-05,16,2048,,222.75901913642883
adammini-lotus-r8,adammini,lotus,8,1.1B,sdpa,666,35,1179648,2.61798095703125,13.708018547195458,nan,nan,nan,nan,22.23591375350952,4.097999572753906,0.01870039477944374,4.097999572753906,14.021214213222265,6.18371844291687,5152.584274514715,1.6286346912384033,7.2e-05,16,2048,,228.96988821029663
adammini-lotus-r8,adammini,lotus,8,1.1B,sdpa,666,36,1212416,2.3967390060424805,10.987288416092385,nan,nan,nan,nan,22.23591375350952,4.097999572753906,0.01870039477944374,4.097999572753906,14.021214213222265,6.166770935058594,5156.213416001287,1.6763643026351929,7.4e-05,16,2048,,235.16366291046143
adammini-lotus-r8,adammini,lotus,8,1.1B,sdpa,666,37,1245184,2.677797317504883,14.553002322276148,nan,nan,nan,nan,22.23591375350952,4.097999572753906,0.01870039477944374,4.097999572753906,14.021214213222265,6.213173151016235,5158.666993522751,1.6620670557022095,7.6e-05,16,2048,,241.40374279022217
adammini-lotus-r8,adammini,lotus,8,1.1B,sdpa,666,38,1277952,2.213627576828003,9.148844405474994,nan,nan,nan,nan,22.23591375350952,4.097999572753906,0.01870039477944374,4.097999572753906,14.021214213222265,6.130084037780762,5162.731590831374,1.4967403411865234,7.8e-05,16,2048,,247.56100273132324
adammini-lotus-r8,adammini,lotus,8,1.1B,sdpa,666,39,1310720,2.4583237171173096,11.685207400383598,nan,nan,nan,nan,22.23591375350952,4.097999572753906,0.01870039477944374,4.097999572753906,14.021214213222265,6.17474627494812,5165.684652645593,2.2435214519500732,8e-05,16,2048,,253.7627468109131
adammini-lotus-r8,adammini,lotus,8,1.1B,sdpa,666,40,1343488,2.1937546730041504,8.968824979460335,nan,nan,nan,nan,22.23591375350952,4.097999572753906,0.01870039477944374,4.097999572753906,14.021214213222265,6.163864612579346,5168.715929535574,2.652054786682129,8.2e-05,16,2048,,259.95382356643677
adammini-lotus-r8,adammini,lotus,8,1.1B,sdpa,666,41,1376256,2.3040010929107666,10.014170029179637,nan,nan,nan,nan,22.23591375350952,4.097999572753906,0.01870039477944374,4.097999572753906,14.021214213222265,6.177084922790527,5171.345725234545,3.361156940460205,8.400000000000001e-05,16,2048,,266.1576952934265
adammini-lotus-r8,adammini,lotus,8,1.1B,sdpa,666,42,1409024,2.404871702194214,11.077009035063059,nan,nan,nan,nan,22.23591375350952,4.097999572753906,0.01870039477944374,4.097999572753906,14.021214213222265,6.19053316116333,5173.606075964565,1.7918894290924072,8.599999999999999e-05,16,2048,,272.375369310379
adammini-lotus-r8,adammini,lotus,8,1.1B,sdpa,666,43,1441792,2.3192224502563477,10.167765288350981,nan,nan,nan,nan,22.23591375350952,4.097999572753906,0.01870039477944374,4.097999572753906,14.021214213222265,6.191447496414185,5175.74423786908,1.7008922100067139,8.8e-05,16,2048,,278.59390234947205
adammini-lotus-r8,adammini,lotus,8,1.1B,sdpa,666,44,1474560,2.462862491607666,11.738364464354923,nan,nan,nan,nan,22.23591375350952,4.097999572753906,0.01870039477944374,4.097999572753906,14.021214213222265,6.144172430038452,5178.649379201748,2.6053903102874756,8.999999999999999e-05,16,2048,,284.76423239707947
adammini-lotus-r8,adammini,lotus,8,1.1B,sdpa,666,45,1507328,2.514683723449707,12.362698129204741,nan,nan,nan,nan,22.23591375350952,4.097999572753906,0.01870039477944374,4.097999572753906,14.021214213222265,6.184402942657471,5180.731206692251,2.2101659774780273,9.2e-05,16,2048,,290.97550106048584
adammini-lotus-r8,adammini,lotus,8,1.1B,sdpa,666,46,1540096,2.471501350402832,11.840209817871234,nan,nan,nan,nan,22.23591375350952,4.097999572753906,0.01870039477944374,4.097999572753906,14.021214213222265,6.178105115890503,5182.823552202766,1.8646131753921509,9.400000000000001e-05,16,2048,,297.1808478832245
adammini-lotus-r8,adammini,lotus,8,1.1B,sdpa,666,47,1572864,2.3451428413391113,10.434763136640113,nan,nan,nan,nan,22.23591375350952,4.097999572753906,0.01870039477944374,4.097999572753906,14.021214213222265,6.163037300109863,5185.081399062396,1.5581427812576294,9.6e-05,16,2048,,303.37111735343933
adammini-lotus-r8,adammini,lotus,8,1.1B,sdpa,666,48,1605632,2.2477471828460693,9.46638576025289,nan,nan,nan,nan,22.23591375350952,4.097999572753906,0.01870039477944374,4.097999572753906,14.021214213222265,6.166384696960449,5187.192950128272,1.7183109521865845,9.800000000000001e-05,16,2048,,309.564688205719
adammini-lotus-r8,adammini,lotus,8,1.1B,sdpa,666,49,1638400,2.4344093799591064,11.409078292761304,nan,nan,nan,nan,22.23591375350952,4.097999572753906,0.01870039477944374,4.097999572753906,14.021214213222265,6.163927316665649,5189.262834145829,1.8151319026947021,0.0001,16,2048,,315.7557919025421
adammini-lotus-r8,adammini,lotus,8,1.1B,sdpa,666,50,1671168,2.6332685947418213,13.91919182597241,2.4590115193679756,11.693247276938722,nan,nan,22.23591375350952,4.097999572753906,0.01870039477944374,4.097999572753906,14.021214213222265,6.170334339141846,5191.149712784879,2.190413475036621,0.000102,16,2048,,335.1999809741974
adammini-lotus-r8,adammini,lotus,8,1.1B,sdpa,666,51,1703936,2.50020694732666,12.18501535614972,nan,nan,nan,nan,22.23591375350952,4.097999572753906,0.01870039477944374,4.097999572753906,14.021214213222265,6.172885179519653,4991.412040886807,2.122762680053711,0.000104,16,2048,,341.40050530433655
adammini-lotus-r8,adammini,lotus,8,1.1B,sdpa,666,52,1736704,2.4638829231262207,11.750348774974857,nan,nan,nan,nan,22.23591375350952,4.097999572753906,0.01870039477944374,4.097999572753906,14.021214213222265,6.164867877960205,4996.766086144752,1.693772315979004,0.000106,16,2048,,347.59232783317566
adammini-lotus-r8,adammini,lotus,8,1.1B,sdpa,666,53,1769472,2.1685519218444824,8.74561053926656,nan,nan,nan,nan,22.23591375350952,4.097999572753906,0.01870039477944374,4.097999572753906,14.021214213222265,6.156987905502319,5002.047334098872,1.7560030221939087,0.000108,16,2048,,353.7763469219208
adammini-lotus-r8,adammini,lotus,8,1.1B,sdpa,666,54,1802240,2.4861443042755127,12.014861048374755,nan,nan,nan,nan,22.23591375350952,4.097999572753906,0.01870039477944374,4.097999572753906,14.021214213222265,6.168084383010864,5006.991879014894,1.7625529766082764,0.00011,16,2048,,359.97165083885193
adammini-lotus-r8,adammini,lotus,8,1.1B,sdpa,666,55,1835008,1.9460158348083496,7.000739839365806,nan,nan,nan,nan,22.23591375350952,4.097999572753906,0.01870039477944374,4.097999572753906,14.021214213222265,6.1683642864227295,5011.762654419547,3.4927918910980225,0.000112,16,2048,,366.1674942970276
adammini-lotus-r8,adammini,lotus,8,1.1B,sdpa,666,56,1867776,2.1254286766052246,8.376487522825336,nan,nan,nan,nan,22.23591375350952,4.097999572753906,0.01870039477944374,4.097999572753906,14.021214213222265,6.135776042938232,5016.809928079939,1.84510338306427,0.000114,16,2048,,372.3302857875824
adammini-lotus-r8,adammini,lotus,8,1.1B,sdpa,666,57,1900544,2.2819631099700928,9.795891959337958,nan,nan,nan,nan,22.23591375350952,4.097999572753906,0.01870039477944374,4.097999572753906,14.021214213222265,6.168308973312378,5021.2677752509635,1.6159783601760864,0.00011600000000000001,16,2048,,378.52579259872437
adammini-lotus-r8,adammini,lotus,8,1.1B,sdpa,666,58,1933312,2.5034337043762207,12.224396943586665,nan,nan,nan,nan,22.23591375350952,4.097999572753906,0.01870039477944374,4.097999572753906,14.021214213222265,6.165838241577148,5025.611934171491,1.6944546699523926,0.000118,16,2048,,384.71863198280334
adammini-lotus-r8,adammini,lotus,8,1.1B,sdpa,666,59,1966080,2.5044238567352295,12.236506953445842,nan,nan,nan,nan,22.23591375350952,4.097999572753906,0.01870039477944374,4.097999572753906,14.021214213222265,6.174374580383301,5029.710999622564,1.7651106119155884,0.00012,16,2048,,390.92009925842285
adammini-lotus-r8,adammini,lotus,8,1.1B,sdpa,666,60,1998848,2.1644747257232666,8.71002556265814,nan,nan,nan,nan,22.23591375350952,4.097999572753906,0.01870039477944374,4.097999572753906,14.021214213222265,6.175374269485474,5033.668218194826,1.8585485219955444,0.000122,16,2048,,397.12248063087463
adammini-lotus-r8,adammini,lotus,8,1.1B,sdpa,666,61,2031616,2.3180320262908936,10.155668538435652,nan,nan,nan,nan,22.23591375350952,4.097999572753906,0.01870039477944374,4.097999572753906,14.021214213222265,6.183729887008667,5037.399876040409,1.926794171333313,0.000124,16,2048,,403.33352065086365
adammini-lotus-r8,adammini,lotus,8,1.1B,sdpa,666,62,2064384,2.387099027633667,10.881880076340822,nan,nan,nan,nan,22.23591375350952,4.097999572753906,0.01870039477944374,4.097999572753906,14.021214213222265,6.171958684921265,5041.160515678029,1.748927116394043,0.000126,16,2048,,409.5326256752014
adammini-lotus-r8,adammini,lotus,8,1.1B,sdpa,666,63,2097152,2.4342715740203857,11.407506162344175,nan,nan,nan,nan,22.23591375350952,4.097999572753906,0.01870039477944374,4.097999572753906,14.021214213222265,6.198617458343506,5044.486959356584,1.669892430305481,0.000128,16,2048,,415.75836849212646
adammini-lotus-r8,adammini,lotus,8,1.1B,sdpa,666,64,2129920,2.6369709968566895,13.970821789691904,nan,nan,nan,nan,22.23591375350952,4.097999572753906,0.01870039477944374,4.097999572753906,14.021214213222265,6.11903715133667,5048.667645739794,1.6355111598968506,0.00013000000000000002,16,2048,,421.9045662879944
adammini-lotus-r8,adammini,lotus,8,1.1B,sdpa,666,65,2162688,2.4251692295074463,11.304142251846542,nan,nan,nan,nan,22.23591375350952,4.097999572753906,0.01870039477944374,4.097999572753906,14.021214213222265,6.165866374969482,5052.17511985391,1.668092966079712,0.000132,16,2048,,428.09738063812256
adammini-lotus-r8,adammini,lotus,8,1.1B,sdpa,666,66,2195456,2.4307799339294434,11.367744713221112,nan,nan,nan,nan,22.23591375350952,4.097999572753906,0.01870039477944374,4.097999572753906,14.021214213222265,6.169061183929443,5055.547181785547,1.7090520858764648,0.000134,16,2048,,434.2932825088501
adammini-lotus-r8,adammini,lotus,8,1.1B,sdpa,666,67,2228224,2.4666783809661865,11.783242334438748,nan,nan,nan,nan,22.23591375350952,4.097999572753906,0.01870039477944374,4.097999572753906,14.021214213222265,6.179017543792725,5058.71206966625,1.561299443244934,0.00013600000000000003,16,2048,,440.49955701828003
adammini-lotus-r8,adammini,lotus,8,1.1B,sdpa,666,68,2260992,2.4209511280059814,11.256560654992956,nan,nan,nan,nan,22.23591375350952,4.097999572753906,0.01870039477944374,4.097999572753906,14.021214213222265,6.166414260864258,5061.927612672293,1.773987054824829,0.00013800000000000002,16,2048,,446.69300365448
adammini-lotus-r8,adammini,lotus,8,1.1B,sdpa,666,69,2293760,2.4084699153900146,11.116938269010504,nan,nan,nan,nan,22.23591375350952,4.097999572753906,0.01870039477944374,4.097999572753906,14.021214213222265,6.163347244262695,5065.091452702544,1.6223876476287842,0.00014000000000000001,16,2048,,452.88355112075806
adammini-lotus-r8,adammini,lotus,8,1.1B,sdpa,666,70,2326528,2.187082529067993,8.909182879855406,nan,nan,nan,nan,22.23591375350952,4.097999572753906,0.01870039477944374,4.097999572753906,14.021214213222265,6.160914421081543,5068.194882244486,1.715030312538147,0.00014199999999999998,16,2048,,459.07143330574036
adammini-lotus-r8,adammini,lotus,8,1.1B,sdpa,666,71,2359296,2.3781323432922363,10.784741847409947,nan,nan,nan,nan,22.23591375350952,4.097999572753906,0.01870039477944374,4.097999572753906,14.021214213222265,6.181469440460205,5070.994546213419,1.6268185377120972,0.000144,16,2048,,465.2800633907318
adammini-lotus-r8,adammini,lotus,8,1.1B,sdpa,666,72,2392064,2.622469902038574,13.769691408091502,nan,nan,nan,nan,22.23591375350952,4.097999572753906,0.01870039477944374,4.097999572753906,14.021214213222265,6.180243253707886,5073.731110968662,1.7358648777008057,0.000146,16,2048,,471.48713779449463
adammini-lotus-r8,adammini,lotus,8,1.1B,sdpa,666,73,2424832,2.4633140563964844,11.743666293394906,nan,nan,nan,nan,22.23591375350952,4.097999572753906,0.01870039477944374,4.097999572753906,14.021214213222265,6.190239667892456,5076.2932785349,1.7408925294876099,0.000148,16,2048,,477.7046732902527
adammini-lotus-r8,adammini,lotus,8,1.1B,sdpa,666,74,2457600,2.4361703395843506,11.429186919039235,nan,nan,nan,nan,22.23591375350952,4.097999572753906,0.01870039477944374,4.097999572753906,14.021214213222265,6.168450593948364,5079.014957774513,1.6427741050720215,0.00015,16,2048,,483.9000859260559
adammini-lotus-r8,adammini,lotus,8,1.1B,sdpa,666,75,2490368,2.3595590591430664,10.586282498666488,nan,nan,nan,nan,22.23591375350952,4.097999572753906,0.01870039477944374,4.097999572753906,14.021214213222265,6.1756432056427,5081.5953150641035,1.8326902389526367,0.000152,16,2048,,490.1028001308441
adammini-lotus-r8,adammini,lotus,8,1.1B,sdpa,666,76,2523136,2.4090840816497803,11.123768014492166,nan,nan,nan,nan,22.23591375350952,4.097999572753906,0.01870039477944374,4.097999572753906,14.021214213222265,6.167222261428833,5084.1975440784045,1.7323685884475708,0.000154,16,2048,,496.29712557792664
adammini-lotus-r8,adammini,lotus,8,1.1B,sdpa,666,77,2555904,2.2430474758148193,9.422000900149374,nan,nan,nan,nan,22.23591375350952,4.097999572753906,0.01870039477944374,4.097999572753906,14.021214213222265,6.1605799198150635,5086.801773012974,1.9955261945724487,0.000156,16,2048,,502.4848110675812
adammini-lotus-r8,adammini,lotus,8,1.1B,sdpa,666,78,2588672,2.3513717651367188,10.49996333378305,nan,nan,nan,nan,22.23591375350952,4.097999572753906,0.01870039477944374,4.097999572753906,14.021214213222265,6.166081428527832,5089.2878551142185,1.8095284700393677,0.000158,16,2048,,508.6780426502228
adammini-lotus-r8,adammini,lotus,8,1.1B,sdpa,666,79,2621440,2.3786098957061768,10.789893356872888,nan,nan,nan,nan,22.23591375350952,4.097999572753906,0.01870039477944374,4.097999572753906,14.021214213222265,6.1795573234558105,5091.580244698268,1.5331428050994873,0.00016,16,2048,,514.88485455513
adammini-lotus-r8,adammini,lotus,8,1.1B,sdpa,666,80,2654208,2.4486546516418457,11.572766838524334,nan,nan,nan,nan,22.23591375350952,4.097999572753906,0.01870039477944374,4.097999572753906,14.021214213222265,6.161552906036377,5093.99313367359,1.7343837022781372,0.000162,16,2048,,521.0733163356781
adammini-lotus-r8,adammini,lotus,8,1.1B,sdpa,666,81,2686976,2.4740118980407715,11.869972573437527,nan,nan,nan,nan,22.23591375350952,4.097999572753906,0.01870039477944374,4.097999572753906,14.021214213222265,6.1768012046813965,5096.205025496712,2.0514893531799316,0.000164,16,2048,,527.2770640850067
adammini-lotus-r8,adammini,lotus,8,1.1B,sdpa,666,82,2719744,2.322896957397461,10.205195541262727,nan,nan,nan,nan,22.23591375350952,4.097999572753906,0.01870039477944374,4.097999572753906,14.021214213222265,6.185177803039551,5098.285046221399,1.6930559873580933,0.00016600000000000002,16,2048,,533.4893250465393
adammini-lotus-r8,adammini,lotus,8,1.1B,sdpa,666,83,2752512,2.344465732574463,10.427700058569151,nan,nan,nan,nan,22.23591375350952,4.097999572753906,0.01870039477944374,4.097999572753906,14.021214213222265,6.1931867599487305,5100.240856340183,1.7722630500793457,0.00016800000000000002,16,2048,,539.709751367569
adammini-lotus-r8,adammini,lotus,8,1.1B,sdpa,666,84,2785280,2.3648741245269775,10.642699078410901,nan,nan,nan,nan,22.23591375350952,4.097999572753906,0.01870039477944374,4.097999572753906,14.021214213222265,6.166897535324097,5102.395939583512,1.6443697214126587,0.00017,16,2048,,545.9036746025085
adammini-lotus-r8,adammini,lotus,8,1.1B,sdpa,666,85,2818048,2.330653667449951,10.284662085139878,nan,nan,nan,nan,22.23591375350952,4.097999572753906,0.01870039477944374,4.097999572753906,14.021214213222265,6.1815879344940186,5104.368637015449,1.8421372175216675,0.00017199999999999998,16,2048,,552.1124258041382
adammini-lotus-r8,adammini,lotus,8,1.1B,sdpa,666,86,2850816,2.3945059776306152,10.96278086210581,nan,nan,nan,nan,22.23591375350952,4.097999572753906,0.01870039477944374,4.097999572753906,14.021214213222265,6.161140203475952,5106.483609032362,1.687829613685608,0.000174,16,2048,,558.3007638454437
adammini-lotus-r8,adammini,lotus,8,1.1B,sdpa,666,87,2883584,2.3828253746032715,10.835473929092636,nan,nan,nan,nan,22.23591375350952,4.097999572753906,0.01870039477944374,4.097999572753906,14.021214213222265,6.1708362102508545,5108.46388548288,1.5981806516647339,0.000176,16,2048,,564.4987909793854
adammini-lotus-r8,adammini,lotus,8,1.1B,sdpa,666,88,2916352,2.442732810974121,11.504437275297793,nan,nan,nan,nan,22.23591375350952,4.097999572753906,0.01870039477944374,4.097999572753906,14.021214213222265,6.175383567810059,5110.360631824439,1.5786035060882568,0.000178,16,2048,,570.7010934352875
adammini-lotus-r8,adammini,lotus,8,1.1B,sdpa,666,89,2949120,2.4724667072296143,11.851645364052658,nan,nan,nan,nan,22.23591375350952,4.097999572753906,0.01870039477944374,4.097999572753906,14.021214213222265,6.16414999961853,5112.317898994467,2.4722073078155518,0.00017999999999999998,16,2048,,576.8922262191772
adammini-lotus-r8,adammini,lotus,8,1.1B,sdpa,666,90,2981888,2.2211732864379883,9.218140042207262,nan,nan,nan,nan,22.23591375350952,4.097999572753906,0.01870039477944374,4.097999572753906,14.021214213222265,6.169273614883423,5114.188644435153,2.0649406909942627,0.000182,16,2048,,583.0885474681854
adammini-lotus-r8,adammini,lotus,8,1.1B,sdpa,666,91,3014656,2.5180954933166504,12.40494884403013,nan,nan,nan,nan,22.23591375350952,4.097999572753906,0.01870039477944374,4.097999572753906,14.021214213222265,6.172490835189819,5115.99209179991,1.7297254800796509,0.000184,16,2048,,589.2879712581635
adammini-lotus-r8,adammini,lotus,8,1.1B,sdpa,666,92,3047424,2.4789280891418457,11.92847130462294,nan,nan,nan,nan,22.23591375350952,4.097999572753906,0.01870039477944374,4.097999572753906,14.021214213222265,6.172358512878418,5117.759540191874,1.8515182733535767,0.000186,16,2048,,595.487405538559
adammini-lotus-r8,adammini,lotus,8,1.1B,sdpa,666,93,3080192,2.5324020385742188,12.583696387207434,nan,nan,nan,nan,22.23591375350952,4.097999572753906,0.01870039477944374,4.097999572753906,14.021214213222265,6.1882524490356445,5119.354219531882,2.029183864593506,0.00018800000000000002,16,2048,,601.7025718688965
adammini-lotus-r8,adammini,lotus,8,1.1B,sdpa,666,94,3112960,2.319857120513916,10.174220514818872,nan,nan,nan,nan,22.23591375350952,4.097999572753906,0.01870039477944374,4.097999572753906,14.021214213222265,6.186434984207153,5120.932634452854,1.7028597593307495,0.00019,16,2048,,607.9162669181824
adammini-lotus-r8,adammini,lotus,8,1.1B,sdpa,666,95,3145728,2.3729965686798096,10.729495831004213,nan,nan,nan,nan,22.23591375350952,4.097999572753906,0.01870039477944374,4.097999572753906,14.021214213222265,6.173113822937012,5122.5878520949445,1.722057580947876,0.000192,16,2048,,614.116114616394
adammini-lotus-r8,adammini,lotus,8,1.1B,sdpa,666,96,3178496,2.228489637374878,9.285830511405372,nan,nan,nan,nan,22.23591375350952,4.097999572753906,0.01870039477944374,4.097999572753906,14.021214213222265,6.169965505599976,5124.239631124291,1.9030522108078003,0.000194,16,2048,,620.3132820129395
adammini-lotus-r8,adammini,lotus,8,1.1B,sdpa,666,97,3211264,2.450281858444214,11.591613452957297,nan,nan,nan,nan,22.23591375350952,4.097999572753906,0.01870039477944374,4.097999572753906,14.021214213222265,6.17877197265625,5125.7833545164585,1.7363272905349731,0.00019600000000000002,16,2048,,626.5190780162811
adammini-lotus-r8,adammini,lotus,8,1.1B,sdpa,666,98,3244032,2.450833559036255,11.598010317376696,nan,nan,nan,nan,22.23591375350952,4.097999572753906,0.01870039477944374,4.097999572753906,14.021214213222265,6.185144424438477,5127.246640744809,1.664414882659912,0.00019800000000000002,16,2048,,632.7313008308411
adammini-lotus-r8,adammini,lotus,8,1.1B,sdpa,666,99,3276800,2.4230263233184814,11.27994447150053,nan,nan,nan,nan,22.23591375350952,4.097999572753906,0.01870039477944374,4.097999572753906,14.021214213222265,6.1745476722717285,5128.766357209834,1.697895884513855,0.0002,16,2048,,638.9329113960266
adammini-lotus-r8,adammini,lotus,8,1.1B,sdpa,666,100,3309568,2.40567946434021,11.085960238387337,2.472626637336307,11.853540950536848,nan,nan,22.23591375350952,4.097999572753906,0.01870039477944374,4.097999572753906,14.021214213222265,6.175628900527954,5130.247920724577,1.6291266679763794,0.000202,16,2048,,658.4373066425323
adammini-lotus-r8,adammini,lotus,8,1.1B,sdpa,666,101,3342336,2.5004096031188965,12.187484970322489,nan,nan,nan,nan,22.23591375350952,4.097999572753906,0.01870039477944374,4.097999572753906,14.021214213222265,6.174912929534912,5028.99942318284,2.503730535507202,0.000204,16,2048,,664.6394987106323
adammini-lotus-r8,adammini,lotus,8,1.1B,sdpa,666,102,3375104,2.30135178565979,9.98767452876678,nan,nan,nan,nan,22.23591375350952,4.097999572753906,0.01870039477944374,4.097999572753906,14.021214213222265,6.152987718582153,5031.515529274556,1.7367281913757324,0.000206,16,2048,,670.819776058197
adammini-lotus-r8,adammini,lotus,8,1.1B,sdpa,666,103,3407872,2.4687490463256836,11.807666764847255,nan,nan,nan,nan,22.23591375350952,4.097999572753906,0.01870039477944374,4.097999572753906,14.021214213222265,6.171004295349121,5033.850966836373,2.8974149227142334,0.000208,16,2048,,677.0177619457245
adammini-lotus-r8,adammini,lotus,8,1.1B,sdpa,666,104,3440640,2.393514633178711,10.951918355253275,nan,nan,nan,nan,22.23591375350952,4.097999572753906,0.01870039477944374,4.097999572753906,14.021214213222265,6.172609806060791,5036.13474418744,2.8145980834960938,0.00021,16,2048,,683.2175714969635
adammini-lotus-r8,adammini,lotus,8,1.1B,sdpa,666,105,3473408,2.372565984725952,10.724876876761556,nan,nan,nan,nan,22.23591375350952,4.097999572753906,0.01870039477944374,4.097999572753906,14.021214213222265,6.167233943939209,5038.414677908367,2.2985641956329346,0.000212,16,2048,,689.4120674133301
adammini-lotus-r8,adammini,lotus,8,1.1B,sdpa,666,106,3506176,2.387357711791992,10.884695410454833,nan,nan,nan,nan,22.23591375350952,4.097999572753906,0.01870039477944374,4.097999572753906,14.021214213222265,6.180037975311279,5040.561196061291,1.8696881532669067,0.000214,16,2048,,695.6194219589233
adammini-lotus-r8,adammini,lotus,8,1.1B,sdpa,666,107,3538944,2.4574239253997803,11.674697876447482,nan,nan,nan,nan,22.23591375350952,4.097999572753906,0.01870039477944374,4.097999572753906,14.021214213222265,6.170528888702393,5042.738004947285,1.749910593032837,0.000216,16,2048,,701.8171854019165
adammini-lotus-r8,adammini,lotus,8,1.1B,sdpa,666,108,3571712,2.415166139602661,11.191629575994408,nan,nan,nan,nan,22.23591375350952,4.097999572753906,0.01870039477944374,4.097999572753906,14.021214213222265,6.186880588531494,5044.760306943278,1.8098511695861816,0.000218,16,2048,,708.0312051773071
adammini-lotus-r8,adammini,lotus,8,1.1B,sdpa,666,109,3604480,2.435574531555176,11.42237934591068,nan,nan,nan,nan,22.23591375350952,4.097999572753906,0.01870039477944374,4.097999572753906,14.021214213222265,6.168724536895752,5046.876430469825,1.7536195516586304,0.00022,16,2048,,714.2268691062927
adammini-lotus-r8,adammini,lotus,8,1.1B,sdpa,666,110,3637248,2.3588790893554688,10.579086593180842,nan,nan,nan,nan,22.23591375350952,4.097999572753906,0.01870039477944374,4.097999572753906,14.021214213222265,6.164737224578857,5048.985585045726,2.345149040222168,0.000222,16,2048,,720.4188351631165
adammini-lotus-r8,adammini,lotus,8,1.1B,sdpa,666,111,3670016,2.530111074447632,12.55490058787072,nan,nan,nan,nan,22.23591375350952,4.097999572753906,0.01870039477944374,4.097999572753906,14.021214213222265,6.168534755706787,5051.030488908097,1.835811972618103,0.000224,16,2048,,726.6143128871918
adammini-lotus-r8,adammini,lotus,8,1.1B,sdpa,666,112,3702784,2.5577468872070312,12.90670426986582,nan,nan,nan,nan,22.23591375350952,4.097999572753906,0.01870039477944374,4.097999572753906,14.021214213222265,6.191174507141113,5052.886391414013,1.8526380062103271,0.00022600000000000002,16,2048,,732.8325095176697
adammini-lotus-r8,adammini,lotus,8,1.1B,sdpa,666,113,3735552,2.497572183609009,12.152952976735333,nan,nan,nan,nan,22.23591375350952,4.097999572753906,0.01870039477944374,4.097999572753906,14.021214213222265,6.176425933837891,5054.811317921688,1.7583953142166138,0.000228,16,2048,,739.0361893177032
adammini-lotus-r8,adammini,lotus,8,1.1B,sdpa,666,114,3768320,2.3011691570281982,9.985850659985207,nan,nan,nan,nan,22.23591375350952,4.097999572753906,0.01870039477944374,4.097999572753906,14.021214213222265,6.18609356880188,5056.637446622969,1.7903251647949219,0.00023,16,2048,,745.2492864131927
adammini-lotus-r8,adammini,lotus,8,1.1B,sdpa,666,115,3801088,2.4745824337005615,11.876746748341823,nan,nan,nan,nan,22.23591375350952,4.097999572753906,0.01870039477944374,4.097999572753906,14.021214213222265,6.169053554534912,5058.5494545033325,1.7166748046875,0.00023200000000000003,16,2048,,751.4454028606415
adammini-lotus-r8,adammini,lotus,8,1.1B,sdpa,666,116,3833856,2.431825876235962,11.379640938644567,nan,nan,nan,nan,22.23591375350952,4.097999572753906,0.01870039477944374,4.097999572753906,14.021214213222265,6.187390327453613,5060.307396644165,1.6857576370239258,0.00023400000000000002,16,2048,,757.6599247455597
adammini-lotus-r8,adammini,lotus,8,1.1B,sdpa,666,117,3866624,2.250227928161621,9.489898605014233,nan,nan,nan,nan,22.23591375350952,4.097999572753906,0.01870039477944374,4.097999572753906,14.021214213222265,6.287041902542114,5061.375989576648,1.816316843032837,0.000236,16,2048,,763.9738626480103
adammini-lotus-r8,adammini,lotus,8,1.1B,sdpa,666,118,3899392,2.4607725143432617,11.71385716826961,nan,nan,nan,nan,22.23591375350952,4.097999572753906,0.01870039477944374,4.097999572753906,14.021214213222265,6.166302680969238,5063.221741994413,1.709439992904663,0.00023799999999999998,16,2048,,770.167359828949
adammini-lotus-r8,adammini,lotus,8,1.1B,sdpa,666,119,3932160,2.8729805946350098,17.689665422700088,nan,nan,nan,nan,22.23591375350952,4.097999572753906,0.01870039477944374,4.097999572753906,14.021214213222265,6.172429323196411,5064.996811802105,2.201925039291382,0.00024,16,2048,,776.3670156002045
adammini-lotus-r8,adammini,lotus,8,1.1B,sdpa,666,120,3964928,2.6281685829162598,13.848384495644229,nan,nan,nan,nan,22.23591375350952,4.097999572753906,0.01870039477944374,4.097999572753906,14.021214213222265,6.128017902374268,5067.0312908743135,2.019472599029541,0.000242,16,2048,,782.5221288204193
adammini-lotus-r8,adammini,lotus,8,1.1B,sdpa,666,121,3997696,2.4986765384674072,12.166381562996527,nan,nan,nan,nan,22.23591375350952,4.097999572753906,0.01870039477944374,4.097999572753906,14.021214213222265,6.183162212371826,5068.680236192658,2.074274778366089,0.000244,16,2048,,788.7323713302612
adammini-lotus-r8,adammini,lotus,8,1.1B,sdpa,666,122,4030464,2.410041570663452,11.1344240008375,nan,nan,nan,nan,22.23591375350952,4.097999572753906,0.01870039477944374,4.097999572753906,14.021214213222265,6.16971755027771,5070.388945896377,1.805429458618164,0.000246,16,2048,,794.9290022850037
adammini-lotus-r8,adammini,lotus,8,1.1B,sdpa,666,123,4063232,2.344996452331543,10.433235713822013,nan,nan,nan,nan,22.23591375350952,4.097999572753906,0.01870039477944374,4.097999572753906,14.021214213222265,6.172900676727295,5072.052384734571,1.9385976791381836,0.000248,16,2048,,801.1290729045868
adammini-lotus-r8,adammini,lotus,8,1.1B,sdpa,666,124,4096000,2.277057647705078,9.747956250509946,nan,nan,nan,nan,22.23591375350952,4.097999572753906,0.01870039477944374,4.097999572753906,14.021214213222265,6.170454263687134,5073.703951727855,1.7056204080581665,0.00025,16,2048,,807.3264484405518
adammini-lotus-r8,adammini,lotus,8,1.1B,sdpa,666,125,4128768,2.7439844608306885,15.548815480412292,nan,nan,nan,nan,22.23591375350952,4.097999572753906,0.01870039477944374,4.097999572753906,14.021214213222265,6.178945302963257,5075.278966695762,1.8681033849716187,0.000252,16,2048,,813.5321719646454
adammini-lotus-r8,adammini,lotus,8,1.1B,sdpa,666,126,4161536,2.493424892425537,12.102655513208402,nan,nan,nan,nan,22.23591375350952,4.097999572753906,0.01870039477944374,4.097999572753906,14.021214213222265,6.157392978668213,5076.964068803239,1.7030705213546753,0.000254,16,2048,,819.7167415618896
adammini-lotus-r8,adammini,lotus,8,1.1B,sdpa,666,127,4194304,2.36376690864563,10.630921834149992,nan,nan,nan,nan,22.23591375350952,4.097999572753906,0.01870039477944374,4.097999572753906,14.021214213222265,6.153284788131714,5078.64724013839,1.8191752433776855,0.000256,16,2048,,825.8972280025482
adammini-lotus-r8,adammini,lotus,8,1.1B,sdpa,666,128,4227072,2.526686429977417,12.511978056154108,nan,nan,nan,nan,22.23591375350952,4.097999572753906,0.01870039477944374,4.097999572753906,14.021214213222265,6.169332504272461,5080.207666344227,1.855257511138916,0.00025800000000000004,16,2048,,832.0935645103455
adammini-lotus-r8,adammini,lotus,8,1.1B,sdpa,666,129,4259840,2.529531478881836,12.547625931543905,nan,nan,nan,nan,22.23591375350952,4.097999572753906,0.01870039477944374,4.097999572753906,14.021214213222265,6.172264814376831,5081.727764304259,1.824773907661438,0.00026000000000000003,16,2048,,838.2929441928864
adammini-lotus-r8,adammini,lotus,8,1.1B,sdpa,666,130,4292608,2.460314989089966,11.708499008641764,nan,nan,nan,nan,22.23591375350952,4.097999572753906,0.01870039477944374,4.097999572753906,14.021214213222265,6.171087980270386,5083.232231696591,1.8210698366165161,0.000262,16,2048,,844.4910361766815
adammini-lotus-r8,adammini,lotus,8,1.1B,sdpa,666,131,4325376,2.239588737487793,9.389468956689878,nan,nan,nan,nan,22.23591375350952,4.097999572753906,0.01870039477944374,4.097999572753906,14.021214213222265,6.167285442352295,5084.738252473541,2.088019609451294,0.000264,16,2048,,850.6855590343475
adammini-lotus-r8,adammini,lotus,8,1.1B,sdpa,666,132,4358144,2.5941829681396484,13.385646392882155,nan,nan,nan,nan,22.23591375350952,4.097999572753906,0.01870039477944374,4.097999572753906,14.021214213222265,6.1875762939453125,5086.100426333911,3.0995867252349854,0.000266,16,2048,,856.9000153541565
adammini-lotus-r8,adammini,lotus,8,1.1B,sdpa,666,133,4390912,2.3707926273345947,10.705874690893966,nan,nan,nan,nan,22.23591375350952,4.097999572753906,0.01870039477944374,4.097999572753906,14.021214213222265,6.151841640472412,5087.655459709862,2.0066139698028564,0.000268,16,2048,,863.0788323879242
adammini-lotus-r8,adammini,lotus,8,1.1B,sdpa,666,134,4423680,2.4515066146850586,11.605819051297145,nan,nan,nan,nan,22.23591375350952,4.097999572753906,0.01870039477944374,4.097999572753906,14.021214213222265,6.184180498123169,5088.998948544207,2.159245252609253,0.00027,16,2048,,869.2903208732605
adammini-lotus-r8,adammini,lotus,8,1.1B,sdpa,666,135,4456448,2.3986001014709473,11.007755848349412,nan,nan,nan,nan,22.23591375350952,4.097999572753906,0.01870039477944374,4.097999572753906,14.021214213222265,6.195847988128662,5090.2537799274305,1.8136309385299683,0.00027200000000000005,16,2048,,875.513415813446
adammini-lotus-r8,adammini,lotus,8,1.1B,sdpa,666,136,4489216,1.9850702285766602,7.2795586005414785,nan,nan,nan,nan,22.23591375350952,4.097999572753906,0.01870039477944374,4.097999572753906,14.021214213222265,6.166918039321899,5091.658103323888,1.7452274560928345,0.00027400000000000005,16,2048,,881.7075371742249
adammini-lotus-r8,adammini,lotus,8,1.1B,sdpa,666,137,4521984,2.4884817600250244,12.042978102795194,nan,nan,nan,nan,22.23591375350952,4.097999572753906,0.01870039477944374,4.097999572753906,14.021214213222265,6.164799928665161,5093.055199938773,2.0449585914611816,0.00027600000000000004,16,2048,,887.8995006084442
adammini-lotus-r8,adammini,lotus,8,1.1B,sdpa,666,138,4554752,2.090517044067383,8.089096502600986,nan,nan,nan,nan,22.23591375350952,4.097999572753906,0.01870039477944374,4.097999572753906,14.021214213222265,6.169523000717163,5094.406296224005,2.4832236766815186,0.00027800000000000004,16,2048,,894.0962815284729
adammini-lotus-r8,adammini,lotus,8,1.1B,sdpa,666,139,4587520,2.274077892303467,9.7189529580364,nan,nan,nan,nan,22.23591375350952,4.097999572753906,0.01870039477944374,4.097999572753906,14.021214213222265,6.172063112258911,5095.72377420866,2.029421806335449,0.00028000000000000003,16,2048,,900.2953944206238
adammini-lotus-r8,adammini,lotus,8,1.1B,sdpa,666,140,4620288,2.4628655910491943,11.738400846785602,nan,nan,nan,nan,22.23591375350952,4.097999572753906,0.01870039477944374,4.097999572753906,14.021214213222265,6.1807637214660645,5096.975531737546,2.0105855464935303,0.00028199999999999997,16,2048,,906.5032789707184
adammini-lotus-r8,adammini,lotus,8,1.1B,sdpa,666,141,4653056,2.470059394836426,11.823149064796977,nan,nan,nan,nan,22.23591375350952,4.097999572753906,0.01870039477944374,4.097999572753906,14.021214213222265,6.184040546417236,5098.191401602114,2.290815591812134,0.00028399999999999996,16,2048,,912.7144222259521
adammini-lotus-r8,adammini,lotus,8,1.1B,sdpa,666,142,4685824,2.317586898803711,10.151148977183574,nan,nan,nan,nan,22.23591375350952,4.097999572753906,0.01870039477944374,4.097999572753906,14.021214213222265,6.164406776428223,5099.499965533345,2.2306180000305176,0.00028599999999999996,16,2048,,918.9058818817139
adammini-lotus-r8,adammini,lotus,8,1.1B,sdpa,666,143,4718592,2.318674325942993,10.162193616107961,nan,nan,nan,nan,22.23591375350952,4.097999572753906,0.01870039477944374,4.097999572753906,14.021214213222265,6.1630659103393555,5100.799049276988,2.236191987991333,0.000288,16,2048,,925.0959978103638
adammini-lotus-r8,adammini,lotus,8,1.1B,sdpa,666,144,4751360,1.9742084741592407,7.2009176850654475,nan,nan,nan,nan,22.23591375350952,4.097999572753906,0.01870039477944374,4.097999572753906,14.021214213222265,6.17005467414856,5102.042293214793,2.206958770751953,0.00029,16,2048,,931.2932333946228
adammini-lotus-r8,adammini,lotus,8,1.1B,sdpa,666,145,4784128,2.4346940517425537,11.412326597754847,nan,nan,nan,nan,22.23591375350952,4.097999572753906,0.01870039477944374,4.097999572753906,14.021214213222265,6.1745641231536865,5103.243826729974,2.0228843688964844,0.000292,16,2048,,937.4947700500488
adammini-lotus-r8,adammini,lotus,8,1.1B,sdpa,666,146,4816896,2.45405650138855,11.63545033713503,nan,nan,nan,nan,22.23591375350952,4.097999572753906,0.01870039477944374,4.097999572753906,14.021214213222265,6.177736043930054,5104.413619812663,2.3790910243988037,0.000294,16,2048,,943.6995978355408
adammini-lotus-r8,adammini,lotus,8,1.1B,sdpa,666,147,4849664,2.5396318435668945,12.675003727586832,nan,nan,nan,nan,22.23591375350952,4.097999572753906,0.01870039477944374,4.097999572753906,14.021214213222265,6.176753520965576,5105.572715660165,1.931821584701538,0.000296,16,2048,,949.9032139778137
adammini-lotus-r8,adammini,lotus,8,1.1B,sdpa,666,148,4882432,2.4749763011932373,11.88142553415507,nan,nan,nan,nan,22.23591375350952,4.097999572753906,0.01870039477944374,4.097999572753906,14.021214213222265,6.181879997253418,5106.690362687427,1.7937589883804321,0.000298,16,2048,,956.1119077205658
adammini-lotus-r8,adammini,lotus,8,1.1B,sdpa,666,149,4915200,2.161409616470337,8.683369255828568,nan,nan,nan,nan,22.23591375350952,4.097999572753906,0.01870039477944374,4.097999572753906,14.021214213222265,6.160189151763916,5107.909176673453,2.123272180557251,0.0003,16,2048,,962.2992346286774
adammini-lotus-r8,adammini,lotus,8,1.1B,sdpa,666,150,4947968,2.560668706893921,12.944470478652942,2.479376008214031,11.933815491214496,nan,nan,22.23591375350952,4.097999572753906,0.01870039477944374,4.097999572753906,14.021214213222265,6.174327611923218,5109.036382497558,1.9336659908294678,0.000302,16,2048,,980.5514357089996
adammini-lotus-r8,adammini,lotus,8,1.1B,sdpa,666,151,4980736,2.6661763191223145,14.384860784352641,nan,nan,nan,nan,22.23591375350952,4.097999572753906,0.01870039477944374,4.097999572753906,14.021214213222265,6.157867908477783,5047.823775363845,3.01804518699646,0.000304,16,2048,,986.736358165741
adammini-lotus-r8,adammini,lotus,8,1.1B,sdpa,666,152,5013504,2.4758615493774414,11.8919482014338,nan,nan,nan,nan,22.23591375350952,4.097999572753906,0.01870039477944374,4.097999572753906,14.021214213222265,6.1732189655303955,5049.304534200201,2.018944025039673,0.000306,16,2048,,992.9365794658661
adammini-lotus-r8,adammini,lotus,8,1.1B,sdpa,666,153,5046272,2.485311985015869,12.004865008647512,nan,nan,nan,nan,22.23591375350952,4.097999572753906,0.01870039477944374,4.097999572753906,14.021214213222265,6.1662187576293945,5050.80240997818,1.8151012659072876,0.000308,16,2048,,999.1297233104706
adammini-lotus-r8,adammini,lotus,8,1.1B,sdpa,666,154,5079040,2.609189510345459,13.588033427161402,nan,nan,nan,nan,22.23591375350952,4.097999572753906,0.01870039477944374,4.097999572753906,14.021214213222265,6.17840051651001,5052.221003654302,2.059185743331909,0.00031,16,2048,,1005.3352375030518
adammini-lotus-r8,adammini,lotus,8,1.1B,sdpa,666,155,5111808,2.602731704711914,13.500567272029754,nan,nan,nan,nan,22.23591375350952,4.097999572753906,0.01870039477944374,4.097999572753906,14.021214213222265,6.189326763153076,5053.5666725706915,1.8666523694992065,0.000312,16,2048,,1011.5518274307251
adammini-lotus-r8,adammini,lotus,8,1.1B,sdpa,666,156,5144576,2.4475488662719727,11.55997691502374,nan,nan,nan,nan,22.23591375350952,4.097999572753906,0.01870039477944374,4.097999572753906,14.021214213222265,6.168361663818359,5054.999279410059,1.7320582866668701,0.000314,16,2048,,1017.7472710609436
adammini-lotus-r8,adammini,lotus,8,1.1B,sdpa,666,157,5177344,2.3851983547210693,10.861216824903329,nan,nan,nan,nan,22.23591375350952,4.097999572753906,0.01870039477944374,4.097999572753906,14.021214213222265,6.17169189453125,5056.3989440848545,2.1392388343811035,0.000316,16,2048,,1023.9461107254028
adammini-lotus-r8,adammini,lotus,8,1.1B,sdpa,666,158,5210112,2.4627363681793213,11.736884074943376,nan,nan,nan,nan,22.23591375350952,4.097999572753906,0.01870039477944374,4.097999572753906,14.021214213222265,6.178452253341675,5057.748303087719,1.8176699876785278,0.00031800000000000003,16,2048,,1030.1517133712769
adammini-lotus-r8,adammini,lotus,8,1.1B,sdpa,666,159,5242880,2.5062365531921387,12.25870814217419,nan,nan,nan,nan,22.23591375350952,4.097999572753906,0.01870039477944374,4.097999572753906,14.021214213222265,6.1824047565460205,5059.062223355303,1.8455681800842285,0.00032,16,2048,,1036.3612101078033
adammini-lotus-r8,adammini,lotus,8,1.1B,sdpa,666,160,5275648,2.286858558654785,9.843964818846972,nan,nan,nan,nan,22.23591375350952,4.097999572753906,0.01870039477944374,4.097999572753906,14.021214213222265,6.1435546875,5060.549208132656,1.8486236333847046,0.000322,16,2048,,1042.5321023464203
adammini-lotus-r8,adammini,lotus,8,1.1B,sdpa,666,161,5308416,2.436058282852173,11.42790627345546,nan,nan,nan,nan,22.23591375350952,4.097999572753906,0.01870039477944374,4.097999572753906,14.021214213222265,6.17436957359314,5061.869116970616,1.788399338722229,0.000324,16,2048,,1048.733627796173
adammini-lotus-r8,adammini,lotus,8,1.1B,sdpa,666,162,5341184,2.201026439666748,9.034281887189548,nan,nan,nan,nan,22.23591375350952,4.097999572753906,0.01870039477944374,4.097999572753906,14.021214213222265,6.176458835601807,5063.163738775509,1.7826124429702759,0.000326,16,2048,,1054.9372539520264
adammini-lotus-r8,adammini,lotus,8,1.1B,sdpa,666,163,5373952,2.621732473373413,13.759540986002841,nan,nan,nan,nan,22.23591375350952,4.097999572753906,0.01870039477944374,4.097999572753906,14.021214213222265,6.174687623977661,5064.451992757442,1.882370114326477,0.000328,16,2048,,1061.1389951705933
adammini-lotus-r8,adammini,lotus,8,1.1B,sdpa,666,164,5406720,2.4354069232940674,11.420465021203592,nan,nan,nan,nan,22.23591375350952,4.097999572753906,0.01870039477944374,4.097999572753906,14.021214213222265,6.185382843017578,5065.675391953537,1.9046826362609863,0.00033,16,2048,,1067.3513281345367
adammini-lotus-r8,adammini,lotus,8,1.1B,sdpa,666,165,5439488,2.296886920928955,9.943180317254132,nan,nan,nan,nan,22.23591375350952,4.097999572753906,0.01870039477944374,4.097999572753906,14.021214213222265,6.186203479766846,5066.880900507226,2.0861868858337402,0.00033200000000000005,16,2048,,1073.564640045166
adammini-lotus-r8,adammini,lotus,8,1.1B,sdpa,666,166,5472256,2.3822832107543945,10.829600919053558,nan,nan,nan,nan,22.23591375350952,4.097999572753906,0.01870039477944374,4.097999572753906,14.021214213222265,6.168983221054077,5068.152600974624,1.8586949110031128,0.00033400000000000004,16,2048,,1079.7607789039612
adammini-lotus-r8,adammini,lotus,8,1.1B,sdpa,666,167,5505024,2.3886325359344482,10.89858033148318,nan,nan,nan,nan,22.23591375350952,4.097999572753906,0.01870039477944374,4.097999572753906,14.021214213222265,6.175418138504028,5069.37962158146,1.7332103252410889,0.00033600000000000004,16,2048,,1085.9632551670074
adammini-lotus-r8,adammini,lotus,8,1.1B,sdpa,666,168,5537792,2.5258677005767822,12.501738324216223,nan,nan,nan,nan,22.23591375350952,4.097999572753906,0.01870039477944374,4.097999572753906,14.021214213222265,6.174001932144165,5070.599632191771,1.9315789937973022,0.00033800000000000003,16,2048,,1092.164365530014
adammini-lotus-r8,adammini,lotus,8,1.1B,sdpa,666,169,5570560,2.3687241077423096,10.683752267564413,nan,nan,nan,nan,22.23591375350952,4.097999572753906,0.01870039477944374,4.097999572753906,14.021214213222265,6.16362738609314,5071.853581171938,1.815865397453308,0.00034,16,2048,,1098.35524725914
adammini-lotus-r8,adammini,lotus,8,1.1B,sdpa,666,170,5603328,2.313230037689209,10.107018036934774,nan,nan,nan,nan,22.23591375350952,4.097999572753906,0.01870039477944374,4.097999572753906,14.021214213222265,6.156814336776733,5073.124141063217,1.7385241985321045,0.000342,16,2048,,1104.5393962860107
adammini-lotus-r8,adammini,lotus,8,1.1B,sdpa,666,171,5636096,2.379180669784546,10.796053706225976,nan,nan,nan,nan,22.23591375350952,4.097999572753906,0.01870039477944374,4.097999572753906,14.021214213222265,6.172378063201904,5074.3091391502085,1.978289008140564,0.00034399999999999996,16,2048,,1110.7387235164642
adammini-lotus-r8,adammini,lotus,8,1.1B,sdpa,666,172,5668864,2.5308425426483154,12.564087457955539,nan,nan,nan,nan,22.23591375350952,4.097999572753906,0.01870039477944374,4.097999572753906,14.021214213222265,6.1765971183776855,5075.46300696757,1.7334272861480713,0.000346,16,2048,,1116.9423093795776
adammini-lotus-r8,adammini,lotus,8,1.1B,sdpa,666,173,5701632,2.1886324882507324,8.923002456794181,nan,nan,nan,nan,22.23591375350952,4.097999572753906,0.01870039477944374,4.097999572753906,14.021214213222265,6.16950535774231,5076.636559541119,1.663342833518982,0.000348,16,2048,,1123.1391115188599
adammini-lotus-r8,adammini,lotus,8,1.1B,sdpa,666,174,5734400,2.430479049682617,11.364324852431881,nan,nan,nan,nan,22.23591375350952,4.097999572753906,0.01870039477944374,4.097999572753906,14.021214213222265,6.15917181968689,5077.842481855157,1.7974052429199219,0.00035,16,2048,,1129.3255360126495
adammini-lotus-r8,adammini,lotus,8,1.1B,sdpa,666,175,5767168,2.4807960987091064,11.950774628068014,nan,nan,nan,nan,22.23591375350952,4.097999572753906,0.01870039477944374,4.097999572753906,14.021214213222265,6.174911260604858,5078.964824805427,1.7083616256713867,0.000352,16,2048,,1135.5277268886566
adammini-lotus-r8,adammini,lotus,8,1.1B,sdpa,666,176,5799936,2.5342726707458496,12.607257885084689,nan,nan,nan,nan,22.23591375350952,4.097999572753906,0.01870039477944374,4.097999572753906,14.021214213222265,6.173332929611206,5080.081798287823,1.754878044128418,0.000354,16,2048,,1141.728264093399
adammini-lotus-r8,adammini,lotus,8,1.1B,sdpa,666,177,5832704,2.532050371170044,12.57927188938545,nan,nan,nan,nan,22.23591375350952,4.097999572753906,0.01870039477944374,4.097999572753906,14.021214213222265,6.181193828582764,5081.15233288092,1.7122974395751953,0.000356,16,2048,,1147.9361691474915
adammini-lotus-r8,adammini,lotus,8,1.1B,sdpa,666,178,5865472,2.5514323711395264,12.825461452862045,nan,nan,nan,nan,22.23591375350952,4.097999572753906,0.01870039477944374,4.097999572753906,14.021214213222265,6.168547630310059,5082.269110135412,2.4276678562164307,0.000358,16,2048,,1154.1319077014923
adammini-lotus-r8,adammini,lotus,8,1.1B,sdpa,666,179,5898240,2.453500509262085,11.628982916443807,nan,nan,nan,nan,22.23591375350952,4.097999572753906,0.01870039477944374,4.097999572753906,14.021214213222265,6.179490566253662,5083.324005272072,1.619842290878296,0.00035999999999999997,16,2048,,1160.3382833003998
adammini-lotus-r8,adammini,lotus,8,1.1B,sdpa,666,180,5931008,2.3002383708953857,9.976560293009666,nan,nan,nan,nan,22.23591375350952,4.097999572753906,0.01870039477944374,4.097999572753906,14.021214213222265,6.170178174972534,5084.409237758037,1.8057403564453125,0.000362,16,2048,,1166.5357060432434
adammini-lotus-r8,adammini,lotus,8,1.1B,sdpa,666,181,5963776,2.179560422897339,8.842418479598365,nan,nan,nan,nan,22.23591375350952,4.097999572753906,0.01870039477944374,4.097999572753906,14.021214213222265,6.159358263015747,5085.528968570185,1.788616418838501,0.000364,16,2048,,1172.7221348285675
adammini-lotus-r8,adammini,lotus,8,1.1B,sdpa,666,182,5996544,2.2699034214019775,9.678466036253011,nan,nan,nan,nan,22.23591375350952,4.097999572753906,0.01870039477944374,4.097999572753906,14.021214213222265,6.174545764923096,5086.571944696838,1.9374291896820068,0.000366,16,2048,,1178.923843383789
adammini-lotus-r8,adammini,lotus,8,1.1B,sdpa,666,183,6029312,2.5055441856384277,12.250223547973942,nan,nan,nan,nan,22.23591375350952,4.097999572753906,0.01870039477944374,4.097999572753906,14.021214213222265,6.163555145263672,5087.650848192487,2.3247790336608887,0.000368,16,2048,,1185.1144061088562
adammini-lotus-r8,adammini,lotus,8,1.1B,sdpa,666,184,6062080,2.2447471618652344,9.438028961123516,nan,nan,nan,nan,22.23591375350952,4.097999572753906,0.01870039477944374,4.097999572753906,14.021214213222265,6.155493259429932,5088.753460789086,1.7985615730285645,0.00037,16,2048,,1191.2969658374786
adammini-lotus-r8,adammini,lotus,8,1.1B,sdpa,666,185,6094848,2.668426990509033,14.417272839682678,nan,nan,nan,nan,22.23591375350952,4.097999572753906,0.01870039477944374,4.097999572753906,14.021214213222265,6.16899037361145,5089.787126498299,1.6547415256500244,0.000372,16,2048,,1197.4930458068848
adammini-lotus-r8,adammini,lotus,8,1.1B,sdpa,666,186,6127616,2.392315149307251,10.938789581275019,nan,nan,nan,nan,22.23591375350952,4.097999572753906,0.01870039477944374,4.097999572753906,14.021214213222265,6.174953460693359,5090.784811923714,1.6135056018829346,0.000374,16,2048,,1203.694721698761
adammini-lotus-r8,adammini,lotus,8,1.1B,sdpa,666,187,6160384,2.3249332904815674,10.225997891641986,nan,nan,nan,nan,22.23591375350952,4.097999572753906,0.01870039477944374,4.097999572753906,14.021214213222265,6.186553478240967,5091.724773580922,2.0319385528564453,0.00037600000000000003,16,2048,,1209.9084849357605
adammini-lotus-r8,adammini,lotus,8,1.1B,sdpa,666,188,6193152,2.6786587238311768,14.56554377140944,nan,nan,nan,nan,22.23591375350952,4.097999572753906,0.01870039477944374,4.097999572753906,14.021214213222265,6.177796125411987,5092.690081456445,1.7410179376602173,0.000378,16,2048,,1216.1133625507355
adammini-lotus-r8,adammini,lotus,8,1.1B,sdpa,666,189,6225920,2.412646770477295,11.163469218041305,nan,nan,nan,nan,22.23591375350952,4.097999572753906,0.01870039477944374,4.097999572753906,14.021214213222265,6.168924570083618,5093.683248687106,1.8400702476501465,0.00038,16,2048,,1222.3091304302216
adammini-lotus-r8,adammini,lotus,8,1.1B,sdpa,666,190,6258688,2.4573163986206055,11.673442601276045,nan,nan,nan,nan,22.23591375350952,4.097999572753906,0.01870039477944374,4.097999572753906,14.021214213222265,6.172307252883911,5094.653001048703,1.8538079261779785,0.000382,16,2048,,1228.5085411071777
adammini-lotus-r8,adammini,lotus,8,1.1B,sdpa,666,191,6291456,2.330108404159546,10.279055765049801,nan,nan,nan,nan,22.23591375350952,4.097999572753906,0.01870039477944374,4.097999572753906,14.021214213222265,6.161659240722656,5095.656163820503,1.792000412940979,0.000384,16,2048,,1234.6974143981934
adammini-lotus-r8,adammini,lotus,8,1.1B,sdpa,666,192,6324224,2.629000663757324,13.859912266416236,nan,nan,nan,nan,22.23591375350952,4.097999572753906,0.01870039477944374,4.097999572753906,14.021214213222265,6.152293682098389,5096.68720150981,1.6109739542007446,0.000386,16,2048,,1240.8765604496002
adammini-lotus-r8,adammini,lotus,8,1.1B,sdpa,666,193,6356992,2.167043685913086,8.732430037361079,nan,nan,nan,nan,22.23591375350952,4.097999572753906,0.01870039477944374,4.097999572753906,14.021214213222265,6.16488242149353,5097.657992753544,1.6710652112960815,0.000388,16,2048,,1247.0686643123627
adammini-lotus-r8,adammini,lotus,8,1.1B,sdpa,666,194,6389760,2.34670090675354,10.45103385231923,nan,nan,nan,nan,22.23591375350952,4.097999572753906,0.01870039477944374,4.097999572753906,14.021214213222265,6.178244113922119,5098.563398043283,1.680659532546997,0.00039000000000000005,16,2048,,1253.2737362384796
adammini-lotus-r8,adammini,lotus,8,1.1B,sdpa,666,195,6422528,2.5250437259674072,12.491441452027214,nan,nan,nan,nan,22.23591375350952,4.097999572753906,0.01870039477944374,4.097999572753906,14.021214213222265,6.1614670753479,5099.529097434364,1.688521385192871,0.00039200000000000004,16,2048,,1259.4622943401337
adammini-lotus-r8,adammini,lotus,8,1.1B,sdpa,666,196,6455296,2.4417967796325684,11.493673799702309,nan,nan,nan,nan,22.23591375350952,4.097999572753906,0.01870039477944374,4.097999572753906,14.021214213222265,6.168363571166992,5100.456797371818,1.6196024417877197,0.00039400000000000004,16,2048,,1265.6578710079193
adammini-lotus-r8,adammini,lotus,8,1.1B,sdpa,666,197,6488064,1.9898635149002075,7.314535369088431,nan,nan,nan,nan,22.23591375350952,4.097999572753906,0.01870039477944374,4.097999572753906,14.021214213222265,6.164889812469482,5101.389153520594,1.940896987915039,0.00039600000000000003,16,2048,,1271.8497602939606
adammini-lotus-r8,adammini,lotus,8,1.1B,sdpa,666,198,6520832,2.43810772895813,11.451351167784367,nan,nan,nan,nan,22.23591375350952,4.097999572753906,0.01870039477944374,4.097999572753906,14.021214213222265,6.240270137786865,5102.012063244395,1.709356665611267,0.000398,16,2048,,1278.092881679535
adammini-lotus-r8,adammini,lotus,8,1.1B,sdpa,666,199,6553600,2.348039388656616,10.465031737867433,nan,nan,nan,nan,22.23591375350952,4.097999572753906,0.01870039477944374,4.097999572753906,14.021214213222265,6.446048974990845,5101.907463022995,1.7990078926086426,0.0004,16,2048,,1284.542426109314
adammini-lotus-r8,adammini,lotus,8,1.1B,sdpa,666,200,6586368,2.611203193664551,13.615422991111753,2.551297024779615,12.823725690807407,nan,nan,22.23591375350952,4.097999572753906,0.01870039477944374,4.097999572753906,14.021214213222265,6.171261310577393,5102.887507848943,3.2715861797332764,0.000402,16,2048,,1392.0050992965698
adammini-lotus-r8,adammini,lotus,8,1.1B,sdpa,666,201,6619136,2.4521877765655518,11.613727185880933,nan,nan,nan,nan,22.23591375350952,4.097999572753906,0.01870039477944374,4.097999572753906,14.021214213222265,6.1213059425354,4734.289190951376,2.6502597332000732,0.000404,16,2048,,1398.1533744335175
adammini-lotus-r8,adammini,lotus,8,1.1B,sdpa,666,202,6651904,2.2407634258270264,9.400505137152082,nan,nan,nan,nan,22.23591375350952,4.097999572753906,0.01870039477944374,4.097999572753906,14.021214213222265,6.129227161407471,4736.86912623623,2.2112059593200684,0.00040600000000000006,16,2048,,1404.3095037937164
adammini-lotus-r8,adammini,lotus,8,1.1B,sdpa,666,203,6684672,2.4633703231811523,11.744327090327735,nan,nan,nan,nan,22.23591375350952,4.097999572753906,0.01870039477944374,4.097999572753906,14.021214213222265,6.146801471710205,4739.367538117777,2.2371490001678467,0.000408,16,2048,,1410.4833679199219
adammini-lotus-r8,adammini,lotus,8,1.1B,sdpa,666,204,6717440,2.3127996921539307,10.102669462609487,nan,nan,nan,nan,22.23591375350952,4.097999572753906,0.01870039477944374,4.097999572753906,14.021214213222265,6.134032964706421,4741.886469189996,3.3041038513183594,0.00041,16,2048,,1416.6442530155182
adammini-lotus-r8,adammini,lotus,8,1.1B,sdpa,666,205,6750208,2.324888229370117,10.225537107193109,nan,nan,nan,nan,22.23591375350952,4.097999572753906,0.01870039477944374,4.097999572753906,14.021214213222265,6.153518915176392,4744.319170821265,2.8430027961730957,0.000412,16,2048,,1422.8247191905975
adammini-lotus-r8,adammini,lotus,8,1.1B,sdpa,666,206,6782976,2.5056397914886475,12.251394796999865,nan,nan,nan,nan,22.23591375350952,4.097999572753906,0.01870039477944374,4.097999572753906,14.021214213222265,6.145815372467041,4746.756207389307,3.170012950897217,0.000414,16,2048,,1428.997383594513
adammini-lotus-r8,adammini,lotus,8,1.1B,sdpa,666,207,6815744,2.3934478759765625,10.95118726022892,nan,nan,nan,nan,22.23591375350952,4.097999572753906,0.01870039477944374,4.097999572753906,14.021214213222265,6.146747589111328,4749.169548435911,2.978489637374878,0.000416,16,2048,,1435.1711449623108
adammini-lotus-r8,adammini,lotus,8,1.1B,sdpa,666,208,6848512,2.517280101776123,12.394838076359438,nan,nan,nan,nan,22.23591375350952,4.097999572753906,0.01870039477944374,4.097999572753906,14.021214213222265,6.161161661148071,4751.514045732291,2.557084560394287,0.00041799999999999997,16,2048,,1441.3592636585236
adammini-lotus-r8,adammini,lotus,8,1.1B,sdpa,666,209,6881280,2.5624797344207764,12.96793451160198,nan,nan,nan,nan,22.23591375350952,4.097999572753906,0.01870039477944374,4.097999572753906,14.021214213222265,6.156279563903809,4753.854866020956,2.889456272125244,0.00042,16,2048,,1447.5425896644592
adammini-lotus-r8,adammini,lotus,8,1.1B,sdpa,666,210,6914048,2.5089173316955566,12.291615111882548,nan,nan,nan,nan,22.23591375350952,4.097999572753906,0.01870039477944374,4.097999572753906,14.021214213222265,6.159528017044067,4756.164769091529,2.4456489086151123,0.000422,16,2048,,1453.7293021678925
adammini-lotus-r8,adammini,lotus,8,1.1B,sdpa,666,211,6946816,2.3063535690307617,10.037755856705585,nan,nan,nan,nan,22.23591375350952,4.097999572753906,0.01870039477944374,4.097999572753906,14.021214213222265,6.164279937744141,4758.439274302893,2.6199426651000977,0.000424,16,2048,,1459.9205267429352
adammini-lotus-r8,adammini,lotus,8,1.1B,sdpa,666,212,6979584,2.5992472171783447,13.45360657816545,nan,nan,nan,nan,22.23591375350952,4.097999572753906,0.01870039477944374,4.097999572753906,14.021214213222265,6.162523031234741,4760.700882150359,2.161497116088867,0.000426,16,2048,,1466.1100189685822
adammini-lotus-r8,adammini,lotus,8,1.1B,sdpa,666,213,7012352,2.4931819438934326,12.099715547961484,nan,nan,nan,nan,22.23591375350952,4.097999572753906,0.01870039477944374,4.097999572753906,14.021214213222265,6.171574831008911,4762.914132362701,2.3422815799713135,0.000428,16,2048,,1472.3081607818604
adammini-lotus-r8,adammini,lotus,8,1.1B,sdpa,666,214,7045120,2.498788595199585,12.167744964344626,nan,nan,nan,nan,22.23591375350952,4.097999572753906,0.01870039477944374,4.097999572753906,14.021214213222265,6.1773951053619385,4765.090996399015,2.635618209838867,0.00043,16,2048,,1478.512878894806
adammini-lotus-r8,adammini,lotus,8,1.1B,sdpa,666,215,7077888,2.290692090988159,9.881774402094532,nan,nan,nan,nan,22.23591375350952,4.097999572753906,0.01870039477944374,4.097999572753906,14.021214213222265,6.183804273605347,4767.227479709055,1.9157456159591675,0.000432,16,2048,,1484.723582983017
adammini-lotus-r8,adammini,lotus,8,1.1B,sdpa,666,216,7110656,2.375159978866577,10.752733258564374,nan,nan,nan,nan,22.23591375350952,4.097999572753906,0.01870039477944374,4.097999572753906,14.021214213222265,6.147676706314087,4769.462697992412,2.133488655090332,0.00043400000000000003,16,2048,,1490.8982672691345
adammini-lotus-r8,adammini,lotus,8,1.1B,sdpa,666,217,7143424,1.9649784564971924,7.134758880804747,nan,nan,nan,nan,22.23591375350952,4.097999572753906,0.01870039477944374,4.097999572753906,14.021214213222265,6.096225023269653,4771.843020713436,inf,0.000436,16,2048,,1496.994839668274
adammini-lotus-r8,adammini,lotus,8,1.1B,sdpa,666,218,7176192,2.4109444618225098,11.144481713655782,nan,nan,nan,nan,22.23591375350952,4.097999572753906,0.01870039477944374,4.097999572753906,14.021214213222265,6.1724371910095215,4774.046720386359,2.247889280319214,0.000438,16,2048,,1503.1941411495209
adammini-lotus-r8,adammini,lotus,8,1.1B,sdpa,666,219,7208960,2.6893768310546875,14.72249845734854,nan,nan,nan,nan,22.23591375350952,4.097999572753906,0.01870039477944374,4.097999572753906,14.021214213222265,6.17099928855896,4776.1529853066095,1.9650176763534546,0.00044,16,2048,,1509.3921494483948
adammini-lotus-r8,adammini,lotus,8,1.1B,sdpa,666,220,7241728,2.709890365600586,15.027627879601102,nan,nan,nan,nan,22.23591375350952,4.097999572753906,0.01870039477944374,4.097999572753906,14.021214213222265,6.161252498626709,4778.272202656706,1.9084621667861938,0.000442,16,2048,,1515.580647945404
adammini-lotus-r8,adammini,lotus,8,1.1B,sdpa,666,221,7274496,2.410163640975952,11.13578326641609,nan,nan,nan,nan,22.23591375350952,4.097999572753906,0.01870039477944374,4.097999572753906,14.021214213222265,6.163132905960083,4780.367736990799,2.2203266620635986,0.000444,16,2048,,1521.7707149982452
adammini-lotus-r8,adammini,lotus,8,1.1B,sdpa,666,222,7307264,2.4545419216156006,11.641099791148212,nan,nan,nan,nan,22.23591375350952,4.097999572753906,0.01870039477944374,4.097999572753906,14.021214213222265,6.154423713684082,4782.474374563799,1.908430576324463,0.000446,16,2048,,1527.9522302150726
adammini-lotus-r8,adammini,lotus,8,1.1B,sdpa,666,223,7340032,2.50203800201416,12.207347224831821,nan,nan,nan,nan,22.23591375350952,4.097999572753906,0.01870039477944374,4.097999572753906,14.021214213222265,6.173075199127197,4784.505416307458,2.0323057174682617,0.000448,16,2048,,1534.1524033546448
adammini-lotus-r8,adammini,lotus,8,1.1B,sdpa,666,224,7372800,2.3489267826080322,10.474322465391017,nan,nan,nan,nan,22.23591375350952,4.097999572753906,0.01870039477944374,4.097999572753906,14.021214213222265,6.17644739151001,4786.509629742235,1.935349464416504,0.00045000000000000004,16,2048,,1540.3558220863342
adammini-lotus-r8,adammini,lotus,8,1.1B,sdpa,666,225,7405568,2.4224367141723633,11.27329567336114,nan,nan,nan,nan,22.23591375350952,4.097999572753906,0.01870039477944374,4.097999572753906,14.021214213222265,6.173713207244873,4788.506609612647,1.8864144086837769,0.00045200000000000004,16,2048,,1546.5566809177399
adammini-lotus-r8,adammini,lotus,8,1.1B,sdpa,666,226,7438336,2.306999683380127,10.044243490450961,nan,nan,nan,nan,22.23591375350952,4.097999572753906,0.01870039477944374,4.097999572753906,14.021214213222265,6.1875059604644775,4790.4444837768315,1.7153257131576538,0.00045400000000000003,16,2048,,1552.7709448337555
adammini-lotus-r8,adammini,lotus,8,1.1B,sdpa,666,227,7471104,2.2777211666107178,9.754426350052814,nan,nan,nan,nan,22.23591375350952,4.097999572753906,0.01870039477944374,4.097999572753906,14.021214213222265,6.180567264556885,4792.389282936332,1.7583729028701782,0.000456,16,2048,,1558.9785923957825
adammini-lotus-r8,adammini,lotus,8,1.1B,sdpa,666,228,7503872,2.3909125328063965,10.923457409601065,nan,nan,nan,nan,22.23591375350952,4.097999572753906,0.01870039477944374,4.097999572753906,14.021214213222265,6.171035528182983,4794.347132526643,1.9674053192138672,0.000458,16,2048,,1565.1768028736115
adammini-lotus-r8,adammini,lotus,8,1.1B,sdpa,666,229,7536640,2.7217893600463867,15.20750962382098,nan,nan,nan,nan,22.23591375350952,4.097999572753906,0.01870039477944374,4.097999572753906,14.021214213222265,6.154230833053589,4796.340606194494,1.815246343612671,0.00046,16,2048,,1571.3582479953766
adammini-lotus-r8,adammini,lotus,8,1.1B,sdpa,666,230,7569408,2.530380964279175,12.558289485169308,nan,nan,nan,nan,22.23591375350952,4.097999572753906,0.01870039477944374,4.097999572753906,14.021214213222265,6.157833576202393,4798.307261018565,1.7750475406646729,0.000462,16,2048,,1577.5431826114655
adammini-lotus-r8,adammini,lotus,8,1.1B,sdpa,666,231,7602176,2.2383179664611816,9.377544669708325,nan,nan,nan,nan,22.23591375350952,4.097999572753906,0.01870039477944374,4.097999572753906,14.021214213222265,6.183554410934448,4800.180957043029,1.6641889810562134,0.00046400000000000006,16,2048,,1583.7538847923279
adammini-lotus-r8,adammini,lotus,8,1.1B,sdpa,666,232,7634944,2.6030399799346924,13.50472980398294,nan,nan,nan,nan,22.23591375350952,4.097999572753906,0.01870039477944374,4.097999572753906,14.021214213222265,6.160248041152954,4802.110182089978,1.7819905281066895,0.00046600000000000005,16,2048,,1589.9410812854767
adammini-lotus-r8,adammini,lotus,8,1.1B,sdpa,666,233,7667712,2.5851361751556396,13.265095343404793,nan,nan,nan,nan,22.23591375350952,4.097999572753906,0.01870039477944374,4.097999572753906,14.021214213222265,6.201184272766113,4803.901908919277,1.8988978862762451,0.00046800000000000005,16,2048,,1596.1692016124725
adammini-lotus-r8,adammini,lotus,8,1.1B,sdpa,666,234,7700480,2.273003578186035,9.708517356227789,nan,nan,nan,nan,22.23591375350952,4.097999572753906,0.01870039477944374,4.097999572753906,14.021214213222265,6.126652956008911,4805.903278137027,1.9502356052398682,0.00047,16,2048,,1602.3230001926422
adammini-lotus-r8,adammini,lotus,8,1.1B,sdpa,666,235,7733248,2.5373682975769043,12.646345720320966,nan,nan,nan,nan,22.23591375350952,4.097999572753906,0.01870039477944374,4.097999572753906,14.021214213222265,6.168639898300171,4807.763152813981,2.006078004837036,0.000472,16,2048,,1608.5186676979065
adammini-lotus-r8,adammini,lotus,8,1.1B,sdpa,666,236,7766016,2.2339589595794678,9.336756849737352,nan,nan,nan,nan,22.23591375350952,4.097999572753906,0.01870039477944374,4.097999572753906,14.021214213222265,6.1733410358428955,4809.595163802937,1.9434384107589722,0.000474,16,2048,,1614.7190232276917
adammini-lotus-r8,adammini,lotus,8,1.1B,sdpa,666,237,7798784,2.6258738040924072,13.816641951148231,nan,nan,nan,nan,22.23591375350952,4.097999572753906,0.01870039477944374,4.097999572753906,14.021214213222265,6.1777708530426025,4811.400013832656,2.1330018043518066,0.00047599999999999997,16,2048,,1620.9239649772644
adammini-lotus-r8,adammini,lotus,8,1.1B,sdpa,666,238,7831552,1.9298102855682373,6.888203326034978,nan,nan,nan,nan,22.23591375350952,4.097999572753906,0.01870039477944374,4.097999572753906,14.021214213222265,6.147361516952515,4813.280623671986,1.888867735862732,0.00047799999999999996,16,2048,,1627.0985352993011
adammini-lotus-r8,adammini,lotus,8,1.1B,sdpa,666,239,7864320,2.600970506668091,13.476811025228079,nan,nan,nan,nan,22.23591375350952,4.097999572753906,0.01870039477944374,4.097999572753906,14.021214213222265,6.166587591171265,4815.09018475042,1.8110361099243164,0.00048,16,2048,,1633.2919354438782
adammini-lotus-r8,adammini,lotus,8,1.1B,sdpa,666,240,7897088,2.3733890056610107,10.733707308273605,nan,nan,nan,nan,22.23591375350952,4.097999572753906,0.01870039477944374,4.097999572753906,14.021214213222265,6.176231622695923,4816.858680197145,1.6502209901809692,0.000482,16,2048,,1639.495127439499
adammini-lotus-r8,adammini,lotus,8,1.1B,sdpa,666,241,7929856,2.4892845153808594,12.052649549350805,nan,nan,nan,nan,22.23591375350952,4.097999572753906,0.01870039477944374,4.097999572753906,14.021214213222265,6.168662786483765,4818.635888931447,1.7135226726531982,0.000484,16,2048,,1645.6908016204834
adammini-lotus-r8,adammini,lotus,8,1.1B,sdpa,666,242,7962624,2.4083147048950195,11.11521293741719,nan,nan,nan,nan,22.23591375350952,4.097999572753906,0.01870039477944374,4.097999572753906,14.021214213222265,6.164555788040161,4820.411576482797,1.6517161130905151,0.000486,16,2048,,1651.8824288845062
adammini-lotus-r8,adammini,lotus,8,1.1B,sdpa,666,243,7995392,2.623033046722412,13.777447920420412,nan,nan,nan,nan,22.23591375350952,4.097999572753906,0.01870039477944374,4.097999572753906,14.021214213222265,6.15556788444519,4822.19998292669,2.0888357162475586,0.000488,16,2048,,1658.0648953914642
adammini-lotus-r8,adammini,lotus,8,1.1B,sdpa,666,244,8028160,2.5796337127685547,13.192305101656608,nan,nan,nan,nan,22.23591375350952,4.097999572753906,0.01870039477944374,4.097999572753906,14.021214213222265,6.173846006393433,4823.92249490572,1.9651578664779663,0.00049,16,2048,,1664.265459060669
adammini-lotus-r8,adammini,lotus,8,1.1B,sdpa,666,245,8060928,2.3371217250823975,10.351399470195862,nan,nan,nan,nan,22.23591375350952,4.097999572753906,0.01870039477944374,4.097999572753906,14.021214213222265,6.179795265197754,4825.615655001545,1.7621127367019653,0.000492,16,2048,,1670.4720029830933
adammini-lotus-r8,adammini,lotus,8,1.1B,sdpa,666,246,8093696,2.5396506786346436,12.675242464389065,nan,nan,nan,nan,22.23591375350952,4.097999572753906,0.01870039477944374,4.097999572753906,14.021214213222265,6.18489933013916,4827.281360892937,1.7219313383102417,0.000494,16,2048,,1676.6839592456818
adammini-lotus-r8,adammini,lotus,8,1.1B,sdpa,666,247,8126464,2.2882490158081055,9.857661950576965,nan,nan,nan,nan,22.23591375350952,4.097999572753906,0.01870039477944374,4.097999572753906,14.021214213222265,6.179673671722412,4828.948903005907,1.6554417610168457,0.000496,16,2048,,1682.8906795978546
adammini-lotus-r8,adammini,lotus,8,1.1B,sdpa,666,248,8159232,2.332519054412842,10.303864864450047,nan,nan,nan,nan,22.23591375350952,4.097999572753906,0.01870039477944374,4.097999572753906,14.021214213222265,6.186846494674683,4830.583821462896,1.7338805198669434,0.000498,16,2048,,1689.104294538498
adammini-lotus-r8,adammini,lotus,8,1.1B,sdpa,666,249,8192000,2.281104803085327,9.787487685066019,nan,nan,nan,nan,22.23591375350952,4.097999572753906,0.01870039477944374,4.097999572753906,14.021214213222265,6.175772190093994,4832.239084665172,1.8091505765914917,0.0005,16,2048,,1695.3070228099823
