run_name,opt,proj,rank,size,attention,seed,step,tokens_seen,train_loss,train_ppl_capped,val_loss,val_perplexity,test_loss,test_perplexity,vram_total_peak_gb,vram_model_gb,vram_optimizer_gb,vram_gradients_gb,vram_activations_gb,iter_time,tokens_per_sec,grad_norm,lr,batch_size,sequence_length,max_projected_params,wall_time_sec
adammini-adaptive_stochastic-r8,adammini,adaptive_stochastic,8,1.1B,sdpa,666,0,32768,2.5204966068267822,12.434770322341665,nan,nan,nan,nan,22.17638635635376,4.097999572753906,0.018328461796045303,4.097999572753906,13.962058749049902,12.755245447158813,2568.925559674993,2.5158324241638184,2e-06,16,2048,,12.758260726928711
adammini-adaptive_stochastic-r8,adammini,adaptive_stochastic,8,1.1B,sdpa,666,1,65536,2.550102472305298,12.808416223355094,nan,nan,nan,nan,22.20994520187378,4.097999572753906,0.018328461796045303,4.097999572753906,13.995617594569921,6.133893728256226,3468.902786754834,3.142854928970337,4e-06,16,2048,,18.921287536621094
adammini-adaptive_stochastic-r8,adammini,adaptive_stochastic,8,1.1B,sdpa,666,2,98304,2.651090145111084,14.169477014909754,nan,nan,nan,nan,22.20994520187378,4.097999572753906,0.018328461796045303,4.097999572753906,13.995617594569921,6.141966819763184,3922.1712512418,2.4445717334747314,6e-06,16,2048,,25.092905282974243
adammini-adaptive_stochastic-r8,adammini,adaptive_stochastic,8,1.1B,sdpa,666,3,131072,2.3591485023498535,10.58193712054508,nan,nan,nan,nan,22.20994520187378,4.097999572753906,0.018328461796045303,4.097999572753906,13.995617594569921,6.140385866165161,4196.513355168051,2.1922073364257812,8e-06,16,2048,,31.262758255004883
adammini-adaptive_stochastic-r8,adammini,adaptive_stochastic,8,1.1B,sdpa,666,4,163840,2.5126543045043945,12.33763447633428,nan,nan,nan,nan,22.20994520187378,4.097999572753906,0.018328461796045303,4.097999572753906,13.995617594569921,6.173884391784668,4376.428606328181,2.4144656658172607,1e-05,16,2048,,37.465760946273804
adammini-adaptive_stochastic-r8,adammini,adaptive_stochastic,8,1.1B,sdpa,666,5,196608,2.343891143798828,10.421710140194543,nan,nan,nan,nan,22.20994520187378,4.097999572753906,0.018328461796045303,4.097999572753906,13.995617594569921,6.15225625038147,4507.453366433939,1.7209818363189697,1.2e-05,16,2048,,43.6474130153656
adammini-adaptive_stochastic-r8,adammini,adaptive_stochastic,8,1.1B,sdpa,666,6,229376,2.3027873039245605,10.002022313765233,nan,nan,nan,nan,22.20994520187378,4.097999572753906,0.018328461796045303,4.097999572753906,13.995617594569921,6.143242835998535,4606.783923592233,1.859248161315918,1.4e-05,16,2048,,49.82003307342529
adammini-adaptive_stochastic-r8,adammini,adaptive_stochastic,8,1.1B,sdpa,666,7,262144,2.4947385787963867,12.118565054593015,nan,nan,nan,nan,22.20994520187378,4.097999572753906,0.018328461796045303,4.097999572753906,13.995617594569921,6.162253379821777,4682.60315390323,1.9383009672164917,1.6e-05,16,2048,,56.011553049087524
adammini-adaptive_stochastic-r8,adammini,adaptive_stochastic,8,1.1B,sdpa,666,8,294912,2.6011908054351807,13.479780277130496,nan,nan,nan,nan,22.20994520187378,4.097999572753906,0.018328461796045303,4.097999572753906,13.995617594569921,6.163210391998291,4743.251937826206,2.101944923400879,1.8e-05,16,2048,,62.20378351211548
adammini-adaptive_stochastic-r8,adammini,adaptive_stochastic,8,1.1B,sdpa,666,9,327680,2.371047019958496,10.708598532895708,nan,nan,nan,nan,22.20994520187378,4.097999572753906,0.018328461796045303,4.097999572753906,13.995617594569921,6.182597637176514,4791.569413185372,1.827497124671936,2e-05,16,2048,,68.41597199440002
adammini-adaptive_stochastic-r8,adammini,adaptive_stochastic,8,1.1B,sdpa,666,10,360448,2.464123010635376,11.753170225627922,nan,nan,nan,nan,22.20994520187378,4.097999572753906,0.018328461796045303,4.097999572753906,13.995617594569921,6.167474985122681,4832.798714731204,1.6683820486068726,2.2e-05,16,2048,,74.61294746398926
adammini-adaptive_stochastic-r8,adammini,adaptive_stochastic,8,1.1B,sdpa,666,11,393216,2.024641990661621,7.573399111629806,nan,nan,nan,nan,22.20994520187378,4.097999572753906,0.018328461796045303,4.097999572753906,13.995617594569921,6.162122011184692,4868.022772725372,2.0286571979522705,2.4e-05,16,2048,,80.8041832447052
adammini-adaptive_stochastic-r8,adammini,adaptive_stochastic,8,1.1B,sdpa,666,12,425984,2.282869338989258,9.804773304558681,nan,nan,nan,nan,22.20994520187378,4.097999572753906,0.018328461796045303,4.097999572753906,13.995617594569921,6.174767017364502,4897.537345564928,1.8107638359069824,2.6e-05,16,2048,,87.00821161270142
adammini-adaptive_stochastic-r8,adammini,adaptive_stochastic,8,1.1B,sdpa,666,13,458752,2.55338191986084,12.850489703807886,nan,nan,nan,nan,22.20994520187378,4.097999572753906,0.018328461796045303,4.097999572753906,13.995617594569921,6.171024560928345,4923.314483183206,1.8108634948730469,2.8e-05,16,2048,,93.20825433731079
adammini-adaptive_stochastic-r8,adammini,adaptive_stochastic,8,1.1B,sdpa,666,14,491520,2.363312244415283,10.626089432899636,nan,nan,nan,nan,22.20994520187378,4.097999572753906,0.018328461796045303,4.097999572753906,13.995617594569921,6.166531085968018,4946.104794128469,1.668614387512207,3e-05,16,2048,,99.4041531085968
adammini-adaptive_stochastic-r8,adammini,adaptive_stochastic,8,1.1B,sdpa,666,15,524288,2.491364002227783,12.077738953060667,nan,nan,nan,nan,22.20994520187378,4.097999572753906,0.018328461796045303,4.097999572753906,13.995617594569921,6.153092384338379,4966.847390884384,1.806711196899414,3.2e-05,16,2048,,105.58622908592224
adammini-adaptive_stochastic-r8,adammini,adaptive_stochastic,8,1.1B,sdpa,666,16,557056,2.3988161087036133,11.010133860052694,nan,nan,nan,nan,22.20994520187378,4.097999572753906,0.018328461796045303,4.097999572753906,13.995617594569921,6.16902232170105,4984.594652572635,1.6951981782913208,3.4000000000000007e-05,16,2048,,111.78459191322327
adammini-adaptive_stochastic-r8,adammini,adaptive_stochastic,8,1.1B,sdpa,666,17,589824,2.3994815349578857,11.017462730327143,nan,nan,nan,nan,22.20994520187378,4.097999572753906,0.018328461796045303,4.097999572753906,13.995617594569921,6.1772377490997314,5000.114715169405,2.551034688949585,3.6e-05,16,2048,,117.99089169502258
adammini-adaptive_stochastic-r8,adammini,adaptive_stochastic,8,1.1B,sdpa,666,18,622592,2.4931247234344482,12.0990232164922,nan,nan,nan,nan,22.20994520187378,4.097999572753906,0.018328461796045303,4.097999572753906,13.995617594569921,6.172546625137329,5014.279928651961,1.8279445171356201,3.8e-05,16,2048,,124.19275045394897
adammini-adaptive_stochastic-r8,adammini,adaptive_stochastic,8,1.1B,sdpa,666,19,655360,2.355729341506958,10.545817559982552,nan,nan,nan,nan,22.20994520187378,4.097999572753906,0.018328461796045303,4.097999572753906,13.995617594569921,6.171333074569702,5027.1389559466215,1.8202790021896362,4e-05,16,2048,,130.39355087280273
adammini-adaptive_stochastic-r8,adammini,adaptive_stochastic,8,1.1B,sdpa,666,20,688128,2.358273983001709,10.572687057061584,nan,nan,nan,nan,22.20994520187378,4.097999572753906,0.018328461796045303,4.097999572753906,13.995617594569921,6.176637649536133,5038.63073551247,1.7340972423553467,4.2000000000000004e-05,16,2048,,136.59966778755188
adammini-adaptive_stochastic-r8,adammini,adaptive_stochastic,8,1.1B,sdpa,666,21,720896,2.427002191543579,11.324881316597894,nan,nan,nan,nan,22.20994520187378,4.097999572753906,0.018328461796045303,4.097999572753906,13.995617594569921,6.169308662414551,5049.379771524079,2.0062057971954346,4.4e-05,16,2048,,142.79829502105713
adammini-adaptive_stochastic-r8,adammini,adaptive_stochastic,8,1.1B,sdpa,666,22,753664,2.4632937908172607,11.74342830360677,nan,nan,nan,nan,22.20994520187378,4.097999572753906,0.018328461796045303,4.097999572753906,13.995617594569921,6.16985559463501,5059.220062576092,1.6284488439559937,4.6e-05,16,2048,,148.99742889404297
adammini-adaptive_stochastic-r8,adammini,adaptive_stochastic,8,1.1B,sdpa,666,23,786432,2.608924388885498,13.584431425406276,nan,nan,nan,nan,22.20994520187378,4.097999572753906,0.018328461796045303,4.097999572753906,13.995617594569921,6.148705005645752,5068.967406549257,1.7250328063964844,4.8e-05,16,2048,,155.175541639328
adammini-adaptive_stochastic-r8,adammini,adaptive_stochastic,8,1.1B,sdpa,666,24,819200,2.2824039459228516,9.800211292691742,nan,nan,nan,nan,22.20994520187378,4.097999572753906,0.018328461796045303,4.097999572753906,13.995617594569921,6.159868955612183,5077.612364116901,1.7699658870697021,5e-05,16,2048,,161.36461639404297
adammini-adaptive_stochastic-r8,adammini,adaptive_stochastic,8,1.1B,sdpa,666,25,851968,2.527371406555176,12.520551404000026,nan,nan,nan,nan,22.20994520187378,4.097999572753906,0.018328461796045303,4.097999572753906,13.995617594569921,6.163599014282227,5085.509800618544,1.769079566001892,5.2e-05,16,2048,,167.5577495098114
adammini-adaptive_stochastic-r8,adammini,adaptive_stochastic,8,1.1B,sdpa,666,26,884736,2.2172722816467285,9.182250082702057,nan,nan,nan,nan,22.20994520187378,4.097999572753906,0.018328461796045303,4.097999572753906,13.995617594569921,6.174746036529541,5092.509178175636,1.6840479373931885,5.4e-05,16,2048,,173.76170229911804
adammini-adaptive_stochastic-r8,adammini,adaptive_stochastic,8,1.1B,sdpa,666,27,917504,2.410282850265503,11.137110834355513,nan,nan,nan,nan,22.20994520187378,4.097999572753906,0.018328461796045303,4.097999572753906,13.995617594569921,6.17836332321167,5098.934578358113,1.7507045269012451,5.6e-05,16,2048,,179.96926593780518
adammini-adaptive_stochastic-r8,adammini,adaptive_stochastic,8,1.1B,sdpa,666,28,950272,2.4968533515930176,12.144220184128312,nan,nan,nan,nan,22.20994520187378,4.097999572753906,0.018328461796045303,4.097999572753906,13.995617594569921,6.178067922592163,5104.938128964937,1.5074450969696045,5.800000000000001e-05,16,2048,,186.17660403251648
adammini-adaptive_stochastic-r8,adammini,adaptive_stochastic,8,1.1B,sdpa,666,29,983040,2.2721786499023438,9.700511828115195,nan,nan,nan,nan,22.20994520187378,4.097999572753906,0.018328461796045303,4.097999572753906,13.995617594569921,6.176584482192993,5110.591686430904,1.5554229021072388,6e-05,16,2048,,192.3825399875641
adammini-adaptive_stochastic-r8,adammini,adaptive_stochastic,8,1.1B,sdpa,666,30,1015808,2.2178378105163574,9.18744437883575,nan,nan,nan,nan,22.20994520187378,4.097999572753906,0.018328461796045303,4.097999572753906,13.995617594569921,6.187617778778076,5115.605463613512,3.526205539703369,6.2e-05,16,2048,,198.59963011741638
adammini-adaptive_stochastic-r8,adammini,adaptive_stochastic,8,1.1B,sdpa,666,31,1048576,2.353882074356079,10.526354599802945,nan,nan,nan,nan,22.20994520187378,4.097999572753906,0.018328461796045303,4.097999572753906,13.995617594569921,6.160579681396484,5120.988943822616,1.7901716232299805,6.4e-05,16,2048,,204.78952836990356
adammini-adaptive_stochastic-r8,adammini,adaptive_stochastic,8,1.1B,sdpa,666,32,1081344,2.3275163173675537,10.252446062595222,nan,nan,nan,nan,22.20994520187378,4.097999572753906,0.018328461796045303,4.097999572753906,13.995617594569921,6.179011344909668,5125.611273003257,2.028820753097534,6.6e-05,16,2048,,210.9976146221161
adammini-adaptive_stochastic-r8,adammini,adaptive_stochastic,8,1.1B,sdpa,666,33,1114112,2.4253525733947754,11.306214987235792,nan,nan,nan,nan,22.20994520187378,4.097999572753906,0.018328461796045303,4.097999572753906,13.995617594569921,6.165436506271362,5130.2939566093055,1.6673293113708496,6.800000000000001e-05,16,2048,,217.19242358207703
adammini-adaptive_stochastic-r8,adammini,adaptive_stochastic,8,1.1B,sdpa,666,34,1146880,2.414257764816284,11.181467997828534,nan,nan,nan,nan,22.20994520187378,4.097999572753906,0.018328461796045303,4.097999572753906,13.995617594569921,6.173901557922363,5134.517463492085,2.4124255180358887,7.000000000000001e-05,16,2048,,223.39573860168457
adammini-adaptive_stochastic-r8,adammini,adaptive_stochastic,8,1.1B,sdpa,666,35,1179648,2.6289877891540527,13.859733826693102,nan,nan,nan,nan,22.20994520187378,4.097999572753906,0.018328461796045303,4.097999572753906,13.995617594569921,6.189721584320068,5138.159405693168,1.8982055187225342,7.2e-05,16,2048,,229.61485195159912
adammini-adaptive_stochastic-r8,adammini,adaptive_stochastic,8,1.1B,sdpa,666,36,1212416,2.4044952392578125,11.072839736557594,nan,nan,nan,nan,22.20994520187378,4.097999572753906,0.018328461796045303,4.097999572753906,13.995617594569921,6.161569356918335,5142.221478763622,1.8523606061935425,7.4e-05,16,2048,,235.80585765838623
adammini-adaptive_stochastic-r8,adammini,adaptive_stochastic,8,1.1B,sdpa,666,37,1245184,2.682457685470581,14.62098295243977,nan,nan,nan,nan,22.20994520187378,4.097999572753906,0.018328461796045303,4.097999572753906,13.995617594569921,6.21112585067749,5145.02152908209,1.767663598060608,7.6e-05,16,2048,,242.0464107990265
adammini-adaptive_stochastic-r8,adammini,adaptive_stochastic,8,1.1B,sdpa,666,38,1277952,2.215179443359375,9.16305321314354,nan,nan,nan,nan,22.20994520187378,4.097999572753906,0.018328461796045303,4.097999572753906,13.995617594569921,6.131486654281616,5149.333178206076,1.589544415473938,7.8e-05,16,2048,,248.20731449127197
adammini-adaptive_stochastic-r8,adammini,adaptive_stochastic,8,1.1B,sdpa,666,39,1310720,2.463867664337158,11.750169480249403,nan,nan,nan,nan,22.20994520187378,4.097999572753906,0.018328461796045303,4.097999572753906,13.995617594569921,6.188476085662842,5152.28122261749,1.633134126663208,8e-05,16,2048,,254.4250524044037
adammini-adaptive_stochastic-r8,adammini,adaptive_stochastic,8,1.1B,sdpa,666,40,1343488,2.1986796855926514,9.013105506961178,nan,nan,nan,nan,22.20994520187378,4.097999572753906,0.018328461796045303,4.097999572753906,13.995617594569921,6.161667823791504,5155.622214188292,2.7018020153045654,8.2e-05,16,2048,,260.6161947250366
adammini-adaptive_stochastic-r8,adammini,adaptive_stochastic,8,1.1B,sdpa,666,41,1376256,2.295510768890381,9.929506400242984,nan,nan,nan,nan,22.20994520187378,4.097999572753906,0.018328461796045303,4.097999572753906,13.995617594569921,6.164907455444336,5158.741872561471,1.6563143730163574,8.400000000000001e-05,16,2048,,266.81019711494446
adammini-adaptive_stochastic-r8,adammini,adaptive_stochastic,8,1.1B,sdpa,666,42,1409024,2.4097399711608887,11.131066370452794,nan,nan,nan,nan,22.20994520187378,4.097999572753906,0.018328461796045303,4.097999572753906,13.995617594569921,6.1797935962677,5161.442938927894,1.6826757192611694,8.599999999999999e-05,16,2048,,273.01918482780457
adammini-adaptive_stochastic-r8,adammini,adaptive_stochastic,8,1.1B,sdpa,666,43,1441792,2.3153152465820312,10.128115269249124,nan,nan,nan,nan,22.20994520187378,4.097999572753906,0.018328461796045303,4.097999572753906,13.995617594569921,6.199234485626221,5163.6646012408855,1.6730698347091675,8.8e-05,16,2048,,279.24805092811584
adammini-adaptive_stochastic-r8,adammini,adaptive_stochastic,8,1.1B,sdpa,666,44,1474560,2.4549617767333984,11.645988392652688,nan,nan,nan,nan,22.20994520187378,4.097999572753906,0.018328461796045303,4.097999572753906,13.995617594569921,6.1537370681762695,5166.6058205871595,1.6132136583328247,8.999999999999999e-05,16,2048,,285.43117237091064
adammini-adaptive_stochastic-r8,adammini,adaptive_stochastic,8,1.1B,sdpa,666,45,1507328,2.5252199172973633,12.493642529609414,nan,nan,nan,nan,22.20994520187378,4.097999572753906,0.018328461796045303,4.097999572753906,13.995617594569921,6.185968399047852,5168.854715957164,3.3296663761138916,9.2e-05,16,2048,,291.6462836265564
adammini-adaptive_stochastic-r8,adammini,adaptive_stochastic,8,1.1B,sdpa,666,46,1540096,2.4788548946380615,11.927598238037122,nan,nan,nan,nan,22.20994520187378,4.097999572753906,0.018328461796045303,4.097999572753906,13.995617594569921,6.189794540405273,5170.947086712787,2.8086836338043213,9.400000000000001e-05,16,2048,,297.86509799957275
adammini-adaptive_stochastic-r8,adammini,adaptive_stochastic,8,1.1B,sdpa,666,47,1572864,2.3471779823303223,10.456020974844883,nan,nan,nan,nan,22.20994520187378,4.097999572753906,0.018328461796045303,4.097999572753906,13.995617594569921,6.153566598892212,5173.572479117067,1.5490787029266357,9.6e-05,16,2048,,304.0480237007141
adammini-adaptive_stochastic-r8,adammini,adaptive_stochastic,8,1.1B,sdpa,666,48,1605632,2.248939275741577,9.477677300409036,nan,nan,nan,nan,22.20994520187378,4.097999572753906,0.018328461796045303,4.097999572753906,13.995617594569921,6.166945695877075,5175.864384778565,1.7331184148788452,9.800000000000001e-05,16,2048,,310.2441372871399
adammini-adaptive_stochastic-r8,adammini,adaptive_stochastic,8,1.1B,sdpa,666,49,1638400,2.433095693588257,11.394100182527852,nan,nan,nan,nan,22.20994520187378,4.097999572753906,0.018328461796045303,4.097999572753906,13.995617594569921,6.172641277313232,5177.975972160976,1.6117417812347412,0.0001,16,2048,,316.44624066352844
adammini-adaptive_stochastic-r8,adammini,adaptive_stochastic,8,1.1B,sdpa,666,50,1671168,2.6252753734588623,13.80837612286105,2.456761901437279,11.666971504502184,nan,nan,22.20994520187378,4.097999572753906,0.018328461796045303,4.097999572753906,13.995617594569921,6.1794140338897705,5179.893932259311,2.056286096572876,0.000102,16,2048,,336.7482576370239
adammini-adaptive_stochastic-r8,adammini,adaptive_stochastic,8,1.1B,sdpa,666,51,1703936,2.4951364994049072,12.123388240932913,nan,nan,nan,nan,22.20994520187378,4.097999572753906,0.018328461796045303,4.097999572753906,13.995617594569921,6.181803464889526,4968.752113513801,1.864205002784729,0.000104,16,2048,,342.95942521095276
adammini-adaptive_stochastic-r8,adammini,adaptive_stochastic,8,1.1B,sdpa,666,52,1736704,2.463548183441162,11.746416125170294,nan,nan,nan,nan,22.20994520187378,4.097999572753906,0.018328461796045303,4.097999572753906,13.995617594569921,6.1773600578308105,4974.276079643138,1.724025011062622,0.000106,16,2048,,349.1660101413727
adammini-adaptive_stochastic-r8,adammini,adaptive_stochastic,8,1.1B,sdpa,666,53,1769472,2.1617608070373535,8.686419308744696,nan,nan,nan,nan,22.20994520187378,4.097999572753906,0.018328461796045303,4.097999572753906,13.995617594569921,6.158971548080444,4979.865688212122,1.633113980293274,0.000108,16,2048,,355.3543653488159
adammini-adaptive_stochastic-r8,adammini,adaptive_stochastic,8,1.1B,sdpa,666,54,1802240,2.483133316040039,11.978738852151649,nan,nan,nan,nan,22.20994520187378,4.097999572753906,0.018328461796045303,4.097999572753906,13.995617594569921,6.181960344314575,4984.945074243944,1.6517223119735718,0.00011,16,2048,,361.565495967865
adammini-adaptive_stochastic-r8,adammini,adaptive_stochastic,8,1.1B,sdpa,666,55,1835008,1.9410055875778198,6.965752123716802,nan,nan,nan,nan,22.20994520187378,4.097999572753906,0.018328461796045303,4.097999572753906,13.995617594569921,6.174360275268555,4989.958715912509,3.6524386405944824,0.000112,16,2048,,367.76914381980896
adammini-adaptive_stochastic-r8,adammini,adaptive_stochastic,8,1.1B,sdpa,666,56,1867776,2.1204724311828613,8.335074306690387,nan,nan,nan,nan,22.20994520187378,4.097999572753906,0.018328461796045303,4.097999572753906,13.995617594569921,6.128262042999268,4995.420362973111,1.5943856239318848,0.000114,16,2048,,373.92654943466187
adammini-adaptive_stochastic-r8,adammini,adaptive_stochastic,8,1.1B,sdpa,666,57,1900544,2.2809360027313232,9.785835693112306,nan,nan,nan,nan,22.20994520187378,4.097999572753906,0.018328461796045303,4.097999572753906,13.995617594569921,6.165055274963379,5000.222357116251,1.6151175498962402,0.00011600000000000001,16,2048,,380.12102460861206
adammini-adaptive_stochastic-r8,adammini,adaptive_stochastic,8,1.1B,sdpa,666,58,1933312,2.5012009143829346,12.197132881206638,nan,nan,nan,nan,22.20994520187378,4.097999572753906,0.018328461796045303,4.097999572753906,13.995617594569921,6.1752049922943115,5004.736018373479,1.752395749092102,0.000118,16,2048,,386.3254873752594
adammini-adaptive_stochastic-r8,adammini,adaptive_stochastic,8,1.1B,sdpa,666,59,1966080,2.5010335445404053,12.195091619824565,nan,nan,nan,nan,22.20994520187378,4.097999572753906,0.018328461796045303,4.097999572753906,13.995617594569921,6.172328948974609,5009.145613533065,1.680533528327942,0.00012,16,2048,,392.527037858963
adammini-adaptive_stochastic-r8,adammini,adaptive_stochastic,8,1.1B,sdpa,666,60,1998848,2.1579723358154297,8.653573316505335,nan,nan,nan,nan,22.20994520187378,4.097999572753906,0.018328461796045303,4.097999572753906,13.995617594569921,6.177069664001465,5013.358542448788,1.7183659076690674,0.000122,16,2048,,398.73350715637207
adammini-adaptive_stochastic-r8,adammini,adaptive_stochastic,8,1.1B,sdpa,666,61,2031616,2.3139500617980957,10.114297954133754,nan,nan,nan,nan,22.20994520187378,4.097999572753906,0.018328461796045303,4.097999572753906,13.995617594569921,6.181708097457886,5017.383242690517,1.7903540134429932,0.000124,16,2048,,404.9443542957306
adammini-adaptive_stochastic-r8,adammini,adaptive_stochastic,8,1.1B,sdpa,666,62,2064384,2.389846086502075,10.911814338274857,nan,nan,nan,nan,22.20994520187378,4.097999572753906,0.018328461796045303,4.097999572753906,13.995617594569921,6.185277462005615,5021.2448657856985,1.9518743753433228,0.000126,16,2048,,411.15896248817444
adammini-adaptive_stochastic-r8,adammini,adaptive_stochastic,8,1.1B,sdpa,666,63,2097152,2.4339518547058105,11.403859545270956,nan,nan,nan,nan,22.20994520187378,4.097999572753906,0.018328461796045303,4.097999572753906,13.995617594569921,6.207827806472778,5024.718421112476,1.753658652305603,0.000128,16,2048,,417.3960587978363
adammini-adaptive_stochastic-r8,adammini,adaptive_stochastic,8,1.1B,sdpa,666,64,2129920,2.6349239349365234,13.942251904551519,nan,nan,nan,nan,22.20994520187378,4.097999572753906,0.018328461796045303,4.097999572753906,13.995617594569921,6.132651329040527,5028.9830855309265,1.7070871591567993,0.00013000000000000002,16,2048,,423.5578682422638
adammini-adaptive_stochastic-r8,adammini,adaptive_stochastic,8,1.1B,sdpa,666,65,2162688,2.4287471771240234,11.344660323217392,nan,nan,nan,nan,22.20994520187378,4.097999572753906,0.018328461796045303,4.097999572753906,13.995617594569921,6.177525758743286,5032.60072952106,1.8015872240066528,0.000132,16,2048,,429.76477432250977
adammini-adaptive_stochastic-r8,adammini,adaptive_stochastic,8,1.1B,sdpa,666,66,2195456,2.4377598762512207,11.447368477017926,nan,nan,nan,nan,22.20994520187378,4.097999572753906,0.018328461796045303,4.097999572753906,13.995617594569921,6.171102285385132,5036.1870811393355,1.9399924278259277,0.000134,16,2048,,435.96503615379333
adammini-adaptive_stochastic-r8,adammini,adaptive_stochastic,8,1.1B,sdpa,666,67,2228224,2.469264507293701,11.813754725106039,nan,nan,nan,nan,22.20994520187378,4.097999572753906,0.018328461796045303,4.097999572753906,13.995617594569921,6.179911375045776,5039.574410998545,1.8813152313232422,0.00013600000000000003,16,2048,,442.1742925643921
adammini-adaptive_stochastic-r8,adammini,adaptive_stochastic,8,1.1B,sdpa,666,68,2260992,2.422029972076416,11.268711281846434,nan,nan,nan,nan,22.20994520187378,4.097999572753906,0.018328461796045303,4.097999572753906,13.995617594569921,6.154338121414185,5043.1539739158425,1.8628357648849487,0.00013800000000000002,16,2048,,448.35764026641846
adammini-adaptive_stochastic-r8,adammini,adaptive_stochastic,8,1.1B,sdpa,666,69,2293760,2.4074625968933105,11.105745609698213,nan,nan,nan,nan,22.20994520187378,4.097999572753906,0.018328461796045303,4.097999572753906,13.995617594569921,6.173208713531494,5046.4312362120745,1.704911708831787,0.00014000000000000001,16,2048,,454.5601077079773
adammini-adaptive_stochastic-r8,adammini,adaptive_stochastic,8,1.1B,sdpa,666,70,2326528,2.180330991744995,8.849234797700595,nan,nan,nan,nan,22.20994520187378,4.097999572753906,0.018328461796045303,4.097999572753906,13.995617594569921,6.163721561431885,5049.720757389384,1.7487475872039795,0.00014199999999999998,16,2048,,460.75331473350525
adammini-adaptive_stochastic-r8,adammini,adaptive_stochastic,8,1.1B,sdpa,666,71,2359296,2.373305559158325,10.732811655307954,nan,nan,nan,nan,22.20994520187378,4.097999572753906,0.018328461796045303,4.097999572753906,13.995617594569921,6.1734724044799805,5052.815363118435,1.6047606468200684,0.000144,16,2048,,466.9557807445526
adammini-adaptive_stochastic-r8,adammini,adaptive_stochastic,8,1.1B,sdpa,666,72,2392064,2.6211540699005127,13.75158472089852,nan,nan,nan,nan,22.20994520187378,4.097999572753906,0.018328461796045303,4.097999572753906,13.995617594569921,6.192592620849609,5055.6289827145365,1.9399795532226562,0.000146,16,2048,,473.1776945590973
adammini-adaptive_stochastic-r8,adammini,adaptive_stochastic,8,1.1B,sdpa,666,73,2424832,2.4611668586730957,11.71847737234017,nan,nan,nan,nan,22.20994520187378,4.097999572753906,0.018328461796045303,4.097999572753906,13.995617594569921,6.177198171615601,5058.5291286109905,1.7358230352401733,0.000148,16,2048,,479.3842206001282
adammini-adaptive_stochastic-r8,adammini,adaptive_stochastic,8,1.1B,sdpa,666,74,2457600,2.4333086013793945,11.396526333493773,nan,nan,nan,nan,22.20994520187378,4.097999572753906,0.018328461796045303,4.097999572753906,13.995617594569921,6.179173231124878,5061.3341842724485,1.6807385683059692,0.00015,16,2048,,485.59287691116333
adammini-adaptive_stochastic-r8,adammini,adaptive_stochastic,8,1.1B,sdpa,666,75,2490368,2.365440845489502,10.648732228471307,nan,nan,nan,nan,22.20994520187378,4.097999572753906,0.018328461796045303,4.097999572753906,13.995617594569921,6.177207946777344,5064.087389314717,1.9925904273986816,0.000152,16,2048,,491.79903078079224
adammini-adaptive_stochastic-r8,adammini,adaptive_stochastic,8,1.1B,sdpa,666,76,2523136,2.4144446849823,11.183558235030642,nan,nan,nan,nan,22.20994520187378,4.097999572753906,0.018328461796045303,4.097999572753906,13.995617594569921,6.184112310409546,5066.706374673519,2.8444676399230957,0.000154,16,2048,,498.0124189853668
adammini-adaptive_stochastic-r8,adammini,adaptive_stochastic,8,1.1B,sdpa,666,77,2555904,2.2306344509124756,9.305768260127579,nan,nan,nan,nan,22.20994520187378,4.097999572753906,0.018328461796045303,4.097999572753906,13.995617594569921,6.169589996337891,5069.404024647218,1.6990865468978882,0.000156,16,2048,,504.21141481399536
adammini-adaptive_stochastic-r8,adammini,adaptive_stochastic,8,1.1B,sdpa,666,78,2588672,2.343266010284424,10.415197215844245,nan,nan,nan,nan,22.20994520187378,4.097999572753906,0.018328461796045303,4.097999572753906,13.995617594569921,6.172776222229004,5072.004088562259,1.6052486896514893,0.000158,16,2048,,510.41352677345276
adammini-adaptive_stochastic-r8,adammini,adaptive_stochastic,8,1.1B,sdpa,666,79,2621440,2.372185468673706,10.720796665293797,nan,nan,nan,nan,22.20994520187378,4.097999572753906,0.018328461796045303,4.097999572753906,13.995617594569921,6.178834676742554,5074.482137018122,1.55907142162323,0.00016,16,2048,,516.6217021942139
adammini-adaptive_stochastic-r8,adammini,adaptive_stochastic,8,1.1B,sdpa,666,80,2654208,2.4424006938934326,11.500617089584535,nan,nan,nan,nan,22.20994520187378,4.097999572753906,0.018328461796045303,4.097999572753906,13.995617594569921,6.173364162445068,5076.954244211198,1.7476718425750732,0.000162,16,2048,,522.8242611885071
adammini-adaptive_stochastic-r8,adammini,adaptive_stochastic,8,1.1B,sdpa,666,81,2686976,2.464811325073242,11.761262887213318,nan,nan,nan,nan,22.20994520187378,4.097999572753906,0.018328461796045303,4.097999572753906,13.995617594569921,6.166732311248779,5079.4339163242275,1.8424285650253296,0.000164,16,2048,,529.0200357437134
adammini-adaptive_stochastic-r8,adammini,adaptive_stochastic,8,1.1B,sdpa,666,82,2719744,2.3137214183807373,10.111985650841875,nan,nan,nan,nan,22.20994520187378,4.097999572753906,0.018328461796045303,4.097999572753906,13.995617594569921,6.182323455810547,5081.7091537399365,1.8413293361663818,0.00016600000000000002,16,2048,,535.2316312789917
adammini-adaptive_stochastic-r8,adammini,adaptive_stochastic,8,1.1B,sdpa,666,83,2752512,2.3364524841308594,10.3444742073579,nan,nan,nan,nan,22.20994520187378,4.097999572753906,0.018328461796045303,4.097999572753906,13.995617594569921,6.185698747634888,5083.898250658745,1.5952918529510498,0.00016800000000000002,16,2048,,541.4462902545929
adammini-adaptive_stochastic-r8,adammini,adaptive_stochastic,8,1.1B,sdpa,666,84,2785280,2.359487295150757,10.585522812030066,nan,nan,nan,nan,22.20994520187378,4.097999572753906,0.018328461796045303,4.097999572753906,13.995617594569921,6.178609609603882,5086.1066621599675,1.6843202114105225,0.00017,16,2048,,547.6541125774384
adammini-adaptive_stochastic-r8,adammini,adaptive_stochastic,8,1.1B,sdpa,666,85,2818048,2.332162380218506,10.300190397083771,nan,nan,nan,nan,22.20994520187378,4.097999572753906,0.018328461796045303,4.097999572753906,13.995617594569921,6.168817043304443,5088.352538962234,1.8717085123062134,0.00017199999999999998,16,2048,,553.8522515296936
adammini-adaptive_stochastic-r8,adammini,adaptive_stochastic,8,1.1B,sdpa,666,86,2850816,2.390427827835083,10.91816403845599,nan,nan,nan,nan,22.20994520187378,4.097999572753906,0.018328461796045303,4.097999572753906,13.995617594569921,6.165019989013672,5090.5828733563585,1.8444147109985352,0.000174,16,2048,,560.0467772483826
adammini-adaptive_stochastic-r8,adammini,adaptive_stochastic,8,1.1B,sdpa,666,87,2883584,2.3773670196533203,10.7764911871499,nan,nan,nan,nan,22.20994520187378,4.097999572753906,0.018328461796045303,4.097999572753906,13.995617594569921,6.179165601730347,5092.635969979627,1.666244387626648,0.000176,16,2048,,566.2550275325775
adammini-adaptive_stochastic-r8,adammini,adaptive_stochastic,8,1.1B,sdpa,666,88,2916352,2.4377753734588623,11.447545880638792,nan,nan,nan,nan,22.20994520187378,4.097999572753906,0.018328461796045303,4.097999572753906,13.995617594569921,6.17868971824646,5094.652208005554,1.7116832733154297,0.000178,16,2048,,572.4629273414612
adammini-adaptive_stochastic-r8,adammini,adaptive_stochastic,8,1.1B,sdpa,666,89,2949120,2.4617104530334473,11.724849202240176,nan,nan,nan,nan,22.20994520187378,4.097999572753906,0.018328461796045303,4.097999572753906,13.995617594569921,6.167263507843018,5096.7244168281795,2.6171045303344727,0.00017999999999999998,16,2048,,578.6594924926758
adammini-adaptive_stochastic-r8,adammini,adaptive_stochastic,8,1.1B,sdpa,666,90,2981888,2.2073183059692383,9.091303579281798,nan,nan,nan,nan,22.20994520187378,4.097999572753906,0.018328461796045303,4.097999572753906,13.995617594569921,6.175577402114868,5098.6795450751715,1.6012864112854004,0.000182,16,2048,,584.86447930336
adammini-adaptive_stochastic-r8,adammini,adaptive_stochastic,8,1.1B,sdpa,666,91,3014656,2.506305694580078,12.25955575557173,nan,nan,nan,nan,22.20994520187378,4.097999572753906,0.018328461796045303,4.097999572753906,13.995617594569921,6.156337261199951,5100.759097647042,1.6715731620788574,0.000184,16,2048,,591.0497801303864
adammini-adaptive_stochastic-r8,adammini,adaptive_stochastic,8,1.1B,sdpa,666,92,3047424,2.465198516845703,11.765817633160172,nan,nan,nan,nan,22.20994520187378,4.097999572753906,0.018328461796045303,4.097999572753906,13.995617594569921,6.167135953903198,5102.706431158283,1.7413737773895264,0.000186,16,2048,,597.2461743354797
adammini-adaptive_stochastic-r8,adammini,adaptive_stochastic,8,1.1B,sdpa,666,93,3080192,2.5255932807922363,12.498308070565104,nan,nan,nan,nan,22.20994520187378,4.097999572753906,0.018328461796045303,4.097999572753906,13.995617594569921,6.182955026626587,5104.4779406133985,1.816360592842102,0.00018800000000000002,16,2048,,603.4583587646484
adammini-adaptive_stochastic-r8,adammini,adaptive_stochastic,8,1.1B,sdpa,666,94,3112960,2.31251859664917,10.09983004672968,nan,nan,nan,nan,22.20994520187378,4.097999572753906,0.018328461796045303,4.097999572753906,13.995617594569921,6.187202215194702,5106.177260596861,1.7417829036712646,0.00019,16,2048,,609.6747033596039
adammini-adaptive_stochastic-r8,adammini,adaptive_stochastic,8,1.1B,sdpa,666,95,3145728,2.3678107261657715,10.673998380263516,nan,nan,nan,nan,22.20994520187378,4.097999572753906,0.018328461796045303,4.097999572753906,13.995617594569921,6.1816887855529785,5107.889372837211,1.778742790222168,0.000192,16,2048,,615.8856890201569
adammini-adaptive_stochastic-r8,adammini,adaptive_stochastic,8,1.1B,sdpa,666,96,3178496,2.214646816253662,9.15817402214117,nan,nan,nan,nan,22.20994520187378,4.097999572753906,0.018328461796045303,4.097999572753906,13.995617594569921,6.171266794204712,5109.652090378865,1.7424839735031128,0.000194,16,2048,,622.0861520767212
adammini-adaptive_stochastic-r8,adammini,adaptive_stochastic,8,1.1B,sdpa,666,97,3211264,2.4456396102905273,11.537927016102195,nan,nan,nan,nan,22.20994520187378,4.097999572753906,0.018328461796045303,4.097999572753906,13.995617594569921,6.1735923290252686,5111.361447127781,1.865120530128479,0.00019600000000000002,16,2048,,628.2890889644623
adammini-adaptive_stochastic-r8,adammini,adaptive_stochastic,8,1.1B,sdpa,666,98,3244032,2.449794292449951,11.58596315397775,nan,nan,nan,nan,22.20994520187378,4.097999572753906,0.018328461796045303,4.097999572753906,13.995617594569921,6.185657501220703,5112.938900762261,1.8519588708877563,0.00019800000000000002,16,2048,,634.5039298534393
adammini-adaptive_stochastic-r8,adammini,adaptive_stochastic,8,1.1B,sdpa,666,99,3276800,2.4254379272460938,11.30718005741443,nan,nan,nan,nan,22.20994520187378,4.097999572753906,0.018328461796045303,4.097999572753906,13.995617594569921,6.180169582366943,5114.530861302673,1.940732717514038,0.0002,16,2048,,640.7132430076599
adammini-adaptive_stochastic-r8,adammini,adaptive_stochastic,8,1.1B,sdpa,666,100,3309568,2.406412124633789,11.094085457419418,2.4733733563203724,11.862395520119179,nan,nan,22.20994520187378,4.097999572753906,0.018328461796045303,4.097999572753906,13.995617594569921,6.1859822273254395,5116.046757786915,1.9283018112182617,0.000202,16,2048,,659.2344546318054
adammini-adaptive_stochastic-r8,adammini,adaptive_stochastic,8,1.1B,sdpa,666,101,3342336,2.5081303119659424,12.281945173995751,nan,nan,nan,nan,22.20994520187378,4.097999572753906,0.018328461796045303,4.097999572753906,13.995617594569921,6.208061218261719,5022.72491744989,2.0002644062042236,0.000204,16,2048,,665.471620798111
adammini-adaptive_stochastic-r8,adammini,adaptive_stochastic,8,1.1B,sdpa,666,102,3375104,2.2995851039886475,9.970045064650405,nan,nan,nan,nan,22.20994520187378,4.097999572753906,0.018328461796045303,4.097999572753906,13.995617594569921,6.166741132736206,5025.178629604327,1.8865159749984741,0.000206,16,2048,,671.6677148342133
adammini-adaptive_stochastic-r8,adammini,adaptive_stochastic,8,1.1B,sdpa,666,103,3407872,2.4557552337646484,11.655232651004594,nan,nan,nan,nan,22.20994520187378,4.097999572753906,0.018328461796045303,4.097999572753906,13.995617594569921,6.167985677719116,5027.5762113658575,1.9325470924377441,0.000208,16,2048,,677.8648540973663
adammini-adaptive_stochastic-r8,adammini,adaptive_stochastic,8,1.1B,sdpa,666,104,3440640,2.3732926845550537,10.732673475505411,nan,nan,nan,nan,22.20994520187378,4.097999572753906,0.018328461796045303,4.097999572753906,13.995617594569921,6.188387393951416,5029.781931326931,2.1212782859802246,0.00021,16,2048,,684.082447052002
adammini-adaptive_stochastic-r8,adammini,adaptive_stochastic,8,1.1B,sdpa,666,105,3473408,2.3625826835632324,10.61833988126748,nan,nan,nan,nan,22.20994520187378,4.097999572753906,0.018328461796045303,4.097999572753906,13.995617594569921,6.186443328857422,5031.961182111717,1.9214975833892822,0.000212,16,2048,,690.298052072525
adammini-adaptive_stochastic-r8,adammini,adaptive_stochastic,8,1.1B,sdpa,666,106,3506176,2.381983995437622,10.826361021321729,nan,nan,nan,nan,22.20994520187378,4.097999572753906,0.018328461796045303,4.097999572753906,13.995617594569921,6.189379692077637,5034.081377214942,2.0987887382507324,0.000214,16,2048,,696.5165643692017
adammini-adaptive_stochastic-r8,adammini,adaptive_stochastic,8,1.1B,sdpa,666,107,3538944,2.4565093517303467,11.664025386304239,nan,nan,nan,nan,22.20994520187378,4.097999572753906,0.018328461796045303,4.097999572753906,13.995617594569921,6.174062967300415,5036.274235523405,1.9690736532211304,0.000216,16,2048,,702.7198476791382
adammini-adaptive_stochastic-r8,adammini,adaptive_stochastic,8,1.1B,sdpa,666,108,3571712,2.414273977279663,11.181649278438469,nan,nan,nan,nan,22.20994520187378,4.097999572753906,0.018328461796045303,4.097999572753906,13.995617594569921,6.180552959442139,5038.3816139514565,2.00085711479187,0.000218,16,2048,,708.9297246932983
adammini-adaptive_stochastic-r8,adammini,adaptive_stochastic,8,1.1B,sdpa,666,109,3604480,2.435136318206787,11.417375003375875,nan,nan,nan,nan,22.20994520187378,4.097999572753906,0.018328461796045303,4.097999572753906,13.995617594569921,6.161022424697876,5040.589190389575,1.8546079397201538,0.00022,16,2048,,715.1201205253601
adammini-adaptive_stochastic-r8,adammini,adaptive_stochastic,8,1.1B,sdpa,666,110,3637248,2.3600902557373047,10.591907389704641,nan,nan,nan,nan,22.20994520187378,4.097999572753906,0.018328461796045303,4.097999572753906,13.995617594569921,6.163940668106079,5042.738181495898,2.2396459579467773,0.000222,16,2048,,721.3132803440094
adammini-adaptive_stochastic-r8,adammini,adaptive_stochastic,8,1.1B,sdpa,666,111,3670016,2.539790391921997,12.677013487896646,nan,nan,nan,nan,22.20994520187378,4.097999572753906,0.018328461796045303,4.097999572753906,13.995617594569921,6.174493789672852,5044.77865183418,1.9970711469650269,0.000224,16,2048,,727.5170142650604
adammini-adaptive_stochastic-r8,adammini,adaptive_stochastic,8,1.1B,sdpa,666,112,3702784,2.554854393005371,12.86942564270019,nan,nan,nan,nan,22.20994520187378,4.097999572753906,0.018328461796045303,4.097999572753906,13.995617594569921,6.188910007476807,5046.684978725883,1.9767776727676392,0.00022600000000000002,16,2048,,733.735354423523
adammini-adaptive_stochastic-r8,adammini,adaptive_stochastic,8,1.1B,sdpa,666,113,3735552,2.494079351425171,12.110578797478032,nan,nan,nan,nan,22.20994520187378,4.097999572753906,0.018328461796045303,4.097999572753906,13.995617594569921,6.1798717975616455,5048.619844033123,1.9259908199310303,0.000228,16,2048,,739.9442982673645
adammini-adaptive_stochastic-r8,adammini,adaptive_stochastic,8,1.1B,sdpa,666,114,3768320,2.2969231605529785,9.943540660899748,nan,nan,nan,nan,22.20994520187378,4.097999572753906,0.018328461796045303,4.097999572753906,13.995617594569921,6.184880971908569,5050.490959345602,2.017613172531128,0.00023,16,2048,,746.1585438251495
adammini-adaptive_stochastic-r8,adammini,adaptive_stochastic,8,1.1B,sdpa,666,115,3801088,2.4687652587890625,11.807858197764066,nan,nan,nan,nan,22.20994520187378,4.097999572753906,0.018328461796045303,4.097999572753906,13.995617594569921,6.18613600730896,5052.32071552706,1.9277211427688599,0.00023200000000000003,16,2048,,752.3740041255951
adammini-adaptive_stochastic-r8,adammini,adaptive_stochastic,8,1.1B,sdpa,666,116,3833856,2.425305128097534,11.305678573230312,nan,nan,nan,nan,22.20994520187378,4.097999572753906,0.018328461796045303,4.097999572753906,13.995617594569921,6.200404167175293,5054.025803728684,1.8557218313217163,0.00023400000000000002,16,2048,,758.6035206317902
adammini-adaptive_stochastic-r8,adammini,adaptive_stochastic,8,1.1B,sdpa,666,117,3866624,2.2426023483276367,9.417807841856442,nan,nan,nan,nan,22.20994520187378,4.097999572753906,0.018328461796045303,4.097999572753906,13.995617594569921,6.152416467666626,5056.021776385065,1.8083949089050293,0.000236,16,2048,,764.7852239608765
adammini-adaptive_stochastic-r8,adammini,adaptive_stochastic,8,1.1B,sdpa,666,118,3899392,2.4428341388702393,11.505603054784915,nan,nan,nan,nan,22.20994520187378,4.097999572753906,0.018328461796045303,4.097999572753906,13.995617594569921,6.169574975967407,5057.872044834371,1.6297626495361328,0.00023799999999999998,16,2048,,770.9838633537292
adammini-adaptive_stochastic-r8,adammini,adaptive_stochastic,8,1.1B,sdpa,666,119,3932160,2.8562731742858887,17.396571982063644,nan,nan,nan,nan,22.20994520187378,4.097999572753906,0.018328461796045303,4.097999572753906,13.995617594569921,6.18441367149353,5059.597016165591,2.0466980934143066,0.00024,16,2048,,777.1976251602173
adammini-adaptive_stochastic-r8,adammini,adaptive_stochastic,8,1.1B,sdpa,666,120,3964928,2.6112091541290283,13.615504145598697,nan,nan,nan,nan,22.20994520187378,4.097999572753906,0.018328461796045303,4.097999572753906,13.995617594569921,6.1419150829315186,5061.568028129986,1.9490408897399902,0.000242,16,2048,,783.3689332008362
adammini-adaptive_stochastic-r8,adammini,adaptive_stochastic,8,1.1B,sdpa,666,121,3997696,2.4808382987976074,11.951278962456378,nan,nan,nan,nan,22.20994520187378,4.097999572753906,0.018328461796045303,4.097999572753906,13.995617594569921,6.180148363113403,5063.263247964526,1.9271656274795532,0.000244,16,2048,,789.5783979892731
adammini-adaptive_stochastic-r8,adammini,adaptive_stochastic,8,1.1B,sdpa,666,122,4030464,2.4008092880249023,11.032100916055569,nan,nan,nan,nan,22.20994520187378,4.097999572753906,0.018328461796045303,4.097999572753906,13.995617594569921,6.169605255126953,5064.998810342173,2.2111058235168457,0.000246,16,2048,,795.7770299911499
adammini-adaptive_stochastic-r8,adammini,adaptive_stochastic,8,1.1B,sdpa,666,123,4063232,2.3300540447235107,10.278497016562202,nan,nan,nan,nan,22.20994520187378,4.097999572753906,0.018328461796045303,4.097999572753906,13.995617594569921,6.1715569496154785,5066.6972832681595,1.8169102668762207,0.000248,16,2048,,801.9777884483337
adammini-adaptive_stochastic-r8,adammini,adaptive_stochastic,8,1.1B,sdpa,666,124,4096000,2.268446207046509,9.664372707600384,nan,nan,nan,nan,22.20994520187378,4.097999572753906,0.018328461796045303,4.097999572753906,13.995617594569921,6.188152551651001,5068.264258346352,1.7621792554855347,0.00025,16,2048,,808.1952829360962
adammini-adaptive_stochastic-r8,adammini,adaptive_stochastic,8,1.1B,sdpa,666,125,4128768,2.729846477508545,15.330533257573052,nan,nan,nan,nan,22.20994520187378,4.097999572753906,0.018328461796045303,4.097999572753906,13.995617594569921,6.182644844055176,5069.841081353685,1.9847590923309326,0.000252,16,2048,,814.40727186203
adammini-adaptive_stochastic-r8,adammini,adaptive_stochastic,8,1.1B,sdpa,666,126,4161536,2.4831252098083496,11.97864175011273,nan,nan,nan,nan,22.20994520187378,4.097999572753906,0.018328461796045303,4.097999572753906,13.995617594569921,6.167551040649414,5071.487166190601,1.7939324378967285,0.000254,16,2048,,820.603809595108
adammini-adaptive_stochastic-r8,adammini,adaptive_stochastic,8,1.1B,sdpa,666,127,4194304,2.3583266735076904,10.573244151968881,nan,nan,nan,nan,22.20994520187378,4.097999572753906,0.018328461796045303,4.097999572753906,13.995617594569921,6.168322563171387,5073.10548114067,1.857504963874817,0.000256,16,2048,,826.8014147281647
adammini-adaptive_stochastic-r8,adammini,adaptive_stochastic,8,1.1B,sdpa,666,128,4227072,2.519263505935669,12.419446445860979,nan,nan,nan,nan,22.20994520187378,4.097999572753906,0.018328461796045303,4.097999572753906,13.995617594569921,6.182024240493774,5074.615104574856,2.0010154247283936,0.00025800000000000004,16,2048,,833.0127279758453
adammini-adaptive_stochastic-r8,adammini,adaptive_stochastic,8,1.1B,sdpa,666,129,4259840,2.5285091400146484,12.534804560872658,nan,nan,nan,nan,22.20994520187378,4.097999572753906,0.018328461796045303,4.097999572753906,13.995617594569921,6.167417287826538,5076.190971903055,1.9425318241119385,0.00026000000000000003,16,2048,,839.2093999385834
adammini-adaptive_stochastic-r8,adammini,adaptive_stochastic,8,1.1B,sdpa,666,130,4292608,2.444064140319824,11.519763670224105,nan,nan,nan,nan,22.20994520187378,4.097999572753906,0.018328461796045303,4.097999572753906,13.995617594569921,6.176658630371094,5077.688013312609,1.7562521696090698,0.000262,16,2048,,845.4154963493347
adammini-adaptive_stochastic-r8,adammini,adaptive_stochastic,8,1.1B,sdpa,666,131,4325376,2.234971284866333,9.346213470574257,nan,nan,nan,nan,22.20994520187378,4.097999572753906,0.018328461796045303,4.097999572753906,13.995617594569921,6.164668560028076,5079.233888769656,2.094627618789673,0.000264,16,2048,,851.6094110012054
adammini-adaptive_stochastic-r8,adammini,adaptive_stochastic,8,1.1B,sdpa,666,132,4358144,2.5700032711029053,13.06586718066075,nan,nan,nan,nan,22.20994520187378,4.097999572753906,0.018328461796045303,4.097999572753906,13.995617594569921,6.206779479980469,5080.508728697622,2.627368450164795,0.000266,16,2048,,857.8454577922821
adammini-adaptive_stochastic-r8,adammini,adaptive_stochastic,8,1.1B,sdpa,666,133,4390912,2.3511505126953125,10.497640448242299,nan,nan,nan,nan,22.20994520187378,4.097999572753906,0.018328461796045303,4.097999572753906,13.995617594569921,6.155327320098877,5082.067895172055,1.728363037109375,0.000268,16,2048,,864.0300049781799
adammini-adaptive_stochastic-r8,adammini,adaptive_stochastic,8,1.1B,sdpa,666,134,4423680,2.4321091175079346,11.382864579131086,nan,nan,nan,nan,22.20994520187378,4.097999572753906,0.018328461796045303,4.097999572753906,13.995617594569921,6.178995847702026,5083.466846237835,1.9823923110961914,0.00027,16,2048,,870.2382950782776
adammini-adaptive_stochastic-r8,adammini,adaptive_stochastic,8,1.1B,sdpa,666,135,4456448,2.383883237838745,10.846942443591573,nan,nan,nan,nan,22.20994520187378,4.097999572753906,0.018328461796045303,4.097999572753906,13.995617594569921,6.184221982955933,5084.815312455713,1.9518705606460571,0.00027200000000000005,16,2048,,876.4517486095428
adammini-adaptive_stochastic-r8,adammini,adaptive_stochastic,8,1.1B,sdpa,666,136,4489216,1.9782750606536865,7.230260461703656,nan,nan,nan,nan,22.20994520187378,4.097999572753906,0.018328461796045303,4.097999572753906,13.995617594569921,6.171870470046997,5086.215861799021,1.9050440788269043,0.00027400000000000005,16,2048,,882.652857542038
adammini-adaptive_stochastic-r8,adammini,adaptive_stochastic,8,1.1B,sdpa,666,137,4521984,2.4686665534973145,11.806692757194257,nan,nan,nan,nan,22.20994520187378,4.097999572753906,0.018328461796045303,4.097999572753906,13.995617594569921,6.1778693199157715,5087.5630663947795,1.7065459489822388,0.00027600000000000004,16,2048,,888.8600997924805
adammini-adaptive_stochastic-r8,adammini,adaptive_stochastic,8,1.1B,sdpa,666,138,4554752,2.0727169513702393,7.946383753214263,nan,nan,nan,nan,22.20994520187378,4.097999572753906,0.018328461796045303,4.097999572753906,13.995617594569921,6.1643967628479,5088.967598616962,1.8814510107040405,0.00027800000000000004,16,2048,,895.0534946918488
adammini-adaptive_stochastic-r8,adammini,adaptive_stochastic,8,1.1B,sdpa,666,139,4587520,2.249384880065918,9.481901535497618,nan,nan,nan,nan,22.20994520187378,4.097999572753906,0.018328461796045303,4.097999572753906,13.995617594569921,6.1733925342559814,5090.303850411753,1.779087781906128,0.00028000000000000003,16,2048,,901.2560138702393
adammini-adaptive_stochastic-r8,adammini,adaptive_stochastic,8,1.1B,sdpa,666,140,4620288,2.4383316040039062,11.45391512654374,nan,nan,nan,nan,22.20994520187378,4.097999572753906,0.018328461796045303,4.097999572753906,13.995617594569921,6.172842979431152,5091.624172434615,1.824279546737671,0.00028199999999999997,16,2048,,907.4580807685852
adammini-adaptive_stochastic-r8,adammini,adaptive_stochastic,8,1.1B,sdpa,666,141,4653056,2.4629955291748047,11.739926211688678,nan,nan,nan,nan,22.20994520187378,4.097999572753906,0.018328461796045303,4.097999572753906,13.995617594569921,6.121723651885986,5093.211136829088,inf,0.00028399999999999996,16,2048,,913.5801115036011
adammini-adaptive_stochastic-r8,adammini,adaptive_stochastic,8,1.1B,sdpa,666,142,4685824,2.2943572998046875,9.918059624594182,nan,nan,nan,nan,22.20994520187378,4.097999572753906,0.018328461796045303,4.097999572753906,13.995617594569921,6.158402681350708,5094.733474310789,2.674931764602661,0.00028599999999999996,16,2048,,919.7673487663269
adammini-adaptive_stochastic-r8,adammini,adaptive_stochastic,8,1.1B,sdpa,666,143,4718592,2.3395731449127197,10.376806224716212,nan,nan,nan,nan,22.20994520187378,4.097999572753906,0.018328461796045303,4.097999572753906,13.995617594569921,6.171249628067017,5096.008163404092,7.087403774261475,0.000288,16,2048,,925.967616558075
adammini-adaptive_stochastic-r8,adammini,adaptive_stochastic,8,1.1B,sdpa,666,144,4751360,1.9565739631652832,7.075046126574936,nan,nan,nan,nan,22.20994520187378,4.097999572753906,0.018328461796045303,4.097999572753906,13.995617594569921,6.17017936706543,5097.270253908887,4.119839191436768,0.00029,16,2048,,932.1670472621918
adammini-adaptive_stochastic-r8,adammini,adaptive_stochastic,8,1.1B,sdpa,666,145,4784128,2.412970781326294,11.167086889231125,nan,nan,nan,nan,22.20994520187378,4.097999572753906,0.018328461796045303,4.097999572753906,13.995617594569921,6.17506217956543,5098.48829244565,2.520374298095703,0.000292,16,2048,,938.3715813159943
adammini-adaptive_stochastic-r8,adammini,adaptive_stochastic,8,1.1B,sdpa,666,146,4816896,2.422358751296997,11.27241680907543,nan,nan,nan,nan,22.20994520187378,4.097999572753906,0.018328461796045303,4.097999572753906,13.995617594569921,6.16667103767395,5099.734958555107,1.860784888267517,0.000294,16,2048,,944.5675661563873
adammini-adaptive_stochastic-r8,adammini,adaptive_stochastic,8,1.1B,sdpa,666,147,4849664,2.5063579082489014,12.260195888667575,nan,nan,nan,nan,22.20994520187378,4.097999572753906,0.018328461796045303,4.097999572753906,13.995617594569921,6.1807873249053955,5100.88985083429,1.7651276588439941,0.000296,16,2048,,950.7779142856598
adammini-adaptive_stochastic-r8,adammini,adaptive_stochastic,8,1.1B,sdpa,666,148,4882432,2.4554340839385986,11.65149017604591,nan,nan,nan,nan,22.20994520187378,4.097999572753906,0.018328461796045303,4.097999572753906,13.995617594569921,6.182238340377808,5102.020820426391,1.7687795162200928,0.000298,16,2048,,956.9892523288727
adammini-adaptive_stochastic-r8,adammini,adaptive_stochastic,8,1.1B,sdpa,666,149,4915200,2.133526086807251,8.444590736060784,nan,nan,nan,nan,22.20994520187378,4.097999572753906,0.018328461796045303,4.097999572753906,13.995617594569921,6.158827304840088,5103.263750421935,1.8582322597503662,0.0003,16,2048,,963.1773459911346
adammini-adaptive_stochastic-r8,adammini,adaptive_stochastic,8,1.1B,sdpa,666,150,4947968,2.540841817855835,12.690349438294913,3.0457274878124454,21.025321305526024,nan,nan,22.20994520187378,4.097999572753906,0.018328461796045303,4.097999572753906,13.995617594569921,6.17511248588562,5104.404079023937,2.051041603088379,0.000302,16,2048,,987.3314046859741
adammini-adaptive_stochastic-r8,adammini,adaptive_stochastic,8,1.1B,sdpa,666,151,4980736,3.3682632446289062,29.02806859942848,nan,nan,nan,nan,22.20994520187378,4.097999572753906,0.018328461796045303,4.097999572753906,13.995617594569921,6.099046468734741,5013.672381006841,inf,0.000304,16,2048,,993.4307770729065
adammini-adaptive_stochastic-r8,adammini,adaptive_stochastic,8,1.1B,sdpa,666,152,5013504,3.1146934032440186,22.52652273582782,nan,nan,nan,nan,22.20994520187378,4.097999572753906,0.018328461796045303,4.097999572753906,13.995617594569921,6.1139514446258545,5015.786203865504,inf,0.000306,16,2048,,999.5451073646545
adammini-adaptive_stochastic-r8,adammini,adaptive_stochastic,8,1.1B,sdpa,666,153,5046272,3.1183838844299316,22.609810034744633,nan,nan,nan,nan,22.20994520187378,4.097999572753906,0.018328461796045303,4.097999572753906,13.995617594569921,6.110471963882446,5017.891163405503,inf,0.000308,16,2048,,1005.6560134887695
adammini-adaptive_stochastic-r8,adammini,adaptive_stochastic,8,1.1B,sdpa,666,154,5079040,3.335022449493408,28.07901357635567,nan,nan,nan,nan,22.20994520187378,4.097999572753906,0.018328461796045303,4.097999572753906,13.995617594569921,6.112632989883423,5019.960143854068,inf,0.00031,16,2048,,1011.7690744400024
adammini-adaptive_stochastic-r8,adammini,adaptive_stochastic,8,1.1B,sdpa,666,155,5111808,3.247884511947632,25.73583843017986,nan,nan,nan,nan,22.20994520187378,4.097999572753906,0.018328461796045303,4.097999572753906,13.995617594569921,6.108910799026489,5022.0230105125465,inf,0.000312,16,2048,,1017.8783276081085
adammini-adaptive_stochastic-r8,adammini,adaptive_stochastic,8,1.1B,sdpa,666,156,5144576,3.05659556388855,21.255072311286565,nan,nan,nan,nan,22.20994520187378,4.097999572753906,0.018328461796045303,4.097999572753906,13.995617594569921,6.148675918579102,5023.866185176283,92.24223327636719,0.000314,16,2048,,1024.0562717914581
adammini-adaptive_stochastic-r8,adammini,adaptive_stochastic,8,1.1B,sdpa,666,157,5177344,2.363576650619507,10.62889940834343,nan,nan,nan,nan,22.20994520187378,4.097999572753906,0.018328461796045303,4.097999572753906,13.995617594569921,6.167196035385132,5025.4558808408065,2.0702428817749023,0.000316,16,2048,,1030.2527465820312
adammini-adaptive_stochastic-r8,adammini,adaptive_stochastic,8,1.1B,sdpa,666,158,5210112,2.4514801502227783,11.605511913600765,nan,nan,nan,nan,22.20994520187378,4.097999572753906,0.018328461796045303,4.097999572753906,13.995617594569921,6.1729066371917725,5026.998959583348,2.1376705169677734,0.00031800000000000003,16,2048,,1036.4549067020416
adammini-adaptive_stochastic-r8,adammini,adaptive_stochastic,8,1.1B,sdpa,666,159,5242880,2.5205140113830566,12.434986745884872,nan,nan,nan,nan,22.20994520187378,4.097999572753906,0.018328461796045303,4.097999572753906,13.995617594569921,6.1787309646606445,5028.49559906649,2.3882205486297607,0.00032,16,2048,,1042.662843465805
adammini-adaptive_stochastic-r8,adammini,adaptive_stochastic,8,1.1B,sdpa,666,160,5275648,2.278425455093384,9.761298699960545,nan,nan,nan,nan,22.20994520187378,4.097999572753906,0.018328461796045303,4.097999572753906,13.995617594569921,6.1407151222229,5030.15716028064,2.0694165229797363,0.000322,16,2048,,1048.832895040512
adammini-adaptive_stochastic-r8,adammini,adaptive_stochastic,8,1.1B,sdpa,666,161,5308416,2.427628517150879,11.33197660151348,nan,nan,nan,nan,22.20994520187378,4.097999572753906,0.018328461796045303,4.097999572753906,13.995617594569921,6.157644510269165,5031.717896742012,2.041532278060913,0.000324,16,2048,,1055.0196335315704
adammini-adaptive_stochastic-r8,adammini,adaptive_stochastic,8,1.1B,sdpa,666,162,5341184,2.1958911418914795,8.988007078667538,nan,nan,nan,nan,22.20994520187378,4.097999572753906,0.018328461796045303,4.097999572753906,13.995617594569921,6.1644322872161865,5033.22921632969,2.063977003097534,0.000326,16,2048,,1061.2132813930511
adammini-adaptive_stochastic-r8,adammini,adaptive_stochastic,8,1.1B,sdpa,666,163,5373952,2.611215353012085,13.61558854677825,nan,nan,nan,nan,22.20994520187378,4.097999572753906,0.018328461796045303,4.097999572753906,13.995617594569921,6.170837879180908,5034.692377535444,2.020009994506836,0.000328,16,2048,,1067.4133410453796
adammini-adaptive_stochastic-r8,adammini,adaptive_stochastic,8,1.1B,sdpa,666,164,5406720,2.430501699447632,11.364582254634378,nan,nan,nan,nan,22.20994520187378,4.097999572753906,0.018328461796045303,4.097999572753906,13.995617594569921,6.182095527648926,5036.085780050694,2.1915111541748047,0.00033,16,2048,,1073.624643087387
adammini-adaptive_stochastic-r8,adammini,adaptive_stochastic,8,1.1B,sdpa,666,165,5439488,2.3078055381774902,10.052340954505544,nan,nan,nan,nan,22.20994520187378,4.097999572753906,0.018328461796045303,4.097999572753906,13.995617594569921,6.1682398319244385,5037.527815290615,2.486253261566162,0.00033200000000000005,16,2048,,1079.8222267627716
adammini-adaptive_stochastic-r8,adammini,adaptive_stochastic,8,1.1B,sdpa,666,166,5472256,2.3600220680236816,10.591185176380147,nan,nan,nan,nan,22.20994520187378,4.097999572753906,0.018328461796045303,4.097999572753906,13.995617594569921,6.166929483413696,5038.958873415552,1.909390926361084,0.00033400000000000004,16,2048,,1086.0186922550201
adammini-adaptive_stochastic-r8,adammini,adaptive_stochastic,8,1.1B,sdpa,666,167,5505024,2.3809852600097656,10.815553748716315,nan,nan,nan,nan,22.20994520187378,4.097999572753906,0.018328461796045303,4.097999572753906,13.995617594569921,6.176683187484741,5040.3276792437155,1.8977901935577393,0.00033600000000000004,16,2048,,1092.2245910167694
adammini-adaptive_stochastic-r8,adammini,adaptive_stochastic,8,1.1B,sdpa,666,168,5537792,2.521300792694092,12.444774210851874,nan,nan,nan,nan,22.20994520187378,4.097999572753906,0.018328461796045303,4.097999572753906,13.995617594569921,6.16651463508606,5041.72915210722,2.3111495971679688,0.00033800000000000003,16,2048,,1098.4203107357025
adammini-adaptive_stochastic-r8,adammini,adaptive_stochastic,8,1.1B,sdpa,666,169,5570560,2.3668572902679443,10.663826257038716,nan,nan,nan,nan,22.20994520187378,4.097999572753906,0.018328461796045303,4.097999572753906,13.995617594569921,6.168999195098877,5043.103673716741,2.0844955444335938,0.00034,16,2048,,1104.618665933609
adammini-adaptive_stochastic-r8,adammini,adaptive_stochastic,8,1.1B,sdpa,666,170,5603328,2.3201193809509277,10.176889160262107,nan,nan,nan,nan,22.20994520187378,4.097999572753906,0.018328461796045303,4.097999572753906,13.995617594569921,6.1566290855407715,5044.51863463557,2.3528237342834473,0.000342,16,2048,,1110.8047399520874
adammini-adaptive_stochastic-r8,adammini,adaptive_stochastic,8,1.1B,sdpa,666,171,5636096,2.3817391395568848,10.823710447676188,nan,nan,nan,nan,22.20994520187378,4.097999572753906,0.018328461796045303,4.097999572753906,13.995617594569921,6.160407781600952,5045.900373299891,2.224155902862549,0.00034399999999999996,16,2048,,1116.9944727420807
adammini-adaptive_stochastic-r8,adammini,adaptive_stochastic,8,1.1B,sdpa,666,172,5668864,2.519763469696045,12.42565727147233,nan,nan,nan,nan,22.20994520187378,4.097999572753906,0.018328461796045303,4.097999572753906,13.995617594569921,6.168484687805176,5047.23072655598,1.9281282424926758,0.000346,16,2048,,1123.1922855377197
adammini-adaptive_stochastic-r8,adammini,adaptive_stochastic,8,1.1B,sdpa,666,173,5701632,2.1877286434173584,8.914941090786234,nan,nan,nan,nan,22.20994520187378,4.097999572753906,0.018328461796045303,4.097999572753906,13.995617594569921,6.17064094543457,5048.5370223083,1.9688307046890259,0.000348,16,2048,,1129.39204621315
adammini-adaptive_stochastic-r8,adammini,adaptive_stochastic,8,1.1B,sdpa,666,174,5734400,2.421434164047241,11.261999292913263,nan,nan,nan,nan,22.20994520187378,4.097999572753906,0.018328461796045303,4.097999572753906,13.995617594569921,6.170917272567749,5049.828896849169,2.0393998622894287,0.00035,16,2048,,1135.5920877456665
adammini-adaptive_stochastic-r8,adammini,adaptive_stochastic,8,1.1B,sdpa,666,175,5767168,2.4721293449401855,11.847647740200827,nan,nan,nan,nan,22.20994520187378,4.097999572753906,0.018328461796045303,4.097999572753906,13.995617594569921,6.181328773498535,5051.060511711484,1.9554959535598755,0.000352,16,2048,,1141.8026802539825
adammini-adaptive_stochastic-r8,adammini,adaptive_stochastic,8,1.1B,sdpa,666,176,5799936,2.5372302532196045,12.644600084144196,nan,nan,nan,nan,22.20994520187378,4.097999572753906,0.018328461796045303,4.097999572753906,13.995617594569921,6.165811061859131,5052.346562113752,2.4296016693115234,0.000354,16,2048,,1147.9977536201477
adammini-adaptive_stochastic-r8,adammini,adaptive_stochastic,8,1.1B,sdpa,666,177,5832704,2.5250227451324463,12.491179373905002,nan,nan,nan,nan,22.20994520187378,4.097999572753906,0.018328461796045303,4.097999572753906,13.995617594569921,6.184645175933838,5053.536302276941,2.0247724056243896,0.000356,16,2048,,1154.2113542556763
adammini-adaptive_stochastic-r8,adammini,adaptive_stochastic,8,1.1B,sdpa,666,178,5865472,2.533639907836914,12.599283003282414,nan,nan,nan,nan,22.20994520187378,4.097999572753906,0.018328461796045303,4.097999572753906,13.995617594569921,6.175103425979614,5054.755680050129,3.4150936603546143,0.000358,16,2048,,1160.4159095287323
adammini-adaptive_stochastic-r8,adammini,adaptive_stochastic,8,1.1B,sdpa,666,179,5898240,2.435533046722412,11.421905500242524,nan,nan,nan,nan,22.20994520187378,4.097999572753906,0.018328461796045303,4.097999572753906,13.995617594569921,6.175765752792358,5055.95817594009,1.5605878829956055,0.00035999999999999997,16,2048,,1166.6209592819214
adammini-adaptive_stochastic-r8,adammini,adaptive_stochastic,8,1.1B,sdpa,666,180,5931008,2.283031940460205,9.806367704742701,nan,nan,nan,nan,22.20994520187378,4.097999572753906,0.018328461796045303,4.097999572753906,13.995617594569921,6.158735990524292,5057.221455510454,1.7379684448242188,0.000362,16,2048,,1172.8091037273407
adammini-adaptive_stochastic-r8,adammini,adaptive_stochastic,8,1.1B,sdpa,666,181,5963776,2.1572999954223633,8.647757125069601,nan,nan,nan,nan,22.20994520187378,4.097999572753906,0.018328461796045303,4.097999572753906,13.995617594569921,6.1428611278533936,5058.539264182159,1.7905347347259521,0.000364,16,2048,,1178.9809739589691
adammini-adaptive_stochastic-r8,adammini,adaptive_stochastic,8,1.1B,sdpa,666,182,5996544,2.247870445251465,9.467552681649392,nan,nan,nan,nan,22.20994520187378,4.097999572753906,0.018328461796045303,4.097999572753906,13.995617594569921,6.1720945835113525,5059.71991240151,1.895910382270813,0.000366,16,2048,,1185.1823184490204
adammini-adaptive_stochastic-r8,adammini,adaptive_stochastic,8,1.1B,sdpa,666,183,6029312,2.498171091079712,12.160233651071705,nan,nan,nan,nan,22.20994520187378,4.097999572753906,0.018328461796045303,4.097999572753906,13.995617594569921,6.160565376281738,5060.9363997438795,2.1809401512145996,0.000368,16,2048,,1191.3720083236694
adammini-adaptive_stochastic-r8,adammini,adaptive_stochastic,8,1.1B,sdpa,666,184,6062080,2.228733539581299,9.288095622177083,nan,nan,nan,nan,22.20994520187378,4.097999572753906,0.018328461796045303,4.097999572753906,13.995617594569921,6.160329341888428,5062.141920002464,2.2943849563598633,0.00037,16,2048,,1197.5616202354431
adammini-adaptive_stochastic-r8,adammini,adaptive_stochastic,8,1.1B,sdpa,666,185,6094848,2.6550071239471436,14.225087397740285,nan,nan,nan,nan,22.20994520187378,4.097999572753906,0.018328461796045303,4.097999572753906,13.995617594569921,6.164398670196533,5063.317160538169,2.065098762512207,0.000372,16,2048,,1203.7551794052124
adammini-adaptive_stochastic-r8,adammini,adaptive_stochastic,8,1.1B,sdpa,666,186,6127616,2.387246608734131,10.883486154688093,nan,nan,nan,nan,22.20994520187378,4.097999572753906,0.018328461796045303,4.097999572753906,13.995617594569921,6.160520076751709,5064.496836339347,2.1481409072875977,0.000374,16,2048,,1209.9449129104614
adammini-adaptive_stochastic-r8,adammini,adaptive_stochastic,8,1.1B,sdpa,666,187,6160384,2.31840443611145,10.159451313461249,nan,nan,nan,nan,22.20994520187378,4.097999572753906,0.018328461796045303,4.097999572753906,13.995617594569921,6.182719707489014,5065.572185979508,2.2291929721832275,0.00037600000000000003,16,2048,,1216.1570284366608
adammini-adaptive_stochastic-r8,adammini,adaptive_stochastic,8,1.1B,sdpa,666,188,6193152,2.665343761444092,14.372889542122774,nan,nan,nan,nan,22.20994520187378,4.097999572753906,0.018328461796045303,4.097999572753906,13.995617594569921,6.1811747550964355,5066.642452297775,1.932801604270935,0.000378,16,2048,,1222.3674657344818
adammini-adaptive_stochastic-r8,adammini,adaptive_stochastic,8,1.1B,sdpa,666,189,6225920,2.4104983806610107,11.139511478955102,nan,nan,nan,nan,22.20994520187378,4.097999572753906,0.018328461796045303,4.097999572753906,13.995617594569921,6.151033163070679,5067.8263544416095,2.041680097579956,0.00038,16,2048,,1228.547667503357
adammini-adaptive_stochastic-r8,adammini,adaptive_stochastic,8,1.1B,sdpa,666,190,6258688,2.4476330280303955,11.560949863950206,nan,nan,nan,nan,22.20994520187378,4.097999572753906,0.018328461796045303,4.097999572753906,13.995617594569921,6.161557912826538,5068.9559310349,2.1588244438171387,0.000382,16,2048,,1234.7386660575867
adammini-adaptive_stochastic-r8,adammini,adaptive_stochastic,8,1.1B,sdpa,666,191,6291456,2.3195276260375977,10.170868717588055,nan,nan,nan,nan,22.20994520187378,4.097999572753906,0.018328461796045303,4.097999572753906,13.995617594569921,6.164545774459839,5070.060819369478,1.9806305170059204,0.000384,16,2048,,1240.9324033260345
adammini-adaptive_stochastic-r8,adammini,adaptive_stochastic,8,1.1B,sdpa,666,192,6324224,2.6168372631073,13.692349731546209,nan,nan,nan,nan,22.20994520187378,4.097999572753906,0.018328461796045303,4.097999572753906,13.995617594569921,6.156187057495117,5071.189557943018,1.9531588554382324,0.000386,16,2048,,1247.1178860664368
adammini-adaptive_stochastic-r8,adammini,adaptive_stochastic,8,1.1B,sdpa,666,193,6356992,2.1593384742736816,8.665403374723159,nan,nan,nan,nan,22.20994520187378,4.097999572753906,0.018328461796045303,4.097999572753906,13.995617594569921,6.158685684204102,5072.296735596695,1.97063148021698,0.000388,16,2048,,1253.305881023407
adammini-adaptive_stochastic-r8,adammini,adaptive_stochastic,8,1.1B,sdpa,666,194,6389760,2.3443660736083984,10.42666089654465,nan,nan,nan,nan,22.20994520187378,4.097999572753906,0.018328461796045303,4.097999572753906,13.995617594569921,6.163274526596069,5073.374510541436,2.1334125995635986,0.00039000000000000005,16,2048,,1259.4981949329376
adammini-adaptive_stochastic-r8,adammini,adaptive_stochastic,8,1.1B,sdpa,666,195,6422528,2.5281286239624023,12.530035773883018,nan,nan,nan,nan,22.20994520187378,4.097999572753906,0.018328461796045303,4.097999572753906,13.995617594569921,6.157605886459351,5074.464963462589,2.1965279579162598,0.00039200000000000004,16,2048,,1265.6852219104767
adammini-adaptive_stochastic-r8,adammini,adaptive_stochastic,8,1.1B,sdpa,666,196,6455296,2.43045711517334,11.364075584276772,nan,nan,nan,nan,22.20994520187378,4.097999572753906,0.018328461796045303,4.097999572753906,13.995617594569921,6.168231010437012,5075.501935235524,1.9193921089172363,0.00039400000000000004,16,2048,,1271.8825438022614
adammini-adaptive_stochastic-r8,adammini,adaptive_stochastic,8,1.1B,sdpa,666,197,6488064,1.9805628061294556,7.246820392594453,nan,nan,nan,nan,22.20994520187378,4.097999572753906,0.018328461796045303,4.097999572753906,13.995617594569921,6.179370880126953,5076.485356674641,2.2446372509002686,0.00039600000000000003,16,2048,,1278.0912547111511
adammini-adaptive_stochastic-r8,adammini,adaptive_stochastic,8,1.1B,sdpa,666,198,6520832,2.410512924194336,11.139673487989612,nan,nan,nan,nan,22.20994520187378,4.097999572753906,0.018328461796045303,4.097999572753906,13.995617594569921,6.176789999008179,5077.468554601189,1.6184756755828857,0.000398,16,2048,,1284.2971749305725
adammini-adaptive_stochastic-r8,adammini,adaptive_stochastic,8,1.1B,sdpa,666,199,6553600,2.325958728790283,10.236489399902828,nan,nan,nan,nan,22.20994520187378,4.097999572753906,0.018328461796045303,4.097999572753906,13.995617594569921,6.178091049194336,5078.4380417244665,1.6959894895553589,0.0004,16,2048,,1290.5044112205505
adammini-adaptive_stochastic-r8,adammini,adaptive_stochastic,8,1.1B,sdpa,666,200,6586368,2.528831720352173,12.53884869460265,2.455775668661172,11.655470826911314,nan,nan,22.20994520187378,4.097999572753906,0.018328461796045303,4.097999572753906,13.995617594569921,6.167524576187134,5079.4394919577035,2.668524742126465,0.000402,16,2048,,1308.7045879364014
adammini-adaptive_stochastic-r8,adammini,adaptive_stochastic,8,1.1B,sdpa,666,201,6619136,2.371636390686035,10.714911727627307,nan,nan,nan,nan,22.20994520187378,4.097999572753906,0.018328461796045303,4.097999572753906,13.995617594569921,6.1511290073394775,5034.1122422875005,2.019602060317993,0.000404,16,2048,,1314.885443687439
adammini-adaptive_stochastic-r8,adammini,adaptive_stochastic,8,1.1B,sdpa,666,202,6651904,2.1905157566070557,8.939822698507577,nan,nan,nan,nan,22.20994520187378,4.097999572753906,0.018328461796045303,4.097999572753906,13.995617594569921,6.163818120956421,5035.317682204633,1.8284916877746582,0.00040600000000000006,16,2048,,1321.0784304141998
adammini-adaptive_stochastic-r8,adammini,adaptive_stochastic,8,1.1B,sdpa,666,203,6684672,2.413187026977539,11.16950198432549,nan,nan,nan,nan,22.20994520187378,4.097999572753906,0.018328461796045303,4.097999572753906,13.995617594569921,6.144920825958252,5036.583050190622,1.8254621028900146,0.000408,16,2048,,1327.2526800632477
adammini-adaptive_stochastic-r8,adammini,adaptive_stochastic,8,1.1B,sdpa,666,204,6717440,2.2413618564605713,9.40613237098357,nan,nan,nan,nan,22.20994520187378,4.097999572753906,0.018328461796045303,4.097999572753906,13.995617594569921,6.1461358070373535,5037.831352877692,2.2994279861450195,0.00041,16,2048,,1333.4281494617462
adammini-adaptive_stochastic-r8,adammini,adaptive_stochastic,8,1.1B,sdpa,666,205,6750208,2.182652711868286,8.869804113063134,nan,nan,nan,nan,22.20994520187378,4.097999572753906,0.018328461796045303,4.097999572753906,13.995617594569921,6.17701268196106,5038.952228117235,1.7274994850158691,0.000412,16,2048,,1339.6345119476318
adammini-adaptive_stochastic-r8,adammini,adaptive_stochastic,8,1.1B,sdpa,666,206,6782976,2.4036412239074707,11.063387398246206,nan,nan,nan,nan,22.20994520187378,4.097999572753906,0.018328461796045303,4.097999572753906,13.995617594569921,6.181072235107422,5040.047653417754,1.6474417448043823,0.000414,16,2048,,1345.8448557853699
adammini-adaptive_stochastic-r8,adammini,adaptive_stochastic,8,1.1B,sdpa,666,207,6815744,2.3039326667785645,10.013484821700642,nan,nan,nan,nan,22.20994520187378,4.097999572753906,0.018328461796045303,4.097999572753906,13.995617594569921,6.172100305557251,5041.166548951932,1.6852459907531738,0.000416,16,2048,,1352.0463020801544
adammini-adaptive_stochastic-r8,adammini,adaptive_stochastic,8,1.1B,sdpa,666,208,6848512,2.4343018531799316,11.407851577272696,nan,nan,nan,nan,22.20994520187378,4.097999572753906,0.018328461796045303,4.097999572753906,13.995617594569921,6.165634632110596,5042.298975626137,1.8994390964508057,0.00041799999999999997,16,2048,,1358.2413759231567
adammini-adaptive_stochastic-r8,adammini,adaptive_stochastic,8,1.1B,sdpa,666,209,6881280,2.4814682006835938,11.958809467105324,nan,nan,nan,nan,22.20994520187378,4.097999572753906,0.018328461796045303,4.097999572753906,13.995617594569921,6.164655685424805,5043.424419370333,2.0828680992126465,0.00042,16,2048,,1364.4353148937225
adammini-adaptive_stochastic-r8,adammini,adaptive_stochastic,8,1.1B,sdpa,666,210,6914048,2.4570960998535156,11.670871239507603,nan,nan,nan,nan,22.20994520187378,4.097999572753906,0.018328461796045303,4.097999572753906,13.995617594569921,6.164142847061157,5044.542091650957,2.507793664932251,0.000422,16,2048,,1370.6288268566132
adammini-adaptive_stochastic-r8,adammini,adaptive_stochastic,8,1.1B,sdpa,666,211,6946816,2.2566444873809814,9.550986880071378,nan,nan,nan,nan,22.20994520187378,4.097999572753906,0.018328461796045303,4.097999572753906,13.995617594569921,6.171239614486694,5045.623540465389,2.1484220027923584,0.000424,16,2048,,1376.829357624054
adammini-adaptive_stochastic-r8,adammini,adaptive_stochastic,8,1.1B,sdpa,666,212,6979584,2.5484619140625,12.787420497607197,nan,nan,nan,nan,22.20994520187378,4.097999572753906,0.018328461796045303,4.097999572753906,13.995617594569921,6.151916742324829,5046.765894476877,2.2749805450439453,0.000426,16,2048,,1383.0104110240936
adammini-adaptive_stochastic-r8,adammini,adaptive_stochastic,8,1.1B,sdpa,666,213,7012352,4.065510272979736,58.294647117793374,nan,nan,nan,nan,22.20994520187378,4.097999572753906,0.018328461796045303,4.097999572753906,13.995617594569921,6.160543441772461,5047.867270592335,124.8507080078125,0.000428,16,2048,,1389.2002744674683
adammini-adaptive_stochastic-r8,adammini,adaptive_stochastic,8,1.1B,sdpa,666,214,7045120,2.467184066772461,11.789202459687527,nan,nan,nan,nan,22.20994520187378,4.097999572753906,0.018328461796045303,4.097999572753906,13.995617594569921,6.163627862930298,5048.947169650019,7.052370548248291,0.00043,16,2048,,1395.392895936966
adammini-adaptive_stochastic-r8,adammini,adaptive_stochastic,8,1.1B,sdpa,666,215,7077888,2.2499287128448486,9.487059506769016,nan,nan,nan,nan,22.20994520187378,4.097999572753906,0.018328461796045303,4.097999572753906,13.995617594569921,6.185387372970581,5049.940317069883,2.4189822673797607,0.000432,16,2048,,1401.6074330806732
adammini-adaptive_stochastic-r8,adammini,adaptive_stochastic,8,1.1B,sdpa,666,216,7110656,2.313995361328125,10.114756137455318,nan,nan,nan,nan,22.20994520187378,4.097999572753906,0.018328461796045303,4.097999572753906,13.995617594569921,6.1423211097717285,5051.0786109016235,1.7367767095565796,0.00043400000000000003,16,2048,,1407.778932094574
adammini-adaptive_stochastic-r8,adammini,adaptive_stochastic,8,1.1B,sdpa,666,217,7143424,1.9173730611801147,6.803063743164981,nan,nan,nan,nan,22.20994520187378,4.097999572753906,0.018328461796045303,4.097999572753906,13.995617594569921,6.16630482673645,5052.121225882841,1.7889758348464966,0.000436,16,2048,,1413.9745697975159
adammini-adaptive_stochastic-r8,adammini,adaptive_stochastic,8,1.1B,sdpa,666,218,7176192,2.356855869293213,10.557704410669345,nan,nan,nan,nan,22.20994520187378,4.097999572753906,0.018328461796045303,4.097999572753906,13.995617594569921,6.183314323425293,5053.093340761288,1.5898563861846924,0.000438,16,2048,,1420.187195301056
adammini-adaptive_stochastic-r8,adammini,adaptive_stochastic,8,1.1B,sdpa,666,219,7208960,2.6431241035461426,14.057050762681051,nan,nan,nan,nan,22.20994520187378,4.097999572753906,0.018328461796045303,4.097999572753906,13.995617594569921,6.19022011756897,5054.032827342154,1.7787648439407349,0.00044,16,2048,,1426.406758069992
adammini-adaptive_stochastic-r8,adammini,adaptive_stochastic,8,1.1B,sdpa,666,220,7241728,2.674542188644409,14.505707441636664,nan,nan,nan,nan,22.20994520187378,4.097999572753906,0.018328461796045303,4.097999572753906,13.995617594569921,6.154399633407593,5055.090748499403,2.0113980770111084,0.000442,16,2048,,1432.5905492305756
adammini-adaptive_stochastic-r8,adammini,adaptive_stochastic,8,1.1B,sdpa,666,221,7274496,2.3811540603637695,10.81737957211333,nan,nan,nan,nan,22.20994520187378,4.097999572753906,0.018328461796045303,4.097999572753906,13.995617594569921,6.168146371841431,5056.0908668995235,1.9700655937194824,0.000444,16,2048,,1438.787935256958
adammini-adaptive_stochastic-r8,adammini,adaptive_stochastic,8,1.1B,sdpa,666,222,7307264,2.431663751602173,11.377796168070157,nan,nan,nan,nan,22.20994520187378,4.097999572753906,0.018328461796045303,4.097999572753906,13.995617594569921,6.17023491859436,5057.075530509258,2.127237558364868,0.000446,16,2048,,1444.9874663352966
adammini-adaptive_stochastic-r8,adammini,adaptive_stochastic,8,1.1B,sdpa,666,223,7340032,2.4785172939300537,11.923572152070104,nan,nan,nan,nan,22.20994520187378,4.097999572753906,0.018328461796045303,4.097999572753906,13.995617594569921,6.166814088821411,5058.063573079528,2.5696914196014404,0.000448,16,2048,,1451.183524131775
adammini-adaptive_stochastic-r8,adammini,adaptive_stochastic,8,1.1B,sdpa,666,224,7372800,2.3066530227661133,10.040762150291881,nan,nan,nan,nan,22.20994520187378,4.097999572753906,0.018328461796045303,4.097999572753906,13.995617594569921,6.163838624954224,5059.053713608594,1.7538094520568848,0.00045000000000000004,16,2048,,1457.376739025116
adammini-adaptive_stochastic-r8,adammini,adaptive_stochastic,8,1.1B,sdpa,666,225,7405568,2.388493061065674,10.897060359423035,nan,nan,nan,nan,22.20994520187378,4.097999572753906,0.018328461796045303,4.097999572753906,13.995617594569921,6.1628336906433105,5060.038551564241,1.7835512161254883,0.00045200000000000004,16,2048,,1463.5685772895813
adammini-adaptive_stochastic-r8,adammini,adaptive_stochastic,8,1.1B,sdpa,666,226,7438336,2.282668113708496,9.802800534789899,nan,nan,nan,nan,22.20994520187378,4.097999572753906,0.018328461796045303,4.097999572753906,13.995617594569921,6.169163465499878,5060.994123728832,1.9271095991134644,0.00045400000000000003,16,2048,,1469.7672171592712
adammini-adaptive_stochastic-r8,adammini,adaptive_stochastic,8,1.1B,sdpa,666,227,7471104,2.2643508911132812,9.624874981103986,nan,nan,nan,nan,22.20994520187378,4.097999572753906,0.018328461796045303,4.097999572753906,13.995617594569921,6.164517641067505,5061.956781731989,1.8524316549301147,0.000456,16,2048,,1475.9611876010895
adammini-adaptive_stochastic-r8,adammini,adaptive_stochastic,8,1.1B,sdpa,666,228,7503872,2.352290630340576,10.509615818719368,nan,nan,nan,nan,22.20994520187378,4.097999572753906,0.018328461796045303,4.097999572753906,13.995617594569921,6.177532196044922,5062.86665245022,1.8946692943572998,0.000458,16,2048,,1482.1678113937378
adammini-adaptive_stochastic-r8,adammini,adaptive_stochastic,8,1.1B,sdpa,666,229,7536640,2.7025835514068604,14.918223978652064,nan,nan,nan,nan,22.20994520187378,4.097999572753906,0.018328461796045303,4.097999572753906,13.995617594569921,6.162673711776733,5063.820714686543,2.140232801437378,0.00046,16,2048,,1488.359775543213
adammini-adaptive_stochastic-r8,adammini,adaptive_stochastic,8,1.1B,sdpa,666,230,7569408,2.4893951416015625,12.05398296217376,nan,nan,nan,nan,22.20994520187378,4.097999572753906,0.018328461796045303,4.097999572753906,13.995617594569921,6.154477834701538,5064.793880707796,1.753835678100586,0.000462,16,2048,,1494.5435326099396
adammini-adaptive_stochastic-r8,adammini,adaptive_stochastic,8,1.1B,sdpa,666,231,7602176,2.2076144218444824,9.093996057221343,nan,nan,nan,nan,22.20994520187378,4.097999572753906,0.018328461796045303,4.097999572753906,13.995617594569921,6.17543625831604,5065.688476735787,1.76038658618927,0.00046400000000000006,16,2048,,1500.747965335846
adammini-adaptive_stochastic-r8,adammini,adaptive_stochastic,8,1.1B,sdpa,666,232,7634944,2.571536064147949,13.085909807678279,nan,nan,nan,nan,22.20994520187378,4.097999572753906,0.018328461796045303,4.097999572753906,13.995617594569921,6.159338712692261,5066.630599920134,1.922296404838562,0.00046600000000000005,16,2048,,1506.9364008903503
adammini-adaptive_stochastic-r8,adammini,adaptive_stochastic,8,1.1B,sdpa,666,233,7667712,2.565371036529541,13.005482983832566,nan,nan,nan,nan,22.20994520187378,4.097999572753906,0.018328461796045303,4.097999572753906,13.995617594569921,6.197674989700317,5067.4361187930235,2.0523734092712402,0.00046800000000000005,16,2048,,1513.1634089946747
adammini-adaptive_stochastic-r8,adammini,adaptive_stochastic,8,1.1B,sdpa,666,234,7700480,2.2486648559570312,9.475076795077639,nan,nan,nan,nan,22.20994520187378,4.097999572753906,0.018328461796045303,4.097999572753906,13.995617594569921,6.122209072113037,5068.486250606326,2.0352745056152344,0.00047,16,2048,,1519.3155598640442
adammini-adaptive_stochastic-r8,adammini,adaptive_stochastic,8,1.1B,sdpa,666,235,7733248,2.4907472133636475,12.070291835056299,nan,nan,nan,nan,22.20994520187378,4.097999572753906,0.018328461796045303,4.097999572753906,13.995617594569921,6.16952919960022,5069.368883476471,1.689842939376831,0.000472,16,2048,,1525.5145630836487
adammini-adaptive_stochastic-r8,adammini,adaptive_stochastic,8,1.1B,sdpa,666,236,7766016,2.1915183067321777,8.948789813112393,nan,nan,nan,nan,22.20994520187378,4.097999572753906,0.018328461796045303,4.097999572753906,13.995617594569921,6.1603264808654785,5070.2761695299805,1.8791911602020264,0.000474,16,2048,,1531.7040734291077
adammini-adaptive_stochastic-r8,adammini,adaptive_stochastic,8,1.1B,sdpa,666,237,7798784,2.5733718872070312,13.1099552875222,nan,nan,nan,nan,22.20994520187378,4.097999572753906,0.018328461796045303,4.097999572753906,13.995617594569921,6.1666483879089355,5071.156247245728,1.8461267948150635,0.00047599999999999997,16,2048,,1537.8998670578003
adammini-adaptive_stochastic-r8,adammini,adaptive_stochastic,8,1.1B,sdpa,666,238,7831552,1.8944554328918457,6.648926631824981,nan,nan,nan,nan,22.20994520187378,4.097999572753906,0.018328461796045303,4.097999572753906,13.995617594569921,6.154325485229492,5072.069777290299,1.8795069456100464,0.00047799999999999996,16,2048,,1544.0834212303162
adammini-adaptive_stochastic-r8,adammini,adaptive_stochastic,8,1.1B,sdpa,666,239,7864320,2.5571861267089844,12.899468728843702,nan,nan,nan,nan,22.20994520187378,4.097999572753906,0.018328461796045303,4.097999572753906,13.995617594569921,6.168211221694946,5072.930398814203,1.6366605758666992,0.00048,16,2048,,1550.280967950821
adammini-adaptive_stochastic-r8,adammini,adaptive_stochastic,8,1.1B,sdpa,666,240,7897088,2.341259479522705,10.394319754879787,nan,nan,nan,nan,22.20994520187378,4.097999572753906,0.018328461796045303,4.097999572753906,13.995617594569921,6.185673952102661,5073.726917481299,1.7650266885757446,0.000482,16,2048,,1556.495938539505
adammini-adaptive_stochastic-r8,adammini,adaptive_stochastic,8,1.1B,sdpa,666,241,7929856,2.4858386516571045,12.011189235813656,nan,nan,nan,nan,22.20994520187378,4.097999572753906,0.018328461796045303,4.097999572753906,13.995617594569921,6.162388563156128,5074.592687848166,2.309333324432373,0.000484,16,2048,,1562.6875188350677
adammini-adaptive_stochastic-r8,adammini,adaptive_stochastic,8,1.1B,sdpa,666,242,7962624,2.404820203781128,11.076438601364355,nan,nan,nan,nan,22.20994520187378,4.097999572753906,0.018328461796045303,4.097999572753906,13.995617594569921,6.168834924697876,5075.431138296999,2.1316978931427,0.000486,16,2048,,1568.8855783939362
adammini-adaptive_stochastic-r8,adammini,adaptive_stochastic,8,1.1B,sdpa,666,243,7995392,2.6050660610198975,13.532119218817789,nan,nan,nan,nan,22.20994520187378,4.097999572753906,0.018328461796045303,4.097999572753906,13.995617594569921,6.1457672119140625,5076.33746377394,2.260183334350586,0.000488,16,2048,,1575.0607481002808
adammini-adaptive_stochastic-r8,adammini,adaptive_stochastic,8,1.1B,sdpa,666,244,8028160,2.5543668270111084,12.863152477806327,nan,nan,nan,nan,22.20994520187378,4.097999572753906,0.018328461796045303,4.097999572753906,13.995617594569921,6.169139385223389,5077.160983990343,2.0804293155670166,0.00049,16,2048,,1581.2590017318726
adammini-adaptive_stochastic-r8,adammini,adaptive_stochastic,8,1.1B,sdpa,666,245,8060928,2.3256969451904297,10.233810005583905,nan,nan,nan,nan,22.20994520187378,4.097999572753906,0.018328461796045303,4.097999572753906,13.995617594569921,6.1656599044799805,5077.990094904658,2.153017997741699,0.000492,16,2048,,1587.4538192749023
adammini-adaptive_stochastic-r8,adammini,adaptive_stochastic,8,1.1B,sdpa,666,246,8093696,2.5279273986816406,12.527514667580133,nan,nan,nan,nan,22.20994520187378,4.097999572753906,0.018328461796045303,4.097999572753906,13.995617594569921,6.169743776321411,5078.799541160732,1.9793001413345337,0.000494,16,2048,,1593.65278840065
adammini-adaptive_stochastic-r8,adammini,adaptive_stochastic,8,1.1B,sdpa,666,247,8126464,2.2675838470458984,9.656042131640366,nan,nan,nan,nan,22.20994520187378,4.097999572753906,0.018328461796045303,4.097999572753906,13.995617594569921,6.161073923110962,5079.630021390028,2.0079619884490967,0.000496,16,2048,,1599.8432426452637
adammini-adaptive_stochastic-r8,adammini,adaptive_stochastic,8,1.1B,sdpa,666,248,8159232,2.3162753582000732,10.13784406000317,nan,nan,nan,nan,22.20994520187378,4.097999572753906,0.018328461796045303,4.097999572753906,13.995617594569921,6.171975135803223,5080.419276040649,1.9428337812423706,0.000498,16,2048,,1606.0444526672363
adammini-adaptive_stochastic-r8,adammini,adaptive_stochastic,8,1.1B,sdpa,666,249,8192000,2.258668899536133,9.570341598358535,nan,nan,nan,nan,22.20994520187378,4.097999572753906,0.018328461796045303,4.097999572753906,13.995617594569921,6.171453952789307,5081.2042706951515,2.0789265632629395,0.0005,16,2048,,1612.245187997818
adammini-adaptive_stochastic-r8,adammini,adaptive_stochastic,8,1.1B,sdpa,666,250,8224768,2.585566282272339,13.270801982460746,2.4697669837140603,11.819692349924615,nan,nan,22.20994520187378,4.097999572753906,0.018328461796045303,4.097999572753906,13.995617594569921,6.1892409324646,5081.927405434526,2.1143622398376465,0.000499600008,16,2048,,1631.5714237689972
adammini-adaptive_stochastic-r8,adammini,adaptive_stochastic,8,1.1B,sdpa,666,251,8257536,2.2352707386016846,9.349012648200594,nan,nan,nan,nan,22.20994520187378,4.097999572753906,0.018328461796045303,4.097999572753906,13.995617594569921,6.149992942810059,5042.085597401253,1.9599206447601318,0.0004992000159999999,16,2048,,1637.751190662384
adammini-adaptive_stochastic-r8,adammini,adaptive_stochastic,8,1.1B,sdpa,666,252,8290304,2.2622952461242676,9.605109976955108,nan,nan,nan,nan,22.20994520187378,4.097999572753906,0.018328461796045303,4.097999572753906,13.995617594569921,6.158118724822998,5043.041407301114,1.9201929569244385,0.000498800024,16,2048,,1643.938502073288
adammini-adaptive_stochastic-r8,adammini,adaptive_stochastic,8,1.1B,sdpa,666,253,8323072,2.3807642459869385,10.813163623808498,nan,nan,nan,nan,22.20994520187378,4.097999572753906,0.018328461796045303,4.097999572753906,13.995617594569921,6.169809341430664,5043.9541418833205,1.7367154359817505,0.000498400032,16,2048,,1650.1373851299286
adammini-adaptive_stochastic-r8,adammini,adaptive_stochastic,8,1.1B,sdpa,666,254,8355840,2.514066457748413,12.355069414388355,nan,nan,nan,nan,22.20994520187378,4.097999572753906,0.018328461796045303,4.097999572753906,13.995617594569921,6.16701340675354,5044.869081016582,2.0528531074523926,0.00049800004,16,2048,,1656.333475112915
adammini-adaptive_stochastic-r8,adammini,adaptive_stochastic,8,1.1B,sdpa,666,255,8388608,2.461452007293701,11.721819356456924,nan,nan,nan,nan,22.20994520187378,4.097999572753906,0.018328461796045303,4.097999572753906,13.995617594569921,6.201702356338501,5045.671764853922,2.1812491416931152,0.000497600048,16,2048,,1662.5667531490326
adammini-adaptive_stochastic-r8,adammini,adaptive_stochastic,8,1.1B,sdpa,666,256,8421376,2.4746410846710205,11.877443351492534,nan,nan,nan,nan,22.20994520187378,4.097999572753906,0.018328461796045303,4.097999572753906,13.995617594569921,6.188538074493408,5046.500652291202,2.07603120803833,0.000497200056,16,2048,,1668.7842764854431
adammini-adaptive_stochastic-r8,adammini,adaptive_stochastic,8,1.1B,sdpa,666,257,8454144,2.329172372817993,10.269438748308852,nan,nan,nan,nan,22.20994520187378,4.097999572753906,0.018328461796045303,4.097999572753906,13.995617594569921,6.174563884735107,5047.37344727013,1.9145869016647339,0.000496800064,16,2048,,1674.9880330562592
adammini-adaptive_stochastic-r8,adammini,adaptive_stochastic,8,1.1B,sdpa,666,258,8486912,2.319196939468384,10.167505903955208,nan,nan,nan,nan,22.20994520187378,4.097999572753906,0.018328461796045303,4.097999572753906,13.995617594569921,6.18653678894043,5048.203116298855,1.9783612489700317,0.0004964000720000001,16,2048,,1681.2036051750183
adammini-adaptive_stochastic-r8,adammini,adaptive_stochastic,8,1.1B,sdpa,666,259,8519680,2.333163022994995,10.310502366639565,nan,nan,nan,nan,22.20994520187378,4.097999572753906,0.018328461796045303,4.097999572753906,13.995617594569921,6.169718980789185,5049.077446708449,1.8090285062789917,0.00049600008,16,2048,,1687.4024364948273
adammini-adaptive_stochastic-r8,adammini,adaptive_stochastic,8,1.1B,sdpa,666,260,8552448,2.32908034324646,10.268493699747832,nan,nan,nan,nan,22.20994520187378,4.097999572753906,0.018328461796045303,4.097999572753906,13.995617594569921,6.163560628890991,5049.963648937004,1.8481066226959229,0.000495600088,16,2048,,1693.5953567028046
adammini-adaptive_stochastic-r8,adammini,adaptive_stochastic,8,1.1B,sdpa,666,261,8585216,2.450049638748169,11.588921964524989,nan,nan,nan,nan,22.20994520187378,4.097999572753906,0.018328461796045303,4.097999572753906,13.995617594569921,6.1590800285339355,5050.855945707633,1.647621512413025,0.0004952000959999999,16,2048,,1699.783528804779
adammini-adaptive_stochastic-r8,adammini,adaptive_stochastic,8,1.1B,sdpa,666,262,8617984,2.162262201309204,8.690775721677973,nan,nan,nan,nan,22.20994520187378,4.097999572753906,0.018328461796045303,4.097999572753906,13.995617594569921,6.148024559020996,5051.775178514605,1.680565595626831,0.000494800104,16,2048,,1705.9605884552002
adammini-adaptive_stochastic-r8,adammini,adaptive_stochastic,8,1.1B,sdpa,666,263,8650752,2.250844955444336,9.495755938245091,nan,nan,nan,nan,22.20994520187378,4.097999572753906,0.018328461796045303,4.097999572753906,13.995617594569921,6.162157297134399,5052.6460841999715,2.300081729888916,0.000494400112,16,2048,,1712.1518952846527
adammini-adaptive_stochastic-r8,adammini,adaptive_stochastic,8,1.1B,sdpa,666,264,8683520,2.2547380924224854,9.53279627158594,nan,nan,nan,nan,22.20994520187378,4.097999572753906,0.018328461796045303,4.097999572753906,13.995617594569921,6.178443431854248,5053.462753569844,1.87827730178833,0.00049400012,16,2048,,1718.3596367835999
adammini-adaptive_stochastic-r8,adammini,adaptive_stochastic,8,1.1B,sdpa,666,265,8716288,2.646322011947632,14.102075878141479,nan,nan,nan,nan,22.20994520187378,4.097999572753906,0.018328461796045303,4.097999572753906,13.995617594569921,6.170945167541504,5054.295250611571,2.0110995769500732,0.000493600128,16,2048,,1724.5597343444824
adammini-adaptive_stochastic-r8,adammini,adaptive_stochastic,8,1.1B,sdpa,666,266,8749056,2.3040266036987305,10.014425501806526,nan,nan,nan,nan,22.20994520187378,4.097999572753906,0.018328461796045303,4.097999572753906,13.995617594569921,6.1680686473846436,5055.130395042187,1.8686654567718506,0.0004932001360000001,16,2048,,1730.7570412158966
adammini-adaptive_stochastic-r8,adammini,adaptive_stochastic,8,1.1B,sdpa,666,267,8781824,2.5825719833374023,13.231124666736008,nan,nan,nan,nan,22.20994520187378,4.097999572753906,0.018328461796045303,4.097999572753906,13.995617594569921,6.158020734786987,5055.988565286099,2.0104892253875732,0.000492800144,16,2048,,1736.9443085193634
adammini-adaptive_stochastic-r8,adammini,adaptive_stochastic,8,1.1B,sdpa,666,268,8814592,2.372298002243042,10.722003182694248,nan,nan,nan,nan,22.20994520187378,4.097999572753906,0.018328461796045303,4.097999572753906,13.995617594569921,6.168316125869751,5056.810757931922,2.176027536392212,0.000492400152,16,2048,,1743.1416492462158
adammini-adaptive_stochastic-r8,adammini,adaptive_stochastic,8,1.1B,sdpa,666,269,8847360,2.5649194717407227,12.999611491434875,nan,nan,nan,nan,22.20994520187378,4.097999572753906,0.018328461796045303,4.097999572753906,13.995617594569921,6.147922515869141,5057.686712218405,2.344086170196533,0.00049200016,16,2048,,1749.318636894226
adammini-adaptive_stochastic-r8,adammini,adaptive_stochastic,8,1.1B,sdpa,666,270,8880128,2.4587459564208984,11.690142396019867,nan,nan,nan,nan,22.20994520187378,4.097999572753906,0.018328461796045303,4.097999572753906,13.995617594569921,6.186035633087158,5058.446621974218,2.0358119010925293,0.000491600168,16,2048,,1755.5341169834137
adammini-adaptive_stochastic-r8,adammini,adaptive_stochastic,8,1.1B,sdpa,666,271,8912896,2.4445250034332275,11.525073927931796,nan,nan,nan,nan,22.20994520187378,4.097999572753906,0.018328461796045303,4.097999572753906,13.995617594569921,6.161736965179443,5059.269909703572,2.3913516998291016,0.0004912001760000001,16,2048,,1761.7247920036316
adammini-adaptive_stochastic-r8,adammini,adaptive_stochastic,8,1.1B,sdpa,666,272,8945664,2.2832398414611816,9.808406670348614,nan,nan,nan,nan,22.20994520187378,4.097999572753906,0.018328461796045303,4.097999572753906,13.995617594569921,6.156080007553101,5060.104689249704,1.8364843130111694,0.000490800184,16,2048,,1767.9100985527039
adammini-adaptive_stochastic-r8,adammini,adaptive_stochastic,8,1.1B,sdpa,666,273,8978432,2.304049253463745,10.014652328759677,nan,nan,nan,nan,22.20994520187378,4.097999572753906,0.018328461796045303,4.097999572753906,13.995617594569921,6.167614936828613,5060.900279701732,1.6553226709365845,0.000490400192,16,2048,,1774.10680103302
adammini-adaptive_stochastic-r8,adammini,adaptive_stochastic,8,1.1B,sdpa,666,274,9011200,2.3769097328186035,10.771564366176612,nan,nan,nan,nan,22.20994520187378,4.097999572753906,0.018328461796045303,4.097999572753906,13.995617594569921,6.166821241378784,5061.693059299845,1.6815314292907715,0.0004900002,16,2048,,1780.3030099868774
adammini-adaptive_stochastic-r8,adammini,adaptive_stochastic,8,1.1B,sdpa,666,275,9043968,2.190979480743408,8.943969271426253,nan,nan,nan,nan,22.20994520187378,4.097999572753906,0.018328461796045303,4.097999572753906,13.995617594569921,6.145869493484497,5062.538772218424,1.8958141803741455,0.000489600208,16,2048,,1786.4781410694122
adammini-adaptive_stochastic-r8,adammini,adaptive_stochastic,8,1.1B,sdpa,666,276,9076736,2.3231685161590576,10.20796722784662,nan,nan,nan,nan,22.20994520187378,4.097999572753906,0.018328461796045303,4.097999572753906,13.995617594569921,6.16887092590332,5063.313950303377,1.6894882917404175,0.0004892002160000001,16,2048,,1792.6761763095856
adammini-adaptive_stochastic-r8,adammini,adaptive_stochastic,8,1.1B,sdpa,666,277,9109504,2.4822070598602295,11.967648608259895,nan,nan,nan,nan,22.20994520187378,4.097999572753906,0.018328461796045303,4.097999572753906,13.995617594569921,6.151895761489868,5064.131914087092,2.1429617404937744,0.000488800224,16,2048,,1798.857268333435
adammini-adaptive_stochastic-r8,adammini,adaptive_stochastic,8,1.1B,sdpa,666,278,9142272,2.2385144233703613,9.379387134126336,nan,nan,nan,nan,22.20994520187378,4.097999572753906,0.018328461796045303,4.097999572753906,13.995617594569921,6.1599509716033936,5064.921552854034,2.1251702308654785,0.000488400232,16,2048,,1805.0463554859161
adammini-adaptive_stochastic-r8,adammini,adaptive_stochastic,8,1.1B,sdpa,666,279,9175040,2.3332748413085938,10.311655334086792,nan,nan,nan,nan,22.20994520187378,4.097999572753906,0.018328461796045303,4.097999572753906,13.995617594569921,6.185725927352905,5065.633890253148,1.7079640626907349,0.00048800024,16,2048,,1811.2612068653107
adammini-adaptive_stochastic-r8,adammini,adaptive_stochastic,8,1.1B,sdpa,666,280,9207808,2.512906312942505,12.340744056132355,nan,nan,nan,nan,22.20994520187378,4.097999572753906,0.018328461796045303,4.097999572753906,13.995617594569921,6.179321765899658,5066.3589470930865,1.9781851768493652,0.00048760024799999996,16,2048,,1817.4701044559479
adammini-adaptive_stochastic-r8,adammini,adaptive_stochastic,8,1.1B,sdpa,666,281,9240576,2.385470390319824,10.86417186444525,nan,nan,nan,nan,22.20994520187378,4.097999572753906,0.018328461796045303,4.097999572753906,13.995617594569921,6.172618389129639,5067.097156132807,1.9526722431182861,0.00048720025600000003,16,2048,,1823.6719143390656
adammini-adaptive_stochastic-r8,adammini,adaptive_stochastic,8,1.1B,sdpa,666,282,9273344,2.31730580329895,10.148295935845265,nan,nan,nan,nan,22.20994520187378,4.097999572753906,0.018328461796045303,4.097999572753906,13.995617594569921,6.174955129623413,5067.824450601365,1.8391491174697876,0.00048680026400000004,16,2048,,1829.8761954307556
adammini-adaptive_stochastic-r8,adammini,adaptive_stochastic,8,1.1B,sdpa,666,283,9306112,2.3802571296691895,10.807681482247581,nan,nan,nan,nan,22.20994520187378,4.097999572753906,0.018328461796045303,4.097999572753906,13.995617594569921,6.168176651000977,5068.565225176486,1.987634539604187,0.00048640027200000006,16,2048,,1836.073415517807
adammini-adaptive_stochastic-r8,adammini,adaptive_stochastic,8,1.1B,sdpa,666,284,9338880,2.135096788406372,8.457865090529634,nan,nan,nan,nan,22.20994520187378,4.097999572753906,0.018328461796045303,4.097999572753906,13.995617594569921,6.169162750244141,5069.299053386324,1.745971441268921,0.00048600028,16,2048,,1842.2718362808228
adammini-adaptive_stochastic-r8,adammini,adaptive_stochastic,8,1.1B,sdpa,666,285,9371648,2.452404499053955,11.616244414496466,nan,nan,nan,nan,22.20994520187378,4.097999572753906,0.018328461796045303,4.097999572753906,13.995617594569921,6.149633407592773,5070.081088368965,1.6320486068725586,0.00048560028800000003,16,2048,,1848.450649023056
adammini-adaptive_stochastic-r8,adammini,adaptive_stochastic,8,1.1B,sdpa,666,286,9404416,2.480029821395874,11.941620528332374,nan,nan,nan,nan,22.20994520187378,4.097999572753906,0.018328461796045303,4.097999572753906,13.995617594569921,6.153970003128052,5070.846143329254,1.8689980506896973,0.00048520029600000004,16,2048,,1854.6337480545044
adammini-adaptive_stochastic-r8,adammini,adaptive_stochastic,8,1.1B,sdpa,666,287,9437184,2.547417402267456,12.774070859210353,nan,nan,nan,nan,22.20994520187378,4.097999572753906,0.018328461796045303,4.097999572753906,13.995617594569921,6.17708158493042,5071.5430847567595,2.130373001098633,0.000484800304,16,2048,,1860.840261220932
adammini-adaptive_stochastic-r8,adammini,adaptive_stochastic,8,1.1B,sdpa,666,288,9469952,2.467083692550659,11.788019187051,nan,nan,nan,nan,22.20994520187378,4.097999572753906,0.018328461796045303,4.097999572753906,13.995617594569921,6.166838884353638,5072.262699644807,1.9668006896972656,0.000484400312,16,2048,,1867.03653216362
adammini-adaptive_stochastic-r8,adammini,adaptive_stochastic,8,1.1B,sdpa,666,289,9502720,2.3442704677581787,10.4256640944155,nan,nan,nan,nan,22.20994520187378,4.097999572753906,0.018328461796045303,4.097999572753906,13.995617594569921,6.1799798011779785,5072.942046118771,1.8799214363098145,0.00048400031999999997,16,2048,,1873.2458503246307
adammini-adaptive_stochastic-r8,adammini,adaptive_stochastic,8,1.1B,sdpa,666,290,9535488,2.1801626682281494,8.847745388732847,nan,nan,nan,nan,22.20994520187378,4.097999572753906,0.018328461796045303,4.097999572753906,13.995617594569921,6.143383979797363,5073.71576695289,1.5513360500335693,0.000483600328,16,2048,,1879.4187564849854
adammini-adaptive_stochastic-r8,adammini,adaptive_stochastic,8,1.1B,sdpa,666,291,9568256,2.316640615463257,10.14154765752088,nan,nan,nan,nan,22.20994520187378,4.097999572753906,0.018328461796045303,4.097999572753906,13.995617594569921,6.173045873641968,5074.404172723137,1.8290055990219116,0.000483200336,16,2048,,1885.6211380958557
adammini-adaptive_stochastic-r8,adammini,adaptive_stochastic,8,1.1B,sdpa,666,292,9601024,2.311737537384033,10.091944560812173,nan,nan,nan,nan,22.20994520187378,4.097999572753906,0.018328461796045303,4.097999572753906,13.995617594569921,6.183410406112671,5075.060630107858,1.790326714515686,0.000482800344,16,2048,,1891.8338322639465
adammini-adaptive_stochastic-r8,adammini,adaptive_stochastic,8,1.1B,sdpa,666,293,9633792,2.292452335357666,9.899184057975665,nan,nan,nan,nan,22.20994520187378,4.097999572753906,0.018328461796045303,4.097999572753906,13.995617594569921,6.140748739242554,5075.827096524603,1.911128044128418,0.00048240035199999997,16,2048,,1898.0038344860077
adammini-adaptive_stochastic-r8,adammini,adaptive_stochastic,8,1.1B,sdpa,666,294,9666560,2.0394654273986816,7.686499108582539,nan,nan,nan,nan,22.20994520187378,4.097999572753906,0.018328461796045303,4.097999572753906,13.995617594569921,6.149220943450928,5076.5660839857455,1.5889836549758911,0.00048200036,16,2048,,1904.1823704242706
adammini-adaptive_stochastic-r8,adammini,adaptive_stochastic,8,1.1B,sdpa,666,295,9699328,2.2330429553985596,9.328208257297812,nan,nan,nan,nan,22.20994520187378,4.097999572753906,0.018328461796045303,4.097999572753906,13.995617594569921,6.17055606842041,5077.24322794603,1.5586769580841064,0.000481600368,16,2048,,1910.3822047710419
adammini-adaptive_stochastic-r8,adammini,adaptive_stochastic,8,1.1B,sdpa,666,296,9732096,2.5765209197998047,13.15130403411852,nan,nan,nan,nan,22.20994520187378,4.097999572753906,0.018328461796045303,4.097999572753906,13.995617594569921,6.159401178359985,5077.945830226987,1.7280114889144897,0.00048120037600000006,16,2048,,1916.5710606575012
adammini-adaptive_stochastic-r8,adammini,adaptive_stochastic,8,1.1B,sdpa,666,297,9764864,2.1716880798339844,8.773081209297386,nan,nan,nan,nan,22.20994520187378,4.097999572753906,0.018328461796045303,4.097999572753906,13.995617594569921,6.157257556915283,5078.649290190678,1.5516897439956665,0.000480800384,16,2048,,1922.757735967636
adammini-adaptive_stochastic-r8,adammini,adaptive_stochastic,8,1.1B,sdpa,666,298,9797632,2.3455073833465576,10.438567739567832,nan,nan,nan,nan,22.20994520187378,4.097999572753906,0.018328461796045303,4.097999572753906,13.995617594569921,6.141845226287842,5079.388726759914,1.712091088294983,0.00048040039200000003,16,2048,,1928.9288985729218
adammini-adaptive_stochastic-r8,adammini,adaptive_stochastic,8,1.1B,sdpa,666,299,9830400,2.2775685787200928,9.752938056262495,nan,nan,nan,nan,22.20994520187378,4.097999572753906,0.018328461796045303,4.097999572753906,13.995617594569921,6.168674468994141,5080.053291904496,1.5442614555358887,0.0004800004,16,2048,,1935.1268372535706
adammini-adaptive_stochastic-r8,adammini,adaptive_stochastic,8,1.1B,sdpa,666,300,9863168,2.3018829822540283,9.99298135682053,2.4590617340637144,11.693834464535533,nan,nan,22.20994520187378,4.097999572753906,0.018328461796045303,4.097999572753906,13.995617594569921,6.1630284786224365,5080.728514293826,1.6213159561157227,0.00047960040800000005,16,2048,,1953.4309043884277
adammini-adaptive_stochastic-r8,adammini,adaptive_stochastic,8,1.1B,sdpa,666,301,9895936,2.31742000579834,10.149454962786312,nan,nan,nan,nan,22.20994520187378,4.097999572753906,0.018328461796045303,4.097999572753906,13.995617594569921,6.156089782714844,5050.009141966006,1.673046588897705,0.000479200416,16,2048,,1959.616826057434
adammini-adaptive_stochastic-r8,adammini,adaptive_stochastic,8,1.1B,sdpa,666,302,9928704,2.335289239883423,10.332448053276797,nan,nan,nan,nan,22.20994520187378,4.097999572753906,0.018328461796045303,4.097999572753906,13.995617594569921,6.1574931144714355,5050.784684623635,1.7149267196655273,0.000478800424,16,2048,,1965.8036634922028
adammini-adaptive_stochastic-r8,adammini,adaptive_stochastic,8,1.1B,sdpa,666,303,9961472,2.222299098968506,9.228523783751275,nan,nan,nan,nan,22.20994520187378,4.097999572753906,0.018328461796045303,4.097999572753906,13.995617594569921,6.150797367095947,5051.572457835372,1.8651535511016846,0.000478400432,16,2048,,1971.9839668273926
adammini-adaptive_stochastic-r8,adammini,adaptive_stochastic,8,1.1B,sdpa,666,304,9994240,2.360663890838623,10.597985022578406,nan,nan,nan,nan,22.20994520187378,4.097999572753906,0.018328461796045303,4.097999572753906,13.995617594569921,6.149110555648804,5052.35902325314,1.8717586994171143,0.00047800044,16,2048,,1978.162348985672
adammini-adaptive_stochastic-r8,adammini,adaptive_stochastic,8,1.1B,sdpa,666,305,10027008,2.3360674381256104,10.340491875627619,nan,nan,nan,nan,22.20994520187378,4.097999572753906,0.018635544925928116,4.097999572753906,13.995310511440039,7.020240306854248,5050.924072429669,1.8489362001419067,0.000477600448,16,2048,,1985.1857743263245
adammini-adaptive_stochastic-r8,adammini,adaptive_stochastic,8,1.1B,sdpa,666,306,10059776,2.452188730239868,11.613738261599549,nan,nan,nan,nan,22.21030282974243,4.097999572753906,0.018635544925928116,4.097999572753906,13.995668139308691,6.1378467082977295,5051.803245506297,3.62538743019104,0.000477200456,16,2048,,1991.3529872894287
adammini-adaptive_stochastic-r8,adammini,adaptive_stochastic,8,1.1B,sdpa,666,307,10092544,2.217533588409424,9.184649780260372,nan,nan,nan,nan,22.21030282974243,4.097999572753906,0.018635544925928116,4.097999572753906,13.995668139308691,6.150897026062012,5052.577323302589,8.032299041748047,0.000476800464,16,2048,,1997.5330202579498
adammini-adaptive_stochastic-r8,adammini,adaptive_stochastic,8,1.1B,sdpa,666,308,10125312,3.360563278198242,28.805411770818395,nan,nan,nan,nan,22.21030282974243,4.097999572753906,0.018635544925928116,4.097999572753906,13.995668139308691,6.153031349182129,5053.341825085271,136.18777465820312,0.000476400472,16,2048,,2003.7151622772217
adammini-adaptive_stochastic-r8,adammini,adaptive_stochastic,8,1.1B,sdpa,666,309,10158080,3.406543731689453,30.160820017806383,nan,nan,nan,nan,22.21030282974243,4.097999572753906,0.018635544925928116,4.097999572753906,13.995668139308691,6.104522228240967,5054.2239527614765,inf,0.00047600048,16,2048,,2009.8199977874756
adammini-adaptive_stochastic-r8,adammini,adaptive_stochastic,8,1.1B,sdpa,666,310,10190848,3.443181276321411,31.28633048145228,nan,nan,nan,nan,22.21030282974243,4.097999572753906,0.018635544925928116,4.097999572753906,13.995668139308691,6.0896546840667725,5055.210073026842,inf,0.00047560048800000007,16,2048,,2015.9100534915924
adammini-adaptive_stochastic-r8,adammini,adaptive_stochastic,8,1.1B,sdpa,666,311,10223616,3.348975658416748,28.47355205696765,nan,nan,nan,nan,22.21030282974243,4.097999572753906,0.018635544925928116,4.097999572753906,13.995668139308691,6.170969009399414,5055.986760755373,509.0220642089844,0.00047520049600000003,16,2048,,2022.110506772995
adammini-adaptive_stochastic-r8,adammini,adaptive_stochastic,8,1.1B,sdpa,666,312,10256384,3.8747220039367676,48.16930555230856,nan,nan,nan,nan,22.21030282974243,4.097999572753906,0.018635544925928116,4.097999572753906,13.995668139308691,6.1611106395721436,5056.710715697552,158.61708068847656,0.00047480050400000004,16,2048,,2028.3009791374207
adammini-adaptive_stochastic-r8,adammini,adaptive_stochastic,8,1.1B,sdpa,666,313,10289152,3.763780117034912,43.1110832935833,nan,nan,nan,nan,22.21030282974243,4.097999572753906,0.018635544925928116,4.097999572753906,13.995668139308691,6.1638898849487305,5057.423681355651,105.36306762695312,0.000474400512,16,2048,,2034.4942848682404
adammini-adaptive_stochastic-r8,adammini,adaptive_stochastic,8,1.1B,sdpa,666,314,10321920,3.198089599609375,24.485707980668373,nan,nan,nan,nan,22.21030282974243,4.097999572753906,0.018635544925928116,4.097999572753906,13.995668139308691,6.179724454879761,5058.09294979221,89.00950622558594,0.00047400052,16,2048,,2040.7035748958588
adammini-adaptive_stochastic-r8,adammini,adaptive_stochastic,8,1.1B,sdpa,666,315,10354688,2.9763786792755127,19.61664968329644,nan,nan,nan,nan,22.21030282974243,4.097999572753906,0.018635544925928116,4.097999572753906,13.995668139308691,6.124334096908569,5058.8946779953885,77.48295593261719,0.000473600528,16,2048,,2046.857281923294
adammini-adaptive_stochastic-r8,adammini,adaptive_stochastic,8,1.1B,sdpa,666,316,10387456,2.673322916030884,14.488031807711206,nan,nan,nan,nan,22.21030282974243,4.097999572753906,0.018635544925928116,4.097999572753906,13.995668139308691,6.161028861999512,5059.601630987741,72.76636505126953,0.00047320053600000004,16,2048,,2053.0474779605865
adammini-adaptive_stochastic-r8,adammini,adaptive_stochastic,8,1.1B,sdpa,666,317,10420224,2.6645843982696533,14.361979441982612,nan,nan,nan,nan,22.21030282974243,4.097999572753906,0.018635544925928116,4.097999572753906,13.995668139308691,6.159795761108398,5060.307723451192,26.203454971313477,0.000472800544,16,2048,,2059.2366008758545
adammini-adaptive_stochastic-r8,adammini,adaptive_stochastic,8,1.1B,sdpa,666,318,10452992,2.804769277572632,16.523263178850065,nan,nan,nan,nan,22.21030282974243,4.097999572753906,0.018635544925928116,4.097999572753906,13.995668139308691,6.15506911277771,5061.020939114407,34.206809997558594,0.000472400552,16,2048,,2065.421083688736
adammini-adaptive_stochastic-r8,adammini,adaptive_stochastic,8,1.1B,sdpa,666,319,10485760,2.5312323570251465,12.568986074591978,nan,nan,nan,nan,22.21030282974243,4.097999572753906,0.018635544925928116,4.097999572753906,13.995668139308691,6.155454397201538,5061.728876316087,10.0836820602417,0.00047200055999999997,16,2048,,2071.605604171753
adammini-adaptive_stochastic-r8,adammini,adaptive_stochastic,8,1.1B,sdpa,666,320,10518528,2.5247223377227783,12.487427494639972,nan,nan,nan,nan,22.21030282974243,4.097999572753906,0.018635544925928116,4.097999572753906,13.995668139308691,6.166128158569336,5062.407074177084,5.99635124206543,0.00047160056800000003,16,2048,,2077.80127120018
adammini-adaptive_stochastic-r8,adammini,adaptive_stochastic,8,1.1B,sdpa,666,321,10551296,2.340297222137451,10.384322554642244,nan,nan,nan,nan,22.21030282974243,4.097999572753906,0.018635544925928116,4.097999572753906,13.995668139308691,6.157448053359985,5063.101686057237,17.865638732910156,0.000471200576,16,2048,,2083.9877922534943
adammini-adaptive_stochastic-r8,adammini,adaptive_stochastic,8,1.1B,sdpa,666,322,10584064,2.3680694103240967,10.676759931719886,nan,nan,nan,nan,22.21030282974243,4.097999572753906,0.018635544925928116,4.097999572753906,13.995668139308691,6.169322490692139,5063.764204500801,4.738938331604004,0.00047080058400000006,16,2048,,2090.18665766716
adammini-adaptive_stochastic-r8,adammini,adaptive_stochastic,8,1.1B,sdpa,666,323,10616832,2.5598809719085693,12.934277681528577,nan,nan,nan,nan,22.21030282974243,4.097999572753906,0.018635544925928116,4.097999572753906,13.995668139308691,6.155255079269409,5064.455722422147,2.707230806350708,0.000470400592,16,2048,,2096.3712797164917
adammini-adaptive_stochastic-r8,adammini,adaptive_stochastic,8,1.1B,sdpa,666,324,10649600,2.508938789367676,12.291878864159179,nan,nan,nan,nan,22.21030282974243,4.097999572753906,0.018635544925928116,4.097999572753906,13.995668139308691,6.16411566734314,5065.122253033082,2.564775228500366,0.0004700006,16,2048,,2102.5646126270294
adammini-adaptive_stochastic-r8,adammini,adaptive_stochastic,8,1.1B,sdpa,666,325,10682368,2.2616260051727295,9.598683994519643,nan,nan,nan,nan,22.21030282974243,4.097999572753906,0.018635544925928116,4.097999572753906,13.995668139308691,6.145766019821167,5065.82912923926,2.4261577129364014,0.00046960060800000004,16,2048,,2108.7397408485413
adammini-adaptive_stochastic-r8,adammini,adaptive_stochastic,8,1.1B,sdpa,666,326,10715136,2.524888277053833,12.489499821940573,nan,nan,nan,nan,22.21030282974243,4.097999572753906,0.018635544925928116,4.097999572753906,13.995668139308691,6.155267238616943,5066.508954977296,2.2945306301116943,0.000469200616,16,2048,,2114.924383878708
adammini-adaptive_stochastic-r8,adammini,adaptive_stochastic,8,1.1B,sdpa,666,327,10747904,2.2718186378479004,9.697020155482635,nan,nan,nan,nan,22.21030282974243,4.097999572753906,0.018635544925928116,4.097999572753906,13.995668139308691,6.152863502502441,5067.190655532689,2.215261697769165,0.000468800624,16,2048,,2121.106523990631
adammini-adaptive_stochastic-r8,adammini,adaptive_stochastic,8,1.1B,sdpa,666,328,10780672,2.3388960361480713,10.36978237649535,nan,nan,nan,nan,22.21030282974243,4.097999572753906,0.018635544925928116,4.097999572753906,13.995668139308691,6.163410425186157,5067.84336862125,2.741748571395874,0.00046840063199999997,16,2048,,2127.2991967201233
adammini-adaptive_stochastic-r8,adammini,adaptive_stochastic,8,1.1B,sdpa,666,329,10813440,2.576446294784546,13.150322654472491,nan,nan,nan,nan,22.21030282974243,4.097999572753906,0.018635544925928116,4.097999572753906,13.995668139308691,6.139354467391968,5068.5494210928755,2.7055203914642334,0.00046800064,16,2048,,2133.467783689499
adammini-adaptive_stochastic-r8,adammini,adaptive_stochastic,8,1.1B,sdpa,666,330,10846208,2.460822820663452,11.714446464141512,nan,nan,nan,nan,22.21030282974243,4.097999572753906,0.018635544925928116,4.097999572753906,13.995668139308691,6.148053169250488,5069.230945622026,3.0534608364105225,0.000467600648,16,2048,,2139.645357131958
adammini-adaptive_stochastic-r8,adammini,adaptive_stochastic,8,1.1B,sdpa,666,331,10878976,2.5002851486206055,12.185968277376665,nan,nan,nan,nan,22.21030282974243,4.097999572753906,0.018635544925928116,4.097999572753906,13.995668139308691,6.146995306015015,5069.910391655674,2.5877177715301514,0.000467200656,16,2048,,2145.821647644043
adammini-adaptive_stochastic-r8,adammini,adaptive_stochastic,8,1.1B,sdpa,666,332,10911744,2.719526529312134,15.173136508590554,nan,nan,nan,nan,22.21030282974243,4.097999572753906,0.018635544925928116,4.097999572753906,13.995668139308691,6.165816783905029,5070.5419727824665,2.904496431350708,0.00046680066399999997,16,2048,,2152.01690530777
adammini-adaptive_stochastic-r8,adammini,adaptive_stochastic,8,1.1B,sdpa,666,333,10944512,2.2988452911376953,9.962671824932048,nan,nan,nan,nan,22.21030282974243,4.097999572753906,0.018635544925928116,4.097999572753906,13.995668139308691,6.146668434143066,5071.214533766698,2.1618220806121826,0.000466400672,16,2048,,2158.193059682846
adammini-adaptive_stochastic-r8,adammini,adaptive_stochastic,8,1.1B,sdpa,666,334,10977280,2.3292694091796875,10.270435305631997,nan,nan,nan,nan,22.21030282974243,4.097999572753906,0.018635544925928116,4.097999572753906,13.995668139308691,6.165144920349121,5071.839996020418,2.0796992778778076,0.00046600067999999994,16,2048,,2164.387691259384
adammini-adaptive_stochastic-r8,adammini,adaptive_stochastic,8,1.1B,sdpa,666,335,11010048,2.3579442501068115,10.569201469039509,nan,nan,nan,nan,22.21030282974243,4.097999572753906,0.018635544925928116,4.097999572753906,13.995668139308691,6.142723798751831,5072.5144171622815,2.306386709213257,0.00046560068800000006,16,2048,,2170.5597519874573
adammini-adaptive_stochastic-r8,adammini,adaptive_stochastic,8,1.1B,sdpa,666,336,11042816,2.5236220359802246,12.47369511267495,nan,nan,nan,nan,22.21030282974243,4.097999572753906,0.018635544925928116,4.097999572753906,13.995668139308691,6.178262948989868,5073.102362022466,2.495047092437744,0.000465200696,16,2048,,2176.7673428058624
adammini-adaptive_stochastic-r8,adammini,adaptive_stochastic,8,1.1B,sdpa,666,337,11075584,4.2050275802612305,67.02244613738671,nan,nan,nan,nan,22.21030282974243,4.097999572753906,0.018635544925928116,4.097999572753906,13.995668139308691,6.11482572555542,5073.834456544316,4.345261573791504,0.00046480070400000003,16,2048,,2182.911526441574
adammini-adaptive_stochastic-r8,adammini,adaptive_stochastic,8,1.1B,sdpa,666,338,11108352,2.3549726009368896,10.537840130793224,nan,nan,nan,nan,22.21030282974243,4.097999572753906,0.018635544925928116,4.097999572753906,13.995668139308691,6.170443296432495,5074.433403015213,2.06207537651062,0.000464400712,16,2048,,2189.11150932312
adammini-adaptive_stochastic-r8,adammini,adaptive_stochastic,8,1.1B,sdpa,666,339,11141120,2.2647805213928223,9.62901100725008,nan,nan,nan,nan,22.21030282974243,4.097999572753906,0.018635544925928116,4.097999572753906,13.995668139308691,6.129662036895752,5075.122916806502,2.9466850757598877,0.00046400072000000005,16,2048,,2195.270334005356
adammini-adaptive_stochastic-r8,adammini,adaptive_stochastic,8,1.1B,sdpa,666,340,11173888,2.4894022941589355,12.054069179286808,nan,nan,nan,nan,22.21030282974243,4.097999572753906,0.018635544925928116,4.097999572753906,13.995668139308691,6.152680158615112,5075.756148215333,2.476339817047119,0.000463600728,16,2048,,2201.4523451328278
adammini-adaptive_stochastic-r8,adammini,adaptive_stochastic,8,1.1B,sdpa,666,341,11206656,2.2122139930725098,9.135920884033869,nan,nan,nan,nan,22.21030282974243,4.097999572753906,0.018635544925928116,4.097999572753906,13.995668139308691,6.151289939880371,5076.388930199223,2.4593749046325684,0.000463200736,16,2048,,2207.6331956386566
adammini-adaptive_stochastic-r8,adammini,adaptive_stochastic,8,1.1B,sdpa,666,342,11239424,2.38340425491333,10.841748187447442,nan,nan,nan,nan,22.21030282974243,4.097999572753906,0.018635544925928116,4.097999572753906,13.995668139308691,6.132277965545654,5077.061216412607,2.1410059928894043,0.000462800744,16,2048,,2213.7947900295258
adammini-adaptive_stochastic-r8,adammini,adaptive_stochastic,8,1.1B,sdpa,666,343,11272192,2.4123361110687256,11.16000171992979,nan,nan,nan,nan,22.21030282974243,4.097999572753906,0.018635544925928116,4.097999572753906,13.995668139308691,6.16979718208313,5077.644412467887,2.4858031272888184,0.000462400752,16,2048,,2219.994110107422
adammini-adaptive_stochastic-r8,adammini,adaptive_stochastic,8,1.1B,sdpa,666,344,11304960,2.282924175262451,9.805310976528038,nan,nan,nan,nan,22.21030282974243,4.097999572753906,0.018635544925928116,4.097999572753906,13.995668139308691,6.166043281555176,5078.232472883768,2.5600075721740723,0.00046200076,16,2048,,2226.1895892620087
adammini-adaptive_stochastic-r8,adammini,adaptive_stochastic,8,1.1B,sdpa,666,345,11337728,2.418924570083618,11.233771682205095,nan,nan,nan,nan,22.21030282974243,4.097999572753906,0.018635544925928116,4.097999572753906,13.995668139308691,6.157280921936035,5078.837401858867,2.1025993824005127,0.000461600768,16,2048,,2232.376126050949
adammini-adaptive_stochastic-r8,adammini,adaptive_stochastic,8,1.1B,sdpa,666,346,11370496,2.5657217502593994,13.010044985209936,nan,nan,nan,nan,22.21030282974243,4.097999572753906,0.018635544925928116,4.097999572753906,13.995668139308691,6.157427549362183,5079.439060139739,2.621407985687256,0.000461200776,16,2048,,2238.5630464553833
adammini-adaptive_stochastic-r8,adammini,adaptive_stochastic,8,1.1B,sdpa,666,347,11403264,2.356743335723877,10.556516381355861,nan,nan,nan,nan,22.21030282974243,4.097999572753906,0.018635544925928116,4.097999572753906,13.995668139308691,6.15370774269104,5080.045295819721,2.165821075439453,0.000460800784,16,2048,,2244.7458503246307
adammini-adaptive_stochastic-r8,adammini,adaptive_stochastic,8,1.1B,sdpa,666,348,11436032,2.458874225616455,11.691641977353937,nan,nan,nan,nan,22.21030282974243,4.097999572753906,0.018635544925928116,4.097999572753906,13.995668139308691,6.143692493438721,5080.671559343398,2.1539883613586426,0.000460400792,16,2048,,2250.9188866615295
adammini-adaptive_stochastic-r8,adammini,adaptive_stochastic,8,1.1B,sdpa,666,349,11468800,2.398327589035034,11.004756506686753,nan,nan,nan,nan,22.21030282974243,4.097999572753906,0.018635544925928116,4.097999572753906,13.995668139308691,6.1374664306640625,5081.307988908187,2.805565357208252,0.00046000080000000007,16,2048,,2257.086089372635
adammini-adaptive_stochastic-r8,adammini,adaptive_stochastic,8,1.1B,sdpa,666,350,11501568,2.5939061641693115,13.38194170557481,2.482609984650106,11.972471642155401,nan,nan,22.21030282974243,4.097999572753906,0.018635544925928116,4.097999572753906,13.995668139308691,6.1496617794036865,5081.912827057949,2.2705132961273193,0.00045960080800000003,16,2048,,2276.493885278702
adammini-adaptive_stochastic-r8,adammini,adaptive_stochastic,8,1.1B,sdpa,666,351,11534336,2.4022879600524902,11.048425841716632,nan,nan,nan,nan,22.21030282974243,4.097999572753906,0.018635544925928116,4.097999572753906,13.995668139308691,6.143972158432007,5053.07150756315,2.1022276878356934,0.00045920081600000004,16,2048,,2282.6677124500275
adammini-adaptive_stochastic-r8,adammini,adaptive_stochastic,8,1.1B,sdpa,666,352,11567104,2.6964848041534424,14.82751837755144,nan,nan,nan,nan,22.21030282974243,4.097999572753906,0.018635544925928116,4.097999572753906,13.995668139308691,6.1489174365997314,5053.748197629119,2.4693617820739746,0.000458800824,16,2048,,2288.845982313156
adammini-adaptive_stochastic-r8,adammini,adaptive_stochastic,8,1.1B,sdpa,666,353,11599872,2.3160183429718018,10.135238814506133,nan,nan,nan,nan,22.21030282974243,4.097999572753906,0.018635544925928116,4.097999572753906,13.995668139308691,6.151984453201294,5054.414453925797,1.8778661489486694,0.00045840083200000007,16,2048,,2295.0273480415344
adammini-adaptive_stochastic-r8,adammini,adaptive_stochastic,8,1.1B,sdpa,666,354,11632640,2.5431830883026123,12.720095786929548,nan,nan,nan,nan,22.21030282974243,4.097999572753906,0.018635544925928116,4.097999572753906,13.995668139308691,6.1486968994140625,5055.084305629022,2.1210110187530518,0.00045800084,16,2048,,2301.2054159641266
adammini-adaptive_stochastic-r8,adammini,adaptive_stochastic,8,1.1B,sdpa,666,355,11665408,2.454648494720459,11.642340485408067,nan,nan,nan,nan,22.21030282974243,4.097999572753906,0.018635544925928116,4.097999572753906,13.995668139308691,6.1596839427948,5055.726507588268,2.1039412021636963,0.00045760084800000004,16,2048,,2307.3944256305695
adammini-adaptive_stochastic-r8,adammini,adaptive_stochastic,8,1.1B,sdpa,666,356,11698176,2.4424729347229004,11.501447933712551,nan,nan,nan,nan,22.21030282974243,4.097999572753906,0.018635544925928116,4.097999572753906,13.995668139308691,6.1361401081085205,5056.416800980856,2.1268458366394043,0.000457200856,16,2048,,2313.5595376491547
adammini-adaptive_stochastic-r8,adammini,adaptive_stochastic,8,1.1B,sdpa,666,357,11730944,2.352774143218994,10.514698582006675,nan,nan,nan,nan,22.21030282974243,4.097999572753906,0.018635544925928116,4.097999572753906,13.995668139308691,6.143948793411255,5057.087057446477,2.119529962539673,0.000456800864,16,2048,,2319.7329416275024
adammini-adaptive_stochastic-r8,adammini,adaptive_stochastic,8,1.1B,sdpa,666,358,11763712,2.4269487857818604,11.324276518834793,nan,nan,nan,nan,22.21030282974243,4.097999572753906,0.018635544925928116,4.097999572753906,13.995668139308691,6.146331787109375,5057.7477083559625,2.2789041996002197,0.000456400872,16,2048,,2325.908345222473
adammini-adaptive_stochastic-r8,adammini,adaptive_stochastic,8,1.1B,sdpa,666,359,11796480,2.4760069847106934,11.893677836655481,nan,nan,nan,nan,22.21030282974243,4.097999572753906,0.018635544925928116,4.097999572753906,13.995668139308691,6.177433729171753,5058.338220337193,2.4965198040008545,0.00045600088000000003,16,2048,,2332.1152975559235
adammini-adaptive_stochastic-r8,adammini,adaptive_stochastic,8,1.1B,sdpa,666,360,11829248,2.566236734390259,13.016746677403537,nan,nan,nan,nan,22.21030282974243,4.097999572753906,0.018635544925928116,4.097999572753906,13.995668139308691,6.106656074523926,5059.077812832567,2.2046456336975098,0.000455600888,16,2048,,2338.251517534256
adammini-adaptive_stochastic-r8,adammini,adaptive_stochastic,8,1.1B,sdpa,666,361,11862016,2.3897101879119873,10.910331538848443,nan,nan,nan,nan,22.21030282974243,4.097999572753906,0.018635544925928116,4.097999572753906,13.995668139308691,6.146943092346191,5059.726471807341,2.036529779434204,0.00045520089600000006,16,2048,,2344.427585840225
adammini-adaptive_stochastic-r8,adammini,adaptive_stochastic,8,1.1B,sdpa,666,362,11894784,2.345468521118164,10.438162081446675,nan,nan,nan,nan,22.21030282974243,4.097999572753906,0.018635544925928116,4.097999572753906,13.995668139308691,6.165703296661377,5060.3320113005,1.9645767211914062,0.000454800904,16,2048,,2350.622757911682
adammini-adaptive_stochastic-r8,adammini,adaptive_stochastic,8,1.1B,sdpa,666,363,11927552,2.4175283908843994,11.21809826784722,nan,nan,nan,nan,22.21030282974243,4.097999572753906,0.018635544925928116,4.097999572753906,13.995668139308691,6.142951011657715,5060.9826923353385,2.85080623626709,0.00045440091200000003,16,2048,,2356.7952876091003
adammini-adaptive_stochastic-r8,adammini,adaptive_stochastic,8,1.1B,sdpa,666,364,11960320,2.339822769165039,10.379396850539583,nan,nan,nan,nan,22.21030282974243,4.097999572753906,0.018635544925928116,4.097999572753906,13.995668139308691,6.170093774795532,5061.571741973629,2.1350560188293457,0.00045400092000000004,16,2048,,2362.994637489319
adammini-adaptive_stochastic-r8,adammini,adaptive_stochastic,8,1.1B,sdpa,666,365,11993088,2.3785672187805176,10.789432887222011,nan,nan,nan,nan,22.21030282974243,4.097999572753906,0.018635544925928116,4.097999572753906,13.995668139308691,6.145852565765381,5062.210028301481,1.934847354888916,0.000453600928,16,2048,,2369.1698377132416
adammini-adaptive_stochastic-r8,adammini,adaptive_stochastic,8,1.1B,sdpa,666,366,12025856,2.4666829109191895,11.783295712093643,nan,nan,nan,nan,22.21030282974243,4.097999572753906,0.018635544925928116,4.097999572753906,13.995668139308691,6.157702445983887,5062.819566456487,2.042933702468872,0.000453200936,16,2048,,2375.3571553230286
adammini-adaptive_stochastic-r8,adammini,adaptive_stochastic,8,1.1B,sdpa,666,367,12058624,2.4086973667144775,11.119467118927993,nan,nan,nan,nan,22.21030282974243,4.097999572753906,0.018635544925928116,4.097999572753906,13.995668139308691,6.155882835388184,5063.429269440198,2.687978744506836,0.00045280094399999997,16,2048,,2381.542207479477
adammini-adaptive_stochastic-r8,adammini,adaptive_stochastic,8,1.1B,sdpa,666,368,12091392,2.3402671813964844,10.384010606583862,nan,nan,nan,nan,22.21030282974243,4.097999572753906,0.018635544925928116,4.097999572753906,13.995668139308691,6.1442131996154785,5064.061457572628,2.2239317893981934,0.00045240095200000004,16,2048,,2387.71599316597
adammini-adaptive_stochastic-r8,adammini,adaptive_stochastic,8,1.1B,sdpa,666,369,12124160,2.199997901916504,9.02499456422211,nan,nan,nan,nan,22.21030282974243,4.097999572753906,0.018635544925928116,4.097999572753906,13.995668139308691,6.150577068328857,5064.676103408801,2.0995006561279297,0.00045200096,16,2048,,2393.8959169387817
adammini-adaptive_stochastic-r8,adammini,adaptive_stochastic,8,1.1B,sdpa,666,370,12156928,2.509232521057129,12.295489908817663,nan,nan,nan,nan,22.21030282974243,4.097999572753906,0.018635544925928116,4.097999572753906,13.995668139308691,6.146892786026001,5065.295830459266,2.2478175163269043,0.000451600968,16,2048,,2400.0721395015717
adammini-adaptive_stochastic-r8,adammini,adaptive_stochastic,8,1.1B,sdpa,666,371,12189696,2.2903783321380615,9.878674394274082,nan,nan,nan,nan,22.21030282974243,4.097999572753906,0.018635544925928116,4.097999572753906,13.995668139308691,6.151937246322632,5065.90170461779,2.2054555416107178,0.00045120097599999997,16,2048,,2406.253587245941
adammini-adaptive_stochastic-r8,adammini,adaptive_stochastic,8,1.1B,sdpa,666,372,12222464,2.4071428775787354,11.102195455880647,nan,nan,nan,nan,22.21030282974243,4.097999572753906,0.018635544925928116,4.097999572753906,13.995668139308691,6.155243158340454,5066.497150340395,2.061535120010376,0.000450800984,16,2048,,2412.438402414322
adammini-adaptive_stochastic-r8,adammini,adaptive_stochastic,8,1.1B,sdpa,666,373,12255232,2.2556369304656982,9.541368563506952,nan,nan,nan,nan,22.21030282974243,4.097999572753906,0.018635544925928116,4.097999572753906,13.995668139308691,6.155661106109619,5067.088778007213,2.0700085163116455,0.000450400992,16,2048,,2418.6236617565155
adammini-adaptive_stochastic-r8,adammini,adaptive_stochastic,8,1.1B,sdpa,666,374,12288000,2.467388868331909,11.791617153994062,nan,nan,nan,nan,22.21030282974243,4.097999572753906,0.018635544925928116,4.097999572753906,13.995668139308691,6.162565469741821,5067.662742890655,2.038722038269043,0.000450001,16,2048,,2424.8157012462616
adammini-adaptive_stochastic-r8,adammini,adaptive_stochastic,8,1.1B,sdpa,666,375,12320768,2.374488115310669,10.745511315313445,nan,nan,nan,nan,22.21030282974243,4.097999572753906,0.018635544925928116,4.097999572753906,13.995668139308691,6.154048442840576,5068.251766759057,2.0130653381347656,0.000449601008,16,2048,,2430.999132871628
adammini-adaptive_stochastic-r8,adammini,adaptive_stochastic,8,1.1B,sdpa,666,376,12353536,2.4272196292877197,11.327344040978948,nan,nan,nan,nan,22.21030282974243,4.097999572753906,0.018635544925928116,4.097999572753906,13.995668139308691,6.161541700363159,5068.822469512006,2.126605987548828,0.00044920101600000003,16,2048,,2437.189943790436
adammini-adaptive_stochastic-r8,adammini,adaptive_stochastic,8,1.1B,sdpa,666,377,12386304,2.421807050704956,11.266199525245414,nan,nan,nan,nan,22.21030282974243,4.097999572753906,0.018635544925928116,4.097999572753906,13.995668139308691,6.1574461460113525,5069.398966500875,1.9943677186965942,0.000448801024,16,2048,,2443.3766293525696
adammini-adaptive_stochastic-r8,adammini,adaptive_stochastic,8,1.1B,sdpa,666,378,12419072,2.2955851554870605,9.930245049903283,nan,nan,nan,nan,22.21030282974243,4.097999572753906,0.018635544925928116,4.097999572753906,13.995668139308691,6.176184892654419,5069.9338516806865,1.7159422636032104,0.00044840103200000005,16,2048,,2449.5821187496185
adammini-adaptive_stochastic-r8,adammini,adaptive_stochastic,8,1.1B,sdpa,666,379,12451840,2.530759572982788,12.563045063065672,nan,nan,nan,nan,22.21030282974243,4.097999572753906,0.018635544925928116,4.097999572753906,13.995668139308691,6.134663343429565,5070.55150823824,1.9866158962249756,0.00044800104,16,2048,,2455.7460684776306
adammini-adaptive_stochastic-r8,adammini,adaptive_stochastic,8,1.1B,sdpa,666,380,12484608,2.798912763595581,16.426777268416895,nan,nan,nan,nan,22.21030282974243,4.097999572753906,0.018635544925928116,4.097999572753906,13.995668139308691,6.16052770614624,5071.112974305677,2.4850354194641113,0.000447601048,16,2048,,2461.936289548874
adammini-adaptive_stochastic-r8,adammini,adaptive_stochastic,8,1.1B,sdpa,666,381,12517376,2.4142115116119385,11.180950831064747,nan,nan,nan,nan,22.21030282974243,4.097999572753906,0.018635544925928116,4.097999572753906,13.995668139308691,6.156255483627319,5071.679703007985,2.030567169189453,0.000447201056,16,2048,,2468.121829032898
adammini-adaptive_stochastic-r8,adammini,adaptive_stochastic,8,1.1B,sdpa,666,382,12550144,2.417203426361084,11.214453376153424,nan,nan,nan,nan,22.21030282974243,4.097999572753906,0.018635544925928116,4.097999572753906,13.995668139308691,6.152669429779053,5072.251606256259,2.1710314750671387,0.000446801064,16,2048,,2474.303778886795
adammini-adaptive_stochastic-r8,adammini,adaptive_stochastic,8,1.1B,sdpa,666,383,12582912,2.3021769523620605,9.995919426460725,nan,nan,nan,nan,22.21030282974243,4.097999572753906,0.018635544925928116,4.097999572753906,13.995668139308691,6.178361654281616,5072.768134334166,1.9154078960418701,0.000446401072,16,2048,,2480.5116395950317
adammini-adaptive_stochastic-r8,adammini,adaptive_stochastic,8,1.1B,sdpa,666,384,12615680,2.408903121948242,11.121755242873052,nan,nan,nan,nan,22.21030282974243,4.097999572753906,0.018635544925928116,4.097999572753906,13.995668139308691,6.124678611755371,5073.391199598168,1.9584895372390747,0.00044600108,16,2048,,2486.665684938431
adammini-adaptive_stochastic-r8,adammini,adaptive_stochastic,8,1.1B,sdpa,666,385,12648448,2.391420602798462,10.929008700623266,nan,nan,nan,nan,22.21030282974243,4.097999572753906,0.018635544925928116,4.097999572753906,13.995668139308691,6.159433841705322,5073.940688200318,1.6461824178695679,0.000445601088,16,2048,,2492.8544824123383
adammini-adaptive_stochastic-r8,adammini,adaptive_stochastic,8,1.1B,sdpa,666,386,12681216,2.358150005340576,10.571376361298537,nan,nan,nan,nan,22.21030282974243,4.097999572753906,0.018635544925928116,4.097999572753906,13.995668139308691,6.1625988483428955,5074.480904893606,1.852879285812378,0.000445201096,16,2048,,2499.046368598938
adammini-adaptive_stochastic-r8,adammini,adaptive_stochastic,8,1.1B,sdpa,666,387,12713984,2.352543830871582,10.51227719594218,nan,nan,nan,nan,22.21030282974243,4.097999572753906,0.018635544925928116,4.097999572753906,13.995668139308691,6.159404754638672,5075.025146269032,1.8497310876846313,0.00044480110399999995,16,2048,,2505.235190629959
adammini-adaptive_stochastic-r8,adammini,adaptive_stochastic,8,1.1B,sdpa,666,388,12746752,2.405125617980957,11.07982201964244,nan,nan,nan,nan,22.21030282974243,4.097999572753906,0.018635544925928116,4.097999572753906,13.995668139308691,6.207013845443726,5075.470494260219,2.016977548599243,0.00044440111200000007,16,2048,,2511.471497297287
adammini-adaptive_stochastic-r8,adammini,adaptive_stochastic,8,1.1B,sdpa,666,389,12779520,2.4886953830718994,12.045551035280015,nan,nan,nan,nan,22.21030282974243,4.097999572753906,0.018635544925928116,4.097999572753906,13.995668139308691,6.098324775695801,5076.132822956447,2.1906161308288574,0.00044400112000000003,16,2048,,2517.5992913246155
adammini-adaptive_stochastic-r8,adammini,adaptive_stochastic,8,1.1B,sdpa,666,390,12812288,2.5525078773498535,12.839262736657782,nan,nan,nan,nan,22.21030282974243,4.097999572753906,0.018635544925928116,4.097999572753906,13.995668139308691,6.140449047088623,5076.706823934615,2.1320557594299316,0.00044360112800000004,16,2048,,2523.769420146942
adammini-adaptive_stochastic-r8,adammini,adaptive_stochastic,8,1.1B,sdpa,666,391,12845056,2.463287353515625,11.74335270785986,nan,nan,nan,nan,22.21030282974243,4.097999572753906,0.018635544925928116,4.097999572753906,13.995668139308691,6.168105363845825,5077.222186410713,2.0993056297302246,0.000443201136,16,2048,,2529.9668893814087
adammini-adaptive_stochastic-r8,adammini,adaptive_stochastic,8,1.1B,sdpa,666,392,12877824,2.442863941192627,11.505945953585984,nan,nan,nan,nan,22.21030282974243,4.097999572753906,0.018635544925928116,4.097999572753906,13.995668139308691,6.158790588378906,5077.7541785475505,1.8924460411071777,0.000442801144,16,2048,,2536.15500831604
adammini-adaptive_stochastic-r8,adammini,adaptive_stochastic,8,1.1B,sdpa,666,393,12910592,2.2524752616882324,9.511249554679832,nan,nan,nan,nan,22.21030282974243,4.097999572753906,0.018635544925928116,4.097999572753906,13.995668139308691,6.146257638931274,5078.308614181381,2.103916883468628,0.000442401152,16,2048,,2542.3308408260345
adammini-adaptive_stochastic-r8,adammini,adaptive_stochastic,8,1.1B,sdpa,666,394,12943360,2.163987398147583,8.705781961112558,nan,nan,nan,nan,22.21030282974243,4.097999572753906,0.018635544925928116,4.097999572753906,13.995668139308691,6.148938179016113,5078.854702804202,2.0246596336364746,0.00044200116000000004,16,2048,,2548.5093429088593
adammini-adaptive_stochastic-r8,adammini,adaptive_stochastic,8,1.1B,sdpa,666,395,12976128,2.484416961669922,11.994125181114956,nan,nan,nan,nan,22.21030282974243,4.097999572753906,0.018635544925928116,4.097999572753906,13.995668139308691,6.158325910568237,5079.379586442799,2.050110340118408,0.000441601168,16,2048,,2554.6968579292297
adammini-adaptive_stochastic-r8,adammini,adaptive_stochastic,8,1.1B,sdpa,666,396,13008896,2.346297264099121,10.446816220538965,nan,nan,nan,nan,22.21030282974243,4.097999572753906,0.018635544925928116,4.097999572753906,13.995668139308691,6.3002424240112305,5079.621042157296,1.8577780723571777,0.000441201176,16,2048,,2561.026411294937
adammini-adaptive_stochastic-r8,adammini,adaptive_stochastic,8,1.1B,sdpa,666,397,13041664,2.257016897201538,9.554544423772514,nan,nan,nan,nan,22.21030282974243,4.097999572753906,0.018635544925928116,4.097999572753906,13.995668139308691,6.17400336265564,5080.110891667744,2.0753297805786133,0.00044080118399999997,16,2048,,2567.229764699936
adammini-adaptive_stochastic-r8,adammini,adaptive_stochastic,8,1.1B,sdpa,666,398,13074432,2.6846492290496826,14.653060610703626,nan,nan,nan,nan,22.21030282974243,4.097999572753906,0.018635544925928116,4.097999572753906,13.995668139308691,6.1425347328186035,5080.660407217828,1.9599045515060425,0.00044040119200000003,16,2048,,2573.4017164707184
adammini-adaptive_stochastic-r8,adammini,adaptive_stochastic,8,1.1B,sdpa,666,399,13107200,2.253156900405884,9.517735000744004,nan,nan,nan,nan,22.21030282974243,4.097999572753906,0.018635544925928116,4.097999572753906,13.995668139308691,6.145392417907715,5081.201552806019,2.0355935096740723,0.0004400012,16,2048,,2579.57630777359
adammini-adaptive_stochastic-r8,adammini,adaptive_stochastic,8,1.1B,sdpa,666,400,13139968,2.4737579822540283,11.866958982628256,2.473227009148424,11.860659619107475,nan,nan,22.21030282974243,4.097999572753906,0.018635544925928116,4.097999572753906,13.995668139308691,6.156000137329102,5081.719690071805,2.0153884887695312,0.00043960120799999995,16,2048,,2598.1281275749207
adammini-adaptive_stochastic-r8,adammini,adaptive_stochastic,8,1.1B,sdpa,666,401,13172736,2.4576854705810547,11.677751736763717,nan,nan,nan,nan,22.21030282974243,4.097999572753906,0.018635544925928116,4.097999572753906,13.995668139308691,6.150726556777954,5058.111069748934,1.995316982269287,0.000439201216,16,2048,,2604.3087043762207
adammini-adaptive_stochastic-r8,adammini,adaptive_stochastic,8,1.1B,sdpa,666,402,13205504,2.3349392414093018,10.328832345007314,nan,nan,nan,nan,22.21030282974243,4.097999572753906,0.018635544925928116,4.097999572753906,13.995668139308691,6.140134811401367,5058.70968787655,1.9728171825408936,0.00043880122400000003,16,2048,,2610.478131055832
adammini-adaptive_stochastic-r8,adammini,adaptive_stochastic,8,1.1B,sdpa,666,403,13238272,2.460670232772827,11.712659117832878,nan,nan,nan,nan,22.21030282974243,4.097999572753906,0.018635544925928116,4.097999572753906,13.995668139308691,6.156914472579956,5059.272908546035,1.6248011589050293,0.00043840123200000004,16,2048,,2616.6641161441803
adammini-adaptive_stochastic-r8,adammini,adaptive_stochastic,8,1.1B,sdpa,666,404,13271040,2.474365472793579,11.874170238106407,nan,nan,nan,nan,22.21030282974243,4.097999572753906,0.018635544925928116,4.097999572753906,13.995668139308691,6.17164158821106,5059.805440158392,1.7092735767364502,0.00043800124,16,2048,,2622.864849090576
adammini-adaptive_stochastic-r8,adammini,adaptive_stochastic,8,1.1B,sdpa,666,405,13303808,2.401519775390625,11.039941869493141,nan,nan,nan,nan,22.21030282974243,4.097999572753906,0.018635544925928116,4.097999572753906,13.995668139308691,6.152301549911499,5060.372642341878,2.0109703540802,0.000437601248,16,2048,,2629.0465536117554
adammini-adaptive_stochastic-r8,adammini,adaptive_stochastic,8,1.1B,sdpa,666,406,13336576,2.439040184020996,11.462034018022285,nan,nan,nan,nan,22.21030282974243,4.097999572753906,0.018635544925928116,4.097999572753906,13.995668139308691,6.159856796264648,5060.922248244503,2.1685702800750732,0.000437201256,16,2048,,2635.2359528541565
adammini-adaptive_stochastic-r8,adammini,adaptive_stochastic,8,1.1B,sdpa,666,407,13369344,2.3960306644439697,10.979508418425723,nan,nan,nan,nan,22.21030282974243,4.097999572753906,0.018635544925928116,4.097999572753906,13.995668139308691,6.144724369049072,5061.497958532738,2.072680711746216,0.000436801264,16,2048,,2641.409547805786
adammini-adaptive_stochastic-r8,adammini,adaptive_stochastic,8,1.1B,sdpa,666,408,13402112,2.2020795345306396,9.043800854351893,nan,nan,nan,nan,22.21030282974243,4.097999572753906,0.018635544925928116,4.097999572753906,13.995668139308691,6.149886846542358,5062.06228009205,1.8082282543182373,0.000436401272,16,2048,,2647.5887134075165
adammini-adaptive_stochastic-r8,adammini,adaptive_stochastic,8,1.1B,sdpa,666,409,13434880,2.282891273498535,9.80498836980836,nan,nan,nan,nan,22.21030282974243,4.097999572753906,0.018635544925928116,4.097999572753906,13.995668139308691,6.1565632820129395,5062.610523332038,1.7937908172607422,0.00043600128,16,2048,,2653.774814605713
adammini-adaptive_stochastic-r8,adammini,adaptive_stochastic,8,1.1B,sdpa,666,410,13467648,2.3327853679656982,10.306609288732721,nan,nan,nan,nan,22.21030282974243,4.097999572753906,0.018635544925928116,4.097999572753906,13.995668139308691,6.1535325050354,5063.161507351999,1.9036750793457031,0.00043560128799999997,16,2048,,2659.9579014778137
adammini-adaptive_stochastic-r8,adammini,adaptive_stochastic,8,1.1B,sdpa,666,411,13500416,2.3151473999023438,10.126415441388911,nan,nan,nan,nan,22.21030282974243,4.097999572753906,0.018635544925928116,4.097999572753906,13.995668139308691,6.149909496307373,5063.71681101913,1.8479918241500854,0.00043520129600000003,16,2048,,2666.13703250885
adammini-adaptive_stochastic-r8,adammini,adaptive_stochastic,8,1.1B,sdpa,666,412,13533184,2.43818736076355,11.452263095861113,nan,nan,nan,nan,22.21030282974243,4.097999572753906,0.018635544925928116,4.097999572753906,13.995668139308691,6.150330305099487,5064.269286698955,1.8029065132141113,0.000434801304,16,2048,,2672.3165335655212
adammini-adaptive_stochastic-r8,adammini,adaptive_stochastic,8,1.1B,sdpa,666,413,13565952,2.362658977508545,10.619150027213912,nan,nan,nan,nan,22.21030282974243,4.097999572753906,0.018635544925928116,4.097999572753906,13.995668139308691,6.149982452392578,5064.820011990336,2.0274672508239746,0.000434401312,16,2048,,2678.4955263137817
adammini-adaptive_stochastic-r8,adammini,adaptive_stochastic,8,1.1B,sdpa,666,414,13598720,2.3404529094696045,10.385939387973963,nan,nan,nan,nan,22.21030282974243,4.097999572753906,0.018635544925928116,4.097999572753906,13.995668139308691,6.143529415130615,5065.3806552363385,2.16037917137146,0.00043400132,16,2048,,2684.668431043625
adammini-adaptive_stochastic-r8,adammini,adaptive_stochastic,8,1.1B,sdpa,666,415,13631488,2.419264078140259,11.237586285705335,nan,nan,nan,nan,22.21030282974243,4.097999572753906,0.018635544925928116,4.097999572753906,13.995668139308691,6.174969911575317,5065.878899027427,1.9428787231445312,0.00043360132800000003,16,2048,,2690.872721672058
adammini-adaptive_stochastic-r8,adammini,adaptive_stochastic,8,1.1B,sdpa,666,416,13664256,2.323570966720581,10.21207625677452,nan,nan,nan,nan,22.21030282974243,4.097999572753906,0.018635544925928116,4.097999572753906,13.995668139308691,6.16746187210083,5066.388814108134,1.838357925415039,0.00043320133600000004,16,2048,,2697.069825410843
adammini-adaptive_stochastic-r8,adammini,adaptive_stochastic,8,1.1B,sdpa,666,417,13697024,2.486532211303711,12.019522601484399,nan,nan,nan,nan,22.21030282974243,4.097999572753906,0.018635544925928116,4.097999572753906,13.995668139308691,6.166791677474976,5066.897458051231,2.2170214653015137,0.00043280134400000005,16,2048,,2703.266077518463
adammini-adaptive_stochastic-r8,adammini,adaptive_stochastic,8,1.1B,sdpa,666,418,13729792,2.540501356124878,12.686029595371028,nan,nan,nan,nan,22.21030282974243,4.097999572753906,0.018635544925928116,4.097999572753906,13.995668139308691,6.149352788925171,5067.436547874429,2.0415332317352295,0.000432401352,16,2048,,2709.444635629654
adammini-adaptive_stochastic-r8,adammini,adaptive_stochastic,8,1.1B,sdpa,666,419,13762560,2.3305506706237793,10.283602852136614,nan,nan,nan,nan,22.21030282974243,4.097999572753906,0.018635544925928116,4.097999572753906,13.995668139308691,6.160640716552734,5067.952595058667,1.9193006753921509,0.00043200136,16,2048,,2715.6348180770874
adammini-adaptive_stochastic-r8,adammini,adaptive_stochastic,8,1.1B,sdpa,666,420,13795328,2.3442366123199463,10.425311134963552,nan,nan,nan,nan,22.21030282974243,4.097999572753906,0.018635544925928116,4.097999572753906,13.995668139308691,6.151576042175293,5068.482523849515,1.8381366729736328,0.000431601368,16,2048,,2721.81573677063
adammini-adaptive_stochastic-r8,adammini,adaptive_stochastic,8,1.1B,sdpa,666,421,13828096,2.2928466796875,9.903088514878535,nan,nan,nan,nan,22.21030282974243,4.097999572753906,0.018635544925928116,4.097999572753906,13.995668139308691,6.143691062927246,5069.025144051998,1.9185123443603516,0.00043120137600000005,16,2048,,2727.988996744156
adammini-adaptive_stochastic-r8,adammini,adaptive_stochastic,8,1.1B,sdpa,666,422,13860864,2.4997456073760986,12.17939521826447,nan,nan,nan,nan,22.21030282974243,4.097999572753906,0.018635544925928116,4.097999572753906,13.995668139308691,6.1536853313446045,5069.546155681435,1.9095726013183594,0.000430801384,16,2048,,2734.1720259189606
adammini-adaptive_stochastic-r8,adammini,adaptive_stochastic,8,1.1B,sdpa,666,423,13893632,2.3079938888549805,10.054234498054194,nan,nan,nan,nan,22.21030282974243,4.097999572753906,0.018635544925928116,4.097999572753906,13.995668139308691,6.16008734703064,5070.053511649909,1.8785463571548462,0.000430401392,16,2048,,2740.3615505695343
adammini-adaptive_stochastic-r8,adammini,adaptive_stochastic,8,1.1B,sdpa,666,424,13926400,2.4339754581451416,11.40412871875457,nan,nan,nan,nan,22.21030282974243,4.097999572753906,0.018635544925928116,4.097999572753906,13.995668139308691,6.152073860168457,5070.573232631465,2.313162088394165,0.0004300014,16,2048,,2746.5431213378906
adammini-adaptive_stochastic-r8,adammini,adaptive_stochastic,8,1.1B,sdpa,666,425,13959168,2.961428165435791,19.325552141734125,nan,nan,nan,nan,22.21030282974243,4.097999572753906,0.018635544925928116,4.097999572753906,13.995668139308691,6.162244081497192,5071.071851129062,2.357841968536377,0.000429601408,16,2048,,2752.7348420619965
adammini-adaptive_stochastic-r8,adammini,adaptive_stochastic,8,1.1B,sdpa,666,426,13991936,2.6194241046905518,13.727815523619714,nan,nan,nan,nan,22.21030282974243,4.097999572753906,0.018635544925928116,4.097999572753906,13.995668139308691,6.1566619873046875,5071.578491604316,1.6805496215820312,0.000429201416,16,2048,,2758.9205617904663
adammini-adaptive_stochastic-r8,adammini,adaptive_stochastic,8,1.1B,sdpa,666,427,14024704,2.4156415462493896,11.196951416001383,nan,nan,nan,nan,22.21030282974243,4.097999572753906,0.018635544925928116,4.097999572753906,13.995668139308691,6.164748668670654,5072.06875003203,1.7038358449935913,0.00042880142400000007,16,2048,,2765.1148109436035
adammini-adaptive_stochastic-r8,adammini,adaptive_stochastic,8,1.1B,sdpa,666,428,14057472,2.4243290424346924,11.29464864641872,nan,nan,nan,nan,22.21030282974243,4.097999572753906,0.018635544925928116,4.097999572753906,13.995668139308691,6.14733099937439,5072.58789294306,1.7180302143096924,0.00042840143200000003,16,2048,,2771.291571378708
adammini-adaptive_stochastic-r8,adammini,adaptive_stochastic,8,1.1B,sdpa,666,429,14090240,2.3494436740875244,10.479737952915936,nan,nan,nan,nan,22.21030282974243,4.097999572753906,0.018635544925928116,4.097999572753906,13.995668139308691,6.1379125118255615,5073.1220472292225,1.9118326902389526,0.00042800144000000004,16,2048,,2777.4588570594788
adammini-adaptive_stochastic-r8,adammini,adaptive_stochastic,8,1.1B,sdpa,666,430,14123008,2.4345290660858154,11.41044388287095,nan,nan,nan,nan,22.21030282974243,4.097999572753906,0.018635544925928116,4.097999572753906,13.995668139308691,6.159118175506592,5073.615260714113,4.508508205413818,0.000427601448,16,2048,,2783.6474046707153
adammini-adaptive_stochastic-r8,adammini,adaptive_stochastic,8,1.1B,sdpa,666,431,14155776,2.2858669757843018,9.834208549828974,nan,nan,nan,nan,22.21030282974243,4.097999572753906,0.018635544925928116,4.097999572753906,13.995668139308691,6.145899057388306,5074.1299774397885,4.382168769836426,0.00042720145600000007,16,2048,,2789.8230364322662
adammini-adaptive_stochastic-r8,adammini,adaptive_stochastic,8,1.1B,sdpa,666,432,14188544,2.5478599071502686,12.779724698772496,nan,nan,nan,nan,22.21030282974243,4.097999572753906,0.018635544925928116,4.097999572753906,13.995668139308691,6.15151047706604,5074.632219811361,5.651974678039551,0.000426801464,16,2048,,2796.0038437843323
adammini-adaptive_stochastic-r8,adammini,adaptive_stochastic,8,1.1B,sdpa,666,433,14221312,2.320883274078369,10.184666185980433,nan,nan,nan,nan,22.21030282974243,4.097999572753906,0.018635544925928116,4.097999572753906,13.995668139308691,6.163301229476929,5075.111527310063,5.410141944885254,0.00042640147200000004,16,2048,,2802.196419239044
adammini-adaptive_stochastic-r8,adammini,adaptive_stochastic,8,1.1B,sdpa,666,434,14254080,2.392979621887207,10.94606052241267,nan,nan,nan,nan,22.21030282974243,4.097999572753906,0.018635544925928116,4.097999572753906,13.995668139308691,6.1531150341033936,5075.607062663716,5.916305065155029,0.00042600148,16,2048,,2808.3787410259247
adammini-adaptive_stochastic-r8,adammini,adaptive_stochastic,8,1.1B,sdpa,666,435,14286848,2.280661106109619,9.783145969654601,nan,nan,nan,nan,22.21030282974243,4.097999572753906,0.018635544925928116,4.097999572753906,13.995668139308691,6.156826972961426,5076.093861026914,3.9471065998077393,0.00042560148799999995,16,2048,,2814.5651664733887
adammini-adaptive_stochastic-r8,adammini,adaptive_stochastic,8,1.1B,sdpa,666,436,14319616,2.53385591506958,12.602004833494451,nan,nan,nan,nan,22.21030282974243,4.097999572753906,0.018635544925928116,4.097999572753906,13.995668139308691,6.170350551605225,5076.553503106377,2.722620725631714,0.000425201496,16,2048,,2820.7646448612213
adammini-adaptive_stochastic-r8,adammini,adaptive_stochastic,8,1.1B,sdpa,666,437,14352384,2.444814920425415,11.528415727098494,nan,nan,nan,nan,22.21030282974243,4.097999572753906,0.018635544925928116,4.097999572753906,13.995668139308691,6.165283441543579,5077.021047987132,3.442328691482544,0.000424801504,16,2048,,2826.959342479706
adammini-adaptive_stochastic-r8,adammini,adaptive_stochastic,8,1.1B,sdpa,666,438,14385152,2.3829703330993652,10.837044736946082,nan,nan,nan,nan,22.21030282974243,4.097999572753906,0.018635544925928116,4.097999572753906,13.995668139308691,6.15928316116333,5077.496817883644,3.3235137462615967,0.000424401512,16,2048,,2833.1478905677795
adammini-adaptive_stochastic-r8,adammini,adaptive_stochastic,8,1.1B,sdpa,666,439,14417920,2.452516555786133,11.61754616581937,nan,nan,nan,nan,22.21030282974243,4.097999572753906,0.018635544925928116,4.097999572753906,13.995668139308691,6.165588855743408,5077.959362555469,3.904804229736328,0.00042400151999999995,16,2048,,2839.342691421509
adammini-adaptive_stochastic-r8,adammini,adaptive_stochastic,8,1.1B,sdpa,666,440,14450688,2.413813352584839,11.176499920703671,nan,nan,nan,nan,22.21030282974243,4.097999572753906,0.018635544925928116,4.097999572753906,13.995668139308691,6.163024425506592,5078.424690845932,1.8302186727523804,0.000423601528,16,2048,,2845.53537607193
adammini-adaptive_stochastic-r8,adammini,adaptive_stochastic,8,1.1B,sdpa,666,441,14483456,2.5163724422454834,12.383592887622086,nan,nan,nan,nan,22.21030282974243,4.097999572753906,0.018635544925928116,4.097999572753906,13.995668139308691,6.1387553215026855,5078.930559621451,1.951165795326233,0.00042320153600000003,16,2048,,2851.703422307968
adammini-adaptive_stochastic-r8,adammini,adaptive_stochastic,8,1.1B,sdpa,666,442,14516224,2.2420480251312256,9.412588779167756,nan,nan,nan,nan,22.21030282974243,4.097999572753906,0.018635544925928116,4.097999572753906,13.995668139308691,6.159048557281494,5079.398655248826,1.7576138973236084,0.00042280154400000004,16,2048,,2857.891752719879
adammini-adaptive_stochastic-r8,adammini,adaptive_stochastic,8,1.1B,sdpa,666,443,14548992,2.3244359493255615,10.220913346510825,nan,nan,nan,nan,22.21030282974243,4.097999572753906,0.018635544925928116,4.097999572753906,13.995668139308691,6.160279273986816,5079.862596337009,1.9401702880859375,0.000422401552,16,2048,,2864.0812442302704
adammini-adaptive_stochastic-r8,adammini,adaptive_stochastic,8,1.1B,sdpa,666,444,14581760,2.802433967590332,16.484721258590138,nan,nan,nan,nan,22.21030282974243,4.097999572753906,0.018635544925928116,4.097999572753906,13.995668139308691,6.155940532684326,5080.332327893492,2.4012138843536377,0.00042200156,16,2048,,2870.266612768173
adammini-adaptive_stochastic-r8,adammini,adaptive_stochastic,8,1.1B,sdpa,666,445,14614528,2.7150461673736572,15.105307428169967,nan,nan,nan,nan,22.21030282974243,4.097999572753906,0.018635544925928116,4.097999572753906,13.995668139308691,6.154489994049072,5080.802245223255,1.9673922061920166,0.00042160156799999997,16,2048,,2876.450370311737
adammini-adaptive_stochastic-r8,adammini,adaptive_stochastic,8,1.1B,sdpa,666,446,14647296,2.2688677310943604,9.66844733181975,nan,nan,nan,nan,22.21030282974243,4.097999572753906,0.018635544925928116,4.097999572753906,13.995668139308691,6.14600133895874,5081.285388728803,1.9100799560546875,0.00042120157600000004,16,2048,,2882.625897169113
adammini-adaptive_stochastic-r8,adammini,adaptive_stochastic,8,1.1B,sdpa,666,447,14680064,2.611027956008911,13.613037265346849,nan,nan,nan,nan,22.21030282974243,4.097999572753906,0.018635544925928116,4.097999572753906,13.995668139308691,6.152835369110107,5081.753860368541,2.1044671535491943,0.000420801584,16,2048,,2888.8081521987915
adammini-adaptive_stochastic-r8,adammini,adaptive_stochastic,8,1.1B,sdpa,666,448,14712832,2.321972131729126,10.195761877395421,nan,nan,nan,nan,22.21030282974243,4.097999572753906,0.018635544925928116,4.097999572753906,13.995668139308691,6.172977447509766,5082.185286278621,1.838879942893982,0.000420401592,16,2048,,2895.0106358528137
adammini-adaptive_stochastic-r8,adammini,adaptive_stochastic,8,1.1B,sdpa,666,449,14745600,2.191214084625244,8.94606780748908,nan,nan,nan,nan,22.21030282974243,4.097999572753906,0.018635544925928116,4.097999572753906,13.995668139308691,6.156594753265381,5082.643512720302,1.9066530466079712,0.00042000159999999997,16,2048,,2901.196566104889
adammini-adaptive_stochastic-r8,adammini,adaptive_stochastic,8,1.1B,sdpa,666,450,14778368,2.641683578491211,14.036815806838552,2.4924096800466153,12.090374982241846,nan,nan,22.21030282974243,4.097999572753906,0.018635544925928116,4.097999572753906,13.995668139308691,6.166065454483032,5083.083439485298,2.1466033458709717,0.000419601608,16,2048,,2919.47820019722
adammini-adaptive_stochastic-r8,adammini,adaptive_stochastic,8,1.1B,sdpa,666,451,14811136,2.3874123096466064,10.885289707695904,nan,nan,nan,nan,22.21030282974243,4.097999572753906,0.018635544925928116,4.097999572753906,13.995668139308691,6.149138927459717,5062.550028840055,2.069021463394165,0.000419201616,16,2048,,2925.6566553115845
adammini-adaptive_stochastic-r8,adammini,adaptive_stochastic,8,1.1B,sdpa,666,452,14843904,2.3595528602600098,10.586216875742668,nan,nan,nan,nan,22.21030282974243,4.097999572753906,0.018635544925928116,4.097999572753906,13.995668139308691,6.149250268936157,5063.057817956283,2.151644468307495,0.000418801624,16,2048,,2931.8353130817413
adammini-adaptive_stochastic-r8,adammini,adaptive_stochastic,8,1.1B,sdpa,666,453,14876672,2.1808769702911377,8.854067609235573,nan,nan,nan,nan,22.21030282974243,4.097999572753906,0.018635544925928116,4.097999572753906,13.995668139308691,6.147980690002441,5063.5654679326,2.215919017791748,0.000418401632,16,2048,,2938.012753009796
adammini-adaptive_stochastic-r8,adammini,adaptive_stochastic,8,1.1B,sdpa,666,454,14909440,2.3916454315185547,10.931466131901521,nan,nan,nan,nan,22.21030282974243,4.097999572753906,0.018635544925928116,4.097999572753906,13.995668139308691,6.153890371322632,5064.060776829429,1.947290301322937,0.00041800164000000003,16,2048,,2944.1960339546204
adammini-adaptive_stochastic-r8,adammini,adaptive_stochastic,8,1.1B,sdpa,666,455,14942208,2.513887882232666,12.352863298480596,nan,nan,nan,nan,22.21030282974243,4.097999572753906,0.018635544925928116,4.097999572753906,13.995668139308691,6.134753704071045,5064.586949736932,2.153243064880371,0.000417601648,16,2048,,2950.3601775169373
adammini-adaptive_stochastic-r8,adammini,adaptive_stochastic,8,1.1B,sdpa,666,456,14974976,2.277066707611084,9.74804456647739,nan,nan,nan,nan,22.21030282974243,4.097999572753906,0.018635544925928116,4.097999572753906,13.995668139308691,6.157285690307617,5065.072112280342,1.9891586303710938,0.00041720165600000005,16,2048,,2956.546798467636
adammini-adaptive_stochastic-r8,adammini,adaptive_stochastic,8,1.1B,sdpa,666,457,15007744,2.2571818828582764,9.55612091660488,nan,nan,nan,nan,22.21030282974243,4.097999572753906,0.018635544925928116,4.097999572753906,13.995668139308691,6.163019895553589,5065.545985326105,2.0965442657470703,0.000416801664,16,2048,,2962.739347219467
adammini-adaptive_stochastic-r8,adammini,adaptive_stochastic,8,1.1B,sdpa,666,458,15040512,2.382012367248535,10.826668189146936,nan,nan,nan,nan,22.21030282974243,4.097999572753906,0.018635544925928116,4.097999572753906,13.995668139308691,6.150552988052368,5066.038570582609,1.9969061613082886,0.000416401672,16,2048,,2968.919751882553
adammini-adaptive_stochastic-r8,adammini,adaptive_stochastic,8,1.1B,sdpa,666,459,15073280,2.387084484100342,10.881721816506122,nan,nan,nan,nan,22.21030282974243,4.097999572753906,0.018635544925928116,4.097999572753906,13.995668139308691,6.1684956550598145,5066.498022190595,1.835793137550354,0.00041600168,16,2048,,2975.1177208423615
adammini-adaptive_stochastic-r8,adammini,adaptive_stochastic,8,1.1B,sdpa,666,460,15106048,2.3557164669036865,10.545681787639305,nan,nan,nan,nan,22.21030282974243,4.097999572753906,0.018635544925928116,4.097999572753906,13.995668139308691,6.132361650466919,5067.017630157978,2.0478830337524414,0.000415601688,16,2048,,2981.2793259620667
adammini-adaptive_stochastic-r8,adammini,adaptive_stochastic,8,1.1B,sdpa,666,461,15138816,2.2985029220581055,9.959261497977652,nan,nan,nan,nan,22.21030282974243,4.097999572753906,0.018635544925928116,4.097999572753906,13.995668139308691,6.151988506317139,5067.502262540549,1.9039126634597778,0.000415201696,16,2048,,2987.460643053055
adammini-adaptive_stochastic-r8,adammini,adaptive_stochastic,8,1.1B,sdpa,666,462,15171584,2.600554943084717,13.471211716860886,nan,nan,nan,nan,22.21030282974243,4.097999572753906,0.018635544925928116,4.097999572753906,13.995668139308691,6.148320436477661,5067.990822874379,2.104050397872925,0.000414801704,16,2048,,2993.638240814209
adammini-adaptive_stochastic-r8,adammini,adaptive_stochastic,8,1.1B,sdpa,666,463,15204352,2.3587090969085693,10.577288381210462,nan,nan,nan,nan,22.21030282974243,4.097999572753906,0.018635544925928116,4.097999572753906,13.995668139308691,6.141421556472778,5068.489181294386,2.094238758087158,0.000414401712,16,2048,,2999.80904006958
adammini-adaptive_stochastic-r8,adammini,adaptive_stochastic,8,1.1B,sdpa,666,464,15237120,2.375117063522339,10.752271811216737,nan,nan,nan,nan,22.21030282974243,4.097999572753906,0.018635544925928116,4.097999572753906,13.995668139308691,6.132997035980225,5068.9995320211865,1.8449783325195312,0.00041400172000000005,16,2048,,3005.971330881119
adammini-adaptive_stochastic-r8,adammini,adaptive_stochastic,8,1.1B,sdpa,666,465,15269888,2.1392767429351807,8.49329257306943,nan,nan,nan,nan,22.21030282974243,4.097999572753906,0.018635544925928116,4.097999572753906,13.995668139308691,6.152352333068848,5069.475284304987,1.6144434213638306,0.00041360172799999995,16,2048,,3012.1530742645264
adammini-adaptive_stochastic-r8,adammini,adaptive_stochastic,8,1.1B,sdpa,666,466,15302656,2.4398000240325928,11.470746639763572,nan,nan,nan,nan,22.21030282974243,4.097999572753906,0.018635544925928116,4.097999572753906,13.995668139308691,6.158838987350464,5069.938175598304,1.6523627042770386,0.000413201736,16,2048,,3018.341373205185
adammini-adaptive_stochastic-r8,adammini,adaptive_stochastic,8,1.1B,sdpa,666,467,15335424,2.3581411838531494,10.571283106446206,nan,nan,nan,nan,22.21030282974243,4.097999572753906,0.018635544925928116,4.097999572753906,13.995668139308691,6.149574041366577,5070.414512660051,1.7636165618896484,0.00041280174400000003,16,2048,,3024.520181655884
adammini-adaptive_stochastic-r8,adammini,adaptive_stochastic,8,1.1B,sdpa,666,468,15368192,2.242929220199585,9.420886761514062,nan,nan,nan,nan,22.21030282974243,4.097999572753906,0.018635544925928116,4.097999572753906,13.995668139308691,6.165287733078003,5070.862985705928,2.1266520023345947,0.00041240175200000004,16,2048,,3030.7147963047028
adammini-adaptive_stochastic-r8,adammini,adaptive_stochastic,8,1.1B,sdpa,666,469,15400960,2.407633066177368,11.107638959575638,nan,nan,nan,nan,22.21030282974243,4.097999572753906,0.018635544925928116,4.097999572753906,13.995668139308691,6.167307376861572,5071.30600495245,2.0254080295562744,0.00041200176000000005,16,2048,,3036.9117102622986
adammini-adaptive_stochastic-r8,adammini,adaptive_stochastic,8,1.1B,sdpa,666,470,15433728,2.4727654457092285,11.855186435470452,nan,nan,nan,nan,22.21030282974243,4.097999572753906,0.018635544925928116,4.097999572753906,13.995668139308691,6.1572265625,5071.762904192992,1.8501718044281006,0.000411601768,16,2048,,3043.098713159561
adammini-adaptive_stochastic-r8,adammini,adaptive_stochastic,8,1.1B,sdpa,666,471,15466496,2.4157590866088867,11.198267587046184,nan,nan,nan,nan,22.21030282974243,4.097999572753906,0.018635544925928116,4.097999572753906,13.995668139308691,6.1655919551849365,5072.205397126792,1.9049664735794067,0.000411201776,16,2048,,3049.2935190200806
adammini-adaptive_stochastic-r8,adammini,adaptive_stochastic,8,1.1B,sdpa,666,472,15499264,2.472127676010132,11.847627967321946,nan,nan,nan,nan,22.21030282974243,4.097999572753906,0.018635544925928116,4.097999572753906,13.995668139308691,6.158601999282837,5072.65772343001,1.8100372552871704,0.00041080178400000004,16,2048,,3055.4815077781677
adammini-adaptive_stochastic-r8,adammini,adaptive_stochastic,8,1.1B,sdpa,666,473,15532032,2.5757861137390137,13.141643925794671,nan,nan,nan,nan,22.21030282974243,4.097999572753906,0.018635544925928116,4.097999572753906,13.995668139308691,6.1401731967926025,5073.138481343418,1.9104806184768677,0.000410401792,16,2048,,3061.650858402252
adammini-adaptive_stochastic-r8,adammini,adaptive_stochastic,8,1.1B,sdpa,666,474,15564800,2.6909868717193604,14.746221370853561,nan,nan,nan,nan,22.21030282974243,4.097999572753906,0.018635544925928116,4.097999572753906,13.995668139308691,6.144944906234741,5073.60977791383,2.3617005348205566,0.00041000180000000006,16,2048,,3067.825140476227
adammini-adaptive_stochastic-r8,adammini,adaptive_stochastic,8,1.1B,sdpa,666,475,15597568,2.3296303749084473,10.27414324997693,nan,nan,nan,nan,22.21030282974243,4.097999572753906,0.018635544925928116,4.097999572753906,13.995668139308691,6.153820037841797,5074.064276078333,1.848915457725525,0.000409601808,16,2048,,3074.0081856250763
adammini-adaptive_stochastic-r8,adammini,adaptive_stochastic,8,1.1B,sdpa,666,476,15630336,2.4463536739349365,11.54616877253536,nan,nan,nan,nan,22.21030282974243,4.097999572753906,0.018635544925928116,4.097999572753906,13.995668139308691,6.157275676727295,5074.511309046424,1.8727812767028809,0.000409201816,16,2048,,3080.1948189735413
adammini-adaptive_stochastic-r8,adammini,adaptive_stochastic,8,1.1B,sdpa,666,477,15663104,2.461015462875366,11.71670337840121,nan,nan,nan,nan,22.21030282974243,4.097999572753906,0.018635544925928116,4.097999572753906,13.995668139308691,6.155076265335083,5074.96006212629,1.9361075162887573,0.000408801824,16,2048,,3086.3793573379517
adammini-adaptive_stochastic-r8,adammini,adaptive_stochastic,8,1.1B,sdpa,666,478,15695872,2.468168020248413,11.800808195242006,nan,nan,nan,nan,22.21030282974243,4.097999572753906,0.018635544925928116,4.097999572753906,13.995668139308691,6.161517858505249,5075.3963918470945,1.794222354888916,0.00040840183199999995,16,2048,,3092.570353746414
adammini-adaptive_stochastic-r8,adammini,adaptive_stochastic,8,1.1B,sdpa,666,479,15728640,2.472200393676758,11.848489530507836,nan,nan,nan,nan,22.21030282974243,4.097999572753906,0.018635544925928116,4.097999572753906,13.995668139308691,6.159271478652954,5075.834498014983,2.0368313789367676,0.00040800184,16,2048,,3098.75901055336
adammini-adaptive_stochastic-r8,adammini,adaptive_stochastic,8,1.1B,sdpa,666,480,15761408,2.336190938949585,10.341769013756743,nan,nan,nan,nan,22.21030282974243,4.097999572753906,0.018635544925928116,4.097999572753906,13.995668139308691,6.160327911376953,5076.269308666154,1.732142686843872,0.00040760184800000003,16,2048,,3104.9488377571106
adammini-adaptive_stochastic-r8,adammini,adaptive_stochastic,8,1.1B,sdpa,666,481,15794176,2.399428606033325,11.016879603305721,nan,nan,nan,nan,22.21030282974243,4.097999572753906,0.018635544925928116,4.097999572753906,13.995668139308691,6.170510768890381,5076.685631623095,1.7712572813034058,0.00040720185600000004,16,2048,,3111.148763179779
adammini-adaptive_stochastic-r8,adammini,adaptive_stochastic,8,1.1B,sdpa,666,482,15826944,2.4226534366607666,11.275739114816771,nan,nan,nan,nan,22.21030282974243,4.097999572753906,0.018635544925928116,4.097999572753906,13.995668139308691,6.147459983825684,5077.137902801448,1.8801696300506592,0.000406801864,16,2048,,3117.3253712654114
adammini-adaptive_stochastic-r8,adammini,adaptive_stochastic,8,1.1B,sdpa,666,483,15859712,2.4966955184936523,12.142303575473397,nan,nan,nan,nan,22.21030282974243,4.097999572753906,0.018635544925928116,4.097999572753906,13.995668139308691,6.148832321166992,5077.586500001127,1.799881935119629,0.000406401872,16,2048,,3123.5035531520844
adammini-adaptive_stochastic-r8,adammini,adaptive_stochastic,8,1.1B,sdpa,666,484,15892480,2.448948383331299,11.576166626167701,nan,nan,nan,nan,22.21030282974243,4.097999572753906,0.018635544925928116,4.097999572753906,13.995668139308691,6.135220527648926,5078.055207440856,1.8869564533233643,0.00040600188,16,2048,,3129.668199777603
adammini-adaptive_stochastic-r8,adammini,adaptive_stochastic,8,1.1B,sdpa,666,485,15925248,2.401026964187622,11.034502602835211,nan,nan,nan,nan,22.21030282974243,4.097999572753906,0.018635544925928116,4.097999572753906,13.995668139308691,6.156660079956055,5078.487321371025,1.9327021837234497,0.00040560188800000004,16,2048,,3135.854088306427
adammini-adaptive_stochastic-r8,adammini,adaptive_stochastic,8,1.1B,sdpa,666,486,15958016,2.3324482440948486,10.303135270334137,nan,nan,nan,nan,22.21030282974243,4.097999572753906,0.018635544925928116,4.097999572753906,13.995668139308691,6.150411605834961,5078.928056181481,1.7077126502990723,0.000405201896,16,2048,,3142.033946752548
adammini-adaptive_stochastic-r8,adammini,adaptive_stochastic,8,1.1B,sdpa,666,487,15990784,2.4693336486816406,11.814571572743173,nan,nan,nan,nan,22.21030282974243,4.097999572753906,0.018635544925928116,4.097999572753906,13.995668139308691,6.143476486206055,5079.377869247674,1.7295677661895752,0.000404801904,16,2048,,3148.206623315811
adammini-adaptive_stochastic-r8,adammini,adaptive_stochastic,8,1.1B,sdpa,666,488,16023552,2.3324222564697266,10.302867519796264,nan,nan,nan,nan,22.21030282974243,4.097999572753906,0.018635544925928116,4.097999572753906,13.995668139308691,6.162889242172241,5079.79507819273,1.7007948160171509,0.00040440191199999997,16,2048,,3154.398916244507
adammini-adaptive_stochastic-r8,adammini,adaptive_stochastic,8,1.1B,sdpa,666,489,16056320,2.317450523376465,10.149764704297322,nan,nan,nan,nan,22.21030282974243,4.097999572753906,0.018635544925928116,4.097999572753906,13.995668139308691,6.1523473262786865,5080.227278780186,1.6236451864242554,0.00040400192000000003,16,2048,,3160.580578804016
adammini-adaptive_stochastic-r8,adammini,adaptive_stochastic,8,1.1B,sdpa,666,490,16089088,2.4493215084075928,11.580486790153918,nan,nan,nan,nan,22.21030282974243,4.097999572753906,0.018635544925928116,4.097999572753906,13.995668139308691,6.157829523086548,5080.649155568427,1.7970396280288696,0.000403601928,16,2048,,3166.7676634788513
adammini-adaptive_stochastic-r8,adammini,adaptive_stochastic,8,1.1B,sdpa,666,491,16121856,2.3676111698150635,10.671868528619065,nan,nan,nan,nan,22.21030282974243,4.097999572753906,0.018635544925928116,4.097999572753906,13.995668139308691,6.154897928237915,5081.074013707272,1.7203428745269775,0.000403201936,16,2048,,3172.951868534088
adammini-adaptive_stochastic-r8,adammini,adaptive_stochastic,8,1.1B,sdpa,666,492,16154624,2.380362033843994,10.808815312625757,nan,nan,nan,nan,22.21030282974243,4.097999572753906,0.018635544925928116,4.097999572753906,13.995668139308691,6.167032718658447,5081.478008280167,1.9273220300674438,0.00040280194399999996,16,2048,,3179.148285627365
adammini-adaptive_stochastic-r8,adammini,adaptive_stochastic,8,1.1B,sdpa,666,493,16187392,2.2955100536346436,9.929499298109102,nan,nan,nan,nan,22.21030282974243,4.097999572753906,0.018635544925928116,4.097999572753906,13.995668139308691,6.148324489593506,5081.9100244621795,1.887191891670227,0.00040240195200000003,16,2048,,3185.3259360790253
adammini-adaptive_stochastic-r8,adammini,adaptive_stochastic,8,1.1B,sdpa,666,494,16220160,2.3004956245422363,9.97912712967796,nan,nan,nan,nan,22.21030282974243,4.097999572753906,0.018635544925928116,4.097999572753906,13.995668139308691,6.163527011871338,5082.316258491026,1.9143249988555908,0.00040200196000000004,16,2048,,3191.5188188552856
adammini-adaptive_stochastic-r8,adammini,adaptive_stochastic,8,1.1B,sdpa,666,495,16252928,2.2631020545959473,9.612862588071552,nan,nan,nan,nan,22.21030282974243,4.097999572753906,0.018635544925928116,4.097999572753906,13.995668139308691,6.1387200355529785,5082.760288295923,1.8124545812606812,0.00040160196800000005,16,2048,,3197.6868793964386
adammini-adaptive_stochastic-r8,adammini,adaptive_stochastic,8,1.1B,sdpa,666,496,16285696,2.3243985176086426,10.220530767336127,nan,nan,nan,nan,22.21030282974243,4.097999572753906,0.018635544925928116,4.097999572753906,13.995668139308691,6.148802757263184,5083.186628174284,1.9293581247329712,0.000401201976,16,2048,,3203.865211248398
adammini-adaptive_stochastic-r8,adammini,adaptive_stochastic,8,1.1B,sdpa,666,497,16318464,2.426389217376709,11.317941584063625,nan,nan,nan,nan,22.21030282974243,4.097999572753906,0.018635544925928116,4.097999572753906,13.995668139308691,6.140959978103638,5083.623489858372,1.8417589664459229,0.000400801984,16,2048,,3210.0353212356567
adammini-adaptive_stochastic-r8,adammini,adaptive_stochastic,8,1.1B,sdpa,666,498,16351232,2.409268617630005,11.125820939339935,nan,nan,nan,nan,22.21030282974243,4.097999572753906,0.018635544925928116,4.097999572753906,13.995668139308691,6.149840831756592,5084.045114894808,1.915732502937317,0.000400401992,16,2048,,3216.2144541740417
adammini-adaptive_stochastic-r8,adammini,adaptive_stochastic,8,1.1B,sdpa,666,499,16384000,2.2824721336364746,9.800879569476686,nan,nan,nan,nan,22.21030282974243,4.097999572753906,0.018635544925928116,4.097999572753906,13.995668139308691,6.159372568130493,5084.449963551348,1.550453543663025,0.00040000200000000005,16,2048,,3222.4034056663513
adammini-adaptive_stochastic-r8,adammini,adaptive_stochastic,8,1.1B,sdpa,666,0,32768,2.5204966068267822,12.434770322341665,nan,nan,nan,nan,22.17638635635376,4.097999572753906,0.018328461796045303,4.097999572753906,13.962058749049902,13.370170593261719,2450.7871273851065,2.5158324241638184,2e-06,16,2048,,13.373243570327759
adammini-adaptive_stochastic-r8,adammini,adaptive_stochastic,8,1.1B,sdpa,666,1,65536,2.550102472305298,12.808416223355094,nan,nan,nan,nan,22.20994520187378,4.097999572753906,0.018328461796045303,4.097999572753906,13.995617594569921,6.122700452804565,3361.4880928026273,3.142854928970337,4e-06,16,2048,,19.525096654891968
adammini-adaptive_stochastic-r8,adammini,adaptive_stochastic,8,1.1B,sdpa,666,2,98304,2.651090145111084,14.169477014909754,nan,nan,nan,nan,22.20994520187378,4.097999572753906,0.018328461796045303,4.097999572753906,13.995617594569921,6.148683071136475,3828.8989932153254,2.4445717334747314,6e-06,16,2048,,25.703498363494873
adammini-adaptive_stochastic-r8,adammini,adaptive_stochastic,8,1.1B,sdpa,666,3,131072,2.3591485023498535,10.58193712054508,nan,nan,nan,nan,22.20994520187378,4.097999572753906,0.018328461796045303,4.097999572753906,13.995617594569921,6.135653734207153,4116.66171602676,2.1922073364257812,8e-06,16,2048,,31.868751764297485
adammini-adaptive_stochastic-r8,adammini,adaptive_stochastic,8,1.1B,sdpa,666,4,163840,2.5126543045043945,12.33763447633428,nan,nan,nan,nan,22.20994520187378,4.097999572753906,0.018328461796045303,4.097999572753906,13.995617594569921,6.160531044006348,4308.2322623564405,2.4144656658172607,1e-05,16,2048,,38.058673620224
adammini-adaptive_stochastic-r8,adammini,adaptive_stochastic,8,1.1B,sdpa,666,5,196608,2.343891143798828,10.421710140194543,nan,nan,nan,nan,22.20994520187378,4.097999572753906,0.018328461796045303,4.097999572753906,13.995617594569921,6.151530742645264,4447.094884359364,1.7209818363189697,1.2e-05,16,2048,,44.228609561920166
adammini-adaptive_stochastic-r8,adammini,adaptive_stochastic,8,1.1B,sdpa,666,6,229376,2.3027873039245605,10.002022313765233,nan,nan,nan,nan,22.20994520187378,4.097999572753906,0.018328461796045303,4.097999572753906,13.995617594569921,6.154723167419434,4552.577451943012,1.859248161315918,1.4e-05,16,2048,,50.41254687309265
adammini-adaptive_stochastic-r8,adammini,adaptive_stochastic,8,1.1B,sdpa,666,7,262144,2.4947385787963867,12.118565054593015,nan,nan,nan,nan,22.20994520187378,4.097999572753906,0.018328461796045303,4.097999572753906,13.995617594569921,6.162679672241211,4633.518589699125,1.9383009672164917,1.6e-05,16,2048,,56.60445427894592
adammini-adaptive_stochastic-r8,adammini,adaptive_stochastic,8,1.1B,sdpa,666,8,294912,2.6011908054351807,13.479780277130496,nan,nan,nan,nan,22.20994520187378,4.097999572753906,0.018328461796045303,4.097999572753906,13.995617594569921,6.155221462249756,4699.045388012298,2.101944923400879,1.8e-05,16,2048,,62.78922080993652
adammini-adaptive_stochastic-r8,adammini,adaptive_stochastic,8,1.1B,sdpa,666,9,327680,2.371047019958496,10.708598532895708,nan,nan,nan,nan,22.20994520187378,4.097999572753906,0.018328461796045303,4.097999572753906,13.995617594569921,6.171597957611084,4751.666817721544,1.827497124671936,2e-05,16,2048,,68.99010229110718
adammini-adaptive_stochastic-r8,adammini,adaptive_stochastic,8,1.1B,sdpa,666,10,360448,2.464123010635376,11.753170225627922,nan,nan,nan,nan,22.20994520187378,4.097999572753906,0.018328461796045303,4.097999572753906,13.995617594569921,6.158934593200684,4796.422001941293,1.6683820486068726,2.2e-05,16,2048,,75.17864537239075
adammini-adaptive_stochastic-r8,adammini,adaptive_stochastic,8,1.1B,sdpa,666,11,393216,2.024641990661621,7.573399111629806,nan,nan,nan,nan,22.20994520187378,4.097999572753906,0.018328461796045303,4.097999572753906,13.995617594569921,6.144505500793457,4835.21214726368,2.0286571979522705,2.4e-05,16,2048,,81.35281014442444
adammini-adaptive_stochastic-r8,adammini,adaptive_stochastic,8,1.1B,sdpa,666,12,425984,2.282869338989258,9.804773304558681,nan,nan,nan,nan,22.20994520187378,4.097999572753906,0.018328461796045303,4.097999572753906,13.995617594569921,6.170410394668579,4867.083230701679,1.8107638359069824,2.6e-05,16,2048,,87.55266451835632
adammini-adaptive_stochastic-r8,adammini,adaptive_stochastic,8,1.1B,sdpa,666,13,458752,2.55338191986084,12.850489703807886,nan,nan,nan,nan,22.20994520187378,4.097999572753906,0.018328461796045303,4.097999572753906,13.995617594569921,6.168710470199585,4894.836551743738,1.8108634948730469,2.8e-05,16,2048,,93.75069808959961
adammini-adaptive_stochastic-r8,adammini,adaptive_stochastic,8,1.1B,sdpa,666,14,491520,2.363312244415283,10.626089432899636,nan,nan,nan,nan,22.20994520187378,4.097999572753906,0.018328461796045303,4.097999572753906,13.995617594569921,6.156432390213013,4919.756426961029,1.668614387512207,3e-05,16,2048,,99.93654036521912
adammini-adaptive_stochastic-r8,adammini,adaptive_stochastic,8,1.1B,sdpa,666,15,524288,2.491364002227783,12.077738953060667,nan,nan,nan,nan,22.20994520187378,4.097999572753906,0.018328461796045303,4.097999572753906,13.995617594569921,6.153005123138428,4941.923752253577,1.806711196899414,3.2e-05,16,2048,,106.11892533302307
adammini-adaptive_stochastic-r8,adammini,adaptive_stochastic,8,1.1B,sdpa,666,16,557056,2.3988161087036133,11.010133860052694,nan,nan,nan,nan,22.20994520187378,4.097999572753906,0.018328461796045303,4.097999572753906,13.995617594569921,6.164108753204346,4961.163660923642,1.6951981782913208,3.4000000000000007e-05,16,2048,,112.31256771087646
adammini-adaptive_stochastic-r8,adammini,adaptive_stochastic,8,1.1B,sdpa,666,17,589824,2.3994815349578857,11.017462730327143,nan,nan,nan,nan,22.20994520187378,4.097999572753906,0.018328461796045303,4.097999572753906,13.995617594569921,6.1710240840911865,4978.096872017249,2.551034688949585,3.6e-05,16,2048,,118.5130603313446
adammini-adaptive_stochastic-r8,adammini,adaptive_stochastic,8,1.1B,sdpa,666,18,622592,2.4931247234344482,12.0990232164922,nan,nan,nan,nan,22.20994520187378,4.097999572753906,0.018328461796045303,4.097999572753906,13.995617594569921,6.16811203956604,4993.462534846832,1.8279445171356201,3.8e-05,16,2048,,124.71055245399475
adammini-adaptive_stochastic-r8,adammini,adaptive_stochastic,8,1.1B,sdpa,666,19,655360,2.355729341506958,10.545817559982552,nan,nan,nan,nan,22.20994520187378,4.097999572753906,0.018328461796045303,4.097999572753906,13.995617594569921,6.1642906665802,5007.523683897376,1.8202790021896362,4e-05,16,2048,,130.90440964698792
adammini-adaptive_stochastic-r8,adammini,adaptive_stochastic,8,1.1B,sdpa,666,20,688128,2.358273983001709,10.572687057061584,nan,nan,nan,nan,22.20994520187378,4.097999572753906,0.018328461796045303,4.097999572753906,13.995617594569921,6.179656744003296,5019.743088592877,1.7340972423553467,4.2000000000000004e-05,16,2048,,137.11309695243835
adammini-adaptive_stochastic-r8,adammini,adaptive_stochastic,8,1.1B,sdpa,666,21,720896,2.427002191543579,11.324881316597894,nan,nan,nan,nan,22.20994520187378,4.097999572753906,0.018328461796045303,4.097999572753906,13.995617594569921,6.176682233810425,5031.025332916578,2.0062057971954346,4.4e-05,16,2048,,143.31915974617004
adammini-adaptive_stochastic-r8,adammini,adaptive_stochastic,8,1.1B,sdpa,666,22,753664,2.4632937908172607,11.74342830360677,nan,nan,nan,nan,22.20994520187378,4.097999572753906,0.018328461796045303,4.097999572753906,13.995617594569921,6.176276206970215,5041.374264439407,1.6284488439559937,4.6e-05,16,2048,,149.52496314048767
adammini-adaptive_stochastic-r8,adammini,adaptive_stochastic,8,1.1B,sdpa,666,23,786432,2.608924388885498,13.584431425406276,nan,nan,nan,nan,22.20994520187378,4.097999572753906,0.018328461796045303,4.097999572753906,13.995617594569921,6.154449701309204,5051.603708521864,1.7250328063964844,4.8e-05,16,2048,,155.7089023590088
adammini-adaptive_stochastic-r8,adammini,adaptive_stochastic,8,1.1B,sdpa,666,24,819200,2.2824039459228516,9.800211292691742,nan,nan,nan,nan,22.20994520187378,4.097999572753906,0.018328461796045303,4.097999572753906,13.995617594569921,6.1669981479644775,5060.659352377366,1.7699658870697021,5e-05,16,2048,,161.90521955490112
adammini-adaptive_stochastic-r8,adammini,adaptive_stochastic,8,1.1B,sdpa,666,25,851968,2.527371406555176,12.520551404000026,nan,nan,nan,nan,22.20994520187378,4.097999572753906,0.018328461796045303,4.097999572753906,13.995617594569921,6.161114692687988,5069.228455341227,1.769079566001892,5.2e-05,16,2048,,168.0957896709442
adammini-adaptive_stochastic-r8,adammini,adaptive_stochastic,8,1.1B,sdpa,666,26,884736,2.2172722816467285,9.182250082702057,nan,nan,nan,nan,22.20994520187378,4.097999572753906,0.018328461796045303,4.097999572753906,13.995617594569921,6.173448801040649,5076.827062058367,1.6840479373931885,5.4e-05,16,2048,,174.29868721961975
adammini-adaptive_stochastic-r8,adammini,adaptive_stochastic,8,1.1B,sdpa,666,27,917504,2.410282850265503,11.137110834355513,nan,nan,nan,nan,22.20994520187378,4.097999572753906,0.018328461796045303,4.097999572753906,13.995617594569921,6.170068264007568,5083.997453611701,1.7507045269012451,5.6e-05,16,2048,,180.49802899360657
adammini-adaptive_stochastic-r8,adammini,adaptive_stochastic,8,1.1B,sdpa,666,28,950272,2.4968533515930176,12.144220184128312,nan,nan,nan,nan,22.20994520187378,4.097999572753906,0.018328461796045303,4.097999572753906,13.995617594569921,6.1678361892700195,5090.756392409831,1.5074450969696045,5.800000000000001e-05,16,2048,,186.6954505443573
adammini-adaptive_stochastic-r8,adammini,adaptive_stochastic,8,1.1B,sdpa,666,29,983040,2.2721786499023438,9.700511828115195,nan,nan,nan,nan,22.20994520187378,4.097999572753906,0.018328461796045303,4.097999572753906,13.995617594569921,6.166614055633545,5097.106344019455,1.5554229021072388,6e-05,16,2048,,192.89164471626282
adammini-adaptive_stochastic-r8,adammini,adaptive_stochastic,8,1.1B,sdpa,666,30,1015808,2.2178378105163574,9.18744437883575,nan,nan,nan,nan,22.20994520187378,4.097999572753906,0.018328461796045303,4.097999572753906,13.995617594569921,6.182561635971069,5102.653652962803,3.526205539703369,6.2e-05,16,2048,,199.10380864143372
adammini-adaptive_stochastic-r8,adammini,adaptive_stochastic,8,1.1B,sdpa,666,31,1048576,2.353882074356079,10.526354599802945,nan,nan,nan,nan,22.20994520187378,4.097999572753906,0.018328461796045303,4.097999572753906,13.995617594569921,6.155236005783081,5108.544226547746,1.7901716232299805,6.4e-05,16,2048,,205.28855109214783
adammini-adaptive_stochastic-r8,adammini,adaptive_stochastic,8,1.1B,sdpa,666,32,1081344,2.3275163173675537,10.252446062595222,nan,nan,nan,nan,22.20994520187378,4.097999572753906,0.018328461796045303,4.097999572753906,13.995617594569921,6.185826778411865,5113.350473444276,2.028820753097534,6.6e-05,16,2048,,211.5039370059967
adammini-adaptive_stochastic-r8,adammini,adaptive_stochastic,8,1.1B,sdpa,666,33,1114112,2.4253525733947754,11.306214987235792,nan,nan,nan,nan,22.20994520187378,4.097999572753906,0.018328461796045303,4.097999572753906,13.995617594569921,6.157634735107422,5118.546028266841,1.6673293113708496,6.800000000000001e-05,16,2048,,217.69102811813354
adammini-adaptive_stochastic-r8,adammini,adaptive_stochastic,8,1.1B,sdpa,666,34,1146880,2.414257764816284,11.181467997828534,nan,nan,nan,nan,22.20994520187378,4.097999572753906,0.018328461796045303,4.097999572753906,13.995617594569921,6.163980960845947,5123.310457073119,2.4124255180358887,7.000000000000001e-05,16,2048,,223.8841245174408
adammini-adaptive_stochastic-r8,adammini,adaptive_stochastic,8,1.1B,sdpa,666,35,1179648,2.6289877891540527,13.859733826693102,nan,nan,nan,nan,22.20994520187378,4.097999572753906,0.018328461796045303,4.097999572753906,13.995617594569921,6.184928894042969,5127.359432296311,1.8982055187225342,7.2e-05,16,2048,,230.09837532043457
adammini-adaptive_stochastic-r8,adammini,adaptive_stochastic,8,1.1B,sdpa,666,36,1212416,2.4044952392578125,11.072839736557594,nan,nan,nan,nan,22.20994520187378,4.097999572753906,0.018328461796045303,4.097999572753906,13.995617594569921,6.162677764892578,5131.6727199458155,1.8523606061935425,7.4e-05,16,2048,,236.29040932655334
adammini-adaptive_stochastic-r8,adammini,adaptive_stochastic,8,1.1B,sdpa,666,37,1245184,2.682457685470581,14.62098295243977,nan,nan,nan,nan,22.20994520187378,4.097999572753906,0.018328461796045303,4.097999572753906,13.995617594569921,6.20989727973938,5134.767654134554,1.767663598060608,7.6e-05,16,2048,,242.52974367141724
adammini-adaptive_stochastic-r8,adammini,adaptive_stochastic,8,1.1B,sdpa,666,38,1277952,2.215179443359375,9.16305321314354,nan,nan,nan,nan,22.20994520187378,4.097999572753906,0.018328461796045303,4.097999572753906,13.995617594569921,6.136989593505859,5139.209479627176,1.589544415473938,7.8e-05,16,2048,,248.69611287117004
adammini-adaptive_stochastic-r8,adammini,adaptive_stochastic,8,1.1B,sdpa,666,39,1310720,2.463867664337158,11.750169480249403,nan,nan,nan,nan,22.20994520187378,4.097999572753906,0.018328461796045303,4.097999572753906,13.995617594569921,6.182058334350586,5142.53023950025,1.633134126663208,8e-05,16,2048,,254.90745949745178
adammini-adaptive_stochastic-r8,adammini,adaptive_stochastic,8,1.1B,sdpa,666,40,1343488,2.1986796855926514,9.013105506961178,nan,nan,nan,nan,22.20994520187378,4.097999572753906,0.018328461796045303,4.097999572753906,13.995617594569921,6.147983551025391,5146.36499034461,2.7018020153045654,8.2e-05,16,2048,,261.0851767063141
adammini-adaptive_stochastic-r8,adammini,adaptive_stochastic,8,1.1B,sdpa,666,41,1376256,2.295510768890381,9.929506400242984,nan,nan,nan,nan,22.20994520187378,4.097999572753906,0.018328461796045303,4.097999572753906,13.995617594569921,6.1594321727752686,5149.7946311178275,1.6563143730163574,8.400000000000001e-05,16,2048,,267.2739908695221
adammini-adaptive_stochastic-r8,adammini,adaptive_stochastic,8,1.1B,sdpa,666,42,1409024,2.4097399711608887,11.131066370452794,nan,nan,nan,nan,22.20994520187378,4.097999572753906,0.018328461796045303,4.097999572753906,13.995617594569921,6.187477111816406,5152.545732834621,1.6826757192611694,8.599999999999999e-05,16,2048,,273.49086809158325
adammini-adaptive_stochastic-r8,adammini,adaptive_stochastic,8,1.1B,sdpa,666,43,1441792,2.3153152465820312,10.128115269249124,nan,nan,nan,nan,22.20994520187378,4.097999572753906,0.018328461796045303,4.097999572753906,13.995617594569921,6.194839954376221,5155.038833450539,1.6730698347091675,8.8e-05,16,2048,,279.7149968147278
adammini-adaptive_stochastic-r8,adammini,adaptive_stochastic,8,1.1B,sdpa,666,44,1474560,2.4549617767333984,11.645988392652688,nan,nan,nan,nan,22.20994520187378,4.097999572753906,0.018328461796045303,4.097999572753906,13.995617594569921,6.1463658809661865,5158.300123595974,1.6132136583328247,8.999999999999999e-05,16,2048,,285.8906042575836
adammini-adaptive_stochastic-r8,adammini,adaptive_stochastic,8,1.1B,sdpa,666,45,1507328,2.5252199172973633,12.493642529609414,nan,nan,nan,nan,22.20994520187378,4.097999572753906,0.018328461796045303,4.097999572753906,13.995617594569921,6.1753153800964355,5160.912780993122,3.3296663761138916,9.2e-05,16,2048,,292.0950827598572
adammini-adaptive_stochastic-r8,adammini,adaptive_stochastic,8,1.1B,sdpa,666,46,1540096,2.4788548946380615,11.927598238037122,nan,nan,nan,nan,22.20994520187378,4.097999572753906,0.018328461796045303,4.097999572753906,13.995617594569921,6.186651229858398,5163.220641254861,2.8086836338043213,9.400000000000001e-05,16,2048,,298.3113021850586
adammini-adaptive_stochastic-r8,adammini,adaptive_stochastic,8,1.1B,sdpa,666,47,1572864,2.3471779823303223,10.456020974844883,nan,nan,nan,nan,22.20994520187378,4.097999572753906,0.018328461796045303,4.097999572753906,13.995617594569921,6.164668083190918,5165.801567441724,1.5490787029266357,9.6e-05,16,2048,,304.5052270889282
adammini-adaptive_stochastic-r8,adammini,adaptive_stochastic,8,1.1B,sdpa,666,48,1605632,2.248939275741577,9.477677300409036,nan,nan,nan,nan,22.20994520187378,4.097999572753906,0.018328461796045303,4.097999572753906,13.995617594569921,6.168105602264404,5168.228164552638,1.7331184148788452,9.800000000000001e-05,16,2048,,310.70270681381226
adammini-adaptive_stochastic-r8,adammini,adaptive_stochastic,8,1.1B,sdpa,666,49,1638400,2.433095693588257,11.394100182527852,nan,nan,nan,nan,22.20994520187378,4.097999572753906,0.018328461796045303,4.097999572753906,13.995617594569921,6.16797399520874,5170.559512852778,1.6117417812347412,0.0001,16,2048,,316.8999674320221
adammini-adaptive_stochastic-r8,adammini,adaptive_stochastic,8,1.1B,sdpa,666,50,1671168,2.6252753734588623,13.80837612286105,2.456761901437279,11.666971504502184,nan,nan,22.20994520187378,4.097999572753906,0.018328461796045303,4.097999572753906,13.995617594569921,6.163359880447388,5172.876160419168,2.056286096572876,0.000102,16,2048,,340.7567763328552
adammini-adaptive_stochastic-r8,adammini,adaptive_stochastic,8,1.1B,sdpa,666,51,1703936,2.4951364994049072,12.123388240932913,nan,nan,nan,nan,22.20994520187378,4.097999572753906,0.018328461796045303,4.097999572753906,13.995617594569921,6.165430307388306,4911.5760149122525,1.864205002784729,0.000104,16,2048,,346.95144152641296
adammini-adaptive_stochastic-r8,adammini,adaptive_stochastic,8,1.1B,sdpa,666,52,1736704,2.463548183441162,11.746416125170294,nan,nan,nan,nan,22.20994520187378,4.097999572753906,0.018328461796045303,4.097999572753906,13.995617594569921,6.171501636505127,4918.123628089223,1.724025011062622,0.000106,16,2048,,353.1523540019989
adammini-adaptive_stochastic-r8,adammini,adaptive_stochastic,8,1.1B,sdpa,666,53,1769472,2.1617608070373535,8.686419308744696,nan,nan,nan,nan,22.20994520187378,4.097999572753906,0.018328461796045303,4.097999572753906,13.995617594569921,6.2870543003082275,4922.862231937436,1.633113980293274,0.000108,16,2048,,359.46860933303833
adammini-adaptive_stochastic-r8,adammini,adaptive_stochastic,8,1.1B,sdpa,666,54,1802240,2.483133316040039,11.978738852151649,nan,nan,nan,nan,22.20994520187378,4.097999572753906,0.018328461796045303,4.097999572753906,13.995617594569921,6.161625862121582,4929.129466227501,1.6517223119735718,0.00011,16,2048,,365.6593163013458
adammini-adaptive_stochastic-r8,adammini,adaptive_stochastic,8,1.1B,sdpa,666,55,1835008,1.9410055875778198,6.965752123716802,nan,nan,nan,nan,22.20994520187378,4.097999572753906,0.018328461796045303,4.097999572753906,13.995617594569921,6.178032398223877,4934.971468967282,3.6524386405944824,0.000112,16,2048,,371.86659574508667
adammini-adaptive_stochastic-r8,adammini,adaptive_stochastic,8,1.1B,sdpa,666,56,1867776,2.1204724311828613,8.335074306690387,nan,nan,nan,nan,22.20994520187378,4.097999572753906,0.018328461796045303,4.097999572753906,13.995617594569921,6.122271776199341,4941.345309912204,1.5943856239318848,0.000114,16,2048,,378.0184178352356
adammini-adaptive_stochastic-r8,adammini,adaptive_stochastic,8,1.1B,sdpa,666,57,1900544,2.2809360027313232,9.785835693112306,nan,nan,nan,nan,22.20994520187378,4.097999572753906,0.018328461796045303,4.097999572753906,13.995617594569921,6.1534528732299805,4947.1159549596205,1.6151175498962402,0.00011600000000000001,16,2048,,384.2004210948944
adammini-adaptive_stochastic-r8,adammini,adaptive_stochastic,8,1.1B,sdpa,666,58,1933312,2.5012009143829346,12.197132881206638,nan,nan,nan,nan,22.20994520187378,4.097999572753906,0.018328461796045303,4.097999572753906,13.995617594569921,6.177495241165161,4952.407148704059,1.752395749092102,0.000118,16,2048,,390.40729546546936
adammini-adaptive_stochastic-r8,adammini,adaptive_stochastic,8,1.1B,sdpa,666,59,1966080,2.5010335445404053,12.195091619824565,nan,nan,nan,nan,22.20994520187378,4.097999572753906,0.018328461796045303,4.097999572753906,13.995617594569921,6.174823045730591,4957.557160498487,1.680533528327942,0.00012,16,2048,,396.61154341697693
adammini-adaptive_stochastic-r8,adammini,adaptive_stochastic,8,1.1B,sdpa,666,60,1998848,2.1579723358154297,8.653573316505335,nan,nan,nan,nan,22.20994520187378,4.097999572753906,0.018328461796045303,4.097999572753906,13.995617594569921,6.168656826019287,4962.624265827869,1.7183659076690674,0.000122,16,2048,,402.80953001976013
adammini-adaptive_stochastic-r8,adammini,adaptive_stochastic,8,1.1B,sdpa,666,61,2031616,2.3139500617980957,10.114297954133754,nan,nan,nan,nan,22.20994520187378,4.097999572753906,0.018328461796045303,4.097999572753906,13.995617594569921,6.178995132446289,4967.413114978711,1.7903540134429932,0.000124,16,2048,,409.01790738105774
adammini-adaptive_stochastic-r8,adammini,adaptive_stochastic,8,1.1B,sdpa,666,62,2064384,2.389846086502075,10.911814338274857,nan,nan,nan,nan,22.20994520187378,4.097999572753906,0.018328461796045303,4.097999572753906,13.995617594569921,6.174211263656616,4972.1146986896465,1.9518743753433228,0.000126,16,2048,,415.2216784954071
adammini-adaptive_stochastic-r8,adammini,adaptive_stochastic,8,1.1B,sdpa,666,63,2097152,2.4339518547058105,11.403859545270956,nan,nan,nan,nan,22.20994520187378,4.097999572753906,0.018328461796045303,4.097999572753906,13.995617594569921,6.196565389633179,4976.412054735566,1.753658652305603,0.000128,16,2048,,421.44792008399963
adammini-adaptive_stochastic-r8,adammini,adaptive_stochastic,8,1.1B,sdpa,666,64,2129920,2.6349239349365234,13.942251904551519,nan,nan,nan,nan,22.20994520187378,4.097999572753906,0.018328461796045303,4.097999572753906,13.995617594569921,6.129157066345215,4981.367988757666,1.7070871591567993,0.00013000000000000002,16,2048,,427.60651993751526
adammini-adaptive_stochastic-r8,adammini,adaptive_stochastic,8,1.1B,sdpa,666,65,2162688,2.4287471771240234,11.344660323217392,nan,nan,nan,nan,22.20994520187378,4.097999572753906,0.018328461796045303,4.097999572753906,13.995617594569921,6.167016983032227,4985.750962329694,1.8015872240066528,0.000132,16,2048,,433.8030068874359
adammini-adaptive_stochastic-r8,adammini,adaptive_stochastic,8,1.1B,sdpa,666,66,2195456,2.4377598762512207,11.447368477017926,nan,nan,nan,nan,22.20994520187378,4.097999572753906,0.018328461796045303,4.097999572753906,13.995617594569921,6.153847932815552,4990.159309334036,1.9399924278259277,0.000134,16,2048,,439.9862139225006
adammini-adaptive_stochastic-r8,adammini,adaptive_stochastic,8,1.1B,sdpa,666,67,2228224,2.469264507293701,11.813754725106039,nan,nan,nan,nan,22.20994520187378,4.097999572753906,0.018328461796045303,4.097999572753906,13.995617594569921,6.172121047973633,4994.242207745297,1.8813152313232422,0.00013600000000000003,16,2048,,446.1877896785736
adammini-adaptive_stochastic-r8,adammini,adaptive_stochastic,8,1.1B,sdpa,666,68,2260992,2.422029972076416,11.268711281846434,nan,nan,nan,nan,22.20994520187378,4.097999572753906,0.018328461796045303,4.097999572753906,13.995617594569921,6.169794082641602,4998.237098148227,1.8628357648849487,0.00013800000000000002,16,2048,,452.3869128227234
adammini-adaptive_stochastic-r8,adammini,adaptive_stochastic,8,1.1B,sdpa,666,69,2293760,2.4074625968933105,11.105745609698213,nan,nan,nan,nan,22.20994520187378,4.097999572753906,0.018328461796045303,4.097999572753906,13.995617594569921,6.1735289096832275,5002.086025845043,1.704911708831787,0.00014000000000000001,16,2048,,458.589396238327
adammini-adaptive_stochastic-r8,adammini,adaptive_stochastic,8,1.1B,sdpa,666,70,2326528,2.180330991744995,8.849234797700595,nan,nan,nan,nan,22.20994520187378,4.097999572753906,0.018328461796045303,4.097999572753906,13.995617594569921,6.1546289920806885,5006.037960843069,1.7487475872039795,0.00014199999999999998,16,2048,,464.77351808547974
adammini-adaptive_stochastic-r8,adammini,adaptive_stochastic,8,1.1B,sdpa,666,71,2359296,2.373305559158325,10.732811655307954,nan,nan,nan,nan,22.20994520187378,4.097999572753906,0.018328461796045303,4.097999572753906,13.995617594569921,6.180825710296631,5009.603633353508,1.6047606468200684,0.000144,16,2048,,470.9837877750397
adammini-adaptive_stochastic-r8,adammini,adaptive_stochastic,8,1.1B,sdpa,666,72,2392064,2.6211540699005127,13.75158472089852,nan,nan,nan,nan,22.20994520187378,4.097999572753906,0.018328461796045303,4.097999572753906,13.995617594569921,6.183737516403198,5013.046061384845,1.9399795532226562,0.000146,16,2048,,477.19710636138916
adammini-adaptive_stochastic-r8,adammini,adaptive_stochastic,8,1.1B,sdpa,666,73,2424832,2.4611668586730957,11.71847737234017,nan,nan,nan,nan,22.20994520187378,4.097999572753906,0.018328461796045303,4.097999572753906,13.995617594569921,6.1813414096832275,5016.423084588856,1.7358230352401733,0.000148,16,2048,,483.40792179107666
adammini-adaptive_stochastic-r8,adammini,adaptive_stochastic,8,1.1B,sdpa,666,74,2457600,2.4333086013793945,11.396526333493773,nan,nan,nan,nan,22.20994520187378,4.097999572753906,0.018328461796045303,4.097999572753906,13.995617594569921,6.167473793029785,5019.857640262829,1.6807385683059692,0.00015,16,2048,,489.6047728061676
adammini-adaptive_stochastic-r8,adammini,adaptive_stochastic,8,1.1B,sdpa,666,75,2490368,2.365440845489502,10.648732228471307,nan,nan,nan,nan,22.20994520187378,4.097999572753906,0.018328461796045303,4.097999572753906,13.995617594569921,6.160630941390991,5023.276561997375,1.9925904273986816,0.000152,16,2048,,495.7945554256439
adammini-adaptive_stochastic-r8,adammini,adaptive_stochastic,8,1.1B,sdpa,666,76,2523136,2.4144446849823,11.183558235030642,nan,nan,nan,nan,22.20994520187378,4.097999572753906,0.018328461796045303,4.097999572753906,13.995617594569921,6.17224645614624,5026.496950793544,2.8444676399230957,0.000154,16,2048,,501.9961693286896
adammini-adaptive_stochastic-r8,adammini,adaptive_stochastic,8,1.1B,sdpa,666,77,2555904,2.2306344509124756,9.305768260127579,nan,nan,nan,nan,22.20994520187378,4.097999572753906,0.018328461796045303,4.097999572753906,13.995617594569921,6.167126893997192,5029.687837477629,1.6990865468978882,0.000156,16,2048,,508.1925845146179
adammini-adaptive_stochastic-r8,adammini,adaptive_stochastic,8,1.1B,sdpa,666,78,2588672,2.343266010284424,10.415197215844245,nan,nan,nan,nan,22.20994520187378,4.097999572753906,0.018328461796045303,4.097999572753906,13.995617594569921,6.170332670211792,5032.771092170445,1.6052486896514893,0.000158,16,2048,,514.3916068077087
adammini-adaptive_stochastic-r8,adammini,adaptive_stochastic,8,1.1B,sdpa,666,79,2621440,2.372185468673706,10.720796665293797,nan,nan,nan,nan,22.20994520187378,4.097999572753906,0.018328461796045303,4.097999572753906,13.995617594569921,6.181236505508423,5035.680311184184,1.55907142162323,0.00016,16,2048,,520.6023399829865
adammini-adaptive_stochastic-r8,adammini,adaptive_stochastic,8,1.1B,sdpa,666,80,2654208,2.4424006938934326,11.500617089584535,nan,nan,nan,nan,22.20994520187378,4.097999572753906,0.018328461796045303,4.097999572753906,13.995617594569921,6.174333333969116,5038.580111838245,1.7476718425750732,0.000162,16,2048,,526.8062381744385
adammini-adaptive_stochastic-r8,adammini,adaptive_stochastic,8,1.1B,sdpa,666,81,2686976,2.464811325073242,11.761262887213318,nan,nan,nan,nan,22.20994520187378,4.097999572753906,0.018328461796045303,4.097999572753906,13.995617594569921,6.16627311706543,5041.488708806093,1.8424285650253296,0.000164,16,2048,,533.0019125938416
adammini-adaptive_stochastic-r8,adammini,adaptive_stochastic,8,1.1B,sdpa,666,82,2719744,2.3137214183807373,10.111985650841875,nan,nan,nan,nan,22.20994520187378,4.097999572753906,0.018328461796045303,4.097999572753906,13.995617594569921,6.170273303985596,5044.293482421416,1.8413293361663818,0.00016600000000000002,16,2048,,539.2017660140991
adammini-adaptive_stochastic-r8,adammini,adaptive_stochastic,8,1.1B,sdpa,666,83,2752512,2.3364524841308594,10.3444742073579,nan,nan,nan,nan,22.20994520187378,4.097999572753906,0.018328461796045303,4.097999572753906,13.995617594569921,6.184642791748047,5046.900245207447,1.5952918529510498,0.00016800000000000002,16,2048,,545.4158487319946
adammini-adaptive_stochastic-r8,adammini,adaptive_stochastic,8,1.1B,sdpa,666,84,2785280,2.359487295150757,10.585522812030066,nan,nan,nan,nan,22.20994520187378,4.097999572753906,0.018328461796045303,4.097999572753906,13.995617594569921,6.181519031524658,5049.478076129882,1.6843202114105225,0.00017,16,2048,,551.62668633461
adammini-adaptive_stochastic-r8,adammini,adaptive_stochastic,8,1.1B,sdpa,666,85,2818048,2.332162380218506,10.300190397083771,nan,nan,nan,nan,22.20994520187378,4.097999572753906,0.018328461796045303,4.097999572753906,13.995617594569921,6.162047863006592,5052.175774895228,1.8717085123062134,0.00017199999999999998,16,2048,,557.8182926177979
adammini-adaptive_stochastic-r8,adammini,adaptive_stochastic,8,1.1B,sdpa,666,86,2850816,2.390427827835083,10.91816403845599,nan,nan,nan,nan,22.20994520187378,4.097999572753906,0.018328461796045303,4.097999572753906,13.995617594569921,6.151050567626953,5054.910992278393,1.8444147109985352,0.000174,16,2048,,563.9985165596008
adammini-adaptive_stochastic-r8,adammini,adaptive_stochastic,8,1.1B,sdpa,666,87,2883584,2.3773670196533203,10.7764911871499,nan,nan,nan,nan,22.20994520187378,4.097999572753906,0.018328461796045303,4.097999572753906,13.995617594569921,6.1689465045928955,5057.430688428396,1.666244387626648,0.000176,16,2048,,570.1970536708832
adammini-adaptive_stochastic-r8,adammini,adaptive_stochastic,8,1.1B,sdpa,666,88,2916352,2.4377753734588623,11.447545880638792,nan,nan,nan,nan,22.20994520187378,4.097999572753906,0.018328461796045303,4.097999572753906,13.995617594569921,6.174535512924194,5059.844830020861,1.7116832733154297,0.000178,16,2048,,576.4007439613342
adammini-adaptive_stochastic-r8,adammini,adaptive_stochastic,8,1.1B,sdpa,666,89,2949120,2.4617104530334473,11.724849202240176,nan,nan,nan,nan,22.20994520187378,4.097999572753906,0.018328461796045303,4.097999572753906,13.995617594569921,6.165844440460205,5062.285614476068,2.6171045303344727,0.00017999999999999998,16,2048,,582.5960347652435
adammini-adaptive_stochastic-r8,adammini,adaptive_stochastic,8,1.1B,sdpa,666,90,2981888,2.2073183059692383,9.091303579281798,nan,nan,nan,nan,22.20994520187378,4.097999572753906,0.018328461796045303,4.097999572753906,13.995617594569921,6.172600984573364,5064.61554538997,1.6012864112854004,0.000182,16,2048,,588.7981250286102
adammini-adaptive_stochastic-r8,adammini,adaptive_stochastic,8,1.1B,sdpa,666,91,3014656,2.506305694580078,12.25955575557173,nan,nan,nan,nan,22.20994520187378,4.097999572753906,0.018328461796045303,4.097999572753906,13.995617594569921,6.1546101570129395,5067.049441951671,1.6715731620788574,0.000184,16,2048,,594.9819633960724
adammini-adaptive_stochastic-r8,adammini,adaptive_stochastic,8,1.1B,sdpa,666,92,3047424,2.465198516845703,11.765817633160172,nan,nan,nan,nan,22.20994520187378,4.097999572753906,0.018328461796045303,4.097999572753906,13.995617594569921,6.168691396713257,5069.316026636043,1.7413737773895264,0.000186,16,2048,,601.1798923015594
adammini-adaptive_stochastic-r8,adammini,adaptive_stochastic,8,1.1B,sdpa,666,93,3080192,2.5255932807922363,12.498308070565104,nan,nan,nan,nan,22.20994520187378,4.097999572753906,0.018328461796045303,4.097999572753906,13.995617594569921,6.173864126205444,5071.493778228884,1.816360592842102,0.00018800000000000002,16,2048,,607.3830296993256
adammini-adaptive_stochastic-r8,adammini,adaptive_stochastic,8,1.1B,sdpa,666,94,3112960,2.31251859664917,10.09983004672968,nan,nan,nan,nan,22.20994520187378,4.097999572753906,0.018328461796045303,4.097999572753906,13.995617594569921,6.186276435852051,5073.5242840955125,1.7417829036712646,0.00019,16,2048,,613.5985136032104
adammini-adaptive_stochastic-r8,adammini,adaptive_stochastic,8,1.1B,sdpa,666,95,3145728,2.3678107261657715,10.673998380263516,nan,nan,nan,nan,22.20994520187378,4.097999572753906,0.018328461796045303,4.097999572753906,13.995617594569921,6.157762289047241,5075.7480674635035,1.778742790222168,0.000192,16,2048,,619.7854223251343
adammini-adaptive_stochastic-r8,adammini,adaptive_stochastic,8,1.1B,sdpa,666,96,3178496,2.214646816253662,9.15817402214117,nan,nan,nan,nan,22.20994520187378,4.097999572753906,0.018328461796045303,4.097999572753906,13.995617594569921,6.165998220443726,5077.861172149249,1.7424839735031128,0.000194,16,2048,,625.9809248447418
adammini-adaptive_stochastic-r8,adammini,adaptive_stochastic,8,1.1B,sdpa,666,97,3211264,2.4456396102905273,11.537927016102195,nan,nan,nan,nan,22.20994520187378,4.097999572753906,0.018328461796045303,4.097999572753906,13.995617594569921,6.174292802810669,5079.863970574754,1.865120530128479,0.00019600000000000002,16,2048,,632.1844279766083
adammini-adaptive_stochastic-r8,adammini,adaptive_stochastic,8,1.1B,sdpa,666,98,3244032,2.449794292449951,11.58596315397775,nan,nan,nan,nan,22.20994520187378,4.097999572753906,0.018328461796045303,4.097999572753906,13.995617594569921,6.175876140594482,5081.8178389347495,1.8519588708877563,0.00019800000000000002,16,2048,,638.3895971775055
adammini-adaptive_stochastic-r8,adammini,adaptive_stochastic,8,1.1B,sdpa,666,99,3276800,2.4254379272460938,11.30718005741443,nan,nan,nan,nan,22.20994520187378,4.097999572753906,0.018328461796045303,4.097999572753906,13.995617594569921,6.176605939865112,5083.727279713416,1.940732717514038,0.0002,16,2048,,644.5956087112427
adammini-adaptive_stochastic-r8,adammini,adaptive_stochastic,8,1.1B,sdpa,666,100,3309568,2.406412124633789,11.094085457419418,2.4733733563203724,11.862395520119179,nan,nan,22.20994520187378,4.097999572753906,0.018328461796045303,4.097999572753906,13.995617594569921,6.181712627410889,5085.558875543239,1.9283018112182617,0.000202,16,2048,,662.860767364502
adammini-adaptive_stochastic-r8,adammini,adaptive_stochastic,8,1.1B,sdpa,666,101,3342336,2.5081303119659424,12.281945173995751,nan,nan,nan,nan,22.20994520187378,4.097999572753906,0.018328461796045303,4.097999572753906,13.995617594569921,6.176285266876221,4995.736348251836,2.0002644062042236,0.000204,16,2048,,669.0670402050018
adammini-adaptive_stochastic-r8,adammini,adaptive_stochastic,8,1.1B,sdpa,666,102,3375104,2.2995851039886475,9.970045064650405,nan,nan,nan,nan,22.20994520187378,4.097999572753906,0.018328461796045303,4.097999572753906,13.995617594569921,6.171389579772949,4998.381536109069,1.8865159749984741,0.000206,16,2048,,675.2685797214508
adammini-adaptive_stochastic-r8,adammini,adaptive_stochastic,8,1.1B,sdpa,666,103,3407872,2.4557552337646484,11.655232651004594,nan,nan,nan,nan,22.20994520187378,4.097999572753906,0.018328461796045303,4.097999572753906,13.995617594569921,6.167589902877808,5001.012563948764,1.9325470924377441,0.000208,16,2048,,681.4657049179077
adammini-adaptive_stochastic-r8,adammini,adaptive_stochastic,8,1.1B,sdpa,666,104,3440640,2.3732926845550537,10.732673475505411,nan,nan,nan,nan,22.20994520187378,4.097999572753906,0.018328461796045303,4.097999572753906,13.995617594569921,6.160562038421631,5003.646559171198,2.1212782859802246,0.00021,16,2048,,687.6557629108429
adammini-adaptive_stochastic-r8,adammini,adaptive_stochastic,8,1.1B,sdpa,666,105,3473408,2.3625826835632324,10.61833988126748,nan,nan,nan,nan,22.20994520187378,4.097999572753906,0.018328461796045303,4.097999572753906,13.995617594569921,6.167343616485596,5006.1850283311815,1.9214975833892822,0.000212,16,2048,,693.852287530899
adammini-adaptive_stochastic-r8,adammini,adaptive_stochastic,8,1.1B,sdpa,666,106,3506176,2.381983995437622,10.826361021321729,nan,nan,nan,nan,22.20994520187378,4.097999572753906,0.018328461796045303,4.097999572753906,13.995617594569921,6.180079698562622,5008.589317330789,2.0987887382507324,0.000214,16,2048,,700.0615522861481
adammini-adaptive_stochastic-r8,adammini,adaptive_stochastic,8,1.1B,sdpa,666,107,3538944,2.4565093517303467,11.664025386304239,nan,nan,nan,nan,22.20994520187378,4.097999572753906,0.018328461796045303,4.097999572753906,13.995617594569921,6.165802717208862,5011.052277837571,1.9690736532211304,0.000216,16,2048,,706.2570195198059
adammini-adaptive_stochastic-r8,adammini,adaptive_stochastic,8,1.1B,sdpa,666,108,3571712,2.414273977279663,11.181649278438469,nan,nan,nan,nan,22.20994520187378,4.097999572753906,0.018328461796045303,4.097999572753906,13.995617594569921,6.173555374145508,5013.415550212006,2.00085711479187,0.000218,16,2048,,712.460186958313
adammini-adaptive_stochastic-r8,adammini,adaptive_stochastic,8,1.1B,sdpa,666,109,3604480,2.435136318206787,11.417375003375875,nan,nan,nan,nan,22.20994520187378,4.097999572753906,0.018328461796045303,4.097999572753906,13.995617594569921,6.154071807861328,5015.874371564845,1.8546079397201538,0.00022,16,2048,,718.6437857151031
adammini-adaptive_stochastic-r8,adammini,adaptive_stochastic,8,1.1B,sdpa,666,110,3637248,2.3600902557373047,10.591907389704641,nan,nan,nan,nan,22.20994520187378,4.097999572753906,0.018328461796045303,4.097999572753906,13.995617594569921,6.163013935089111,5018.229477958156,2.2396459579467773,0.000222,16,2048,,724.8364593982697
adammini-adaptive_stochastic-r8,adammini,adaptive_stochastic,8,1.1B,sdpa,666,111,3670016,2.539790391921997,12.677013487896646,nan,nan,nan,nan,22.20994520187378,4.097999572753906,0.018328461796045303,4.097999572753906,13.995617594569921,6.171991348266602,5020.482287491046,1.9970711469650269,0.000224,16,2048,,731.0377292633057
adammini-adaptive_stochastic-r8,adammini,adaptive_stochastic,8,1.1B,sdpa,666,112,3702784,2.554854393005371,12.86942564270019,nan,nan,nan,nan,22.20994520187378,4.097999572753906,0.018328461796045303,4.097999572753906,13.995617594569921,6.186979532241821,5022.597300768691,1.9767776727676392,0.00022600000000000002,16,2048,,737.2541868686676
adammini-adaptive_stochastic-r8,adammini,adaptive_stochastic,8,1.1B,sdpa,666,113,3735552,2.494079351425171,12.110578797478032,nan,nan,nan,nan,22.20994520187378,4.097999572753906,0.018328461796045303,4.097999572753906,13.995617594569921,6.176975250244141,5024.743352674268,1.9259908199310303,0.000228,16,2048,,743.4606873989105
adammini-adaptive_stochastic-r8,adammini,adaptive_stochastic,8,1.1B,sdpa,666,114,3768320,2.2969231605529785,9.943540660899748,nan,nan,nan,nan,22.20994520187378,4.097999572753906,0.018328461796045303,4.097999572753906,13.995617594569921,6.163974285125732,5026.940892977313,2.017613172531128,0.00023,16,2048,,749.6539697647095
adammini-adaptive_stochastic-r8,adammini,adaptive_stochastic,8,1.1B,sdpa,666,115,3801088,2.4687652587890625,11.807858197764066,nan,nan,nan,nan,22.20994520187378,4.097999572753906,0.018328461796045303,4.097999572753906,13.995617594569921,6.177006006240845,5029.016955436,1.9277211427688599,0.00023200000000000003,16,2048,,755.8603913784027
adammini-adaptive_stochastic-r8,adammini,adaptive_stochastic,8,1.1B,sdpa,666,116,3833856,2.425305128097534,11.305678573230312,nan,nan,nan,nan,22.20994520187378,4.097999572753906,0.018328461796045303,4.097999572753906,13.995617594569921,6.199194431304932,5030.912082384905,1.8557218313217163,0.00023400000000000002,16,2048,,762.0887784957886
adammini-adaptive_stochastic-r8,adammini,adaptive_stochastic,8,1.1B,sdpa,666,117,3866624,2.2426023483276367,9.417807841856442,nan,nan,nan,nan,22.20994520187378,4.097999572753906,0.018328461796045303,4.097999572753906,13.995617594569921,6.153988838195801,5033.074011020745,1.8083949089050293,0.000236,16,2048,,768.2721209526062
adammini-adaptive_stochastic-r8,adammini,adaptive_stochastic,8,1.1B,sdpa,666,118,3899392,2.4428341388702393,11.505603054784915,nan,nan,nan,nan,22.20994520187378,4.097999572753906,0.018328461796045303,4.097999572753906,13.995617594569921,6.153190612792969,5035.205714044665,1.6297626495361328,0.00023799999999999998,16,2048,,774.4545676708221
adammini-adaptive_stochastic-r8,adammini,adaptive_stochastic,8,1.1B,sdpa,666,119,3932160,2.8562731742858887,17.396571982063644,nan,nan,nan,nan,22.20994520187378,4.097999572753906,0.018328461796045303,4.097999572753906,13.995617594569921,6.165695428848267,5037.223088095535,2.0466980934143066,0.00024,16,2048,,780.6493611335754
adammini-adaptive_stochastic-r8,adammini,adaptive_stochastic,8,1.1B,sdpa,666,120,3964928,2.6112091541290283,13.615504145598697,nan,nan,nan,nan,22.20994520187378,4.097999572753906,0.018328461796045303,4.097999572753906,13.995617594569921,6.150566339492798,5039.307149029471,1.9490408897399902,0.000242,16,2048,,786.8294785022736
adammini-adaptive_stochastic-r8,adammini,adaptive_stochastic,8,1.1B,sdpa,666,121,3997696,2.4808382987976074,11.951278962456378,nan,nan,nan,nan,22.20994520187378,4.097999572753906,0.018328461796045303,4.097999572753906,13.995617594569921,6.175418376922607,5041.198362985986,1.9271656274795532,0.000244,16,2048,,793.034343957901
adammini-adaptive_stochastic-r8,adammini,adaptive_stochastic,8,1.1B,sdpa,666,122,4030464,2.4008092880249023,11.032100916055569,nan,nan,nan,nan,22.20994520187378,4.097999572753906,0.018328461796045303,4.097999572753906,13.995617594569921,6.169519424438477,5043.097318245656,2.2111058235168457,0.000246,16,2048,,799.2333362102509
adammini-adaptive_stochastic-r8,adammini,adaptive_stochastic,8,1.1B,sdpa,666,123,4063232,2.3300540447235107,10.278497016562202,nan,nan,nan,nan,22.20994520187378,4.097999572753906,0.018328461796045303,4.097999572753906,13.995617594569921,6.161193370819092,5045.019148254449,1.8169102668762207,0.000248,16,2048,,805.4240424633026
adammini-adaptive_stochastic-r8,adammini,adaptive_stochastic,8,1.1B,sdpa,666,124,4096000,2.268446207046509,9.664372707600384,nan,nan,nan,nan,22.20994520187378,4.097999572753906,0.018328461796045303,4.097999572753906,13.995617594569921,6.176935434341431,5046.81349952012,1.7621792554855347,0.00025,16,2048,,811.6305613517761
adammini-adaptive_stochastic-r8,adammini,adaptive_stochastic,8,1.1B,sdpa,666,125,4128768,2.729846477508545,15.330533257573052,nan,nan,nan,nan,22.20994520187378,4.097999572753906,0.018328461796045303,4.097999572753906,13.995617594569921,6.178310871124268,5048.571772862412,1.9847590923309326,0.000252,16,2048,,817.8382050991058
adammini-adaptive_stochastic-r8,adammini,adaptive_stochastic,8,1.1B,sdpa,666,126,4161536,2.4831252098083496,11.97864175011273,nan,nan,nan,nan,22.20994520187378,4.097999572753906,0.018328461796045303,4.097999572753906,13.995617594569921,6.160109043121338,5050.416610792229,1.7939324378967285,0.000254,16,2048,,824.0277283191681
adammini-adaptive_stochastic-r8,adammini,adaptive_stochastic,8,1.1B,sdpa,666,127,4194304,2.3583266735076904,10.573244151968881,nan,nan,nan,nan,22.20994520187378,4.097999572753906,0.018328461796045303,4.097999572753906,13.995617594569921,6.1555750370025635,5052.260692868946,1.857504963874817,0.000256,16,2048,,830.2129278182983
adammini-adaptive_stochastic-r8,adammini,adaptive_stochastic,8,1.1B,sdpa,666,128,4227072,2.519263505935669,12.419446445860979,nan,nan,nan,nan,22.20994520187378,4.097999572753906,0.018328461796045303,4.097999572753906,13.995617594569921,6.167824983596802,5054.002592030126,2.0010154247283936,0.00025800000000000004,16,2048,,836.4102990627289
adammini-adaptive_stochastic-r8,adammini,adaptive_stochastic,8,1.1B,sdpa,666,129,4259840,2.5285091400146484,12.534804560872658,nan,nan,nan,nan,22.20994520187378,4.097999572753906,0.018328461796045303,4.097999572753906,13.995617594569921,6.164496421813965,5055.739690327435,1.9425318241119385,0.00026000000000000003,16,2048,,842.6041572093964
adammini-adaptive_stochastic-r8,adammini,adaptive_stochastic,8,1.1B,sdpa,666,130,4292608,2.444064140319824,11.519763670224105,nan,nan,nan,nan,22.20994520187378,4.097999572753906,0.018328461796045303,4.097999572753906,13.995617594569921,6.170158624649048,5057.41835039895,1.7562521696090698,0.000262,16,2048,,848.8039095401764
adammini-adaptive_stochastic-r8,adammini,adaptive_stochastic,8,1.1B,sdpa,666,131,4325376,2.234971284866333,9.346213470574257,nan,nan,nan,nan,22.20994520187378,4.097999572753906,0.018328461796045303,4.097999572753906,13.995617594569921,6.16076922416687,5059.127060573795,2.094627618789673,0.000264,16,2048,,854.9941079616547
adammini-adaptive_stochastic-r8,adammini,adaptive_stochastic,8,1.1B,sdpa,666,132,4358144,2.5700032711029053,13.06586718066075,nan,nan,nan,nan,22.20994520187378,4.097999572753906,0.018328461796045303,4.097999572753906,13.995617594569921,6.177873134613037,5060.711334279798,2.627368450164795,0.000266,16,2048,,861.2011017799377
adammini-adaptive_stochastic-r8,adammini,adaptive_stochastic,8,1.1B,sdpa,666,133,4390912,2.3511505126953125,10.497640448242299,nan,nan,nan,nan,22.20994520187378,4.097999572753906,0.018328461796045303,4.097999572753906,13.995617594569921,6.150591611862183,5062.433999900942,1.728363037109375,0.000268,16,2048,,867.3812036514282
adammini-adaptive_stochastic-r8,adammini,adaptive_stochastic,8,1.1B,sdpa,666,134,4423680,2.4321091175079346,11.382864579131086,nan,nan,nan,nan,22.20994520187378,4.097999572753906,0.018328461796045303,4.097999572753906,13.995617594569921,6.174939393997192,5063.989050237358,1.9823923110961914,0.00027,16,2048,,873.5852699279785
adammini-adaptive_stochastic-r8,adammini,adaptive_stochastic,8,1.1B,sdpa,666,135,4456448,2.383883237838745,10.846942443591573,nan,nan,nan,nan,22.20994520187378,4.097999572753906,0.018328461796045303,4.097999572753906,13.995617594569921,6.178332567214966,5065.504429265164,1.9518705606460571,0.00027200000000000005,16,2048,,879.7931506633759
adammini-adaptive_stochastic-r8,adammini,adaptive_stochastic,8,1.1B,sdpa,666,136,4489216,1.9782750606536865,7.230260461703656,nan,nan,nan,nan,22.20994520187378,4.097999572753906,0.018328461796045303,4.097999572753906,13.995617594569921,6.164114952087402,5067.077915554816,1.9050440788269043,0.00027400000000000005,16,2048,,885.9870281219482
adammini-adaptive_stochastic-r8,adammini,adaptive_stochastic,8,1.1B,sdpa,666,137,4521984,2.4686665534973145,11.806692757194257,nan,nan,nan,nan,22.20994520187378,4.097999572753906,0.018328461796045303,4.097999572753906,13.995617594569921,6.175652265548706,5068.563067600873,1.7065459489822388,0.00027600000000000004,16,2048,,892.1921935081482
adammini-adaptive_stochastic-r8,adammini,adaptive_stochastic,8,1.1B,sdpa,666,138,4554752,2.0727169513702393,7.946383753214263,nan,nan,nan,nan,22.20994520187378,4.097999572753906,0.018328461796045303,4.097999572753906,13.995617594569921,6.17011833190918,5070.059946026854,1.8814510107040405,0.00027800000000000004,16,2048,,898.3915948867798
adammini-adaptive_stochastic-r8,adammini,adaptive_stochastic,8,1.1B,sdpa,666,139,4587520,2.249384880065918,9.481901535497618,nan,nan,nan,nan,22.20994520187378,4.097999572753906,0.018328461796045303,4.097999572753906,13.995617594569921,6.172882795333862,5071.522174216909,1.779087781906128,0.00028000000000000003,16,2048,,904.5937991142273
adammini-adaptive_stochastic-r8,adammini,adaptive_stochastic,8,1.1B,sdpa,666,140,4620288,2.4383316040039062,11.45391512654374,nan,nan,nan,nan,22.20994520187378,4.097999572753906,0.018328461796045303,4.097999572753906,13.995617594569921,6.167825698852539,5072.992385942498,1.824279546737671,0.00028199999999999997,16,2048,,910.7911710739136
adammini-adaptive_stochastic-r8,adammini,adaptive_stochastic,8,1.1B,sdpa,666,141,4653056,2.4629955291748047,11.739926211688678,nan,nan,nan,nan,22.20994520187378,4.097999572753906,0.018328461796045303,4.097999572753906,13.995617594569921,6.1112775802612305,5074.754651993399,inf,0.00028399999999999996,16,2048,,916.902724981308
adammini-adaptive_stochastic-r8,adammini,adaptive_stochastic,8,1.1B,sdpa,666,142,4685824,2.2943572998046875,9.918059624594182,nan,nan,nan,nan,22.20994520187378,4.097999572753906,0.018328461796045303,4.097999572753906,13.995617594569921,6.169495344161987,5076.333829246027,2.674931764602661,0.00028599999999999996,16,2048,,923.101672410965
adammini-adaptive_stochastic-r8,adammini,adaptive_stochastic,8,1.1B,sdpa,666,143,4718592,2.3395731449127197,10.376806224716212,nan,nan,nan,nan,22.20994520187378,4.097999572753906,0.018328461796045303,4.097999572753906,13.995617594569921,6.17030930519104,5077.728125979379,7.087403774261475,0.000288,16,2048,,929.3015563488007
adammini-adaptive_stochastic-r8,adammini,adaptive_stochastic,8,1.1B,sdpa,666,144,4751360,1.9565739631652832,7.075046126574936,nan,nan,nan,nan,22.20994520187378,4.097999572753906,0.018328461796045303,4.097999572753906,13.995617594569921,6.149221420288086,5079.218081117038,4.119839191436768,0.00029,16,2048,,935.4803528785706
adammini-adaptive_stochastic-r8,adammini,adaptive_stochastic,8,1.1B,sdpa,666,145,4784128,2.412970781326294,11.167086889231125,nan,nan,nan,nan,22.20994520187378,4.097999572753906,0.018328461796045303,4.097999572753906,13.995617594569921,6.16370415687561,5080.610663228999,2.520374298095703,0.000292,16,2048,,941.6735084056854
adammini-adaptive_stochastic-r8,adammini,adaptive_stochastic,8,1.1B,sdpa,666,146,4816896,2.422358751296997,11.27241680907543,nan,nan,nan,nan,22.20994520187378,4.097999572753906,0.018328461796045303,4.097999572753906,13.995617594569921,6.173041343688965,5081.935233863789,1.860784888267517,0.000294,16,2048,,947.8757965564728
adammini-adaptive_stochastic-r8,adammini,adaptive_stochastic,8,1.1B,sdpa,666,147,4849664,2.5063579082489014,12.260195888667575,nan,nan,nan,nan,22.20994520187378,4.097999572753906,0.018328461796045303,4.097999572753906,13.995617594569921,6.174142837524414,5083.237887997296,1.7651276588439941,0.000296,16,2048,,954.0792653560638
adammini-adaptive_stochastic-r8,adammini,adaptive_stochastic,8,1.1B,sdpa,666,148,4882432,2.4554340839385986,11.65149017604591,nan,nan,nan,nan,22.20994520187378,4.097999572753906,0.018328461796045303,4.097999572753906,13.995617594569921,6.174149036407471,5084.523211520681,1.7687795162200928,0.000298,16,2048,,960.2827141284943
adammini-adaptive_stochastic-r8,adammini,adaptive_stochastic,8,1.1B,sdpa,666,149,4915200,2.133526086807251,8.444590736060784,nan,nan,nan,nan,22.20994520187378,4.097999572753906,0.018328461796045303,4.097999572753906,13.995617594569921,6.155346155166626,5085.891187545886,1.8582322597503662,0.0003,16,2048,,966.4672598838806
adammini-adaptive_stochastic-r8,adammini,adaptive_stochastic,8,1.1B,sdpa,666,150,4947968,2.540841817855835,12.690349438294913,3.0457274878124454,21.025321305526024,nan,nan,22.20994520187378,4.097999572753906,0.018328461796045303,4.097999572753906,13.995617594569921,6.172344446182251,5087.152758493263,2.051041603088379,0.000302,16,2048,,985.5359239578247
adammini-adaptive_stochastic-r8,adammini,adaptive_stochastic,8,1.1B,sdpa,666,151,4980736,3.3682632446289062,29.02806859942848,nan,nan,nan,nan,22.20994520187378,4.097999572753906,0.018328461796045303,4.097999572753906,13.995617594569921,6.097991704940796,5022.753091204296,inf,0.000304,16,2048,,991.6347281932831
adammini-adaptive_stochastic-r8,adammini,adaptive_stochastic,8,1.1B,sdpa,666,152,5013504,3.1146934032440186,22.52652273582782,nan,nan,nan,nan,22.20994520187378,4.097999572753906,0.018328461796045303,4.097999572753906,13.995617594569921,6.1024861335754395,5024.872900970471,inf,0.000306,16,2048,,997.7375509738922
adammini-adaptive_stochastic-r8,adammini,adaptive_stochastic,8,1.1B,sdpa,666,153,5046272,3.1183838844299316,22.609810034744633,nan,nan,nan,nan,22.20994520187378,4.097999572753906,0.018328461796045303,4.097999572753906,13.995617594569921,6.102950572967529,5026.964660417016,inf,0.000308,16,2048,,1003.8408279418945
adammini-adaptive_stochastic-r8,adammini,adaptive_stochastic,8,1.1B,sdpa,666,154,5079040,3.335022449493408,28.07901357635567,nan,nan,nan,nan,22.20994520187378,4.097999572753906,0.018328461796045303,4.097999572753906,13.995617594569921,6.113187313079834,5028.980207336797,inf,0.00031,16,2048,,1009.9543361663818
adammini-adaptive_stochastic-r8,adammini,adaptive_stochastic,8,1.1B,sdpa,666,155,5111808,3.247884511947632,25.73583843017986,nan,nan,nan,nan,22.20994520187378,4.097999572753906,0.018328461796045303,4.097999572753906,13.995617594569921,6.124602556228638,5030.914975352115,inf,0.000312,16,2048,,1016.0792653560638
adammini-adaptive_stochastic-r8,adammini,adaptive_stochastic,8,1.1B,sdpa,666,156,5144576,3.05659556388855,21.255072311286565,nan,nan,nan,nan,22.20994520187378,4.097999572753906,0.018328461796045303,4.097999572753906,13.995617594569921,6.148882150650024,5032.707034978543,92.24223327636719,0.000314,16,2048,,1022.257327079773
adammini-adaptive_stochastic-r8,adammini,adaptive_stochastic,8,1.1B,sdpa,666,157,5177344,2.363576650619507,10.62889940834343,nan,nan,nan,nan,22.20994520187378,4.097999572753906,0.018328461796045303,4.097999572753906,13.995617594569921,6.159619092941284,5034.283807356846,2.0702428817749023,0.000316,16,2048,,1028.446486711502
adammini-adaptive_stochastic-r8,adammini,adaptive_stochastic,8,1.1B,sdpa,666,158,5210112,2.4514801502227783,11.605511913600765,nan,nan,nan,nan,22.20994520187378,4.097999572753906,0.018328461796045303,4.097999572753906,13.995617594569921,6.160014867782593,5035.838071977469,2.1376705169677734,0.00031800000000000003,16,2048,,1034.6360495090485
adammini-adaptive_stochastic-r8,adammini,adaptive_stochastic,8,1.1B,sdpa,666,159,5242880,2.5205140113830566,12.434986745884872,nan,nan,nan,nan,22.20994520187378,4.097999572753906,0.018328461796045303,4.097999572753906,13.995617594569921,6.165858507156372,5037.345435066967,2.3882205486297607,0.00032,16,2048,,1040.831402540207
adammini-adaptive_stochastic-r8,adammini,adaptive_stochastic,8,1.1B,sdpa,666,160,5275648,2.278425455093384,9.761298699960545,nan,nan,nan,nan,22.20994520187378,4.097999572753906,0.018328461796045303,4.097999572753906,13.995617594569921,6.140758991241455,5038.956128969727,2.0694165229797363,0.000322,16,2048,,1047.0019690990448
adammini-adaptive_stochastic-r8,adammini,adaptive_stochastic,8,1.1B,sdpa,666,161,5308416,2.427628517150879,11.33197660151348,nan,nan,nan,nan,22.20994520187378,4.097999572753906,0.018328461796045303,4.097999572753906,13.995617594569921,6.162271738052368,5040.443588036163,2.041532278060913,0.000324,16,2048,,1053.1937012672424
adammini-adaptive_stochastic-r8,adammini,adaptive_stochastic,8,1.1B,sdpa,666,162,5341184,2.1958911418914795,8.988007078667538,nan,nan,nan,nan,22.20994520187378,4.097999572753906,0.018328461796045303,4.097999572753906,13.995617594569921,6.159656763076782,5041.927494224951,2.063977003097534,0.000326,16,2048,,1059.3827538490295
adammini-adaptive_stochastic-r8,adammini,adaptive_stochastic,8,1.1B,sdpa,666,163,5373952,2.611215353012085,13.61558854677825,nan,nan,nan,nan,22.20994520187378,4.097999572753906,0.018328461796045303,4.097999572753906,13.995617594569921,6.160482883453369,5043.390610742376,2.020009994506836,0.000328,16,2048,,1065.5726919174194
adammini-adaptive_stochastic-r8,adammini,adaptive_stochastic,8,1.1B,sdpa,666,164,5406720,2.430501699447632,11.364582254634378,nan,nan,nan,nan,22.20994520187378,4.097999572753906,0.018328461796045303,4.097999572753906,13.995617594569921,6.166999816894531,5044.805391727671,2.1915111541748047,0.00033,16,2048,,1071.7691342830658
adammini-adaptive_stochastic-r8,adammini,adaptive_stochastic,8,1.1B,sdpa,666,165,5439488,2.3078055381774902,10.052340954505544,nan,nan,nan,nan,22.20994520187378,4.097999572753906,0.018328461796045303,4.097999572753906,13.995617594569921,6.166471481323242,5046.207513034188,2.486253261566162,0.00033200000000000005,16,2048,,1077.965102672577
adammini-adaptive_stochastic-r8,adammini,adaptive_stochastic,8,1.1B,sdpa,666,166,5472256,2.3600220680236816,10.591185176380147,nan,nan,nan,nan,22.20994520187378,4.097999572753906,0.018328461796045303,4.097999572753906,13.995617594569921,6.167767286300659,5047.586829062429,1.909390926361084,0.00033400000000000004,16,2048,,1084.1622624397278
adammini-adaptive_stochastic-r8,adammini,adaptive_stochastic,8,1.1B,sdpa,666,167,5505024,2.3809852600097656,10.815553748716315,nan,nan,nan,nan,22.20994520187378,4.097999572753906,0.018328461796045303,4.097999572753906,13.995617594569921,6.156683921813965,5049.002208856229,1.8977901935577393,0.00033600000000000004,16,2048,,1090.3482882976532
adammini-adaptive_stochastic-r8,adammini,adaptive_stochastic,8,1.1B,sdpa,666,168,5537792,2.521300792694092,12.444774210851874,nan,nan,nan,nan,22.20994520187378,4.097999572753906,0.018328461796045303,4.097999572753906,13.995617594569921,6.16162371635437,5050.379116779039,2.3111495971679688,0.00033800000000000003,16,2048,,1096.539460659027
adammini-adaptive_stochastic-r8,adammini,adaptive_stochastic,8,1.1B,sdpa,666,169,5570560,2.3668572902679443,10.663826257038716,nan,nan,nan,nan,22.20994520187378,4.097999572753906,0.018328461796045303,4.097999572753906,13.995617594569921,6.169617176055908,5051.703017849408,2.0844955444335938,0.00034,16,2048,,1102.7384209632874
adammini-adaptive_stochastic-r8,adammini,adaptive_stochastic,8,1.1B,sdpa,666,170,5603328,2.3201193809509277,10.176889160262107,nan,nan,nan,nan,22.20994520187378,4.097999572753906,0.018328461796045303,4.097999572753906,13.995617594569921,6.150414943695068,5053.100557788438,2.3528237342834473,0.000342,16,2048,,1108.918304681778
adammini-adaptive_stochastic-r8,adammini,adaptive_stochastic,8,1.1B,sdpa,666,171,5636096,2.3817391395568848,10.823710447676188,nan,nan,nan,nan,22.20994520187378,4.097999572753906,0.018328461796045303,4.097999572753906,13.995617594569921,6.154574394226074,5054.463036517453,2.224155902862549,0.00034399999999999996,16,2048,,1115.1022431850433
adammini-adaptive_stochastic-r8,adammini,adaptive_stochastic,8,1.1B,sdpa,666,172,5668864,2.519763469696045,12.42565727147233,nan,nan,nan,nan,22.20994520187378,4.097999572753906,0.018328461796045303,4.097999572753906,13.995617594569921,6.158458948135376,5055.793427567427,1.9281282424926758,0.000346,16,2048,,1121.2901854515076
adammini-adaptive_stochastic-r8,adammini,adaptive_stochastic,8,1.1B,sdpa,666,173,5701632,2.1877286434173584,8.914941090786234,nan,nan,nan,nan,22.20994520187378,4.097999572753906,0.018328461796045303,4.097999572753906,13.995617594569921,6.155928611755371,5057.120451614655,1.9688307046890259,0.000348,16,2048,,1127.4754114151
adammini-adaptive_stochastic-r8,adammini,adaptive_stochastic,8,1.1B,sdpa,666,174,5734400,2.421434164047241,11.261999292913263,nan,nan,nan,nan,22.20994520187378,4.097999572753906,0.018328461796045303,4.097999572753906,13.995617594569921,6.158478021621704,5058.422140046428,2.0393998622894287,0.00035,16,2048,,1133.6632995605469
adammini-adaptive_stochastic-r8,adammini,adaptive_stochastic,8,1.1B,sdpa,666,175,5767168,2.4721293449401855,11.847647740200827,nan,nan,nan,nan,22.20994520187378,4.097999572753906,0.018328461796045303,4.097999572753906,13.995617594569921,6.175456285476685,5059.6338288813,1.9554959535598755,0.000352,16,2048,,1139.8683788776398
adammini-adaptive_stochastic-r8,adammini,adaptive_stochastic,8,1.1B,sdpa,666,176,5799936,2.5372302532196045,12.644600084144196,nan,nan,nan,nan,22.20994520187378,4.097999572753906,0.018328461796045303,4.097999572753906,13.995617594569921,6.153829574584961,5060.927040463895,2.4296016693115234,0.000354,16,2048,,1146.0515613555908
adammini-adaptive_stochastic-r8,adammini,adaptive_stochastic,8,1.1B,sdpa,666,177,5832704,2.5250227451324463,12.491179373905002,nan,nan,nan,nan,22.20994520187378,4.097999572753906,0.018328461796045303,4.097999572753906,13.995617594569921,6.178049087524414,5062.101067652052,2.0247724056243896,0.000356,16,2048,,1152.2589416503906
adammini-adaptive_stochastic-r8,adammini,adaptive_stochastic,8,1.1B,sdpa,666,178,5865472,2.533639907836914,12.599283003282414,nan,nan,nan,nan,22.20994520187378,4.097999572753906,0.018328461796045303,4.097999572753906,13.995617594569921,6.1761839389801025,5063.270796393868,3.4150936603546143,0.000358,16,2048,,1158.4646229743958
adammini-adaptive_stochastic-r8,adammini,adaptive_stochastic,8,1.1B,sdpa,666,179,5898240,2.435533046722412,11.421905500242524,nan,nan,nan,nan,22.20994520187378,4.097999572753906,0.018328461796045303,4.097999572753906,13.995617594569921,6.161822319030762,5064.489276153816,1.5605878829956055,0.00035999999999999997,16,2048,,1164.6558258533478
adammini-adaptive_stochastic-r8,adammini,adaptive_stochastic,8,1.1B,sdpa,666,180,5931008,2.283031940460205,9.806367704742701,nan,nan,nan,nan,22.20994520187378,4.097999572753906,0.018328461796045303,4.097999572753906,13.995617594569921,6.161841869354248,5065.696088248494,1.7379684448242188,0.000362,16,2048,,1170.8472232818604
adammini-adaptive_stochastic-r8,adammini,adaptive_stochastic,8,1.1B,sdpa,666,181,5963776,2.1572999954223633,8.647757125069601,nan,nan,nan,nan,22.20994520187378,4.097999572753906,0.018328461796045303,4.097999572753906,13.995617594569921,6.142240047454834,5066.974005494442,1.7905347347259521,0.000364,16,2048,,1177.0184152126312
adammini-adaptive_stochastic-r8,adammini,adaptive_stochastic,8,1.1B,sdpa,666,182,5996544,2.247870445251465,9.467552681649392,nan,nan,nan,nan,22.20994520187378,4.097999572753906,0.018328461796045303,4.097999572753906,13.995617594569921,6.1714394092559814,5068.115526177937,1.895910382270813,0.000366,16,2048,,1183.2190613746643
adammini-adaptive_stochastic-r8,adammini,adaptive_stochastic,8,1.1B,sdpa,666,183,6029312,2.498171091079712,12.160233651071705,nan,nan,nan,nan,22.20994520187378,4.097999572753906,0.018328461796045303,4.097999572753906,13.995617594569921,6.152065753936768,5069.326710971346,2.1809401512145996,0.000368,16,2048,,1189.4002890586853
adammini-adaptive_stochastic-r8,adammini,adaptive_stochastic,8,1.1B,sdpa,666,184,6062080,2.228733539581299,9.288095622177083,nan,nan,nan,nan,22.20994520187378,4.097999572753906,0.018328461796045303,4.097999572753906,13.995617594569921,6.1545116901397705,5070.515191113777,2.2943849563598633,0.00037,16,2048,,1195.583956003189
adammini-adaptive_stochastic-r8,adammini,adaptive_stochastic,8,1.1B,sdpa,666,185,6094848,2.6550071239471436,14.225087397740285,nan,nan,nan,nan,22.20994520187378,4.097999572753906,0.018328461796045303,4.097999572753906,13.995617594569921,6.160120248794556,5071.66772741303,2.065098762512207,0.000372,16,2048,,1201.773258447647
adammini-adaptive_stochastic-r8,adammini,adaptive_stochastic,8,1.1B,sdpa,666,186,6127616,2.387246608734131,10.883486154688093,nan,nan,nan,nan,22.20994520187378,4.097999572753906,0.018328461796045303,4.097999572753906,13.995617594569921,6.16347074508667,5072.794349143771,2.1481409072875977,0.000374,16,2048,,1207.9660868644714
adammini-adaptive_stochastic-r8,adammini,adaptive_stochastic,8,1.1B,sdpa,666,187,6160384,2.31840443611145,10.159451313461249,nan,nan,nan,nan,22.20994520187378,4.097999572753906,0.018328461796045303,4.097999572753906,13.995617594569921,6.1705002784729,5073.879293574538,2.2291929721832275,0.00037600000000000003,16,2048,,1214.1661667823792
adammini-adaptive_stochastic-r8,adammini,adaptive_stochastic,8,1.1B,sdpa,666,188,6193152,2.665343761444092,14.372889542122774,nan,nan,nan,nan,22.20994520187378,4.097999572753906,0.018328461796045303,4.097999572753906,13.995617594569921,6.17035174369812,5074.9529819424515,1.932801604270935,0.000378,16,2048,,1220.366049528122
adammini-adaptive_stochastic-r8,adammini,adaptive_stochastic,8,1.1B,sdpa,666,189,6225920,2.4104983806610107,11.139511478955102,nan,nan,nan,nan,22.20994520187378,4.097999572753906,0.018328461796045303,4.097999572753906,13.995617594569921,6.161001920700073,5076.055075551626,2.041680097579956,0.00038,16,2048,,1226.556443452835
adammini-adaptive_stochastic-r8,adammini,adaptive_stochastic,8,1.1B,sdpa,666,190,6258688,2.4476330280303955,11.560949863950206,nan,nan,nan,nan,22.20994520187378,4.097999572753906,0.018328461796045303,4.097999572753906,13.995617594569921,6.15595269203186,5077.167114334467,2.1588244438171387,0.000382,16,2048,,1232.7418296337128
adammini-adaptive_stochastic-r8,adammini,adaptive_stochastic,8,1.1B,sdpa,666,191,6291456,2.3195276260375977,10.170868717588055,nan,nan,nan,nan,22.20994520187378,4.097999572753906,0.018328461796045303,4.097999572753906,13.995617594569921,6.145680665969849,5078.31003745542,1.9806305170059204,0.000384,16,2048,,1238.9168248176575
adammini-adaptive_stochastic-r8,adammini,adaptive_stochastic,8,1.1B,sdpa,666,192,6324224,2.6168372631073,13.692349731546209,nan,nan,nan,nan,22.20994520187378,4.097999572753906,0.018328461796045303,4.097999572753906,13.995617594569921,6.155573844909668,5079.401680237635,1.9531588554382324,0.000386,16,2048,,1245.1016793251038
adammini-adaptive_stochastic-r8,adammini,adaptive_stochastic,8,1.1B,sdpa,666,193,6356992,2.1593384742736816,8.665403374723159,nan,nan,nan,nan,22.20994520187378,4.097999572753906,0.018328461796045303,4.097999572753906,13.995617594569921,6.161988973617554,5080.456548796305,1.97063148021698,0.000388,16,2048,,1251.2933275699615
adammini-adaptive_stochastic-r8,adammini,adaptive_stochastic,8,1.1B,sdpa,666,194,6389760,2.3443660736083984,10.42666089654465,nan,nan,nan,nan,22.20994520187378,4.097999572753906,0.018328461796045303,4.097999572753906,13.995617594569921,6.153100252151489,5081.535631146963,2.1334125995635986,0.00039000000000000005,16,2048,,1257.4759414196014
adammini-adaptive_stochastic-r8,adammini,adaptive_stochastic,8,1.1B,sdpa,666,195,6422528,2.5281286239624023,12.530035773883018,nan,nan,nan,nan,22.20994520187378,4.097999572753906,0.018328461796045303,4.097999572753906,13.995617594569921,6.144631624221802,5082.63843844455,2.1965279579162598,0.00039200000000000004,16,2048,,1263.6500988006592
adammini-adaptive_stochastic-r8,adammini,adaptive_stochastic,8,1.1B,sdpa,666,196,6455296,2.43045711517334,11.364075584276772,nan,nan,nan,nan,22.20994520187378,4.097999572753906,0.018328461796045303,4.097999572753906,13.995617594569921,6.16788125038147,5083.637626291773,1.9193921089172363,0.00039400000000000004,16,2048,,1269.8472864627838
adammini-adaptive_stochastic-r8,adammini,adaptive_stochastic,8,1.1B,sdpa,666,197,6488064,1.9805628061294556,7.246820392594453,nan,nan,nan,nan,22.20994520187378,4.097999572753906,0.018328461796045303,4.097999572753906,13.995617594569921,6.171241044998169,5084.614827158866,2.2446372509002686,0.00039600000000000003,16,2048,,1276.047750711441
adammini-adaptive_stochastic-r8,adammini,adaptive_stochastic,8,1.1B,sdpa,666,198,6520832,2.410512924194336,11.139673487989612,nan,nan,nan,nan,22.20994520187378,4.097999572753906,0.018328461796045303,4.097999572753906,13.995617594569921,6.182862758636475,5085.536630510448,1.6184756755828857,0.000398,16,2048,,1282.2599425315857
adammini-adaptive_stochastic-r8,adammini,adaptive_stochastic,8,1.1B,sdpa,666,199,6553600,2.325958728790283,10.236489399902828,nan,nan,nan,nan,22.20994520187378,4.097999572753906,0.018328461796045303,4.097999572753906,13.995617594569921,6.167764663696289,5086.5087088137325,1.6959894895553589,0.0004,16,2048,,1288.457060098648
adammini-adaptive_stochastic-r8,adammini,adaptive_stochastic,8,1.1B,sdpa,666,200,6586368,2.528831720352173,12.53884869460265,2.455775668661172,11.655470826911314,nan,nan,22.20994520187378,4.097999572753906,0.018328461796045303,4.097999572753906,13.995617594569921,6.164519786834717,5087.476267534313,2.668524742126465,0.000402,16,2048,,1315.816359758377
adammini-adaptive_stochastic-r8,adammini,adaptive_stochastic,8,1.1B,sdpa,666,201,6619136,2.371636390686035,10.714911727627307,nan,nan,nan,nan,22.20994520187378,4.097999572753906,0.018328461796045303,4.097999572753906,13.995617594569921,6.135337591171265,5007.0906675829665,2.019602060317993,0.000404,16,2048,,1321.9815175533295
adammini-adaptive_stochastic-r8,adammini,adaptive_stochastic,8,1.1B,sdpa,666,202,6651904,2.1905157566070557,8.939822698507577,nan,nan,nan,nan,22.20994520187378,4.097999572753906,0.018328461796045303,4.097999572753906,13.995617594569921,6.166191577911377,5008.405651060181,1.8284916877746582,0.00040600000000000006,16,2048,,1328.1774213314056
adammini-adaptive_stochastic-r8,adammini,adaptive_stochastic,8,1.1B,sdpa,666,203,6684672,2.413187026977539,11.16950198432549,nan,nan,nan,nan,22.20994520187378,4.097999572753906,0.018328461796045303,4.097999572753906,13.995617594569921,6.127439975738525,5009.852691559313,1.8254621028900146,0.000408,16,2048,,1334.3343877792358
adammini-adaptive_stochastic-r8,adammini,adaptive_stochastic,8,1.1B,sdpa,666,204,6717440,2.2413618564605713,9.40613237098357,nan,nan,nan,nan,22.20994520187378,4.097999572753906,0.018328461796045303,4.097999572753906,13.995617594569921,6.1363561153411865,5011.253616066671,2.2994279861450195,0.00041,16,2048,,1340.5002701282501
adammini-adaptive_stochastic-r8,adammini,adaptive_stochastic,8,1.1B,sdpa,666,205,6750208,2.182652711868286,8.869804113063134,nan,nan,nan,nan,22.20994520187378,4.097999572753906,0.018328461796045303,4.097999572753906,13.995617594569921,6.15604829788208,5012.568354064336,1.7274994850158691,0.000412,16,2048,,1346.6859612464905
adammini-adaptive_stochastic-r8,adammini,adaptive_stochastic,8,1.1B,sdpa,666,206,6782976,2.4036412239074707,11.063387398246206,nan,nan,nan,nan,22.20994520187378,4.097999572753906,0.018328461796045303,4.097999572753906,13.995617594569921,6.163315057754517,5013.843699334018,1.6474417448043823,0.000414,16,2048,,1352.8789014816284
adammini-adaptive_stochastic-r8,adammini,adaptive_stochastic,8,1.1B,sdpa,666,207,6815744,2.3039326667785645,10.013484821700642,nan,nan,nan,nan,22.20994520187378,4.097999572753906,0.018328461796045303,4.097999572753906,13.995617594569921,6.169254779815674,5015.08551965603,1.6852459907531738,0.000416,16,2048,,1359.0776183605194
adammini-adaptive_stochastic-r8,adammini,adaptive_stochastic,8,1.1B,sdpa,666,208,6848512,2.4343018531799316,11.407851577272696,nan,nan,nan,nan,22.20994520187378,4.097999572753906,0.018328461796045303,4.097999572753906,13.995617594569921,6.151991605758667,5016.380221740798,1.8994390964508057,0.00041799999999999997,16,2048,,1365.2589628696442
adammini-adaptive_stochastic-r8,adammini,adaptive_stochastic,8,1.1B,sdpa,666,209,6881280,2.4814682006835938,11.958809467105324,nan,nan,nan,nan,22.20994520187378,4.097999572753906,0.018328461796045303,4.097999572753906,13.995617594569921,6.150301456451416,5017.66972243997,2.0828680992126465,0.00042,16,2048,,1371.4385724067688
adammini-adaptive_stochastic-r8,adammini,adaptive_stochastic,8,1.1B,sdpa,666,210,6914048,2.4570960998535156,11.670871239507603,nan,nan,nan,nan,22.20994520187378,4.097999572753906,0.018328461796045303,4.097999572753906,13.995617594569921,6.172181129455566,5018.8680926621855,2.507793664932251,0.000422,16,2048,,1377.6401841640472
adammini-adaptive_stochastic-r8,adammini,adaptive_stochastic,8,1.1B,sdpa,666,211,6946816,2.2566444873809814,9.550986880071378,nan,nan,nan,nan,22.20994520187378,4.097999572753906,0.018328461796045303,4.097999572753906,13.995617594569921,6.174815893173218,5020.04596839599,2.1484220027923584,0.000424,16,2048,,1383.8444049358368
adammini-adaptive_stochastic-r8,adammini,adaptive_stochastic,8,1.1B,sdpa,666,212,6979584,2.5484619140625,12.787420497607197,nan,nan,nan,nan,22.20994520187378,4.097999572753906,0.018328461796045303,4.097999572753906,13.995617594569921,6.162494897842407,5021.257653984745,2.2749805450439453,0.000426,16,2048,,1390.0362832546234
adammini-adaptive_stochastic-r8,adammini,adaptive_stochastic,8,1.1B,sdpa,666,213,7012352,4.065510272979736,58.294647117793374,nan,nan,nan,nan,22.20994520187378,4.097999572753906,0.018328461796045303,4.097999572753906,13.995617594569921,6.16387677192688,5022.453803198103,124.8507080078125,0.000428,16,2048,,1396.2296967506409
adammini-adaptive_stochastic-r8,adammini,adaptive_stochastic,8,1.1B,sdpa,666,214,7045120,2.467184066772461,11.789202459687527,nan,nan,nan,nan,22.20994520187378,4.097999572753906,0.018328461796045303,4.097999572753906,13.995617594569921,6.1522088050842285,5023.680423765747,7.052370548248291,0.00043,16,2048,,1402.4112963676453
adammini-adaptive_stochastic-r8,adammini,adaptive_stochastic,8,1.1B,sdpa,666,215,7077888,2.2499287128448486,9.487059506769016,nan,nan,nan,nan,22.20994520187378,4.097999572753906,0.018328461796045303,4.097999572753906,13.995617594569921,6.175457239151001,5024.814076867876,2.4189822673797607,0.000432,16,2048,,1408.6162693500519
adammini-adaptive_stochastic-r8,adammini,adaptive_stochastic,8,1.1B,sdpa,666,216,7110656,2.313995361328125,10.114756137455318,nan,nan,nan,nan,22.20994520187378,4.097999572753906,0.018328461796045303,4.097999572753906,13.995617594569921,6.150459289550781,5026.02631836276,1.7367767095565796,0.00043400000000000003,16,2048,,1414.7962527275085
adammini-adaptive_stochastic-r8,adammini,adaptive_stochastic,8,1.1B,sdpa,666,217,7143424,1.9173730611801147,6.803063743164981,nan,nan,nan,nan,22.20994520187378,4.097999572753906,0.018328461796045303,4.097999572753906,13.995617594569921,6.154396057128906,5027.213846137795,1.7889758348464966,0.000436,16,2048,,1420.980209827423
adammini-adaptive_stochastic-r8,adammini,adaptive_stochastic,8,1.1B,sdpa,666,218,7176192,2.356855869293213,10.557704410669345,nan,nan,nan,nan,22.20994520187378,4.097999572753906,0.018328461796045303,4.097999572753906,13.995617594569921,6.168065786361694,5028.342818045115,1.5898563861846924,0.000438,16,2048,,1427.1777892112732
adammini-adaptive_stochastic-r8,adammini,adaptive_stochastic,8,1.1B,sdpa,666,219,7208960,2.6431241035461426,14.057050762681051,nan,nan,nan,nan,22.20994520187378,4.097999572753906,0.018328461796045303,4.097999572753906,13.995617594569921,6.169410228729248,5029.457494241906,1.7787648439407349,0.00044,16,2048,,1433.376666545868
adammini-adaptive_stochastic-r8,adammini,adaptive_stochastic,8,1.1B,sdpa,666,220,7241728,2.674542188644409,14.505707441636664,nan,nan,nan,nan,22.20994520187378,4.097999572753906,0.018328461796045303,4.097999572753906,13.995617594569921,6.156066656112671,5030.609348971564,2.0113980770111084,0.000442,16,2048,,1439.5621371269226
adammini-adaptive_stochastic-r8,adammini,adaptive_stochastic,8,1.1B,sdpa,666,221,7274496,2.3811540603637695,10.81737957211333,nan,nan,nan,nan,22.20994520187378,4.097999572753906,0.018328461796045303,4.097999572753906,13.995617594569921,6.164702892303467,5031.721360792012,1.9700655937194824,0.000444,16,2048,,1445.756335735321
adammini-adaptive_stochastic-r8,adammini,adaptive_stochastic,8,1.1B,sdpa,666,222,7307264,2.431663751602173,11.377796168070157,nan,nan,nan,nan,22.20994520187378,4.097999572753906,0.018328461796045303,4.097999572753906,13.995617594569921,6.156642198562622,5032.851586800771,2.127237558364868,0.000446,16,2048,,1451.9422991275787
adammini-adaptive_stochastic-r8,adammini,adaptive_stochastic,8,1.1B,sdpa,666,223,7340032,2.4785172939300537,11.923572152070104,nan,nan,nan,nan,22.20994520187378,4.097999572753906,0.018328461796045303,4.097999572753906,13.995617594569921,6.164679288864136,5033.945295138682,2.5696914196014404,0.000448,16,2048,,1458.1364195346832
adammini-adaptive_stochastic-r8,adammini,adaptive_stochastic,8,1.1B,sdpa,666,224,7372800,2.3066530227661133,10.040762150291881,nan,nan,nan,nan,22.20994520187378,4.097999572753906,0.018328461796045303,4.097999572753906,13.995617594569921,6.154180526733398,5035.065312609954,1.7538094520568848,0.00045000000000000004,16,2048,,1464.3200371265411
adammini-adaptive_stochastic-r8,adammini,adaptive_stochastic,8,1.1B,sdpa,666,225,7405568,2.388493061065674,10.897060359423035,nan,nan,nan,nan,22.20994520187378,4.097999572753906,0.018328461796045303,4.097999572753906,13.995617594569921,6.159791469573975,5036.156614475255,1.7835512161254883,0.00045200000000000004,16,2048,,1470.5094058513641
adammini-adaptive_stochastic-r8,adammini,adaptive_stochastic,8,1.1B,sdpa,666,226,7438336,2.282668113708496,9.802800534789899,nan,nan,nan,nan,22.20994520187378,4.097999572753906,0.018328461796045303,4.097999572753906,13.995617594569921,6.162718057632446,5037.228376791973,1.9271095991134644,0.00045400000000000003,16,2048,,1476.7014844417572
adammini-adaptive_stochastic-r8,adammini,adaptive_stochastic,8,1.1B,sdpa,666,227,7471104,2.2643508911132812,9.624874981103986,nan,nan,nan,nan,22.20994520187378,4.097999572753906,0.018328461796045303,4.097999572753906,13.995617594569921,6.174154996871948,5038.253079383466,1.8524316549301147,0.000456,16,2048,,1482.9050996303558
adammini-adaptive_stochastic-r8,adammini,adaptive_stochastic,8,1.1B,sdpa,666,228,7503872,2.352290630340576,10.509615818719368,nan,nan,nan,nan,22.20994520187378,4.097999572753906,0.018328461796045303,4.097999572753906,13.995617594569921,6.17805552482605,5039.255721470357,1.8946692943572998,0.000458,16,2048,,1489.1121997833252
adammini-adaptive_stochastic-r8,adammini,adaptive_stochastic,8,1.1B,sdpa,666,229,7536640,2.7025835514068604,14.918223978652064,nan,nan,nan,nan,22.20994520187378,4.097999572753906,0.018328461796045303,4.097999572753906,13.995617594569921,6.154540300369263,5040.330332746727,2.140232801437378,0.00046,16,2048,,1495.2962934970856
adammini-adaptive_stochastic-r8,adammini,adaptive_stochastic,8,1.1B,sdpa,666,230,7569408,2.4893951416015625,12.05398296217376,nan,nan,nan,nan,22.20994520187378,4.097999572753906,0.018328461796045303,4.097999572753906,13.995617594569921,6.153618335723877,5041.397961755216,1.753835678100586,0.000462,16,2048,,1501.4800126552582
adammini-adaptive_stochastic-r8,adammini,adaptive_stochastic,8,1.1B,sdpa,666,231,7602176,2.2076144218444824,9.093996057221343,nan,nan,nan,nan,22.20994520187378,4.097999572753906,0.018328461796045303,4.097999572753906,13.995617594569921,6.170472621917725,5042.398767827289,1.76038658618927,0.00046400000000000006,16,2048,,1507.6797053813934
adammini-adaptive_stochastic-r8,adammini,adaptive_stochastic,8,1.1B,sdpa,666,232,7634944,2.571536064147949,13.085909807678279,nan,nan,nan,nan,22.20994520187378,4.097999572753906,0.018328461796045303,4.097999572753906,13.995617594569921,6.152236461639404,5043.4546710728,1.922296404838562,0.00046600000000000005,16,2048,,1513.8612835407257
adammini-adaptive_stochastic-r8,adammini,adaptive_stochastic,8,1.1B,sdpa,666,233,7667712,2.565371036529541,13.005482983832566,nan,nan,nan,nan,22.20994520187378,4.097999572753906,0.018328461796045303,4.097999572753906,13.995617594569921,6.1920387744903564,5044.369610418038,2.0523734092712402,0.00046800000000000005,16,2048,,1520.082988023758
adammini-adaptive_stochastic-r8,adammini,adaptive_stochastic,8,1.1B,sdpa,666,234,7700480,2.2486648559570312,9.475076795077639,nan,nan,nan,nan,22.20994520187378,4.097999572753906,0.018328461796045303,4.097999572753906,13.995617594569921,6.114819526672363,5045.531035881831,2.0352745056152344,0.00047,16,2048,,1526.2273998260498
adammini-adaptive_stochastic-r8,adammini,adaptive_stochastic,8,1.1B,sdpa,666,235,7733248,2.4907472133636475,12.070291835056299,nan,nan,nan,nan,22.20994520187378,4.097999572753906,0.018328461796045303,4.097999572753906,13.995617594569921,6.167144060134888,5046.511561420744,1.689842939376831,0.000472,16,2048,,1532.4238228797913
adammini-adaptive_stochastic-r8,adammini,adaptive_stochastic,8,1.1B,sdpa,666,236,7766016,2.1915183067321777,8.948789813112393,nan,nan,nan,nan,22.20994520187378,4.097999572753906,0.018328461796045303,4.097999572753906,13.995617594569921,6.164175033569336,5047.49449060528,1.8791911602020264,0.000474,16,2048,,1538.61754322052
adammini-adaptive_stochastic-r8,adammini,adaptive_stochastic,8,1.1B,sdpa,666,237,7798784,2.5733718872070312,13.1099552875222,nan,nan,nan,nan,22.20994520187378,4.097999572753906,0.018328461796045303,4.097999572753906,13.995617594569921,6.168248176574707,5048.455583907119,1.8461267948150635,0.00047599999999999997,16,2048,,1544.815378189087
adammini-adaptive_stochastic-r8,adammini,adaptive_stochastic,8,1.1B,sdpa,666,238,7831552,1.8944554328918457,6.648926631824981,nan,nan,nan,nan,22.20994520187378,4.097999572753906,0.018328461796045303,4.097999572753906,13.995617594569921,6.150768280029297,5049.465989169106,1.8795069456100464,0.00047799999999999996,16,2048,,1550.9956641197205
adammini-adaptive_stochastic-r8,adammini,adaptive_stochastic,8,1.1B,sdpa,666,239,7864320,2.5571861267089844,12.899468728843702,nan,nan,nan,nan,22.20994520187378,4.097999572753906,0.018328461796045303,4.097999572753906,13.995617594569921,6.18026328086853,5050.372689590489,1.6366605758666992,0.00048,16,2048,,1557.2053544521332
adammini-adaptive_stochastic-r8,adammini,adaptive_stochastic,8,1.1B,sdpa,666,240,7897088,2.341259479522705,10.394319754879787,nan,nan,nan,nan,22.20994520187378,4.097999572753906,0.018328461796045303,4.097999572753906,13.995617594569921,6.160572528839111,5051.336106557244,1.7650266885757446,0.000482,16,2048,,1563.3956444263458
adammini-adaptive_stochastic-r8,adammini,adaptive_stochastic,8,1.1B,sdpa,666,241,7929856,2.4858386516571045,12.011189235813656,nan,nan,nan,nan,22.20994520187378,4.097999572753906,0.018328461796045303,4.097999572753906,13.995617594569921,6.158405065536499,5052.2980886790965,2.309333324432373,0.000484,16,2048,,1569.5831382274628
adammini-adaptive_stochastic-r8,adammini,adaptive_stochastic,8,1.1B,sdpa,666,242,7962624,2.404820203781128,11.076438601364355,nan,nan,nan,nan,22.20994520187378,4.097999572753906,0.018328461796045303,4.097999572753906,13.995617594569921,6.165247201919556,5053.2323745887015,2.1316978931427,0.000486,16,2048,,1575.777884721756
adammini-adaptive_stochastic-r8,adammini,adaptive_stochastic,8,1.1B,sdpa,666,243,7995392,2.6050660610198975,13.532119218817789,nan,nan,nan,nan,22.20994520187378,4.097999572753906,0.018328461796045303,4.097999572753906,13.995617594569921,6.15047550201416,5054.205334110098,2.260183334350586,0.000488,16,2048,,1581.9576070308685
adammini-adaptive_stochastic-r8,adammini,adaptive_stochastic,8,1.1B,sdpa,666,244,8028160,2.5543668270111084,12.863152477806327,nan,nan,nan,nan,22.20994520187378,4.097999572753906,0.018328461796045303,4.097999572753906,13.995617594569921,6.151256799697876,5055.168666876981,2.0804293155670166,0.00049,16,2048,,1588.1385378837585
adammini-adaptive_stochastic-r8,adammini,adaptive_stochastic,8,1.1B,sdpa,666,245,8060928,2.3256969451904297,10.233810005583905,nan,nan,nan,nan,22.20994520187378,4.097999572753906,0.018328461796045303,4.097999572753906,13.995617594569921,6.157042741775513,5056.105593547471,2.153017997741699,0.000492,16,2048,,1594.3250398635864
adammini-adaptive_stochastic-r8,adammini,adaptive_stochastic,8,1.1B,sdpa,666,246,8093696,2.5279273986816406,12.527514667580133,nan,nan,nan,nan,22.20994520187378,4.097999572753906,0.018328461796045303,4.097999572753906,13.995617594569921,6.168800592422485,5056.998389643907,1.9793001413345337,0.000494,16,2048,,1600.5233438014984
adammini-adaptive_stochastic-r8,adammini,adaptive_stochastic,8,1.1B,sdpa,666,247,8126464,2.2675838470458984,9.656042131640366,nan,nan,nan,nan,22.20994520187378,4.097999572753906,0.018328461796045303,4.097999572753906,13.995617594569921,6.163161277770996,5057.901903645161,2.0079619884490967,0.000496,16,2048,,1606.7159073352814
adammini-adaptive_stochastic-r8,adammini,adaptive_stochastic,8,1.1B,sdpa,666,248,8159232,2.3162753582000732,10.13784406000317,nan,nan,nan,nan,22.20994520187378,4.097999572753906,0.018328461796045303,4.097999572753906,13.995617594569921,6.184321165084839,5058.732478805968,1.9428337812423706,0.000498,16,2048,,1612.9293057918549
adammini-adaptive_stochastic-r8,adammini,adaptive_stochastic,8,1.1B,sdpa,666,249,8192000,2.258668899536133,9.570341598358535,nan,nan,nan,nan,22.20994520187378,4.097999572753906,0.018328461796045303,4.097999572753906,13.995617594569921,6.174390077590942,5059.5886924219,2.0789265632629395,0.0005,16,2048,,1619.1329963207245
adammini-adaptive_stochastic-r8,adammini,adaptive_stochastic,8,1.1B,sdpa,666,250,8224768,2.585566282272339,13.270801982460746,2.4697669837140603,11.819692349924615,nan,nan,22.20994520187378,4.097999572753906,0.018328461796045303,4.097999572753906,13.995617594569921,6.172544240951538,5060.443400773523,2.1143622398376465,0.000499600008,16,2048,,1830.2425343990326
adammini-adaptive_stochastic-r8,adammini,adaptive_stochastic,8,1.1B,sdpa,666,251,8257536,2.2352707386016846,9.349012648200594,nan,nan,nan,nan,22.20994520187378,4.097999572753906,0.018328461796045303,4.097999572753906,13.995617594569921,6.137594223022461,4496.636981943658,1.9599206447601318,0.0004992000159999999,16,2048,,1836.4095919132233
adammini-adaptive_stochastic-r8,adammini,adaptive_stochastic,8,1.1B,sdpa,666,252,8290304,2.2622952461242676,9.605109976955108,nan,nan,nan,nan,22.20994520187378,4.097999572753906,0.018328461796045303,4.097999572753906,13.995617594569921,6.125431060791016,4499.400450396697,1.9201929569244385,0.000498800024,16,2048,,1842.5643830299377
adammini-adaptive_stochastic-r8,adammini,adaptive_stochastic,8,1.1B,sdpa,666,253,8323072,2.3807642459869385,10.813163623808498,nan,nan,nan,nan,22.20994520187378,4.097999572753906,0.018328461796045303,4.097999572753906,13.995617594569921,6.130695343017578,4502.131766470729,1.7367154359817505,0.000498400032,16,2048,,1848.7250065803528
adammini-adaptive_stochastic-r8,adammini,adaptive_stochastic,8,1.1B,sdpa,666,254,8355840,2.514066457748413,12.355069414388355,nan,nan,nan,nan,22.20994520187378,4.097999572753906,0.018328461796045303,4.097999572753906,13.995617594569921,6.149212121963501,4504.800801975714,2.0528531074523926,0.00049800004,16,2048,,1854.9036571979523
adammini-adaptive_stochastic-r8,adammini,adaptive_stochastic,8,1.1B,sdpa,666,255,8388608,2.461452007293701,11.721819356456924,nan,nan,nan,nan,22.20994520187378,4.097999572753906,0.018328461796045303,4.097999572753906,13.995617594569921,6.142974853515625,4507.467336092757,2.1812491416931152,0.000497600048,16,2048,,1861.076075553894
adammini-adaptive_stochastic-r8,adammini,adaptive_stochastic,8,1.1B,sdpa,666,256,8421376,2.4746410846710205,11.877443351492534,nan,nan,nan,nan,22.20994520187378,4.097999572753906,0.018328461796045303,4.097999572753906,13.995617594569921,6.161958456039429,4510.070340184356,2.07603120803833,0.000497200056,16,2048,,1867.2673535346985
adammini-adaptive_stochastic-r8,adammini,adaptive_stochastic,8,1.1B,sdpa,666,257,8454144,2.329172372817993,10.269438748308852,nan,nan,nan,nan,22.20994520187378,4.097999572753906,0.018328461796045303,4.097999572753906,13.995617594569921,6.162699460983276,4512.654686796656,1.9145869016647339,0.000496800064,16,2048,,1873.4594776630402
adammini-adaptive_stochastic-r8,adammini,adaptive_stochastic,8,1.1B,sdpa,666,258,8486912,2.319196939468384,10.167505903955208,nan,nan,nan,nan,22.20994520187378,4.097999572753906,0.018328461796045303,4.097999572753906,13.995617594569921,6.146358013153076,4515.260992210336,1.9783612489700317,0.0004964000720000001,16,2048,,1879.635326385498
adammini-adaptive_stochastic-r8,adammini,adaptive_stochastic,8,1.1B,sdpa,666,259,8519680,2.333163022994995,10.310502366639565,nan,nan,nan,nan,22.20994520187378,4.097999572753906,0.018328461796045303,4.097999572753906,13.995617594569921,6.156722784042358,4517.825226477929,1.8090285062789917,0.00049600008,16,2048,,1885.8215818405151
adammini-adaptive_stochastic-r8,adammini,adaptive_stochastic,8,1.1B,sdpa,666,260,8552448,2.32908034324646,10.268493699747832,nan,nan,nan,nan,22.20994520187378,4.097999572753906,0.018328461796045303,4.097999572753906,13.995617594569921,6.1509106159210205,4520.386517280808,1.8481066226959229,0.000495600088,16,2048,,1892.0020880699158
adammini-adaptive_stochastic-r8,adammini,adaptive_stochastic,8,1.1B,sdpa,666,261,8585216,2.450049638748169,11.588921964524989,nan,nan,nan,nan,22.20994520187378,4.097999572753906,0.018328461796045303,4.097999572753906,13.995617594569921,6.161972284317017,4522.9046336996125,1.647621512413025,0.0004952000959999999,16,2048,,1898.193374156952
adammini-adaptive_stochastic-r8,adammini,adaptive_stochastic,8,1.1B,sdpa,666,262,8617984,2.162262201309204,8.690775721677973,nan,nan,nan,nan,22.20994520187378,4.097999572753906,0.018328461796045303,4.097999572753906,13.995617594569921,6.138548374176025,4525.462620182647,1.680565595626831,0.000494800104,16,2048,,1904.3611476421356
adammini-adaptive_stochastic-r8,adammini,adaptive_stochastic,8,1.1B,sdpa,666,263,8650752,2.250844955444336,9.495755938245091,nan,nan,nan,nan,22.20994520187378,4.097999572753906,0.018328461796045303,4.097999572753906,13.995617594569921,6.151198625564575,4527.974185921961,2.300081729888916,0.000494400112,16,2048,,1910.5417828559875
adammini-adaptive_stochastic-r8,adammini,adaptive_stochastic,8,1.1B,sdpa,666,264,8683520,2.2547380924224854,9.53279627158594,nan,nan,nan,nan,22.20994520187378,4.097999572753906,0.018328461796045303,4.097999572753906,13.995617594569921,6.168042898178101,4530.429451421747,1.87827730178833,0.00049400012,16,2048,,1916.7393193244934
adammini-adaptive_stochastic-r8,adammini,adaptive_stochastic,8,1.1B,sdpa,666,265,8716288,2.646322011947632,14.102075878141479,nan,nan,nan,nan,22.20994520187378,4.097999572753906,0.018328461796045303,4.097999572753906,13.995617594569921,6.162472248077393,4532.882010933162,2.0110995769500732,0.000493600128,16,2048,,1922.9313280582428
adammini-adaptive_stochastic-r8,adammini,adaptive_stochastic,8,1.1B,sdpa,666,266,8749056,2.3040266036987305,10.014425501806526,nan,nan,nan,nan,22.20994520187378,4.097999572753906,0.018328461796045303,4.097999572753906,13.995617594569921,6.161486864089966,4535.320869373471,1.8686654567718506,0.0004932001360000001,16,2048,,1929.12198138237
adammini-adaptive_stochastic-r8,adammini,adaptive_stochastic,8,1.1B,sdpa,666,267,8781824,2.5825719833374023,13.231124666736008,nan,nan,nan,nan,22.20994520187378,4.097999572753906,0.018328461796045303,4.097999572753906,13.995617594569921,6.158356189727783,4537.752179493544,2.0104892253875732,0.000492800144,16,2048,,1935.309834241867
adammini-adaptive_stochastic-r8,adammini,adaptive_stochastic,8,1.1B,sdpa,666,268,8814592,2.372298002243042,10.722003182694248,nan,nan,nan,nan,22.20994520187378,4.097999572753906,0.018328461796045303,4.097999572753906,13.995617594569921,6.166559219360352,4540.148379343904,2.176027536392212,0.000492400152,16,2048,,1941.5059251785278
adammini-adaptive_stochastic-r8,adammini,adaptive_stochastic,8,1.1B,sdpa,666,269,8847360,2.5649194717407227,12.999611491434875,nan,nan,nan,nan,22.20994520187378,4.097999572753906,0.018328461796045303,4.097999572753906,13.995617594569921,6.135395050048828,4542.6018037664935,2.344086170196533,0.00049200016,16,2048,,1947.670711517334
adammini-adaptive_stochastic-r8,adammini,adaptive_stochastic,8,1.1B,sdpa,666,270,8880128,2.4587459564208984,11.690142396019867,nan,nan,nan,nan,22.20994520187378,4.097999572753906,0.018328461796045303,4.097999572753906,13.995617594569921,6.163722038269043,4544.9741108908665,2.0358119010925293,0.000491600168,16,2048,,1953.8637669086456
adammini-adaptive_stochastic-r8,adammini,adaptive_stochastic,8,1.1B,sdpa,666,271,8912896,2.4445250034332275,11.525073927931796,nan,nan,nan,nan,22.20994520187378,4.097999572753906,0.018328461796045303,4.097999572753906,13.995617594569921,6.1687586307525635,4547.319831519615,2.3913516998291016,0.0004912001760000001,16,2048,,1960.0619184970856
adammini-adaptive_stochastic-r8,adammini,adaptive_stochastic,8,1.1B,sdpa,666,272,8945664,2.2832398414611816,9.808406670348614,nan,nan,nan,nan,22.20994520187378,4.097999572753906,0.018328461796045303,4.097999572753906,13.995617594569921,6.164018630981445,4549.661603276948,1.8364843130111694,0.000490800184,16,2048,,1966.2555468082428
adammini-adaptive_stochastic-r8,adammini,adaptive_stochastic,8,1.1B,sdpa,666,273,8978432,2.304049253463745,10.014652328759677,nan,nan,nan,nan,22.20994520187378,4.097999572753906,0.018328461796045303,4.097999572753906,13.995617594569921,6.155602216720581,4552.007798434761,1.6553226709365845,0.000490400192,16,2048,,1972.440490245819
adammini-adaptive_stochastic-r8,adammini,adaptive_stochastic,8,1.1B,sdpa,666,274,9011200,2.3769097328186035,10.771564366176612,nan,nan,nan,nan,22.20994520187378,4.097999572753906,0.018328461796045303,4.097999572753906,13.995617594569921,6.162295818328857,4554.324337569252,1.6815314292907715,0.0004900002,16,2048,,1978.6322610378265
adammini-adaptive_stochastic-r8,adammini,adaptive_stochastic,8,1.1B,sdpa,666,275,9043968,2.190979480743408,8.943969271426253,nan,nan,nan,nan,22.20994520187378,4.097999572753906,0.018328461796045303,4.097999572753906,13.995617594569921,6.150273561477661,4556.653790343516,1.8958141803741455,0.000489600208,16,2048,,1984.8118369579315
adammini-adaptive_stochastic-r8,adammini,adaptive_stochastic,8,1.1B,sdpa,666,276,9076736,2.3231685161590576,10.20796722784662,nan,nan,nan,nan,22.20994520187378,4.097999572753906,0.018328461796045303,4.097999572753906,13.995617594569921,6.1677751541137695,4558.92909025546,1.6894882917404175,0.0004892002160000001,16,2048,,1991.0090210437775
adammini-adaptive_stochastic-r8,adammini,adaptive_stochastic,8,1.1B,sdpa,666,277,9109504,2.4822070598602295,11.967648608259895,nan,nan,nan,nan,22.20994520187378,4.097999572753906,0.018328461796045303,4.097999572753906,13.995617594569921,6.151062488555908,4561.228190209641,2.1429617404937744,0.000488800224,16,2048,,1997.1895480155945
adammini-adaptive_stochastic-r8,adammini,adaptive_stochastic,8,1.1B,sdpa,666,278,9142272,2.2385144233703613,9.379387134126336,nan,nan,nan,nan,22.20994520187378,4.097999572753906,0.018328461796045303,4.097999572753906,13.995617594569921,6.14452338218689,4563.527854601555,2.1251702308654785,0.000488400232,16,2048,,2003.3633360862732
adammini-adaptive_stochastic-r8,adammini,adaptive_stochastic,8,1.1B,sdpa,666,279,9175040,2.3332748413085938,10.311655334086792,nan,nan,nan,nan,22.20994520187378,4.097999572753906,0.018328461796045303,4.097999572753906,13.995617594569921,6.163647890090942,4565.770170141348,1.7079640626907349,0.00048800024,16,2048,,2009.5565388202667
adammini-adaptive_stochastic-r8,adammini,adaptive_stochastic,8,1.1B,sdpa,666,280,9207808,2.512906312942505,12.340744056132355,nan,nan,nan,nan,22.20994520187378,4.097999572753906,0.018328461796045303,4.097999572753906,13.995617594569921,6.176820516586304,4567.966709260556,1.9781851768493652,0.00048760024799999996,16,2048,,2015.7638010978699
adammini-adaptive_stochastic-r8,adammini,adaptive_stochastic,8,1.1B,sdpa,666,281,9240576,2.385470390319824,10.86417186444525,nan,nan,nan,nan,22.20994520187378,4.097999572753906,0.018328461796045303,4.097999572753906,13.995617594569921,6.18375301361084,4570.135873288977,1.9526722431182861,0.00048720025600000003,16,2048,,2021.976947069168
adammini-adaptive_stochastic-r8,adammini,adaptive_stochastic,8,1.1B,sdpa,666,282,9273344,2.31730580329895,10.148295935845265,nan,nan,nan,nan,22.20994520187378,4.097999572753906,0.018328461796045303,4.097999572753906,13.995617594569921,6.1654953956604,4572.333146409311,1.8391491174697876,0.00048680026400000004,16,2048,,2028.1717536449432
adammini-adaptive_stochastic-r8,adammini,adaptive_stochastic,8,1.1B,sdpa,666,283,9306112,2.3802571296691895,10.807681482247581,nan,nan,nan,nan,22.20994520187378,4.097999572753906,0.018328461796045303,4.097999572753906,13.995617594569921,6.169400453567505,4574.508507163312,1.987634539604187,0.00048640027200000006,16,2048,,2034.3704929351807
adammini-adaptive_stochastic-r8,adammini,adaptive_stochastic,8,1.1B,sdpa,666,284,9338880,2.135096788406372,8.457865090529634,nan,nan,nan,nan,22.20994520187378,4.097999572753906,0.018328461796045303,4.097999572753906,13.995617594569921,6.160952806472778,4576.689510756347,1.745971441268921,0.00048600028,16,2048,,2040.5608291625977
adammini-adaptive_stochastic-r8,adammini,adaptive_stochastic,8,1.1B,sdpa,666,285,9371648,2.452404499053955,11.616244414496466,nan,nan,nan,nan,22.20994520187378,4.097999572753906,0.018328461796045303,4.097999572753906,13.995617594569921,6.141108512878418,4578.901670484018,1.6320486068725586,0.00048560028800000003,16,2048,,2046.7313141822815
adammini-adaptive_stochastic-r8,adammini,adaptive_stochastic,8,1.1B,sdpa,666,286,9404416,2.480029821395874,11.941620528332374,nan,nan,nan,nan,22.20994520187378,4.097999572753906,0.018328461796045303,4.097999572753906,13.995617594569921,6.146194219589233,4581.088983694499,1.8689980506896973,0.00048520029600000004,16,2048,,2052.907068967819
adammini-adaptive_stochastic-r8,adammini,adaptive_stochastic,8,1.1B,sdpa,666,287,9437184,2.547417402267456,12.774070859210353,nan,nan,nan,nan,22.20994520187378,4.097999572753906,0.018328461796045303,4.097999572753906,13.995617594569921,6.167704343795776,4583.215133190961,2.130373001098633,0.000484800304,16,2048,,2059.104095697403
adammini-adaptive_stochastic-r8,adammini,adaptive_stochastic,8,1.1B,sdpa,666,288,9469952,2.467083692550659,11.788019187051,nan,nan,nan,nan,22.20994520187378,4.097999572753906,0.018328461796045303,4.097999572753906,13.995617594569921,6.165847063064575,4585.333248800819,1.9668006896972656,0.000484400312,16,2048,,2065.299407482147
adammini-adaptive_stochastic-r8,adammini,adaptive_stochastic,8,1.1B,sdpa,666,289,9502720,2.3442704677581787,10.4256640944155,nan,nan,nan,nan,22.20994520187378,4.097999572753906,0.018328461796045303,4.097999572753906,13.995617594569921,6.171839714050293,4587.4249477022595,1.8799214363098145,0.00048400031999999997,16,2048,,2071.5006096363068
adammini-adaptive_stochastic-r8,adammini,adaptive_stochastic,8,1.1B,sdpa,666,290,9535488,2.1801626682281494,8.847745388732847,nan,nan,nan,nan,22.20994520187378,4.097999572753906,0.018328461796045303,4.097999572753906,13.995617594569921,6.135236024856567,4589.585277543909,1.5513360500335693,0.000483600328,16,2048,,2077.6652727127075
adammini-adaptive_stochastic-r8,adammini,adaptive_stochastic,8,1.1B,sdpa,666,291,9568256,2.316640615463257,10.14154765752088,nan,nan,nan,nan,22.20994520187378,4.097999572753906,0.018328461796045303,4.097999572753906,13.995617594569921,6.161366701126099,4591.675155833108,1.8290055990219116,0.000483200336,16,2048,,2083.8558428287506
adammini-adaptive_stochastic-r8,adammini,adaptive_stochastic,8,1.1B,sdpa,666,292,9601024,2.311737537384033,10.091944560812173,nan,nan,nan,nan,22.20994520187378,4.097999572753906,0.018328461796045303,4.097999572753906,13.995617594569921,6.181130886077881,4593.709609308791,1.790326714515686,0.000482800344,16,2048,,2090.066111087799
adammini-adaptive_stochastic-r8,adammini,adaptive_stochastic,8,1.1B,sdpa,666,293,9633792,2.292452335357666,9.899184057975665,nan,nan,nan,nan,22.20994520187378,4.097999572753906,0.018328461796045303,4.097999572753906,13.995617594569921,6.131898403167725,4595.839973330946,1.911128044128418,0.00048240035199999997,16,2048,,2096.227618455887
adammini-adaptive_stochastic-r8,adammini,adaptive_stochastic,8,1.1B,sdpa,666,294,9666560,2.0394654273986816,7.686499108582539,nan,nan,nan,nan,22.20994520187378,4.097999572753906,0.018328461796045303,4.097999572753906,13.995617594569921,6.155529260635376,4597.905326138797,1.5889836549758911,0.00048200036,16,2048,,2102.412462949753
adammini-adaptive_stochastic-r8,adammini,adaptive_stochastic,8,1.1B,sdpa,666,295,9699328,2.2330429553985596,9.328208257297812,nan,nan,nan,nan,22.20994520187378,4.097999572753906,0.018328461796045303,4.097999572753906,13.995617594569921,6.161211967468262,4599.946874051657,1.5586769580841064,0.000481600368,16,2048,,2108.6031811237335
adammini-adaptive_stochastic-r8,adammini,adaptive_stochastic,8,1.1B,sdpa,666,296,9732096,2.5765209197998047,13.15130403411852,nan,nan,nan,nan,22.20994520187378,4.097999572753906,0.018328461796045303,4.097999572753906,13.995617594569921,6.1504435539245605,4601.999408659867,1.7280114889144897,0.00048120037600000006,16,2048,,2114.7829229831696
adammini-adaptive_stochastic-r8,adammini,adaptive_stochastic,8,1.1B,sdpa,666,297,9764864,2.1716880798339844,8.773081209297386,nan,nan,nan,nan,22.20994520187378,4.097999572753906,0.018328461796045303,4.097999572753906,13.995617594569921,6.158795595169067,4604.022264778272,1.5516897439956665,0.000480800384,16,2048,,2120.970989227295
adammini-adaptive_stochastic-r8,adammini,adaptive_stochastic,8,1.1B,sdpa,666,298,9797632,2.3455073833465576,10.438567739567832,nan,nan,nan,nan,22.20994520187378,4.097999572753906,0.018328461796045303,4.097999572753906,13.995617594569921,6.145506381988525,4606.0621684764965,1.712091088294983,0.00048040039200000003,16,2048,,2127.1457121372223
adammini-adaptive_stochastic-r8,adammini,adaptive_stochastic,8,1.1B,sdpa,666,299,9830400,2.2775685787200928,9.752938056262495,nan,nan,nan,nan,22.20994520187378,4.097999572753906,0.018328461796045303,4.097999572753906,13.995617594569921,6.161966562271118,4608.0548909240915,1.5442614555358887,0.0004800004,16,2048,,2133.336968421936
adammini-adaptive_stochastic-r8,adammini,adaptive_stochastic,8,1.1B,sdpa,666,300,9863168,2.3018829822540283,9.99298135682053,2.4590617340637144,11.693834464535533,nan,nan,22.20994520187378,4.097999572753906,0.018328461796045303,4.097999572753906,13.995617594569921,6.158699989318848,4610.042757420862,1.6213159561157227,0.00047960040800000005,16,2048,,2152.974634408951
adammini-adaptive_stochastic-r8,adammini,adaptive_stochastic,8,1.1B,sdpa,666,301,9895936,2.31742000579834,10.149454962786312,nan,nan,nan,nan,22.20994520187378,4.097999572753906,0.018328461796045303,4.097999572753906,13.995617594569921,6.181086540222168,4583.242451081483,1.673046588897705,0.000479200416,16,2048,,2159.1853029727936
adammini-adaptive_stochastic-r8,adammini,adaptive_stochastic,8,1.1B,sdpa,666,302,9928704,2.335289239883423,10.332448053276797,nan,nan,nan,nan,22.20994520187378,4.097999572753906,0.018328461796045303,4.097999572753906,13.995617594569921,6.168134689331055,4585.257424894202,1.7149267196655273,0.000478800424,16,2048,,2165.3827147483826
adammini-adaptive_stochastic-r8,adammini,adaptive_stochastic,8,1.1B,sdpa,666,303,9961472,2.222299098968506,9.228523783751275,nan,nan,nan,nan,22.20994520187378,4.097999572753906,0.018328461796045303,4.097999572753906,13.995617594569921,6.15075421333313,4587.297882722451,1.8651535511016846,0.000478400432,16,2048,,2171.5627114772797
adammini-adaptive_stochastic-r8,adammini,adaptive_stochastic,8,1.1B,sdpa,666,304,9994240,2.360663890838623,10.597985022578406,nan,nan,nan,nan,22.20994520187378,4.097999572753906,0.018328461796045303,4.097999572753906,13.995617594569921,6.153606176376343,4589.32071258075,1.8717586994171143,0.00047800044,16,2048,,2177.745577096939
adammini-adaptive_stochastic-r8,adammini,adaptive_stochastic,8,1.1B,sdpa,666,305,10027008,2.3360674381256104,10.340491875627619,nan,nan,nan,nan,22.20994520187378,4.097999572753906,0.018635544925928116,4.097999572753906,13.995310511440039,7.012647867202759,4589.52702957619,1.8489362001419067,0.000477600448,16,2048,,2184.7613286972046
adammini-adaptive_stochastic-r8,adammini,adaptive_stochastic,8,1.1B,sdpa,666,306,10059776,2.452188730239868,11.613738261599549,nan,nan,nan,nan,22.21030282974243,4.097999572753906,0.018635544925928116,4.097999572753906,13.995668139308691,6.137536287307739,4591.620061483267,3.62538743019104,0.000477200456,16,2048,,2190.928277492523
adammini-adaptive_stochastic-r8,adammini,adaptive_stochastic,8,1.1B,sdpa,666,307,10092544,2.217533588409424,9.184649780260372,nan,nan,nan,nan,22.21030282974243,4.097999572753906,0.018635544925928116,4.097999572753906,13.995668139308691,6.146216869354248,4593.627997172605,8.032299041748047,0.000476800464,16,2048,,2197.1038780212402
adammini-adaptive_stochastic-r8,adammini,adaptive_stochastic,8,1.1B,sdpa,666,308,10125312,3.360563278198242,28.805411770818395,nan,nan,nan,nan,22.21030282974243,4.097999572753906,0.018635544925928116,4.097999572753906,13.995668139308691,6.149503707885742,4595.618017542304,136.18777465820312,0.000476400472,16,2048,,2203.2828845977783
adammini-adaptive_stochastic-r8,adammini,adaptive_stochastic,8,1.1B,sdpa,666,309,10158080,3.406543731689453,30.160820017806383,nan,nan,nan,nan,22.21030282974243,4.097999572753906,0.018635544925928116,4.097999572753906,13.995668139308691,6.110252618789673,4597.678316801496,inf,0.00047600048,16,2048,,2209.393450975418
adammini-adaptive_stochastic-r8,adammini,adaptive_stochastic,8,1.1B,sdpa,666,310,10190848,3.443181276321411,31.28633048145228,nan,nan,nan,nan,22.21030282974243,4.097999572753906,0.018635544925928116,4.097999572753906,13.995668139308691,6.092300653457642,4599.825013410753,inf,0.00047560048800000007,16,2048,,2215.486178636551
adammini-adaptive_stochastic-r8,adammini,adaptive_stochastic,8,1.1B,sdpa,666,311,10223616,3.348975658416748,28.47355205696765,nan,nan,nan,nan,22.21030282974243,4.097999572753906,0.018635544925928116,4.097999572753906,13.995668139308691,6.155843257904053,4601.828231862335,509.0220642089844,0.00047520049600000003,16,2048,,2221.6714627742767
adammini-adaptive_stochastic-r8,adammini,adaptive_stochastic,8,1.1B,sdpa,666,312,10256384,3.8747220039367676,48.16930555230856,nan,nan,nan,nan,22.21030282974243,4.097999572753906,0.018635544925928116,4.097999572753906,13.995668139308691,6.170475959777832,4603.730048716183,158.61708068847656,0.00047480050400000004,16,2048,,2227.871381044388
adammini-adaptive_stochastic-r8,adammini,adaptive_stochastic,8,1.1B,sdpa,666,313,10289152,3.763780117034912,43.1110832935833,nan,nan,nan,nan,22.21030282974243,4.097999572753906,0.018635544925928116,4.097999572753906,13.995668139308691,6.171798944473267,4605.618503133315,105.36306762695312,0.000474400512,16,2048,,2234.072737455368
adammini-adaptive_stochastic-r8,adammini,adaptive_stochastic,8,1.1B,sdpa,666,314,10321920,3.198089599609375,24.485707980668373,nan,nan,nan,nan,22.21030282974243,4.097999572753906,0.018635544925928116,4.097999572753906,13.995668139308691,6.175409317016602,4607.48897269485,89.00950622558594,0.00047400052,16,2048,,2240.277725458145
adammini-adaptive_stochastic-r8,adammini,adaptive_stochastic,8,1.1B,sdpa,666,315,10354688,2.9763786792755127,19.61664968329644,nan,nan,nan,nan,22.21030282974243,4.097999572753906,0.018635544925928116,4.097999572753906,13.995668139308691,6.132885932922363,4609.436439220714,77.48295593261719,0.000473600528,16,2048,,2246.440012693405
adammini-adaptive_stochastic-r8,adammini,adaptive_stochastic,8,1.1B,sdpa,666,316,10387456,2.673322916030884,14.488031807711206,nan,nan,nan,nan,22.21030282974243,4.097999572753906,0.018635544925928116,4.097999572753906,13.995668139308691,6.166569948196411,4611.304509597125,72.76636505126953,0.00047320053600000004,16,2048,,2252.6359634399414
adammini-adaptive_stochastic-r8,adammini,adaptive_stochastic,8,1.1B,sdpa,666,317,10420224,2.6645843982696533,14.361979441982612,nan,nan,nan,nan,22.21030282974243,4.097999572753906,0.018635544925928116,4.097999572753906,13.995668139308691,6.158815622329712,4613.178210224048,26.203454971313477,0.000472800544,16,2048,,2258.824065208435
adammini-adaptive_stochastic-r8,adammini,adaptive_stochastic,8,1.1B,sdpa,666,318,10452992,2.804769277572632,16.523263178850065,nan,nan,nan,nan,22.21030282974243,4.097999572753906,0.018635544925928116,4.097999572753906,13.995668139308691,6.1454856395721436,4615.069058242286,34.206809997558594,0.000472400552,16,2048,,2264.9989569187164
adammini-adaptive_stochastic-r8,adammini,adaptive_stochastic,8,1.1B,sdpa,666,319,10485760,2.5312323570251465,12.568986074591978,nan,nan,nan,nan,22.21030282974243,4.097999572753906,0.018635544925928116,4.097999572753906,13.995668139308691,6.164414644241333,4616.910906702147,10.0836820602417,0.00047200055999999997,16,2048,,2271.1923706531525
adammini-adaptive_stochastic-r8,adammini,adaptive_stochastic,8,1.1B,sdpa,666,320,10518528,2.5247223377227783,12.487427494639972,nan,nan,nan,nan,22.21030282974243,4.097999572753906,0.018635544925928116,4.097999572753906,13.995668139308691,6.155208587646484,4618.762048193574,5.99635124206543,0.00047160056800000003,16,2048,,2277.3769907951355
adammini-adaptive_stochastic-r8,adammini,adaptive_stochastic,8,1.1B,sdpa,666,321,10551296,2.340297222137451,10.384322554642244,nan,nan,nan,nan,22.21030282974243,4.097999572753906,0.018635544925928116,4.097999572753906,13.995668139308691,6.154358863830566,4620.604302612695,17.865638732910156,0.000471200576,16,2048,,2283.560760498047
adammini-adaptive_stochastic-r8,adammini,adaptive_stochastic,8,1.1B,sdpa,666,322,10584064,2.3680694103240967,10.676759931719886,nan,nan,nan,nan,22.21030282974243,4.097999572753906,0.018635544925928116,4.097999572753906,13.995668139308691,6.1562511920928955,4622.432719356549,4.738938331604004,0.00047080058400000006,16,2048,,2289.7463488578796
adammini-adaptive_stochastic-r8,adammini,adaptive_stochastic,8,1.1B,sdpa,666,323,10616832,2.5598809719085693,12.934277681528577,nan,nan,nan,nan,22.21030282974243,4.097999572753906,0.018635544925928116,4.097999572753906,13.995668139308691,6.154928684234619,4624.254099746301,2.707230806350708,0.000470400592,16,2048,,2295.9306931495667
adammini-adaptive_stochastic-r8,adammini,adaptive_stochastic,8,1.1B,sdpa,666,324,10649600,2.508938789367676,12.291878864159179,nan,nan,nan,nan,22.21030282974243,4.097999572753906,0.018635544925928116,4.097999572753906,13.995668139308691,6.17263650894165,4626.029922742355,2.564775228500366,0.0004700006,16,2048,,2302.1326739788055
adammini-adaptive_stochastic-r8,adammini,adaptive_stochastic,8,1.1B,sdpa,666,325,10682368,2.2616260051727295,9.598683994519643,nan,nan,nan,nan,22.21030282974243,4.097999572753906,0.018635544925928116,4.097999572753906,13.995668139308691,6.13283371925354,4627.876153418843,2.4261577129364014,0.00046960060800000004,16,2048,,2308.294941663742
adammini-adaptive_stochastic-r8,adammini,adaptive_stochastic,8,1.1B,sdpa,666,326,10715136,2.524888277053833,12.489499821940573,nan,nan,nan,nan,22.21030282974243,4.097999572753906,0.018635544925928116,4.097999572753906,13.995668139308691,6.155311107635498,4629.667399949052,2.2945306301116943,0.000469200616,16,2048,,2314.4795701503754
adammini-adaptive_stochastic-r8,adammini,adaptive_stochastic,8,1.1B,sdpa,666,327,10747904,2.2718186378479004,9.697020155482635,nan,nan,nan,nan,22.21030282974243,4.097999572753906,0.018635544925928116,4.097999572753906,13.995668139308691,6.15326452255249,4631.453422595406,2.215261697769165,0.000468800624,16,2048,,2320.6619629859924
adammini-adaptive_stochastic-r8,adammini,adaptive_stochastic,8,1.1B,sdpa,666,328,10780672,2.3388960361480713,10.36978237649535,nan,nan,nan,nan,22.21030282974243,4.097999572753906,0.018635544925928116,4.097999572753906,13.995668139308691,6.16046142578125,4633.21576572351,2.741748571395874,0.00046840063199999997,16,2048,,2326.8521394729614
adammini-adaptive_stochastic-r8,adammini,adaptive_stochastic,8,1.1B,sdpa,666,329,10813440,2.576446294784546,13.150322654472491,nan,nan,nan,nan,22.21030282974243,4.097999572753906,0.018635544925928116,4.097999572753906,13.995668139308691,6.138609409332275,4635.011486616195,2.7055203914642334,0.00046800064,16,2048,,2333.0201482772827
adammini-adaptive_stochastic-r8,adammini,adaptive_stochastic,8,1.1B,sdpa,666,330,10846208,2.460822820663452,11.714446464141512,nan,nan,nan,nan,22.21030282974243,4.097999572753906,0.018635544925928116,4.097999572753906,13.995668139308691,6.1625049114227295,4636.750744581053,3.0534608364105225,0.000467600648,16,2048,,2339.2122564315796
adammini-adaptive_stochastic-r8,adammini,adaptive_stochastic,8,1.1B,sdpa,666,331,10878976,2.5002851486206055,12.185968277376665,nan,nan,nan,nan,22.21030282974243,4.097999572753906,0.018635544925928116,4.097999572753906,13.995668139308691,6.138646602630615,4638.527641403534,2.5877177715301514,0.000467200656,16,2048,,2345.3803601264954
adammini-adaptive_stochastic-r8,adammini,adaptive_stochastic,8,1.1B,sdpa,666,332,10911744,2.719526529312134,15.173136508590554,nan,nan,nan,nan,22.21030282974243,4.097999572753906,0.018635544925928116,4.097999572753906,13.995668139308691,6.1629133224487305,4640.247533170435,2.904496431350708,0.00046680066399999997,16,2048,,2351.5725390911102
adammini-adaptive_stochastic-r8,adammini,adaptive_stochastic,8,1.1B,sdpa,666,333,10944512,2.2988452911376953,9.962671824932048,nan,nan,nan,nan,22.21030282974243,4.097999572753906,0.018635544925928116,4.097999572753906,13.995668139308691,6.148930788040161,4641.986345179698,2.1618220806121826,0.000466400672,16,2048,,2357.7509722709656
adammini-adaptive_stochastic-r8,adammini,adaptive_stochastic,8,1.1B,sdpa,666,334,10977280,2.3292694091796875,10.270435305631997,nan,nan,nan,nan,22.21030282974243,4.097999572753906,0.018635544925928116,4.097999572753906,13.995668139308691,6.158436059951782,4643.696923270448,2.0796992778778076,0.00046600067999999994,16,2048,,2363.9388308525085
adammini-adaptive_stochastic-r8,adammini,adaptive_stochastic,8,1.1B,sdpa,666,335,11010048,2.3579442501068115,10.569201469039509,nan,nan,nan,nan,22.21030282974243,4.097999572753906,0.018635544925928116,4.097999572753906,13.995668139308691,6.144550561904907,4645.425854212865,2.306386709213257,0.00046560068800000006,16,2048,,2370.1125526428223
adammini-adaptive_stochastic-r8,adammini,adaptive_stochastic,8,1.1B,sdpa,666,336,11042816,2.5236220359802246,12.47369511267495,nan,nan,nan,nan,22.21030282974243,4.097999572753906,0.018635544925928116,4.097999572753906,13.995668139308691,6.186546802520752,4647.064205479303,2.495047092437744,0.000465200696,16,2048,,2376.3287041187286
adammini-adaptive_stochastic-r8,adammini,adaptive_stochastic,8,1.1B,sdpa,666,337,11075584,4.2050275802612305,67.02244613738671,nan,nan,nan,nan,22.21030282974243,4.097999572753906,0.018635544925928116,4.097999572753906,13.995668139308691,6.112523317337036,4648.837821237585,4.345261573791504,0.00046480070400000003,16,2048,,2382.470654964447
adammini-adaptive_stochastic-r8,adammini,adaptive_stochastic,8,1.1B,sdpa,666,338,11108352,2.3549726009368896,10.537840130793224,nan,nan,nan,nan,22.21030282974243,4.097999572753906,0.018635544925928116,4.097999572753906,13.995668139308691,6.1648173332214355,4650.500680809266,2.06207537651062,0.000464400712,16,2048,,2388.6650054454803
adammini-adaptive_stochastic-r8,adammini,adaptive_stochastic,8,1.1B,sdpa,666,339,11141120,2.2647805213928223,9.62901100725008,nan,nan,nan,nan,22.21030282974243,4.097999572753906,0.018635544925928116,4.097999572753906,13.995668139308691,6.122177362442017,4652.237530216655,2.9466850757598877,0.00046400072000000005,16,2048,,2394.8167848587036
adammini-adaptive_stochastic-r8,adammini,adaptive_stochastic,8,1.1B,sdpa,666,340,11173888,2.4894022941589355,12.054069179286808,nan,nan,nan,nan,22.21030282974243,4.097999572753906,0.018635544925928116,4.097999572753906,13.995668139308691,6.15007209777832,4653.911328488229,2.476339817047119,0.000463600728,16,2048,,2400.9962854385376
adammini-adaptive_stochastic-r8,adammini,adaptive_stochastic,8,1.1B,sdpa,666,341,11206656,2.2122139930725098,9.135920884033869,nan,nan,nan,nan,22.21030282974243,4.097999572753906,0.018635544925928116,4.097999572753906,13.995668139308691,6.1507298946380615,4655.575644647676,2.4593749046325684,0.000463200736,16,2048,,2407.1764278411865
adammini-adaptive_stochastic-r8,adammini,adaptive_stochastic,8,1.1B,sdpa,666,342,11239424,2.38340425491333,10.841748187447442,nan,nan,nan,nan,22.21030282974243,4.097999572753906,0.018635544925928116,4.097999572753906,13.995668139308691,6.143263339996338,4657.245634533545,2.1410059928894043,0.000462800744,16,2048,,2413.3491899967194
adammini-adaptive_stochastic-r8,adammini,adaptive_stochastic,8,1.1B,sdpa,666,343,11272192,2.4123361110687256,11.16000171992979,nan,nan,nan,nan,22.21030282974243,4.097999572753906,0.018635544925928116,4.097999572753906,13.995668139308691,6.167566537857056,4658.860313050368,2.4858031272888184,0.000462400752,16,2048,,2419.546263694763
adammini-adaptive_stochastic-r8,adammini,adaptive_stochastic,8,1.1B,sdpa,666,344,11304960,2.282924175262451,9.805310976528038,nan,nan,nan,nan,22.21030282974243,4.097999572753906,0.018635544925928116,4.097999572753906,13.995668139308691,6.161581754684448,4660.478348415991,2.5600075721740723,0.00046200076,16,2048,,2425.7373483181
adammini-adaptive_stochastic-r8,adammini,adaptive_stochastic,8,1.1B,sdpa,666,345,11337728,2.418924570083618,11.233771682205095,nan,nan,nan,nan,22.21030282974243,4.097999572753906,0.018635544925928116,4.097999572753906,13.995668139308691,6.146404981613159,4662.117131206255,2.1025993824005127,0.000461600768,16,2048,,2431.9134023189545
adammini-adaptive_stochastic-r8,adammini,adaptive_stochastic,8,1.1B,sdpa,666,346,11370496,2.5657217502593994,13.010044985209936,nan,nan,nan,nan,22.21030282974243,4.097999572753906,0.018635544925928116,4.097999572753906,13.995668139308691,6.163116455078125,4663.715323411704,2.621407985687256,0.000461200776,16,2048,,2438.106081008911
adammini-adaptive_stochastic-r8,adammini,adaptive_stochastic,8,1.1B,sdpa,666,347,11403264,2.356743335723877,10.556516381355861,nan,nan,nan,nan,22.21030282974243,4.097999572753906,0.018635544925928116,4.097999572753906,13.995668139308691,6.147022724151611,4665.336359462165,2.165821075439453,0.000460800784,16,2048,,2444.2825191020966
adammini-adaptive_stochastic-r8,adammini,adaptive_stochastic,8,1.1B,sdpa,666,348,11436032,2.458874225616455,11.691641977353937,nan,nan,nan,nan,22.21030282974243,4.097999572753906,0.018635544925928116,4.097999572753906,13.995668139308691,6.148691654205322,4666.946297440697,2.1539883613586426,0.000460400792,16,2048,,2450.460947751999
adammini-adaptive_stochastic-r8,adammini,adaptive_stochastic,8,1.1B,sdpa,666,349,11468800,2.398327589035034,11.004756506686753,nan,nan,nan,nan,22.21030282974243,4.097999572753906,0.018635544925928116,4.097999572753906,13.995668139308691,6.147018671035767,4668.550721305536,2.805565357208252,0.00046000080000000007,16,2048,,2456.6371715068817
adammini-adaptive_stochastic-r8,adammini,adaptive_stochastic,8,1.1B,sdpa,666,350,11501568,2.5939061641693115,13.38194170557481,2.482609984650106,11.972471642155401,nan,nan,22.21030282974243,4.097999572753906,0.018635544925928116,4.097999572753906,13.995668139308691,6.148440599441528,4670.145250852738,2.2705132961273193,0.00045960080800000003,16,2048,,2474.854716062546
adammini-adaptive_stochastic-r8,adammini,adaptive_stochastic,8,1.1B,sdpa,666,351,11534336,2.4022879600524902,11.048425841716632,nan,nan,nan,nan,22.21030282974243,4.097999572753906,0.018635544925928116,4.097999572753906,13.995668139308691,6.161046981811523,4649.03614946966,2.1022276878356934,0.00045920081600000004,16,2048,,2481.0459802150726
adammini-adaptive_stochastic-r8,adammini,adaptive_stochastic,8,1.1B,sdpa,666,352,11567104,2.6964848041534424,14.82751837755144,nan,nan,nan,nan,22.21030282974243,4.097999572753906,0.018635544925928116,4.097999572753906,13.995668139308691,6.147530794143677,4650.664624393602,2.4693617820739746,0.000458800824,16,2048,,2487.2228207588196
adammini-adaptive_stochastic-r8,adammini,adaptive_stochastic,8,1.1B,sdpa,666,353,11599872,2.3160183429718018,10.135238814506133,nan,nan,nan,nan,22.21030282974243,4.097999572753906,0.018635544925928116,4.097999572753906,13.995668139308691,6.1480042934417725,4652.284679053859,1.8778661489486694,0.00045840083200000007,16,2048,,2493.4000821113586
adammini-adaptive_stochastic-r8,adammini,adaptive_stochastic,8,1.1B,sdpa,666,354,11632640,2.5431830883026123,12.720095786929548,nan,nan,nan,nan,22.21030282974243,4.097999572753906,0.018635544925928116,4.097999572753906,13.995668139308691,6.170154571533203,4653.855592942971,2.1210110187530518,0.00045800084,16,2048,,2499.59964799881
adammini-adaptive_stochastic-r8,adammini,adaptive_stochastic,8,1.1B,sdpa,666,355,11665408,2.454648494720459,11.642340485408067,nan,nan,nan,nan,22.21030282974243,4.097999572753906,0.018635544925928116,4.097999572753906,13.995668139308691,6.1574389934539795,4655.442035005622,2.1039412021636963,0.00045760084800000004,16,2048,,2505.7866797447205
adammini-adaptive_stochastic-r8,adammini,adaptive_stochastic,8,1.1B,sdpa,666,356,11698176,2.4424729347229004,11.501447933712551,nan,nan,nan,nan,22.21030282974243,4.097999572753906,0.018635544925928116,4.097999572753906,13.995668139308691,6.142435312271118,4657.048174024765,2.1268458366394043,0.000457200856,16,2048,,2511.9584832191467
adammini-adaptive_stochastic-r8,adammini,adaptive_stochastic,8,1.1B,sdpa,666,357,11730944,2.352774143218994,10.514698582006675,nan,nan,nan,nan,22.21030282974243,4.097999572753906,0.018635544925928116,4.097999572753906,13.995668139308691,6.144078969955444,4658.643793457686,2.119529962539673,0.000456800864,16,2048,,2518.1320617198944
adammini-adaptive_stochastic-r8,adammini,adaptive_stochastic,8,1.1B,sdpa,666,358,11763712,2.4269487857818604,11.324276518834793,nan,nan,nan,nan,22.21030282974243,4.097999572753906,0.018635544925928116,4.097999572753906,13.995668139308691,6.129993438720703,4660.25737144817,2.2789041996002197,0.000456400872,16,2048,,2524.291427373886
adammini-adaptive_stochastic-r8,adammini,adaptive_stochastic,8,1.1B,sdpa,666,359,11796480,2.4760069847106934,11.893677836655481,nan,nan,nan,nan,22.21030282974243,4.097999572753906,0.018635544925928116,4.097999572753906,13.995668139308691,6.178959846496582,4661.773133961471,2.4965198040008545,0.00045600088000000003,16,2048,,2530.499848842621
adammini-adaptive_stochastic-r8,adammini,adaptive_stochastic,8,1.1B,sdpa,666,360,11829248,2.566236734390259,13.016746677403537,nan,nan,nan,nan,22.21030282974243,4.097999572753906,0.018635544925928116,4.097999572753906,13.995668139308691,6.111697435379028,4663.404986506642,2.2046456336975098,0.000455600888,16,2048,,2536.641016960144
adammini-adaptive_stochastic-r8,adammini,adaptive_stochastic,8,1.1B,sdpa,666,361,11862016,2.3897101879119873,10.910331538848443,nan,nan,nan,nan,22.21030282974243,4.097999572753906,0.018635544925928116,4.097999572753906,13.995668139308691,6.151834964752197,4664.955307370693,2.036529779434204,0.00045520089600000006,16,2048,,2542.8221802711487
adammini-adaptive_stochastic-r8,adammini,adaptive_stochastic,8,1.1B,sdpa,666,362,11894784,2.345468521118164,10.438162081446675,nan,nan,nan,nan,22.21030282974243,4.097999572753906,0.018635544925928116,4.097999572753906,13.995668139308691,6.1578850746154785,4666.487211104757,1.9645767211914062,0.000454800904,16,2048,,2549.0096151828766
adammini-adaptive_stochastic-r8,adammini,adaptive_stochastic,8,1.1B,sdpa,666,363,11927552,2.4175283908843994,11.21809826784722,nan,nan,nan,nan,22.21030282974243,4.097999572753906,0.018635544925928116,4.097999572753906,13.995668139308691,6.1510231494903564,4668.023770263883,2.85080623626709,0.00045440091200000003,16,2048,,2555.1902055740356
adammini-adaptive_stochastic-r8,adammini,adaptive_stochastic,8,1.1B,sdpa,666,364,11960320,2.339822769165039,10.379396850539583,nan,nan,nan,nan,22.21030282974243,4.097999572753906,0.018635544925928116,4.097999572753906,13.995668139308691,6.165425062179565,4669.526754091317,2.1350560188293457,0.00045400092000000004,16,2048,,2561.385140657425
adammini-adaptive_stochastic-r8,adammini,adaptive_stochastic,8,1.1B,sdpa,666,365,11993088,2.3785672187805176,10.789432887222011,nan,nan,nan,nan,22.21030282974243,4.097999572753906,0.018635544925928116,4.097999572753906,13.995668139308691,6.1548943519592285,4671.041798502752,1.934847354888916,0.000453600928,16,2048,,2567.569490671158
adammini-adaptive_stochastic-r8,adammini,adaptive_stochastic,8,1.1B,sdpa,666,366,12025856,2.4666829109191895,11.783295712093643,nan,nan,nan,nan,22.21030282974243,4.097999572753906,0.018635544925928116,4.097999572753906,13.995668139308691,6.143038511276245,4672.57092899218,2.042933702468872,0.000453200936,16,2048,,2573.741997241974
adammini-adaptive_stochastic-r8,adammini,adaptive_stochastic,8,1.1B,sdpa,666,367,12058624,2.4086973667144775,11.119467118927993,nan,nan,nan,nan,22.21030282974243,4.097999572753906,0.018635544925928116,4.097999572753906,13.995668139308691,6.1545188426971436,4674.0722976291645,2.687978744506836,0.00045280094399999997,16,2048,,2579.9258987903595
adammini-adaptive_stochastic-r8,adammini,adaptive_stochastic,8,1.1B,sdpa,666,368,12091392,2.3402671813964844,10.384010606583862,nan,nan,nan,nan,22.21030282974243,4.097999572753906,0.018635544925928116,4.097999572753906,13.995668139308691,6.1437718868255615,4675.585886191368,2.2239317893981934,0.00045240095200000004,16,2048,,2586.099151611328
adammini-adaptive_stochastic-r8,adammini,adaptive_stochastic,8,1.1B,sdpa,666,369,12124160,2.199997901916504,9.02499456422211,nan,nan,nan,nan,22.21030282974243,4.097999572753906,0.018635544925928116,4.097999572753906,13.995668139308691,6.148719310760498,4677.083169062069,2.0995006561279297,0.00045200096,16,2048,,2592.277189731598
adammini-adaptive_stochastic-r8,adammini,adaptive_stochastic,8,1.1B,sdpa,666,370,12156928,2.509232521057129,12.295489908817663,nan,nan,nan,nan,22.21030282974243,4.097999572753906,0.018635544925928116,4.097999572753906,13.995668139308691,6.140877723693848,4678.587577633626,2.2478175163269043,0.000451600968,16,2048,,2598.4476420879364
adammini-adaptive_stochastic-r8,adammini,adaptive_stochastic,8,1.1B,sdpa,666,371,12189696,2.2903783321380615,9.878674394274082,nan,nan,nan,nan,22.21030282974243,4.097999572753906,0.018635544925928116,4.097999572753906,13.995668139308691,6.1710803508758545,4680.030393222978,2.2054555416107178,0.00045120097599999997,16,2048,,2604.648171186447
adammini-adaptive_stochastic-r8,adammini,adaptive_stochastic,8,1.1B,sdpa,666,372,12222464,2.4071428775787354,11.102195455880647,nan,nan,nan,nan,22.21030282974243,4.097999572753906,0.018635544925928116,4.097999572753906,13.995668139308691,6.153536081314087,4681.497962780741,2.061535120010376,0.000450800984,16,2048,,2610.831192970276
adammini-adaptive_stochastic-r8,adammini,adaptive_stochastic,8,1.1B,sdpa,666,373,12255232,2.2556369304656982,9.541368563506952,nan,nan,nan,nan,22.21030282974243,4.097999572753906,0.018635544925928116,4.097999572753906,13.995668139308691,6.150588274002075,4682.963780919249,2.0700085163116455,0.000450400992,16,2048,,2617.0111894607544
adammini-adaptive_stochastic-r8,adammini,adaptive_stochastic,8,1.1B,sdpa,666,374,12288000,2.467388868331909,11.791617153994062,nan,nan,nan,nan,22.21030282974243,4.097999572753906,0.018635544925928116,4.097999572753906,13.995668139308691,6.163225889205933,4684.400239143816,2.038722038269043,0.000450001,16,2048,,2623.2038156986237
adammini-adaptive_stochastic-r8,adammini,adaptive_stochastic,8,1.1B,sdpa,666,375,12320768,2.374488115310669,10.745511315313445,nan,nan,nan,nan,22.21030282974243,4.097999572753906,0.018635544925928116,4.097999572753906,13.995668139308691,6.158488035202026,4685.838411495662,2.0130653381347656,0.000449601008,16,2048,,2629.3916594982147
adammini-adaptive_stochastic-r8,adammini,adaptive_stochastic,8,1.1B,sdpa,666,376,12353536,2.4272196292877197,11.327344040978948,nan,nan,nan,nan,22.21030282974243,4.097999572753906,0.018635544925928116,4.097999572753906,13.995668139308691,6.147786378860474,4687.288916784947,2.126605987548828,0.00044920101600000003,16,2048,,2635.5688009262085
adammini-adaptive_stochastic-r8,adammini,adaptive_stochastic,8,1.1B,sdpa,666,377,12386304,2.421807050704956,11.266199525245414,nan,nan,nan,nan,22.21030282974243,4.097999572753906,0.018635544925928116,4.097999572753906,13.995668139308691,6.146333694458008,4688.735246154817,1.9943677186965942,0.000448801024,16,2048,,2641.7444365024567
adammini-adaptive_stochastic-r8,adammini,adaptive_stochastic,8,1.1B,sdpa,666,378,12419072,2.2955851554870605,9.930245049903283,nan,nan,nan,nan,22.21030282974243,4.097999572753906,0.018635544925928116,4.097999572753906,13.995668139308691,6.157583475112915,4690.154778729752,1.7159422636032104,0.00044840103200000005,16,2048,,2647.9316787719727
adammini-adaptive_stochastic-r8,adammini,adaptive_stochastic,8,1.1B,sdpa,666,379,12451840,2.530759572982788,12.563045063065672,nan,nan,nan,nan,22.21030282974243,4.097999572753906,0.018635544925928116,4.097999572753906,13.995668139308691,6.135032653808594,4691.607354931844,1.9866158962249756,0.00044800104,16,2048,,2654.0963032245636
adammini-adaptive_stochastic-r8,adammini,adaptive_stochastic,8,1.1B,sdpa,666,380,12484608,2.798912763595581,16.426777268416895,nan,nan,nan,nan,22.21030282974243,4.097999572753906,0.018635544925928116,4.097999572753906,13.995668139308691,6.1499903202056885,4693.026695474992,2.4850354194641113,0.000447601048,16,2048,,2660.275768995285
adammini-adaptive_stochastic-r8,adammini,adaptive_stochastic,8,1.1B,sdpa,666,381,12517376,2.4142115116119385,11.180950831064747,nan,nan,nan,nan,22.21030282974243,4.097999572753906,0.018635544925928116,4.097999572753906,13.995668139308691,6.151488780975342,4694.437092748983,2.030567169189453,0.000447201056,16,2048,,2666.456789970398
adammini-adaptive_stochastic-r8,adammini,adaptive_stochastic,8,1.1B,sdpa,666,382,12550144,2.417203426361084,11.214453376153424,nan,nan,nan,nan,22.21030282974243,4.097999572753906,0.018635544925928116,4.097999572753906,13.995668139308691,6.147327661514282,4695.848048861555,2.1710314750671387,0.000446801064,16,2048,,2672.63330078125
adammini-adaptive_stochastic-r8,adammini,adaptive_stochastic,8,1.1B,sdpa,666,383,12582912,2.3021769523620605,9.995919426460725,nan,nan,nan,nan,22.21030282974243,4.097999572753906,0.018635544925928116,4.097999572753906,13.995668139308691,6.175504922866821,4697.20375810099,1.9154078960418701,0.000446401072,16,2048,,2678.8383808135986
adammini-adaptive_stochastic-r8,adammini,adaptive_stochastic,8,1.1B,sdpa,666,384,12615680,2.408903121948242,11.121755242873052,nan,nan,nan,nan,22.21030282974243,4.097999572753906,0.018635544925928116,4.097999572753906,13.995668139308691,6.114009857177734,4698.660181621359,1.9584895372390747,0.00044600108,16,2048,,2684.981758594513
adammini-adaptive_stochastic-r8,adammini,adaptive_stochastic,8,1.1B,sdpa,666,385,12648448,2.391420602798462,10.929008700623266,nan,nan,nan,nan,22.21030282974243,4.097999572753906,0.018635544925928116,4.097999572753906,13.995668139308691,6.149064064025879,4700.048942388248,1.6461824178695679,0.000445601088,16,2048,,2691.1601126194
adammini-adaptive_stochastic-r8,adammini,adaptive_stochastic,8,1.1B,sdpa,666,386,12681216,2.358150005340576,10.571376361298537,nan,nan,nan,nan,22.21030282974243,4.097999572753906,0.018635544925928116,4.097999572753906,13.995668139308691,6.175920009613037,4701.384793486197,1.852879285812378,0.000445201096,16,2048,,2697.3656742572784
adammini-adaptive_stochastic-r8,adammini,adaptive_stochastic,8,1.1B,sdpa,666,387,12713984,2.352543830871582,10.51227719594218,nan,nan,nan,nan,22.21030282974243,4.097999572753906,0.018635544925928116,4.097999572753906,13.995668139308691,6.165736198425293,4702.73171430487,1.8497310876846313,0.00044480110399999995,16,2048,,2703.560737848282
adammini-adaptive_stochastic-r8,adammini,adaptive_stochastic,8,1.1B,sdpa,666,388,12746752,2.405125617980957,11.07982201964244,nan,nan,nan,nan,22.21030282974243,4.097999572753906,0.018635544925928116,4.097999572753906,13.995668139308691,6.2100441455841064,4703.995930261007,2.016977548599243,0.00044440111200000007,16,2048,,2709.8001873493195
adammini-adaptive_stochastic-r8,adammini,adaptive_stochastic,8,1.1B,sdpa,666,389,12779520,2.4886953830718994,12.045551035280015,nan,nan,nan,nan,22.21030282974243,4.097999572753906,0.018635544925928116,4.097999572753906,13.995668139308691,6.109643936157227,4705.428230135523,2.1906161308288574,0.00044400112000000003,16,2048,,2715.9394586086273
adammini-adaptive_stochastic-r8,adammini,adaptive_stochastic,8,1.1B,sdpa,666,390,12812288,2.5525078773498535,12.839262736657782,nan,nan,nan,nan,22.21030282974243,4.097999572753906,0.018635544925928116,4.097999572753906,13.995668139308691,6.151796817779541,4706.780800267365,2.1320557594299316,0.00044360112800000004,16,2048,,2722.1208243370056
adammini-adaptive_stochastic-r8,adammini,adaptive_stochastic,8,1.1B,sdpa,666,391,12845056,2.463287353515625,11.74335270785986,nan,nan,nan,nan,22.21030282974243,4.097999572753906,0.018635544925928116,4.097999572753906,13.995668139308691,6.1620402336120605,4708.10970078825,2.0993056297302246,0.000443201136,16,2048,,2728.3121345043182
adammini-adaptive_stochastic-r8,adammini,adaptive_stochastic,8,1.1B,sdpa,666,392,12877824,2.442863941192627,11.505945953585984,nan,nan,nan,nan,22.21030282974243,4.097999572753906,0.018635544925928116,4.097999572753906,13.995668139308691,6.152777910232544,4709.448828560229,1.8924460411071777,0.000442801144,16,2048,,2734.4942302703857
adammini-adaptive_stochastic-r8,adammini,adaptive_stochastic,8,1.1B,sdpa,666,393,12910592,2.2524752616882324,9.511249554679832,nan,nan,nan,nan,22.21030282974243,4.097999572753906,0.018635544925928116,4.097999572753906,13.995668139308691,6.150787591934204,4710.785420425326,2.103916883468628,0.000442401152,16,2048,,2740.674388885498
adammini-adaptive_stochastic-r8,adammini,adaptive_stochastic,8,1.1B,sdpa,666,394,12943360,2.163987398147583,8.705781961112558,nan,nan,nan,nan,22.21030282974243,4.097999572753906,0.018635544925928116,4.097999572753906,13.995668139308691,6.146356582641602,4712.123614315214,2.0246596336364746,0.00044200116000000004,16,2048,,2746.850239276886
adammini-adaptive_stochastic-r8,adammini,adaptive_stochastic,8,1.1B,sdpa,666,395,12976128,2.484416961669922,11.994125181114956,nan,nan,nan,nan,22.21030282974243,4.097999572753906,0.018635544925928116,4.097999572753906,13.995668139308691,6.143374443054199,4713.460571369271,2.050110340118408,0.000441601168,16,2048,,2753.0230836868286
adammini-adaptive_stochastic-r8,adammini,adaptive_stochastic,8,1.1B,sdpa,666,396,13008896,2.346297264099121,10.446816220538965,nan,nan,nan,nan,22.21030282974243,4.097999572753906,0.018635544925928116,4.097999572753906,13.995668139308691,6.147620439529419,4714.784351541404,1.8577780723571777,0.000441201176,16,2048,,2759.200308084488
adammini-adaptive_stochastic-r8,adammini,adaptive_stochastic,8,1.1B,sdpa,666,397,13041664,2.257016897201538,9.554544423772514,nan,nan,nan,nan,22.21030282974243,4.097999572753906,0.018635544925928116,4.097999572753906,13.995668139308691,6.164812326431274,4716.072664592784,2.0753297805786133,0.00044080118399999997,16,2048,,2765.3945286273956
adammini-adaptive_stochastic-r8,adammini,adaptive_stochastic,8,1.1B,sdpa,666,398,13074432,2.6846492290496826,14.653060610703626,nan,nan,nan,nan,22.21030282974243,4.097999572753906,0.018635544925928116,4.097999572753906,13.995668139308691,6.146745920181274,4717.386316137291,1.9599045515060425,0.00044040119200000003,16,2048,,2771.570814371109
adammini-adaptive_stochastic-r8,adammini,adaptive_stochastic,8,1.1B,sdpa,666,399,13107200,2.253156900405884,9.517735000744004,nan,nan,nan,nan,22.21030282974243,4.097999572753906,0.018635544925928116,4.097999572753906,13.995668139308691,6.158442974090576,4718.674012080396,2.0355935096740723,0.0004400012,16,2048,,2777.758208990097
adammini-adaptive_stochastic-r8,adammini,adaptive_stochastic,8,1.1B,sdpa,666,400,13139968,2.4737579822540283,11.866958982628256,2.473227009148424,11.860659619107475,nan,nan,22.21030282974243,4.097999572753906,0.018635544925928116,4.097999572753906,13.995668139308691,6.163010120391846,4719.948989267715,2.0153884887695312,0.00043960120799999995,16,2048,,2804.0672800540924
adammini-adaptive_stochastic-r8,adammini,adaptive_stochastic,8,1.1B,sdpa,666,401,13172736,2.4576854705810547,11.677751736763717,nan,nan,nan,nan,22.21030282974243,4.097999572753906,0.018635544925928116,4.097999572753906,13.995668139308691,6.155202627182007,4687.434834231393,1.995316982269287,0.000439201216,16,2048,,2810.2520186901093
adammini-adaptive_stochastic-r8,adammini,adaptive_stochastic,8,1.1B,sdpa,666,402,13205504,2.3349392414093018,10.328832345007314,nan,nan,nan,nan,22.21030282974243,4.097999572753906,0.018635544925928116,4.097999572753906,13.995668139308691,6.136687755584717,4688.806941504046,1.9728171825408936,0.00043880122400000003,16,2048,,2816.4182391166687
adammini-adaptive_stochastic-r8,adammini,adaptive_stochastic,8,1.1B,sdpa,666,403,13238272,2.460670232772827,11.712659117832878,nan,nan,nan,nan,22.21030282974243,4.097999572753906,0.018635544925928116,4.097999572753906,13.995668139308691,6.1571245193481445,4690.139042395787,1.6248011589050293,0.00043840123200000004,16,2048,,2822.604734659195
adammini-adaptive_stochastic-r8,adammini,adaptive_stochastic,8,1.1B,sdpa,666,404,13271040,2.474365472793579,11.874170238106407,nan,nan,nan,nan,22.21030282974243,4.097999572753906,0.018635544925928116,4.097999572753906,13.995668139308691,6.176521301269531,4691.433417507181,1.7092735767364502,0.00043800124,16,2048,,2828.8107817173004
adammini-adaptive_stochastic-r8,adammini,adaptive_stochastic,8,1.1B,sdpa,666,405,13303808,2.401519775390625,11.039941869493141,nan,nan,nan,nan,22.21030282974243,4.097999572753906,0.018635544925928116,4.097999572753906,13.995668139308691,6.142552137374878,4692.778100634135,2.0109703540802,0.000437601248,16,2048,,2834.982794046402
adammini-adaptive_stochastic-r8,adammini,adaptive_stochastic,8,1.1B,sdpa,666,406,13336576,2.439040184020996,11.462034018022285,nan,nan,nan,nan,22.21030282974243,4.097999572753906,0.018635544925928116,4.097999572753906,13.995668139308691,6.148309946060181,4694.1075307344645,2.1685702800750732,0.000437201256,16,2048,,2841.1603457927704
adammini-adaptive_stochastic-r8,adammini,adaptive_stochastic,8,1.1B,sdpa,666,407,13369344,2.3960306644439697,10.979508418425723,nan,nan,nan,nan,22.21030282974243,4.097999572753906,0.018635544925928116,4.097999572753906,13.995668139308691,6.158658504486084,4695.414460625522,2.072680711746216,0.000436801264,16,2048,,2847.348555803299
adammini-adaptive_stochastic-r8,adammini,adaptive_stochastic,8,1.1B,sdpa,666,408,13402112,2.2020795345306396,9.043800854351893,nan,nan,nan,nan,22.21030282974243,4.097999572753906,0.018635544925928116,4.097999572753906,13.995668139308691,6.138778209686279,4696.7479809209735,1.8082282543182373,0.000436401272,16,2048,,2853.5166957378387
adammini-adaptive_stochastic-r8,adammini,adaptive_stochastic,8,1.1B,sdpa,666,409,13434880,2.282891273498535,9.80498836980836,nan,nan,nan,nan,22.21030282974243,4.097999572753906,0.018635544925928116,4.097999572753906,13.995668139308691,6.153079986572266,4698.052547697838,1.7937908172607422,0.00043600128,16,2048,,2859.699196100235
adammini-adaptive_stochastic-r8,adammini,adaptive_stochastic,8,1.1B,sdpa,666,410,13467648,2.3327853679656982,10.306609288732721,nan,nan,nan,nan,22.21030282974243,4.097999572753906,0.018635544925928116,4.097999572753906,13.995668139308691,6.155498266220093,4699.347434017261,1.9036750793457031,0.00043560128799999997,16,2048,,2865.884215593338
adammini-adaptive_stochastic-r8,adammini,adaptive_stochastic,8,1.1B,sdpa,666,411,13500416,2.3151473999023438,10.126415441388911,nan,nan,nan,nan,22.21030282974243,4.097999572753906,0.018635544925928116,4.097999572753906,13.995668139308691,6.150201082229614,4700.645268763405,1.8479918241500854,0.00043520129600000003,16,2048,,2872.063864469528
adammini-adaptive_stochastic-r8,adammini,adaptive_stochastic,8,1.1B,sdpa,666,412,13533184,2.43818736076355,11.452263095861113,nan,nan,nan,nan,22.21030282974243,4.097999572753906,0.018635544925928116,4.097999572753906,13.995668139308691,6.145011901855469,4701.945956640639,1.8029065132141113,0.000434801304,16,2048,,2878.238443851471
adammini-adaptive_stochastic-r8,adammini,adaptive_stochastic,8,1.1B,sdpa,666,413,13565952,2.362658977508545,10.619150027213912,nan,nan,nan,nan,22.21030282974243,4.097999572753906,0.018635544925928116,4.097999572753906,13.995668139308691,6.1571595668792725,4703.221225286956,2.0274672508239746,0.000434401312,16,2048,,2884.424834251404
adammini-adaptive_stochastic-r8,adammini,adaptive_stochastic,8,1.1B,sdpa,666,414,13598720,2.3404529094696045,10.385939387973963,nan,nan,nan,nan,22.21030282974243,4.097999572753906,0.018635544925928116,4.097999572753906,13.995668139308691,6.152889966964722,4704.498609019022,2.16037917137146,0.00043400132,16,2048,,2890.6072812080383
adammini-adaptive_stochastic-r8,adammini,adaptive_stochastic,8,1.1B,sdpa,666,415,13631488,2.419264078140259,11.237586285705335,nan,nan,nan,nan,22.21030282974243,4.097999572753906,0.018635544925928116,4.097999572753906,13.995668139308691,6.155453205108643,4705.765763082596,1.9428787231445312,0.00043360132800000003,16,2048,,2896.7921442985535
adammini-adaptive_stochastic-r8,adammini,adaptive_stochastic,8,1.1B,sdpa,666,416,13664256,2.323570966720581,10.21207625677452,nan,nan,nan,nan,22.21030282974243,4.097999572753906,0.018635544925928116,4.097999572753906,13.995668139308691,6.167639255523682,4707.007972948943,1.838357925415039,0.00043320133600000004,16,2048,,2902.9892661571503
adammini-adaptive_stochastic-r8,adammini,adaptive_stochastic,8,1.1B,sdpa,666,417,13697024,2.486532211303711,12.019522601484399,nan,nan,nan,nan,22.21030282974243,4.097999572753906,0.018635544925928116,4.097999572753906,13.995668139308691,6.151684999465942,4708.270635377408,2.2170214653015137,0.00043280134400000005,16,2048,,2909.1703770160675
adammini-adaptive_stochastic-r8,adammini,adaptive_stochastic,8,1.1B,sdpa,666,418,13729792,2.540501356124878,12.686029595371028,nan,nan,nan,nan,22.21030282974243,4.097999572753906,0.018635544925928116,4.097999572753906,13.995668139308691,6.138547897338867,4709.549217056817,2.0415332317352295,0.000432401352,16,2048,,2915.3384585380554
adammini-adaptive_stochastic-r8,adammini,adaptive_stochastic,8,1.1B,sdpa,666,419,13762560,2.3305506706237793,10.283602852136614,nan,nan,nan,nan,22.21030282974243,4.097999572753906,0.018635544925928116,4.097999572753906,13.995668139308691,6.143798351287842,4710.813738379179,1.9193006753921509,0.00043200136,16,2048,,2921.511615037918
adammini-adaptive_stochastic-r8,adammini,adaptive_stochastic,8,1.1B,sdpa,666,420,13795328,2.3442366123199463,10.425311134963552,nan,nan,nan,nan,22.21030282974243,4.097999572753906,0.018635544925928116,4.097999572753906,13.995668139308691,6.148766040802002,4712.0651811853,1.8381366729736328,0.000431601368,16,2048,,2927.6899406909943
adammini-adaptive_stochastic-r8,adammini,adaptive_stochastic,8,1.1B,sdpa,666,421,13828096,2.2928466796875,9.903088514878535,nan,nan,nan,nan,22.21030282974243,4.097999572753906,0.018635544925928116,4.097999572753906,13.995668139308691,6.146219968795776,4713.315263668857,1.9185123443603516,0.00043120137600000005,16,2048,,2933.86581659317
adammini-adaptive_stochastic-r8,adammini,adaptive_stochastic,8,1.1B,sdpa,666,422,13860864,2.4997456073760986,12.17939521826447,nan,nan,nan,nan,22.21030282974243,4.097999572753906,0.018635544925928116,4.097999572753906,13.995668139308691,6.149741888046265,4714.55426352893,1.9095726013183594,0.000430801384,16,2048,,2940.044790506363
adammini-adaptive_stochastic-r8,adammini,adaptive_stochastic,8,1.1B,sdpa,666,423,13893632,2.3079938888549805,10.054234498054194,nan,nan,nan,nan,22.21030282974243,4.097999572753906,0.018635544925928116,4.097999572753906,13.995668139308691,6.159368276596069,4715.773291583981,1.8785463571548462,0.000430401392,16,2048,,2946.233658313751
adammini-adaptive_stochastic-r8,adammini,adaptive_stochastic,8,1.1B,sdpa,666,424,13926400,2.4339754581451416,11.40412871875457,nan,nan,nan,nan,22.21030282974243,4.097999572753906,0.018635544925928116,4.097999572753906,13.995668139308691,6.146160364151001,4717.007867911456,2.313162088394165,0.0004300014,16,2048,,2952.409241914749
adammini-adaptive_stochastic-r8,adammini,adaptive_stochastic,8,1.1B,sdpa,666,425,13959168,2.961428165435791,19.325552141734125,nan,nan,nan,nan,22.21030282974243,4.097999572753906,0.018635544925928116,4.097999572753906,13.995668139308691,6.165610313415527,4718.206413074778,2.357841968536377,0.000429601408,16,2048,,2958.6042337417603
adammini-adaptive_stochastic-r8,adammini,adaptive_stochastic,8,1.1B,sdpa,666,426,13991936,2.6194241046905518,13.727815523619714,nan,nan,nan,nan,22.21030282974243,4.097999572753906,0.018635544925928116,4.097999572753906,13.995668139308691,6.171215534210205,4719.390985131037,1.6805496215820312,0.000429201416,16,2048,,2964.804886341095
adammini-adaptive_stochastic-r8,adammini,adaptive_stochastic,8,1.1B,sdpa,666,427,14024704,2.4156415462493896,11.196951416001383,nan,nan,nan,nan,22.21030282974243,4.097999572753906,0.018635544925928116,4.097999572753906,13.995668139308691,6.151732444763184,4720.601599316207,1.7038358449935913,0.00042880142400000007,16,2048,,2970.9863607883453
adammini-adaptive_stochastic-r8,adammini,adaptive_stochastic,8,1.1B,sdpa,666,428,14057472,2.4243290424346924,11.29464864641872,nan,nan,nan,nan,22.21030282974243,4.097999572753906,0.018635544925928116,4.097999572753906,13.995668139308691,6.159465551376343,4721.794446739908,1.7180302143096924,0.00042840143200000003,16,2048,,2977.1753628253937
adammini-adaptive_stochastic-r8,adammini,adaptive_stochastic,8,1.1B,sdpa,666,429,14090240,2.3494436740875244,10.479737952915936,nan,nan,nan,nan,22.21030282974243,4.097999572753906,0.018635544925928116,4.097999572753906,13.995668139308691,6.148627519607544,4722.999889318672,1.9118326902389526,0.00042800144000000004,16,2048,,2983.353601694107
adammini-adaptive_stochastic-r8,adammini,adaptive_stochastic,8,1.1B,sdpa,666,430,14123008,2.4345290660858154,11.41044388287095,nan,nan,nan,nan,22.21030282974243,4.097999572753906,0.018635544925928116,4.097999572753906,13.995668139308691,6.154097318649292,4724.191439479917,4.508508205413818,0.000427601448,16,2048,,2989.5372445583344
adammini-adaptive_stochastic-r8,adammini,adaptive_stochastic,8,1.1B,sdpa,666,431,14155776,2.2858669757843018,9.834208549828974,nan,nan,nan,nan,22.21030282974243,4.097999572753906,0.018635544925928116,4.097999572753906,13.995668139308691,6.1438446044921875,4725.394499496421,4.382168769836426,0.00042720145600000007,16,2048,,2995.7106046676636
adammini-adaptive_stochastic-r8,adammini,adaptive_stochastic,8,1.1B,sdpa,666,432,14188544,2.5478599071502686,12.779724698772496,nan,nan,nan,nan,22.21030282974243,4.097999572753906,0.018635544925928116,4.097999572753906,13.995668139308691,6.15694260597229,4726.571914266077,5.651974678039551,0.000426801464,16,2048,,3001.896872997284
adammini-adaptive_stochastic-r8,adammini,adaptive_stochastic,8,1.1B,sdpa,666,433,14221312,2.320883274078369,10.184666185980433,nan,nan,nan,nan,22.21030282974243,4.097999572753906,0.018635544925928116,4.097999572753906,13.995668139308691,6.161127328872681,4727.738239406701,5.410141944885254,0.00042640147200000004,16,2048,,3008.087537050247
adammini-adaptive_stochastic-r8,adammini,adaptive_stochastic,8,1.1B,sdpa,666,434,14254080,2.392979621887207,10.94606052241267,nan,nan,nan,nan,22.21030282974243,4.097999572753906,0.018635544925928116,4.097999572753906,13.995668139308691,6.152872562408447,4728.9124244429,5.916305065155029,0.00042600148,16,2048,,3014.26949095726
adammini-adaptive_stochastic-r8,adammini,adaptive_stochastic,8,1.1B,sdpa,666,435,14286848,2.280661106109619,9.783145969654601,nan,nan,nan,nan,22.21030282974243,4.097999572753906,0.018635544925928116,4.097999572753906,13.995668139308691,6.172388076782227,4730.051671440322,3.9471065998077393,0.00042560148799999995,16,2048,,3020.4713141918182
adammini-adaptive_stochastic-r8,adammini,adaptive_stochastic,8,1.1B,sdpa,666,436,14319616,2.53385591506958,12.602004833494451,nan,nan,nan,nan,22.21030282974243,4.097999572753906,0.018635544925928116,4.097999572753906,13.995668139308691,6.169096231460571,4731.191245329536,2.722620725631714,0.000425201496,16,2048,,3026.66983294487
adammini-adaptive_stochastic-r8,adammini,adaptive_stochastic,8,1.1B,sdpa,666,437,14352384,2.444814920425415,11.528415727098494,nan,nan,nan,nan,22.21030282974243,4.097999572753906,0.018635544925928116,4.097999572753906,13.995668139308691,6.166371583938599,4732.330366838761,3.442328691482544,0.000424801504,16,2048,,3032.8657126426697
adammini-adaptive_stochastic-r8,adammini,adaptive_stochastic,8,1.1B,sdpa,666,438,14385152,2.3829703330993652,10.837044736946082,nan,nan,nan,nan,22.21030282974243,4.097999572753906,0.018635544925928116,4.097999572753906,13.995668139308691,6.158688068389893,4733.47659728737,3.3235137462615967,0.000424401512,16,2048,,3039.0539796352386
adammini-adaptive_stochastic-r8,adammini,adaptive_stochastic,8,1.1B,sdpa,666,439,14417920,2.452516555786133,11.61754616581937,nan,nan,nan,nan,22.21030282974243,4.097999572753906,0.018635544925928116,4.097999572753906,13.995668139308691,6.153058290481567,4734.626809202881,3.904804229736328,0.00042400151999999995,16,2048,,3045.23624253273
adammini-adaptive_stochastic-r8,adammini,adaptive_stochastic,8,1.1B,sdpa,666,440,14450688,2.413813352584839,11.176499920703671,nan,nan,nan,nan,22.21030282974243,4.097999572753906,0.018635544925928116,4.097999572753906,13.995668139308691,6.166126251220703,4735.75264326988,1.8302186727523804,0.000423601528,16,2048,,3051.4318301677704
adammini-adaptive_stochastic-r8,adammini,adaptive_stochastic,8,1.1B,sdpa,666,441,14483456,2.5163724422454834,12.383592887622086,nan,nan,nan,nan,22.21030282974243,4.097999572753906,0.018635544925928116,4.097999572753906,13.995668139308691,6.142256021499634,4736.910565890498,1.951165795326233,0.00042320153600000003,16,2048,,3057.6033408641815
adammini-adaptive_stochastic-r8,adammini,adaptive_stochastic,8,1.1B,sdpa,666,442,14516224,2.2420480251312256,9.412588779167756,nan,nan,nan,nan,22.21030282974243,4.097999572753906,0.018635544925928116,4.097999572753906,13.995668139308691,6.145518064498901,4738.058905899095,1.7576138973236084,0.00042280154400000004,16,2048,,3063.778473854065
adammini-adaptive_stochastic-r8,adammini,adaptive_stochastic,8,1.1B,sdpa,666,443,14548992,2.3244359493255615,10.220913346510825,nan,nan,nan,nan,22.21030282974243,4.097999572753906,0.018635544925928116,4.097999572753906,13.995668139308691,6.157640695571899,4739.183493973032,1.9401702880859375,0.000422401552,16,2048,,3069.9655368328094
adammini-adaptive_stochastic-r8,adammini,adaptive_stochastic,8,1.1B,sdpa,666,444,14581760,2.802433967590332,16.484721258590138,nan,nan,nan,nan,22.21030282974243,4.097999572753906,0.018635544925928116,4.097999572753906,13.995668139308691,6.148532867431641,4740.317996335952,2.4012138843536377,0.00042200156,16,2048,,3076.143490552902
adammini-adaptive_stochastic-r8,adammini,adaptive_stochastic,8,1.1B,sdpa,666,445,14614528,2.7150461673736572,15.105307428169967,nan,nan,nan,nan,22.21030282974243,4.097999572753906,0.018635544925928116,4.097999572753906,13.995668139308691,6.161240816116333,4741.428302389913,1.9673922061920166,0.00042160156799999997,16,2048,,3082.3341960906982
adammini-adaptive_stochastic-r8,adammini,adaptive_stochastic,8,1.1B,sdpa,666,446,14647296,2.2688677310943604,9.66844733181975,nan,nan,nan,nan,22.21030282974243,4.097999572753906,0.018635544925928116,4.097999572753906,13.995668139308691,6.135108947753906,4742.574202468349,1.9100799560546875,0.00042120157600000004,16,2048,,3088.4986164569855
adammini-adaptive_stochastic-r8,adammini,adaptive_stochastic,8,1.1B,sdpa,666,447,14680064,2.611027956008911,13.613037265346849,nan,nan,nan,nan,22.21030282974243,4.097999572753906,0.018635544925928116,4.097999572753906,13.995668139308691,6.149038553237915,4743.694442871693,2.1044671535491943,0.000420801584,16,2048,,3094.6769559383392
adammini-adaptive_stochastic-r8,adammini,adaptive_stochastic,8,1.1B,sdpa,666,448,14712832,2.321972131729126,10.195761877395421,nan,nan,nan,nan,22.21030282974243,4.097999572753906,0.018635544925928116,4.097999572753906,13.995668139308691,6.168334722518921,4744.78068915382,1.838879942893982,0.000420401592,16,2048,,3100.874591588974
adammini-adaptive_stochastic-r8,adammini,adaptive_stochastic,8,1.1B,sdpa,666,449,14745600,2.191214084625244,8.94606780748908,nan,nan,nan,nan,22.21030282974243,4.097999572753906,0.018635544925928116,4.097999572753906,13.995668139308691,6.165102481842041,4745.867447278446,1.9066530466079712,0.00042000159999999997,16,2048,,3107.069404602051
adammini-adaptive_stochastic-r8,adammini,adaptive_stochastic,8,1.1B,sdpa,666,450,14778368,2.641683578491211,14.036815806838552,2.4924096800466153,12.090374982241846,nan,nan,22.21030282974243,4.097999572753906,0.018635544925928116,4.097999572753906,13.995668139308691,6.161740064620972,4746.954495030119,2.1466033458709717,0.000419601608,16,2048,,3125.9518525600433
adammini-adaptive_stochastic-r8,adammini,adaptive_stochastic,8,1.1B,sdpa,666,451,14811136,2.3874123096466064,10.885289707695904,nan,nan,nan,nan,22.21030282974243,4.097999572753906,0.018635544925928116,4.097999572753906,13.995668139308691,6.154306411743164,4728.809141475908,2.069021463394165,0.000419201616,16,2048,,3132.136212348938
adammini-adaptive_stochastic-r8,adammini,adaptive_stochastic,8,1.1B,sdpa,666,452,14843904,2.3595528602600098,10.586216875742668,nan,nan,nan,nan,22.21030282974243,4.097999572753906,0.018635544925928116,4.097999572753906,13.995668139308691,6.168158292770386,4729.911803550881,2.151644468307495,0.000418801624,16,2048,,3138.3338260650635
adammini-adaptive_stochastic-r8,adammini,adaptive_stochastic,8,1.1B,sdpa,666,453,14876672,2.1808769702911377,8.854067609235573,nan,nan,nan,nan,22.21030282974243,4.097999572753906,0.018635544925928116,4.097999572753906,13.995668139308691,6.152551174163818,4731.033659788453,2.215919017791748,0.000418401632,16,2048,,3144.5157384872437
adammini-adaptive_stochastic-r8,adammini,adaptive_stochastic,8,1.1B,sdpa,666,454,14909440,2.3916454315185547,10.931466131901521,nan,nan,nan,nan,22.21030282974243,4.097999572753906,0.018635544925928116,4.097999572753906,13.995668139308691,6.152930736541748,4732.150664891573,1.947290301322937,0.00041800164000000003,16,2048,,3150.6981148719788
adammini-adaptive_stochastic-r8,adammini,adaptive_stochastic,8,1.1B,sdpa,666,455,14942208,2.513887882232666,12.352863298480596,nan,nan,nan,nan,22.21030282974243,4.097999572753906,0.018635544925928116,4.097999572753906,13.995668139308691,6.13317608833313,4733.292806917309,2.153243064880371,0.000417601648,16,2048,,3156.860554933548
adammini-adaptive_stochastic-r8,adammini,adaptive_stochastic,8,1.1B,sdpa,666,456,14974976,2.277066707611084,9.74804456647739,nan,nan,nan,nan,22.21030282974243,4.097999572753906,0.018635544925928116,4.097999572753906,13.995668139308691,6.16119647026062,4734.388836706165,1.9891586303710938,0.00041720165600000005,16,2048,,3163.0512063503265
adammini-adaptive_stochastic-r8,adammini,adaptive_stochastic,8,1.1B,sdpa,666,457,15007744,2.2571818828582764,9.55612091660488,nan,nan,nan,nan,22.21030282974243,4.097999572753906,0.018635544925928116,4.097999572753906,13.995668139308691,6.17493748664856,4735.459752482726,2.0965442657470703,0.000416801664,16,2048,,3169.2553923130035
adammini-adaptive_stochastic-r8,adammini,adaptive_stochastic,8,1.1B,sdpa,666,458,15040512,2.382012367248535,10.826668189146936,nan,nan,nan,nan,22.21030282974243,4.097999572753906,0.018635544925928116,4.097999572753906,13.995668139308691,6.158648490905762,4736.551054291666,1.9969061613082886,0.000416401672,16,2048,,3175.4435970783234
adammini-adaptive_stochastic-r8,adammini,adaptive_stochastic,8,1.1B,sdpa,666,459,15073280,2.387084484100342,10.881721816506122,nan,nan,nan,nan,22.21030282974243,4.097999572753906,0.018635544925928116,4.097999572753906,13.995668139308691,6.163681268692017,4737.630248462975,1.835793137550354,0.00041600168,16,2048,,3181.6365299224854
adammini-adaptive_stochastic-r8,adammini,adaptive_stochastic,8,1.1B,sdpa,666,460,15106048,2.3557164669036865,10.545681787639305,nan,nan,nan,nan,22.21030282974243,4.097999572753906,0.018635544925928116,4.097999572753906,13.995668139308691,6.145375728607178,4738.732844046996,2.0478830337524414,0.000415601688,16,2048,,3187.8114218711853
adammini-adaptive_stochastic-r8,adammini,adaptive_stochastic,8,1.1B,sdpa,666,461,15138816,2.2985029220581055,9.959261497977652,nan,nan,nan,nan,22.21030282974243,4.097999572753906,0.018635544925928116,4.097999572753906,13.995668139308691,6.143230676651001,4739.834045923849,1.9039126634597778,0.000415201696,16,2048,,3193.983580827713
adammini-adaptive_stochastic-r8,adammini,adaptive_stochastic,8,1.1B,sdpa,666,462,15171584,2.600554943084717,13.471211716860886,nan,nan,nan,nan,22.21030282974243,4.097999572753906,0.018635544925928116,4.097999572753906,13.995668139308691,6.160715341567993,4740.905736892235,2.104050397872925,0.000414801704,16,2048,,3200.173714160919
adammini-adaptive_stochastic-r8,adammini,adaptive_stochastic,8,1.1B,sdpa,666,463,15204352,2.3587090969085693,10.577288381210462,nan,nan,nan,nan,22.21030282974243,4.097999572753906,0.018635544925928116,4.097999572753906,13.995668139308691,6.14915132522583,4741.9898704313755,2.094238758087158,0.000414401712,16,2048,,3206.3522250652313
adammini-adaptive_stochastic-r8,adammini,adaptive_stochastic,8,1.1B,sdpa,666,464,15237120,2.375117063522339,10.752271811216737,nan,nan,nan,nan,22.21030282974243,4.097999572753906,0.018635544925928116,4.097999572753906,13.995668139308691,6.15302586555481,4743.064254764158,1.8449783325195312,0.00041400172000000005,16,2048,,3212.5345346927643
adammini-adaptive_stochastic-r8,adammini,adaptive_stochastic,8,1.1B,sdpa,666,465,15269888,2.1392767429351807,8.49329257306943,nan,nan,nan,nan,22.21030282974243,4.097999572753906,0.018635544925928116,4.097999572753906,13.995668139308691,6.1385297775268555,4744.1559101846315,1.6144434213638306,0.00041360172799999995,16,2048,,3218.702484846115
adammini-adaptive_stochastic-r8,adammini,adaptive_stochastic,8,1.1B,sdpa,666,466,15302656,2.4398000240325928,11.470746639763572,nan,nan,nan,nan,22.21030282974243,4.097999572753906,0.018635544925928116,4.097999572753906,13.995668139308691,6.15776252746582,4745.214905824452,1.6523627042770386,0.000413201736,16,2048,,3224.889638185501
adammini-adaptive_stochastic-r8,adammini,adaptive_stochastic,8,1.1B,sdpa,666,467,15335424,2.3581411838531494,10.571283106446206,nan,nan,nan,nan,22.21030282974243,4.097999572753906,0.018635544925928116,4.097999572753906,13.995668139308691,6.1647984981536865,4746.2594800655115,1.7636165618896484,0.00041280174400000003,16,2048,,3231.083830833435
adammini-adaptive_stochastic-r8,adammini,adaptive_stochastic,8,1.1B,sdpa,666,468,15368192,2.242929220199585,9.420886761514062,nan,nan,nan,nan,22.21030282974243,4.097999572753906,0.018635544925928116,4.097999572753906,13.995668139308691,6.17145037651062,4747.290349032268,2.1266520023345947,0.00041240175200000004,16,2048,,3237.2847781181335
adammini-adaptive_stochastic-r8,adammini,adaptive_stochastic,8,1.1B,sdpa,666,469,15400960,2.407633066177368,11.107638959575638,nan,nan,nan,nan,22.21030282974243,4.097999572753906,0.018635544925928116,4.097999572753906,13.995668139308691,6.150986909866333,4748.347110511314,2.0254080295562744,0.00041200176000000005,16,2048,,3243.4651143550873
adammini-adaptive_stochastic-r8,adammini,adaptive_stochastic,8,1.1B,sdpa,666,470,15433728,2.4727654457092285,11.855186435470452,nan,nan,nan,nan,22.21030282974243,4.097999572753906,0.018635544925928116,4.097999572753906,13.995668139308691,6.151967287063599,4749.398603057512,1.8501718044281006,0.000411601768,16,2048,,3249.6462738513947
adammini-adaptive_stochastic-r8,adammini,adaptive_stochastic,8,1.1B,sdpa,666,471,15466496,2.4157590866088867,11.198267587046184,nan,nan,nan,nan,22.21030282974243,4.097999572753906,0.018635544925928116,4.097999572753906,13.995668139308691,6.165572166442871,4750.426440045036,1.9049664735794067,0.000411201776,16,2048,,3255.841071367264
adammini-adaptive_stochastic-r8,adammini,adaptive_stochastic,8,1.1B,sdpa,666,472,15499264,2.472127676010132,11.847627967321946,nan,nan,nan,nan,22.21030282974243,4.097999572753906,0.018635544925928116,4.097999572753906,13.995668139308691,6.166084051132202,4751.44959941068,1.8100372552871704,0.00041080178400000004,16,2048,,3262.0365641117096
adammini-adaptive_stochastic-r8,adammini,adaptive_stochastic,8,1.1B,sdpa,666,473,15532032,2.5757861137390137,13.141643925794671,nan,nan,nan,nan,22.21030282974243,4.097999572753906,0.018635544925928116,4.097999572753906,13.995668139308691,6.141875267028809,4752.5039206463225,1.9104806184768677,0.000410401792,16,2048,,3268.2079124450684
adammini-adaptive_stochastic-r8,adammini,adaptive_stochastic,8,1.1B,sdpa,666,474,15564800,2.6909868717193604,14.746221370853561,nan,nan,nan,nan,22.21030282974243,4.097999572753906,0.018635544925928116,4.097999572753906,13.995668139308691,6.141807556152344,4753.554206418711,2.3617005348205566,0.00041000180000000006,16,2048,,3274.3787870407104
adammini-adaptive_stochastic-r8,adammini,adaptive_stochastic,8,1.1B,sdpa,666,475,15597568,2.3296303749084473,10.27414324997693,nan,nan,nan,nan,22.21030282974243,4.097999572753906,0.018635544925928116,4.097999572753906,13.995668139308691,6.163738965988159,4754.569309647273,1.848915457725525,0.000409601808,16,2048,,3280.5719413757324
adammini-adaptive_stochastic-r8,adammini,adaptive_stochastic,8,1.1B,sdpa,666,476,15630336,2.4463536739349365,11.54616877253536,nan,nan,nan,nan,22.21030282974243,4.097999572753906,0.018635544925928116,4.097999572753906,13.995668139308691,6.156146764755249,4755.591092579592,1.8727812767028809,0.000409201816,16,2048,,3286.757714509964
adammini-adaptive_stochastic-r8,adammini,adaptive_stochastic,8,1.1B,sdpa,666,477,15663104,2.461015462875366,11.71670337840121,nan,nan,nan,nan,22.21030282974243,4.097999572753906,0.018635544925928116,4.097999572753906,13.995668139308691,6.151666879653931,4756.615215587483,1.9361075162887573,0.000408801824,16,2048,,3292.938596725464
adammini-adaptive_stochastic-r8,adammini,adaptive_stochastic,8,1.1B,sdpa,666,478,15695872,2.468168020248413,11.800808195242006,nan,nan,nan,nan,22.21030282974243,4.097999572753906,0.018635544925928116,4.097999572753906,13.995668139308691,6.166131258010864,4757.6151270068885,1.794222354888916,0.00040840183199999995,16,2048,,3299.134243249893
adammini-adaptive_stochastic-r8,adammini,adaptive_stochastic,8,1.1B,sdpa,666,479,15728640,2.472200393676758,11.848489530507836,nan,nan,nan,nan,22.21030282974243,4.097999572753906,0.018635544925928116,4.097999572753906,13.995668139308691,6.168323993682861,4758.607790219886,2.0368313789367676,0.00040800184,16,2048,,3305.3322172164917
adammini-adaptive_stochastic-r8,adammini,adaptive_stochastic,8,1.1B,sdpa,666,480,15761408,2.336190938949585,10.341769013756743,nan,nan,nan,nan,22.21030282974243,4.097999572753906,0.018635544925928116,4.097999572753906,13.995668139308691,6.147799491882324,4759.626147796192,1.732142686843872,0.00040760184800000003,16,2048,,3311.5094707012177
adammini-adaptive_stochastic-r8,adammini,adaptive_stochastic,8,1.1B,sdpa,666,481,15794176,2.399428606033325,11.016879603305721,nan,nan,nan,nan,22.21030282974243,4.097999572753906,0.018635544925928116,4.097999572753906,13.995668139308691,6.174942970275879,4760.601987172612,1.7712572813034058,0.00040720185600000004,16,2048,,3317.7137491703033
adammini-adaptive_stochastic-r8,adammini,adaptive_stochastic,8,1.1B,sdpa,666,482,15826944,2.4226534366607666,11.275739114816771,nan,nan,nan,nan,22.21030282974243,4.097999572753906,0.018635544925928116,4.097999572753906,13.995668139308691,6.1453611850738525,4761.616550845342,1.8801696300506592,0.000406801864,16,2048,,3323.8885276317596
adammini-adaptive_stochastic-r8,adammini,adaptive_stochastic,8,1.1B,sdpa,666,483,15859712,2.4966955184936523,12.142303575473397,nan,nan,nan,nan,22.21030282974243,4.097999572753906,0.018635544925928116,4.097999572753906,13.995668139308691,6.1578333377838135,4762.609625470013,1.799881935119629,0.000406401872,16,2048,,3330.075957775116
adammini-adaptive_stochastic-r8,adammini,adaptive_stochastic,8,1.1B,sdpa,666,484,15892480,2.448948383331299,11.576166626167701,nan,nan,nan,nan,22.21030282974243,4.097999572753906,0.018635544925928116,4.097999572753906,13.995668139308691,6.142232418060303,4763.620902247119,1.8869564533233643,0.00040600188,16,2048,,3336.2474393844604
adammini-adaptive_stochastic-r8,adammini,adaptive_stochastic,8,1.1B,sdpa,666,485,15925248,2.401026964187622,11.034502602835211,nan,nan,nan,nan,22.21030282974243,4.097999572753906,0.018635544925928116,4.097999572753906,13.995668139308691,6.157405614852905,4764.607307917063,1.9327021837234497,0.00040560188800000004,16,2048,,3342.4342238903046
adammini-adaptive_stochastic-r8,adammini,adaptive_stochastic,8,1.1B,sdpa,666,486,15958016,2.3324482440948486,10.303135270334137,nan,nan,nan,nan,22.21030282974243,4.097999572753906,0.018635544925928116,4.097999572753906,13.995668139308691,6.16095757484436,4765.584874934101,1.7077126502990723,0.000405201896,16,2048,,3348.6243472099304
adammini-adaptive_stochastic-r8,adammini,adaptive_stochastic,8,1.1B,sdpa,666,487,15990784,2.4693336486816406,11.814571572743173,nan,nan,nan,nan,22.21030282974243,4.097999572753906,0.018635544925928116,4.097999572753906,13.995668139308691,6.162862062454224,4766.556520282565,1.7295677661895752,0.000404801904,16,2048,,3354.8165304660797
adammini-adaptive_stochastic-r8,adammini,adaptive_stochastic,8,1.1B,sdpa,666,488,16023552,2.3324222564697266,10.302867519796264,nan,nan,nan,nan,22.21030282974243,4.097999572753906,0.018635544925928116,4.097999572753906,13.995668139308691,6.149770498275757,4767.5428348978285,1.7007948160171509,0.00040440191199999997,16,2048,,3360.995924472809
adammini-adaptive_stochastic-r8,adammini,adaptive_stochastic,8,1.1B,sdpa,666,489,16056320,2.317450523376465,10.149764704297322,nan,nan,nan,nan,22.21030282974243,4.097999572753906,0.018635544925928116,4.097999572753906,13.995668139308691,6.159577131271362,4768.511241027789,1.6236451864242554,0.00040400192000000003,16,2048,,3367.1848759651184
adammini-adaptive_stochastic-r8,adammini,adaptive_stochastic,8,1.1B,sdpa,666,490,16089088,2.4493215084075928,11.580486790153918,nan,nan,nan,nan,22.21030282974243,4.097999572753906,0.018635544925928116,4.097999572753906,13.995668139308691,6.16357946395874,4769.470759128855,1.7970396280288696,0.000403601928,16,2048,,3373.377985239029
adammini-adaptive_stochastic-r8,adammini,adaptive_stochastic,8,1.1B,sdpa,666,491,16121856,2.3676111698150635,10.671868528619065,nan,nan,nan,nan,22.21030282974243,4.097999572753906,0.018635544925928116,4.097999572753906,13.995668139308691,6.150094985961914,4770.445601675818,1.7203428745269775,0.000403201936,16,2048,,3379.5575892925262
adammini-adaptive_stochastic-r8,adammini,adaptive_stochastic,8,1.1B,sdpa,666,492,16154624,2.380362033843994,10.808815312625757,nan,nan,nan,nan,22.21030282974243,4.097999572753906,0.018635544925928116,4.097999572753906,13.995668139308691,6.167474269866943,4771.392414628961,1.9273220300674438,0.00040280194399999996,16,2048,,3385.7539818286896
adammini-adaptive_stochastic-r8,adammini,adaptive_stochastic,8,1.1B,sdpa,666,493,16187392,2.2955100536346436,9.929499298109102,nan,nan,nan,nan,22.21030282974243,4.097999572753906,0.018635544925928116,4.097999572753906,13.995668139308691,6.1749587059021,4772.325869248488,1.887191891670227,0.00040240195200000003,16,2048,,3391.9581644535065
adammini-adaptive_stochastic-r8,adammini,adaptive_stochastic,8,1.1B,sdpa,666,494,16220160,2.3004956245422363,9.97912712967796,nan,nan,nan,nan,22.21030282974243,4.097999572753906,0.018635544925928116,4.097999572753906,13.995668139308691,6.169958591461182,4773.262883690937,1.9143249988555908,0.00040200196000000004,16,2048,,3398.1574919223785
adammini-adaptive_stochastic-r8,adammini,adaptive_stochastic,8,1.1B,sdpa,666,495,16252928,2.2631020545959473,9.612862588071552,nan,nan,nan,nan,22.21030282974243,4.097999572753906,0.018635544925928116,4.097999572753906,13.995668139308691,6.119682788848877,4774.2666037996905,1.8124545812606812,0.00040160196800000005,16,2048,,3404.306598186493
adammini-adaptive_stochastic-r8,adammini,adaptive_stochastic,8,1.1B,sdpa,666,496,16285696,2.3243985176086426,10.220530767336127,nan,nan,nan,nan,22.21030282974243,4.097999572753906,0.018635544925928116,4.097999572753906,13.995668139308691,6.15357780456543,4775.219183830816,1.9293581247329712,0.000401201976,16,2048,,3410.4894483089447
adammini-adaptive_stochastic-r8,adammini,adaptive_stochastic,8,1.1B,sdpa,666,497,16318464,2.426389217376709,11.317941584063625,nan,nan,nan,nan,22.21030282974243,4.097999572753906,0.018635544925928116,4.097999572753906,13.995668139308691,6.158420085906982,4776.1617363839505,1.8417589664459229,0.000400801984,16,2048,,3416.677171945572
adammini-adaptive_stochastic-r8,adammini,adaptive_stochastic,8,1.1B,sdpa,666,498,16351232,2.409268617630005,11.125820939339935,nan,nan,nan,nan,22.21030282974243,4.097999572753906,0.018635544925928116,4.097999572753906,13.995668139308691,6.141972780227661,4777.123799053187,1.915732502937317,0.000400401992,16,2048,,3422.8485050201416
adammini-adaptive_stochastic-r8,adammini,adaptive_stochastic,8,1.1B,sdpa,666,499,16384000,2.2824721336364746,9.800879569476686,nan,nan,nan,nan,22.21030282974243,4.097999572753906,0.018635544925928116,4.097999572753906,13.995668139308691,6.1581127643585205,4778.059851384874,1.550453543663025,0.00040000200000000005,16,2048,,3429.0358924865723
adammini-adaptive_stochastic-r8,adammini,adaptive_stochastic,8,1.1B,sdpa,666,500,16416768,2.1010046005249023,8.174377773268546,2.4625003620019172,11.73411442463836,nan,nan,22.21030282974243,4.097999572753906,0.018635544925928116,4.097999572753906,13.995668139308691,6.162988185882568,4778.985765997054,1.6875355243682861,0.000399602008,16,2048,,3448.9687974452972
adammini-adaptive_stochastic-r8,adammini,adaptive_stochastic,8,1.1B,sdpa,666,501,16449536,2.4298548698425293,11.357233683275426,nan,nan,nan,nan,22.21030282974243,4.097999572753906,0.018635544925928116,4.097999572753906,13.995668139308691,6.155665397644043,4760.909384601592,1.5468097925186157,0.000399202016,16,2048,,3455.153814315796
adammini-adaptive_stochastic-r8,adammini,adaptive_stochastic,8,1.1B,sdpa,666,502,16482304,2.2421467304229736,9.413517897342993,nan,nan,nan,nan,22.21030282974243,4.097999572753906,0.018635544925928116,4.097999572753906,13.995668139308691,6.152933597564697,4761.872921868553,1.7163341045379639,0.000398802024,16,2048,,3461.336254835129
adammini-adaptive_stochastic-r8,adammini,adaptive_stochastic,8,1.1B,sdpa,666,503,16515072,2.2559523582458496,9.544378650920184,nan,nan,nan,nan,22.21030282974243,4.097999572753906,0.018635544925928116,4.097999572753906,13.995668139308691,6.129457712173462,4762.864907419937,1.62415611743927,0.000398402032,16,2048,,3467.4953067302704
adammini-adaptive_stochastic-r8,adammini,adaptive_stochastic,8,1.1B,sdpa,666,504,16547840,2.2384204864501953,9.378506104767153,nan,nan,nan,nan,22.21030282974243,4.097999572753906,0.018635544925928116,4.097999572753906,13.995668139308691,6.155587673187256,4763.81749058144,1.7309237718582153,0.00039800204,16,2048,,3473.680448770523
adammini-adaptive_stochastic-r8,adammini,adaptive_stochastic,8,1.1B,sdpa,666,505,16580608,2.367872714996338,10.674660069449033,nan,nan,nan,nan,22.21030282974243,4.097999572753906,0.018635544925928116,4.097999572753906,13.995668139308691,6.1450276374816895,4764.781162494068,1.8280558586120605,0.000397602048,16,2048,,3479.8549966812134
adammini-adaptive_stochastic-r8,adammini,adaptive_stochastic,8,1.1B,sdpa,666,506,16613376,2.4417061805725098,11.49263253082914,nan,nan,nan,nan,22.21030282974243,4.097999572753906,0.018635544925928116,4.097999572753906,13.995668139308691,6.157748699188232,4765.724085320867,1.9630388021469116,0.00039720205600000003,16,2048,,3486.0421254634857
adammini-adaptive_stochastic-r8,adammini,adaptive_stochastic,8,1.1B,sdpa,666,507,16646144,2.4691553115844727,11.812464784209467,nan,nan,nan,nan,22.21030282974243,4.097999572753906,0.018635544925928116,4.097999572753906,13.995668139308691,6.152482271194458,4766.6710242201025,1.7814586162567139,0.00039680206400000004,16,2048,,3492.2243328094482
adammini-adaptive_stochastic-r8,adammini,adaptive_stochastic,8,1.1B,sdpa,666,508,16678912,2.323085308074951,10.207117877787855,nan,nan,nan,nan,22.21030282974243,4.097999572753906,0.018635544925928116,4.097999572753906,13.995668139308691,6.167394638061523,4767.593857218009,1.9699262380599976,0.000396402072,16,2048,,3498.4209990501404
adammini-adaptive_stochastic-r8,adammini,adaptive_stochastic,8,1.1B,sdpa,666,509,16711680,2.413864850997925,11.17707550753422,nan,nan,nan,nan,22.21030282974243,4.097999572753906,0.018635544925928116,4.097999572753906,13.995668139308691,6.171267509460449,4768.508735355903,1.9473093748092651,0.00039600208000000007,16,2048,,3504.621836423874
adammini-adaptive_stochastic-r8,adammini,adaptive_stochastic,8,1.1B,sdpa,666,510,16744448,2.212428092956543,9.137877093040265,nan,nan,nan,nan,22.21030282974243,4.097999572753906,0.018635544925928116,4.097999572753906,13.995668139308691,6.149889230728149,4769.4490597970735,1.6056180000305176,0.000395602088,16,2048,,3510.8011434078217
adammini-adaptive_stochastic-r8,adammini,adaptive_stochastic,8,1.1B,sdpa,666,511,16777216,2.326477527618408,10.241801456432816,nan,nan,nan,nan,22.21030282974243,4.097999572753906,0.018635544925928116,4.097999572753906,13.995668139308691,6.1544718742370605,4770.380079025531,1.6188452243804932,0.000395202096,16,2048,,3516.984891653061
adammini-adaptive_stochastic-r8,adammini,adaptive_stochastic,8,1.1B,sdpa,666,512,16809984,2.3290743827819824,10.268432494938303,nan,nan,nan,nan,22.21030282974243,4.097999572753906,0.018635544925928116,4.097999572753906,13.995668139308691,6.143654823303223,4771.3226042634815,1.91176438331604,0.000394802104,16,2048,,3523.1581065654755
adammini-adaptive_stochastic-r8,adammini,adaptive_stochastic,8,1.1B,sdpa,666,513,16842752,2.4719743728637695,11.845811827891128,nan,nan,nan,nan,22.21030282974243,4.097999572753906,0.018635544925928116,4.097999572753906,13.995668139308691,6.157381534576416,4772.242845936601,1.795141577720642,0.00039440211199999995,16,2048,,3529.3449981212616
adammini-adaptive_stochastic-r8,adammini,adaptive_stochastic,8,1.1B,sdpa,666,514,16875520,2.5038509368896484,12.229498423626238,nan,nan,nan,nan,22.21030282974243,4.097999572753906,0.018635544925928116,4.097999572753906,13.995668139308691,6.152525186538696,4773.166552623774,2.039731502532959,0.00039400212,16,2048,,3535.5269680023193
adammini-adaptive_stochastic-r8,adammini,adaptive_stochastic,8,1.1B,sdpa,666,515,16908288,2.584516763687134,13.256881335406266,nan,nan,nan,nan,22.21030282974243,4.097999572753906,0.018635544925928116,4.097999572753906,13.995668139308691,6.149576425552368,4774.091214199207,2.0028979778289795,0.000393602128,16,2048,,3541.70592713356
adammini-adaptive_stochastic-r8,adammini,adaptive_stochastic,8,1.1B,sdpa,666,516,16941056,2.357382297515869,10.563263747405076,nan,nan,nan,nan,22.21030282974243,4.097999572753906,0.018635544925928116,4.097999572753906,13.995668139308691,6.159883260726929,4774.998752713895,1.7652770280838013,0.000393202136,16,2048,,3547.895346879959
adammini-adaptive_stochastic-r8,adammini,adaptive_stochastic,8,1.1B,sdpa,666,517,16973824,2.3782906532287598,10.786449314358157,nan,nan,nan,nan,22.21030282974243,4.097999572753906,0.018635544925928116,4.097999572753906,13.995668139308691,6.152222394943237,4775.913240080584,1.7501429319381714,0.00039280214399999995,16,2048,,3554.07715511322
adammini-adaptive_stochastic-r8,adammini,adaptive_stochastic,8,1.1B,sdpa,666,518,17006592,2.1466457843780518,8.556111170181152,nan,nan,nan,nan,22.21030282974243,4.097999572753906,0.018635544925928116,4.097999572753906,13.995668139308691,6.139984846115112,4776.840901073983,1.7995115518569946,0.00039240215199999996,16,2048,,3560.2467262744904
adammini-adaptive_stochastic-r8,adammini,adaptive_stochastic,8,1.1B,sdpa,666,519,17039360,2.521718978881836,12.449979531857261,nan,nan,nan,nan,22.21030282974243,4.097999572753906,0.018635544925928116,4.097999572753906,13.995668139308691,6.16644024848938,4777.729911061507,1.871427059173584,0.00039200216000000003,16,2048,,3566.4423978328705
adammini-adaptive_stochastic-r8,adammini,adaptive_stochastic,8,1.1B,sdpa,666,520,17072128,2.351856231689453,10.505051447234079,nan,nan,nan,nan,22.21030282974243,4.097999572753906,0.018635544925928116,4.097999572753906,13.995668139308691,6.167656898498535,4778.614660339708,1.7715320587158203,0.00039160216800000004,16,2048,,3572.639533996582
adammini-adaptive_stochastic-r8,adammini,adaptive_stochastic,8,1.1B,sdpa,666,521,17104896,2.3163228034973145,10.138325064438591,nan,nan,nan,nan,22.21030282974243,4.097999572753906,0.018635544925928116,4.097999572753906,13.995668139308691,6.152432441711426,4779.516420702199,1.7699880599975586,0.000391202176,16,2048,,3578.821315050125
adammini-adaptive_stochastic-r8,adammini,adaptive_stochastic,8,1.1B,sdpa,666,522,17137664,2.3207480907440186,10.183289481901985,nan,nan,nan,nan,22.21030282974243,4.097999572753906,0.018635544925928116,4.097999572753906,13.995668139308691,6.145534515380859,4780.424275260597,2.050196647644043,0.000390802184,16,2048,,3584.996433734894
adammini-adaptive_stochastic-r8,adammini,adaptive_stochastic,8,1.1B,sdpa,666,523,17170432,2.301703453063965,9.991187486002126,nan,nan,nan,nan,22.21030282974243,4.097999572753906,0.018635544925928116,4.097999572753906,13.995668139308691,6.17624044418335,4781.287941368336,1.8831899166107178,0.00039040219199999997,16,2048,,3591.2021079063416
adammini-adaptive_stochastic-r8,adammini,adaptive_stochastic,8,1.1B,sdpa,666,524,17203200,2.220738649368286,9.214134367401652,nan,nan,nan,nan,22.21030282974243,4.097999572753906,0.018635544925928116,4.097999572753906,13.995668139308691,6.1452953815460205,4782.190023552976,1.62484610080719,0.00039000220000000004,16,2048,,3597.3768227100372
adammini-adaptive_stochastic-r8,adammini,adaptive_stochastic,8,1.1B,sdpa,666,525,17235968,2.402017116546631,11.045433852526147,nan,nan,nan,nan,22.21030282974243,4.097999572753906,0.018635544925928116,4.097999572753906,13.995668139308691,6.151798963546753,4783.0803369146415,1.7494267225265503,0.000389602208,16,2048,,3603.5581040382385
adammini-adaptive_stochastic-r8,adammini,adaptive_stochastic,8,1.1B,sdpa,666,526,17268736,2.4833946228027344,11.981869386619376,nan,nan,nan,nan,22.21030282974243,4.097999572753906,0.018635544925928116,4.097999572753906,13.995668139308691,6.159454584121704,4783.957312324935,1.6168888807296753,0.000389202216,16,2048,,3609.746827363968
adammini-adaptive_stochastic-r8,adammini,adaptive_stochastic,8,1.1B,sdpa,666,527,17301504,2.4357733726501465,11.424650810149727,nan,nan,nan,nan,22.21030282974243,4.097999572753906,0.018635544925928116,4.097999572753906,13.995668139308691,6.1493120193481445,4784.845076540622,1.7003514766693115,0.000388802224,16,2048,,3615.9255471229553
adammini-adaptive_stochastic-r8,adammini,adaptive_stochastic,8,1.1B,sdpa,666,528,17334272,2.37284517288208,10.727871553381148,nan,nan,nan,nan,22.21030282974243,4.097999572753906,0.018635544925928116,4.097999572753906,13.995668139308691,6.130826950073242,4785.754002783247,1.6231422424316406,0.000388402232,16,2048,,3622.0859282016754
adammini-adaptive_stochastic-r8,adammini,adaptive_stochastic,8,1.1B,sdpa,666,529,17367040,2.5674216747283936,13.032179887523691,nan,nan,nan,nan,22.21030282974243,4.097999572753906,0.018635544925928116,4.097999572753906,13.995668139308691,6.157989263534546,4786.623851284202,2.578639268875122,0.00038800224,16,2048,,3628.273063182831
adammini-adaptive_stochastic-r8,adammini,adaptive_stochastic,8,1.1B,sdpa,666,530,17399808,2.32316255569458,10.2079063838019,nan,nan,nan,nan,22.21030282974243,4.097999572753906,0.018635544925928116,4.097999572753906,13.995668139308691,6.163376808166504,4787.484060164327,1.8335925340652466,0.000387602248,16,2048,,3634.466036081314
adammini-adaptive_stochastic-r8,adammini,adaptive_stochastic,8,1.1B,sdpa,666,531,17432576,2.3848257064819336,10.857170165615715,nan,nan,nan,nan,22.21030282974243,4.097999572753906,0.018635544925928116,4.097999572753906,13.995668139308691,6.145436525344849,4788.364498801776,1.6930277347564697,0.00038720225599999996,16,2048,,3640.6410138607025
adammini-adaptive_stochastic-r8,adammini,adaptive_stochastic,8,1.1B,sdpa,666,532,17465344,2.1053578853607178,8.210040737270354,nan,nan,nan,nan,22.21030282974243,4.097999572753906,0.018635544925928116,4.097999572753906,13.995668139308691,6.148804426193237,4789.237596065552,1.829615592956543,0.0003868022640000001,16,2048,,3646.8193702697754
adammini-adaptive_stochastic-r8,adammini,adaptive_stochastic,8,1.1B,sdpa,666,533,17498112,2.3344507217407227,10.323787739548141,nan,nan,nan,nan,22.21030282974243,4.097999572753906,0.018635544925928116,4.097999572753906,13.995668139308691,6.174072980880737,4790.074536969066,1.6779714822769165,0.000386402272,16,2048,,3653.022906780243
adammini-adaptive_stochastic-r8,adammini,adaptive_stochastic,8,1.1B,sdpa,666,534,17530880,2.3670811653137207,10.666213888885784,nan,nan,nan,nan,22.21030282974243,4.097999572753906,0.018635544925928116,4.097999572753906,13.995668139308691,6.145728349685669,4790.945868730784,1.7580945491790771,0.00038600228000000006,16,2048,,3659.1981625556946
adammini-adaptive_stochastic-r8,adammini,adaptive_stochastic,8,1.1B,sdpa,666,535,17563648,2.439690589904785,11.469491417293089,nan,nan,nan,nan,22.21030282974243,4.097999572753906,0.018635544925928116,4.097999572753906,13.995668139308691,6.147040605545044,4791.812474491332,2.663315773010254,0.000385602288,16,2048,,3665.3745369911194
adammini-adaptive_stochastic-r8,adammini,adaptive_stochastic,8,1.1B,sdpa,666,536,17596416,2.4037675857543945,11.064785476641106,nan,nan,nan,nan,22.21030282974243,4.097999572753906,0.018635544925928116,4.097999572753906,13.995668139308691,6.129148721694946,4792.699759060974,2.1538619995117188,0.000385202296,16,2048,,3671.533243894577
adammini-adaptive_stochastic-r8,adammini,adaptive_stochastic,8,1.1B,sdpa,666,537,17629184,2.390840530395508,10.922670922647152,nan,nan,nan,nan,22.21030282974243,4.097999572753906,0.018635544925928116,4.097999572753906,13.995668139308691,6.136688709259033,4793.573964778854,1.8950949907302856,0.00038480230400000004,16,2048,,3677.6992840766907
adammini-adaptive_stochastic-r8,adammini,adaptive_stochastic,8,1.1B,sdpa,666,538,17661952,2.451711654663086,11.608198952159483,nan,nan,nan,nan,22.21030282974243,4.097999572753906,0.018635544925928116,4.097999572753906,13.995668139308691,6.154260158538818,4794.422660244179,1.8480619192123413,0.00038440231200000005,16,2048,,3683.8827991485596
adammini-adaptive_stochastic-r8,adammini,adaptive_stochastic,8,1.1B,sdpa,666,539,17694720,2.3101463317871094,10.0758989714445,nan,nan,nan,nan,22.21030282974243,4.097999572753906,0.018635544925928116,4.097999572753906,13.995668139308691,6.169996976852417,4795.247990783055,1.7781566381454468,0.00038400232,16,2048,,3690.082231760025
adammini-adaptive_stochastic-r8,adammini,adaptive_stochastic,8,1.1B,sdpa,666,540,17727488,2.483691692352295,11.985429363915198,nan,nan,nan,nan,22.21030282974243,4.097999572753906,0.018635544925928116,4.097999572753906,13.995668139308691,6.1433374881744385,4796.1052224144505,1.968590497970581,0.000383602328,16,2048,,3696.255185842514
adammini-adaptive_stochastic-r8,adammini,adaptive_stochastic,8,1.1B,sdpa,666,541,17760256,2.3630387783050537,10.623183954848468,nan,nan,nan,nan,22.21030282974243,4.097999572753906,0.018635544925928116,4.097999572753906,13.995668139308691,6.156606674194336,4796.942099132725,1.6116390228271484,0.000383202336,16,2048,,3702.441219806671
adammini-adaptive_stochastic-r8,adammini,adaptive_stochastic,8,1.1B,sdpa,666,542,17793024,2.323046922683716,10.206726081094413,nan,nan,nan,nan,22.21030282974243,4.097999572753906,0.018635544925928116,4.097999572753906,13.995668139308691,6.164519548416138,4797.766085322215,1.8051120042800903,0.00038280234400000005,16,2048,,3708.6352043151855
adammini-adaptive_stochastic-r8,adammini,adaptive_stochastic,8,1.1B,sdpa,666,543,17825792,2.529968738555908,12.553113702072052,nan,nan,nan,nan,22.21030282974243,4.097999572753906,0.018635544925928116,4.097999572753906,13.995668139308691,6.14622950553894,4798.610911471771,2.894148588180542,0.000382402352,16,2048,,3714.810442686081
adammini-adaptive_stochastic-r8,adammini,adaptive_stochastic,8,1.1B,sdpa,666,544,17858560,2.3551619052886963,10.539835178618286,nan,nan,nan,nan,22.21030282974243,4.097999572753906,0.018635544925928116,4.097999572753906,13.995668139308691,6.160867214202881,4799.434686496455,1.9005028009414673,0.00038200236,16,2048,,3721.0007309913635
adammini-adaptive_stochastic-r8,adammini,adaptive_stochastic,8,1.1B,sdpa,666,545,17891328,2.10614275932312,8.216487113940973,nan,nan,nan,nan,22.21030282974243,4.097999572753906,0.018635544925928116,4.097999572753906,13.995668139308691,6.158944845199585,4800.2576862598435,1.5982050895690918,0.000381602368,16,2048,,3727.189131975174
adammini-adaptive_stochastic-r8,adammini,adaptive_stochastic,8,1.1B,sdpa,666,546,17924096,2.1249959468841553,8.372863551872562,nan,nan,nan,nan,22.21030282974243,4.097999572753906,0.018635544925928116,4.097999572753906,13.995668139308691,6.124130010604858,4801.122632664015,1.78481924533844,0.00038120237600000004,16,2048,,3733.342657327652
adammini-adaptive_stochastic-r8,adammini,adaptive_stochastic,8,1.1B,sdpa,666,547,17956864,2.3276963233947754,10.254291730790971,nan,nan,nan,nan,22.21030282974243,4.097999572753906,0.018635544925928116,4.097999572753906,13.995668139308691,6.15283727645874,4801.947906901991,1.6521174907684326,0.00038080238400000006,16,2048,,3739.5250029563904
adammini-adaptive_stochastic-r8,adammini,adaptive_stochastic,8,1.1B,sdpa,666,548,17989632,2.2972264289855957,9.94655668019925,nan,nan,nan,nan,22.21030282974243,4.097999572753906,0.018635544925928116,4.097999572753906,13.995668139308691,6.159126043319702,4802.762301022415,1.548259973526001,0.00038040239200000007,16,2048,,3745.7134804725647
adammini-adaptive_stochastic-r8,adammini,adaptive_stochastic,8,1.1B,sdpa,666,549,18022400,2.249485731124878,9.482857843529956,nan,nan,nan,nan,22.21030282974243,4.097999572753906,0.018635544925928116,4.097999572753906,13.995668139308691,6.19822096824646,4803.524252554732,1.768093466758728,0.0003800024,16,2048,,3751.9410288333893
adammini-adaptive_stochastic-r8,adammini,adaptive_stochastic,8,1.1B,sdpa,666,550,18055168,1.9049867391586304,6.719318523227101,2.4574770348055788,11.675317929179748,nan,nan,22.21030282974243,4.097999572753906,0.018635544925928116,4.097999572753906,13.995668139308691,6.090948820114136,4804.420755977046,1.7982685565948486,0.000379602408,16,2048,,3770.81498336792
adammini-adaptive_stochastic-r8,adammini,adaptive_stochastic,8,1.1B,sdpa,666,551,18087936,2.3219292163848877,10.19532433215345,nan,nan,nan,nan,22.21030282974243,4.097999572753906,0.018635544925928116,4.097999572753906,13.995668139308691,6.216420412063599,4788.928900880767,1.5859183073043823,0.000379202416,16,2048,,3777.0608990192413
adammini-adaptive_stochastic-r8,adammini,adaptive_stochastic,8,1.1B,sdpa,666,552,18120704,2.3404653072357178,10.386068151219549,nan,nan,nan,nan,22.21030282974243,4.097999572753906,0.018635544925928116,4.097999572753906,13.995668139308691,6.16313910484314,4789.751449791625,1.5909748077392578,0.000378802424,16,2048,,3783.253587961197
adammini-adaptive_stochastic-r8,adammini,adaptive_stochastic,8,1.1B,sdpa,666,553,18153472,2.444082260131836,11.51997240806737,nan,nan,nan,nan,22.21030282974243,4.097999572753906,0.018635544925928116,4.097999572753906,13.995668139308691,6.148173570632935,4790.590187260912,1.8593286275863647,0.000378402432,16,2048,,3789.431006669998
adammini-adaptive_stochastic-r8,adammini,adaptive_stochastic,8,1.1B,sdpa,666,554,18186240,2.4825124740600586,11.971304256298415,nan,nan,nan,nan,22.21030282974243,4.097999572753906,0.018635544925928116,4.097999572753906,13.995668139308691,6.149887800216675,4791.424383210303,4.283626556396484,0.00037800244,16,2048,,3795.6105122566223
adammini-adaptive_stochastic-r8,adammini,adaptive_stochastic,8,1.1B,sdpa,666,555,18219008,2.5788872241973877,13.182460871430688,nan,nan,nan,nan,22.21030282974243,4.097999572753906,0.018635544925928116,4.097999572753906,13.995668139308691,6.137883901596069,4792.270470510532,1.8682702779769897,0.000377602448,16,2048,,3801.7777297496796
adammini-adaptive_stochastic-r8,adammini,adaptive_stochastic,8,1.1B,sdpa,666,556,18251776,2.489262342453003,12.052382309784623,nan,nan,nan,nan,22.21030282974243,4.097999572753906,0.018635544925928116,4.097999572753906,13.995668139308691,6.152230978012085,4793.09619626304,1.777430772781372,0.00037720245599999995,16,2048,,3807.959613084793
adammini-adaptive_stochastic-r8,adammini,adaptive_stochastic,8,1.1B,sdpa,666,557,18284544,2.2751550674438477,9.729427613059508,nan,nan,nan,nan,22.21030282974243,4.097999572753906,0.018635544925928116,4.097999572753906,13.995668139308691,6.140650033950806,4793.933461091961,1.7799381017684937,0.000376802464,16,2048,,3814.1295459270477
adammini-adaptive_stochastic-r8,adammini,adaptive_stochastic,8,1.1B,sdpa,666,558,18317312,2.3884897232055664,10.897023986620676,nan,nan,nan,nan,22.21030282974243,4.097999572753906,0.018635544925928116,4.097999572753906,13.995668139308691,6.138848781585693,4794.770668373378,1.8626117706298828,0.000376402472,16,2048,,3820.2978501319885
adammini-adaptive_stochastic-r8,adammini,adaptive_stochastic,8,1.1B,sdpa,666,559,18350080,2.085732936859131,8.050489820602225,nan,nan,nan,nan,22.21030282974243,4.097999572753906,0.018635544925928116,4.097999572753906,13.995668139308691,6.144619703292847,4795.597726718882,1.7491700649261475,0.00037600248000000004,16,2048,,3826.472015142441
adammini-adaptive_stochastic-r8,adammini,adaptive_stochastic,8,1.1B,sdpa,666,560,18382848,2.4040327072143555,11.067719377623698,nan,nan,nan,nan,22.21030282974243,4.097999572753906,0.018635544925928116,4.097999572753906,13.995668139308691,6.157457113265991,4796.405968827547,1.5539500713348389,0.000375602488,16,2048,,3832.659025669098
adammini-adaptive_stochastic-r8,adammini,adaptive_stochastic,8,1.1B,sdpa,666,561,18415616,2.517322540283203,12.395364105944774,nan,nan,nan,nan,22.21030282974243,4.097999572753906,0.018635544925928116,4.097999572753906,13.995668139308691,6.214925050735474,4797.139794990679,1.8176616430282593,0.000375202496,16,2048,,3838.903100013733
adammini-adaptive_stochastic-r8,adammini,adaptive_stochastic,8,1.1B,sdpa,666,562,18448384,2.1963882446289062,8.99247615229269,nan,nan,nan,nan,22.21030282974243,4.097999572753906,0.018635544925928116,4.097999572753906,13.995668139308691,6.100154638290405,4798.014888404401,1.9677023887634277,0.000374802504,16,2048,,3845.0328414440155
adammini-adaptive_stochastic-r8,adammini,adaptive_stochastic,8,1.1B,sdpa,666,563,18481152,2.4043591022491455,11.071332415881802,nan,nan,nan,nan,22.21030282974243,4.097999572753906,0.018635544925928116,4.097999572753906,13.995668139308691,6.164902448654175,4798.80600070407,1.5368775129318237,0.00037440251200000004,16,2048,,3851.217401742935
adammini-adaptive_stochastic-r8,adammini,adaptive_stochastic,8,1.1B,sdpa,666,564,18513920,2.3853278160095215,10.862623023049787,nan,nan,nan,nan,22.21030282974243,4.097999572753906,0.018635544925928116,4.097999572753906,13.995668139308691,6.164954423904419,4799.606847738805,1.5818041563034058,0.00037400252,16,2048,,3857.4117386341095
adammini-adaptive_stochastic-r8,adammini,adaptive_stochastic,8,1.1B,sdpa,666,565,18546688,2.2846086025238037,9.821841227737394,nan,nan,nan,nan,22.21030282974243,4.097999572753906,0.018635544925928116,4.097999572753906,13.995668139308691,6.163046360015869,4800.395460433218,1.6119482517242432,0.000373602528,16,2048,,3863.604249238968
adammini-adaptive_stochastic-r8,adammini,adaptive_stochastic,8,1.1B,sdpa,666,566,18579456,2.269179344177246,9.671460615964536,nan,nan,nan,nan,22.21030282974243,4.097999572753906,0.018635544925928116,4.097999572753906,13.995668139308691,6.138667821884155,4801.211647742135,1.5663459300994873,0.00037320253599999997,16,2048,,3869.771867752075
adammini-adaptive_stochastic-r8,adammini,adaptive_stochastic,8,1.1B,sdpa,666,567,18612224,2.2016141414642334,9.039592911390008,nan,nan,nan,nan,22.21030282974243,4.097999572753906,0.018635544925928116,4.097999572753906,13.995668139308691,6.147961378097534,4802.014285552832,1.7638331651687622,0.00037280254400000003,16,2048,,3875.9493248462677
adammini-adaptive_stochastic-r8,adammini,adaptive_stochastic,8,1.1B,sdpa,666,568,18644992,2.383511543273926,10.842911443237252,nan,nan,nan,nan,22.21030282974243,4.097999572753906,0.018635544925928116,4.097999572753906,13.995668139308691,6.156454563140869,4802.803326873406,1.8849221467971802,0.000372402552,16,2048,,3882.1351597309113
adammini-adaptive_stochastic-r8,adammini,adaptive_stochastic,8,1.1B,sdpa,666,569,18677760,2.3361551761627197,10.341399169889058,nan,nan,nan,nan,22.21030282974243,4.097999572753906,0.018635544925928116,4.097999572753906,13.995668139308691,6.163784027099609,4803.580985433204,1.8105735778808594,0.00037200256,16,2048,,3888.3284912109375
adammini-adaptive_stochastic-r8,adammini,adaptive_stochastic,8,1.1B,sdpa,666,570,18710528,2.3613455295562744,10.605211482136394,nan,nan,nan,nan,22.21030282974243,4.097999572753906,0.018635544925928116,4.097999572753906,13.995668139308691,6.151159763336182,4804.371453217137,1.6190698146820068,0.000371602568,16,2048,,3894.5091462135315
adammini-adaptive_stochastic-r8,adammini,adaptive_stochastic,8,1.1B,sdpa,666,571,18743296,2.1915030479431152,8.948653266458042,nan,nan,nan,nan,22.21030282974243,4.097999572753906,0.018635544925928116,4.097999572753906,13.995668139308691,6.339145660400391,4804.927925579616,2.227309465408325,0.000371202576,16,2048,,3900.877890586853
adammini-adaptive_stochastic-r8,adammini,adaptive_stochastic,8,1.1B,sdpa,666,572,18776064,2.2750697135925293,9.728597204381403,nan,nan,nan,nan,22.21030282974243,4.097999572753906,0.018635544925928116,4.097999572753906,13.995668139308691,6.167565584182739,4805.693474446661,1.84187912940979,0.00037080258400000004,16,2048,,3907.0747866630554
adammini-adaptive_stochastic-r8,adammini,adaptive_stochastic,8,1.1B,sdpa,666,573,18808832,2.200104236602783,9.025954285212679,nan,nan,nan,nan,22.21030282974243,4.097999572753906,0.018635544925928116,4.097999572753906,13.995668139308691,6.16341757774353,4806.462026959646,1.7467517852783203,0.00037040259200000006,16,2048,,3913.267666578293
adammini-adaptive_stochastic-r8,adammini,adaptive_stochastic,8,1.1B,sdpa,666,574,18841600,2.2415380477905273,9.407789795963424,nan,nan,nan,nan,22.21030282974243,4.097999572753906,0.018635544925928116,4.097999572753906,13.995668139308691,6.13636326789856,4807.261179958391,1.6977075338363647,0.0003700026,16,2048,,3919.4331707954407
adammini-adaptive_stochastic-r8,adammini,adaptive_stochastic,8,1.1B,sdpa,666,575,18874368,2.422304630279541,11.271806750917168,nan,nan,nan,nan,22.21030282974243,4.097999572753906,0.018635544925928116,4.097999572753906,13.995668139308691,6.154889106750488,4808.035430531318,1.8877041339874268,0.0003696026080000001,16,2048,,3925.617457151413
adammini-adaptive_stochastic-r8,adammini,adaptive_stochastic,8,1.1B,sdpa,666,576,18907136,2.3886213302612305,10.898458206237697,nan,nan,nan,nan,22.21030282974243,4.097999572753906,0.018635544925928116,4.097999572753906,13.995668139308691,6.166325330734253,4808.793058604899,1.8545567989349365,0.000369202616,16,2048,,3931.8132922649384
adammini-adaptive_stochastic-r8,adammini,adaptive_stochastic,8,1.1B,sdpa,666,577,18939904,2.187180519104004,8.910055933781223,nan,nan,nan,nan,22.21030282974243,4.097999572753906,0.018635544925928116,4.097999572753906,13.995668139308691,6.147570848464966,4809.571122780199,1.7431559562683105,0.00036880262400000005,16,2048,,3937.9902861118317
adammini-adaptive_stochastic-r8,adammini,adaptive_stochastic,8,1.1B,sdpa,666,578,18972672,2.341498851776123,10.396808164438479,nan,nan,nan,nan,22.21030282974243,4.097999572753906,0.018635544925928116,4.097999572753906,13.995668139308691,6.1568779945373535,4810.335430117556,1.6914944648742676,0.000368402632,16,2048,,3944.176614522934
adammini-adaptive_stochastic-r8,adammini,adaptive_stochastic,8,1.1B,sdpa,666,579,19005440,2.252840518951416,9.514724242200428,nan,nan,nan,nan,22.21030282974243,4.097999572753906,0.018635544925928116,4.097999572753906,13.995668139308691,6.149329662322998,4811.106494033667,1.739284634590149,0.00036800264,16,2048,,3950.3553378582
adammini-adaptive_stochastic-r8,adammini,adaptive_stochastic,8,1.1B,sdpa,666,580,19038208,2.3060483932495117,10.034693044091906,nan,nan,nan,nan,22.21030282974243,4.097999572753906,0.018635544925928116,4.097999572753906,13.995668139308691,6.15833854675293,4811.864287938823,1.8412607908248901,0.00036760264800000003,16,2048,,3956.5432226657867
adammini-adaptive_stochastic-r8,adammini,adaptive_stochastic,8,1.1B,sdpa,666,581,19070976,2.35606050491333,10.549310527188231,nan,nan,nan,nan,22.21030282974243,4.097999572753906,0.018635544925928116,4.097999572753906,13.995668139308691,6.151742458343506,4812.627549177359,1.7989290952682495,0.000367202656,16,2048,,3962.7240912914276
adammini-adaptive_stochastic-r8,adammini,adaptive_stochastic,8,1.1B,sdpa,666,582,19103744,2.5762076377868652,13.147184612421984,nan,nan,nan,nan,22.21030282974243,4.097999572753906,0.018635544925928116,4.097999572753906,13.995668139308691,6.163389444351196,4813.374767758153,2.0005507469177246,0.000366802664,16,2048,,3968.916908979416
adammini-adaptive_stochastic-r8,adammini,adaptive_stochastic,8,1.1B,sdpa,666,583,19136512,2.400172233581543,11.025075105296999,nan,nan,nan,nan,22.21030282974243,4.097999572753906,0.018635544925928116,4.097999572753906,13.995668139308691,6.163442850112915,4814.1192522735255,1.6925218105316162,0.000366402672,16,2048,,3975.109153985977
adammini-adaptive_stochastic-r8,adammini,adaptive_stochastic,8,1.1B,sdpa,666,584,19169280,2.3316032886505127,10.294433257018236,nan,nan,nan,nan,22.21030282974243,4.097999572753906,0.018635544925928116,4.097999572753906,13.995668139308691,6.164370536804199,4814.860883811838,1.8221828937530518,0.00036600268,16,2048,,3981.303104162216
adammini-adaptive_stochastic-r8,adammini,adaptive_stochastic,8,1.1B,sdpa,666,585,19202048,2.592012882232666,13.35662988583284,nan,nan,nan,nan,22.21030282974243,4.097999572753906,0.018635544925928116,4.097999572753906,13.995668139308691,6.155523061752319,4815.610312596835,1.9246728420257568,0.0003656026880000001,16,2048,,3987.4880242347717
adammini-adaptive_stochastic-r8,adammini,adaptive_stochastic,8,1.1B,sdpa,666,586,19234816,2.3205676078796387,10.181451738493069,nan,nan,nan,nan,22.21030282974243,4.097999572753906,0.018635544925928116,4.097999572753906,13.995668139308691,6.1475348472595215,4816.36708615855,1.8344814777374268,0.000365202696,16,2048,,3993.6647684574127
adammini-adaptive_stochastic-r8,adammini,adaptive_stochastic,8,1.1B,sdpa,666,587,19267584,2.361095666885376,10.602561966691312,nan,nan,nan,nan,22.21030282974243,4.097999572753906,0.018635544925928116,4.097999572753906,13.995668139308691,6.159059286117554,4817.107841196967,1.7302552461624146,0.000364802704,16,2048,,3999.8533868789673
adammini-adaptive_stochastic-r8,adammini,adaptive_stochastic,8,1.1B,sdpa,666,588,19300352,2.545758008956909,12.752891229006462,nan,nan,nan,nan,22.21030282974243,4.097999572753906,0.018635544925928116,4.097999572753906,13.995668139308691,6.149085760116577,4817.857960322166,1.8044707775115967,0.000364402712,16,2048,,4006.0314195156097
adammini-adaptive_stochastic-r8,adammini,adaptive_stochastic,8,1.1B,sdpa,666,589,19333120,2.5396506786346436,12.675242464389065,nan,nan,nan,nan,22.21030282974243,4.097999572753906,0.018635544925928116,4.097999572753906,13.995668139308691,6.147318124771118,4818.608585571912,1.8965773582458496,0.00036400272,16,2048,,4012.208235502243
adammini-adaptive_stochastic-r8,adammini,adaptive_stochastic,8,1.1B,sdpa,666,590,19365888,2.391575813293457,10.930705129121842,nan,nan,nan,nan,22.21030282974243,4.097999572753906,0.018635544925928116,4.097999572753906,13.995668139308691,6.1408209800720215,4819.364043124824,1.9263834953308105,0.00036360272800000005,16,2048,,4018.378567457199
adammini-adaptive_stochastic-r8,adammini,adaptive_stochastic,8,1.1B,sdpa,666,591,19398656,2.5354530811309814,12.62214840995638,nan,nan,nan,nan,22.21030282974243,4.097999572753906,0.018635544925928116,4.097999572753906,13.995668139308691,6.150969982147217,4820.105029727502,1.7422716617584229,0.00036320273599999996,16,2048,,4024.5584049224854
adammini-adaptive_stochastic-r8,adammini,adaptive_stochastic,8,1.1B,sdpa,666,592,19431424,2.366248607635498,10.657337346244626,nan,nan,nan,nan,22.21030282974243,4.097999572753906,0.018635544925928116,4.097999572753906,13.995668139308691,6.1568756103515625,4820.837163151122,1.8697165250778198,0.000362802744,16,2048,,4030.744564294815
adammini-adaptive_stochastic-r8,adammini,adaptive_stochastic,8,1.1B,sdpa,666,593,19464192,2.424661636352539,11.298405802631752,nan,nan,nan,nan,22.21030282974243,4.097999572753906,0.018635544925928116,4.097999572753906,13.995668139308691,6.159766674041748,4821.563538000895,1.8356921672821045,0.000362402752,16,2048,,4036.933750629425
adammini-adaptive_stochastic-r8,adammini,adaptive_stochastic,8,1.1B,sdpa,666,594,19496960,1.7412570714950562,5.704509894125948,nan,nan,nan,nan,22.21030282974243,4.097999572753906,0.018635544925928116,4.097999572753906,13.995668139308691,6.188439130783081,4822.253178241621,1.7452361583709717,0.00036200276,16,2048,,4043.15176320076
adammini-adaptive_stochastic-r8,adammini,adaptive_stochastic,8,1.1B,sdpa,666,595,19529728,1.9259454011917114,6.861632596092008,nan,nan,nan,nan,22.21030282974243,4.097999572753906,0.018635544925928116,4.097999572753906,13.995668139308691,6.127960920333862,4823.012535332197,1.5971633195877075,0.000361602768,16,2048,,4049.3091661930084
adammini-adaptive_stochastic-r8,adammini,adaptive_stochastic,8,1.1B,sdpa,666,596,19562496,2.307018280029297,10.044430281460167,nan,nan,nan,nan,22.21030282974243,4.097999572753906,0.018635544925928116,4.097999572753906,13.995668139308691,6.152092456817627,4823.7410085848815,1.5629407167434692,0.00036120277599999996,16,2048,,4055.4904561042786
adammini-adaptive_stochastic-r8,adammini,adaptive_stochastic,8,1.1B,sdpa,666,597,19595264,2.1612212657928467,8.681733891362173,nan,nan,nan,nan,22.21030282974243,4.097999572753906,0.018635544925928116,4.097999572753906,13.995668139308691,6.145390272140503,4824.475556182425,1.8152614831924438,0.000360802784,16,2048,,4061.6654164791107
adammini-adaptive_stochastic-r8,adammini,adaptive_stochastic,8,1.1B,sdpa,666,598,19628032,2.377882242202759,10.782044908991852,nan,nan,nan,nan,22.21030282974243,4.097999572753906,0.018635544925928116,4.097999572753906,13.995668139308691,6.146044015884399,4825.206634833125,1.500064730644226,0.00036040279200000004,16,2048,,4067.840998649597
adammini-adaptive_stochastic-r8,adammini,adaptive_stochastic,8,1.1B,sdpa,666,599,19660800,2.404721736907959,11.075347992784721,nan,nan,nan,nan,22.21030282974243,4.097999572753906,0.018635544925928116,4.097999572753906,13.995668139308691,6.154468774795532,4825.925559127275,1.732668161392212,0.0003600028,16,2048,,4074.0247688293457
adammini-adaptive_stochastic-r8,adammini,adaptive_stochastic,8,1.1B,sdpa,666,600,19693568,2.3733298778533936,10.733072666455538,2.456364151412567,11.662331889062704,nan,nan,22.21030282974243,4.097999572753906,0.018635544925928116,4.097999572753906,13.995668139308691,6.163240671157837,4826.632117601094,1.7769801616668701,0.00035960280800000007,16,2048,,4100.736521244049
adammini-adaptive_stochastic-r8,adammini,adaptive_stochastic,8,1.1B,sdpa,666,601,19726336,2.5388436317443848,12.665017076113813,nan,nan,nan,nan,22.21030282974243,4.097999572753906,0.018635544925928116,4.097999572753906,13.995668139308691,6.156792879104614,4803.2255228725835,1.8802034854888916,0.00035920281599999997,16,2048,,4106.922648906708
adammini-adaptive_stochastic-r8,adammini,adaptive_stochastic,8,1.1B,sdpa,666,602,19759104,2.4848484992980957,11.999302214409628,nan,nan,nan,nan,22.21030282974243,4.097999572753906,0.018635544925928116,4.097999572753906,13.995668139308691,6.154287099838257,4803.971126596419,1.8226901292800903,0.00035880282400000004,16,2048,,4113.106494903564
adammini-adaptive_stochastic-r8,adammini,adaptive_stochastic,8,1.1B,sdpa,666,603,19791872,2.3787689208984375,10.79160935817854,nan,nan,nan,nan,22.21030282974243,4.097999572753906,0.018635544925928116,4.097999572753906,13.995668139308691,6.15681791305542,4804.711276225868,1.5459016561508179,0.000358402832,16,2048,,4119.292656421661
adammini-adaptive_stochastic-r8,adammini,adaptive_stochastic,8,1.1B,sdpa,666,604,19824640,2.1938841342926025,8.969986170261084,nan,nan,nan,nan,22.21030282974243,4.097999572753906,0.018635544925928116,4.097999572753906,13.995668139308691,6.150420904159546,4805.456895778795,2.1179447174072266,0.00035800284,16,2048,,4125.472501993179
adammini-adaptive_stochastic-r8,adammini,adaptive_stochastic,8,1.1B,sdpa,666,605,19857408,2.289881467819214,9.8737672526428,nan,nan,nan,nan,22.21030282974243,4.097999572753906,0.018635544925928116,4.097999572753906,13.995668139308691,6.141674518585205,4806.210364165043,1.585128664970398,0.000357602848,16,2048,,4131.643512010574
adammini-adaptive_stochastic-r8,adammini,adaptive_stochastic,8,1.1B,sdpa,666,606,19890176,2.443896770477295,11.51783577053328,nan,nan,nan,nan,22.21030282974243,4.097999572753906,0.018635544925928116,4.097999572753906,13.995668139308691,6.138576984405518,4806.96527637041,1.4810036420822144,0.000357202856,16,2048,,4137.811468839645
adammini-adaptive_stochastic-r8,adammini,adaptive_stochastic,8,1.1B,sdpa,666,607,19922944,2.3730661869049072,10.730242825462073,nan,nan,nan,nan,22.21030282974243,4.097999572753906,0.018627915531396866,4.097999572753906,13.995675768703222,6.98542332649231,4806.735624261958,1.6104141473770142,0.000356802864,16,2048,,4144.800015926361
adammini-adaptive_stochastic-r8,adammini,adaptive_stochastic,8,1.1B,sdpa,666,608,19955712,2.3584158420562744,10.574186994839076,nan,nan,nan,nan,22.21030282974243,4.097999572753906,0.018627915531396866,4.097999572753906,13.995675768703222,6.1426966190338135,4807.513024400924,2.3970320224761963,0.000356402872,16,2048,,4150.971891880035
adammini-adaptive_stochastic-r8,adammini,adaptive_stochastic,8,1.1B,sdpa,666,609,19988480,2.259810447692871,9.581272842253085,nan,nan,nan,nan,22.21030282974243,4.097999572753906,0.018627915531396866,4.097999572753906,13.995675768703222,6.143482208251953,4808.256945527191,1.6533573865890503,0.00035600287999999996,16,2048,,4157.1446006298065
adammini-adaptive_stochastic-r8,adammini,adaptive_stochastic,8,1.1B,sdpa,666,610,20021248,2.408257484436035,11.114576938027465,nan,nan,nan,nan,22.21030282974243,4.097999572753906,0.018627915531396866,4.097999572753906,13.995675768703222,6.147979974746704,4808.993400631112,1.7010109424591064,0.00035560288800000003,16,2048,,4163.32221031189
adammini-adaptive_stochastic-r8,adammini,adaptive_stochastic,8,1.1B,sdpa,666,611,20054016,2.235027313232422,9.346737138314118,nan,nan,nan,nan,22.21030282974243,4.097999572753906,0.018627915531396866,4.097999572753906,13.995675768703222,6.151772975921631,4809.722963116091,1.5787768363952637,0.000355202896,16,2048,,4169.503273963928
adammini-adaptive_stochastic-r8,adammini,adaptive_stochastic,8,1.1B,sdpa,666,612,20086784,2.451655387878418,11.60754581450381,nan,nan,nan,nan,22.21030282974243,4.097999572753906,0.018627915531396866,4.097999572753906,13.995675768703222,6.1555399894714355,4810.446375850689,1.7794524431228638,0.00035480290400000006,16,2048,,4175.688317775726
adammini-adaptive_stochastic-r8,adammini,adaptive_stochastic,8,1.1B,sdpa,666,613,20119552,2.4108567237854004,11.143503961599276,nan,nan,nan,nan,22.21030282974243,4.097999572753906,0.018627915531396866,4.097999572753906,13.995675768703222,6.161886692047119,4811.160109154531,1.8332566022872925,0.000354402912,16,2048,,4181.879684686661
adammini-adaptive_stochastic-r8,adammini,adaptive_stochastic,8,1.1B,sdpa,666,614,20152320,2.242353677749634,9.41546620129751,nan,nan,nan,nan,22.21030282974243,4.097999572753906,0.018627915531396866,4.097999572753906,13.995675768703222,6.139059782028198,4811.8979574876585,1.7122944593429565,0.00035400292,16,2048,,4188.048190832138
adammini-adaptive_stochastic-r8,adammini,adaptive_stochastic,8,1.1B,sdpa,666,615,20185088,2.318847179412842,10.163950338359173,nan,nan,nan,nan,22.21030282974243,4.097999572753906,0.018627915531396866,4.097999572753906,13.995675768703222,6.152908563613892,4812.617808425277,1.853878140449524,0.00035360292800000004,16,2048,,4194.2303285598755
adammini-adaptive_stochastic-r8,adammini,adaptive_stochastic,8,1.1B,sdpa,666,616,20217856,2.204495906829834,9.065680468216218,nan,nan,nan,nan,22.21030282974243,4.097999572753906,0.018627915531396866,4.097999572753906,13.995675768703222,6.145072937011719,4813.344744265589,1.7197798490524292,0.000353202936,16,2048,,4200.404963493347
adammini-adaptive_stochastic-r8,adammini,adaptive_stochastic,8,1.1B,sdpa,666,617,20250624,2.168544292449951,8.745543815807869,nan,nan,nan,nan,22.21030282974243,4.097999572753906,0.018627915531396866,4.097999572753906,13.995675768703222,6.1464619636535645,4814.06757969479,1.613295078277588,0.000352802944,16,2048,,4206.580926418304
adammini-adaptive_stochastic-r8,adammini,adaptive_stochastic,8,1.1B,sdpa,666,618,20283392,2.322235345840454,10.198445899017981,nan,nan,nan,nan,22.21030282974243,4.097999572753906,0.018627915531396866,4.097999572753906,13.995675768703222,6.150868654251099,4814.783340448601,1.693627119064331,0.000352402952,16,2048,,4212.761124372482
adammini-adaptive_stochastic-r8,adammini,adaptive_stochastic,8,1.1B,sdpa,666,619,20316160,3.330533742904663,27.953257575154957,nan,nan,nan,nan,22.21030282974243,4.097999572753906,0.018627915531396866,4.097999572753906,13.995675768703222,6.153432369232178,4815.494250974755,2.4477715492248535,0.00035200296,16,2048,,4218.944066762924
adammini-adaptive_stochastic-r8,adammini,adaptive_stochastic,8,1.1B,sdpa,666,620,20348928,2.5582034587860107,12.912598449668833,nan,nan,nan,nan,22.21030282974243,4.097999572753906,0.018627915531396866,4.097999572753906,13.995675768703222,6.141098737716675,4816.2169558113765,1.947094202041626,0.00035160296800000005,16,2048,,4225.114627122879
adammini-adaptive_stochastic-r8,adammini,adaptive_stochastic,8,1.1B,sdpa,666,621,20381696,2.482234001159668,11.967971036607924,nan,nan,nan,nan,22.21030282974243,4.097999572753906,0.018627915531396866,4.097999572753906,13.995675768703222,6.148473501205444,4816.929249485513,1.812752604484558,0.000351202976,16,2048,,4231.292489528656
adammini-adaptive_stochastic-r8,adammini,adaptive_stochastic,8,1.1B,sdpa,666,622,20414464,2.2380330562591553,9.3748732921314,nan,nan,nan,nan,22.21030282974243,4.097999572753906,0.018627915531396866,4.097999572753906,13.995675768703222,6.152949571609497,4817.634386488461,1.6734308004379272,0.000350802984,16,2048,,4237.4749348163605
adammini-adaptive_stochastic-r8,adammini,adaptive_stochastic,8,1.1B,sdpa,666,623,20447232,2.3275270462036133,10.252556059998309,nan,nan,nan,nan,22.21030282974243,4.097999572753906,0.018627915531396866,4.097999572753906,13.995675768703222,6.165286540985107,4818.323359697369,1.5658708810806274,0.000350402992,16,2048,,4243.669579267502
adammini-adaptive_stochastic-r8,adammini,adaptive_stochastic,8,1.1B,sdpa,666,624,20480000,2.3678219318389893,10.674117990271446,nan,nan,nan,nan,22.21030282974243,4.097999572753906,0.018627915531396866,4.097999572753906,13.995675768703222,6.168869495391846,4819.006305861888,1.51871919631958,0.000350003,16,2048,,4249.868053674698
adammini-adaptive_stochastic-r8,adammini,adaptive_stochastic,8,1.1B,sdpa,666,625,20512768,2.372635841369629,10.725626106833056,nan,nan,nan,nan,22.21030282974243,4.097999572753906,0.018627915531396866,4.097999572753906,13.995675768703222,6.156416177749634,4819.701335170882,1.664447546005249,0.00034960300800000006,16,2048,,4256.053917169571
adammini-adaptive_stochastic-r8,adammini,adaptive_stochastic,8,1.1B,sdpa,666,626,20545536,2.4050452709198,11.078931824267787,nan,nan,nan,nan,22.21030282974243,4.097999572753906,0.018627915531396866,4.097999572753906,13.995675768703222,6.143441200256348,4820.409084640057,1.872815489768982,0.000349203016,16,2048,,4262.226781129837
adammini-adaptive_stochastic-r8,adammini,adaptive_stochastic,8,1.1B,sdpa,666,627,20578304,2.406982183456421,11.100411541662204,nan,nan,nan,nan,22.21030282974243,4.097999572753906,0.018627915531396866,4.097999572753906,13.995675768703222,6.148561716079712,4821.109023889623,1.7268438339233398,0.000348803024,16,2048,,4268.404965877533
adammini-adaptive_stochastic-r8,adammini,adaptive_stochastic,8,1.1B,sdpa,666,628,20611072,2.2899107933044434,9.874056809904209,nan,nan,nan,nan,22.21030282974243,4.097999572753906,0.018627915531396866,4.097999572753906,13.995675768703222,6.1706671714782715,4821.781754932775,1.6068247556686401,0.000348403032,16,2048,,4274.6052141189575
adammini-adaptive_stochastic-r8,adammini,adaptive_stochastic,8,1.1B,sdpa,666,629,20643840,2.5869297981262207,13.288909273341266,nan,nan,nan,nan,22.21030282974243,4.097999572753906,0.018627915531396866,4.097999572753906,13.995675768703222,6.27998685836792,4822.3294569693735,2.194286823272705,0.00034800304,16,2048,,4280.914637804031
adammini-adaptive_stochastic-r8,adammini,adaptive_stochastic,8,1.1B,sdpa,666,630,20676608,1.8684093952178955,6.477984287427669,nan,nan,nan,nan,22.21030282974243,4.097999572753906,0.018627915531396866,4.097999572753906,13.995675768703222,6.136521100997925,4823.037113984319,1.9074355363845825,0.000347603048,16,2048,,4287.08060002327
adammini-adaptive_stochastic-r8,adammini,adaptive_stochastic,8,1.1B,sdpa,666,631,20709376,2.177490711212158,8.824136148849018,nan,nan,nan,nan,22.21030282974243,4.097999572753906,0.018627915531396866,4.097999572753906,13.995675768703222,6.154956102371216,4823.7220408728635,1.7087414264678955,0.000347203056,16,2048,,4293.264778614044
adammini-adaptive_stochastic-r8,adammini,adaptive_stochastic,8,1.1B,sdpa,666,632,20742144,2.3440048694610596,10.422895423479106,nan,nan,nan,nan,22.21030282974243,4.097999572753906,0.018627915531396866,4.097999572753906,13.995675768703222,6.153960704803467,4824.406230922204,1.6921417713165283,0.000346803064,16,2048,,4299.448013544083
adammini-adaptive_stochastic-r8,adammini,adaptive_stochastic,8,1.1B,sdpa,666,633,20774912,2.572730302810669,13.101546842424735,nan,nan,nan,nan,22.21030282974243,4.097999572753906,0.018627915531396866,4.097999572753906,13.995675768703222,6.147230386734009,4825.096041760095,1.8143726587295532,0.00034640307200000005,16,2048,,4305.624788284302
adammini-adaptive_stochastic-r8,adammini,adaptive_stochastic,8,1.1B,sdpa,666,634,20807680,2.187089681625366,8.909246603524995,nan,nan,nan,nan,22.21030282974243,4.097999572753906,0.018627915531396866,4.097999572753906,13.995675768703222,6.1704723834991455,4825.757624941213,1.5417088270187378,0.00034600307999999995,16,2048,,4311.824686050415
adammini-adaptive_stochastic-r8,adammini,adaptive_stochastic,8,1.1B,sdpa,666,635,20840448,2.467550754547119,11.793526208786986,nan,nan,nan,nan,22.21030282974243,4.097999572753906,0.018627915531396866,4.097999572753906,13.995675768703222,6.17017126083374,4826.417717595572,1.671416997909546,0.000345603088,16,2048,,4318.024326324463
adammini-adaptive_stochastic-r8,adammini,adaptive_stochastic,8,1.1B,sdpa,666,636,20873216,2.329280138015747,10.270545496039759,nan,nan,nan,nan,22.21030282974243,4.097999572753906,0.018627915531396866,4.097999572753906,13.995675768703222,6.147022485733032,4827.101688766522,1.796674132347107,0.000345203096,16,2048,,4324.200325012207
adammini-adaptive_stochastic-r8,adammini,adaptive_stochastic,8,1.1B,sdpa,666,637,20905984,2.372896432876587,10.728421478112493,nan,nan,nan,nan,22.21030282974243,4.097999572753906,0.018627915531396866,4.097999572753906,13.995675768703222,6.181903600692749,4827.7453771941155,12.470603942871094,0.000344803104,16,2048,,4330.411511659622
adammini-adaptive_stochastic-r8,adammini,adaptive_stochastic,8,1.1B,sdpa,666,638,20938752,2.3236913681030273,10.213305878896097,nan,nan,nan,nan,22.21030282974243,4.097999572753906,0.018627915531396866,4.097999572753906,13.995675768703222,6.100448131561279,4828.47761733128,2.6220452785491943,0.00034440311200000006,16,2048,,4336.5414028167725
adammini-adaptive_stochastic-r8,adammini,adaptive_stochastic,8,1.1B,sdpa,666,639,20971520,2.4405691623687744,11.479572624515352,nan,nan,nan,nan,22.21030282974243,4.097999572753906,0.018627915531396866,4.097999572753906,13.995675768703222,6.1382505893707275,4829.165515688881,1.6882401704788208,0.00034400312,16,2048,,4342.708783388138
adammini-adaptive_stochastic-r8,adammini,adaptive_stochastic,8,1.1B,sdpa,666,640,21004288,2.2585222721099854,9.568938426676855,nan,nan,nan,nan,22.21030282974243,4.097999572753906,0.018627915531396866,4.097999572753906,13.995675768703222,6.1485371589660645,4829.840350731627,1.7665314674377441,0.00034360312800000003,16,2048,,4348.886530637741
adammini-adaptive_stochastic-r8,adammini,adaptive_stochastic,8,1.1B,sdpa,666,641,21037056,2.2291154861450195,9.291643855958197,nan,nan,nan,nan,22.21030282974243,4.097999572753906,0.018627915531396866,4.097999572753906,13.995675768703222,6.159047365188599,4830.501615415614,1.6562873125076294,0.00034320313600000004,16,2048,,4355.074718475342
adammini-adaptive_stochastic-r8,adammini,adaptive_stochastic,8,1.1B,sdpa,666,642,21069824,2.4294979572296143,11.353180866619756,nan,nan,nan,nan,22.21030282974243,4.097999572753906,0.018627915531396866,4.097999572753906,13.995675768703222,6.152021169662476,4831.168834894896,1.771838665008545,0.000342803144,16,2048,,4361.2560493946075
adammini-adaptive_stochastic-r8,adammini,adaptive_stochastic,8,1.1B,sdpa,666,643,21102592,2.4206466674804688,11.253133998287792,nan,nan,nan,nan,22.21030282974243,4.097999572753906,0.018627915531396866,4.097999572753906,13.995675768703222,6.166953086853027,4831.817495433546,1.6299195289611816,0.00034240315200000006,16,2048,,4367.45250749588
adammini-adaptive_stochastic-r8,adammini,adaptive_stochastic,8,1.1B,sdpa,666,644,21135360,2.2029528617858887,9.051702501988949,nan,nan,nan,nan,22.21030282974243,4.097999572753906,0.018627915531396866,4.097999572753906,13.995675768703222,6.138670444488525,4832.495306724932,1.8378793001174927,0.00034200315999999997,16,2048,,4373.620446681976
adammini-adaptive_stochastic-r8,adammini,adaptive_stochastic,8,1.1B,sdpa,666,645,21168128,2.217820644378662,9.187286667254128,nan,nan,nan,nan,22.21030282974243,4.097999572753906,0.018627915531396866,4.097999572753906,13.995675768703222,6.158730506896973,4833.149346850846,1.522204875946045,0.00034160316800000004,16,2048,,4379.808595895767
adammini-adaptive_stochastic-r8,adammini,adaptive_stochastic,8,1.1B,sdpa,666,646,21200896,2.322202444076538,10.198110357678683,nan,nan,nan,nan,22.21030282974243,4.097999572753906,0.018627915531396866,4.097999572753906,13.995675768703222,6.161183834075928,4833.798662631402,1.6152933835983276,0.000341203176,16,2048,,4385.999045848846
adammini-adaptive_stochastic-r8,adammini,adaptive_stochastic,8,1.1B,sdpa,666,647,21233664,2.4155752658843994,11.196209302568798,nan,nan,nan,nan,22.21030282974243,4.097999572753906,0.018627915531396866,4.097999572753906,13.995675768703222,6.154881715774536,4834.453262704029,1.6765133142471313,0.000340803184,16,2048,,4392.183261394501
adammini-adaptive_stochastic-r8,adammini,adaptive_stochastic,8,1.1B,sdpa,666,648,21266432,2.3814849853515625,10.820959905694432,nan,nan,nan,nan,22.21030282974243,4.097999572753906,0.018627915531396866,4.097999572753906,13.995675768703222,6.1481873989105225,4835.113224378317,1.593994140625,0.000340403192,16,2048,,4398.360790491104
adammini-adaptive_stochastic-r8,adammini,adaptive_stochastic,8,1.1B,sdpa,666,649,21299200,2.356548547744751,10.55446029911988,nan,nan,nan,nan,22.21030282974243,4.097999572753906,0.018627915531396866,4.097999572753906,13.995675768703222,6.161207437515259,4835.757109048498,1.618318796157837,0.0003400032,16,2048,,4404.551407575607
adammini-adaptive_stochastic-r8,adammini,adaptive_stochastic,8,1.1B,sdpa,666,650,21331968,2.4897117614746094,12.057800096987435,2.4592313960026617,11.695818631478561,nan,nan,22.21030282974243,4.097999572753906,0.018627915531396866,4.097999572753906,13.995675768703222,6.1571409702301025,4836.403637915773,1.7390666007995605,0.000339603208,16,2048,,4422.746287584305
adammini-adaptive_stochastic-r8,adammini,adaptive_stochastic,8,1.1B,sdpa,666,651,21364736,2.4635467529296875,11.74639932179926,nan,nan,nan,nan,22.21030282974243,4.097999572753906,0.018627915531396866,4.097999572753906,13.995675768703222,6.1479339599609375,4823.943353411616,2.2609236240386963,0.00033920321600000006,16,2048,,4428.9238386154175
adammini-adaptive_stochastic-r8,adammini,adaptive_stochastic,8,1.1B,sdpa,666,652,21397504,2.470531940460205,11.82873736240564,nan,nan,nan,nan,22.21030282974243,4.097999572753906,0.018627915531396866,4.097999572753906,13.995675768703222,6.1442646980285645,4824.616523292283,1.883391261100769,0.000338803224,16,2048,,4435.097700834274
adammini-adaptive_stochastic-r8,adammini,adaptive_stochastic,8,1.1B,sdpa,666,653,21430272,2.2972254753112793,9.946547194428131,nan,nan,nan,nan,22.21030282974243,4.097999572753906,0.018627915531396866,4.097999572753906,13.995675768703222,6.149310350418091,4825.282361654348,1.5457783937454224,0.0003384032320000001,16,2048,,4441.276538610458
adammini-adaptive_stochastic-r8,adammini,adaptive_stochastic,8,1.1B,sdpa,666,654,21463040,2.32926082611084,10.27034715415698,nan,nan,nan,nan,22.21030282974243,4.097999572753906,0.018627915531396866,4.097999572753906,13.995675768703222,6.165523529052734,4825.92883293228,1.6456844806671143,0.00033800324,16,2048,,4447.471429347992
adammini-adaptive_stochastic-r8,adammini,adaptive_stochastic,8,1.1B,sdpa,666,655,21495808,2.4438178539276123,11.516926858539028,nan,nan,nan,nan,22.21030282974243,4.097999572753906,0.018627915531396866,4.097999572753906,13.995675768703222,6.1584861278533936,4826.581292879537,1.7013425827026367,0.00033760324800000005,16,2048,,4453.659247159958
adammini-adaptive_stochastic-r8,adammini,adaptive_stochastic,8,1.1B,sdpa,666,656,21528576,2.417719602584839,11.220243504583356,nan,nan,nan,nan,22.21030282974243,4.097999572753906,0.018627915531396866,4.097999572753906,13.995675768703222,6.144468307495117,4827.2471666027295,1.7176321744918823,0.000337203256,16,2048,,4459.833234786987
adammini-adaptive_stochastic-r8,adammini,adaptive_stochastic,8,1.1B,sdpa,666,657,21561344,2.394545316696167,10.963212136143676,nan,nan,nan,nan,22.21030282974243,4.097999572753906,0.018627915531396866,4.097999572753906,13.995675768703222,6.14726448059082,4827.9079742036465,1.805497407913208,0.000336803264,16,2048,,4466.009790658951
adammini-adaptive_stochastic-r8,adammini,adaptive_stochastic,8,1.1B,sdpa,666,658,21594112,2.5618927478790283,12.960324742204008,nan,nan,nan,nan,22.21030282974243,4.097999572753906,0.018627915531396866,4.097999572753906,13.995675768703222,6.144714593887329,4828.569956148013,2.0361437797546387,0.00033640327200000004,16,2048,,4472.184096336365
adammini-adaptive_stochastic-r8,adammini,adaptive_stochastic,8,1.1B,sdpa,666,659,21626880,2.4521987438201904,11.61385455728274,nan,nan,nan,nan,22.21030282974243,4.097999572753906,0.018627915531396866,4.097999572753906,13.995675768703222,6.144967079162598,4829.229516608333,1.6612415313720703,0.00033600327999999994,16,2048,,4478.358335018158
adammini-adaptive_stochastic-r8,adammini,adaptive_stochastic,8,1.1B,sdpa,666,660,21659648,2.3253748416900635,10.230514190384325,nan,nan,nan,nan,22.21030282974243,4.097999572753906,0.018627915531396866,4.097999572753906,13.995675768703222,6.1528661251068115,4829.879018422116,1.5667442083358765,0.000335603288,16,2048,,4484.5404686927795
adammini-adaptive_stochastic-r8,adammini,adaptive_stochastic,8,1.1B,sdpa,666,661,21692416,2.3656954765319824,10.651444071504795,nan,nan,nan,nan,22.21030282974243,4.097999572753906,0.018627915531396866,4.097999572753906,13.995675768703222,6.158013582229614,4830.521303177113,1.7833471298217773,0.00033520329599999996,16,2048,,4490.728041410446
adammini-adaptive_stochastic-r8,adammini,adaptive_stochastic,8,1.1B,sdpa,666,662,21725184,2.353837490081787,10.525885300383937,nan,nan,nan,nan,22.21030282974243,4.097999572753906,0.018627915531396866,4.097999572753906,13.995675768703222,6.1342597007751465,4831.187046458572,1.711487889289856,0.000334803304,16,2048,,4496.891551971436
adammini-adaptive_stochastic-r8,adammini,adaptive_stochastic,8,1.1B,sdpa,666,663,21757952,2.243936538696289,9.43038137625197,nan,nan,nan,nan,22.21030282974243,4.097999572753906,0.018627915531396866,4.097999572753906,13.995675768703222,6.159149408340454,4831.824528982644,1.616722583770752,0.000334403312,16,2048,,4503.080275774002
adammini-adaptive_stochastic-r8,adammini,adaptive_stochastic,8,1.1B,sdpa,666,664,21790720,2.2988781929016113,9.96299961980089,nan,nan,nan,nan,22.21030282974243,4.097999572753906,0.018627915531396866,4.097999572753906,13.995675768703222,6.172230958938599,4832.445911435105,1.7789053916931152,0.00033400332,16,2048,,4509.281848907471
adammini-adaptive_stochastic-r8,adammini,adaptive_stochastic,8,1.1B,sdpa,666,665,21823488,2.3705801963806152,10.703600673264614,nan,nan,nan,nan,22.21030282974243,4.097999572753906,0.018627915531396866,4.097999572753906,13.995675768703222,6.13929557800293,4833.101096244921,1.7921953201293945,0.000333603328,16,2048,,4515.450740814209
adammini-adaptive_stochastic-r8,adammini,adaptive_stochastic,8,1.1B,sdpa,666,666,21856256,2.409942626953125,11.133322374114917,nan,nan,nan,nan,22.21030282974243,4.097999572753906,0.018627915531396866,4.097999572753906,13.995675768703222,6.16222620010376,4833.729695584728,1.7838895320892334,0.00033320333600000003,16,2048,,4521.642306566238
adammini-adaptive_stochastic-r8,adammini,adaptive_stochastic,8,1.1B,sdpa,666,667,21889024,2.436107873916626,11.428473009544437,nan,nan,nan,nan,22.21030282974243,4.097999572753906,0.018627915531396866,4.097999572753906,13.995675768703222,6.155504941940308,4834.364019306744,1.680774450302124,0.000332803344,16,2048,,4527.827292442322
adammini-adaptive_stochastic-r8,adammini,adaptive_stochastic,8,1.1B,sdpa,666,668,21921792,2.3674309253692627,10.669945156934205,nan,nan,nan,nan,22.21030282974243,4.097999572753906,0.018627915531396866,4.097999572753906,13.995675768703222,6.148247718811035,4835.00422208789,1.682055950164795,0.00033240335200000005,16,2048,,4534.004729270935
adammini-adaptive_stochastic-r8,adammini,adaptive_stochastic,8,1.1B,sdpa,666,669,21954560,2.1145856380462646,8.286151588710885,nan,nan,nan,nan,22.21030282974243,4.097999572753906,0.018627915531396866,4.097999572753906,13.995675768703222,6.153591156005859,4835.637223283229,1.6079838275909424,0.00033200335999999996,16,2048,,4540.187821865082
adammini-adaptive_stochastic-r8,adammini,adaptive_stochastic,8,1.1B,sdpa,666,670,21987328,2.3988559246063232,11.01057224719862,nan,nan,nan,nan,22.21030282974243,4.097999572753906,0.018627915531396866,4.097999572753906,13.995675768703222,6.1590962409973145,4836.26238361395,1.6461492776870728,0.000331603368,16,2048,,4546.376472711563
adammini-adaptive_stochastic-r8,adammini,adaptive_stochastic,8,1.1B,sdpa,666,671,22020096,2.466594934463501,11.782259105099739,nan,nan,nan,nan,22.21030282974243,4.097999572753906,0.018627915531396866,4.097999572753906,13.995675768703222,6.14251446723938,4836.903493233395,1.675126075744629,0.000331203376,16,2048,,4552.548188686371
adammini-adaptive_stochastic-r8,adammini,adaptive_stochastic,8,1.1B,sdpa,666,672,22052864,2.5265305042266846,12.510027268675508,nan,nan,nan,nan,22.21030282974243,4.097999572753906,0.018627915531396866,4.097999572753906,13.995675768703222,6.1431145668029785,4837.542490902331,1.6835068464279175,0.000330803384,16,2048,,4558.720507621765
adammini-adaptive_stochastic-r8,adammini,adaptive_stochastic,8,1.1B,sdpa,666,673,22085632,2.3775718212127686,10.778698455368678,nan,nan,nan,nan,22.21030282974243,4.097999572753906,0.018627915531396866,4.097999572753906,13.995675768703222,6.154805421829224,4838.167371763589,2.158921003341675,0.000330403392,16,2048,,4564.904735803604
adammini-adaptive_stochastic-r8,adammini,adaptive_stochastic,8,1.1B,sdpa,666,674,22118400,3.3787596225738525,29.334362856469863,nan,nan,nan,nan,22.21030282974243,4.097999572753906,0.018627915531396866,4.097999572753906,13.995675768703222,6.16179633140564,4838.782971964653,2.2343080043792725,0.00033000339999999996,16,2048,,4571.0959413051605
adammini-adaptive_stochastic-r8,adammini,adaptive_stochastic,8,1.1B,sdpa,666,675,22151168,2.8722569942474365,17.676869803959832,nan,nan,nan,nan,22.21030282974243,4.097999572753906,0.018627915531396866,4.097999572753906,13.995675768703222,6.134871959686279,4839.425353928945,1.7325644493103027,0.000329603408,16,2048,,4577.2600836753845
adammini-adaptive_stochastic-r8,adammini,adaptive_stochastic,8,1.1B,sdpa,666,676,22183936,2.5719401836395264,13.091199147587275,nan,nan,nan,nan,22.21030282974243,4.097999572753906,0.018627915531396866,4.097999572753906,13.995675768703222,6.157488584518433,4840.042288347485,2.7612078189849854,0.000329203416,16,2048,,4583.447180986404
adammini-adaptive_stochastic-r8,adammini,adaptive_stochastic,8,1.1B,sdpa,666,677,22216704,2.5068702697753906,12.266479150861601,nan,nan,nan,nan,22.21030282974243,4.097999572753906,0.018627915531396866,4.097999572753906,13.995675768703222,6.155645132064819,4840.659146233952,1.9027049541473389,0.000328803424,16,2048,,4589.632103919983
adammini-adaptive_stochastic-r8,adammini,adaptive_stochastic,8,1.1B,sdpa,666,678,22249472,2.3590598106384277,10.580998632050349,nan,nan,nan,nan,22.21030282974243,4.097999572753906,0.018627915531396866,4.097999572753906,13.995675768703222,6.149085283279419,4841.281465198866,1.9129362106323242,0.00032840343200000007,16,2048,,4595.810750961304
adammini-adaptive_stochastic-r8,adammini,adaptive_stochastic,8,1.1B,sdpa,666,679,22282240,2.442105531692505,11.49722304305411,nan,nan,nan,nan,22.21030282974243,4.097999572753906,0.018627915531396866,4.097999572753906,13.995675768703222,6.155850410461426,4841.894956414738,1.7812080383300781,0.00032800344000000003,16,2048,,4601.995905160904
adammini-adaptive_stochastic-r8,adammini,adaptive_stochastic,8,1.1B,sdpa,666,680,22315008,2.2977943420410156,9.952207063905881,nan,nan,nan,nan,22.21030282974243,4.097999572753906,0.018627915531396866,4.097999572753906,13.995675768703222,6.133537292480469,4842.530391274085,1.731643795967102,0.00032760344800000004,16,2048,,4608.159036159515
adammini-adaptive_stochastic-r8,adammini,adaptive_stochastic,8,1.1B,sdpa,666,681,22347776,2.4610540866851807,11.717155930863743,nan,nan,nan,nan,22.21030282974243,4.097999572753906,0.018627915531396866,4.097999572753906,13.995675768703222,6.143761873245239,4843.153101272187,1.5892413854599,0.000327203456,16,2048,,4614.332311868668
adammini-adaptive_stochastic-r8,adammini,adaptive_stochastic,8,1.1B,sdpa,666,682,22380544,2.2696542739868164,9.676054971825062,nan,nan,nan,nan,22.21030282974243,4.097999572753906,0.018627915531396866,4.097999572753906,13.995675768703222,6.1461451053619385,4843.771722608632,1.619841456413269,0.000326803464,16,2048,,4620.507801532745
adammini-adaptive_stochastic-r8,adammini,adaptive_stochastic,8,1.1B,sdpa,666,683,22413312,2.474295139312744,11.87333511575041,nan,nan,nan,nan,22.21030282974243,4.097999572753906,0.018627915531396866,4.097999572753906,13.995675768703222,6.155468702316284,4844.379105863915,1.5304021835327148,0.000326403472,16,2048,,4626.692544460297
adammini-adaptive_stochastic-r8,adammini,adaptive_stochastic,8,1.1B,sdpa,666,684,22446080,2.3915581703186035,10.930512280667333,nan,nan,nan,nan,22.21030282974243,4.097999572753906,0.018627915531396866,4.097999572753906,13.995675768703222,6.1386473178863525,4845.002540642332,1.5819222927093506,0.00032600348000000004,16,2048,,4632.8606877326965
adammini-adaptive_stochastic-r8,adammini,adaptive_stochastic,8,1.1B,sdpa,666,685,22478848,2.2495639324188232,9.483599444280312,nan,nan,nan,nan,22.21030282974243,4.097999572753906,0.018627915531396866,4.097999572753906,13.995675768703222,6.152212142944336,4845.609913545814,1.736972689628601,0.000325603488,16,2048,,4639.042093992233
adammini-adaptive_stochastic-r8,adammini,adaptive_stochastic,8,1.1B,sdpa,666,686,22511616,1.999808669090271,7.387642479344076,nan,nan,nan,nan,22.21030282974243,4.097999572753906,0.018627915531396866,4.097999572753906,13.995675768703222,6.163525104522705,4846.204034793648,1.8748723268508911,0.000325203496,16,2048,,4645.23531627655
adammini-adaptive_stochastic-r8,adammini,adaptive_stochastic,8,1.1B,sdpa,666,687,22544384,2.372084140777588,10.719710404558178,nan,nan,nan,nan,22.21030282974243,4.097999572753906,0.018627915531396866,4.097999572753906,13.995675768703222,6.153562784194946,4846.806721829829,1.7160992622375488,0.00032480350399999997,16,2048,,4651.418300151825
adammini-adaptive_stochastic-r8,adammini,adaptive_stochastic,8,1.1B,sdpa,666,688,22577152,2.4791972637176514,11.931682578003558,nan,nan,nan,nan,22.21030282974243,4.097999572753906,0.018627915531396866,4.097999572753906,13.995675768703222,6.160398721694946,4847.400830854769,1.5462628602981567,0.00032440351200000003,16,2048,,4657.60812664032
adammini-adaptive_stochastic-r8,adammini,adaptive_stochastic,8,1.1B,sdpa,666,689,22609920,2.2999954223632812,9.97413679673538,nan,nan,nan,nan,22.21030282974243,4.097999572753906,0.018627915531396866,4.097999572753906,13.995675768703222,6.167165279388428,4847.986332988873,1.5319401025772095,0.00032400352,16,2048,,4663.804429531097
adammini-adaptive_stochastic-r8,adammini,adaptive_stochastic,8,1.1B,sdpa,666,690,22642688,2.0800464153289795,8.004840452976794,nan,nan,nan,nan,22.21030282974243,4.097999572753906,0.018627915531396866,4.097999572753906,13.995675768703222,6.127941131591797,4848.611304179513,1.8936188220977783,0.00032360352800000006,16,2048,,4669.96187710762
adammini-adaptive_stochastic-r8,adammini,adaptive_stochastic,8,1.1B,sdpa,666,691,22675456,2.3379855155944824,10.360344773722977,nan,nan,nan,nan,22.21030282974243,4.097999572753906,0.018627915531396866,4.097999572753906,13.995675768703222,6.146926164627075,4849.214566309286,1.806067705154419,0.000323203536,16,2048,,4676.1383266448975
adammini-adaptive_stochastic-r8,adammini,adaptive_stochastic,8,1.1B,sdpa,666,692,22708224,2.1822357177734375,8.866106228177186,nan,nan,nan,nan,22.21030282974243,4.097999572753906,0.018627915531396866,4.097999572753906,13.995675768703222,6.14760160446167,4849.815506185009,2.0601816177368164,0.00032280354400000003,16,2048,,4682.3152775764465
adammini-adaptive_stochastic-r8,adammini,adaptive_stochastic,8,1.1B,sdpa,666,693,22740992,2.28462290763855,9.821981731308133,nan,nan,nan,nan,22.21030282974243,4.097999572753906,0.018627915531396866,4.097999572753906,13.995675768703222,6.152924537658691,4850.409559258306,1.6218116283416748,0.00032240355200000004,16,2048,,4688.497762441635
adammini-adaptive_stochastic-r8,adammini,adaptive_stochastic,8,1.1B,sdpa,666,694,22773760,2.2919161319732666,9.893877504804014,nan,nan,nan,nan,22.21030282974243,4.097999572753906,0.018627915531396866,4.097999572753906,13.995675768703222,6.144572734832764,4851.010415095797,1.557455062866211,0.00032200356000000005,16,2048,,4694.671818971634
adammini-adaptive_stochastic-r8,adammini,adaptive_stochastic,8,1.1B,sdpa,666,695,22806528,2.148298501968384,8.570263697460899,nan,nan,nan,nan,22.21030282974243,4.097999572753906,0.018627915531396866,4.097999572753906,13.995675768703222,6.161071538925171,4851.5925814147,1.718098521232605,0.000321603568,16,2048,,4700.862575292587
adammini-adaptive_stochastic-r8,adammini,adaptive_stochastic,8,1.1B,sdpa,666,696,22839296,2.1421031951904297,8.517332416748074,nan,nan,nan,nan,22.21030282974243,4.097999572753906,0.018627915531396866,4.097999572753906,13.995675768703222,6.160959959030151,4852.173496567081,1.541679859161377,0.0003212035760000001,16,2048,,4707.0530796051025
adammini-adaptive_stochastic-r8,adammini,adaptive_stochastic,8,1.1B,sdpa,666,697,22872064,2.2802631855010986,9.77925382869002,nan,nan,nan,nan,22.21030282974243,4.097999572753906,0.018627915531396866,4.097999572753906,13.995675768703222,6.155951261520386,4852.757984305387,1.5022101402282715,0.000320803584,16,2048,,4713.238487482071
adammini-adaptive_stochastic-r8,adammini,adaptive_stochastic,8,1.1B,sdpa,666,698,22904832,2.328803300857544,10.265649285752502,nan,nan,nan,nan,22.21030282974243,4.097999572753906,0.018627915531396866,4.097999572753906,13.995675768703222,6.1583263874053955,4853.338631987311,1.610275387763977,0.000320403592,16,2048,,4719.42590713501
adammini-adaptive_stochastic-r8,adammini,adaptive_stochastic,8,1.1B,sdpa,666,699,22937600,2.494880199432373,12.120281415016446,nan,nan,nan,nan,22.21030282974243,4.097999572753906,0.018627915531396866,4.097999572753906,13.995675768703222,6.167606830596924,4853.90849230432,1.6991313695907593,0.0003200036,16,2048,,4725.622879743576
adammini-adaptive_stochastic-r8,adammini,adaptive_stochastic,8,1.1B,sdpa,666,700,22970368,2.2969300746917725,9.943609412157658,2.461678404703051,11.724473446420303,nan,nan,22.21030282974243,4.097999572753906,0.018627915531396866,4.097999572753906,13.995675768703222,6.133785247802734,4854.5114335591215,1.5251436233520508,0.00031960360799999997,16,2048,,4745.1969566345215
adammini-adaptive_stochastic-r8,adammini,adaptive_stochastic,8,1.1B,sdpa,666,701,23003136,2.402543783187866,11.051252646222009,nan,nan,nan,nan,22.21030282974243,4.097999572753906,0.018627915531396866,4.097999572753906,13.995675768703222,6.1560657024383545,4841.385597391821,1.8082486391067505,0.00031920361600000003,16,2048,,4751.382743358612
adammini-adaptive_stochastic-r8,adammini,adaptive_stochastic,8,1.1B,sdpa,666,702,23035904,2.4285120964050293,11.341993725756971,nan,nan,nan,nan,22.21030282974243,4.097999572753906,0.018627915531396866,4.097999572753906,13.995675768703222,6.14732027053833,4841.987872707101,1.8722612857818604,0.00031880362399999994,16,2048,,4757.55938577652
adammini-adaptive_stochastic-r8,adammini,adaptive_stochastic,8,1.1B,sdpa,666,703,23068672,2.9587645530700684,19.27414485700845,nan,nan,nan,nan,22.21030282974243,4.097999572753906,0.018627915531396866,4.097999572753906,13.995675768703222,6.156143426895142,4842.579372695148,3.102381467819214,0.00031840363200000006,16,2048,,4763.744867801666
adammini-adaptive_stochastic-r8,adammini,adaptive_stochastic,8,1.1B,sdpa,666,704,23101440,3.0096137523651123,20.279565478117522,nan,nan,nan,nan,22.21030282974243,4.097999572753906,0.018627915531396866,4.097999572753906,13.995675768703222,6.127514839172363,4843.198458905141,2.2794735431671143,0.00031800364,16,2048,,4769.901896238327
adammini-adaptive_stochastic-r8,adammini,adaptive_stochastic,8,1.1B,sdpa,666,705,23134208,2.3164114952087402,10.139224289715873,nan,nan,nan,nan,22.21030282974243,4.097999572753906,0.018627915531396866,4.097999572753906,13.995675768703222,6.152437925338745,4843.790557908467,1.641151785850525,0.00031760364800000003,16,2048,,4776.083805561066
adammini-adaptive_stochastic-r8,adammini,adaptive_stochastic,8,1.1B,sdpa,666,706,23166976,2.4143404960632324,11.182393092885311,nan,nan,nan,nan,22.21030282974243,4.097999572753906,0.018627915531396866,4.097999572753906,13.995675768703222,6.153939485549927,4844.37957897027,1.5891348123550415,0.00031720365600000004,16,2048,,4782.267324924469
adammini-adaptive_stochastic-r8,adammini,adaptive_stochastic,8,1.1B,sdpa,666,707,23199744,2.1763792037963867,8.814333504946713,nan,nan,nan,nan,22.21030282974243,4.097999572753906,0.018627915531396866,4.097999572753906,13.995675768703222,6.15561056137085,4844.965273883172,1.5639365911483765,0.000316803664,16,2048,,4788.452212810516
adammini-adaptive_stochastic-r8,adammini,adaptive_stochastic,8,1.1B,sdpa,666,708,23232512,2.380699396133423,10.81246241446836,nan,nan,nan,nan,22.21030282974243,4.097999572753906,0.018627915531396866,4.097999572753906,13.995675768703222,6.155840873718262,4845.549545372289,1.5920711755752563,0.000316403672,16,2048,,4794.63733625412
adammini-adaptive_stochastic-r8,adammini,adaptive_stochastic,8,1.1B,sdpa,666,709,23265280,2.007075071334839,7.44151957048435,nan,nan,nan,nan,22.21030282974243,4.097999572753906,0.018627915531396866,4.097999572753906,13.995675768703222,6.141827821731567,4846.146370399034,1.588032603263855,0.00031600368,16,2048,,4800.8083527088165
adammini-adaptive_stochastic-r8,adammini,adaptive_stochastic,8,1.1B,sdpa,666,710,23298048,2.280550241470337,9.782061424825578,nan,nan,nan,nan,22.21030282974243,4.097999572753906,0.018627915531396866,4.097999572753906,13.995675768703222,6.1578528881073,4846.7256998239,1.6385836601257324,0.000315603688,16,2048,,4806.995552301407
adammini-adaptive_stochastic-r8,adammini,adaptive_stochastic,8,1.1B,sdpa,666,711,23330816,2.100328207015991,8.168850546704133,nan,nan,nan,nan,22.21030282974243,4.097999572753906,0.018627915531396866,4.097999572753906,13.995675768703222,6.152987480163574,4847.308302453803,1.5681670904159546,0.00031520369600000005,16,2048,,4813.177754878998
adammini-adaptive_stochastic-r8,adammini,adaptive_stochastic,8,1.1B,sdpa,666,712,23363584,2.434422016143799,11.409222460892648,nan,nan,nan,nan,22.21030282974243,4.097999572753906,0.018627915531396866,4.097999572753906,13.995675768703222,6.166325330734253,4847.876038344102,1.640889286994934,0.00031480370399999995,16,2048,,4819.373230457306
adammini-adaptive_stochastic-r8,adammini,adaptive_stochastic,8,1.1B,sdpa,666,713,23396352,2.591931104660034,13.355537657722724,nan,nan,nan,nan,22.21030282974243,4.097999572753906,0.018627915531396866,4.097999572753906,13.995675768703222,6.158080577850342,4848.450684365592,1.648159384727478,0.000314403712,16,2048,,4825.560683488846
adammini-adaptive_stochastic-r8,adammini,adaptive_stochastic,8,1.1B,sdpa,666,714,23429120,2.3072266578674316,10.04652353621389,nan,nan,nan,nan,22.21030282974243,4.097999572753906,0.018627915531396866,4.097999572753906,13.995675768703222,6.143387317657471,4849.038437339731,1.5986082553863525,0.00031400372,16,2048,,4831.7336094379425
adammini-adaptive_stochastic-r8,adammini,adaptive_stochastic,8,1.1B,sdpa,666,715,23461888,2.4439446926116943,11.51838774303281,nan,nan,nan,nan,22.21030282974243,4.097999572753906,0.018627915531396866,4.097999572753906,13.995675768703222,6.162532329559326,4849.605301392564,1.7193070650100708,0.000313603728,16,2048,,4837.925539731979
adammini-adaptive_stochastic-r8,adammini,adaptive_stochastic,8,1.1B,sdpa,666,716,23494656,2.420605182647705,11.252667173588945,nan,nan,nan,nan,22.21030282974243,4.097999572753906,0.018627915531396866,4.097999572753906,13.995675768703222,6.168745756149292,4850.164646119367,1.9156006574630737,0.000313203736,16,2048,,4844.123718261719
adammini-adaptive_stochastic-r8,adammini,adaptive_stochastic,8,1.1B,sdpa,666,717,23527424,2.368036985397339,10.676413744173672,nan,nan,nan,nan,22.21030282974243,4.097999572753906,0.018627915531396866,4.097999572753906,13.995675768703222,6.163981199264526,4850.727279536255,1.7624727487564087,0.000312803744,16,2048,,4850.316794633865
adammini-adaptive_stochastic-r8,adammini,adaptive_stochastic,8,1.1B,sdpa,666,718,23560192,2.29776930809021,9.951957923962327,nan,nan,nan,nan,22.21030282974243,4.097999572753906,0.018627915531396866,4.097999572753906,13.995675768703222,6.180058240890503,4851.272583400687,1.67927086353302,0.00031240375200000003,16,2048,,4856.526243209839
adammini-adaptive_stochastic-r8,adammini,adaptive_stochastic,8,1.1B,sdpa,666,719,23592960,2.6147451400756836,13.663733595991715,nan,nan,nan,nan,22.21030282974243,4.097999572753906,0.018627915531396866,4.097999572753906,13.995675768703222,6.15900731086731,4851.837503273137,2.3434455394744873,0.00031200376000000004,16,2048,,4862.714439630508
adammini-adaptive_stochastic-r8,adammini,adaptive_stochastic,8,1.1B,sdpa,666,720,23625728,2.032953977584839,7.63661145214382,nan,nan,nan,nan,22.21030282974243,4.097999572753906,0.018627915531396866,4.097999572753906,13.995675768703222,6.177361249923706,4852.382771872818,1.740860939025879,0.000311603768,16,2048,,4868.921349525452
adammini-adaptive_stochastic-r8,adammini,adaptive_stochastic,8,1.1B,sdpa,666,721,23658496,2.412163257598877,11.15807284162044,nan,nan,nan,nan,22.21030282974243,4.097999572753906,0.018627915531396866,4.097999572753906,13.995675768703222,6.1067023277282715,4852.99666766036,1.5037930011749268,0.00031120377600000007,16,2048,,4875.057732582092
adammini-adaptive_stochastic-r8,adammini,adaptive_stochastic,8,1.1B,sdpa,666,722,23691264,2.525308609008789,12.494750661287627,nan,nan,nan,nan,22.21030282974243,4.097999572753906,0.018627915531396866,4.097999572753906,13.995675768703222,6.147699594497681,4853.568058426696,1.553482174873352,0.00031080378399999997,16,2048,,4881.234956741333
adammini-adaptive_stochastic-r8,adammini,adaptive_stochastic,8,1.1B,sdpa,666,723,23724032,2.474306106567383,11.873465334354103,nan,nan,nan,nan,22.21030282974243,4.097999572753906,0.018627915531396866,4.097999572753906,13.995675768703222,6.176388263702393,4854.10970582783,1.6131101846694946,0.00031040379200000004,16,2048,,4887.44084072113
adammini-adaptive_stochastic-r8,adammini,adaptive_stochastic,8,1.1B,sdpa,666,724,23756800,2.349217653274536,10.477369581684592,nan,nan,nan,nan,22.21030282974243,4.097999572753906,0.018627915531396866,4.097999572753906,13.995675768703222,6.117430210113525,4854.708480778758,1.5921735763549805,0.0003100038,16,2048,,4893.587810993195
adammini-adaptive_stochastic-r8,adammini,adaptive_stochastic,8,1.1B,sdpa,666,725,23789568,2.3488996028900146,10.474037780128834,nan,nan,nan,nan,22.21030282974243,4.097999572753906,0.018627915531396866,4.097999572753906,13.995675768703222,6.157769680023193,4855.265739347084,1.578670859336853,0.000309603808,16,2048,,4899.775136232376
adammini-adaptive_stochastic-r8,adammini,adaptive_stochastic,8,1.1B,sdpa,666,726,23822336,2.613302230834961,13.644032285542893,nan,nan,nan,nan,22.21030282974243,4.097999572753906,0.018627915531396866,4.097999572753906,13.995675768703222,6.166185140609741,4855.813241337763,1.7095245122909546,0.000309203816,16,2048,,4905.97049331665
adammini-adaptive_stochastic-r8,adammini,adaptive_stochastic,8,1.1B,sdpa,666,727,23855104,2.2581071853637695,9.564967311396265,nan,nan,nan,nan,22.21030282974243,4.097999572753906,0.018627915531396866,4.097999572753906,13.995675768703222,6.152173280715942,4856.373595654132,1.4954246282577515,0.000308803824,16,2048,,4912.152009010315
adammini-adaptive_stochastic-r8,adammini,adaptive_stochastic,8,1.1B,sdpa,666,728,23887872,2.418182134628296,11.22543442713108,nan,nan,nan,nan,22.21030282974243,4.097999572753906,0.018627915531396866,4.097999572753906,13.995675768703222,6.16021990776062,4856.9244287942,1.5983080863952637,0.000308403832,16,2048,,4918.341995954514
adammini-adaptive_stochastic-r8,adammini,adaptive_stochastic,8,1.1B,sdpa,666,729,23920640,2.3489630222320557,10.474702057777165,nan,nan,nan,nan,22.21030282974243,4.097999572753906,0.018627915531396866,4.097999572753906,13.995675768703222,6.164057016372681,4857.469678476934,1.5654429197311401,0.00030800384,16,2048,,4924.535577535629
adammini-adaptive_stochastic-r8,adammini,adaptive_stochastic,8,1.1B,sdpa,666,730,23953408,2.246699333190918,9.456471606376976,nan,nan,nan,nan,22.21030282974243,4.097999572753906,0.018627915531396866,4.097999572753906,13.995675768703222,6.139944553375244,4858.037549625839,1.6994619369506836,0.000307603848,16,2048,,4930.704808950424
adammini-adaptive_stochastic-r8,adammini,adaptive_stochastic,8,1.1B,sdpa,666,731,23986176,2.5843958854675293,13.255278964040784,nan,nan,nan,nan,22.21030282974243,4.097999572753906,0.018627915531396866,4.097999572753906,13.995675768703222,6.152708053588867,4858.591687115654,1.8075861930847168,0.0003072038560000001,16,2048,,4936.886786222458
adammini-adaptive_stochastic-r8,adammini,adaptive_stochastic,8,1.1B,sdpa,666,732,24018944,2.3838553428649902,10.846639872636912,nan,nan,nan,nan,22.21030282974243,4.097999572753906,0.018627915531396866,4.097999572753906,13.995675768703222,6.165125131607056,4859.13215162496,1.6086668968200684,0.000306803864,16,2048,,4943.081105470657
adammini-adaptive_stochastic-r8,adammini,adaptive_stochastic,8,1.1B,sdpa,666,733,24051712,2.418245553970337,11.226146359371471,nan,nan,nan,nan,22.21030282974243,4.097999572753906,0.018627915531396866,4.097999572753906,13.995675768703222,6.165368318557739,4859.671190670509,1.732227087020874,0.00030640387200000005,16,2048,,4949.276126623154
adammini-adaptive_stochastic-r8,adammini,adaptive_stochastic,8,1.1B,sdpa,666,734,24084480,2.3579342365264893,10.56909563402155,nan,nan,nan,nan,22.21030282974243,4.097999572753906,0.018627915531396866,4.097999572753906,13.995675768703222,6.156044006347656,4860.217639731491,1.7304540872573853,0.00030600388,16,2048,,4955.461679458618
adammini-adaptive_stochastic-r8,adammini,adaptive_stochastic,8,1.1B,sdpa,666,735,24117248,2.3818414211273193,10.824817570396865,nan,nan,nan,nan,22.21030282974243,4.097999572753906,0.018627915531396866,4.097999572753906,13.995675768703222,6.147292613983154,4860.77137687765,1.8194475173950195,0.00030560388799999997,16,2048,,4961.638232707977
adammini-adaptive_stochastic-r8,adammini,adaptive_stochastic,8,1.1B,sdpa,666,736,24150016,2.3418939113616943,10.400916334595756,nan,nan,nan,nan,22.21030282974243,4.097999572753906,0.018627915531396866,4.097999572753906,13.995675768703222,6.152493476867676,4861.31882610432,1.6843256950378418,0.00030520389600000004,16,2048,,4967.8200895786285
adammini-adaptive_stochastic-r8,adammini,adaptive_stochastic,8,1.1B,sdpa,666,737,24182784,2.316399335861206,10.139101004113543,nan,nan,nan,nan,22.21030282974243,4.097999572753906,0.018627915531396866,4.097999572753906,13.995675768703222,6.153909683227539,4861.863543786128,1.572015404701233,0.00030480390399999994,16,2048,,4974.003506422043
adammini-adaptive_stochastic-r8,adammini,adaptive_stochastic,8,1.1B,sdpa,666,738,24215552,2.3198697566986084,10.174349078960677,nan,nan,nan,nan,22.21030282974243,4.097999572753906,0.018627915531396866,4.097999572753906,13.995675768703222,6.168214321136475,4862.392748804255,1.9183930158615112,0.000304403912,16,2048,,4980.201319694519
adammini-adaptive_stochastic-r8,adammini,adaptive_stochastic,8,1.1B,sdpa,666,739,24248320,2.1976397037506104,9.003736913321568,nan,nan,nan,nan,22.21030282974243,4.097999572753906,0.018627915531396866,4.097999572753906,13.995675768703222,6.153847932815552,4862.934550458785,1.631342887878418,0.00030400391999999997,16,2048,,4986.3845336437225
adammini-adaptive_stochastic-r8,adammini,adaptive_stochastic,8,1.1B,sdpa,666,740,24281088,2.436845302581787,11.436903801312399,nan,nan,nan,nan,22.21030282974243,4.097999572753906,0.018627915531396866,4.097999572753906,13.995675768703222,6.164210557937622,4863.465167075449,1.5448395013809204,0.000303603928,16,2048,,4992.578181028366
adammini-adaptive_stochastic-r8,adammini,adaptive_stochastic,8,1.1B,sdpa,666,741,24313856,2.4096126556396484,11.129649303145126,nan,nan,nan,nan,22.21030282974243,4.097999572753906,0.018627915531396866,4.097999572753906,13.995675768703222,6.154208421707153,4864.004111784429,1.6416682004928589,0.000303203936,16,2048,,4998.761969804764
adammini-adaptive_stochastic-r8,adammini,adaptive_stochastic,8,1.1B,sdpa,666,742,24346624,2.3780322074890137,10.78366196269097,nan,nan,nan,nan,22.21030282974243,4.097999572753906,0.018627915531396866,4.097999572753906,13.995675768703222,6.150588750839233,4864.545100381166,1.5989446640014648,0.000302803944,16,2048,,5004.942001581192
adammini-adaptive_stochastic-r8,adammini,adaptive_stochastic,8,1.1B,sdpa,666,743,24379392,2.429065704345703,11.348274481924454,nan,nan,nan,nan,22.21030282974243,4.097999572753906,0.018627915531396866,4.097999572753906,13.995675768703222,6.162627220153809,4865.0731999958725,1.7550578117370605,0.000302403952,16,2048,,5011.133907556534
adammini-adaptive_stochastic-r8,adammini,adaptive_stochastic,8,1.1B,sdpa,666,744,24412160,2.478325128555298,11.921281074499014,nan,nan,nan,nan,22.21030282974243,4.097999572753906,0.018627915531396866,4.097999572753906,13.995675768703222,6.164484977722168,4865.598302262354,1.6743578910827637,0.00030200396000000003,16,2048,,5017.327959060669
adammini-adaptive_stochastic-r8,adammini,adaptive_stochastic,8,1.1B,sdpa,666,745,24444928,2.35764741897583,10.566064666587225,nan,nan,nan,nan,22.21030282974243,4.097999572753906,0.018627915531396866,4.097999572753906,13.995675768703222,6.140519618988037,4866.1451035757855,1.7297954559326172,0.000301603968,16,2048,,5023.498016119003
adammini-adaptive_stochastic-r8,adammini,adaptive_stochastic,8,1.1B,sdpa,666,746,24477696,2.2912545204162598,9.887333766048519,nan,nan,nan,nan,22.21030282974243,4.097999572753906,0.018627915531396866,4.097999572753906,13.995675768703222,6.157344341278076,4866.674371624277,1.6493890285491943,0.00030120397600000005,16,2048,,5029.6849200725555
adammini-adaptive_stochastic-r8,adammini,adaptive_stochastic,8,1.1B,sdpa,666,747,24510464,2.690523386001587,14.739388291496715,nan,nan,nan,nan,22.21030282974243,4.097999572753906,0.018627915531396866,4.097999572753906,13.995675768703222,6.154722690582275,4867.2047935590435,2.2358720302581787,0.000300803984,16,2048,,5035.869191408157
adammini-adaptive_stochastic-r8,adammini,adaptive_stochastic,8,1.1B,sdpa,666,748,24543232,2.027164936065674,7.592530507697426,nan,nan,nan,nan,22.21030282974243,4.097999572753906,0.018627915531396866,4.097999572753906,13.995675768703222,6.14272665977478,4867.74548649699,1.8320214748382568,0.000300403992,16,2048,,5042.041436433792
adammini-adaptive_stochastic-r8,adammini,adaptive_stochastic,8,1.1B,sdpa,666,749,24576000,2.4555506706237793,11.652848663852208,nan,nan,nan,nan,22.21030282974243,4.097999572753906,0.018627915531396866,4.097999572753906,13.995675768703222,6.163006067276001,4868.265357168854,1.7532495260238647,0.000300004,16,2048,,5048.233994960785
adammini-adaptive_stochastic-r8,adammini,adaptive_stochastic,8,1.1B,sdpa,666,750,24608768,2.22938871383667,9.294182937218459,2.4523753348716,11.615905641166131,nan,nan,22.21030282974243,4.097999572753906,0.018627915531396866,4.097999572753906,13.995675768703222,6.163823127746582,4868.783128108509,1.5774937868118286,0.000299604008,16,2048,,5066.668073654175
adammini-adaptive_stochastic-r8,adammini,adaptive_stochastic,8,1.1B,sdpa,666,751,24641536,2.2561874389648438,9.546622614061695,nan,nan,nan,nan,22.21030282974243,4.097999572753906,0.018627915531396866,4.097999572753906,13.995675768703222,6.158526182174683,4857.555106158653,1.8321716785430908,0.000299204016,16,2048,,5072.856093406677
adammini-adaptive_stochastic-r8,adammini,adaptive_stochastic,8,1.1B,sdpa,666,752,24674304,2.5771048069000244,13.158985153130038,nan,nan,nan,nan,22.21030282974243,4.097999572753906,0.018627915531396866,4.097999572753906,13.995675768703222,6.159308910369873,4858.087755493907,1.602593183517456,0.000298804024,16,2048,,5079.044744968414
adammini-adaptive_stochastic-r8,adammini,adaptive_stochastic,8,1.1B,sdpa,666,753,24707072,2.4045193195343018,11.073106376810344,nan,nan,nan,nan,22.21030282974243,4.097999572753906,0.018627915531396866,4.097999572753906,13.995675768703222,6.154629707336426,4858.623764922047,2.079590320587158,0.000298404032,16,2048,,5085.228858232498
adammini-adaptive_stochastic-r8,adammini,adaptive_stochastic,8,1.1B,sdpa,666,754,24739840,2.444815158843994,11.52841847568732,nan,nan,nan,nan,22.21030282974243,4.097999572753906,0.018627915531396866,4.097999572753906,13.995675768703222,6.148561477661133,4859.164187054137,1.55988347530365,0.00029800404,16,2048,,5091.406817913055
adammini-adaptive_stochastic-r8,adammini,adaptive_stochastic,8,1.1B,sdpa,666,755,24772608,2.18688702583313,8.907441276032543,nan,nan,nan,nan,22.21030282974243,4.097999572753906,0.018627915531396866,4.097999572753906,13.995675768703222,6.1438562870025635,4859.707811272795,1.5354948043823242,0.00029760404799999995,16,2048,,5097.580064535141
adammini-adaptive_stochastic-r8,adammini,adaptive_stochastic,8,1.1B,sdpa,666,756,24805376,2.1993248462677,9.018922284370595,nan,nan,nan,nan,22.21030282974243,4.097999572753906,0.018627915531396866,4.097999572753906,13.995675768703222,6.159380912780762,4860.23533574397,1.6804769039154053,0.00029720405600000007,16,2048,,5103.768880367279
adammini-adaptive_stochastic-r8,adammini,adaptive_stochastic,8,1.1B,sdpa,666,757,24838144,2.530965805053711,12.565636233048117,nan,nan,nan,nan,22.21030282974243,4.097999572753906,0.018627915531396866,4.097999572753906,13.995675768703222,6.161374092102051,4860.75965263509,1.6569881439208984,0.00029680406400000003,16,2048,,5109.95982003212
adammini-adaptive_stochastic-r8,adammini,adaptive_stochastic,8,1.1B,sdpa,666,758,24870912,2.1973459720611572,9.001092618842181,nan,nan,nan,nan,22.21030282974243,4.097999572753906,0.018627915531396866,4.097999572753906,13.995675768703222,6.169524908065796,4861.274828497119,1.5547553300857544,0.00029640407200000004,16,2048,,5116.158708810806
adammini-adaptive_stochastic-r8,adammini,adaptive_stochastic,8,1.1B,sdpa,666,759,24903680,2.0255672931671143,7.580410039917431,nan,nan,nan,nan,22.21030282974243,4.097999572753906,0.018627915531396866,4.097999572753906,13.995675768703222,6.154421806335449,4861.803298064334,1.6348519325256348,0.00029600408000000005,16,2048,,5122.342486143112
adammini-adaptive_stochastic-r8,adammini,adaptive_stochastic,8,1.1B,sdpa,666,760,24936448,2.2924582958221436,9.899243061886445,nan,nan,nan,nan,22.21030282974243,4.097999572753906,0.018627915531396866,4.097999572753906,13.995675768703222,6.151288270950317,4862.333455301822,1.5504169464111328,0.000295604088,16,2048,,5128.523426294327
adammini-adaptive_stochastic-r8,adammini,adaptive_stochastic,8,1.1B,sdpa,666,761,24969216,2.352182388305664,10.508478298081892,nan,nan,nan,nan,22.21030282974243,4.097999572753906,0.018627915531396866,4.097999572753906,13.995675768703222,6.137366056442261,4862.87527197832,1.592564582824707,0.000295204096,16,2048,,5134.690115213394
adammini-adaptive_stochastic-r8,adammini,adaptive_stochastic,8,1.1B,sdpa,666,762,25001984,2.3119680881500244,10.094271534593497,nan,nan,nan,nan,22.21030282974243,4.097999572753906,0.018627915531396866,4.097999572753906,13.995675768703222,6.156479358673096,4863.397947773709,1.6331666707992554,0.00029480410400000004,16,2048,,5140.875986814499
adammini-adaptive_stochastic-r8,adammini,adaptive_stochastic,8,1.1B,sdpa,666,763,25034752,2.3653955459594727,10.648249856831637,nan,nan,nan,nan,22.21030282974243,4.097999572753906,0.018627915531396866,4.097999572753906,13.995675768703222,6.152105808258057,4863.923488732006,1.5288100242614746,0.000294404112,16,2048,,5147.0575931072235
adammini-adaptive_stochastic-r8,adammini,adaptive_stochastic,8,1.1B,sdpa,666,764,25067520,2.27970552444458,9.77380183999013,nan,nan,nan,nan,22.21030282974243,4.097999572753906,0.018627915531396866,4.097999572753906,13.995675768703222,6.174569368362427,4864.426453883127,1.5147684812545776,0.00029400412000000006,16,2048,,5153.261768817902
adammini-adaptive_stochastic-r8,adammini,adaptive_stochastic,8,1.1B,sdpa,666,765,25100288,1.841340184211731,6.304982439305972,nan,nan,nan,nan,22.21030282974243,4.097999572753906,0.018627915531396866,4.097999572753906,13.995675768703222,6.112887382507324,4864.986262630326,1.7337030172348022,0.00029360412799999997,16,2048,,5159.40416097641
adammini-adaptive_stochastic-r8,adammini,adaptive_stochastic,8,1.1B,sdpa,666,766,25133056,2.362640857696533,10.618957611954965,nan,nan,nan,nan,22.21030282974243,4.097999572753906,0.018627915531396866,4.097999572753906,13.995675768703222,6.156603813171387,4865.50366952032,1.5931850671768188,0.00029320413600000003,16,2048,,5165.58992600441
adammini-adaptive_stochastic-r8,adammini,adaptive_stochastic,8,1.1B,sdpa,666,767,25165824,2.636260986328125,13.960905879745319,nan,nan,nan,nan,22.21030282974243,4.097999572753906,0.018627915531396866,4.097999572753906,13.995675768703222,6.172964334487915,4866.004641594901,1.8448030948638916,0.000292804144,16,2048,,5171.792450428009
adammini-adaptive_stochastic-r8,adammini,adaptive_stochastic,8,1.1B,sdpa,666,768,25198592,3.0977394580841064,22.14782855572831,nan,nan,nan,nan,22.21030282974243,4.097999572753906,0.018627915531396866,4.097999572753906,13.995675768703222,6.135409116744995,4866.539581606167,2.032813787460327,0.000292404152,16,2048,,5177.957336187363
adammini-adaptive_stochastic-r8,adammini,adaptive_stochastic,8,1.1B,sdpa,666,769,25231360,2.261685848236084,9.599258426361756,nan,nan,nan,nan,22.21030282974243,4.097999572753906,0.018627915531396866,4.097999572753906,13.995675768703222,6.16248345375061,4867.047757819716,1.6178703308105469,0.00029200416000000007,16,2048,,5184.149451255798
adammini-adaptive_stochastic-r8,adammini,adaptive_stochastic,8,1.1B,sdpa,666,770,25264128,2.4876840114593506,12.033374665360771,nan,nan,nan,nan,22.21030282974243,4.097999572753906,0.018627915531396866,4.097999572753906,13.995675768703222,6.172851800918579,4867.544890634978,1.653968334197998,0.00029160416800000003,16,2048,,5190.3517553806305
adammini-adaptive_stochastic-r8,adammini,adaptive_stochastic,8,1.1B,sdpa,666,771,25296896,2.3660027980804443,10.654717992837725,nan,nan,nan,nan,22.21030282974243,4.097999572753906,0.018627915531396866,4.097999572753906,13.995675768703222,6.146024703979492,4868.066148829107,1.6104665994644165,0.00029120417600000004,16,2048,,5196.527100801468
adammini-adaptive_stochastic-r8,adammini,adaptive_stochastic,8,1.1B,sdpa,666,772,25329664,2.412442922592163,11.161193800377891,nan,nan,nan,nan,22.21030282974243,4.097999572753906,0.018627915531396866,4.097999572753906,13.995675768703222,6.155815601348877,4868.5770826060625,1.6100938320159912,0.00029080418400000005,16,2048,,5202.712502479553
adammini-adaptive_stochastic-r8,adammini,adaptive_stochastic,8,1.1B,sdpa,666,773,25362432,2.406284809112549,11.092673098056265,nan,nan,nan,nan,22.21030282974243,4.097999572753906,0.018627915531396866,4.097999572753906,13.995675768703222,6.137820482254028,4869.10341036613,1.5854320526123047,0.000290404192,16,2048,,5208.879906415939
adammini-adaptive_stochastic-r8,adammini,adaptive_stochastic,8,1.1B,sdpa,666,774,25395200,2.3529675006866455,10.516731874067377,nan,nan,nan,nan,22.21030282974243,4.097999572753906,0.018627915531396866,4.097999572753906,13.995675768703222,6.148820638656616,4869.618201599315,1.7890372276306152,0.0002900042,16,2048,,5215.0580151081085
adammini-adaptive_stochastic-r8,adammini,adaptive_stochastic,8,1.1B,sdpa,666,775,25427968,2.3247272968292236,10.223891617934383,nan,nan,nan,nan,22.21030282974243,4.097999572753906,0.018627915531396866,4.097999572753906,13.995675768703222,6.1575608253479,4870.123795699358,1.6643671989440918,0.000289604208,16,2048,,5221.245220422745
adammini-adaptive_stochastic-r8,adammini,adaptive_stochastic,8,1.1B,sdpa,666,776,25460736,2.338921070098877,10.37004197636662,nan,nan,nan,nan,22.21030282974243,4.097999572753906,0.018627915531396866,4.097999572753906,13.995675768703222,6.156153202056885,4870.629403468094,1.666581392288208,0.000289204216,16,2048,,5227.430989742279
adammini-adaptive_stochastic-r8,adammini,adaptive_stochastic,8,1.1B,sdpa,666,777,25493504,2.352067708969116,10.507273261860238,nan,nan,nan,nan,22.21030282974243,4.097999572753906,0.018627915531396866,4.097999572753906,13.995675768703222,6.160276651382446,4871.129889868413,1.7190706729888916,0.000288804224,16,2048,,5233.6205377578735
adammini-adaptive_stochastic-r8,adammini,adaptive_stochastic,8,1.1B,sdpa,666,778,25526272,2.300140619277954,9.975585115767974,nan,nan,nan,nan,22.21030282974243,4.097999572753906,0.018627915531396866,4.097999572753906,13.995675768703222,6.165592670440674,4871.624569379886,2.674227476119995,0.00028840423199999997,16,2048,,5239.815198898315
adammini-adaptive_stochastic-r8,adammini,adaptive_stochastic,8,1.1B,sdpa,666,779,25559040,2.3229334354400635,10.20556781361029,nan,nan,nan,nan,22.21030282974243,4.097999572753906,0.018627915531396866,4.097999572753906,13.995675768703222,6.160191297531128,4872.123266412037,1.5585718154907227,0.00028800424000000003,16,2048,,5246.004670143127
adammini-adaptive_stochastic-r8,adammini,adaptive_stochastic,8,1.1B,sdpa,666,780,25591808,2.414700508117676,11.186419613950846,nan,nan,nan,nan,22.21030282974243,4.097999572753906,0.018627915531396866,4.097999572753906,13.995675768703222,6.15791916847229,4872.622723941185,1.5763719081878662,0.00028760424799999994,16,2048,,5252.192233800888
adammini-adaptive_stochastic-r8,adammini,adaptive_stochastic,8,1.1B,sdpa,666,781,25624576,2.2884833812713623,9.85997251683453,nan,nan,nan,nan,22.21030282974243,4.097999572753906,0.018627915531396866,4.097999572753906,13.995675768703222,6.167557001113892,4873.1117625989245,1.6508066654205322,0.000287204256,16,2048,,5258.38915348053
adammini-adaptive_stochastic-r8,adammini,adaptive_stochastic,8,1.1B,sdpa,666,782,25657344,2.3184123039245605,10.159531246439935,nan,nan,nan,nan,22.21030282974243,4.097999572753906,0.018627915531396866,4.097999572753906,13.995675768703222,6.137437582015991,4873.62772809213,1.685952067375183,0.000286804264,16,2048,,5264.556110858917
adammini-adaptive_stochastic-r8,adammini,adaptive_stochastic,8,1.1B,sdpa,666,783,25690112,2.3692188262939453,10.689039025633079,nan,nan,nan,nan,22.21030282974243,4.097999572753906,0.018627915531396866,4.097999572753906,13.995675768703222,6.153393507003784,4874.127634227237,1.858263373374939,0.00028640427200000003,16,2048,,5270.739037513733
adammini-adaptive_stochastic-r8,adammini,adaptive_stochastic,8,1.1B,sdpa,666,784,25722880,2.4115982055664062,11.151769730843311,nan,nan,nan,nan,22.21030282974243,4.097999572753906,0.018627915531396866,4.097999572753906,13.995675768703222,6.15787672996521,4874.622168408368,1.7987277507781982,0.00028600428000000004,16,2048,,5276.926210403442
adammini-adaptive_stochastic-r8,adammini,adaptive_stochastic,8,1.1B,sdpa,666,785,25755648,2.2015745639801025,9.03923515412462,nan,nan,nan,nan,22.21030282974243,4.097999572753906,0.018627915531396866,4.097999572753906,13.995675768703222,6.1675944328308105,4875.106739308814,1.654910683631897,0.000285604288,16,2048,,5283.12314248085
adammini-adaptive_stochastic-r8,adammini,adaptive_stochastic,8,1.1B,sdpa,666,786,25788416,2.3391265869140625,10.372173413382514,nan,nan,nan,nan,22.21030282974243,4.097999572753906,0.018627915531396866,4.097999572753906,13.995675768703222,6.151447296142578,4875.605228873531,1.638153076171875,0.000285204296,16,2048,,5289.304157972336
adammini-adaptive_stochastic-r8,adammini,adaptive_stochastic,8,1.1B,sdpa,666,787,25821184,2.4542124271392822,11.63726474491673,nan,nan,nan,nan,22.21030282974243,4.097999572753906,0.018627915531396866,4.097999572753906,13.995675768703222,6.151428937911987,4876.102245473075,1.6688636541366577,0.000284804304,16,2048,,5295.484929084778
adammini-adaptive_stochastic-r8,adammini,adaptive_stochastic,8,1.1B,sdpa,666,788,25853952,2.4368577003479004,11.437045594249744,nan,nan,nan,nan,22.21030282974243,4.097999572753906,0.018627915531396866,4.097999572753906,13.995675768703222,6.147715330123901,4876.601711818932,1.6477694511413574,0.000284404312,16,2048,,5301.662102937698
adammini-adaptive_stochastic-r8,adammini,adaptive_stochastic,8,1.1B,sdpa,666,789,25886720,2.336138963699341,10.34123151169281,nan,nan,nan,nan,22.21030282974243,4.097999572753906,0.018627915531396866,4.097999572753906,13.995675768703222,6.162581205368042,4877.086254464651,1.7910964488983154,0.00028400432000000005,16,2048,,5307.8536903858185
adammini-adaptive_stochastic-r8,adammini,adaptive_stochastic,8,1.1B,sdpa,666,790,25919488,2.073883533477783,7.9556592715954,nan,nan,nan,nan,22.21030282974243,4.097999572753906,0.018627915531396866,4.097999572753906,13.995675768703222,6.171637058258057,4877.561751709839,1.6286956071853638,0.00028360432799999995,16,2048,,5314.054851531982
adammini-adaptive_stochastic-r8,adammini,adaptive_stochastic,8,1.1B,sdpa,666,791,25952256,2.3387510776519775,10.368279297381909,nan,nan,nan,nan,22.21030282974243,4.097999572753906,0.018627915531396866,4.097999572753906,13.995675768703222,6.158114194869995,4878.04814232152,1.5074506998062134,0.000283204336,16,2048,,5320.242461919785
adammini-adaptive_stochastic-r8,adammini,adaptive_stochastic,8,1.1B,sdpa,666,792,25985024,2.662588357925415,14.33334094290148,nan,nan,nan,nan,22.21030282974243,4.097999572753906,0.018627915531396866,4.097999572753906,13.995675768703222,6.182716369628906,4878.51081639701,2.0151383876800537,0.000282804344,16,2048,,5326.454658985138
adammini-adaptive_stochastic-r8,adammini,adaptive_stochastic,8,1.1B,sdpa,666,793,26017792,3.000192165374756,20.089397038796086,nan,nan,nan,nan,22.21030282974243,4.097999572753906,0.018627915531396866,4.097999572753906,13.995675768703222,6.1262335777282715,4879.024119882027,1.8783575296401978,0.000282404352,16,2048,,5332.610175848007
adammini-adaptive_stochastic-r8,adammini,adaptive_stochastic,8,1.1B,sdpa,666,794,26050560,2.2434542179107666,9.425834004033026,nan,nan,nan,nan,22.21030282974243,4.097999572753906,0.018627915531396866,4.097999572753906,13.995675768703222,6.152700662612915,4879.512232249821,1.4224250316619873,0.00028200436,16,2048,,5338.79212141037
adammini-adaptive_stochastic-r8,adammini,adaptive_stochastic,8,1.1B,sdpa,666,795,26083328,2.30338716506958,10.008023938213569,nan,nan,nan,nan,22.21030282974243,4.097999572753906,0.018627915531396866,4.097999572753906,13.995675768703222,6.156548976898193,4879.995763559406,1.5466597080230713,0.00028160436799999996,16,2048,,5344.978170633316
adammini-adaptive_stochastic-r8,adammini,adaptive_stochastic,8,1.1B,sdpa,666,796,26116096,2.3851728439331055,10.86093975023809,nan,nan,nan,nan,22.21030282974243,4.097999572753906,0.018627915531396866,4.097999572753906,13.995675768703222,6.159568548202515,4880.475172267136,1.5202604532241821,0.00028120437600000003,16,2048,,5351.166969060898
adammini-adaptive_stochastic-r8,adammini,adaptive_stochastic,8,1.1B,sdpa,666,797,26148864,2.369818687438965,10.695452888343342,nan,nan,nan,nan,22.21030282974243,4.097999572753906,0.018627915531396866,4.097999572753906,13.995675768703222,6.147353410720825,4880.964774980634,1.6915006637573242,0.00028080438400000004,16,2048,,5357.343736886978
adammini-adaptive_stochastic-r8,adammini,adaptive_stochastic,8,1.1B,sdpa,666,798,26181632,2.4841320514678955,11.990708419244745,nan,nan,nan,nan,22.21030282974243,4.097999572753906,0.018627915531396866,4.097999572753906,13.995675768703222,6.168130159378052,4881.43425254427,1.8374255895614624,0.000280404392,16,2048,,5363.5412266254425
adammini-adaptive_stochastic-r8,adammini,adaptive_stochastic,8,1.1B,sdpa,666,799,26214400,2.414358377456665,11.182593051443487,nan,nan,nan,nan,22.21030282974243,4.097999572753906,0.018627915531396866,4.097999572753906,13.995675768703222,6.158052921295166,4881.911899450672,1.6619994640350342,0.00028000440000000007,16,2048,,5369.728713274002
adammini-adaptive_stochastic-r8,adammini,adaptive_stochastic,8,1.1B,sdpa,666,800,26247168,2.298182725906372,9.956073091256915,2.4532914313211456,11.626551806794973,nan,nan,22.21030282974243,4.097999572753906,0.018627915531396866,4.097999572753906,13.995675768703222,6.142731428146362,4882.402253207844,1.6663439273834229,0.00027960440799999997,16,2048,,5396.548204421997
adammini-adaptive_stochastic-r8,adammini,adaptive_stochastic,8,1.1B,sdpa,666,801,26279936,2.293055772781372,9.905159398791216,nan,nan,nan,nan,22.21030282974243,4.097999572753906,0.018627915531396866,4.097999572753906,13.995675768703222,6.151767730712891,4864.221958349872,1.9046440124511719,0.00027920441600000004,16,2048,,5402.729715585709
adammini-adaptive_stochastic-r8,adammini,adaptive_stochastic,8,1.1B,sdpa,666,802,26312704,2.10953950881958,8.244443916655449,nan,nan,nan,nan,22.21030282974243,4.097999572753906,0.018627915531396866,4.097999572753906,13.995675768703222,6.142610549926758,4864.729867049592,1.4206814765930176,0.000278804424,16,2048,,5408.901851177216
adammini-adaptive_stochastic-r8,adammini,adaptive_stochastic,8,1.1B,sdpa,666,803,26345472,2.217667818069458,9.185882715424293,nan,nan,nan,nan,22.21030282974243,4.097999572753906,0.018627915531396866,4.097999572753906,13.995675768703222,6.140124559402466,4865.238471763136,8.279810905456543,0.000278404432,16,2048,,5415.071265459061
adammini-adaptive_stochastic-r8,adammini,adaptive_stochastic,8,1.1B,sdpa,666,804,26378240,2.2736575603485107,9.714868629986354,nan,nan,nan,nan,22.21030282974243,4.097999572753906,0.018627915531396866,4.097999572753906,13.995675768703222,6.14811110496521,4865.738989203392,1.4492652416229248,0.00027800444,16,2048,,5421.248877763748
adammini-adaptive_stochastic-r8,adammini,adaptive_stochastic,8,1.1B,sdpa,666,805,26411008,2.1774187088012695,8.823500812645435,nan,nan,nan,nan,22.21030282974243,4.097999572753906,0.018627915531396866,4.097999572753906,13.995675768703222,6.150973320007324,4866.2356872722385,1.5957294702529907,0.00027760444800000003,16,2048,,5427.429314374924
adammini-adaptive_stochastic-r8,adammini,adaptive_stochastic,8,1.1B,sdpa,666,806,26443776,2.2259371280670166,9.262158566875652,nan,nan,nan,nan,22.21030282974243,4.097999572753906,0.018627915531396866,4.097999572753906,13.995675768703222,6.147192001342773,4866.734597403677,1.679612398147583,0.000277204456,16,2048,,5433.6058530807495
adammini-adaptive_stochastic-r8,adammini,adaptive_stochastic,8,1.1B,sdpa,666,807,26476544,2.2332823276519775,9.330441438798895,nan,nan,nan,nan,22.21030282974243,4.097999572753906,0.018627915531396866,4.097999572753906,13.995675768703222,6.1469221115112305,4867.2327354882655,1.634660005569458,0.000276804464,16,2048,,5439.782262325287
adammini-adaptive_stochastic-r8,adammini,adaptive_stochastic,8,1.1B,sdpa,666,808,26509312,2.5692551136016846,13.056095509949756,nan,nan,nan,nan,22.21030282974243,4.097999572753906,0.018627915531396866,4.097999572753906,13.995675768703222,6.1715216636657715,4867.707637295617,2.2127976417541504,0.00027640447199999996,16,2048,,5445.983227968216
adammini-adaptive_stochastic-r8,adammini,adaptive_stochastic,8,1.1B,sdpa,666,809,26542080,2.4654412269592285,11.768673662673239,nan,nan,nan,nan,22.21030282974243,4.097999572753906,0.018627915531396866,4.097999572753906,13.995675768703222,6.176897048950195,4868.176693489653,1.6585025787353516,0.0002760044800000001,16,2048,,5452.189633846283
adammini-adaptive_stochastic-r8,adammini,adaptive_stochastic,8,1.1B,sdpa,666,810,26574848,2.254615545272827,9.531628126152494,nan,nan,nan,nan,22.21030282974243,4.097999572753906,0.018627915531396866,4.097999572753906,13.995675768703222,6.131817817687988,4868.684830124982,1.4571260213851929,0.00027560448800000004,16,2048,,5458.351105690002
adammini-adaptive_stochastic-r8,adammini,adaptive_stochastic,8,1.1B,sdpa,666,811,26607616,2.4974279403686523,12.151200121839844,nan,nan,nan,nan,22.21030282974243,4.097999572753906,0.018627915531396866,4.097999572753906,13.995675768703222,6.155444622039795,4869.170665428421,1.589043378829956,0.000275204496,16,2048,,5464.536026000977
adammini-adaptive_stochastic-r8,adammini,adaptive_stochastic,8,1.1B,sdpa,666,812,26640384,2.3024911880493164,9.99906099464202,nan,nan,nan,nan,22.21030282974243,4.097999572753906,0.018627915531396866,4.097999572753906,13.995675768703222,6.1517815589904785,4869.658757453993,1.6378488540649414,0.000274804504,16,2048,,5470.717258214951
adammini-adaptive_stochastic-r8,adammini,adaptive_stochastic,8,1.1B,sdpa,666,813,26673152,2.404146909713745,11.06898341101568,nan,nan,nan,nan,22.21030282974243,4.097999572753906,0.018627915531396866,4.097999572753906,13.995675768703222,6.151471376419067,4870.146085678397,1.5411721467971802,0.00027440451199999997,16,2048,,5476.898221254349
adammini-adaptive_stochastic-r8,adammini,adaptive_stochastic,8,1.1B,sdpa,666,814,26705920,2.3914284706115723,10.92909468835947,nan,nan,nan,nan,22.21030282974243,4.097999572753906,0.018627915531396866,4.097999572753906,13.995675768703222,6.144267320632935,4870.638683272132,1.6128764152526855,0.00027400452000000004,16,2048,,5483.071870326996
adammini-adaptive_stochastic-r8,adammini,adaptive_stochastic,8,1.1B,sdpa,666,815,26738688,2.3722057342529297,10.721013930649455,nan,nan,nan,nan,22.21030282974243,4.097999572753906,0.018627915531396866,4.097999572753906,13.995675768703222,6.15591025352478,4871.119928063639,1.5584287643432617,0.000273604528,16,2048,,5489.257211923599
adammini-adaptive_stochastic-r8,adammini,adaptive_stochastic,8,1.1B,sdpa,666,816,26771456,2.2331323623657227,9.329042301391283,nan,nan,nan,nan,22.21030282974243,4.097999572753906,0.018627915531396866,4.097999572753906,13.995675768703222,6.153485298156738,4871.602194839221,1.594274878501892,0.000273204536,16,2048,,5495.440048933029
adammini-adaptive_stochastic-r8,adammini,adaptive_stochastic,8,1.1B,sdpa,666,817,26804224,2.393047571182251,10.946804324778814,nan,nan,nan,nan,22.21030282974243,4.097999572753906,0.018627915531396866,4.097999572753906,13.995675768703222,6.165484189987183,4872.072721523302,1.6141422986984253,0.00027280454399999997,16,2048,,5501.635052680969
adammini-adaptive_stochastic-r8,adammini,adaptive_stochastic,8,1.1B,sdpa,666,818,26836992,2.3479113578796387,10.463691977490049,nan,nan,nan,nan,22.21030282974243,4.097999572753906,0.018627915531396866,4.097999572753906,13.995675768703222,6.157703876495361,4872.549121639419,1.6601760387420654,0.000272404552,16,2048,,5507.821985006332
adammini-adaptive_stochastic-r8,adammini,adaptive_stochastic,8,1.1B,sdpa,666,819,26869760,2.2968103885650635,9.94241937127872,nan,nan,nan,nan,22.21030282974243,4.097999572753906,0.018627915531396866,4.097999572753906,13.995675768703222,6.162757396697998,4873.020145846065,1.6508954763412476,0.00027200456,16,2048,,5514.014064073563
adammini-adaptive_stochastic-r8,adammini,adaptive_stochastic,8,1.1B,sdpa,666,820,26902528,2.3973493576049805,10.993996571703166,nan,nan,nan,nan,22.21030282974243,4.097999572753906,0.018627915531396866,4.097999572753906,13.995675768703222,6.1482627391815186,4873.502843277424,1.534206748008728,0.000271604568,16,2048,,5520.191842317581
adammini-adaptive_stochastic-r8,adammini,adaptive_stochastic,8,1.1B,sdpa,666,821,26935296,2.261428117752075,9.596784723629398,nan,nan,nan,nan,22.21030282974243,4.097999572753906,0.018627915531396866,4.097999572753906,13.995675768703222,6.174400568008423,4873.96123852399,1.666091799736023,0.00027120457599999996,16,2048,,5526.395728111267
adammini-adaptive_stochastic-r8,adammini,adaptive_stochastic,8,1.1B,sdpa,666,822,26968064,2.3112785816192627,10.087313867401248,nan,nan,nan,nan,22.21030282974243,4.097999572753906,0.018627915531396866,4.097999572753906,13.995675768703222,6.162067890167236,4874.429480800449,1.6465860605239868,0.0002708045840000001,16,2048,,5532.5872921943665
adammini-adaptive_stochastic-r8,adammini,adaptive_stochastic,8,1.1B,sdpa,666,823,27000832,2.2139480113983154,9.151776481245049,nan,nan,nan,nan,22.21030282974243,4.097999572753906,0.018627915531396866,4.097999572753906,13.995675768703222,6.137432813644409,4874.918358724848,1.6115007400512695,0.000270404592,16,2048,,5538.754370689392
adammini-adaptive_stochastic-r8,adammini,adaptive_stochastic,8,1.1B,sdpa,666,824,27033600,2.4225666522979736,11.274760599443201,nan,nan,nan,nan,22.21030282974243,4.097999572753906,0.018627915531396866,4.097999572753906,13.995675768703222,6.1472156047821045,4875.397411337433,1.644178867340088,0.00027000460000000005,16,2048,,5544.93105006218
adammini-adaptive_stochastic-r8,adammini,adaptive_stochastic,8,1.1B,sdpa,666,825,27066368,2.5090150833129883,12.292816695868014,nan,nan,nan,nan,22.21030282974243,4.097999572753906,0.018627915531396866,4.097999572753906,13.995675768703222,6.147199869155884,4875.875475739478,1.8010168075561523,0.000269604608,16,2048,,5551.107691049576
adammini-adaptive_stochastic-r8,adammini,adaptive_stochastic,8,1.1B,sdpa,666,826,27099136,2.285088062286377,9.826551534511527,nan,nan,nan,nan,22.21030282974243,4.097999572753906,0.018627915531396866,4.097999572753906,13.995675768703222,6.156311273574829,4876.3446466344885,1.5862456560134888,0.000269204616,16,2048,,5557.292696714401
adammini-adaptive_stochastic-r8,adammini,adaptive_stochastic,8,1.1B,sdpa,666,827,27131904,2.329782247543335,10.2757037296776,nan,nan,nan,nan,22.21030282974243,4.097999572753906,0.018627915531396866,4.097999572753906,13.995675768703222,6.154102325439453,4876.815355722587,1.609819769859314,0.00026880462400000004,16,2048,,5563.476051568985
adammini-adaptive_stochastic-r8,adammini,adaptive_stochastic,8,1.1B,sdpa,666,828,27164672,2.3129241466522217,10.103926863511832,nan,nan,nan,nan,22.21030282974243,4.097999572753906,0.018627915531396866,4.097999572753906,13.995675768703222,6.161826848983765,4877.277497374179,1.624988317489624,0.000268404632,16,2048,,5569.667185783386
adammini-adaptive_stochastic-r8,adammini,adaptive_stochastic,8,1.1B,sdpa,666,829,27197440,2.560091257095337,12.936997854522561,nan,nan,nan,nan,22.21030282974243,4.097999572753906,0.018627915531396866,4.097999572753906,13.995675768703222,6.170085668563843,4877.731780844737,1.7009156942367554,0.00026800464,16,2048,,5575.86643409729
adammini-adaptive_stochastic-r8,adammini,adaptive_stochastic,8,1.1B,sdpa,666,830,27230208,2.2311971187591553,9.311005790072873,nan,nan,nan,nan,22.21030282974243,4.097999572753906,0.018627915531396866,4.097999572753906,13.995675768703222,6.149014234542847,4878.203358598546,1.626083493232727,0.000267604648,16,2048,,5582.045093536377
adammini-adaptive_stochastic-r8,adammini,adaptive_stochastic,8,1.1B,sdpa,666,831,27262976,2.4010231494903564,11.034460509628591,nan,nan,nan,nan,22.21030282974243,4.097999572753906,0.018627915531396866,4.097999572753906,13.995675768703222,6.165191173553467,4878.659450746405,1.5375500917434692,0.000267204656,16,2048,,5588.2395968437195
adammini-adaptive_stochastic-r8,adammini,adaptive_stochastic,8,1.1B,sdpa,666,832,27295744,2.3942723274230957,10.960219705301448,nan,nan,nan,nan,22.21030282974243,4.097999572753906,0.018627915531396866,4.097999572753906,13.995675768703222,6.161177396774292,4879.118233855986,1.5893243551254272,0.00026680466400000005,16,2048,,5594.430008888245
adammini-adaptive_stochastic-r8,adammini,adaptive_stochastic,8,1.1B,sdpa,666,833,27328512,2.324272394180298,10.21924180024243,nan,nan,nan,nan,22.21030282974243,4.097999572753906,0.018627915531396866,4.097999572753906,13.995675768703222,6.154238939285278,4879.5820701912935,1.6497033834457397,0.00026640467199999995,16,2048,,5600.613610744476
adammini-adaptive_stochastic-r8,adammini,adaptive_stochastic,8,1.1B,sdpa,666,834,27361280,2.237233877182007,9.367384082553816,nan,nan,nan,nan,22.21030282974243,4.097999572753906,0.018627915531396866,4.097999572753906,13.995675768703222,6.1629087924957275,4880.037301012238,1.5020676851272583,0.00026600468,16,2048,,5606.805598258972
adammini-adaptive_stochastic-r8,adammini,adaptive_stochastic,8,1.1B,sdpa,666,835,27394048,2.318902015686035,10.164507706798515,nan,nan,nan,nan,22.21030282974243,4.097999572753906,0.018627915531396866,4.097999572753906,13.995675768703222,6.146566152572632,4880.506021842403,2.075693368911743,0.00026560468800000003,16,2048,,5612.9813804626465
adammini-adaptive_stochastic-r8,adammini,adaptive_stochastic,8,1.1B,sdpa,666,836,27426816,2.474893093109131,11.88043694462981,nan,nan,nan,nan,22.21030282974243,4.097999572753906,0.018627915531396866,4.097999572753906,13.995675768703222,6.152543783187866,4880.968328454414,1.7409017086029053,0.00026520469600000004,16,2048,,5619.16325211525
adammini-adaptive_stochastic-r8,adammini,adaptive_stochastic,8,1.1B,sdpa,666,837,27459584,2.347576379776001,10.460187456796,nan,nan,nan,nan,22.21030282974243,4.097999572753906,0.018627915531396866,4.097999572753906,13.995675768703222,6.150876045227051,4881.430998119796,1.500209927558899,0.00026480470400000005,16,2048,,5625.3436806201935
adammini-adaptive_stochastic-r8,adammini,adaptive_stochastic,8,1.1B,sdpa,666,838,27492352,2.2858006954193115,9.83355675649769,nan,nan,nan,nan,22.21030282974243,4.097999572753906,0.018627915531396866,4.097999572753906,13.995675768703222,6.162940263748169,4881.88200813736,1.5881190299987793,0.000264404712,16,2048,,5631.535849332809
adammini-adaptive_stochastic-r8,adammini,adaptive_stochastic,8,1.1B,sdpa,666,839,27525120,2.4364192485809326,11.432032100567952,nan,nan,nan,nan,22.21030282974243,4.097999572753906,0.018627915531396866,4.097999572753906,13.995675768703222,6.158595323562622,4882.336037721071,1.5310839414596558,0.00026400472,16,2048,,5637.72368979454
adammini-adaptive_stochastic-r8,adammini,adaptive_stochastic,8,1.1B,sdpa,666,840,27557888,2.2462997436523438,9.452693654116613,nan,nan,nan,nan,22.21030282974243,4.097999572753906,0.018627915531396866,4.097999572753906,13.995675768703222,6.153165102005005,4882.793781841546,1.5707807540893555,0.00026360472800000004,16,2048,,5643.906074285507
adammini-adaptive_stochastic-r8,adammini,adaptive_stochastic,8,1.1B,sdpa,666,841,27590656,3.6927270889282227,40.15420185855373,nan,nan,nan,nan,22.21030282974243,4.097999572753906,0.018627915531396866,4.097999572753906,13.995675768703222,6.153138160705566,4883.250521333129,2.0727856159210205,0.000263204736,16,2048,,5650.088374376297
adammini-adaptive_stochastic-r8,adammini,adaptive_stochastic,8,1.1B,sdpa,666,842,27623424,2.4835636615753174,11.983894958308994,nan,nan,nan,nan,22.21030282974243,4.097999572753906,0.018627915531396866,4.097999572753906,13.995675768703222,6.174400568008423,4883.687955333076,1.6254674196243286,0.00026280474400000006,16,2048,,5656.292348861694
adammini-adaptive_stochastic-r8,adammini,adaptive_stochastic,8,1.1B,sdpa,666,843,27656192,2.3205642700195312,10.18141775428819,nan,nan,nan,nan,22.21030282974243,4.097999572753906,0.018627915531396866,4.097999572753906,13.995675768703222,6.174748420715332,4884.123883015515,1.6468040943145752,0.00026240475199999997,16,2048,,5662.496666431427
adammini-adaptive_stochastic-r8,adammini,adaptive_stochastic,8,1.1B,sdpa,666,844,27688960,2.312950372695923,10.104191853014106,nan,nan,nan,nan,22.21030282974243,4.097999572753906,0.018627915531396866,4.097999572753906,13.995675768703222,6.142662048339844,4884.586449218399,1.6334364414215088,0.00026200476000000003,16,2048,,5668.66885471344
adammini-adaptive_stochastic-r8,adammini,adaptive_stochastic,8,1.1B,sdpa,666,845,27721728,2.5092856884002686,12.29614364472726,nan,nan,nan,nan,22.21030282974243,4.097999572753906,0.018627915531396866,4.097999572753906,13.995675768703222,6.157392501831055,4885.035344825177,1.8646583557128906,0.000261604768,16,2048,,5674.855509757996
adammini-adaptive_stochastic-r8,adammini,adaptive_stochastic,8,1.1B,sdpa,666,846,27754496,2.4211905002593994,11.259255485803672,nan,nan,nan,nan,22.21030282974243,4.097999572753906,0.018627915531396866,4.097999572753906,13.995675768703222,6.146482944488525,4885.492895524878,1.5586727857589722,0.000261204776,16,2048,,5681.031323671341
adammini-adaptive_stochastic-r8,adammini,adaptive_stochastic,8,1.1B,sdpa,666,847,27787264,2.404284954071045,11.070511527188096,nan,nan,nan,nan,22.21030282974243,4.097999572753906,0.018627915531396866,4.097999572753906,13.995675768703222,6.15486741065979,4885.9421687905415,1.7069731950759888,0.000260804784,16,2048,,5687.215759277344
adammini-adaptive_stochastic-r8,adammini,adaptive_stochastic,8,1.1B,sdpa,666,848,27820032,2.284595012664795,9.82170775120687,nan,nan,nan,nan,22.21030282974243,4.097999572753906,0.018627915531396866,4.097999572753906,13.995675768703222,6.1454081535339355,4886.398386069804,1.448078989982605,0.000260404792,16,2048,,5693.390479326248
adammini-adaptive_stochastic-r8,adammini,adaptive_stochastic,8,1.1B,sdpa,666,849,27852800,2.3472657203674316,10.4569384058474,nan,nan,nan,nan,22.21030282974243,4.097999572753906,0.018627915531396866,4.097999572753906,13.995675768703222,6.148787260055542,4886.850884732754,1.5382866859436035,0.00026000480000000004,16,2048,,5699.568640947342
adammini-adaptive_stochastic-r8,adammini,adaptive_stochastic,8,1.1B,sdpa,666,850,27885568,2.343064785003662,10.413101625710224,2.4541075637288836,11.63604448562926,nan,nan,22.21030282974243,4.097999572753906,0.018627915531396866,4.097999572753906,13.995675768703222,6.1651387214660645,4887.288335171475,1.5531322956085205,0.000259604808,16,2048,,5719.269339084625
adammini-adaptive_stochastic-r8,adammini,adaptive_stochastic,8,1.1B,sdpa,666,851,27918336,2.378445863723755,10.788123614426588,nan,nan,nan,nan,22.21030282974243,4.097999572753906,0.018627915531396866,4.097999572753906,13.995675768703222,6.168777704238892,4876.191400444451,1.7210673093795776,0.000259204816,16,2048,,5725.468222856522
adammini-adaptive_stochastic-r8,adammini,adaptive_stochastic,8,1.1B,sdpa,666,852,27951104,2.4069180488586426,11.099699644061683,nan,nan,nan,nan,22.21030282974243,4.097999572753906,0.018627915531396866,4.097999572753906,13.995675768703222,6.153801202774048,4876.647950491831,1.5768028497695923,0.000258804824,16,2048,,5731.651267290115
adammini-adaptive_stochastic-r8,adammini,adaptive_stochastic,8,1.1B,sdpa,666,853,27983872,2.3924484252929688,10.940247556393402,nan,nan,nan,nan,22.21030282974243,4.097999572753906,0.018627915531396866,4.097999572753906,13.995675768703222,6.155961990356445,4877.101952245802,1.4813297986984253,0.000258404832,16,2048,,5737.836677074432
adammini-adaptive_stochastic-r8,adammini,adaptive_stochastic,8,1.1B,sdpa,666,854,28016640,2.4204344749450684,11.250746420575537,nan,nan,nan,nan,22.21030282974243,4.097999572753906,0.018627915531396866,4.097999572753906,13.995675768703222,6.150870323181152,4877.559110384815,1.5761348009109497,0.00025800484,16,2048,,5744.016942501068
adammini-adaptive_stochastic-r8,adammini,adaptive_stochastic,8,1.1B,sdpa,666,855,28049408,2.2974743843078613,9.949023287657909,nan,nan,nan,nan,22.21030282974243,4.097999572753906,0.018627915531396866,4.097999572753906,13.995675768703222,6.137542009353638,4878.02665791548,1.6041264533996582,0.000257604848,16,2048,,5750.18391418457
adammini-adaptive_stochastic-r8,adammini,adaptive_stochastic,8,1.1B,sdpa,666,856,28082176,2.5331051349639893,12.59254704977709,nan,nan,nan,nan,22.21030282974243,4.097999572753906,0.018627915531396866,4.097999572753906,13.995675768703222,6.147335052490234,4878.484858781024,1.6068838834762573,0.00025720485599999997,16,2048,,5756.360614299774
adammini-adaptive_stochastic-r8,adammini,adaptive_stochastic,8,1.1B,sdpa,666,857,28114944,2.344808578491211,10.431275765878606,nan,nan,nan,nan,22.21030282974243,4.097999572753906,0.018627915531396866,4.097999572753906,13.995675768703222,6.1532440185546875,4878.937121259151,1.6599005460739136,0.00025680486400000003,16,2048,,5762.543151378632
adammini-adaptive_stochastic-r8,adammini,adaptive_stochastic,8,1.1B,sdpa,666,858,28147712,2.4304261207580566,11.363723366857219,nan,nan,nan,nan,22.21030282974243,4.097999572753906,0.018627915531396866,4.097999572753906,13.995675768703222,6.140376329421997,4879.399360035595,1.59093177318573,0.00025640487199999994,16,2048,,5768.712929487228
adammini-adaptive_stochastic-r8,adammini,adaptive_stochastic,8,1.1B,sdpa,666,859,28180480,2.280701160430908,9.783537834774382,nan,nan,nan,nan,22.21030282974243,4.097999572753906,0.018627915531396866,4.097999572753906,13.995675768703222,6.147418260574341,4879.854593480909,1.6426520347595215,0.00025600488,16,2048,,5774.889729976654
adammini-adaptive_stochastic-r8,adammini,adaptive_stochastic,8,1.1B,sdpa,666,860,28213248,2.7662248611450195,15.898501526124708,nan,nan,nan,nan,22.21030282974243,4.097999572753906,0.018627915531396866,4.097999572753906,13.995675768703222,6.164405822753906,4880.294523863679,1.9822967052459717,0.00025560488799999996,16,2048,,5781.083652257919
adammini-adaptive_stochastic-r8,adammini,adaptive_stochastic,8,1.1B,sdpa,666,861,28246016,2.32430362701416,10.219560981108213,nan,nan,nan,nan,22.21030282974243,4.097999572753906,0.018627915531396866,4.097999572753906,13.995675768703222,6.171873092651367,4880.727116063081,1.6093788146972656,0.00025520489600000003,16,2048,,5787.284939289093
adammini-adaptive_stochastic-r8,adammini,adaptive_stochastic,8,1.1B,sdpa,666,862,28278784,2.4374163150787354,11.443436281195673,nan,nan,nan,nan,22.21030282974243,4.097999572753906,0.018627915531396866,4.097999572753906,13.995675768703222,6.1597490310668945,4881.168973762063,1.5539240837097168,0.00025480490400000004,16,2048,,5793.474242448807
adammini-adaptive_stochastic-r8,adammini,adaptive_stochastic,8,1.1B,sdpa,666,863,28311552,2.3420069217681885,10.402091812798023,nan,nan,nan,nan,22.21030282974243,4.097999572753906,0.018627915531396866,4.097999572753906,13.995675768703222,6.162486791610718,4881.607567721451,2.158801555633545,0.000254404912,16,2048,,5799.6660368442535
adammini-adaptive_stochastic-r8,adammini,adaptive_stochastic,8,1.1B,sdpa,666,864,28344320,2.403639793395996,11.063371571954905,nan,nan,nan,nan,22.21030282974243,4.097999572753906,0.018627915531396866,4.097999572753906,13.995675768703222,6.152334928512573,4882.054005512551,1.5405094623565674,0.00025400492,16,2048,,5805.847816944122
adammini-adaptive_stochastic-r8,adammini,adaptive_stochastic,8,1.1B,sdpa,666,865,28377088,2.437953233718872,11.449582125203722,nan,nan,nan,nan,22.21030282974243,4.097999572753906,0.018627915531396866,4.097999572753906,13.995675768703222,6.1465675830841064,4882.50415477603,1.5601712465286255,0.000253604928,16,2048,,5812.023320198059
adammini-adaptive_stochastic-r8,adammini,adaptive_stochastic,8,1.1B,sdpa,666,866,28409856,2.3447604179382324,10.430773401966608,nan,nan,nan,nan,22.21030282974243,4.097999572753906,0.018627915531396866,4.097999572753906,13.995675768703222,6.161629676818848,4882.941114788532,1.6265043020248413,0.000253204936,16,2048,,5818.214334011078
adammini-adaptive_stochastic-r8,adammini,adaptive_stochastic,8,1.1B,sdpa,666,867,28442624,2.4626128673553467,11.73543464959368,nan,nan,nan,nan,22.21030282974243,4.097999572753906,0.018627915531396866,4.097999572753906,13.995675768703222,6.168937683105469,4883.37072897462,1.6885303258895874,0.00025280494400000005,16,2048,,5824.412713289261
adammini-adaptive_stochastic-r8,adammini,adaptive_stochastic,8,1.1B,sdpa,666,868,28475392,2.523505210876465,12.472237957066978,nan,nan,nan,nan,22.21030282974243,4.097999572753906,0.018627915531396866,4.097999572753906,13.995675768703222,6.13349986076355,4883.829019020433,1.5858248472213745,0.000252404952,16,2048,,5830.575672864914
adammini-adaptive_stochastic-r8,adammini,adaptive_stochastic,8,1.1B,sdpa,666,869,28508160,2.3031959533691406,10.006110469882902,nan,nan,nan,nan,22.21030282974243,4.097999572753906,0.018627915531396866,4.097999572753906,13.995675768703222,6.1476922035217285,4884.274445867606,1.5549918413162231,0.00025200496,16,2048,,5836.752826213837
adammini-adaptive_stochastic-r8,adammini,adaptive_stochastic,8,1.1B,sdpa,666,870,28540928,2.4005513191223145,11.029255344139328,nan,nan,nan,nan,22.21030282974243,4.097999572753906,0.018627915531396866,4.097999572753906,13.995675768703222,6.142284631729126,4884.723461847598,1.6991233825683594,0.000251604968,16,2048,,5842.924705028534
adammini-adaptive_stochastic-r8,adammini,adaptive_stochastic,8,1.1B,sdpa,666,871,28573696,2.459991455078125,11.704711523708001,nan,nan,nan,nan,22.21030282974243,4.097999572753906,0.018627915531396866,4.097999572753906,13.995675768703222,6.159795045852661,4885.156752181105,1.5595412254333496,0.000251204976,16,2048,,5849.113603115082
adammini-adaptive_stochastic-r8,adammini,adaptive_stochastic,8,1.1B,sdpa,666,872,28606464,2.2311172485351562,9.310262147652601,nan,nan,nan,nan,22.21030282974243,4.097999572753906,0.018627915531396866,4.097999572753906,13.995675768703222,6.170233726501465,4885.580841871752,1.7285082340240479,0.000250804984,16,2048,,5855.313429117203
adammini-adaptive_stochastic-r8,adammini,adaptive_stochastic,8,1.1B,sdpa,666,873,28639232,2.6259422302246094,13.817587402863403,nan,nan,nan,nan,22.21030282974243,4.097999572753906,0.018627915531396866,4.097999572753906,13.995675768703222,6.157983303070068,4886.013906150448,2.1264235973358154,0.000250404992,16,2048,,5861.50070643425
adammini-adaptive_stochastic-r8,adammini,adaptive_stochastic,8,1.1B,sdpa,666,874,28672000,2.3216190338134766,10.192162410647557,nan,nan,nan,nan,22.21030282974243,4.097999572753906,0.018627915531396866,4.097999572753906,13.995675768703222,6.16046142578125,4886.44419687891,1.4933208227157593,0.000250005,16,2048,,5867.690523386002
adammini-adaptive_stochastic-r8,adammini,adaptive_stochastic,8,1.1B,sdpa,666,875,28704768,1.9718735218048096,7.184123499804008,nan,nan,nan,nan,22.21030282974243,4.097999572753906,0.018627915531396866,4.097999572753906,13.995675768703222,6.1514787673950195,4886.880987814331,1.4423506259918213,0.000249605008,16,2048,,5873.87135386467
adammini-adaptive_stochastic-r8,adammini,adaptive_stochastic,8,1.1B,sdpa,666,876,28737536,2.4996354579925537,12.178053739272125,nan,nan,nan,nan,22.21030282974243,4.097999572753906,0.018627915531396866,4.097999572753906,13.995675768703222,6.157822608947754,4887.311607863713,1.5386962890625,0.000249205016,16,2048,,5880.058608055115
adammini-adaptive_stochastic-r8,adammini,adaptive_stochastic,8,1.1B,sdpa,666,877,28770304,2.2158586978912354,9.16927937289847,nan,nan,nan,nan,22.21030282974243,4.097999572753906,0.018627915531396866,4.097999572753906,13.995675768703222,6.156728029251099,4887.742129787145,1.5560001134872437,0.000248805024,16,2048,,5886.24476480484
adammini-adaptive_stochastic-r8,adammini,adaptive_stochastic,8,1.1B,sdpa,666,878,28803072,2.2211554050445557,9.217975210492165,nan,nan,nan,nan,22.21030282974243,4.097999572753906,0.018627915531396866,4.097999572753906,13.995675768703222,6.136525630950928,4888.188572011764,1.5858463048934937,0.000248405032,16,2048,,5892.410203695297
adammini-adaptive_stochastic-r8,adammini,adaptive_stochastic,8,1.1B,sdpa,666,879,28835840,2.3151228427886963,10.126166768907426,nan,nan,nan,nan,22.21030282974243,4.097999572753906,0.018627915531396866,4.097999572753906,13.995675768703222,6.164551496505737,4888.611152505556,1.504786729812622,0.00024800504000000004,16,2048,,5898.604202270508
adammini-adaptive_stochastic-r8,adammini,adaptive_stochastic,8,1.1B,sdpa,666,880,28868608,2.2875850200653076,9.851118677600947,nan,nan,nan,nan,22.21030282974243,4.097999572753906,0.018627915531396866,4.097999572753906,13.995675768703222,6.163207054138184,4889.033630596942,1.519476294517517,0.000247605048,16,2048,,5904.796961784363
adammini-adaptive_stochastic-r8,adammini,adaptive_stochastic,8,1.1B,sdpa,666,881,28901376,2.4026920795440674,11.05289162824543,nan,nan,nan,nan,22.21030282974243,4.097999572753906,0.018627915531396866,4.097999572753906,13.995675768703222,6.155959606170654,4889.461195378228,1.5441645383834839,0.000247205056,16,2048,,5910.982031822205
adammini-adaptive_stochastic-r8,adammini,adaptive_stochastic,8,1.1B,sdpa,666,882,28934144,2.48333477973938,11.981152376304829,nan,nan,nan,nan,22.21030282974243,4.097999572753906,0.018627915531396866,4.097999572753906,13.995675768703222,6.156114339828491,4889.887990781346,1.6571102142333984,0.000246805064,16,2048,,5917.167814016342
adammini-adaptive_stochastic-r8,adammini,adaptive_stochastic,8,1.1B,sdpa,666,883,28966912,2.4434804916381836,11.513042137042962,nan,nan,nan,nan,22.21030282974243,4.097999572753906,0.018627915531396866,4.097999572753906,13.995675768703222,6.1663665771484375,4890.304988484282,1.7482240200042725,0.00024640507200000003,16,2048,,5923.363466501236
adammini-adaptive_stochastic-r8,adammini,adaptive_stochastic,8,1.1B,sdpa,666,884,28999680,2.2372689247131348,9.367712391992221,nan,nan,nan,nan,22.21030282974243,4.097999572753906,0.018627915531396866,4.097999572753906,13.995675768703222,6.162322998046875,4890.724772191185,1.5694711208343506,0.00024600508000000005,16,2048,,5929.555203437805
adammini-adaptive_stochastic-r8,adammini,adaptive_stochastic,8,1.1B,sdpa,666,885,29032448,2.3163063526153564,10.138158281421571,nan,nan,nan,nan,22.21030282974243,4.097999572753906,0.018627915531396866,4.097999572753906,13.995675768703222,6.16281533241272,4891.14317405127,1.5223498344421387,0.000245605088,16,2048,,5935.747295618057
adammini-adaptive_stochastic-r8,adammini,adaptive_stochastic,8,1.1B,sdpa,666,886,29065216,2.3584861755371094,10.574930740372222,nan,nan,nan,nan,22.21030282974243,4.097999572753906,0.018627915531396866,4.097999572753906,13.995675768703222,6.157824993133545,4891.56493943873,1.5364183187484741,0.00024520509599999996,16,2048,,5941.934525728226
adammini-adaptive_stochastic-r8,adammini,adaptive_stochastic,8,1.1B,sdpa,666,887,29097984,2.4185631275177,11.229712052649,nan,nan,nan,nan,22.21030282974243,4.097999572753906,0.018627915531396866,4.097999572753906,13.995675768703222,6.145730972290039,4891.995592919529,1.5480929613113403,0.00024480510400000003,16,2048,,5948.109577655792
adammini-adaptive_stochastic-r8,adammini,adaptive_stochastic,8,1.1B,sdpa,666,888,29130752,2.3265628814697266,10.242675670939818,nan,nan,nan,nan,22.21030282974243,4.097999572753906,0.018627915531396866,4.097999572753906,13.995675768703222,6.149522542953491,4892.4224297015535,1.6910854578018188,0.000244405112,16,2048,,5954.288555383682
adammini-adaptive_stochastic-r8,adammini,adaptive_stochastic,8,1.1B,sdpa,666,889,29163520,2.337263822555542,10.35287048241517,nan,nan,nan,nan,22.21030282974243,4.097999572753906,0.018627915531396866,4.097999572753906,13.995675768703222,6.167058229446411,4892.833760122526,1.5825685262680054,0.00024400512,16,2048,,5960.484987020493
adammini-adaptive_stochastic-r8,adammini,adaptive_stochastic,8,1.1B,sdpa,666,890,29196288,2.461434841156006,11.721618139818872,nan,nan,nan,nan,22.21030282974243,4.097999572753906,0.018627915531396866,4.097999572753906,13.995675768703222,6.155933141708374,4893.253482855489,1.5092573165893555,0.00024360512799999999,16,2048,,5966.670366764069
adammini-adaptive_stochastic-r8,adammini,adaptive_stochastic,8,1.1B,sdpa,666,891,29229056,2.581251382827759,13.213663169126995,nan,nan,nan,nan,22.21030282974243,4.097999572753906,0.018627915531396866,4.097999572753906,13.995675768703222,6.164101600646973,4893.665652476228,1.7594830989837646,0.00024320513600000005,16,2048,,5972.86394572258
adammini-adaptive_stochastic-r8,adammini,adaptive_stochastic,8,1.1B,sdpa,666,892,29261824,2.0985357761383057,8.154221561388194,nan,nan,nan,nan,22.21030282974243,4.097999572753906,0.018627915531396866,4.097999572753906,13.995675768703222,6.135406970977783,4894.100354932503,1.5068280696868896,0.00024280514400000004,16,2048,,5979.028284072876
adammini-adaptive_stochastic-r8,adammini,adaptive_stochastic,8,1.1B,sdpa,666,893,29294592,2.4696428775787354,11.818225544607987,nan,nan,nan,nan,22.21030282974243,4.097999572753906,0.018627915531396866,4.097999572753906,13.995675768703222,6.172748804092407,4894.504037891714,1.5647051334381104,0.00024240515200000002,16,2048,,5985.230671644211
adammini-adaptive_stochastic-r8,adammini,adaptive_stochastic,8,1.1B,sdpa,666,894,29327360,2.240091323852539,9.394189161815728,nan,nan,nan,nan,22.21030282974243,4.097999572753906,0.018627915531396866,4.097999572753906,13.995675768703222,6.163989543914795,4894.913536093231,1.5477712154388428,0.00024200516,16,2048,,5991.423872470856
adammini-adaptive_stochastic-r8,adammini,adaptive_stochastic,8,1.1B,sdpa,666,895,29360128,2.351661443710327,10.503005388772324,nan,nan,nan,nan,22.21030282974243,4.097999572753906,0.018627915531396866,4.097999572753906,13.995675768703222,6.1456029415130615,4895.337511841311,1.7358680963516235,0.000241605168,16,2048,,5997.598982095718
adammini-adaptive_stochastic-r8,adammini,adaptive_stochastic,8,1.1B,sdpa,666,896,29392896,2.282315969467163,9.799349142762216,nan,nan,nan,nan,22.21030282974243,4.097999572753906,0.018627915531396866,4.097999572753906,13.995675768703222,6.169106960296631,4895.741211593839,1.615692138671875,0.00024120517600000003,16,2048,,6003.797428846359
adammini-adaptive_stochastic-r8,adammini,adaptive_stochastic,8,1.1B,sdpa,666,897,29425664,2.3644096851348877,10.637757337379158,nan,nan,nan,nan,22.21030282974243,4.097999572753906,0.018627915531396866,4.097999572753906,13.995675768703222,6.168880462646484,4896.144388987892,1.4123376607894897,0.00024080518400000002,16,2048,,6009.99572467804
adammini-adaptive_stochastic-r8,adammini,adaptive_stochastic,8,1.1B,sdpa,666,898,29458432,2.4346377849578857,11.411684480896705,nan,nan,nan,nan,22.21030282974243,4.097999572753906,0.018627915531396866,4.097999572753906,13.995675768703222,6.163942098617554,4896.5506975163635,1.7583879232406616,0.00024040519200000003,16,2048,,6016.189172744751
adammini-adaptive_stochastic-r8,adammini,adaptive_stochastic,8,1.1B,sdpa,666,899,29491200,2.323601007461548,10.212383039720052,nan,nan,nan,nan,22.21030282974243,4.097999572753906,0.018627915531396866,4.097999572753906,13.995675768703222,6.13896918296814,4896.976405709352,1.5335453748703003,0.00024000520000000002,16,2048,,6022.357502698898
adammini-adaptive_stochastic-r8,adammini,adaptive_stochastic,8,1.1B,sdpa,666,900,29523968,2.3982157707214355,11.003526042168128,2.4502870748497023,11.591673919671043,nan,nan,22.21030282974243,4.097999572753906,0.018627915531396866,4.097999572753906,13.995675768703222,6.159092664718628,4897.385006322425,1.6867976188659668,0.000239605208,16,2048,,6043.299074172974
adammini-adaptive_stochastic-r8,adammini,adaptive_stochastic,8,1.1B,sdpa,666,901,29556736,2.5247139930725098,12.487323291859543,nan,nan,nan,nan,22.21030282974243,4.097999572753906,0.018627915531396866,4.097999572753906,13.995675768703222,6.3583290576934814,4885.687392111349,1.55823814868927,0.00023920521600000004,16,2048,,6049.686450481415
adammini-adaptive_stochastic-r8,adammini,adaptive_stochastic,8,1.1B,sdpa,666,902,29589504,2.643423080444336,14.061254124438543,nan,nan,nan,nan,22.21030282974243,4.097999572753906,0.018627915531396866,4.097999572753906,13.995675768703222,6.1642186641693115,4886.101722832172,2.4569568634033203,0.00023880522400000003,16,2048,,6055.879878759384
adammini-adaptive_stochastic-r8,adammini,adaptive_stochastic,8,1.1B,sdpa,666,903,29622272,2.2104296684265137,9.11963397012877,nan,nan,nan,nan,22.21030282974243,4.097999572753906,0.018627915531396866,4.097999572753906,13.995675768703222,6.173677206039429,4886.507491479454,1.5251600742340088,0.00023840523199999999,16,2048,,6062.083072423935
adammini-adaptive_stochastic-r8,adammini,adaptive_stochastic,8,1.1B,sdpa,666,904,29655040,2.378889322280884,10.79290876108747,nan,nan,nan,nan,22.21030282974243,4.097999572753906,0.018627915531396866,4.097999572753906,13.995675768703222,6.1563615798950195,4886.926284294509,1.75149667263031,0.00023800524,16,2048,,6068.268725395203
adammini-adaptive_stochastic-r8,adammini,adaptive_stochastic,8,1.1B,sdpa,666,905,29687808,2.4912102222442627,12.075881781365077,nan,nan,nan,nan,22.21030282974243,4.097999572753906,0.018627915531396866,4.097999572753906,13.995675768703222,6.146648645401001,4887.352090019175,1.5060770511627197,0.00023760524799999998,16,2048,,6074.444839715958
adammini-adaptive_stochastic-r8,adammini,adaptive_stochastic,8,1.1B,sdpa,666,906,29720576,2.5653159618377686,13.004766730589774,nan,nan,nan,nan,22.21030282974243,4.097999572753906,0.018627915531396866,4.097999572753906,13.995675768703222,6.153930425643921,4887.77107415235,1.5832332372665405,0.00023720525600000002,16,2048,,6080.628117322922
adammini-adaptive_stochastic-r8,adammini,adaptive_stochastic,8,1.1B,sdpa,666,907,29753344,2.2694239616394043,9.673826713498364,nan,nan,nan,nan,22.21030282974243,4.097999572753906,0.018627915531396866,4.097999572753906,13.995675768703222,6.969404697418213,4887.5344901514445,1.7161434888839722,0.000236805264,16,2048,,6087.600571155548
adammini-adaptive_stochastic-r8,adammini,adaptive_stochastic,8,1.1B,sdpa,666,908,29786112,2.5039165019989014,12.23030027831305,nan,nan,nan,nan,22.21030282974243,4.097999572753906,0.018627915531396866,4.097999572753906,13.995675768703222,6.166327953338623,4887.9636597666495,1.9022585153579712,0.000236405272,16,2048,,6093.79017996788
adammini-adaptive_stochastic-r8,adammini,adaptive_stochastic,8,1.1B,sdpa,666,909,29818880,2.5503017902374268,12.810969424831546,nan,nan,nan,nan,22.21030282974243,4.097999572753906,0.018627915531396866,4.097999572753906,13.995675768703222,6.199847936630249,4888.348665603059,1.5391112565994263,0.00023600527999999998,16,2048,,6100.01965045929
adammini-adaptive_stochastic-r8,adammini,adaptive_stochastic,8,1.1B,sdpa,666,910,29851648,2.2176637649536133,9.185845484052962,nan,nan,nan,nan,22.21030282974243,4.097999572753906,0.018627915531396866,4.097999572753906,13.995675768703222,6.113310098648071,4888.797385496419,1.6843607425689697,0.00023560528799999997,16,2048,,6106.1624228954315
adammini-adaptive_stochastic-r8,adammini,adaptive_stochastic,8,1.1B,sdpa,666,911,29884416,2.512603759765625,12.337010889582288,nan,nan,nan,nan,22.21030282974243,4.097999572753906,0.018627915531396866,4.097999572753906,13.995675768703222,6.149300575256348,4889.216440203554,2.1117186546325684,0.00023520529600000003,16,2048,,6112.340896368027
adammini-adaptive_stochastic-r8,adammini,adaptive_stochastic,8,1.1B,sdpa,666,912,29917184,2.3289875984191895,10.267541394234708,nan,nan,nan,nan,22.21030282974243,4.097999572753906,0.018627915531396866,4.097999572753906,13.995675768703222,6.168705463409424,4889.619327957912,1.8998887538909912,0.00023480530400000002,16,2048,,6118.538981437683
adammini-adaptive_stochastic-r8,adammini,adaptive_stochastic,8,1.1B,sdpa,666,913,29949952,2.3907406330108643,10.92157983088817,nan,nan,nan,nan,22.21030282974243,4.097999572753906,0.018627915531396866,4.097999572753906,13.995675768703222,6.143419981002808,4890.041452058468,1.5371558666229248,0.000234405312,16,2048,,6124.7118928432465
adammini-adaptive_stochastic-r8,adammini,adaptive_stochastic,8,1.1B,sdpa,666,914,29982720,2.144301176071167,8.536073939764393,nan,nan,nan,nan,22.21030282974243,4.097999572753906,0.018627915531396866,4.097999572753906,13.995675768703222,6.161123752593994,4890.448513699952,1.5816594362258911,0.00023400532,16,2048,,6130.902578353882
adammini-adaptive_stochastic-r8,adammini,adaptive_stochastic,8,1.1B,sdpa,666,915,30015488,2.300133228302002,9.975511386730739,nan,nan,nan,nan,22.21030282974243,4.097999572753906,0.018627915531396866,4.097999572753906,13.995675768703222,6.152973651885986,4890.86118483009,1.7021589279174805,0.00023360532799999997,16,2048,,6137.084804058075
adammini-adaptive_stochastic-r8,adammini,adaptive_stochastic,8,1.1B,sdpa,666,916,30048256,2.308689832687378,10.061234115930523,nan,nan,nan,nan,22.21030282974243,4.097999572753906,0.018627915531396866,4.097999572753906,13.995675768703222,6.149965763092041,4891.275684665849,1.5342074632644653,0.000233205336,16,2048,,6143.263811588287
adammini-adaptive_stochastic-r8,adammini,adaptive_stochastic,8,1.1B,sdpa,666,917,30081024,2.350146532058716,10.487106309422856,nan,nan,nan,nan,22.21030282974243,4.097999572753906,0.018627915531396866,4.097999572753906,13.995675768703222,6.167144298553467,4891.675788886444,1.6365190744400024,0.00023280534400000003,16,2048,,6149.460337162018
adammini-adaptive_stochastic-r8,adammini,adaptive_stochastic,8,1.1B,sdpa,666,918,30113792,2.5388882160186768,12.665581749296726,nan,nan,nan,nan,22.21030282974243,4.097999572753906,0.018627915531396866,4.097999572753906,13.995675768703222,6.189237117767334,4892.057317212804,1.833419919013977,0.000232405352,16,2048,,6155.678647041321
adammini-adaptive_stochastic-r8,adammini,adaptive_stochastic,8,1.1B,sdpa,666,919,30146560,2.4831042289733887,11.97839043084357,nan,nan,nan,nan,22.21030282974243,4.097999572753906,0.018627915531396866,4.097999572753906,13.995675768703222,6.136445999145508,4892.480274050753,1.5765628814697266,0.00023200536,16,2048,,6161.844451904297
adammini-adaptive_stochastic-r8,adammini,adaptive_stochastic,8,1.1B,sdpa,666,920,30179328,2.447916030883789,11.564222108755112,nan,nan,nan,nan,22.21030282974243,4.097999572753906,0.018627915531396866,4.097999572753906,13.995675768703222,6.147239685058594,4892.893565760313,1.4959588050842285,0.00023160536799999998,16,2048,,6168.021007061005
adammini-adaptive_stochastic-r8,adammini,adaptive_stochastic,8,1.1B,sdpa,666,921,30212096,2.415330171585083,11.193465511752265,nan,nan,nan,nan,22.21030282974243,4.097999572753906,0.018627915531396866,4.097999572753906,13.995675768703222,6.162047386169434,4893.294318819937,1.6861672401428223,0.00023120537600000002,16,2048,,6174.2123856544495
adammini-adaptive_stochastic-r8,adammini,adaptive_stochastic,8,1.1B,sdpa,666,922,30244864,2.3709285259246826,10.707329703034926,nan,nan,nan,nan,22.21030282974243,4.097999572753906,0.018627915531396866,4.097999572753906,13.995675768703222,6.158310174942017,4893.69721075062,1.5531809329986572,0.000230805384,16,2048,,6180.400223493576
adammini-adaptive_stochastic-r8,adammini,adaptive_stochastic,8,1.1B,sdpa,666,923,30277632,2.3373847007751465,10.35412199460564,nan,nan,nan,nan,22.21030282974243,4.097999572753906,0.018627915531396866,4.097999572753906,13.995675768703222,6.155993223190308,4894.100982925868,1.4613269567489624,0.000230405392,16,2048,,6186.585151195526
adammini-adaptive_stochastic-r8,adammini,adaptive_stochastic,8,1.1B,sdpa,666,924,30310400,2.3048863410949707,10.023038980046415,nan,nan,nan,nan,22.21030282974243,4.097999572753906,0.018627915531396866,4.097999572753906,13.995675768703222,6.168137788772583,4894.494799154258,1.510572075843811,0.0002300054,16,2048,,6192.782726049423
adammini-adaptive_stochastic-r8,adammini,adaptive_stochastic,8,1.1B,sdpa,666,925,30343168,2.310119867324829,10.075632321724617,nan,nan,nan,nan,22.21030282974243,4.097999572753906,0.018627915531396866,4.097999572753906,13.995675768703222,6.159623146057129,4894.894186761128,1.56888747215271,0.00022960540800000004,16,2048,,6198.971800804138
adammini-adaptive_stochastic-r8,adammini,adaptive_stochastic,8,1.1B,sdpa,666,926,30375936,2.5140042304992676,12.354300616326038,nan,nan,nan,nan,22.21030282974243,4.097999572753906,0.018627915531396866,4.097999572753906,13.995675768703222,6.14548659324646,4895.303900444598,1.6440001726150513,0.00022920541600000003,16,2048,,6205.146527051926
adammini-adaptive_stochastic-r8,adammini,adaptive_stochastic,8,1.1B,sdpa,666,927,30408704,2.690153121948242,14.733931836071072,nan,nan,nan,nan,22.21030282974243,4.097999572753906,0.018627915531396866,4.097999572753906,13.995675768703222,6.154448509216309,4895.705841375798,1.712403416633606,0.00022880542400000002,16,2048,,6211.330316781998
adammini-adaptive_stochastic-r8,adammini,adaptive_stochastic,8,1.1B,sdpa,666,928,30441472,2.120124578475952,8.33217543275032,nan,nan,nan,nan,22.21030282974243,4.097999572753906,0.018627915531396866,4.097999572753906,13.995675768703222,6.139670372009277,4896.118625653737,1.5384538173675537,0.000228405432,16,2048,,6217.499423503876
adammini-adaptive_stochastic-r8,adammini,adaptive_stochastic,8,1.1B,sdpa,666,929,30474240,2.123499870300293,8.3603464723622,nan,nan,nan,nan,22.21030282974243,4.097999572753906,0.018627915531396866,4.097999572753906,13.995675768703222,6.158827066421509,4896.515455349935,1.4859297275543213,0.00022800544,16,2048,,6223.687687635422
adammini-adaptive_stochastic-r8,adammini,adaptive_stochastic,8,1.1B,sdpa,666,930,30507008,2.202852964401245,9.0507983057466,nan,nan,nan,nan,22.21030282974243,4.097999572753906,0.018627915531396866,4.097999572753906,13.995675768703222,6.145981311798096,4896.921560072399,1.677140235900879,0.00022760544800000005,16,2048,,6229.8629541397095
adammini-adaptive_stochastic-r8,adammini,adaptive_stochastic,8,1.1B,sdpa,666,931,30539776,2.397528886795044,10.995970492186116,nan,nan,nan,nan,22.21030282974243,4.097999572753906,0.018627915531396866,4.097999572753906,13.995675768703222,6.171424865722656,4897.307016022187,1.5898913145065308,0.00022720545600000004,16,2048,,6236.063734292984
adammini-adaptive_stochastic-r8,adammini,adaptive_stochastic,8,1.1B,sdpa,666,932,30572544,2.5931782722473145,13.372204642501378,nan,nan,nan,nan,22.21030282974243,4.097999572753906,0.018627915531396866,4.097999572753906,13.995675768703222,6.138945579528809,4897.717100517348,1.7893213033676147,0.00022680546400000002,16,2048,,6242.23194026947
adammini-adaptive_stochastic-r8,adammini,adaptive_stochastic,8,1.1B,sdpa,666,933,30605312,2.369950771331787,10.696865678697703,nan,nan,nan,nan,22.21030282974243,4.097999572753906,0.018627915531396866,4.097999572753906,13.995675768703222,6.152454853057861,4898.115870244363,1.534425973892212,0.000226405472,16,2048,,6248.413738965988
adammini-adaptive_stochastic-r8,adammini,adaptive_stochastic,8,1.1B,sdpa,666,934,30638080,2.3793716430664062,10.798115660916254,nan,nan,nan,nan,22.21030282974243,4.097999572753906,0.018627915531396866,4.097999572753906,13.995675768703222,6.152523994445801,4898.513749020461,1.493595004081726,0.00022600548,16,2048,,6254.595663785934
adammini-adaptive_stochastic-r8,adammini,adaptive_stochastic,8,1.1B,sdpa,666,935,30670848,2.3950672149658203,10.96893531091497,nan,nan,nan,nan,22.21030282974243,4.097999572753906,0.018627915531396866,4.097999572753906,13.995675768703222,6.154575347900391,4898.909127228011,1.6096471548080444,0.00022560548800000003,16,2048,,6260.779709100723
adammini-adaptive_stochastic-r8,adammini,adaptive_stochastic,8,1.1B,sdpa,666,936,30703616,2.536820411682129,12.639418863617164,nan,nan,nan,nan,22.21030282974243,4.097999572753906,0.018627915531396866,4.097999572753906,13.995675768703222,6.2383131980896,4899.238276221955,1.6229807138442993,0.00022520549600000002,16,2048,,6267.047529935837
adammini-adaptive_stochastic-r8,adammini,adaptive_stochastic,8,1.1B,sdpa,666,937,30736384,2.7640888690948486,15.86457869560107,nan,nan,nan,nan,22.21030282974243,4.097999572753906,0.018627915531396866,4.097999572753906,13.995675768703222,6.074948072433472,4899.694356231997,2.2327842712402344,0.00022480550400000003,16,2048,,6273.151878833771
adammini-adaptive_stochastic-r8,adammini,adaptive_stochastic,8,1.1B,sdpa,666,938,30769152,2.6174519062042236,13.700768226709307,nan,nan,nan,nan,22.21030282974243,4.097999572753906,0.018627915531396866,4.097999572753906,13.995675768703222,6.1244096755981445,4900.111005900521,1.7443350553512573,0.00022440551200000002,16,2048,,6279.305778503418
adammini-adaptive_stochastic-r8,adammini,adaptive_stochastic,8,1.1B,sdpa,666,939,30801920,2.4437742233276367,11.516424379072136,nan,nan,nan,nan,22.21030282974243,4.097999572753906,0.018627915531396866,4.097999572753906,13.995675768703222,6.145679712295532,4900.510157579413,1.5929476022720337,0.00022400552,16,2048,,6285.480813741684
adammini-adaptive_stochastic-r8,adammini,adaptive_stochastic,8,1.1B,sdpa,666,940,30834688,2.3736419677734375,10.73642287300149,nan,nan,nan,nan,22.21030282974243,4.097999572753906,0.018627915531396866,4.097999572753906,13.995675768703222,6.170725107192993,4900.889151900458,1.5527923107147217,0.00022360552800000004,16,2048,,6291.680983781815
adammini-adaptive_stochastic-r8,adammini,adaptive_stochastic,8,1.1B,sdpa,666,941,30867456,2.109140157699585,8.241152146073476,nan,nan,nan,nan,22.21030282974243,4.097999572753906,0.018627915531396866,4.097999572753906,13.995675768703222,6.141383171081543,4901.290180751464,1.5564302206039429,0.000223205536,16,2048,,6297.851550579071
adammini-adaptive_stochastic-r8,adammini,adaptive_stochastic,8,1.1B,sdpa,666,942,30900224,2.236149549484253,9.357232273476166,nan,nan,nan,nan,22.21030282974243,4.097999572753906,0.018627915531396866,4.097999572753906,13.995675768703222,6.171758651733398,4901.666924139967,1.4915308952331543,0.000222805544,16,2048,,6304.05269241333
adammini-adaptive_stochastic-r8,adammini,adaptive_stochastic,8,1.1B,sdpa,666,943,30932992,2.4105730056762695,11.14034279618734,nan,nan,nan,nan,22.21030282974243,4.097999572753906,0.018627915531396866,4.097999572753906,13.995675768703222,6.144290924072266,4902.064159295868,1.5799130201339722,0.00022240555199999997,16,2048,,6310.226399183273
adammini-adaptive_stochastic-r8,adammini,adaptive_stochastic,8,1.1B,sdpa,666,944,30965760,2.2211194038391113,9.217643358246407,nan,nan,nan,nan,22.21030282974243,4.097999572753906,0.018627915531396866,4.097999572753906,13.995675768703222,6.162128686904907,4902.446765204132,1.486801266670227,0.00022200555999999998,16,2048,,6316.417736053467
adammini-adaptive_stochastic-r8,adammini,adaptive_stochastic,8,1.1B,sdpa,666,945,30998528,2.377392530441284,10.77676610743827,nan,nan,nan,nan,22.21030282974243,4.097999572753906,0.018627915531396866,4.097999572753906,13.995675768703222,6.155821800231934,4902.833696936081,1.5743780136108398,0.00022160556800000002,16,2048,,6322.603112697601
adammini-adaptive_stochastic-r8,adammini,adaptive_stochastic,8,1.1B,sdpa,666,946,31031296,2.372912883758545,10.728597971559557,nan,nan,nan,nan,22.21030282974243,4.097999572753906,0.018627915531396866,4.097999572753906,13.995675768703222,6.162759780883789,4903.214221025218,1.4563469886779785,0.000221205576,16,2048,,6328.795238733292
adammini-adaptive_stochastic-r8,adammini,adaptive_stochastic,8,1.1B,sdpa,666,947,31064064,2.3803839683532715,10.809052401285712,nan,nan,nan,nan,22.21030282974243,4.097999572753906,0.018627915531396866,4.097999572753906,13.995675768703222,6.1664276123046875,4903.591003584374,1.6946768760681152,0.000220805584,16,2048,,6334.991465330124
adammini-adaptive_stochastic-r8,adammini,adaptive_stochastic,8,1.1B,sdpa,666,948,31096832,2.180483102798462,8.85058096650903,nan,nan,nan,nan,22.21030282974243,4.097999572753906,0.018627915531396866,4.097999572753906,13.995675768703222,6.1556360721588135,4903.975625441641,1.5002089738845825,0.00022040559199999998,16,2048,,6341.176342964172
adammini-adaptive_stochastic-r8,adammini,adaptive_stochastic,8,1.1B,sdpa,666,949,31129600,2.1229631900787354,8.355860843546912,nan,nan,nan,nan,22.21030282974243,4.097999572753906,0.018627915531396866,4.097999572753906,13.995675768703222,6.155257701873779,4904.359925289096,1.520302653312683,0.00022000559999999997,16,2048,,6347.361165046692
adammini-adaptive_stochastic-r8,adammini,adaptive_stochastic,8,1.1B,sdpa,666,950,31162368,2.333540678024292,10.314396915064515,2.44992522679381,11.587480253779352,nan,nan,22.21030282974243,4.097999572753906,0.018627915531396866,4.097999572753906,13.995675768703222,6.1904706954956055,4904.716063217876,1.4656310081481934,0.00021960560800000003,16,2048,,6368.4632732868195
adammini-adaptive_stochastic-r8,adammini,adaptive_stochastic,8,1.1B,sdpa,666,951,31195136,2.3242809772491455,10.219329513074795,nan,nan,nan,nan,22.21030282974243,4.097999572753906,0.018627915531396866,4.097999572753906,13.995675768703222,6.136429071426392,4893.6617046497895,1.6664741039276123,0.00021920561600000002,16,2048,,6374.629279136658
adammini-adaptive_stochastic-r8,adammini,adaptive_stochastic,8,1.1B,sdpa,666,952,31227904,2.408790349960327,11.12050109114313,nan,nan,nan,nan,22.21030282974243,4.097999572753906,0.018627915531396866,4.097999572753906,13.995675768703222,6.164376258850098,4894.046803032045,1.5863492488861084,0.000218805624,16,2048,,6380.823168754578
adammini-adaptive_stochastic-r8,adammini,adaptive_stochastic,8,1.1B,sdpa,666,953,31260672,2.242521286010742,9.417044443474554,nan,nan,nan,nan,22.21030282974243,4.097999572753906,0.018627915531396866,4.097999572753906,13.995675768703222,6.171828269958496,4894.425441745733,1.4919240474700928,0.000218405632,16,2048,,6387.0243237018585
adammini-adaptive_stochastic-r8,adammini,adaptive_stochastic,8,1.1B,sdpa,666,954,31293440,2.489990234375,12.06115833512023,nan,nan,nan,nan,22.21030282974243,4.097999572753906,0.018627915531396866,4.097999572753906,13.995675768703222,6.137346267700195,4894.829892249832,1.7300095558166504,0.00021800564000000003,16,2048,,6393.191170215607
adammini-adaptive_stochastic-r8,adammini,adaptive_stochastic,8,1.1B,sdpa,666,955,31326208,2.4561586380004883,11.659935369710256,nan,nan,nan,nan,22.21030282974243,4.097999572753906,0.018627915531396866,4.097999572753906,13.995675768703222,6.162442445755005,4895.214224773736,1.6147722005844116,0.00021760564800000001,16,2048,,6399.382904052734
adammini-adaptive_stochastic-r8,adammini,adaptive_stochastic,8,1.1B,sdpa,666,956,31358976,2.2044622898101807,9.06537571218027,nan,nan,nan,nan,22.21030282974243,4.097999572753906,0.018627915531396866,4.097999572753906,13.995675768703222,6.184881687164307,4895.580772447812,1.518202543258667,0.000217205656,16,2048,,6405.597301721573
adammini-adaptive_stochastic-r8,adammini,adaptive_stochastic,8,1.1B,sdpa,666,957,31391744,2.337287425994873,10.353114848649435,nan,nan,nan,nan,22.21030282974243,4.097999572753906,0.018627915531396866,4.097999572753906,13.995675768703222,6.154806613922119,4895.969508718122,1.498272180557251,0.000216805664,16,2048,,6411.78147649765
adammini-adaptive_stochastic-r8,adammini,adaptive_stochastic,8,1.1B,sdpa,666,958,31424512,2.1681225299835205,8.741856051412805,nan,nan,nan,nan,22.21030282974243,4.097999572753906,0.018627915531396866,4.097999572753906,13.995675768703222,6.155692100524902,4896.356887935372,1.4773614406585693,0.000216405672,16,2048,,6417.966490030289
adammini-adaptive_stochastic-r8,adammini,adaptive_stochastic,8,1.1B,sdpa,666,959,31457280,2.3224411010742188,10.200544498529482,nan,nan,nan,nan,22.21030282974243,4.097999572753906,0.018627915531396866,4.097999572753906,13.995675768703222,6.165488958358765,4896.736076366342,1.5638206005096436,0.00021600568000000004,16,2048,,6424.161388874054
adammini-adaptive_stochastic-r8,adammini,adaptive_stochastic,8,1.1B,sdpa,666,960,31490048,2.312488079071045,10.099521829080231,nan,nan,nan,nan,22.21030282974243,4.097999572753906,0.018627915531396866,4.097999572753906,13.995675768703222,6.127668619155884,4897.143274746887,1.7652816772460938,0.00021560568800000002,16,2048,,6430.318854808807
adammini-adaptive_stochastic-r8,adammini,adaptive_stochastic,8,1.1B,sdpa,666,961,31522816,2.5244972705841064,12.484617301317328,nan,nan,nan,nan,22.21030282974243,4.097999572753906,0.018627915531396866,4.097999572753906,13.995675768703222,6.171483755111694,4897.516081043533,1.5564385652542114,0.000215205696,16,2048,,6436.519576311111
adammini-adaptive_stochastic-r8,adammini,adaptive_stochastic,8,1.1B,sdpa,666,962,31555584,2.2763280868530273,9.740847116830206,nan,nan,nan,nan,22.21030282974243,4.097999572753906,0.018627915531396866,4.097999572753906,13.995675768703222,6.1537909507751465,4897.902011341245,1.5769853591918945,0.000214805704,16,2048,,6442.702714443207
adammini-adaptive_stochastic-r8,adammini,adaptive_stochastic,8,1.1B,sdpa,666,963,31588352,2.2695517539978027,9.675063033623271,nan,nan,nan,nan,22.21030282974243,4.097999572753906,0.018627915531396866,4.097999572753906,13.995675768703222,6.142755031585693,4898.2954594467255,1.486058235168457,0.000214405712,16,2048,,6448.874978542328
adammini-adaptive_stochastic-r8,adammini,adaptive_stochastic,8,1.1B,sdpa,666,964,31621120,2.601172924041748,13.479539242031004,nan,nan,nan,nan,22.21030282974243,4.097999572753906,0.018627915531396866,4.097999572753906,13.995675768703222,6.148072719573975,4898.684058772152,1.612770676612854,0.00021400572000000005,16,2048,,6455.052494764328
adammini-adaptive_stochastic-r8,adammini,adaptive_stochastic,8,1.1B,sdpa,666,965,31653888,2.424673557281494,11.298540490927433,nan,nan,nan,nan,22.21030282974243,4.097999572753906,0.018627915531396866,4.097999572753906,13.995675768703222,6.175134181976318,4899.051490491059,1.4598219394683838,0.00021360572800000003,16,2048,,6461.256716966629
adammini-adaptive_stochastic-r8,adammini,adaptive_stochastic,8,1.1B,sdpa,666,966,31686656,2.3538146018981934,10.525644384745767,nan,nan,nan,nan,22.21030282974243,4.097999572753906,0.018627915531396866,4.097999572753906,13.995675768703222,6.173829078674316,4899.419412708948,1.4769366979599,0.00021320573600000002,16,2048,,6467.459951400757
adammini-adaptive_stochastic-r8,adammini,adaptive_stochastic,8,1.1B,sdpa,666,967,31719424,2.457392930984497,11.674336031620806,nan,nan,nan,nan,22.21030282974243,4.097999572753906,0.018627915531396866,4.097999572753906,13.995675768703222,6.167763948440552,4899.79099344083,1.462689757347107,0.000212805744,16,2048,,6473.656975984573
adammini-adaptive_stochastic-r8,adammini,adaptive_stochastic,8,1.1B,sdpa,666,968,31752192,2.3717398643493652,10.716020496159205,nan,nan,nan,nan,22.21030282974243,4.097999572753906,0.018627915531396866,4.097999572753906,13.995675768703222,6.156588792800903,4900.170431492844,1.5176928043365479,0.000212405752,16,2048,,6479.8429210186005
adammini-adaptive_stochastic-r8,adammini,adaptive_stochastic,8,1.1B,sdpa,666,969,31784960,2.232767105102539,9.325635423163538,nan,nan,nan,nan,22.21030282974243,4.097999572753906,0.018627915531396866,4.097999572753906,13.995675768703222,6.147659540176392,4900.555807160193,1.5028431415557861,0.00021200576000000003,16,2048,,6486.0201251506805
adammini-adaptive_stochastic-r8,adammini,adaptive_stochastic,8,1.1B,sdpa,666,970,31817728,2.341106653213501,10.392731350733024,nan,nan,nan,nan,22.21030282974243,4.097999572753906,0.018627915531396866,4.097999572753906,13.995675768703222,6.146522283554077,4900.941172119481,1.6054296493530273,0.00021160576800000004,16,2048,,6492.196134328842
adammini-adaptive_stochastic-r8,adammini,adaptive_stochastic,8,1.1B,sdpa,666,971,31850496,2.3678297996520996,10.674201972567289,nan,nan,nan,nan,22.21030282974243,4.097999572753906,0.018627915531396866,4.097999572753906,13.995675768703222,6.162554740905762,4901.3137717650325,1.5197997093200684,0.00021120577600000002,16,2048,,6498.387882947922
adammini-adaptive_stochastic-r8,adammini,adaptive_stochastic,8,1.1B,sdpa,666,972,31883264,2.4156880378723145,11.197471992545653,nan,nan,nan,nan,22.21030282974243,4.097999572753906,0.018627915531396866,4.097999572753906,13.995675768703222,6.1514246463775635,4901.694169082884,1.533318281173706,0.000210805784,16,2048,,6504.568575382233
adammini-adaptive_stochastic-r8,adammini,adaptive_stochastic,8,1.1B,sdpa,666,973,31916032,1.9975217580795288,7.370766902241067,nan,nan,nan,nan,22.21030282974243,4.097999572753906,0.018627915531396866,4.097999572753906,13.995675768703222,6.145414590835571,4902.078422776597,1.7396981716156006,0.000210405792,16,2048,,6510.743627548218
adammini-adaptive_stochastic-r8,adammini,adaptive_stochastic,8,1.1B,sdpa,666,974,31948800,1.9761600494384766,7.214984539805779,nan,nan,nan,nan,22.21030282974243,4.097999572753906,0.018627915531396866,4.097999572753906,13.995675768703222,6.161687135696411,4902.449446936625,1.6931722164154053,0.00021000580000000003,16,2048,,6516.934757947922
adammini-adaptive_stochastic-r8,adammini,adaptive_stochastic,8,1.1B,sdpa,666,975,31981568,2.2792303562164307,9.769158743100961,nan,nan,nan,nan,22.21030282974243,4.097999572753906,0.018627915531396866,4.097999572753906,13.995675768703222,6.1386377811431885,4902.8371825358945,1.5067986249923706,0.00020960580800000002,16,2048,,6523.1027817726135
adammini-adaptive_stochastic-r8,adammini,adaptive_stochastic,8,1.1B,sdpa,666,976,32014336,2.3668863773345947,10.66413644097495,nan,nan,nan,nan,22.21030282974243,4.097999572753906,0.018627915531396866,4.097999572753906,13.995675768703222,6.1668665409088135,4903.203038973253,1.5205949544906616,0.00020920581600000003,16,2048,,6529.2989337444305
adammini-adaptive_stochastic-r8,adammini,adaptive_stochastic,8,1.1B,sdpa,666,977,32047104,2.402378559112549,11.049426864058177,nan,nan,nan,nan,22.21030282974243,4.097999572753906,0.018627915531396866,4.097999572753906,13.995675768703222,6.16668963432312,4903.568410077942,1.6052862405776978,0.00020880582400000002,16,2048,,6535.495110034943
adammini-adaptive_stochastic-r8,adammini,adaptive_stochastic,8,1.1B,sdpa,666,978,32079872,2.279129981994629,9.768178220604879,nan,nan,nan,nan,22.21030282974243,4.097999572753906,0.018627915531396866,4.097999572753906,13.995675768703222,6.1524879932403564,4903.943601418339,1.5399047136306763,0.00020840583199999998,16,2048,,6541.676775932312
adammini-adaptive_stochastic-r8,adammini,adaptive_stochastic,8,1.1B,sdpa,666,979,32112640,2.3675785064697266,10.67151995538474,nan,nan,nan,nan,22.21030282974243,4.097999572753906,0.018627915531396866,4.097999572753906,13.995675768703222,6.160287141799927,4904.312410796871,1.4316948652267456,0.00020800584000000002,16,2048,,6547.866460561752
adammini-adaptive_stochastic-r8,adammini,adaptive_stochastic,8,1.1B,sdpa,666,980,32145408,2.4541378021240234,11.636396346260105,nan,nan,nan,nan,22.21030282974243,4.097999572753906,0.018627915531396866,4.097999572753906,13.995675768703222,6.149480581283569,4904.688488065124,1.5412474870681763,0.000207605848,16,2048,,6554.045295238495
adammini-adaptive_stochastic-r8,adammini,adaptive_stochastic,8,1.1B,sdpa,666,981,32178176,2.447866439819336,11.563648640890726,nan,nan,nan,nan,22.21030282974243,4.097999572753906,0.018627915531396866,4.097999572753906,13.995675768703222,6.155151844024658,4905.059683342573,1.7743515968322754,0.000207205856,16,2048,,6560.22992348671
adammini-adaptive_stochastic-r8,adammini,adaptive_stochastic,8,1.1B,sdpa,666,982,32210944,2.5303125381469727,12.5574301993919,nan,nan,nan,nan,22.21030282974243,4.097999572753906,0.018627915531396866,4.097999572753906,13.995675768703222,6.148723125457764,4905.434873529795,1.7012054920196533,0.00020680586399999997,16,2048,,6566.408025979996
adammini-adaptive_stochastic-r8,adammini,adaptive_stochastic,8,1.1B,sdpa,666,983,32243712,1.9978501796722412,7.373188018798329,nan,nan,nan,nan,22.21030282974243,4.097999572753906,0.018627915531396866,4.097999572753906,13.995675768703222,6.146626710891724,4905.810985961971,1.7858874797821045,0.00020640587199999999,16,2048,,6572.584129333496
adammini-adaptive_stochastic-r8,adammini,adaptive_stochastic,8,1.1B,sdpa,666,984,32276480,2.451765298843384,11.608821681179752,nan,nan,nan,nan,22.21030282974243,4.097999572753906,0.018627915531396866,4.097999572753906,13.995675768703222,6.147071361541748,4906.185987180039,2.176687479019165,0.00020600588000000002,16,2048,,6578.760471582413
adammini-adaptive_stochastic-r8,adammini,adaptive_stochastic,8,1.1B,sdpa,666,985,32309248,2.3811678886413574,10.817529158875088,nan,nan,nan,nan,22.21030282974243,4.097999572753906,0.018627915531396866,4.097999572753906,13.995675768703222,6.166719436645508,4906.545796449187,1.580016851425171,0.000205605888,16,2048,,6584.956607103348
adammini-adaptive_stochastic-r8,adammini,adaptive_stochastic,8,1.1B,sdpa,666,986,32342016,2.5264768600463867,12.509356196516896,nan,nan,nan,nan,22.21030282974243,4.097999572753906,0.018627915531396866,4.097999572753906,13.995675768703222,6.142125368118286,4906.923121038831,1.4954264163970947,0.000205205896,16,2048,,6591.128067016602
adammini-adaptive_stochastic-r8,adammini,adaptive_stochastic,8,1.1B,sdpa,666,987,32374784,2.280637741088867,9.78291738891641,nan,nan,nan,nan,22.21030282974243,4.097999572753906,0.018627915531396866,4.097999572753906,13.995675768703222,6.170132637023926,4907.27896683901,1.8626182079315186,0.00020480590399999998,16,2048,,6597.327427387238
adammini-adaptive_stochastic-r8,adammini,adaptive_stochastic,8,1.1B,sdpa,666,988,32407552,2.288729190826416,9.862396490197437,nan,nan,nan,nan,22.21030282974243,4.097999572753906,0.018627915531396866,4.097999572753906,13.995675768703222,6.17012095451355,4907.634205089283,1.5134050846099854,0.00020440591200000002,16,2048,,6603.526990652084
adammini-adaptive_stochastic-r8,adammini,adaptive_stochastic,8,1.1B,sdpa,666,989,32440320,2.4789390563964844,11.928602127922574,nan,nan,nan,nan,22.21030282974243,4.097999572753906,0.018627915531396866,4.097999572753906,13.995675768703222,6.171894788742065,4907.987354126367,1.6010526418685913,0.00020400592,16,2048,,6609.721961021423
adammini-adaptive_stochastic-r8,adammini,adaptive_stochastic,8,1.1B,sdpa,666,990,32473088,2.341395139694214,10.395729945731654,nan,nan,nan,nan,22.21030282974243,4.097999572753906,0.018627915531396866,4.097999572753906,13.995675768703222,6.158567428588867,4908.354118974657,1.4636369943618774,0.00020360592800000002,16,2048,,6615.910587310791
adammini-adaptive_stochastic-r8,adammini,adaptive_stochastic,8,1.1B,sdpa,666,991,32505856,2.1885666847229004,8.922415311072012,nan,nan,nan,nan,22.21030282974243,4.097999572753906,0.018627915531396866,4.097999572753906,13.995675768703222,6.146005630493164,4908.725035128982,1.8178118467330933,0.000203205936,16,2048,,6622.086023569107
adammini-adaptive_stochastic-r8,adammini,adaptive_stochastic,8,1.1B,sdpa,666,992,32538624,2.3244872093200684,10.22143728390122,nan,nan,nan,nan,22.21030282974243,4.097999572753906,0.018627915531396866,4.097999572753906,13.995675768703222,6.163945436477661,4909.082031589889,1.5554667711257935,0.000202805944,16,2048,,6628.279265642166
adammini-adaptive_stochastic-r8,adammini,adaptive_stochastic,8,1.1B,sdpa,666,993,32571392,2.4179742336273193,11.223100890657973,nan,nan,nan,nan,22.21030282974243,4.097999572753906,0.018627915531396866,4.097999572753906,13.995675768703222,6.145122766494751,4909.452412813525,1.8376237154006958,0.00020240595200000003,16,2048,,6634.45379781723
adammini-adaptive_stochastic-r8,adammini,adaptive_stochastic,8,1.1B,sdpa,666,994,32604160,2.309190034866333,10.066268026039733,nan,nan,nan,nan,22.21030282974243,4.097999572753906,0.018627915531396866,4.097999572753906,13.995675768703222,6.1525304317474365,4909.816541943744,1.5431853532791138,0.00020200596000000001,16,2048,,6640.635566473007
adammini-adaptive_stochastic-r8,adammini,adaptive_stochastic,8,1.1B,sdpa,666,995,32636928,2.320622205734253,10.1820076390902,nan,nan,nan,nan,22.21030282974243,4.097999572753906,0.018627915531396866,4.097999572753906,13.995675768703222,6.155811071395874,4910.177707444561,1.6081427335739136,0.000201605968,16,2048,,6646.8206305503845
adammini-adaptive_stochastic-r8,adammini,adaptive_stochastic,8,1.1B,sdpa,666,996,32669696,2.3929316997528076,10.945535976397954,nan,nan,nan,nan,22.21030282974243,4.097999572753906,0.018627915531396866,4.097999572753906,13.995675768703222,6.147983551025391,4910.543910964204,1.6334998607635498,0.000201205976,16,2048,,6652.998150110245
adammini-adaptive_stochastic-r8,adammini,adaptive_stochastic,8,1.1B,sdpa,666,997,32702464,2.3915443420410156,10.930361131554406,nan,nan,nan,nan,22.21030282974243,4.097999572753906,0.018627915531396866,4.097999572753906,13.995675768703222,6.16498589515686,4910.896733599828,1.5580198764801025,0.000200805984,16,2048,,6659.192762136459
adammini-adaptive_stochastic-r8,adammini,adaptive_stochastic,8,1.1B,sdpa,666,998,32735232,2.3739840984344482,10.740096760894932,nan,nan,nan,nan,22.21030282974243,4.097999572753906,0.018627915531396866,4.097999572753906,13.995675768703222,6.149042844772339,4911.26063252963,1.5232661962509155,0.00020040599200000004,16,2048,,6665.371251106262
adammini-adaptive_stochastic-r8,adammini,adaptive_stochastic,8,1.1B,sdpa,666,999,32768000,2.217562437057495,9.184914748811515,nan,nan,nan,nan,22.21030282974243,4.097999572753906,0.018627915531396866,4.097999572753906,13.995675768703222,6.1650941371917725,4911.61211620639,1.520274043083191,0.00020000600000000002,16,2048,,6671.565757989883
adammini-adaptive_stochastic-r8,adammini,adaptive_stochastic,8,1.1B,sdpa,666,1000,32800768,2.564661979675293,12.99626462553636,2.4493640287087377,11.58097920640841,nan,nan,22.21030282974243,4.097999572753906,0.018627915531396866,4.097999572753906,13.995675768703222,6.148744344711304,4911.975017428137,1.5980294942855835,0.000199606008,16,2048,,6728.065904378891
adammini-adaptive_stochastic-r8,adammini,adaptive_stochastic,8,1.1B,sdpa,666,1001,32833536,2.2946693897247314,9.921155434089753,nan,nan,nan,nan,22.21030282974243,4.097999572753906,0.018627915531396866,4.097999572753906,13.995675768703222,6.157453536987305,4875.6230834069,1.5239661931991577,0.000199206016,16,2048,,6734.252617120743
adammini-adaptive_stochastic-r8,adammini,adaptive_stochastic,8,1.1B,sdpa,666,1002,32866304,2.4141576290130615,11.180348388606783,nan,nan,nan,nan,22.21030282974243,4.097999572753906,0.018627915531396866,4.097999572753906,13.995675768703222,6.1418986320495605,4876.0206470637395,1.4954009056091309,0.00019880602399999998,16,2048,,6740.423689126968
adammini-adaptive_stochastic-r8,adammini,adaptive_stochastic,8,1.1B,sdpa,666,1003,32899072,2.3061776161193848,10.03598983971138,nan,nan,nan,nan,22.21030282974243,4.097999572753906,0.018627915531396866,4.097999572753906,13.995675768703222,6.1559436321258545,4876.407343767125,1.448533296585083,0.00019840603200000005,16,2048,,6746.608967065811
adammini-adaptive_stochastic-r8,adammini,adaptive_stochastic,8,1.1B,sdpa,666,1004,32931840,2.515134572982788,12.36827310252654,nan,nan,nan,nan,22.21030282974243,4.097999572753906,0.018627915531396866,4.097999572753906,13.995675768703222,6.147345066070557,4876.7994785414085,1.5276657342910767,0.00019800604000000003,16,2048,,6752.785735607147
adammini-adaptive_stochastic-r8,adammini,adaptive_stochastic,8,1.1B,sdpa,666,1005,32964608,2.3427460193634033,10.409782815692829,nan,nan,nan,nan,22.21030282974243,4.097999572753906,0.018627915531396866,4.097999572753906,13.995675768703222,6.143133163452148,4877.193932443078,1.5187487602233887,0.00019760604800000002,16,2048,,6758.957245588303
adammini-adaptive_stochastic-r8,adammini,adaptive_stochastic,8,1.1B,sdpa,666,1006,32997376,2.5208706855773926,12.439422775825713,nan,nan,nan,nan,22.21030282974243,4.097999572753906,0.018627915531396866,4.097999572753906,13.995675768703222,6.1852991580963135,4877.55793816897,1.7502031326293945,0.000197206056,16,2048,,6765.171694517136
adammini-adaptive_stochastic-r8,adammini,adaptive_stochastic,8,1.1B,sdpa,666,1007,33030144,2.4668734073638916,11.785540601848641,nan,nan,nan,nan,22.21030282974243,4.097999572753906,0.018627915531396866,4.097999572753906,13.995675768703222,6.102144241333008,4877.980604841491,1.7977325916290283,0.000196806064,16,2048,,6771.303228139877
adammini-adaptive_stochastic-r8,adammini,adaptive_stochastic,8,1.1B,sdpa,666,1008,33062912,2.3634068965911865,10.627095262987055,nan,nan,nan,nan,22.21030282974243,4.097999572753906,0.018627915531396866,4.097999572753906,13.995675768703222,6.160904407501221,4878.360079709495,1.470635175704956,0.00019640607200000003,16,2048,,6777.493449211121
adammini-adaptive_stochastic-r8,adammini,adaptive_stochastic,8,1.1B,sdpa,666,1009,33095680,2.317983627319336,10.155177026417345,nan,nan,nan,nan,22.21030282974243,4.097999572753906,0.018627915531396866,4.097999572753906,13.995675768703222,6.151553630828857,4878.745681489448,1.4091225862503052,0.00019600608000000004,16,2048,,6783.6742424964905
adammini-adaptive_stochastic-r8,adammini,adaptive_stochastic,8,1.1B,sdpa,666,1010,33128448,2.2375566959381104,9.370408537980493,nan,nan,nan,nan,22.21030282974243,4.097999572753906,0.018627915531396866,4.097999572753906,13.995675768703222,6.1669535636901855,4879.119535518862,1.6307804584503174,0.00019560608800000002,16,2048,,6789.870733261108
