run_name,opt,proj,rank,size,attention,seed,step,tokens_seen,train_loss,train_ppl_capped,val_loss,val_perplexity,test_loss,test_perplexity,vram_total_peak_gb,vram_model_gb,vram_optimizer_gb,vram_gradients_gb,vram_activations_gb,iter_time,tokens_per_sec,grad_norm,lr,batch_size,sequence_length,max_projected_params,wall_time_sec
adammini-softmax_fisher_projector-r8,adammini,softmax_fisher_projector,8,1.1B,sdpa,666,0,32768,2.5204966068267822,12.434770322341665,nan,nan,nan,nan,22.17638635635376,4.097999572753906,0.01870039477944374,4.097999572753906,13.961686816066504,137.83454275131226,237.73371928317368,2.5158324241638184,2e-06,16,2048,,137.83654499053955
adammini-softmax_fisher_projector-r8,adammini,softmax_fisher_projector,8,1.1B,sdpa,666,1,65536,2.550102472305298,12.808416223355094,nan,nan,nan,nan,23.97112798690796,4.097999572753906,0.01870039477944374,4.097999572753906,15.756428446620703,6.183512210845947,455.04614205829284,3.142854928970337,4e-06,16,2048,,144.02358603477478
adammini-softmax_fisher_projector-r8,adammini,softmax_fisher_projector,8,1.1B,sdpa,666,2,98304,2.6484973430633545,14.132785952775768,nan,nan,nan,nan,23.97112798690796,4.097999572753906,0.01870039477944374,4.097999572753906,15.756428446620703,6.18781042098999,654.4365675781231,2.2948029041290283,6e-06,16,2048,,150.21456909179688
adammini-softmax_fisher_projector-r8,adammini,softmax_fisher_projector,8,1.1B,sdpa,666,3,131072,2.355947256088257,10.548115897812158,nan,nan,nan,nan,23.97112798690796,4.097999572753906,0.01870039477944374,4.097999572753906,15.756428446620703,6.16361141204834,838.1714162880047,2.1152234077453613,8e-06,16,2048,,156.3813967704773
adammini-softmax_fisher_projector-r8,adammini,softmax_fisher_projector,8,1.1B,sdpa,666,4,163840,2.508568286895752,12.287325536217136,nan,nan,nan,nan,23.97112798690796,4.097999572753906,0.01870039477944374,4.097999572753906,15.756428446620703,6.189356565475464,1007.8055136658757,2.221259355545044,1e-05,16,2048,,162.57403588294983
adammini-softmax_fisher_projector-r8,adammini,softmax_fisher_projector,8,1.1B,sdpa,666,5,196608,2.3419244289398193,10.401233750215921,nan,nan,nan,nan,23.97112798690796,4.097999572753906,0.01870039477944374,4.097999572753906,15.756428446620703,6.200572729110718,1164.912943767171,1.7132306098937988,1.2e-05,16,2048,,168.77785682678223
adammini-softmax_fisher_projector-r8,adammini,softmax_fisher_projector,8,1.1B,sdpa,666,6,229376,2.299182653427124,9.966033421713844,nan,nan,nan,nan,23.97112798690796,4.097999572753906,0.01870039477944374,4.097999572753906,15.756428446620703,6.1854658126831055,1310.9929621906726,2.070049285888672,1.4e-05,16,2048,,174.96664595603943
adammini-softmax_fisher_projector-r8,adammini,softmax_fisher_projector,8,1.1B,sdpa,666,7,262144,2.4889490604400635,12.048607106576403,nan,nan,nan,nan,23.97112798690796,4.097999572753906,0.01870039477944374,4.097999572753906,15.756428446620703,6.1857030391693115,1447.0891082213486,1.8927093744277954,1.6e-05,16,2048,,181.15546584129333
adammini-softmax_fisher_projector-r8,adammini,softmax_fisher_projector,8,1.1B,sdpa,666,8,294912,2.594676971435547,13.392260579898553,nan,nan,nan,nan,23.97112798690796,4.097999572753906,0.01870039477944374,4.097999572753906,15.756428446620703,6.194507598876953,1574.1202285346874,2.0193185806274414,1.8e-05,16,2048,,187.35331630706787
adammini-softmax_fisher_projector-r8,adammini,softmax_fisher_projector,8,1.1B,sdpa,666,9,327680,2.367297410964966,10.668520660660198,nan,nan,nan,nan,23.97112798690796,4.097999572753906,0.01870039477944374,4.097999572753906,15.756428446620703,6.191540479660034,1693.0418639052668,1.7777819633483887,2e-05,16,2048,,193.548024892807
adammini-softmax_fisher_projector-r8,adammini,softmax_fisher_projector,8,1.1B,sdpa,666,10,360448,2.460319995880127,11.708557630786157,nan,nan,nan,nan,23.97112798690796,4.097999572753906,0.01870039477944374,4.097999572753906,15.756428446620703,6.195070028305054,1804.5554352057188,1.60106360912323,2.2e-05,16,2048,,199.74630999565125
adammini-softmax_fisher_projector-r8,adammini,softmax_fisher_projector,8,1.1B,sdpa,666,11,393216,2.021012783050537,7.545963488830854,nan,nan,nan,nan,23.97112798690796,4.097999572753906,0.01870039477944374,4.097999572753906,15.756428446620703,6.187262773513794,1909.4282957222638,1.875030755996704,2.4e-05,16,2048,,205.93692636489868
adammini-softmax_fisher_projector-r8,adammini,softmax_fisher_projector,8,1.1B,sdpa,666,12,425984,2.2761566638946533,9.739177455113634,nan,nan,nan,nan,23.97112798690796,4.097999572753906,0.01870039477944374,4.097999572753906,15.756428446620703,6.210714817047119,2007.9571991322744,1.7186659574508667,2.6e-05,16,2048,,212.1510739326477
adammini-softmax_fisher_projector-r8,adammini,softmax_fisher_projector,8,1.1B,sdpa,666,13,458752,2.5487217903137207,12.790744076349785,nan,nan,nan,nan,23.97112798690796,4.097999572753906,0.01870039477944374,4.097999572753906,15.756428446620703,6.205716133117676,2100.9262706851046,1.7423570156097412,2.8e-05,16,2048,,218.35986065864563
adammini-softmax_fisher_projector-r8,adammini,softmax_fisher_projector,8,1.1B,sdpa,666,14,491520,2.3585498332977295,10.575603938208774,nan,nan,nan,nan,23.97112798690796,4.097999572753906,0.01870039477944374,4.097999572753906,15.756428446620703,6.191687822341919,2188.893788233548,1.6862515211105347,3e-05,16,2048,,224.55476808547974
adammini-softmax_fisher_projector-r8,adammini,softmax_fisher_projector,8,1.1B,sdpa,666,15,524288,2.487149953842163,12.026949865719564,nan,nan,nan,nan,23.97112798690796,4.097999572753906,0.01870039477944374,4.097999572753906,15.756428446620703,6.207967758178711,2271.9763620086655,1.7028281688690186,3.2e-05,16,2048,,230.76604199409485
adammini-softmax_fisher_projector-r8,adammini,softmax_fisher_projector,8,1.1B,sdpa,666,16,557056,2.392984628677368,10.946115327177994,nan,nan,nan,nan,23.97112798690796,4.097999572753906,0.01870039477944374,4.097999572753906,15.756428446620703,6.205927848815918,2350.7228905963084,1.6651705503463745,3.4000000000000007e-05,16,2048,,236.97508263587952
adammini-softmax_fisher_projector-r8,adammini,softmax_fisher_projector,8,1.1B,sdpa,666,17,589824,2.3898961544036865,10.912360683598616,nan,nan,nan,nan,23.97112798690796,4.097999572753906,0.01870039477944374,4.097999572753906,15.756428446620703,6.199639320373535,2425.51175427847,2.1179757118225098,3.6e-05,16,2048,,243.178129196167
adammini-softmax_fisher_projector-r8,adammini,softmax_fisher_projector,8,1.1B,sdpa,666,18,622592,2.48677396774292,12.0224287497454,nan,nan,nan,nan,23.97112798690796,4.097999572753906,0.01870039477944374,4.097999572753906,15.756428446620703,6.197336435317993,2496.601694737524,1.6908012628555298,3.8e-05,16,2048,,249.37891840934753
adammini-softmax_fisher_projector-r8,adammini,softmax_fisher_projector,8,1.1B,sdpa,666,19,655360,2.349252462387085,10.47773429596923,nan,nan,nan,nan,23.97112798690796,4.097999572753906,0.01870039477944374,4.097999572753906,15.756428446620703,6.199245929718018,2564.2227858795654,1.6503387689590454,4e-05,16,2048,,255.58141231536865
adammini-softmax_fisher_projector-r8,adammini,softmax_fisher_projector,8,1.1B,sdpa,666,20,688128,2.3525400161743164,10.512237094863593,nan,nan,nan,nan,23.97112798690796,4.097999572753906,0.01870039477944374,4.097999572753906,15.756428446620703,6.189026832580566,2628.7434028518196,1.6783344745635986,4.2000000000000004e-05,16,2048,,261.77376079559326
adammini-softmax_fisher_projector-r8,adammini,softmax_fisher_projector,8,1.1B,sdpa,666,21,720896,2.4232184886932373,11.282112294540713,nan,nan,nan,nan,23.97112798690796,4.097999572753906,0.01870039477944374,4.097999572753906,15.756428446620703,6.190212726593018,2690.2698266069333,1.8723520040512085,4.4e-05,16,2048,,267.967187166214
adammini-softmax_fisher_projector-r8,adammini,softmax_fisher_projector,8,1.1B,sdpa,666,22,753664,2.4585540294647217,11.68789895786754,nan,nan,nan,nan,23.97112798690796,4.097999572753906,0.01870039477944374,4.097999572753906,15.756428446620703,6.21122670173645,2748.8060053485865,1.5656245946884155,4.6e-05,16,2048,,274.18172335624695
adammini-softmax_fisher_projector-r8,adammini,softmax_fisher_projector,8,1.1B,sdpa,666,23,786432,2.608205795288086,13.57467324646186,nan,nan,nan,nan,23.97112798690796,4.097999572753906,0.01870039477944374,4.097999572753906,15.756428446620703,6.206183910369873,2804.7974398776983,1.7093216180801392,4.8e-05,16,2048,,280.391006231308
adammini-softmax_fisher_projector-r8,adammini,softmax_fisher_projector,8,1.1B,sdpa,666,24,819200,2.2772815227508545,9.750138818963944,nan,nan,nan,nan,23.97112798690796,4.097999572753906,0.01870039477944374,4.097999572753906,15.756428446620703,6.2217772006988525,2858.2083259382384,1.687839150428772,5e-05,16,2048,,286.6161665916443
adammini-softmax_fisher_projector-r8,adammini,softmax_fisher_projector,8,1.1B,sdpa,666,25,851968,2.523212194442749,12.468583921752687,nan,nan,nan,nan,23.97112798690796,4.097999572753906,0.01870039477944374,4.097999572753906,15.756428446620703,6.186557769775391,2909.6963358995495,1.6429415941238403,5.2e-05,16,2048,,292.80613446235657
adammini-softmax_fisher_projector-r8,adammini,softmax_fisher_projector,8,1.1B,sdpa,666,26,884736,2.212127208709717,9.135128063364137,nan,nan,nan,nan,23.97112798690796,4.097999572753906,0.01870039477944374,4.097999572753906,15.756428446620703,6.199674606323242,2958.9232897035727,1.564457654953003,5.4e-05,16,2048,,299.0090126991272
adammini-softmax_fisher_projector-r8,adammini,softmax_fisher_projector,8,1.1B,sdpa,666,27,917504,2.4102489948272705,11.136733788970126,nan,nan,nan,nan,23.97112798690796,4.097999572753906,0.01870039477944374,4.097999572753906,15.756428446620703,6.217786550521851,3005.972120322696,1.7755051851272583,5.6e-05,16,2048,,305.2300593852997
adammini-softmax_fisher_projector-r8,adammini,softmax_fisher_projector,8,1.1B,sdpa,666,28,950272,2.492082118988037,12.086415294769171,nan,nan,nan,nan,23.97112798690796,4.097999572753906,0.01870039477944374,4.097999572753906,15.756428446620703,6.204190731048584,3051.2739633840433,1.4968630075454712,5.800000000000001e-05,16,2048,,311.43743538856506
adammini-softmax_fisher_projector-r8,adammini,softmax_fisher_projector,8,1.1B,sdpa,666,29,983040,2.2690134048461914,9.669855873408236,nan,nan,nan,nan,23.97112798690796,4.097999572753906,0.01870039477944374,4.097999572753906,15.756428446620703,6.20995569229126,3094.749928250973,1.5436283349990845,6e-05,16,2048,,317.6506595611572
adammini-softmax_fisher_projector-r8,adammini,softmax_fisher_projector,8,1.1B,sdpa,666,30,1015808,2.2112185955047607,9.126831535115146,nan,nan,nan,nan,23.97112798690796,4.097999572753906,0.01870039477944374,4.097999572753906,15.756428446620703,6.220977544784546,3136.45002979037,3.2955386638641357,6.2e-05,16,2048,,323.8750286102295
adammini-softmax_fisher_projector-r8,adammini,softmax_fisher_projector,8,1.1B,sdpa,666,31,1048576,2.3512086868286133,10.498251157140638,nan,nan,nan,nan,23.97112798690796,4.097999572753906,0.01870039477944374,4.097999572753906,15.756428446620703,6.196188688278198,3176.815252209221,1.717578649520874,6.4e-05,16,2048,,330.07440996170044
adammini-softmax_fisher_projector-r8,adammini,softmax_fisher_projector,8,1.1B,sdpa,666,32,1081344,2.3346526622772217,10.325872741299067,nan,nan,nan,nan,23.97112798690796,4.097999572753906,0.01870039477944374,4.097999572753906,15.756428446620703,6.213686466217041,3215.5255510201227,5.776699066162109,6.6e-05,16,2048,,336.2914958000183
adammini-softmax_fisher_projector-r8,adammini,softmax_fisher_projector,8,1.1B,sdpa,666,33,1114112,2.4246907234191895,11.298734444893972,nan,nan,nan,nan,23.97112798690796,4.097999572753906,0.01870039477944374,4.097999572753906,15.756428446620703,6.213206052780151,3252.8341350409055,1.6339393854141235,6.800000000000001e-05,16,2048,,342.50811648368835
adammini-softmax_fisher_projector-r8,adammini,softmax_fisher_projector,8,1.1B,sdpa,666,34,1146880,2.426360845565796,11.317620478120277,nan,nan,nan,nan,23.97112798690796,4.097999572753906,0.01870039477944374,4.097999572753906,15.756428446620703,6.072293996810913,3290.142228349003,inf,7.000000000000001e-05,16,2048,,348.5807499885559
adammini-softmax_fisher_projector-r8,adammini,softmax_fisher_projector,8,1.1B,sdpa,666,35,1179648,2.6318094730377197,13.898896841102763,nan,nan,nan,nan,23.97112798690796,4.097999572753906,0.01870039477944374,4.097999572753906,15.756428446620703,6.2136924266815186,3324.8749527717687,4.495943546295166,7.2e-05,16,2048,,354.79763293266296
adammini-softmax_fisher_projector-r8,adammini,softmax_fisher_projector,8,1.1B,sdpa,666,36,1212416,2.400911331176758,11.033226723844141,nan,nan,nan,nan,23.97112798690796,4.097999572753906,0.01870039477944374,4.097999572753906,15.756428446620703,6.205782413482666,3358.45896549306,1.7913494110107422,7.4e-05,16,2048,,361.00661301612854
adammini-softmax_fisher_projector-r8,adammini,softmax_fisher_projector,8,1.1B,sdpa,666,37,1245184,2.67850923538208,14.563366553599312,nan,nan,nan,nan,23.97112798690796,4.097999572753906,0.01870039477944374,4.097999572753906,15.756428446620703,6.247176647186279,3390.5250001667778,1.8210216760635376,7.6e-05,16,2048,,367.2570593357086
adammini-softmax_fisher_projector-r8,adammini,softmax_fisher_projector,8,1.1B,sdpa,666,38,1277952,2.2130043506622314,9.143144382641113,nan,nan,nan,nan,23.97112798690796,4.097999572753906,0.01870039477944374,4.097999572753906,15.756428446620703,6.1675426959991455,3422.246781565788,1.557300329208374,7.8e-05,16,2048,,373.42782521247864
adammini-softmax_fisher_projector-r8,adammini,softmax_fisher_projector,8,1.1B,sdpa,666,39,1310720,2.4655039310455322,11.769411629738796,nan,nan,nan,nan,23.97112798690796,4.097999572753906,0.01870039477944374,4.097999572753906,15.756428446620703,6.226275205612183,3452.4034233498237,2.989337205886841,8e-05,16,2048,,379.6572732925415
adammini-softmax_fisher_projector-r8,adammini,softmax_fisher_projector,8,1.1B,sdpa,666,40,1343488,2.195679187774658,8.986102235442008,nan,nan,nan,nan,23.97112798690796,4.097999572753906,0.01870039477944374,4.097999572753906,15.756428446620703,6.199237823486328,3481.8306074336224,2.3740737438201904,8.2e-05,16,2048,,385.8607997894287
adammini-softmax_fisher_projector-r8,adammini,softmax_fisher_projector,8,1.1B,sdpa,666,41,1376256,2.295468807220459,9.929089750314654,nan,nan,nan,nan,23.97112798690796,4.097999572753906,0.01870039477944374,4.097999572753906,15.756428446620703,6.204815864562988,3510.2667990700256,1.7235748767852783,8.400000000000001e-05,16,2048,,392.06901597976685
adammini-softmax_fisher_projector-r8,adammini,softmax_fisher_projector,8,1.1B,sdpa,666,42,1409024,2.404057264328003,11.067991172203504,nan,nan,nan,nan,23.97112798690796,4.097999572753906,0.01870039477944374,4.097999572753906,15.756428446620703,6.2258617877960205,3537.638038605455,1.5659071207046509,8.599999999999999e-05,16,2048,,398.2982180118561
adammini-softmax_fisher_projector-r8,adammini,softmax_fisher_projector,8,1.1B,sdpa,666,43,1441792,2.3193342685699463,10.168902294286449,nan,nan,nan,nan,23.97112798690796,4.097999572753906,0.01870039477944374,4.097999572753906,15.756428446620703,6.232970952987671,3564.103091844548,1.733967661857605,8.8e-05,16,2048,,404.53458523750305
adammini-softmax_fisher_projector-r8,adammini,softmax_fisher_projector,8,1.1B,sdpa,666,44,1474560,2.4560816287994385,11.659037481976394,nan,nan,nan,nan,23.97112798690796,4.097999572753906,0.01870039477944374,4.097999572753906,15.756428446620703,6.197367906570435,3590.076264880546,1.6227647066116333,8.999999999999999e-05,16,2048,,410.7352659702301
adammini-softmax_fisher_projector-r8,adammini,softmax_fisher_projector,8,1.1B,sdpa,666,45,1507328,2.514347791671753,12.35854580353001,nan,nan,nan,nan,23.97112798690796,4.097999572753906,0.01870039477944374,4.097999572753906,15.756428446620703,6.241315603256226,3614.896252525224,2.3379077911376953,9.2e-05,16,2048,,416.97979712486267
adammini-softmax_fisher_projector-r8,adammini,softmax_fisher_projector,8,1.1B,sdpa,666,46,1540096,2.473503589630127,11.863940499751104,nan,nan,nan,nan,23.97112798690796,4.097999572753906,0.01870039477944374,4.097999572753906,15.756428446620703,6.229522943496704,3639.085860169601,2.060039758682251,9.400000000000001e-05,16,2048,,423.21262979507446
adammini-softmax_fisher_projector-r8,adammini,softmax_fisher_projector,8,1.1B,sdpa,666,47,1572864,2.3471474647521973,10.455701887276822,nan,nan,nan,nan,23.97112798690796,4.097999572753906,0.01870039477944374,4.097999572753906,15.756428446620703,6.192241668701172,3662.8906407575473,1.5970462560653687,9.6e-05,16,2048,,429.4081230163574
adammini-softmax_fisher_projector-r8,adammini,softmax_fisher_projector,8,1.1B,sdpa,666,48,1605632,2.248697280883789,9.475384028729732,nan,nan,nan,nan,23.97112798690796,4.097999572753906,0.01870039477944374,4.097999572753906,15.756428446620703,6.209802150726318,3685.8699926063773,1.6987923383712769,9.800000000000001e-05,16,2048,,435.6210467815399
adammini-softmax_fisher_projector-r8,adammini,softmax_fisher_projector,8,1.1B,sdpa,666,49,1638400,2.434349298477173,11.408392839021724,nan,nan,nan,nan,23.97112798690796,4.097999572753906,0.01870039477944374,4.097999572753906,15.756428446620703,6.213986873626709,3708.168774837733,1.6420202255249023,0.0001,16,2048,,441.8383541107178
adammini-softmax_fisher_projector-r8,adammini,softmax_fisher_projector,8,1.1B,sdpa,666,50,1671168,2.631263017654419,13.89130378892307,2.46035088124443,11.708919259438535,nan,nan,23.97112798690796,4.097999572753906,0.01870039477944374,4.097999572753906,15.756428446620703,6.209475517272949,3729.885406016207,2.1004183292388916,0.000102,16,2048,,460.0197892189026
adammini-softmax_fisher_projector-r8,adammini,softmax_fisher_projector,8,1.1B,sdpa,666,51,1703936,2.499878406524658,12.181012738979735,nan,nan,nan,nan,23.97112798690796,4.097999572753906,0.01870039477944374,4.097999572753906,15.756428446620703,6.231956958770752,3654.5373487274355,1.9846521615982056,0.000104,16,2048,,466.25516080856323
adammini-softmax_fisher_projector-r8,adammini,softmax_fisher_projector,8,1.1B,sdpa,666,52,1736704,2.464193344116211,11.753996896071701,nan,nan,nan,nan,23.97112798690796,4.097999572753906,0.01870039477944374,4.097999572753906,15.756428446620703,6.220153570175171,3675.754112354269,1.693162441253662,0.000106,16,2048,,472.47853446006775
adammini-softmax_fisher_projector-r8,adammini,softmax_fisher_projector,8,1.1B,sdpa,666,53,1769472,2.1694674491882324,8.753621051214882,nan,nan,nan,nan,23.97112798690796,4.097999572753906,0.01870039477944374,4.097999572753906,15.756428446620703,6.211959600448608,3696.4824997348433,1.7833046913146973,0.000108,16,2048,,478.6937828063965
adammini-softmax_fisher_projector-r8,adammini,softmax_fisher_projector,8,1.1B,sdpa,666,54,1802240,2.4889414310455322,12.048515183349895,nan,nan,nan,nan,23.97112798690796,4.097999572753906,0.01870039477944374,4.097999572753906,15.756428446620703,6.229189872741699,3716.547176736174,1.831619381904602,0.00011,16,2048,,484.9262537956238
adammini-softmax_fisher_projector-r8,adammini,softmax_fisher_projector,8,1.1B,sdpa,666,55,1835008,1.946805715560913,7.006271773515159,nan,nan,nan,nan,23.97112798690796,4.097999572753906,0.01870039477944374,4.097999572753906,15.756428446620703,6.22162127494812,3736.160067453022,3.4840383529663086,0.000112,16,2048,,491.15117287635803
adammini-softmax_fisher_projector-r8,adammini,softmax_fisher_projector,8,1.1B,sdpa,666,56,1867776,2.1250059604644775,8.37294739463405,nan,nan,nan,nan,23.97112798690796,4.097999572753906,0.01870039477944374,4.097999572753906,15.756428446620703,6.182263374328613,3755.5791738576722,1.7009412050247192,0.000114,16,2048,,497.336731672287
adammini-softmax_fisher_projector-r8,adammini,softmax_fisher_projector,8,1.1B,sdpa,666,57,1900544,2.2823069095611572,9.799260361982236,nan,nan,nan,nan,23.97112798690796,4.097999572753906,0.01870039477944374,4.097999572753906,15.756428446620703,6.216257095336914,3774.266328748625,1.5924301147460938,0.00011600000000000001,16,2048,,503.55624628067017
adammini-softmax_fisher_projector-r8,adammini,softmax_fisher_projector,8,1.1B,sdpa,666,58,1933312,2.504796028137207,12.241061878947942,nan,nan,nan,nan,23.97112798690796,4.097999572753906,0.01870039477944374,4.097999572753906,15.756428446620703,6.223162889480591,3792.446357154085,1.69857919216156,0.000118,16,2048,,509.78275179862976
adammini-softmax_fisher_projector-r8,adammini,softmax_fisher_projector,8,1.1B,sdpa,666,59,1966080,2.5055603981018066,12.250422155884554,nan,nan,nan,nan,23.97112798690796,4.097999572753906,0.01870039477944374,4.097999572753906,15.756428446620703,6.2142980098724365,3810.2525401883954,1.677019715309143,0.00012,16,2048,,516.0003921985626
adammini-softmax_fisher_projector-r8,adammini,softmax_fisher_projector,8,1.1B,sdpa,666,60,1998848,2.1625044345855713,8.692881171749946,nan,nan,nan,nan,23.97112798690796,4.097999572753906,0.01870039477944374,4.097999572753906,15.756428446620703,6.215501546859741,3827.6258053102106,1.7529767751693726,0.000122,16,2048,,522.2193493843079
adammini-softmax_fisher_projector-r8,adammini,softmax_fisher_projector,8,1.1B,sdpa,666,61,2031616,2.319990873336792,10.175581436544824,nan,nan,nan,nan,23.97112798690796,4.097999572753906,0.01870039477944374,4.097999572753906,15.756428446620703,6.212465763092041,3844.611741856837,2.084251880645752,0.000124,16,2048,,528.4350543022156
adammini-softmax_fisher_projector-r8,adammini,softmax_fisher_projector,8,1.1B,sdpa,666,62,2064384,2.386314868927002,10.873350300120302,nan,nan,nan,nan,23.97112798690796,4.097999572753906,0.01870039477944374,4.097999572753906,15.756428446620703,6.213728666305542,3861.194705239632,1.736682653427124,0.000126,16,2048,,534.652170419693
adammini-softmax_fisher_projector-r8,adammini,softmax_fisher_projector,8,1.1B,sdpa,666,63,2097152,2.4350740909576416,11.416664553641848,nan,nan,nan,nan,23.97112798690796,4.097999572753906,0.01870039477944374,4.097999572753906,15.756428446620703,6.253795623779297,3877.108357231403,1.6907709836959839,0.000128,16,2048,,540.9092886447906
adammini-softmax_fisher_projector-r8,adammini,softmax_fisher_projector,8,1.1B,sdpa,666,64,2129920,2.6382224559783936,13.98831664682429,nan,nan,nan,nan,23.97112798690796,4.097999572753906,0.01870039477944374,4.097999572753906,15.756428446620703,6.17110276222229,3893.2468821872944,1.6241626739501953,0.00013000000000000002,16,2048,,547.0836415290833
adammini-softmax_fisher_projector-r8,adammini,softmax_fisher_projector,8,1.1B,sdpa,666,65,2162688,2.4261343479156494,11.31505735395849,nan,nan,nan,nan,23.97112798690796,4.097999572753906,0.01870039477944374,4.097999572753906,15.756428446620703,6.222100496292114,3908.6653914270655,1.5746523141860962,0.000132,16,2048,,553.3089299201965
adammini-softmax_fisher_projector-r8,adammini,softmax_fisher_projector,8,1.1B,sdpa,666,66,2195456,2.4318020343780518,11.379369630096502,nan,nan,nan,nan,23.97112798690796,4.097999572753906,0.01870039477944374,4.097999572753906,15.756428446620703,6.212280750274658,3923.810069717381,1.7448464632034302,0.000134,16,2048,,559.5244286060333
adammini-softmax_fisher_projector-r8,adammini,softmax_fisher_projector,8,1.1B,sdpa,666,67,2228224,2.4666311740875244,11.782686097476828,nan,nan,nan,nan,23.97112798690796,4.097999572753906,0.01870039477944374,4.097999572753906,15.756428446620703,6.224458694458008,3938.536917751241,1.5724191665649414,0.00013600000000000003,16,2048,,565.7519819736481
adammini-softmax_fisher_projector-r8,adammini,softmax_fisher_projector,8,1.1B,sdpa,666,68,2260992,2.4208853244781494,11.255819957961108,nan,nan,nan,nan,23.97112798690796,4.097999572753906,0.01870039477944374,4.097999572753906,15.756428446620703,6.2128989696502686,3953.0235411277245,1.7583415508270264,0.00013800000000000002,16,2048,,571.968163728714
adammini-softmax_fisher_projector-r8,adammini,softmax_fisher_projector,8,1.1B,sdpa,666,69,2293760,2.4094343185424805,11.127664650769738,nan,nan,nan,nan,23.97112798690796,4.097999572753906,0.01870039477944374,4.097999572753906,15.756428446620703,6.2141618728637695,3967.1892718794566,1.6750296354293823,0.00014000000000000001,16,2048,,578.1856868267059
adammini-softmax_fisher_projector-r8,adammini,softmax_fisher_projector,8,1.1B,sdpa,666,70,2326528,2.1874682903289795,8.912620360458295,nan,nan,nan,nan,23.97112798690796,4.097999572753906,0.01870039477944374,4.097999572753906,15.756428446620703,6.206324815750122,3981.106789484051,1.7867110967636108,0.00014199999999999998,16,2048,,584.3953890800476
adammini-softmax_fisher_projector-r8,adammini,softmax_fisher_projector,8,1.1B,sdpa,666,71,2359296,2.3768036365509033,10.77042160402254,nan,nan,nan,nan,23.97112798690796,4.097999572753906,0.01870039477944374,4.097999572753906,15.756428446620703,6.226417541503906,3994.595378282446,1.5638086795806885,0.000144,16,2048,,590.6250746250153
adammini-softmax_fisher_projector-r8,adammini,softmax_fisher_projector,8,1.1B,sdpa,666,72,2392064,2.6202142238616943,13.738666420028965,nan,nan,nan,nan,23.97112798690796,4.097999572753906,0.01870039477944374,4.097999572753906,15.756428446620703,6.224905490875244,4007.8127904095245,1.6861032247543335,0.000146,16,2048,,596.8532085418701
adammini-softmax_fisher_projector-r8,adammini,softmax_fisher_projector,8,1.1B,sdpa,666,73,2424832,2.464737892150879,11.760399255018733,nan,nan,nan,nan,23.97112798690796,4.097999572753906,0.01870039477944374,4.097999572753906,15.756428446620703,6.2250635623931885,4020.756675898645,1.7063560485839844,0.000148,16,2048,,603.0815663337708
adammini-softmax_fisher_projector-r8,adammini,softmax_fisher_projector,8,1.1B,sdpa,666,74,2457600,2.433591842651367,11.39975475729839,nan,nan,nan,nan,23.97112798690796,4.097999572753906,0.01870039477944374,4.097999572753906,15.756428446620703,6.224952220916748,4033.436235182799,1.5585538148880005,0.00015,16,2048,,609.3097689151764
adammini-softmax_fisher_projector-r8,adammini,softmax_fisher_projector,8,1.1B,sdpa,666,75,2490368,2.360476493835449,10.595999178021964,nan,nan,nan,nan,23.97112798690796,4.097999572753906,0.01870039477944374,4.097999572753906,15.756428446620703,6.234768390655518,4045.7945455267927,1.8185251951217651,0.000152,16,2048,,615.547917842865
adammini-softmax_fisher_projector-r8,adammini,softmax_fisher_projector,8,1.1B,sdpa,666,76,2523136,2.4073009490966797,11.103950535479267,nan,nan,nan,nan,23.97112798690796,4.097999572753906,0.01870039477944374,4.097999572753906,15.756428446620703,6.215229749679565,4058.0319387630693,1.6664625406265259,0.000154,16,2048,,621.7665178775787
adammini-softmax_fisher_projector-r8,adammini,softmax_fisher_projector,8,1.1B,sdpa,666,77,2555904,2.2441258430480957,9.432166757470576,nan,nan,nan,nan,23.97112798690796,4.097999572753906,0.01870039477944374,4.097999572753906,15.756428446620703,6.2039642333984375,4070.100501712183,2.050670862197876,0.000156,16,2048,,627.9737436771393
adammini-softmax_fisher_projector-r8,adammini,softmax_fisher_projector,8,1.1B,sdpa,666,78,2588672,2.3495099544525146,10.480432576792165,nan,nan,nan,nan,23.97112798690796,4.097999572753906,0.01870039477944374,4.097999572753906,15.756428446620703,6.2220635414123535,4081.816631813271,1.7084473371505737,0.000158,16,2048,,634.1990644931793
adammini-softmax_fisher_projector-r8,adammini,softmax_fisher_projector,8,1.1B,sdpa,666,79,2621440,2.381808280944824,10.824458839911335,nan,nan,nan,nan,23.97112798690796,4.097999572753906,0.01870039477944374,4.097999572753906,15.756428446620703,6.220391750335693,4093.315656536922,1.5923267602920532,0.00016,16,2048,,640.4227797985077
adammini-softmax_fisher_projector-r8,adammini,softmax_fisher_projector,8,1.1B,sdpa,666,80,2654208,2.448234796524048,11.567908973011308,nan,nan,nan,nan,23.97112798690796,4.097999572753906,0.01870039477944374,4.097999572753906,15.756428446620703,6.211966037750244,4104.646370689629,1.6744648218154907,0.000162,16,2048,,646.6380183696747
adammini-softmax_fisher_projector-r8,adammini,softmax_fisher_projector,8,1.1B,sdpa,666,81,2686976,2.4797627925872803,11.938432197337074,nan,nan,nan,nan,23.97112798690796,4.097999572753906,0.01870039477944374,4.097999572753906,15.756428446620703,6.210094690322876,4115.773715726792,2.875884771347046,0.000164,16,2048,,652.8513796329498
adammini-softmax_fisher_projector-r8,adammini,softmax_fisher_projector,8,1.1B,sdpa,666,82,2719744,2.3265492916107178,10.242536475367404,nan,nan,nan,nan,23.97112798690796,4.097999572753906,0.01870039477944374,4.097999572753906,15.756428446620703,6.205299615859985,4126.720921327139,1.7728102207183838,0.00016600000000000002,16,2048,,659.0597946643829
adammini-softmax_fisher_projector-r8,adammini,softmax_fisher_projector,8,1.1B,sdpa,666,83,2752512,2.3509058952331543,10.495072856128939,nan,nan,nan,nan,23.97112798690796,4.097999572753906,0.01870039477944374,4.097999572753906,15.756428446620703,6.215787649154663,4137.399210910566,1.8237372636795044,0.00016800000000000002,16,2048,,665.2788977622986
adammini-softmax_fisher_projector-r8,adammini,softmax_fisher_projector,8,1.1B,sdpa,666,84,2785280,2.365269184112549,10.646904409321627,nan,nan,nan,nan,23.97112798690796,4.097999572753906,0.01870039477944374,4.097999572753906,15.756428446620703,6.216563701629639,4147.874187523267,1.6541577577590942,0.00017,16,2048,,671.4988107681274
adammini-softmax_fisher_projector-r8,adammini,softmax_fisher_projector,8,1.1B,sdpa,666,85,2818048,2.3367233276367188,10.347276320468431,nan,nan,nan,nan,23.97112798690796,4.097999572753906,0.01870039477944374,4.097999572753906,15.756428446620703,6.246343374252319,4157.97439280878,1.9077800512313843,0.00017199999999999998,16,2048,,677.7478744983673
adammini-softmax_fisher_projector-r8,adammini,softmax_fisher_projector,8,1.1B,sdpa,666,86,2850816,2.3981451988220215,11.002749529835377,nan,nan,nan,nan,23.97112798690796,4.097999572753906,0.01870039477944374,4.097999572753906,15.756428446620703,6.222804546356201,4168.036047651335,1.8526045083999634,0.000174,16,2048,,683.9741306304932
adammini-softmax_fisher_projector-r8,adammini,softmax_fisher_projector,8,1.1B,sdpa,666,87,2883584,2.3858463764190674,10.868257410052118,nan,nan,nan,nan,23.97112798690796,4.097999572753906,0.01870039477944374,4.097999572753906,15.756428446620703,6.215576648712158,4177.957084248622,1.7033227682113647,0.000176,16,2048,,690.1930136680603
adammini-softmax_fisher_projector-r8,adammini,softmax_fisher_projector,8,1.1B,sdpa,666,88,2916352,2.44874906539917,11.573859518505397,nan,nan,nan,nan,23.97112798690796,4.097999572753906,0.01870039477944374,4.097999572753906,15.756428446620703,6.216463088989258,4187.695621676448,1.7475100755691528,0.000178,16,2048,,696.4128549098969
adammini-softmax_fisher_projector-r8,adammini,softmax_fisher_projector,8,1.1B,sdpa,666,89,2949120,2.4720518589019775,11.846729748481584,nan,nan,nan,nan,23.97112798690796,4.097999572753906,0.01870039477944374,4.097999572753906,15.756428446620703,6.204857349395752,4197.330824158077,2.3735833168029785,0.00017999999999999998,16,2048,,702.620911359787
adammini-softmax_fisher_projector-r8,adammini,softmax_fisher_projector,8,1.1B,sdpa,666,90,2981888,2.228745460510254,9.288206345565085,nan,nan,nan,nan,23.97112798690796,4.097999572753906,0.01870039477944374,4.097999572753906,15.756428446620703,6.22995662689209,4206.648775738329,2.15622878074646,0.000182,16,2048,,708.8543879985809
adammini-softmax_fisher_projector-r8,adammini,softmax_fisher_projector,8,1.1B,sdpa,666,91,3014656,2.5209951400756836,12.44097101428693,nan,nan,nan,nan,23.97112798690796,4.097999572753906,0.01870039477944374,4.097999572753906,15.756428446620703,6.211605072021484,4215.911313241364,1.749093770980835,0.000184,16,2048,,715.0693159103394
adammini-softmax_fisher_projector-r8,adammini,softmax_fisher_projector,8,1.1B,sdpa,666,92,3047424,2.4876298904418945,12.03272342450352,nan,nan,nan,nan,23.97112798690796,4.097999572753906,0.01870039477944374,4.097999572753906,15.756428446620703,6.208388090133667,4225.034161437282,2.0110816955566406,0.000186,16,2048,,721.2809524536133
adammini-softmax_fisher_projector-r8,adammini,softmax_fisher_projector,8,1.1B,sdpa,666,93,3080192,2.5327889919281006,12.588566632946886,nan,nan,nan,nan,23.97112798690796,4.097999572753906,0.01870039477944374,4.097999572753906,15.756428446620703,6.214407444000244,4233.966437223816,1.8646833896636963,0.00018800000000000002,16,2048,,727.4986660480499
adammini-softmax_fisher_projector-r8,adammini,softmax_fisher_projector,8,1.1B,sdpa,666,94,3112960,2.3242924213409424,10.219446464689046,nan,nan,nan,nan,23.97112798690796,4.097999572753906,0.01870039477944374,4.097999572753906,15.756428446620703,6.199373960494995,4242.83387669282,1.8022520542144775,0.00019,16,2048,,733.7013006210327
adammini-softmax_fisher_projector-r8,adammini,softmax_fisher_projector,8,1.1B,sdpa,666,95,3145728,2.3753302097320557,10.754563861461376,nan,nan,nan,nan,23.97112798690796,4.097999572753906,0.01870039477944374,4.097999572753906,15.756428446620703,6.206592082977295,4251.511544695427,1.7638019323349,0.000192,16,2048,,739.9110722541809
adammini-softmax_fisher_projector-r8,adammini,softmax_fisher_projector,8,1.1B,sdpa,666,96,3178496,2.2329797744750977,9.327618911103785,nan,nan,nan,nan,23.97112798690796,4.097999572753906,0.01870039477944374,4.097999572753906,15.756428446620703,6.215075969696045,4259.996620054253,1.955419659614563,0.000194,16,2048,,746.1289381980896
adammini-softmax_fisher_projector-r8,adammini,softmax_fisher_projector,8,1.1B,sdpa,666,97,3211264,2.449800491333008,11.586034974231042,nan,nan,nan,nan,23.97112798690796,4.097999572753906,0.01870039477944374,4.097999572753906,15.756428446620703,6.232340097427368,4268.24544182383,1.7002825736999512,0.00019600000000000002,16,2048,,752.3643801212311
adammini-softmax_fisher_projector-r8,adammini,softmax_fisher_projector,8,1.1B,sdpa,666,98,3244032,2.45119047164917,11.602150532347206,nan,nan,nan,nan,23.97112798690796,4.097999572753906,0.01870039477944374,4.097999572753906,15.756428446620703,6.230616807937622,4276.366850970942,1.6515123844146729,0.00019800000000000002,16,2048,,758.5983352661133
adammini-softmax_fisher_projector-r8,adammini,softmax_fisher_projector,8,1.1B,sdpa,666,99,3276800,2.4239094257354736,11.28991021746636,nan,nan,nan,nan,23.97112798690796,4.097999572753906,0.01870039477944374,4.097999572753906,15.756428446620703,6.223793983459473,4284.393077826841,1.731825828552246,0.0002,16,2048,,764.8254728317261
adammini-softmax_fisher_projector-r8,adammini,softmax_fisher_projector,8,1.1B,sdpa,666,100,3309568,2.407191276550293,11.10273280372618,2.4677088533132343,11.7953908981274,nan,nan,23.97112798690796,4.097999572753906,0.01870039477944374,4.097999572753906,15.756428446620703,6.222377061843872,4292.297648886005,1.6472007036209106,0.000202,16,2048,,796.8655807971954
adammini-softmax_fisher_projector-r8,adammini,softmax_fisher_projector,8,1.1B,sdpa,666,101,3342336,2.498770236968994,12.167521588127203,nan,nan,nan,nan,23.97112798690796,4.097999572753906,0.01870039477944374,4.097999572753906,15.756428446620703,6.225497722625732,4161.838043250903,1.698697805404663,0.000204,16,2048,,803.0943186283112
adammini-softmax_fisher_projector-r8,adammini,softmax_fisher_projector,8,1.1B,sdpa,666,102,3375104,2.2995011806488037,9.969208380279351,nan,nan,nan,nan,23.97112798690796,4.097999572753906,0.01870039477944374,4.097999572753906,15.756428446620703,6.209940433502197,4170.3758890736335,1.6869481801986694,0.000206,16,2048,,809.3074922561646
adammini-softmax_fisher_projector-r8,adammini,softmax_fisher_projector,8,1.1B,sdpa,666,103,3407872,2.4573421478271484,11.67374318703056,nan,nan,nan,nan,23.97112798690796,4.097999572753906,0.01870039477944374,4.097999572753906,15.756428446620703,6.206097364425659,4178.803449846237,1.8307143449783325,0.000208,16,2048,,815.5169150829315
adammini-softmax_fisher_projector-r8,adammini,softmax_fisher_projector,8,1.1B,sdpa,666,104,3440640,2.372828245162964,10.727689956521791,nan,nan,nan,nan,23.97112798690796,4.097999572753906,0.01870039477944374,4.097999572753906,15.756428446620703,6.221072435379028,4187.026844294766,1.8716185092926025,0.00021,16,2048,,821.7411923408508
adammini-softmax_fisher_projector-r8,adammini,softmax_fisher_projector,8,1.1B,sdpa,666,105,3473408,2.360894203186035,10.600426150486953,nan,nan,nan,nan,23.97112798690796,4.097999572753906,0.01870039477944374,4.097999572753906,15.756428446620703,6.208137035369873,4195.192708716692,1.6780378818511963,0.000212,16,2048,,827.9525487422943
adammini-softmax_fisher_projector-r8,adammini,softmax_fisher_projector,8,1.1B,sdpa,666,106,3506176,2.380384922027588,10.809062709606287,nan,nan,nan,nan,23.97112798690796,4.097999572753906,0.01870039477944374,4.097999572753906,15.756428446620703,6.218191146850586,4203.186204107498,1.6020900011062622,0.000214,16,2048,,834.1740047931671
adammini-softmax_fisher_projector-r8,adammini,softmax_fisher_projector,8,1.1B,sdpa,666,107,3538944,2.459275007247925,11.696328711815989,nan,nan,nan,nan,23.97112798690796,4.097999572753906,0.01870039477944374,4.097999572753906,15.756428446620703,6.205979824066162,4211.122399025094,1.7614456415176392,0.000216,16,2048,,840.3832702636719
adammini-softmax_fisher_projector-r8,adammini,softmax_fisher_projector,8,1.1B,sdpa,666,108,3571712,2.4126758575439453,11.163793935337013,nan,nan,nan,nan,23.97112798690796,4.097999572753906,0.01870039477944374,4.097999572753906,15.756428446620703,6.208380699157715,4218.930006730064,1.71665620803833,0.000218,16,2048,,846.5949504375458
adammini-softmax_fisher_projector-r8,adammini,softmax_fisher_projector,8,1.1B,sdpa,666,109,3604480,2.4344935417175293,11.410038541259942,nan,nan,nan,nan,23.97112798690796,4.097999572753906,0.01870039477944374,4.097999572753906,15.756428446620703,6.204210996627808,4226.644643204511,1.6582682132720947,0.00022,16,2048,,852.8024353981018
adammini-softmax_fisher_projector-r8,adammini,softmax_fisher_projector,8,1.1B,sdpa,666,110,3637248,2.355266809463501,10.540940909327146,nan,nan,nan,nan,23.97112798690796,4.097999572753906,0.01870039477944374,4.097999572753906,15.756428446620703,6.21397852897644,4234.199597557966,1.6444337368011475,0.000222,16,2048,,859.0196504592896
adammini-softmax_fisher_projector-r8,adammini,softmax_fisher_projector,8,1.1B,sdpa,666,111,3670016,2.5271310806274414,12.517542752411087,nan,nan,nan,nan,23.97112798690796,4.097999572753906,0.01870039477944374,4.097999572753906,15.756428446620703,6.2183616161346436,4241.624573292755,1.6551381349563599,0.000224,16,2048,,865.241236448288
adammini-softmax_fisher_projector-r8,adammini,softmax_fisher_projector,8,1.1B,sdpa,666,112,3702784,2.5539283752441406,12.857513842098882,nan,nan,nan,nan,23.97112798690796,4.097999572753906,0.01870039477944374,4.097999572753906,15.756428446620703,6.237793207168579,4248.84886977611,1.667724847793579,0.00022600000000000002,16,2048,,871.4823060035706
adammini-softmax_fisher_projector-r8,adammini,softmax_fisher_projector,8,1.1B,sdpa,666,113,3735552,2.4973206520080566,12.14989650943197,nan,nan,nan,nan,23.97112798690796,4.097999572753906,0.01870039477944374,4.097999572753906,15.756428446620703,6.2365124225616455,4255.976801529317,1.602683186531067,0.000228,16,2048,,877.7219913005829
adammini-softmax_fisher_projector-r8,adammini,softmax_fisher_projector,8,1.1B,sdpa,666,114,3768320,2.298107862472534,9.95532777333664,nan,nan,nan,nan,23.97112798690796,4.097999572753906,0.01870039477944374,4.097999572753906,15.756428446620703,6.232128620147705,4263.02548170277,1.6541807651519775,0.00023,16,2048,,883.9573452472687
adammini-softmax_fisher_projector-r8,adammini,softmax_fisher_projector,8,1.1B,sdpa,666,115,3801088,2.4696285724639893,11.818056484744691,nan,nan,nan,nan,23.97112798690796,4.097999572753906,0.01870039477944374,4.097999572753906,15.756428446620703,6.2368693351745605,4269.952443339832,1.7214354276657104,0.00023200000000000003,16,2048,,890.1975736618042
adammini-softmax_fisher_projector-r8,adammini,softmax_fisher_projector,8,1.1B,sdpa,666,116,3833856,2.4325103759765625,11.387432966431458,nan,nan,nan,nan,23.97112798690796,4.097999572753906,0.01870039477944374,4.097999572753906,15.756428446620703,6.237893342971802,4276.777402078359,1.6462868452072144,0.00023400000000000002,16,2048,,896.4388439655304
adammini-softmax_fisher_projector-r8,adammini,softmax_fisher_projector,8,1.1B,sdpa,666,117,3866624,2.2485485076904297,9.473974450445802,nan,nan,nan,nan,23.97112798690796,4.097999572753906,0.01870039477944374,4.097999572753906,15.756428446620703,6.190971612930298,4283.730578336278,1.7918972969055176,0.000236,16,2048,,902.6331562995911
adammini-softmax_fisher_projector-r8,adammini,softmax_fisher_projector,8,1.1B,sdpa,666,118,3899392,2.459129571914673,11.69462777604304,nan,nan,nan,nan,23.97112798690796,4.097999572753906,0.01870039477944374,4.097999572753906,15.756428446620703,6.191089868545532,4290.58858134321,1.6409649848937988,0.00023799999999999998,16,2048,,908.8275482654572
adammini-softmax_fisher_projector-r8,adammini,softmax_fisher_projector,8,1.1B,sdpa,666,119,3932160,2.8691225051879883,17.621548596108745,nan,nan,nan,nan,23.97112798690796,4.097999572753906,0.01870039477944374,4.097999572753906,15.756428446620703,6.20478081703186,4297.289608377745,2.048922300338745,0.00024,16,2048,,915.0355563163757
adammini-softmax_fisher_projector-r8,adammini,softmax_fisher_projector,8,1.1B,sdpa,666,120,3964928,2.624418020248413,13.796542540765687,nan,nan,nan,nan,23.97112798690796,4.097999572753906,0.01870039477944374,4.097999572753906,15.756428446620703,6.181916952133179,4304.007405587707,2.0090577602386475,0.000242,16,2048,,921.2208003997803
adammini-softmax_fisher_projector-r8,adammini,softmax_fisher_projector,8,1.1B,sdpa,666,121,3997696,2.49432635307312,12.113570499861126,nan,nan,nan,nan,23.97112798690796,4.097999572753906,0.01870039477944374,4.097999572753906,15.756428446620703,6.215655326843262,4310.478592965051,1.8581660985946655,0.000244,16,2048,,927.4395933151245
adammini-softmax_fisher_projector-r8,adammini,softmax_fisher_projector,8,1.1B,sdpa,666,122,4030464,2.406528949737549,11.09538160081367,nan,nan,nan,nan,23.97112798690796,4.097999572753906,0.01870039477944374,4.097999572753906,15.756428446620703,6.215776443481445,4316.863334955535,1.7091140747070312,0.000246,16,2048,,933.6586871147156
adammini-softmax_fisher_projector-r8,adammini,softmax_fisher_projector,8,1.1B,sdpa,666,123,4063232,2.341085910797119,10.392515782607713,nan,nan,nan,nan,23.97112798690796,4.097999572753906,0.01870039477944374,4.097999572753906,15.756428446620703,6.213102102279663,4323.175464614577,1.829681158065796,0.000248,16,2048,,939.8751606941223
adammini-softmax_fisher_projector-r8,adammini,softmax_fisher_projector,8,1.1B,sdpa,666,124,4096000,2.275256633758545,9.730415845350986,nan,nan,nan,nan,23.97112798690796,4.097999572753906,0.01870039477944374,4.097999572753906,15.756428446620703,6.226136207580566,4329.345056790728,1.6721502542495728,0.00025,16,2048,,946.1045074462891
adammini-softmax_fisher_projector-r8,adammini,softmax_fisher_projector,8,1.1B,sdpa,666,125,4128768,2.7431342601776123,15.535601485405845,nan,nan,nan,nan,23.97112798690796,4.097999572753906,0.01870039477944374,4.097999572753906,15.756428446620703,6.245099306106567,4335.347965622656,1.8446588516235352,0.000252,16,2048,,952.3528151512146
adammini-softmax_fisher_projector-r8,adammini,softmax_fisher_projector,8,1.1B,sdpa,666,126,4161536,2.4933652877807617,12.101934160223907,nan,nan,nan,nan,23.97112798690796,4.097999572753906,0.01870039477944374,4.097999572753906,15.756428446620703,6.215125322341919,4341.4083452332925,1.7734493017196655,0.000254,16,2048,,958.5712893009186
adammini-softmax_fisher_projector-r8,adammini,softmax_fisher_projector,8,1.1B,sdpa,666,127,4194304,2.374145984649658,10.741835575251782,nan,nan,nan,nan,23.97112798690796,4.097999572753906,0.01870039477944374,4.097999572753906,15.756428446620703,6.203110933303833,4347.444276934625,5.212920665740967,0.000256,16,2048,,964.7776641845703
adammini-softmax_fisher_projector-r8,adammini,softmax_fisher_projector,8,1.1B,sdpa,666,128,4227072,2.5503458976745605,12.81153449632191,nan,nan,nan,nan,23.97112798690796,4.097999572753906,0.01870039477944374,4.097999572753906,15.756428446620703,6.204813718795776,4353.395649045692,3.8715312480926514,0.00025800000000000004,16,2048,,970.9857213497162
adammini-softmax_fisher_projector-r8,adammini,softmax_fisher_projector,8,1.1B,sdpa,666,129,4259840,2.578507423400879,13.177455112947476,nan,nan,nan,nan,23.97112798690796,4.097999572753906,0.01870039477944374,4.097999572753906,15.756428446620703,6.211673259735107,4359.240979270198,6.478170394897461,0.00026000000000000003,16,2048,,977.2005088329315
adammini-softmax_fisher_projector-r8,adammini,softmax_fisher_projector,8,1.1B,sdpa,666,130,4292608,2.4880552291870117,12.03784249657791,nan,nan,nan,nan,23.97112798690796,4.097999572753906,0.01870039477944374,4.097999572753906,15.756428446620703,6.209177732467651,4365.023725540111,3.6104724407196045,0.000262,16,2048,,983.4130139350891
adammini-softmax_fisher_projector-r8,adammini,softmax_fisher_projector,8,1.1B,sdpa,666,131,4325376,2.277944564819336,9.756605714849545,nan,nan,nan,nan,23.97112798690796,4.097999572753906,0.01870039477944374,4.097999572753906,15.756428446620703,6.210741281509399,4370.726549991433,6.09459114074707,0.000264,16,2048,,989.6270725727081
adammini-softmax_fisher_projector-r8,adammini,softmax_fisher_projector,8,1.1B,sdpa,666,132,4358144,2.5936577320098877,13.378617613822355,nan,nan,nan,nan,23.97112798690796,4.097999572753906,0.01870039477944374,4.097999572753906,15.756428446620703,6.241443634033203,4376.223168252576,2.726809501647949,0.000266,16,2048,,995.8718023300171
adammini-softmax_fisher_projector-r8,adammini,softmax_fisher_projector,8,1.1B,sdpa,666,133,4390912,2.4042141437530518,11.069727648500185,nan,nan,nan,nan,23.97112798690796,4.097999572753906,0.01870039477944374,4.097999572753906,15.756428446620703,6.193801641464233,4381.859714129981,6.54946231842041,0.000268,16,2048,,1002.0688512325287
adammini-softmax_fisher_projector-r8,adammini,softmax_fisher_projector,8,1.1B,sdpa,666,134,4423680,2.4731202125549316,11.859393008699625,nan,nan,nan,nan,23.97112798690796,4.097999572753906,0.01870039477944374,4.097999572753906,15.756428446620703,6.220308065414429,4387.311811795383,3.4667954444885254,0.00027,16,2048,,1008.2923157215118
adammini-softmax_fisher_projector-r8,adammini,softmax_fisher_projector,8,1.1B,sdpa,666,135,4456448,2.4131336212158203,11.168905484492406,nan,nan,nan,nan,23.97112798690796,4.097999572753906,0.01870039477944374,4.097999572753906,15.756428446620703,6.231809377670288,4392.647507019558,2.655611991882324,0.00027200000000000005,16,2048,,1014.5274283885956
adammini-softmax_fisher_projector-r8,adammini,softmax_fisher_projector,8,1.1B,sdpa,666,136,4489216,1.9980933666229248,7.374981299951887,nan,nan,nan,nan,23.97112798690796,4.097999572753906,0.01870039477944374,4.097999572753906,15.756428446620703,6.222519874572754,4397.957506203046,2.0718116760253906,0.00027400000000000005,16,2048,,1020.7530632019043
adammini-softmax_fisher_projector-r8,adammini,softmax_fisher_projector,8,1.1B,sdpa,666,137,4521984,2.496173620223999,12.135968181607103,nan,nan,nan,nan,23.97112798690796,4.097999572753906,0.01870039477944374,4.097999572753906,15.756428446620703,6.225464582443237,4403.19100036802,2.479793071746826,0.00027600000000000004,16,2048,,1026.9818861484528
adammini-softmax_fisher_projector-r8,adammini,softmax_fisher_projector,8,1.1B,sdpa,666,138,4554752,2.0855941772460938,8.049372815249367,nan,nan,nan,nan,23.97112798690796,4.097999572753906,0.01870039477944374,4.097999572753906,15.756428446620703,6.221285820007324,4408.378492856792,1.9877952337265015,0.00027800000000000004,16,2048,,1033.2066247463226
adammini-softmax_fisher_projector-r8,adammini,softmax_fisher_projector,8,1.1B,sdpa,666,139,4587520,2.272679090499878,9.70536757295543,nan,nan,nan,nan,23.97112798690796,4.097999572753906,0.01870039477944374,4.097999572753906,15.756428446620703,6.220328092575073,4413.507694366526,2.056973457336426,0.00028000000000000003,16,2048,,1039.4303710460663
adammini-softmax_fisher_projector-r8,adammini,softmax_fisher_projector,8,1.1B,sdpa,666,140,4620288,2.4641025066375732,11.752929241122024,nan,nan,nan,nan,23.97112798690796,4.097999572753906,0.01870039477944374,4.097999572753906,15.756428446620703,6.230054140090942,4418.534705753259,2.2962918281555176,0.00028199999999999997,16,2048,,1045.6638429164886
adammini-softmax_fisher_projector-r8,adammini,softmax_fisher_projector,8,1.1B,sdpa,666,141,4653056,2.4691319465637207,11.812188788948982,nan,nan,nan,nan,23.97112798690796,4.097999572753906,0.01870039477944374,4.097999572753906,15.756428446620703,6.229231834411621,4423.505712887252,2.1199591159820557,0.00028399999999999996,16,2048,,1051.8963034152985
adammini-softmax_fisher_projector-r8,adammini,softmax_fisher_projector,8,1.1B,sdpa,666,142,4685824,2.3064980506896973,10.039206233097623,nan,nan,nan,nan,23.97112798690796,4.097999572753906,0.01870039477944374,4.097999572753906,15.756428446620703,6.215929269790649,4428.474376949603,1.8443642854690552,0.00028599999999999996,16,2048,,1058.1153721809387
adammini-softmax_fisher_projector-r8,adammini,softmax_fisher_projector,8,1.1B,sdpa,666,143,4718592,2.3183538913726807,10.158937819625883,nan,nan,nan,nan,23.97112798690796,4.097999572753906,0.01870039477944374,4.097999572753906,15.756428446620703,6.211312532424927,4433.404633214886,2.041189193725586,0.000288,16,2048,,1064.330070734024
adammini-softmax_fisher_projector-r8,adammini,softmax_fisher_projector,8,1.1B,sdpa,666,144,4751360,1.969630479812622,7.168027268127334,nan,nan,nan,nan,23.97112798690796,4.097999572753906,0.01870039477944374,4.097999572753906,15.756428446620703,6.20906925201416,4438.285988968044,1.971320629119873,0.00029,16,2048,,1070.5423364639282
adammini-softmax_fisher_projector-r8,adammini,softmax_fisher_projector,8,1.1B,sdpa,666,145,4784128,2.427929639816284,11.335389430326304,nan,nan,nan,nan,23.97112798690796,4.097999572753906,0.01870039477944374,4.097999572753906,15.756428446620703,6.2152111530303955,4443.086201060939,1.9262017011642456,0.000292,16,2048,,1076.7609512805939
adammini-softmax_fisher_projector-r8,adammini,softmax_fisher_projector,8,1.1B,sdpa,666,146,4816896,2.444398880004883,11.523620437757588,nan,nan,nan,nan,23.97112798690796,4.097999572753906,0.01870039477944374,4.097999572753906,15.756428446620703,6.221205472946167,4447.806033080961,1.863558053970337,0.000294,16,2048,,1082.9853975772858
adammini-softmax_fisher_projector-r8,adammini,softmax_fisher_projector,8,1.1B,sdpa,666,147,4849664,2.5334508419036865,12.596901133255736,nan,nan,nan,nan,23.97112798690796,4.097999572753906,0.01870039477944374,4.097999572753906,15.756428446620703,6.225873708724976,4452.453765193175,1.9327234029769897,0.000296,16,2048,,1089.2145023345947
adammini-softmax_fisher_projector-r8,adammini,softmax_fisher_projector,8,1.1B,sdpa,666,148,4882432,2.47499680519104,11.881669153375691,nan,nan,nan,nan,23.97112798690796,4.097999572753906,0.01870039477944374,4.097999572753906,15.756428446620703,6.217552900314331,4457.082319828363,1.8393497467041016,0.000298,16,2048,,1095.4352204799652
adammini-softmax_fisher_projector-r8,adammini,softmax_fisher_projector,8,1.1B,sdpa,666,149,4915200,2.1580066680908203,8.653870418467614,nan,nan,nan,nan,23.97112798690796,4.097999572753906,0.01870039477944374,4.097999572753906,15.756428446620703,6.197404146194458,4461.740357566127,2.0376548767089844,0.0003,16,2048,,1101.6357758045197
adammini-softmax_fisher_projector-r8,adammini,softmax_fisher_projector,8,1.1B,sdpa,666,150,4947968,2.555086612701416,12.872414523836312,2.4771407252827475,11.907169828533952,nan,nan,23.97112798690796,4.097999572753906,0.01870039477944374,4.097999572753906,15.756428446620703,6.219461441040039,4466.257583017349,1.9131829738616943,0.000302,16,2048,,1124.478907585144
adammini-softmax_fisher_projector-r8,adammini,softmax_fisher_projector,8,1.1B,sdpa,666,151,4980736,2.659231662750244,14.285308946000134,nan,nan,nan,nan,23.97112798690796,4.097999572753906,0.01870039477944374,4.097999572753906,15.756428446620703,6.213579416275024,4405.03047641026,2.1744565963745117,0.000304,16,2048,,1130.6956932544708
adammini-softmax_fisher_projector-r8,adammini,softmax_fisher_projector,8,1.1B,sdpa,666,152,5013504,2.4591903686523438,11.695338792873631,nan,nan,nan,nan,23.97112798690796,4.097999572753906,0.01870039477944374,4.097999572753906,15.756428446620703,6.21794867515564,4409.748230074931,1.8543405532836914,0.000306,16,2048,,1136.9168326854706
adammini-softmax_fisher_projector-r8,adammini,softmax_fisher_projector,8,1.1B,sdpa,666,153,5046272,2.487474203109741,12.030850227715309,nan,nan,nan,nan,23.97112798690796,4.097999572753906,0.01870039477944374,4.097999572753906,15.756428446620703,6.206062078475952,4414.4602770431875,1.8379491567611694,0.000308,16,2048,,1143.126254081726
adammini-softmax_fisher_projector-r8,adammini,softmax_fisher_projector,8,1.1B,sdpa,666,154,5079040,2.6039304733276367,13.51676103271669,nan,nan,nan,nan,23.97112798690796,4.097999572753906,0.01870039477944374,4.097999572753906,15.756428446620703,6.227715015411377,4419.037790432285,1.8816580772399902,0.00031,16,2048,,1149.3573791980743
adammini-softmax_fisher_projector-r8,adammini,softmax_fisher_projector,8,1.1B,sdpa,666,155,5111808,2.5919294357299805,13.355515368283145,nan,nan,nan,nan,23.97112798690796,4.097999572753906,0.01870039477944374,4.097999572753906,15.756428446620703,6.234158277511597,4423.541327037293,1.6485182046890259,0.000312,16,2048,,1155.5949068069458
adammini-softmax_fisher_projector-r8,adammini,softmax_fisher_projector,8,1.1B,sdpa,666,156,5144576,2.4451775550842285,11.532597088309776,nan,nan,nan,nan,23.97112798690796,4.097999572753906,0.01870039477944374,4.097999572753906,15.756428446620703,6.205978155136108,4428.103770096267,1.7099121809005737,0.000314,16,2048,,1161.8041219711304
adammini-softmax_fisher_projector-r8,adammini,softmax_fisher_projector,8,1.1B,sdpa,666,157,5177344,2.379693031311035,10.801586606084427,nan,nan,nan,nan,23.97112798690796,4.097999572753906,0.01870039477944374,4.097999572753906,15.756428446620703,6.20866584777832,4432.608038517398,2.087224006652832,0.000316,16,2048,,1168.016092300415
adammini-softmax_fisher_projector-r8,adammini,softmax_fisher_projector,8,1.1B,sdpa,666,158,5210112,2.458897352218628,11.691912368433297,nan,nan,nan,nan,23.97112798690796,4.097999572753906,0.01870039477944374,4.097999572753906,15.756428446620703,6.213568210601807,4437.045875709464,1.623721957206726,0.00031800000000000003,16,2048,,1174.2328748703003
adammini-softmax_fisher_projector-r8,adammini,softmax_fisher_projector,8,1.1B,sdpa,666,159,5242880,2.5053625106811523,12.247998191286161,nan,nan,nan,nan,23.97112798690796,4.097999572753906,0.01870039477944374,4.097999572753906,15.756428446620703,6.220588684082031,4441.410916785289,1.8734463453292847,0.00032,16,2048,,1180.4567458629608
adammini-softmax_fisher_projector-r8,adammini,softmax_fisher_projector,8,1.1B,sdpa,666,160,5275648,2.2819366455078125,9.795632719755032,nan,nan,nan,nan,23.97112798690796,4.097999572753906,0.01870039477944374,4.097999572753906,15.756428446620703,6.196165323257446,4445.821389492325,1.7957298755645752,0.000322,16,2048,,1186.6562831401825
adammini-softmax_fisher_projector-r8,adammini,softmax_fisher_projector,8,1.1B,sdpa,666,161,5308416,2.4314069747924805,11.374874988930369,nan,nan,nan,nan,23.97112798690796,4.097999572753906,0.01870039477944374,4.097999572753906,15.756428446620703,6.211436033248901,4450.128842116124,1.716771125793457,0.000324,16,2048,,1192.8709542751312
adammini-softmax_fisher_projector-r8,adammini,softmax_fisher_projector,8,1.1B,sdpa,666,162,5341184,2.1958911418914795,8.988007078667538,nan,nan,nan,nan,23.97112798690796,4.097999572753906,0.01870039477944374,4.097999572753906,15.756428446620703,6.216707944869995,4454.372311545512,1.6602764129638672,0.000326,16,2048,,1199.0908212661743
adammini-softmax_fisher_projector-r8,adammini,softmax_fisher_projector,8,1.1B,sdpa,666,163,5373952,2.6166698932647705,13.690058236896682,nan,nan,nan,nan,23.97112798690796,4.097999572753906,0.01870039477944374,4.097999572753906,15.756428446620703,6.221020698547363,4458.556441882572,1.8589743375778198,0.000328,16,2048,,1205.31507730484
adammini-softmax_fisher_projector-r8,adammini,softmax_fisher_projector,8,1.1B,sdpa,666,164,5406720,2.4335250854492188,11.39899376696669,nan,nan,nan,nan,23.97112798690796,4.097999572753906,0.01870039477944374,4.097999572753906,15.756428446620703,6.229014873504639,4462.667842944995,1.864720344543457,0.00033,16,2048,,1211.5474615097046
adammini-softmax_fisher_projector-r8,adammini,softmax_fisher_projector,8,1.1B,sdpa,666,165,5439488,2.2992756366729736,9.96696013893356,nan,nan,nan,nan,23.97112798690796,4.097999572753906,0.01870039477944374,4.097999572753906,15.756428446620703,6.228481292724609,4466.73867655834,2.9453775882720947,0.00033200000000000005,16,2048,,1217.7792360782623
adammini-softmax_fisher_projector-r8,adammini,softmax_fisher_projector,8,1.1B,sdpa,666,166,5472256,2.378831386566162,10.792283484317572,nan,nan,nan,nan,23.97112798690796,4.097999572753906,0.01870039477944374,4.097999572753906,15.756428446620703,6.223549842834473,4470.786267498685,1.7853394746780396,0.00033400000000000004,16,2048,,1224.0060193538666
adammini-softmax_fisher_projector-r8,adammini,softmax_fisher_projector,8,1.1B,sdpa,666,167,5505024,2.3875625133514404,10.886924841336683,nan,nan,nan,nan,23.97112798690796,4.097999572753906,0.01870039477944374,4.097999572753906,15.756428446620703,6.213834762573242,4474.828231460833,1.6548662185668945,0.00033600000000000004,16,2048,,1230.223156452179
adammini-softmax_fisher_projector-r8,adammini,softmax_fisher_projector,8,1.1B,sdpa,666,168,5537792,2.5224075317382812,12.458554952803096,nan,nan,nan,nan,23.97112798690796,4.097999572753906,0.01870039477944374,4.097999572753906,15.756428446620703,6.202347993850708,4478.871169037335,1.892133355140686,0.00033800000000000003,16,2048,,1236.4287297725677
adammini-softmax_fisher_projector-r8,adammini,softmax_fisher_projector,8,1.1B,sdpa,666,169,5570560,2.362399101257324,10.616390720868313,nan,nan,nan,nan,23.97112798690796,4.097999572753906,0.01870039477944374,4.097999572753906,15.756428446620703,6.204412221908569,4482.866695571766,1.6829779148101807,0.00034,16,2048,,1242.6364204883575
adammini-softmax_fisher_projector-r8,adammini,softmax_fisher_projector,8,1.1B,sdpa,666,170,5603328,2.3159499168395996,10.13454532304185,nan,nan,nan,nan,23.97112798690796,4.097999572753906,0.01870039477944374,4.097999572753906,15.756428446620703,6.220658779144287,4486.763927532779,1.707931399345398,0.000342,16,2048,,1248.8603284358978
adammini-softmax_fisher_projector-r8,adammini,softmax_fisher_projector,8,1.1B,sdpa,666,171,5636096,2.383399486541748,10.841696490086742,nan,nan,nan,nan,23.97112798690796,4.097999572753906,0.01870039477944374,4.097999572753906,15.756428446620703,6.213609933853149,4490.6477028899735,2.0855486392974854,0.00034399999999999996,16,2048,,1255.0771124362946
adammini-softmax_fisher_projector-r8,adammini,softmax_fisher_projector,8,1.1B,sdpa,666,172,5668864,2.5331690311431885,12.593351691126438,nan,nan,nan,nan,23.97112798690796,4.097999572753906,0.01870039477944374,4.097999572753906,15.756428446620703,6.213033437728882,4494.495477648569,1.774483561515808,0.000346,16,2048,,1261.2933039665222
adammini-softmax_fisher_projector-r8,adammini,softmax_fisher_projector,8,1.1B,sdpa,666,173,5701632,2.1909332275390625,8.943555593754914,nan,nan,nan,nan,23.97112798690796,4.097999572753906,0.01870039477944374,4.097999572753906,15.756428446620703,6.212213039398193,4498.308560688269,1.7465734481811523,0.000348,16,2048,,1267.5086312294006
adammini-softmax_fisher_projector-r8,adammini,softmax_fisher_projector,8,1.1B,sdpa,666,174,5734400,2.4354629516601562,11.421104909124475,nan,nan,nan,nan,23.97112798690796,4.097999572753906,0.01870039477944374,4.097999572753906,15.756428446620703,6.223374366760254,4502.044892409849,1.9155080318450928,0.00035,16,2048,,1273.7350056171417
adammini-softmax_fisher_projector-r8,adammini,softmax_fisher_projector,8,1.1B,sdpa,666,175,5767168,2.4840731620788574,11.990002314543043,nan,nan,nan,nan,23.97112798690796,4.097999572753906,0.01870039477944374,4.097999572753906,15.756428446620703,6.231025695800781,4505.718653103236,1.8129713535308838,0.000352,16,2048,,1279.9689621925354
adammini-softmax_fisher_projector-r8,adammini,softmax_fisher_projector,8,1.1B,sdpa,666,176,5799936,2.5351133346557617,12.617860807914479,nan,nan,nan,nan,23.97112798690796,4.097999572753906,0.01870039477944374,4.097999572753906,15.756428446620703,6.220143795013428,4509.394547960696,1.7849348783493042,0.000354,16,2048,,1286.1925120353699
adammini-softmax_fisher_projector-r8,adammini,softmax_fisher_projector,8,1.1B,sdpa,666,177,5832704,2.536564826965332,12.6361888341171,nan,nan,nan,nan,23.97112798690796,4.097999572753906,0.01870039477944374,4.097999572753906,15.756428446620703,6.2489659786224365,4512.933834789117,1.7693184614181519,0.000356,16,2048,,1292.44473528862
adammini-softmax_fisher_projector-r8,adammini,softmax_fisher_projector,8,1.1B,sdpa,666,178,5865472,2.5632190704345703,12.977525717736091,nan,nan,nan,nan,23.97112798690796,4.097999572753906,0.01870039477944374,4.097999572753906,15.756428446620703,6.236119508743286,4516.483573311007,2.9036600589752197,0.000358,16,2048,,1298.6841778755188
adammini-softmax_fisher_projector-r8,adammini,softmax_fisher_projector,8,1.1B,sdpa,666,179,5898240,2.454827308654785,11.644422484254683,nan,nan,nan,nan,23.97112798690796,4.097999572753906,0.01870039477944374,4.097999572753906,15.756428446620703,6.234918832778931,4520.003420942491,1.6046292781829834,0.00035999999999999997,16,2048,,1304.922387599945
adammini-softmax_fisher_projector-r8,adammini,softmax_fisher_projector,8,1.1B,sdpa,666,180,5931008,2.306467294692993,10.038897472051957,nan,nan,nan,nan,23.97112798690796,4.097999572753906,0.01870039477944374,4.097999572753906,15.756428446620703,6.226979494094849,4523.517305759904,1.9626911878585815,0.000362,16,2048,,1311.152530670166
adammini-softmax_fisher_projector-r8,adammini,softmax_fisher_projector,8,1.1B,sdpa,666,181,5963776,2.1798782348632812,8.84522915260815,nan,nan,nan,nan,23.97112798690796,4.097999572753906,0.01870039477944374,4.097999572753906,15.756428446620703,6.201895713806152,4527.084636372386,1.8351572751998901,0.000364,16,2048,,1317.3577237129211
adammini-softmax_fisher_projector-r8,adammini,softmax_fisher_projector,8,1.1B,sdpa,666,182,5996544,2.276763439178467,9.74508874050764,nan,nan,nan,nan,23.97112798690796,4.097999572753906,0.01870039477944374,4.097999572753906,15.756428446620703,6.2254533767700195,4530.537255827949,2.1473076343536377,0.000366,16,2048,,1323.5862820148468
adammini-softmax_fisher_projector-r8,adammini,softmax_fisher_projector,8,1.1B,sdpa,666,183,6029312,2.507765769958496,12.277468705026743,nan,nan,nan,nan,23.97112798690796,4.097999572753906,0.01870039477944374,4.097999572753906,15.756428446620703,6.206568241119385,4534.022402004799,2.7934656143188477,0.000368,16,2048,,1329.7962000370026
adammini-softmax_fisher_projector-r8,adammini,softmax_fisher_projector,8,1.1B,sdpa,666,184,6062080,2.2500874996185303,9.488566045945904,nan,nan,nan,nan,23.97112798690796,4.097999572753906,0.01870039477944374,4.097999572753906,15.756428446620703,6.210216999053955,4537.462176592227,1.9280846118927002,0.00037,16,2048,,1336.0097844600677
adammini-softmax_fisher_projector-r8,adammini,softmax_fisher_projector,8,1.1B,sdpa,666,185,6094848,2.669524669647217,14.433107068169551,nan,nan,nan,nan,23.97112798690796,4.097999572753906,0.01870039477944374,4.097999572753906,15.756428446620703,6.221158266067505,4540.833254581479,1.7671033143997192,0.000372,16,2048,,1342.2343153953552
adammini-softmax_fisher_projector-r8,adammini,softmax_fisher_projector,8,1.1B,sdpa,666,186,6127616,2.4002420902252197,11.025845306941678,nan,nan,nan,nan,23.97112798690796,4.097999572753906,0.01870039477944374,4.097999572753906,15.756428446620703,6.236113548278809,4544.122566815486,1.7955867052078247,0.000374,16,2048,,1348.4737808704376
adammini-softmax_fisher_projector-r8,adammini,softmax_fisher_projector,8,1.1B,sdpa,666,187,6160384,2.3276753425598145,10.254076589445456,nan,nan,nan,nan,23.97112798690796,4.097999572753906,0.01870039477944374,4.097999572753906,15.756428446620703,6.218114614486694,4547.442019991044,2.084615468978882,0.00037600000000000003,16,2048,,1354.6951649188995
adammini-softmax_fisher_projector-r8,adammini,softmax_fisher_projector,8,1.1B,sdpa,666,188,6193152,2.6827688217163086,14.625532777955549,nan,nan,nan,nan,23.97112798690796,4.097999572753906,0.01870039477944374,4.097999572753906,15.756428446620703,6.220526456832886,4550.72338666953,1.8433558940887451,0.000378,16,2048,,1360.9187972545624
adammini-softmax_fisher_projector-r8,adammini,softmax_fisher_projector,8,1.1B,sdpa,666,189,6225920,2.4170076847076416,11.212258455332845,nan,nan,nan,nan,23.97112798690796,4.097999572753906,0.01870039477944374,4.097999572753906,15.756428446620703,6.198955774307251,4554.046723478611,1.8278425931930542,0.00038,16,2048,,1367.1211268901825
adammini-softmax_fisher_projector-r8,adammini,softmax_fisher_projector,8,1.1B,sdpa,666,190,6258688,2.462415933609009,11.733123774035391,nan,nan,nan,nan,23.97112798690796,4.097999572753906,0.01870039477944374,4.097999572753906,15.756428446620703,6.218451738357544,4557.275517994104,1.9836715459823608,0.000382,16,2048,,1373.3428227901459
adammini-softmax_fisher_projector-r8,adammini,softmax_fisher_projector,8,1.1B,sdpa,666,191,6291456,2.3392179012298584,10.373120584545559,nan,nan,nan,nan,23.97112798690796,4.097999572753906,0.01870039477944374,4.097999572753906,15.756428446620703,6.2079758644104,4560.509639032662,2.502673864364624,0.000384,16,2048,,1379.554077386856
adammini-softmax_fisher_projector-r8,adammini,softmax_fisher_projector,8,1.1B,sdpa,666,192,6324224,2.639155626296997,14.001376221182218,nan,nan,nan,nan,23.97112798690796,4.097999572753906,0.01870039477944374,4.097999572753906,15.756428446620703,6.218613862991333,4563.679584500631,2.338151216506958,0.000386,16,2048,,1385.7759861946106
adammini-softmax_fisher_projector-r8,adammini,softmax_fisher_projector,8,1.1B,sdpa,666,193,6356992,2.173158884048462,8.785994188017886,nan,nan,nan,nan,23.97112798690796,4.097999572753906,0.01870039477944374,4.097999572753906,15.756428446620703,6.216505527496338,4566.828399923377,1.7887309789657593,0.000388,16,2048,,1391.9957342147827
adammini-softmax_fisher_projector-r8,adammini,softmax_fisher_projector,8,1.1B,sdpa,666,194,6389760,2.3473308086395264,10.45761905205044,nan,nan,nan,nan,23.97112798690796,4.097999572753906,0.01870039477944374,4.097999572753906,15.756428446620703,6.215459585189819,4569.952577026433,1.7372452020645142,0.00039000000000000005,16,2048,,1398.2144293785095
adammini-softmax_fisher_projector-r8,adammini,softmax_fisher_projector,8,1.1B,sdpa,666,195,6422528,2.5278398990631104,12.526418562780663,nan,nan,nan,nan,23.97112798690796,4.097999572753906,0.01870039477944374,4.097999572753906,15.756428446620703,6.216196775436401,4573.0467323276025,1.8237826824188232,0.00039200000000000004,16,2048,,1404.4337801933289
adammini-softmax_fisher_projector-r8,adammini,softmax_fisher_projector,8,1.1B,sdpa,666,196,6455296,2.451232433319092,11.602637388172798,nan,nan,nan,nan,23.97112798690796,4.097999572753906,0.01870039477944374,4.097999572753906,15.756428446620703,6.215761184692383,4576.115218087404,2.007551908493042,0.00039400000000000004,16,2048,,1410.6528089046478
adammini-softmax_fisher_projector-r8,adammini,softmax_fisher_projector,8,1.1B,sdpa,666,197,6488064,1.9927181005477905,7.335445166977344,nan,nan,nan,nan,23.97112798690796,4.097999572753906,0.01870039477944374,4.097999572753906,15.756428446620703,6.222981691360474,4579.133114236758,2.0054566860198975,0.00039600000000000003,16,2048,,1416.878925561905
adammini-softmax_fisher_projector-r8,adammini,softmax_fisher_projector,8,1.1B,sdpa,666,198,6520832,2.4502487182617188,11.591229311137354,nan,nan,nan,nan,23.97112798690796,4.097999572753906,0.01870039477944374,4.097999572753906,15.756428446620703,6.241334915161133,4582.065672598936,2.549391269683838,0.000398,16,2048,,1423.1236262321472
adammini-softmax_fisher_projector-r8,adammini,softmax_fisher_projector,8,1.1B,sdpa,666,199,6553600,2.353663444519043,10.524053476168515,nan,nan,nan,nan,23.97112798690796,4.097999572753906,0.01870039477944374,4.097999572753906,15.756428446620703,6.236443281173706,4584.987877243446,1.8898943662643433,0.0004,16,2048,,1429.3635275363922
adammini-softmax_fisher_projector-r8,adammini,softmax_fisher_projector,8,1.1B,sdpa,666,200,6586368,2.574371576309204,13.123067720039032,2.4964030600863247,12.138752975935077,nan,nan,23.97112798690796,4.097999572753906,0.01870039477944374,4.097999572753906,15.756428446620703,6.2139811515808105,4587.956286559699,2.600482225418091,0.000402,16,2048,,1448.635864496231
adammini-softmax_fisher_projector-r8,adammini,softmax_fisher_projector,8,1.1B,sdpa,666,201,6619136,2.4047722816467285,11.075907807503523,nan,nan,nan,nan,23.97112798690796,4.097999572753906,0.01870039477944374,4.097999572753906,15.756428446620703,6.204057931900024,4549.734166762897,1.93091881275177,0.000404,16,2048,,1454.8431448936462
adammini-softmax_fisher_projector-r8,adammini,softmax_fisher_projector,8,1.1B,sdpa,666,202,6651904,2.217562437057495,9.184914748811515,nan,nan,nan,nan,23.97112798690796,4.097999572753906,0.01870039477944374,4.097999572753906,15.756428446620703,6.208632230758667,4552.818028254002,1.8844987154006958,0.00040600000000000006,16,2048,,1461.0550410747528
adammini-softmax_fisher_projector-r8,adammini,softmax_fisher_projector,8,1.1B,sdpa,666,203,6684672,2.445908308029175,11.541027647547773,nan,nan,nan,nan,23.97112798690796,4.097999572753906,0.01870039477944374,4.097999572753906,15.756428446620703,6.202963352203369,4555.893220704762,1.9288976192474365,0.000408,16,2048,,1467.2612173557281
adammini-softmax_fisher_projector-r8,adammini,softmax_fisher_projector,8,1.1B,sdpa,666,204,6717440,2.278639793395996,9.763391144392669,nan,nan,nan,nan,23.97112798690796,4.097999572753906,0.01870039477944374,4.097999572753906,15.756428446620703,6.2001307010650635,4558.951526508734,2.6977336406707764,0.00041,16,2048,,1473.4647080898285
adammini-softmax_fisher_projector-r8,adammini,softmax_fisher_projector,8,1.1B,sdpa,666,205,6750208,2.249565362930298,9.48361301068784,nan,nan,nan,nan,23.97112798690796,4.097999572753906,0.01870039477944374,4.097999572753906,15.756428446620703,6.2184717655181885,4561.927127570401,2.720296859741211,0.000412,16,2048,,1479.6865832805634
adammini-softmax_fisher_projector-r8,adammini,softmax_fisher_projector,8,1.1B,sdpa,666,206,6782976,2.4513983726501465,11.604562881812608,nan,nan,nan,nan,23.97112798690796,4.097999572753906,0.01870039477944374,4.097999572753906,15.756428446620703,6.222460508346558,4564.86545899862,2.03395938873291,0.000414,16,2048,,1485.91233086586
adammini-softmax_fisher_projector-r8,adammini,softmax_fisher_projector,8,1.1B,sdpa,666,207,6815744,2.357771396636963,10.567374703777961,nan,nan,nan,nan,23.97112798690796,4.097999572753906,0.01870039477944374,4.097999572753906,15.756428446620703,6.2294700145721436,4567.758124340643,2.4746413230895996,0.000416,16,2048,,1492.1450893878937
adammini-softmax_fisher_projector-r8,adammini,softmax_fisher_projector,8,1.1B,sdpa,666,208,6848512,2.476558208465576,11.900235721676921,nan,nan,nan,nan,23.97112798690796,4.097999572753906,0.01870039477944374,4.097999572753906,15.756428446620703,6.210619926452637,4570.684288646314,2.193666458129883,0.00041799999999999997,16,2048,,1498.358981847763
adammini-softmax_fisher_projector-r8,adammini,softmax_fisher_projector,8,1.1B,sdpa,666,209,6881280,2.503474473953247,12.224895337239037,nan,nan,nan,nan,23.97112798690796,4.097999572753906,0.01870039477944374,4.097999572753906,15.756428446620703,6.19432520866394,4573.63582099269,2.054311752319336,0.00042,16,2048,,1504.5565583705902
adammini-softmax_fisher_projector-r8,adammini,softmax_fisher_projector,8,1.1B,sdpa,666,210,6914048,2.4654881954193115,11.769226432133657,nan,nan,nan,nan,23.97112798690796,4.097999572753906,0.01870039477944374,4.097999572753906,15.756428446620703,6.215507984161377,4576.499036931384,1.849302053451538,0.000422,16,2048,,1510.7752499580383
adammini-softmax_fisher_projector-r8,adammini,softmax_fisher_projector,8,1.1B,sdpa,666,211,6946816,2.262866973876953,9.61060305501949,nan,nan,nan,nan,23.97112798690796,4.097999572753906,0.01870039477944374,4.097999572753906,15.756428446620703,6.222991943359375,4579.316220038995,2.0712382793426514,0.000424,16,2048,,1517.0014717578888
adammini-softmax_fisher_projector-r8,adammini,softmax_fisher_projector,8,1.1B,sdpa,666,212,6979584,2.5702481269836426,13.069066826786965,nan,nan,nan,nan,23.97112798690796,4.097999572753906,0.01870039477944374,4.097999572753906,15.756428446620703,6.371272802352905,4581.664377781354,1.7406294345855713,0.000426,16,2048,,1523.3760297298431
adammini-softmax_fisher_projector-r8,adammini,softmax_fisher_projector,8,1.1B,sdpa,666,213,7012352,2.4683287143707275,11.802704668129483,nan,nan,nan,nan,23.97112798690796,4.097999572753906,0.01870039477944374,4.097999572753906,15.756428446620703,6.212461471557617,4584.468888512939,2.1858346462249756,0.000428,16,2048,,1529.5917835235596
adammini-softmax_fisher_projector-r8,adammini,softmax_fisher_projector,8,1.1B,sdpa,666,214,7045120,2.4609603881835938,11.716058102343409,nan,nan,nan,nan,23.97112798690796,4.097999572753906,0.01870039477944374,4.097999572753906,15.756428446620703,6.230103015899658,4587.197886383394,2.232501745223999,0.00043,16,2048,,1535.8250834941864
adammini-softmax_fisher_projector-r8,adammini,softmax_fisher_projector,8,1.1B,sdpa,666,215,7077888,2.2790985107421875,9.76787080863955,nan,nan,nan,nan,23.97112798690796,4.097999572753906,0.01870039477944374,4.097999572753906,15.756428446620703,6.227065324783325,4589.9140655528645,1.9454342126846313,0.000432,16,2048,,1542.0553438663483
adammini-softmax_fisher_projector-r8,adammini,softmax_fisher_projector,8,1.1B,sdpa,666,216,7110656,2.357806921005249,10.567750109756746,nan,nan,nan,nan,23.97112798690796,4.097999572753906,0.01870039477944374,4.097999572753906,15.756428446620703,6.201064586639404,4592.685560700685,1.903391718864441,0.00043400000000000003,16,2048,,1548.2596752643585
adammini-softmax_fisher_projector-r8,adammini,softmax_fisher_projector,8,1.1B,sdpa,666,217,7143424,1.952054500579834,7.043142867412052,nan,nan,nan,nan,23.97112798690796,4.097999572753906,0.01870039477944374,4.097999572753906,15.756428446620703,6.226633787155151,4595.359129376912,2.1759989261627197,0.000436,16,2048,,1554.48952126503
adammini-softmax_fisher_projector-r8,adammini,softmax_fisher_projector,8,1.1B,sdpa,666,218,7176192,2.4103145599365234,11.137463994075448,nan,nan,nan,nan,23.97112798690796,4.097999572753906,0.01870039477944374,4.097999572753906,15.756428446620703,6.235486745834351,4597.985419258734,2.045328140258789,0.000438,16,2048,,1560.7282452583313
adammini-softmax_fisher_projector-r8,adammini,softmax_fisher_projector,8,1.1B,sdpa,666,219,7208960,2.678661584854126,14.56558544382405,nan,nan,nan,nan,23.97112798690796,4.097999572753906,0.01870039477944374,4.097999572753906,15.756428446620703,6.2250165939331055,4600.621402610107,1.9183934926986694,0.00044,16,2048,,1566.9566762447357
adammini-softmax_fisher_projector-r8,adammini,softmax_fisher_projector,8,1.1B,sdpa,666,220,7241728,2.712496280670166,15.066839670661283,nan,nan,nan,nan,23.97112798690796,4.097999572753906,0.01870039477944374,4.097999572753906,15.756428446620703,6.202688217163086,4603.3014816786535,2.0989603996276855,0.000442,16,2048,,1573.162647485733
adammini-softmax_fisher_projector-r8,adammini,softmax_fisher_projector,8,1.1B,sdpa,666,221,7274496,2.3895986080169678,10.909114233115396,nan,nan,nan,nan,23.97112798690796,4.097999572753906,0.01870039477944374,4.097999572753906,15.756428446620703,6.20822286605835,4605.944575633323,1.685118556022644,0.000444,16,2048,,1579.374183177948
adammini-softmax_fisher_projector-r8,adammini,softmax_fisher_projector,8,1.1B,sdpa,666,222,7307264,2.4455478191375732,11.53686798508427,nan,nan,nan,nan,23.97112798690796,4.097999572753906,0.01870039477944374,4.097999572753906,15.756428446620703,6.214089870452881,4608.549826475812,1.8290821313858032,0.000446,16,2048,,1585.5915727615356
adammini-softmax_fisher_projector-r8,adammini,softmax_fisher_projector,8,1.1B,sdpa,666,223,7340032,2.491313934326172,12.07713426115303,nan,nan,nan,nan,23.97112798690796,4.097999572753906,0.01870039477944374,4.097999572753906,15.756428446620703,6.222757339477539,4611.109854092995,2.264575719833374,0.000448,16,2048,,1591.817556142807
adammini-softmax_fisher_projector-r8,adammini,softmax_fisher_projector,8,1.1B,sdpa,666,224,7372800,2.342179536819458,10.403887525388651,nan,nan,nan,nan,23.97112798690796,4.097999572753906,0.01870039477944374,4.097999572753906,15.756428446620703,6.2046051025390625,4613.70249944617,2.0174660682678223,0.00045000000000000004,16,2048,,1598.025304555893
adammini-softmax_fisher_projector-r8,adammini,softmax_fisher_projector,8,1.1B,sdpa,666,225,7405568,2.421842098236084,11.266594384643351,nan,nan,nan,nan,23.97112798690796,4.097999572753906,0.01870039477944374,4.097999572753906,15.756428446620703,6.220641136169434,4616.2290628912115,1.8512829542160034,0.00045200000000000004,16,2048,,1604.2490158081055
adammini-softmax_fisher_projector-r8,adammini,softmax_fisher_projector,8,1.1B,sdpa,666,226,7438336,2.3079774379730225,10.054069098389778,nan,nan,nan,nan,23.97112798690796,4.097999572753906,0.01870039477944374,4.097999572753906,15.756428446620703,6.231127500534058,4618.706311851719,1.9929132461547852,0.00045400000000000003,16,2048,,1610.4834084510803
adammini-softmax_fisher_projector-r8,adammini,softmax_fisher_projector,8,1.1B,sdpa,666,227,7471104,2.2807483673095703,9.78399969595926,nan,nan,nan,nan,23.97112798690796,4.097999572753906,0.01870039477944374,4.097999572753906,15.756428446620703,6.221602916717529,4621.191035395028,1.7915968894958496,0.000456,16,2048,,1616.7081136703491
adammini-softmax_fisher_projector-r8,adammini,softmax_fisher_projector,8,1.1B,sdpa,666,228,7503872,2.3879518508911133,10.89116435511639,nan,nan,nan,nan,23.97112798690796,4.097999572753906,0.01870039477944374,4.097999572753906,15.756428446620703,6.232190132141113,4623.626870063781,2.02323579788208,0.000458,16,2048,,1622.9435234069824
adammini-softmax_fisher_projector-r8,adammini,softmax_fisher_projector,8,1.1B,sdpa,666,229,7536640,2.7312562465667725,15.352161010492134,nan,nan,nan,nan,23.97112798690796,4.097999572753906,0.01870039477944374,4.097999572753906,15.756428446620703,6.232785224914551,4626.042238251067,2.3477330207824707,0.00046,16,2048,,1629.179628610611
adammini-softmax_fisher_projector-r8,adammini,softmax_fisher_projector,8,1.1B,sdpa,666,230,7569408,2.5276873111724854,12.52450732881437,nan,nan,nan,nan,23.97112798690796,4.097999572753906,0.01870039477944374,4.097999572753906,15.756428446620703,6.221534013748169,4628.470983118543,1.939024567604065,0.000462,16,2048,,1635.4045016765594
adammini-softmax_fisher_projector-r8,adammini,softmax_fisher_projector,8,1.1B,sdpa,666,231,7602176,2.2447078227996826,9.437657685186407,nan,nan,nan,nan,23.97112798690796,4.097999572753906,0.01870039477944374,4.097999572753906,15.756428446620703,6.22692346572876,4630.86584447945,1.9384816884994507,0.00046400000000000006,16,2048,,1641.6347260475159
adammini-softmax_fisher_projector-r8,adammini,softmax_fisher_projector,8,1.1B,sdpa,666,232,7634944,2.598522186279297,13.443855832915583,nan,nan,nan,nan,23.97112798690796,4.097999572753906,0.01870039477944374,4.097999572753906,15.756428446620703,6.213014364242554,4633.281687517159,1.74285888671875,0.00046600000000000005,16,2048,,1647.850810289383
adammini-softmax_fisher_projector-r8,adammini,softmax_fisher_projector,8,1.1B,sdpa,666,233,7667712,2.5897812843322754,13.32685649210082,nan,nan,nan,nan,23.97112798690796,4.097999572753906,0.01870039477944374,4.097999572753906,15.756428446620703,6.2569708824157715,4635.556836225089,2.125851631164551,0.00046800000000000005,16,2048,,1654.1110734939575
adammini-softmax_fisher_projector-r8,adammini,softmax_fisher_projector,8,1.1B,sdpa,666,234,7700480,2.2698285579681396,9.677741500172223,nan,nan,nan,nan,23.97112798690796,4.097999572753906,0.01870039477944374,4.097999572753906,15.756428446620703,6.186653137207031,4638.010747821642,2.067798137664795,0.00047,16,2048,,1660.3009440898895
adammini-softmax_fisher_projector-r8,adammini,softmax_fisher_projector,8,1.1B,sdpa,666,235,7733248,2.5246734619140625,12.486817176437409,nan,nan,nan,nan,23.97112798690796,4.097999572753906,0.01870039477944374,4.097999572753906,15.756428446620703,6.222563743591309,4640.34641877213,1.7334113121032715,0.000472,16,2048,,1666.5268943309784
adammini-softmax_fisher_projector-r8,adammini,softmax_fisher_projector,8,1.1B,sdpa,666,236,7766016,2.231245517730713,9.311456444082786,nan,nan,nan,nan,23.97112798690796,4.097999572753906,0.01870039477944374,4.097999572753906,15.756428446620703,6.219135522842407,4642.674017778242,2.0252492427825928,0.000474,16,2048,,1672.749412059784
adammini-softmax_fisher_projector-r8,adammini,softmax_fisher_projector,8,1.1B,sdpa,666,237,7798784,2.619694471359253,13.73152756915546,nan,nan,nan,nan,23.97112798690796,4.097999572753906,0.01870039477944374,4.097999572753906,15.756428446620703,6.235736608505249,4644.938564986683,2.10546612739563,0.00047599999999999997,16,2048,,1678.9885244369507
adammini-softmax_fisher_projector-r8,adammini,softmax_fisher_projector,8,1.1B,sdpa,666,238,7831552,1.9247056245803833,6.8531309756278995,nan,nan,nan,nan,23.97112798690796,4.097999572753906,0.01870039477944374,4.097999572753906,15.756428446620703,6.204368829727173,4647.272620650011,2.088392734527588,0.00047799999999999996,16,2048,,1685.1962134838104
adammini-softmax_fisher_projector-r8,adammini,softmax_fisher_projector,8,1.1B,sdpa,666,239,7864320,2.5954103469848633,13.402085738683171,nan,nan,nan,nan,23.97112798690796,4.097999572753906,0.01870039477944374,4.097999572753906,15.756428446620703,6.216782331466675,4649.555636458895,1.8740363121032715,0.00048,16,2048,,1691.4162321090698
adammini-softmax_fisher_projector-r8,adammini,softmax_fisher_projector,8,1.1B,sdpa,666,240,7897088,2.372622013092041,10.725477790923428,nan,nan,nan,nan,23.97112798690796,4.097999572753906,0.01870039477944374,4.097999572753906,15.756428446620703,6.2181127071380615,4651.818465757998,1.6869527101516724,0.000482,16,2048,,1697.6376783847809
adammini-softmax_fisher_projector-r8,adammini,softmax_fisher_projector,8,1.1B,sdpa,666,241,7929856,2.485200881958008,12.003531305526458,nan,nan,nan,nan,23.97112798690796,4.097999572753906,0.01870039477944374,4.097999572753906,15.756428446620703,6.213390350341797,4654.077543756018,1.7544678449630737,0.000484,16,2048,,1703.8541798591614
adammini-softmax_fisher_projector-r8,adammini,softmax_fisher_projector,8,1.1B,sdpa,666,242,7962624,2.4011964797973633,11.036373281822286,nan,nan,nan,nan,23.97112798690796,4.097999572753906,0.01870039477944374,4.097999572753906,15.756428446620703,6.2212889194488525,4656.298891807574,1.6100459098815918,0.000486,16,2048,,1710.0787570476532
adammini-softmax_fisher_projector-r8,adammini,softmax_fisher_projector,8,1.1B,sdpa,666,243,7995392,2.618607521057129,13.716610189809227,nan,nan,nan,nan,23.97112798690796,4.097999572753906,0.01870039477944374,4.097999572753906,15.756428446620703,6.206426620483398,4658.5443109384205,2.768855333328247,0.000488,16,2048,,1716.2884891033173
adammini-softmax_fisher_projector-r8,adammini,softmax_fisher_projector,8,1.1B,sdpa,666,244,8028160,2.577477216720581,13.163886601046645,nan,nan,nan,nan,23.97112798690796,4.097999572753906,0.01870039477944374,4.097999572753906,15.756428446620703,6.231952905654907,4660.704540668021,1.985391616821289,0.00049,16,2048,,1722.52366065979
adammini-softmax_fisher_projector-r8,adammini,softmax_fisher_projector,8,1.1B,sdpa,666,245,8060928,2.3358891010284424,10.338647946748578,nan,nan,nan,nan,23.97112798690796,4.097999572753906,0.01870039477944374,4.097999572753906,15.756428446620703,6.217869281768799,4662.887238919388,1.689058542251587,0.000492,16,2048,,1728.74480509758
adammini-softmax_fisher_projector-r8,adammini,softmax_fisher_projector,8,1.1B,sdpa,666,246,8093696,2.537440538406372,12.64725933582531,nan,nan,nan,nan,23.97112798690796,4.097999572753906,0.01870039477944374,4.097999572753906,15.756428446620703,6.217054128646851,4665.05636050753,1.685130000114441,0.000494,16,2048,,1734.9649481773376
adammini-softmax_fisher_projector-r8,adammini,softmax_fisher_projector,8,1.1B,sdpa,666,247,8126464,2.2824301719665527,9.800468316831733,nan,nan,nan,nan,23.97112798690796,4.097999572753906,0.01870039477944374,4.097999572753906,15.756428446620703,6.221061944961548,4667.19967748268,1.6216630935668945,0.000496,16,2048,,1741.1892161369324
adammini-softmax_fisher_projector-r8,adammini,softmax_fisher_projector,8,1.1B,sdpa,666,248,8159232,2.3230557441711426,10.206816119997344,nan,nan,nan,nan,23.97112798690796,4.097999572753906,0.01870039477944374,4.097999572753906,15.756428446620703,6.223999977111816,4669.3196442879125,1.6578072309494019,0.000498,16,2048,,1747.4163489341736
adammini-softmax_fisher_projector-r8,adammini,softmax_fisher_projector,8,1.1B,sdpa,666,249,8192000,2.275099277496338,9.728884823944904,nan,nan,nan,nan,23.97112798690796,4.097999572753906,0.01870039477944374,4.097999572753906,15.756428446620703,6.223485946655273,4671.425905937557,1.998764991760254,0.0005,16,2048,,1753.6430523395538
adammini-softmax_fisher_projector-r8,adammini,softmax_fisher_projector,8,1.1B,sdpa,666,250,8224768,2.600473642349243,13.470116541960449,2.49341626075858,12.102551047567571,nan,nan,23.97112798690796,4.097999572753906,0.01870039477944374,4.097999572753906,15.756428446620703,6.2406792640686035,4673.471576891338,3.1314022541046143,0.000499600008,16,2048,,1773.554854631424
adammini-softmax_fisher_projector-r8,adammini,softmax_fisher_projector,8,1.1B,sdpa,666,251,8257536,2.2542455196380615,9.528101831854643,nan,nan,nan,nan,23.97112798690796,4.097999572753906,0.01870039477944374,4.097999572753906,15.756428446620703,6.233897686004639,4639.615176998736,1.8032052516937256,0.0004992000159999999,16,2048,,1779.7919619083405
adammini-softmax_fisher_projector-r8,adammini,softmax_fisher_projector,8,1.1B,sdpa,666,252,8290304,2.2861363887786865,9.836858370333799,nan,nan,nan,nan,23.97112798690796,4.097999572753906,0.01870039477944374,4.097999572753906,15.756428446620703,6.200855255126953,4641.845548543949,1.9185482263565063,0.000498800024,16,2048,,1785.9959907531738
adammini-softmax_fisher_projector-r8,adammini,softmax_fisher_projector,8,1.1B,sdpa,666,253,8323072,2.406463623046875,11.094656799926605,nan,nan,nan,nan,23.97112798690796,4.097999572753906,0.01870039477944374,4.097999572753906,15.756428446620703,6.219068765640259,4644.013432785983,1.5997164249420166,0.000498400032,16,2048,,1792.2183141708374
adammini-softmax_fisher_projector-r8,adammini,softmax_fisher_projector,8,1.1B,sdpa,666,254,8355840,2.5321574211120605,12.580618571791671,nan,nan,nan,nan,23.97112798690796,4.097999572753906,0.01870039477944374,4.097999572753906,15.756428446620703,6.225115776062012,4646.150533902343,1.8094617128372192,0.00049800004,16,2048,,1798.4466526508331
adammini-softmax_fisher_projector-r8,adammini,softmax_fisher_projector,8,1.1B,sdpa,666,255,8388608,2.4771013259887695,11.906700703691087,nan,nan,nan,nan,23.97112798690796,4.097999572753906,0.01870039477944374,4.097999572753906,15.756428446620703,6.216146469116211,4648.2959982714365,1.7041634321212769,0.000497600048,16,2048,,1804.666049003601
adammini-softmax_fisher_projector-r8,adammini,softmax_fisher_projector,8,1.1B,sdpa,666,256,8421376,2.4773097038269043,11.909182054763347,nan,nan,nan,nan,23.97112798690796,4.097999572753906,0.01870039477944374,4.097999572753906,15.756428446620703,6.220484495162964,4650.415553625292,1.6541111469268799,0.000497200056,16,2048,,1810.889482498169
adammini-softmax_fisher_projector-r8,adammini,softmax_fisher_projector,8,1.1B,sdpa,666,257,8454144,2.343956232070923,10.422388493376019,nan,nan,nan,nan,23.97112798690796,4.097999572753906,0.01870039477944374,4.097999572753906,15.756428446620703,6.232831954956055,4652.489613484767,1.746986746788025,0.000496800064,16,2048,,1817.1255910396576
adammini-softmax_fisher_projector-r8,adammini,softmax_fisher_projector,8,1.1B,sdpa,666,258,8486912,2.3235466480255127,10.211827915425696,nan,nan,nan,nan,23.97112798690796,4.097999572753906,0.01870039477944374,4.097999572753906,15.756428446620703,6.227786540985107,4654.561746971348,1.6711593866348267,0.0004964000720000001,16,2048,,1823.3566727638245
adammini-softmax_fisher_projector-r8,adammini,softmax_fisher_projector,8,1.1B,sdpa,666,259,8519680,2.3554604053497314,10.542981789670836,nan,nan,nan,nan,23.97112798690796,4.097999572753906,0.01870039477944374,4.097999572753906,15.756428446620703,6.2194225788116455,4656.640898842371,1.5818865299224854,0.00049600008,16,2048,,1829.5794401168823
adammini-softmax_fisher_projector-r8,adammini,softmax_fisher_projector,8,1.1B,sdpa,666,260,8552448,2.3465826511383057,10.449798031953977,nan,nan,nan,nan,23.97112798690796,4.097999572753906,0.01870039477944374,4.097999572753906,15.756428446620703,6.195308208465576,4658.7670394013185,1.6652100086212158,0.000495600088,16,2048,,1835.778046131134
adammini-softmax_fisher_projector-r8,adammini,softmax_fisher_projector,8,1.1B,sdpa,666,261,8585216,2.483275890350342,11.980446834336087,nan,nan,nan,nan,23.97112798690796,4.097999572753906,0.01870039477944374,4.097999572753906,15.756428446620703,6.200904130935669,4660.864858173145,1.6619527339935303,0.0004952000959999999,16,2048,,1841.98198056221
adammini-softmax_fisher_projector-r8,adammini,softmax_fisher_projector,8,1.1B,sdpa,666,262,8617984,2.1804611682891846,8.850386835487802,nan,nan,nan,nan,23.97112798690796,4.097999572753906,0.01870039477944374,4.097999572753906,15.756428446620703,6.212735414505005,4662.919110070276,1.5454174280166626,0.000494800104,16,2048,,1848.1979699134827
adammini-softmax_fisher_projector-r8,adammini,softmax_fisher_projector,8,1.1B,sdpa,666,263,8650752,2.2633142471313477,9.614902582184678,nan,nan,nan,nan,23.97112798690796,4.097999572753906,0.01870039477944374,4.097999572753906,15.756428446620703,6.216818571090698,4664.949098226013,1.7593629360198975,0.000494400112,16,2048,,1854.418053150177
adammini-softmax_fisher_projector-r8,adammini,softmax_fisher_projector,8,1.1B,sdpa,666,264,8683520,2.272833824157715,9.706869436172042,nan,nan,nan,nan,23.97112798690796,4.097999572753906,0.01870039477944374,4.097999572753906,15.756428446620703,6.235103368759155,4666.9196710829365,1.8962770700454712,0.00049400012,16,2048,,1860.6563351154327
adammini-softmax_fisher_projector-r8,adammini,softmax_fisher_projector,8,1.1B,sdpa,666,265,8716288,2.6684646606445312,14.417815950533527,nan,nan,nan,nan,23.97112798690796,4.097999572753906,0.01870039477944374,4.097999572753906,15.756428446620703,6.2172157764434814,4668.921929434127,1.7603421211242676,0.000493600128,16,2048,,1866.8766777515411
adammini-softmax_fisher_projector-r8,adammini,softmax_fisher_projector,8,1.1B,sdpa,666,266,8749056,2.3207201957702637,10.183005423271071,nan,nan,nan,nan,23.97112798690796,4.097999572753906,0.01870039477944374,4.097999572753906,15.756428446620703,6.221192121505737,4670.901015007591,1.6503880023956299,0.0004932001360000001,16,2048,,1873.1010410785675
adammini-softmax_fisher_projector-r8,adammini,softmax_fisher_projector,8,1.1B,sdpa,666,267,8781824,2.602945566177368,13.503454831888897,nan,nan,nan,nan,23.97112798690796,4.097999572753906,0.01870039477944374,4.097999572753906,15.756428446620703,6.2166383266448975,4672.878338829573,1.6923584938049316,0.000492800144,16,2048,,1879.3207955360413
adammini-softmax_fisher_projector-r8,adammini,softmax_fisher_projector,8,1.1B,sdpa,666,268,8814592,2.3701932430267334,10.699459680322706,nan,nan,nan,nan,23.97112798690796,4.097999572753906,0.01870039477944374,4.097999572753906,15.756428446620703,6.2333128452301025,4674.801326763686,1.9490303993225098,0.000492400152,16,2048,,1885.5572454929352
adammini-softmax_fisher_projector-r8,adammini,softmax_fisher_projector,8,1.1B,sdpa,666,269,8847360,2.618591070175171,13.716384541330195,nan,nan,nan,nan,23.97112798690796,4.097999572753906,0.01870039477944374,4.097999572753906,15.756428446620703,6.198862791061401,4676.79677012608,3.5307931900024414,0.00049200016,16,2048,,1891.7592029571533
adammini-softmax_fisher_projector-r8,adammini,softmax_fisher_projector,8,1.1B,sdpa,666,270,8880128,2.4849019050598145,11.999943063396843,nan,nan,nan,nan,23.97112798690796,4.097999572753906,0.01870039477944374,4.097999572753906,15.756428446620703,6.230692625045776,4678.700605079574,1.9383175373077393,0.000491600168,16,2048,,1897.9934680461884
adammini-softmax_fisher_projector-r8,adammini,softmax_fisher_projector,8,1.1B,sdpa,666,271,8912896,2.478269338607788,11.920616005405876,nan,nan,nan,nan,23.97112798690796,4.097999572753906,0.01870039477944374,4.097999572753906,15.756428446620703,6.209652900695801,4680.642854282426,1.992059588432312,0.0004912001760000001,16,2048,,1904.2063736915588
adammini-softmax_fisher_projector-r8,adammini,softmax_fisher_projector,8,1.1B,sdpa,666,272,8945664,2.3088796138763428,10.06314373010219,nan,nan,nan,nan,23.97112798690796,4.097999572753906,0.01870039477944374,4.097999572753906,15.756428446620703,6.215951204299927,4682.557702228494,1.7430869340896606,0.000490800184,16,2048,,1910.4254574775696
adammini-softmax_fisher_projector-r8,adammini,softmax_fisher_projector,8,1.1B,sdpa,666,273,8978432,2.3420495986938477,10.402535751569921,nan,nan,nan,nan,23.97112798690796,4.097999572753906,0.01870039477944374,4.097999572753906,15.756428446620703,6.201503753662109,4684.495773239914,1.7354243993759155,0.000490400192,16,2048,,1916.6301577091217
adammini-softmax_fisher_projector-r8,adammini,softmax_fisher_projector,8,1.1B,sdpa,666,274,9011200,2.405538320541382,11.084395634265315,nan,nan,nan,nan,23.97112798690796,4.097999572753906,0.01870039477944374,4.097999572753906,15.756428446620703,6.210895776748657,4686.398190415766,1.7278985977172852,0.0004900002,16,2048,,1922.8440680503845
adammini-softmax_fisher_projector-r8,adammini,softmax_fisher_projector,8,1.1B,sdpa,666,275,9043968,2.222822666168213,9.233356801200465,nan,nan,nan,nan,23.97112798690796,4.097999572753906,0.01870039477944374,4.097999572753906,15.756428446620703,6.208101511001587,4688.295532610832,1.7647032737731934,0.000489600208,16,2048,,1929.0553996562958
adammini-softmax_fisher_projector-r8,adammini,softmax_fisher_projector,8,1.1B,sdpa,666,276,9076736,2.3491222858428955,10.476370429501284,nan,nan,nan,nan,23.97112798690796,4.097999572753906,0.01870039477944374,4.097999572753906,15.756428446620703,6.215640306472778,4690.16205969371,1.6108691692352295,0.0004892002160000001,16,2048,,1935.2742795944214
adammini-softmax_fisher_projector-r8,adammini,softmax_fisher_projector,8,1.1B,sdpa,666,277,9109504,2.5111045837402344,12.318529395599462,nan,nan,nan,nan,23.97112798690796,4.097999572753906,0.01870039477944374,4.097999572753906,15.756428446620703,6.2020652294158936,4692.049370304704,1.6442463397979736,0.000488800224,16,2048,,1941.4794042110443
adammini-softmax_fisher_projector-r8,adammini,softmax_fisher_projector,8,1.1B,sdpa,666,278,9142272,2.2589223384857178,9.572767403064105,nan,nan,nan,nan,23.97112798690796,4.097999572753906,0.01870039477944374,4.097999572753906,15.756428446620703,6.216268062591553,4693.890654461813,1.8106273412704468,0.000488400232,16,2048,,1947.6989064216614
adammini-softmax_fisher_projector-r8,adammini,softmax_fisher_projector,8,1.1B,sdpa,666,279,9175040,2.3674509525299072,10.670158847779735,nan,nan,nan,nan,23.97112798690796,4.097999572753906,0.01870039477944374,4.097999572753906,15.756428446620703,6.23290753364563,4695.680010297854,1.6965452432632446,0.00048800024,16,2048,,1953.935096025467
adammini-softmax_fisher_projector-r8,adammini,softmax_fisher_projector,8,1.1B,sdpa,666,280,9207808,2.5459001064300537,12.754703511382715,nan,nan,nan,nan,23.97112798690796,4.097999572753906,0.01870039477944374,4.097999572753906,15.756428446620703,6.24172568321228,4697.43681879757,2.0087738037109375,0.00048760024799999996,16,2048,,1960.1800858974457
adammini-softmax_fisher_projector-r8,adammini,softmax_fisher_projector,8,1.1B,sdpa,666,281,9240576,2.406735420227051,11.097672706198686,nan,nan,nan,nan,23.97112798690796,4.097999572753906,0.01870039477944374,4.097999572753906,15.756428446620703,6.238980770111084,4699.189012931801,1.6869961023330688,0.00048720025600000003,16,2048,,1966.4224066734314
adammini-softmax_fisher_projector-r8,adammini,softmax_fisher_projector,8,1.1B,sdpa,666,282,9273344,2.3340322971343994,10.319468916341417,nan,nan,nan,nan,23.97112798690796,4.097999572753906,0.01870039477944374,4.097999572753906,15.756428446620703,6.22702693939209,4700.958362480331,1.6549832820892334,0.00048680026400000004,16,2048,,1972.652522802353
adammini-softmax_fisher_projector-r8,adammini,softmax_fisher_projector,8,1.1B,sdpa,666,283,9306112,2.4143290519714355,11.182265121284509,nan,nan,nan,nan,23.97112798690796,4.097999572753906,0.01870039477944374,4.097999572753906,15.756428446620703,6.225083827972412,4702.721768013544,1.8130618333816528,0.00048640027200000006,16,2048,,1978.8808584213257
adammini-softmax_fisher_projector-r8,adammini,softmax_fisher_projector,8,1.1B,sdpa,666,284,9338880,2.159364700317383,8.665630636950835,nan,nan,nan,nan,23.97112798690796,4.097999572753906,0.01870039477944374,4.097999572753906,15.756428446620703,6.209458112716675,4704.510819403418,1.6003319025039673,0.00048600028,16,2048,,1985.093419790268
adammini-softmax_fisher_projector-r8,adammini,softmax_fisher_projector,8,1.1B,sdpa,666,285,9371648,2.484381914138794,11.9937048240056,nan,nan,nan,nan,23.97112798690796,4.097999572753906,0.01870039477944374,4.097999572753906,15.756428446620703,6.2047059535980225,4706.300048683225,1.5291967391967773,0.00048560028800000003,16,2048,,1991.3014097213745
adammini-softmax_fisher_projector-r8,adammini,softmax_fisher_projector,8,1.1B,sdpa,666,286,9404416,2.5058062076568604,12.253433796833809,nan,nan,nan,nan,23.97112798690796,4.097999572753906,0.01870039477944374,4.097999572753906,15.756428446620703,6.218568801879883,4708.045294299909,1.6462196111679077,0.00048520029600000004,16,2048,,1997.5233328342438
adammini-softmax_fisher_projector-r8,adammini,softmax_fisher_projector,8,1.1B,sdpa,666,287,9437184,2.5600101947784424,12.935949194006813,nan,nan,nan,nan,23.97112798690796,4.097999572753906,0.01870039477944374,4.097999572753906,15.756428446620703,6.234594106674194,4709.741982955943,1.58656644821167,0.000484800304,16,2048,,2003.7611725330353
adammini-softmax_fisher_projector-r8,adammini,softmax_fisher_projector,8,1.1B,sdpa,666,288,9469952,2.4825847148895264,11.972169104486001,nan,nan,nan,nan,23.97112798690796,4.097999572753906,0.01870039477944374,4.097999572753906,15.756428446620703,6.206284761428833,4711.494571153497,1.590435266494751,0.000484400312,16,2048,,2009.9708030223846
adammini-softmax_fisher_projector-r8,adammini,softmax_fisher_projector,8,1.1B,sdpa,666,289,9502720,2.3847615718841553,10.856473867702764,nan,nan,nan,nan,23.97112798690796,4.097999572753906,0.01870039477944374,4.097999572753906,15.756428446620703,6.231855869293213,4713.176436356047,2.217538595199585,0.00048400031999999997,16,2048,,2016.2057800292969
adammini-softmax_fisher_projector-r8,adammini,softmax_fisher_projector,8,1.1B,sdpa,666,290,9535488,2.2142746448516846,9.154766245853569,nan,nan,nan,nan,23.97112798690796,4.097999572753906,0.01870039477944374,4.097999572753906,15.756428446620703,6.2193708419799805,4714.877463074629,1.5555979013442993,0.000483600328,16,2048,,2022.4285097122192
adammini-softmax_fisher_projector-r8,adammini,softmax_fisher_projector,8,1.1B,sdpa,666,291,9568256,2.347003698348999,10.45419881667169,nan,nan,nan,nan,23.97112798690796,4.097999572753906,0.01870039477944374,4.097999572753906,15.756428446620703,6.231187105178833,4716.540166443501,1.6845643520355225,0.000483200336,16,2048,,2028.662838935852
adammini-softmax_fisher_projector-r8,adammini,softmax_fisher_projector,8,1.1B,sdpa,666,292,9601024,2.3361377716064453,10.34121918399154,nan,nan,nan,nan,23.97112798690796,4.097999572753906,0.01870039477944374,4.097999572753906,15.756428446620703,6.235913038253784,4718.181879048472,1.8357553482055664,0.000482800344,16,2048,,2034.9020717144012
adammini-softmax_fisher_projector-r8,adammini,softmax_fisher_projector,8,1.1B,sdpa,666,293,9633792,2.3192272186279297,10.167813772149628,nan,nan,nan,nan,23.97112798690796,4.097999572753906,0.01870039477944374,4.097999572753906,15.756428446620703,6.1873228549957275,4719.925827402332,1.6867320537567139,0.00048240035199999997,16,2048,,2041.092609167099
adammini-softmax_fisher_projector-r8,adammini,softmax_fisher_projector,8,1.1B,sdpa,666,294,9666560,2.0726661682128906,7.945980221004178,nan,nan,nan,nan,23.97112798690796,4.097999572753906,0.01870039477944374,4.097999572753906,15.756428446620703,6.2158613204956055,4721.59372920866,1.646738886833191,0.00048200036,16,2048,,2047.311558008194
adammini-softmax_fisher_projector-r8,adammini,softmax_fisher_projector,8,1.1B,sdpa,666,295,9699328,2.2704954147338867,9.684197319883049,nan,nan,nan,nan,23.97112798690796,4.097999572753906,0.01870039477944374,4.097999572753906,15.756428446620703,6.213378667831421,4723.257314636827,1.6647803783416748,0.000481600368,16,2048,,2053.5281615257263
adammini-softmax_fisher_projector-r8,adammini,softmax_fisher_projector,8,1.1B,sdpa,666,296,9732096,2.6234281063079834,13.782891908565128,nan,nan,nan,nan,23.97112798690796,4.097999572753906,0.01870039477944374,4.097999572753906,15.756428446620703,6.210147380828857,4724.918105542177,1.9960078001022339,0.00048120037600000006,16,2048,,2059.7411596775055
adammini-softmax_fisher_projector-r8,adammini,softmax_fisher_projector,8,1.1B,sdpa,666,297,9764864,2.208432197570801,9.101435948118642,nan,nan,nan,nan,23.97112798690796,4.097999572753906,0.01870039477944374,4.097999572753906,15.756428446620703,6.235004425048828,4726.512738345534,1.618225336074829,0.000480800384,16,2048,,2065.9793906211853
adammini-softmax_fisher_projector-r8,adammini,softmax_fisher_projector,8,1.1B,sdpa,666,298,9797632,2.3843533992767334,10.852043456704493,nan,nan,nan,nan,23.97112798690796,4.097999572753906,0.01870039477944374,4.097999572753906,15.756428446620703,6.203002214431763,4728.1700779767225,1.7583917379379272,0.00048040039200000003,16,2048,,2072.1853682994843
adammini-softmax_fisher_projector-r8,adammini,softmax_fisher_projector,8,1.1B,sdpa,666,299,9830400,2.316920757293701,10.144389127233877,nan,nan,nan,nan,23.97112798690796,4.097999572753906,0.01870039477944374,4.097999572753906,15.756428446620703,6.216826438903809,4729.786364921729,1.6582684516906738,0.0004800004,16,2048,,2078.4053943157196
adammini-softmax_fisher_projector-r8,adammini,softmax_fisher_projector,8,1.1B,sdpa,666,300,9863168,2.3429837226867676,10.412257549778225,2.4960392042296755,12.134337023006251,nan,nan,23.97112798690796,4.097999572753906,0.01870039477944374,4.097999572753906,15.756428446620703,128.1844186782837,4469.868621474949,1.6957454681396484,0.00047960040800000005,16,2048,,2219.543433904648
adammini-softmax_fisher_projector-r8,adammini,softmax_fisher_projector,8,1.1B,sdpa,666,301,9895936,2.3517978191375732,10.504437838292823,nan,nan,nan,nan,23.97112798690796,4.097999572753906,0.01870039477944374,4.097999572753906,15.756428446620703,6.2279064655303955,4446.068471936288,1.6449811458587646,0.000479200416,16,2048,,2225.7752730846405
adammini-softmax_fisher_projector-r8,adammini,softmax_fisher_projector,8,1.1B,sdpa,666,302,9928704,2.368246555328369,10.678651433933744,nan,nan,nan,nan,23.97112798690796,4.097999572753906,0.01870039477944374,4.097999572753906,15.756428446620703,6.212467193603516,4448.36803825868,1.7222706079483032,0.000478800424,16,2048,,2231.9909098148346
adammini-softmax_fisher_projector-r8,adammini,softmax_fisher_projector,8,1.1B,sdpa,666,303,9961472,2.253329277038574,9.519375777265976,nan,nan,nan,nan,23.97112798690796,4.097999572753906,0.01870039477944374,4.097999572753906,15.756428446620703,6.187664985656738,4450.704030596681,1.8957778215408325,0.000478400432,16,2048,,2238.1819698810577
adammini-softmax_fisher_projector-r8,adammini,softmax_fisher_projector,8,1.1B,sdpa,666,304,9994240,2.38228440284729,10.829613828951569,nan,nan,nan,nan,23.97112798690796,4.097999572753906,0.01870039477944374,4.097999572753906,15.756428446620703,6.1980063915252686,4453.006627805223,1.8324108123779297,0.00047800044,16,2048,,2244.383293390274
adammini-softmax_fisher_projector-r8,adammini,softmax_fisher_projector,8,1.1B,sdpa,666,305,10027008,2.3623077869415283,10.615421336673416,nan,nan,nan,nan,23.97112798690796,4.097999572753906,0.01870039477944374,4.097999572753906,15.756428446620703,6.215427875518799,4455.261978754755,1.7668039798736572,0.000477600448,16,2048,,2250.6019632816315
adammini-softmax_fisher_projector-r8,adammini,softmax_fisher_projector,8,1.1B,sdpa,666,306,10059776,2.3698832988739014,10.696143959227054,nan,nan,nan,nan,23.97112798690796,4.097999572753906,0.01870039477944374,4.097999572753906,15.756428446620703,6.191121816635132,4457.553067104185,1.6402182579040527,0.000477200456,16,2048,,2256.79625248909
adammini-softmax_fisher_projector-r8,adammini,softmax_fisher_projector,8,1.1B,sdpa,666,307,10092544,2.235351085662842,9.349763844069384,nan,nan,nan,nan,23.97112798690796,4.097999572753906,0.01870039477944374,4.097999572753906,15.756428446620703,6.205286502838135,4459.80376584592,2.517371654510498,0.000476800464,16,2048,,2263.0048196315765
adammini-softmax_fisher_projector-r8,adammini,softmax_fisher_projector,8,1.1B,sdpa,666,308,10125312,2.189730167388916,8.932802428068978,nan,nan,nan,nan,23.97112798690796,4.097999572753906,0.01870039477944374,4.097999572753906,15.756428446620703,6.205918312072754,4462.0407977890545,1.9263286590576172,0.000476400472,16,2048,,2269.2140951156616
adammini-softmax_fisher_projector-r8,adammini,softmax_fisher_projector,8,1.1B,sdpa,666,309,10158080,2.3284406661987305,10.261927280431118,nan,nan,nan,nan,23.97112798690796,4.097999572753906,0.01870039477944374,4.097999572753906,15.756428446620703,6.211595058441162,4464.254298178138,1.862270474433899,0.00047600048,16,2048,,2275.4290475845337
adammini-softmax_fisher_projector-r8,adammini,softmax_fisher_projector,8,1.1B,sdpa,666,310,10190848,2.4168362617492676,11.21033658154973,nan,nan,nan,nan,23.97112798690796,4.097999572753906,0.01870039477944374,4.097999572753906,15.756428446620703,6.220165729522705,4466.438928720501,1.991145372390747,0.00047560048800000007,16,2048,,2281.6524975299835
adammini-softmax_fisher_projector-r8,adammini,softmax_fisher_projector,8,1.1B,sdpa,666,311,10223616,2.2715346813201904,9.694267014214867,nan,nan,nan,nan,23.97112798690796,4.097999572753906,0.01870039477944374,4.097999572753906,15.756428446620703,6.2279417514801025,4468.596580547259,1.8808817863464355,0.00047520049600000003,16,2048,,2287.8836369514465
adammini-softmax_fisher_projector-r8,adammini,softmax_fisher_projector,8,1.1B,sdpa,666,312,10256384,2.5515408515930176,12.826852840204486,nan,nan,nan,nan,23.97112798690796,4.097999572753906,0.01870039477944374,4.097999572753906,15.756428446620703,6.224900484085083,4470.748621019297,1.7051182985305786,0.00047480050400000004,16,2048,,2294.1119437217712
adammini-softmax_fisher_projector-r8,adammini,softmax_fisher_projector,8,1.1B,sdpa,666,313,10289152,2.4087061882019043,11.119565209600026,nan,nan,nan,nan,23.97112798690796,4.097999572753906,0.01870039477944374,4.097999572753906,15.756428446620703,6.2246925830841064,4472.889199723128,1.6168432235717773,0.000474400512,16,2048,,2300.3400394916534
adammini-softmax_fisher_projector-r8,adammini,softmax_fisher_projector,8,1.1B,sdpa,666,314,10321920,2.465898036956787,11.774050938563537,nan,nan,nan,nan,23.97112798690796,4.097999572753906,0.01870039477944374,4.097999572753906,15.756428446620703,6.253584623336792,4474.96202473291,1.6534615755081177,0.00047400052,16,2048,,2306.596966981888
adammini-softmax_fisher_projector-r8,adammini,softmax_fisher_projector,8,1.1B,sdpa,666,315,10354688,2.3892951011657715,10.905803744608546,nan,nan,nan,nan,23.97112798690796,4.097999572753906,0.01870039477944374,4.097999572753906,15.756428446620703,6.181202411651611,4477.163881815908,1.9176946878433228,0.000473600528,16,2048,,2312.781375646591
adammini-softmax_fisher_projector-r8,adammini,softmax_fisher_projector,8,1.1B,sdpa,666,316,10387456,2.2841145992279053,9.816990404059192,nan,nan,nan,nan,23.97112798690796,4.097999572753906,0.01870039477944374,4.097999572753906,15.756428446620703,6.211330890655518,4479.296078440489,1.7254135608673096,0.00047320053600000004,16,2048,,2318.995968103409
adammini-softmax_fisher_projector-r8,adammini,softmax_fisher_projector,8,1.1B,sdpa,666,317,10420224,2.4076929092407227,11.108303694607306,nan,nan,nan,nan,23.97112798690796,4.097999572753906,0.01870039477944374,4.097999572753906,15.756428446620703,6.207537412643433,4481.424008391294,2.161531448364258,0.000472800544,16,2048,,2325.2066373825073
adammini-softmax_fisher_projector-r8,adammini,softmax_fisher_projector,8,1.1B,sdpa,666,318,10452992,2.6004326343536377,13.469564170806384,nan,nan,nan,nan,23.97112798690796,4.097999572753906,0.01870039477944374,4.097999572753906,15.756428446620703,6.219345808029175,4483.5181838538165,1.7935199737548828,0.000472400552,16,2048,,2331.428631544113
adammini-softmax_fisher_projector-r8,adammini,softmax_fisher_projector,8,1.1B,sdpa,666,319,10485760,2.4060897827148438,11.090509944923868,nan,nan,nan,nan,23.97112798690796,4.097999572753906,0.01870039477944374,4.097999572753906,15.756428446620703,6.230334997177124,4485.580974930196,1.687623381614685,0.00047200055999999997,16,2048,,2337.66224861145
adammini-softmax_fisher_projector-r8,adammini,softmax_fisher_projector,8,1.1B,sdpa,666,320,10518528,2.479968309402466,11.940885998040594,nan,nan,nan,nan,23.97112798690796,4.097999572753906,0.01870039477944374,4.097999572753906,15.756428446620703,6.21611762046814,4487.658897465087,1.5629262924194336,0.00047160056800000003,16,2048,,2343.8817915916443
adammini-softmax_fisher_projector-r8,adammini,softmax_fisher_projector,8,1.1B,sdpa,666,321,10551296,2.276214361190796,9.739739395530513,nan,nan,nan,nan,23.97112798690796,4.097999572753906,0.01870039477944374,4.097999572753906,15.756428446620703,6.211479902267456,4489.734571227464,1.501016616821289,0.000471200576,16,2048,,2350.0964636802673
adammini-softmax_fisher_projector-r8,adammini,softmax_fisher_projector,8,1.1B,sdpa,666,322,10584064,2.342231273651123,10.404425803490497,nan,nan,nan,nan,23.97112798690796,4.097999572753906,0.01870039477944374,4.097999572753906,15.756428446620703,6.227858781814575,4491.768285340221,1.5695210695266724,0.00047080058400000006,16,2048,,2356.3275966644287
adammini-softmax_fisher_projector-r8,adammini,softmax_fisher_projector,8,1.1B,sdpa,666,323,10616832,2.5627222061157227,12.971079249902566,nan,nan,nan,nan,23.97112798690796,4.097999572753906,0.01870039477944374,4.097999572753906,15.756428446620703,6.231736898422241,4493.783782904964,1.8394944667816162,0.000470400592,16,2048,,2362.56258559227
adammini-softmax_fisher_projector-r8,adammini,softmax_fisher_projector,8,1.1B,sdpa,666,324,10649600,2.506439447402954,12.261195615426741,nan,nan,nan,nan,23.97112798690796,4.097999572753906,0.01870039477944374,4.097999572753906,15.756428446620703,6.237237453460693,4495.778307158933,1.8256860971450806,0.0004700006,16,2048,,2368.8031554222107
adammini-softmax_fisher_projector-r8,adammini,softmax_fisher_projector,8,1.1B,sdpa,666,325,10682368,2.2639753818511963,9.621261429905605,nan,nan,nan,nan,23.97112798690796,4.097999572753906,0.01870039477944374,4.097999572753906,15.756428446620703,6.22234320640564,4497.790382141131,1.7170923948287964,0.00046960060800000004,16,2048,,2375.0289118289948
adammini-softmax_fisher_projector-r8,adammini,softmax_fisher_projector,8,1.1B,sdpa,666,326,10715136,2.525991439819336,12.503285375560573,nan,nan,nan,nan,23.97112798690796,4.097999572753906,0.01870039477944374,4.097999572753906,15.756428446620703,6.231489181518555,4499.774526251944,1.6256340742111206,0.000469200616,16,2048,,2381.2634444236755
adammini-softmax_fisher_projector-r8,adammini,softmax_fisher_projector,8,1.1B,sdpa,666,327,10747904,2.24783992767334,9.467263759279406,nan,nan,nan,nan,23.97112798690796,4.097999572753906,0.01870039477944374,4.097999572753906,15.756428446620703,6.223226308822632,4501.764303687617,1.5972331762313843,0.000468800624,16,2048,,2387.4901146888733
adammini-softmax_fisher_projector-r8,adammini,softmax_fisher_projector,8,1.1B,sdpa,666,328,10780672,2.31557559967041,10.130752498629441,nan,nan,nan,nan,23.97112798690796,4.097999572753906,0.01870039477944374,4.097999572753906,15.756428446620703,6.215530157089233,4503.75797311661,1.662599802017212,0.00046840063199999997,16,2048,,2393.7089841365814
adammini-softmax_fisher_projector-r8,adammini,softmax_fisher_projector,8,1.1B,sdpa,666,329,10813440,2.511805295944214,12.327164164372665,nan,nan,nan,nan,23.97112798690796,4.097999572753906,0.01870039477944374,4.097999572753906,15.756428446620703,6.212677240371704,4505.746598479022,1.6033910512924194,0.00046800064,16,2048,,2399.925019264221
adammini-softmax_fisher_projector-r8,adammini,softmax_fisher_projector,8,1.1B,sdpa,666,330,10846208,2.4213857650756836,11.261454236919985,nan,nan,nan,nan,23.97112798690796,4.097999572753906,0.01870039477944374,4.097999572753906,15.756428446620703,6.24002742767334,4507.673680622288,1.6270475387573242,0.000467600648,16,2048,,2406.168379306793
adammini-softmax_fisher_projector-r8,adammini,softmax_fisher_projector,8,1.1B,sdpa,666,331,10878976,2.4472033977508545,11.55598399664826,nan,nan,nan,nan,23.97112798690796,4.097999572753906,0.01870039477944374,4.097999572753906,15.756428446620703,6.214250802993774,4509.639087731047,1.832726240158081,0.000467200656,16,2048,,2412.3858737945557
adammini-softmax_fisher_projector-r8,adammini,softmax_fisher_projector,8,1.1B,sdpa,666,332,10911744,2.7280755043029785,15.303407320690237,nan,nan,nan,nan,23.97112798690796,4.097999572753906,0.01870039477944374,4.097999572753906,15.756428446620703,6.2278101444244385,4511.569146072266,1.8948372602462769,0.00046680066399999997,16,2048,,2418.6169402599335
adammini-softmax_fisher_projector-r8,adammini,softmax_fisher_projector,8,1.1B,sdpa,666,333,10944512,2.3174760341644287,10.150023636095339,nan,nan,nan,nan,23.97112798690796,4.097999572753906,0.01870039477944374,4.097999572753906,15.756428446620703,6.211124658584595,4513.520361991043,1.8771841526031494,0.000466400672,16,2048,,2424.8313405513763
adammini-softmax_fisher_projector-r8,adammini,softmax_fisher_projector,8,1.1B,sdpa,666,334,10977280,2.335205316543579,10.331580956112758,nan,nan,nan,nan,23.97112798690796,4.097999572753906,0.01870039477944374,4.097999572753906,15.756428446620703,6.228984832763672,4515.428281683348,1.7473865747451782,0.00046600067999999994,16,2048,,2431.0637357234955
adammini-softmax_fisher_projector-r8,adammini,softmax_fisher_projector,8,1.1B,sdpa,666,335,11010048,2.340320587158203,10.384565187388777,nan,nan,nan,nan,23.97112798690796,4.097999572753906,0.01870039477944374,4.097999572753906,15.756428446620703,6.2160186767578125,4517.350398092573,1.738211750984192,0.00046560068800000006,16,2048,,2437.2830731868744
adammini-softmax_fisher_projector-r8,adammini,softmax_fisher_projector,8,1.1B,sdpa,666,336,11042816,2.5165905952453613,12.386294700253337,nan,nan,nan,nan,23.97112798690796,4.097999572753906,0.01870039477944374,4.097999572753906,15.756428446620703,6.261758327484131,4519.178359293805,1.677441954612732,0.000465200696,16,2048,,2443.5481848716736
adammini-softmax_fisher_projector-r8,adammini,softmax_fisher_projector,8,1.1B,sdpa,666,337,11075584,4.2221174240112305,68.17769264385825,nan,nan,nan,nan,23.97112798690796,4.097999572753906,0.01870039477944374,4.097999572753906,15.756428446620703,6.167209148406982,4521.171254774089,5.112335205078125,0.00046480070400000003,16,2048,,2449.718684196472
adammini-softmax_fisher_projector-r8,adammini,softmax_fisher_projector,8,1.1B,sdpa,666,338,11108352,2.3524672985076904,10.511472697303976,nan,nan,nan,nan,23.97112798690796,4.097999572753906,0.01870039477944374,4.097999572753906,15.756428446620703,6.219141721725464,4523.0586563175275,1.6593549251556396,0.000464400712,16,2048,,2455.94104719162
adammini-softmax_fisher_projector-r8,adammini,softmax_fisher_projector,8,1.1B,sdpa,666,339,11141120,2.2428858280181885,9.420477977555867,nan,nan,nan,nan,23.97112798690796,4.097999572753906,0.01870039477944374,4.097999572753906,15.756428446620703,6.188762664794922,4524.992471830405,1.7268959283828735,0.00046400072000000005,16,2048,,2462.1329956054688
adammini-softmax_fisher_projector-r8,adammini,softmax_fisher_projector,8,1.1B,sdpa,666,340,11173888,2.457180976867676,11.671861870251355,nan,nan,nan,nan,23.97112798690796,4.097999572753906,0.01870039477944374,4.097999572753906,15.756428446620703,6.228243350982666,4526.84424446533,1.6918379068374634,0.000463600728,16,2048,,2468.3641571998596
adammini-softmax_fisher_projector-r8,adammini,softmax_fisher_projector,8,1.1B,sdpa,666,341,11206656,2.206512689590454,9.083982425630438,nan,nan,nan,nan,23.97112798690796,4.097999572753906,0.01870039477944374,4.097999572753906,15.756428446620703,6.236223459243774,4528.672396187614,1.8006116151809692,0.000463200736,16,2048,,2474.603592634201
adammini-softmax_fisher_projector-r8,adammini,softmax_fisher_projector,8,1.1B,sdpa,666,342,11239424,2.3720030784606934,10.718841475215536,nan,nan,nan,nan,23.97112798690796,4.097999572753906,0.01870039477944374,4.097999572753906,15.756428446620703,6.210839033126831,4530.5373087310945,1.7304022312164307,0.000462800744,16,2048,,2480.8178231716156
adammini-softmax_fisher_projector-r8,adammini,softmax_fisher_projector,8,1.1B,sdpa,666,343,11272192,2.4021356105804443,11.046742748085178,nan,nan,nan,nan,23.97112798690796,4.097999572753906,0.01870039477944374,4.097999572753906,15.756428446620703,6.230376958847046,4532.357223517422,1.6609543561935425,0.000462400752,16,2048,,2487.051293373108
adammini-softmax_fisher_projector-r8,adammini,softmax_fisher_projector,8,1.1B,sdpa,666,344,11304960,2.233987808227539,9.337026206435107,nan,nan,nan,nan,23.97112798690796,4.097999572753906,0.01870039477944374,4.097999572753906,15.756428446620703,6.250135183334351,4534.132435614123,1.754024863243103,0.00046200076,16,2048,,2493.3045547008514
adammini-softmax_fisher_projector-r8,adammini,softmax_fisher_projector,8,1.1B,sdpa,666,345,11337728,2.4257471561431885,11.310677104899037,nan,nan,nan,nan,23.97112798690796,4.097999572753906,0.01870039477944374,4.097999572753906,15.756428446620703,6.222343444824219,4535.949107072818,1.534820318222046,0.000461600768,16,2048,,2499.5301370620728
adammini-softmax_fisher_projector-r8,adammini,softmax_fisher_projector,8,1.1B,sdpa,666,346,11370496,2.5199568271636963,12.428060097390928,nan,nan,nan,nan,23.97112798690796,4.097999572753906,0.01870039477944374,4.097999572753906,15.756428446620703,6.245941638946533,4537.713809491089,1.777823805809021,0.000461200776,16,2048,,2505.778730392456
adammini-softmax_fisher_projector-r8,adammini,softmax_fisher_projector,8,1.1B,sdpa,666,347,11403264,2.3571202754974365,10.560496302298354,nan,nan,nan,nan,23.97112798690796,4.097999572753906,0.01870039477944374,4.097999572753906,15.756428446620703,6.2344489097595215,4539.491453352904,1.5905296802520752,0.000460800784,16,2048,,2512.0165355205536
adammini-softmax_fisher_projector-r8,adammini,softmax_fisher_projector,8,1.1B,sdpa,666,348,11436032,2.439945697784424,11.47241774817825,nan,nan,nan,nan,23.97112798690796,4.097999572753906,0.01870039477944374,4.097999572753906,15.756428446620703,6.223618030548096,4541.278904535439,1.4972766637802124,0.000460400792,16,2048,,2518.2432367801666
adammini-softmax_fisher_projector-r8,adammini,softmax_fisher_projector,8,1.1B,sdpa,666,349,11468800,2.3675732612609863,10.671463981181796,nan,nan,nan,nan,23.97112798690796,4.097999572753906,0.01870039477944374,4.097999572753906,15.756428446620703,6.209012269973755,4543.083981438938,1.4798599481582642,0.00046000080000000007,16,2048,,2524.4554772377014
adammini-softmax_fisher_projector-r8,adammini,softmax_fisher_projector,8,1.1B,sdpa,666,350,11501568,2.560985565185547,12.94857269133054,2.4894387524795523,12.05450865841697,nan,nan,23.97112798690796,4.097999572753906,0.01870039477944374,4.097999572753906,15.756428446620703,6.219039440155029,4544.86203590603,1.6080608367919922,0.00045960080800000003,16,2048,,2543.4287960529327
adammini-softmax_fisher_projector-r8,adammini,softmax_fisher_projector,8,1.1B,sdpa,666,351,11534336,2.400707483291626,11.030977853131862,nan,nan,nan,nan,23.97112798690796,4.097999572753906,0.01870039477944374,4.097999572753906,15.756428446620703,6.234951496124268,4523.865077382288,1.5171887874603271,0.00045920081600000004,16,2048,,2549.6670928001404
adammini-softmax_fisher_projector-r8,adammini,softmax_fisher_projector,8,1.1B,sdpa,666,352,11567104,2.6849985122680664,14.658179572804642,nan,nan,nan,nan,23.97112798690796,4.097999572753906,0.01870039477944374,4.097999572753906,15.756428446620703,6.2175633907318115,4525.674839454894,1.9890036582946777,0.000458800824,16,2048,,2555.8879528045654
adammini-softmax_fisher_projector-r8,adammini,softmax_fisher_projector,8,1.1B,sdpa,666,353,11599872,2.328385353088379,10.261359677013136,nan,nan,nan,nan,23.97112798690796,4.097999572753906,0.01870039477944374,4.097999572753906,15.756428446620703,6.225876331329346,4527.461147944164,1.5548547506332397,0.00045840083200000007,16,2048,,2562.117120742798
adammini-softmax_fisher_projector-r8,adammini,softmax_fisher_projector,8,1.1B,sdpa,666,354,11632640,2.537914752960205,12.65325827254759,nan,nan,nan,nan,23.97112798690796,4.097999572753906,0.01870039477944374,4.097999572753906,15.756428446620703,6.245982885360718,4529.203395114014,1.860671877861023,0.00045800084,16,2048,,2568.366423368454
adammini-softmax_fisher_projector-r8,adammini,softmax_fisher_projector,8,1.1B,sdpa,666,355,11665408,2.455648899078369,11.653993361388041,nan,nan,nan,nan,23.97112798690796,4.097999572753906,0.01870039477944374,4.097999572753906,15.756428446620703,6.230885744094849,4530.963675770759,1.5836321115493774,0.00045760084800000004,16,2048,,2574.6005470752716
adammini-softmax_fisher_projector-r8,adammini,softmax_fisher_projector,8,1.1B,sdpa,666,356,11698176,2.4299135208129883,11.357899815587142,nan,nan,nan,nan,23.97112798690796,4.097999572753906,0.01870039477944374,4.097999572753906,15.756428446620703,6.222044467926025,4532.731092440158,1.6102901697158813,0.000457200856,16,2048,,2580.8258769512177
adammini-softmax_fisher_projector-r8,adammini,softmax_fisher_projector,8,1.1B,sdpa,666,357,11730944,2.3618946075439453,10.611036169273238,nan,nan,nan,nan,23.97112798690796,4.097999572753906,0.01870039477944374,4.097999572753906,15.756428446620703,6.205823659896851,4534.51840240251,1.7857297658920288,0.000456800864,16,2048,,2587.034998893738
adammini-softmax_fisher_projector-r8,adammini,softmax_fisher_projector,8,1.1B,sdpa,666,358,11763712,2.403385877609253,11.060562763873628,nan,nan,nan,nan,23.97112798690796,4.097999572753906,0.01870039477944374,4.097999572753906,15.756428446620703,6.202866315841675,4536.302277519968,1.714705228805542,0.000456400872,16,2048,,2593.2410888671875
adammini-softmax_fisher_projector-r8,adammini,softmax_fisher_projector,8,1.1B,sdpa,666,359,11796480,2.4902915954589844,12.064793646613401,nan,nan,nan,nan,23.97112798690796,4.097999572753906,0.01870039477944374,4.097999572753906,15.756428446620703,6.2521374225616455,4537.991761310921,2.2052135467529297,0.00045600088000000003,16,2048,,2599.4963686466217
adammini-softmax_fisher_projector-r8,adammini,softmax_fisher_projector,8,1.1B,sdpa,666,360,11829248,2.5917091369628906,13.352573488771775,nan,nan,nan,nan,23.97112798690796,4.097999572753906,0.01870039477944374,4.097999572753906,15.756428446620703,6.185366153717041,4539.789469654381,2.1881041526794434,0.000455600888,16,2048,,2605.6851630210876
adammini-softmax_fisher_projector-r8,adammini,softmax_fisher_projector,8,1.1B,sdpa,666,361,11862016,2.406540870666504,11.09551386885784,nan,nan,nan,nan,23.97112798690796,4.097999572753906,0.01870039477944374,4.097999572753906,15.756428446620703,6.2202348709106445,4541.517756939498,1.693869948387146,0.00045520089600000006,16,2048,,2611.9087550640106
adammini-softmax_fisher_projector-r8,adammini,softmax_fisher_projector,8,1.1B,sdpa,666,362,11894784,2.3481931686401367,10.466641174021984,nan,nan,nan,nan,23.97112798690796,4.097999572753906,0.01870039477944374,4.097999572753906,15.756428446620703,6.226961851119995,4543.226234498387,1.8695844411849976,0.000454800904,16,2048,,2618.138922929764
adammini-softmax_fisher_projector-r8,adammini,softmax_fisher_projector,8,1.1B,sdpa,666,363,11927552,2.43157958984375,11.376838633032156,nan,nan,nan,nan,23.97112798690796,4.097999572753906,0.01870039477944374,4.097999572753906,15.756428446620703,6.21228551864624,4544.952219772134,2.4568774700164795,0.00045440091200000003,16,2048,,2624.354513645172
adammini-softmax_fisher_projector-r8,adammini,softmax_fisher_projector,8,1.1B,sdpa,666,364,11960320,2.339017391204834,10.371040878385505,nan,nan,nan,nan,23.97112798690796,4.097999572753906,0.01870039477944374,4.097999572753906,15.756428446620703,6.2401487827301025,4546.621722277131,1.7815626859664917,0.00045400092000000004,16,2048,,2630.597980260849
adammini-softmax_fisher_projector-r8,adammini,softmax_fisher_projector,8,1.1B,sdpa,666,365,11993088,2.399838924407959,11.021400958972304,nan,nan,nan,nan,23.97112798690796,4.097999572753906,0.01870039477944374,4.097999572753906,15.756428446620703,6.227355480194092,4548.305392606139,1.7563979625701904,0.000453600928,16,2048,,2636.8285477161407
adammini-softmax_fisher_projector-r8,adammini,softmax_fisher_projector,8,1.1B,sdpa,666,366,12025856,2.4683773517608643,11.803278734841536,nan,nan,nan,nan,23.97112798690796,4.097999572753906,0.01870039477944374,4.097999572753906,15.756428446620703,6.217737674713135,4549.9978423159255,1.662131428718567,0.000453200936,16,2048,,2643.0493879318237
adammini-softmax_fisher_projector-r8,adammini,softmax_fisher_projector,8,1.1B,sdpa,666,367,12058624,2.386225938796997,10.872383374659565,nan,nan,nan,nan,23.97112798690796,4.097999572753906,0.01870039477944374,4.097999572753906,15.756428446620703,6.216946125030518,4551.683831849824,1.6520771980285645,0.00045280094399999997,16,2048,,2649.2696690559387
adammini-softmax_fisher_projector-r8,adammini,softmax_fisher_projector,8,1.1B,sdpa,666,368,12091392,2.3178725242614746,10.154048817871457,nan,nan,nan,nan,23.97112798690796,4.097999572753906,0.01870039477944374,4.097999572753906,15.756428446620703,6.207881689071655,4553.377153932505,1.5349904298782349,0.00045240095200000004,16,2048,,2655.4805252552032
adammini-softmax_fisher_projector-r8,adammini,softmax_fisher_projector,8,1.1B,sdpa,666,369,12124160,2.2060585021972656,9.079857532140991,nan,nan,nan,nan,23.97112798690796,4.097999572753906,0.01870039477944374,4.097999572753906,15.756428446620703,6.235300064086914,4555.016108301856,1.5748604536056519,0.00045200096,16,2048,,2661.7190396785736
adammini-softmax_fisher_projector-r8,adammini,softmax_fisher_projector,8,1.1B,sdpa,666,370,12156928,2.496885299682617,12.144608174960622,nan,nan,nan,nan,23.97112798690796,4.097999572753906,0.01870039477944374,4.097999572753906,15.756428446620703,6.2195093631744385,4556.674109305944,1.6294317245483398,0.000451600968,16,2048,,2667.9419362545013
adammini-softmax_fisher_projector-r8,adammini,softmax_fisher_projector,8,1.1B,sdpa,666,371,12189696,2.282043218612671,9.796676726378553,nan,nan,nan,nan,23.97112798690796,4.097999572753906,0.01870039477944374,4.097999572753906,15.756428446620703,6.2304933071136475,4558.305532931174,1.580195665359497,0.00045120097599999997,16,2048,,2674.175597667694
adammini-softmax_fisher_projector-r8,adammini,softmax_fisher_projector,8,1.1B,sdpa,666,372,12222464,2.392751693725586,10.943565891269948,nan,nan,nan,nan,23.97112798690796,4.097999572753906,0.01870039477944374,4.097999572753906,15.756428446620703,6.223757982254028,4559.940972846861,1.4486627578735352,0.000450800984,16,2048,,2680.402587413788
adammini-softmax_fisher_projector-r8,adammini,softmax_fisher_projector,8,1.1B,sdpa,666,373,12255232,2.2602791786193848,9.5857649338585,nan,nan,nan,nan,23.97112798690796,4.097999572753906,0.01870039477944374,4.097999572753906,15.756428446620703,6.229403257369995,4561.559178662462,1.7403396368026733,0.000450400992,16,2048,,2686.6351821422577
adammini-softmax_fisher_projector-r8,adammini,softmax_fisher_projector,8,1.1B,sdpa,666,374,12288000,2.473177909851074,11.860077283350329,nan,nan,nan,nan,23.97112798690796,4.097999572753906,0.01870039477944374,4.097999572753906,15.756428446620703,6.228142738342285,4563.172111005055,1.8000022172927856,0.000450001,16,2048,,2692.86643409729
adammini-softmax_fisher_projector-r8,adammini,softmax_fisher_projector,8,1.1B,sdpa,666,375,12320768,2.3834195137023926,10.841913620658255,nan,nan,nan,nan,23.97112798690796,4.097999572753906,0.01870039477944374,4.097999572753906,15.756428446620703,6.223769426345825,4564.785130044093,1.523739218711853,0.000449601008,16,2048,,2699.0933508872986
adammini-softmax_fisher_projector-r8,adammini,softmax_fisher_projector,8,1.1B,sdpa,666,376,12353536,2.435173749923706,11.417802383323691,nan,nan,nan,nan,23.97112798690796,4.097999572753906,0.01870039477944374,4.097999572753906,15.756428446620703,6.227926254272461,4566.383654905967,1.9201632738113403,0.00044920101600000003,16,2048,,2705.324518918991
adammini-softmax_fisher_projector-r8,adammini,softmax_fisher_projector,8,1.1B,sdpa,666,377,12386304,2.4422800540924072,11.499229741113583,nan,nan,nan,nan,23.97112798690796,4.097999572753906,0.01870039477944374,4.097999572753906,15.756428446620703,6.237241506576538,4567.958967194461,1.8298845291137695,0.000448801024,16,2048,,2711.564745426178
adammini-softmax_fisher_projector-r8,adammini,softmax_fisher_projector,8,1.1B,sdpa,666,378,12419072,2.3143117427825928,10.117956764996574,nan,nan,nan,nan,23.97112798690796,4.097999572753906,0.01870039477944374,4.097999572753906,15.756428446620703,6.240384578704834,4569.521958258204,1.5433132648468018,0.00044840103200000005,16,2048,,2717.8084630966187
adammini-softmax_fisher_projector-r8,adammini,softmax_fisher_projector,8,1.1B,sdpa,666,379,12451840,2.5383055210113525,12.658203727823448,nan,nan,nan,nan,23.97112798690796,4.097999572753906,0.01870039477944374,4.097999572753906,15.756428446620703,6.208260536193848,4571.131575994377,1.5621999502182007,0.00044800104,16,2048,,2724.0198798179626
adammini-softmax_fisher_projector-r8,adammini,softmax_fisher_projector,8,1.1B,sdpa,666,380,12484608,2.7689361572265625,15.941665559810573,nan,nan,nan,nan,23.97112798690796,4.097999572753906,0.01870039477944374,4.097999572753906,15.756428446620703,6.237072229385376,4572.685656411939,1.6838154792785645,0.000447601048,16,2048,,2730.2602319717407
adammini-softmax_fisher_projector-r8,adammini,softmax_fisher_projector,8,1.1B,sdpa,666,381,12517376,2.4270410537719727,11.32532143527409,nan,nan,nan,nan,23.97112798690796,4.097999572753906,0.01870039477944374,4.097999572753906,15.756428446620703,6.234947204589844,4574.236064081045,1.6393245458602905,0.000447201056,16,2048,,2736.498368501663
adammini-softmax_fisher_projector-r8,adammini,softmax_fisher_projector,8,1.1B,sdpa,666,382,12550144,2.4070611000061035,11.101287582407732,nan,nan,nan,nan,23.97112798690796,4.097999572753906,0.01870039477944374,4.097999572753906,15.756428446620703,6.221715211868286,4575.801554191058,1.6498544216156006,0.000446801064,16,2048,,2742.7231075763702
adammini-softmax_fisher_projector-r8,adammini,softmax_fisher_projector,8,1.1B,sdpa,666,383,12582912,2.321721076965332,10.193202504090467,nan,nan,nan,nan,23.97112798690796,4.097999572753906,0.01870039477944374,4.097999572753906,15.756428446620703,6.2481629848480225,4577.316220112788,1.7638475894927979,0.000446401072,16,2048,,2748.974513053894
adammini-softmax_fisher_projector-r8,adammini,softmax_fisher_projector,8,1.1B,sdpa,666,384,12615680,2.4302361011505127,11.36156424174736,nan,nan,nan,nan,23.97112798690796,4.097999572753906,0.01870039477944374,4.097999572753906,15.756428446620703,6.184185981750488,4578.930015158091,1.9409035444259644,0.00044600108,16,2048,,2755.1618547439575
adammini-softmax_fisher_projector-r8,adammini,softmax_fisher_projector,8,1.1B,sdpa,666,385,12648448,2.4232962131500244,11.282989224669237,nan,nan,nan,nan,23.97112798690796,4.097999572753906,0.01870039477944374,4.097999572753906,15.756428446620703,6.2378928661346436,4580.447465610807,1.6436325311660767,0.000445601088,16,2048,,2761.402923107147
adammini-softmax_fisher_projector-r8,adammini,softmax_fisher_projector,8,1.1B,sdpa,666,386,12681216,2.3646438121795654,10.640248215646164,nan,nan,nan,nan,23.97112798690796,4.097999572753906,0.01870039477944374,4.097999572753906,15.756428446620703,6.245459794998169,4581.945668427759,1.621278166770935,0.000445201096,16,2048,,2767.6516280174255
adammini-softmax_fisher_projector-r8,adammini,softmax_fisher_projector,8,1.1B,sdpa,666,387,12713984,2.378636360168457,10.790178909377119,nan,nan,nan,nan,23.97112798690796,4.097999572753906,0.01870039477944374,4.097999572753906,15.756428446620703,6.237147092819214,4583.450845852992,1.7269927263259888,0.00044480110399999995,16,2048,,2773.8920242786407
adammini-softmax_fisher_projector-r8,adammini,softmax_fisher_projector,8,1.1B,sdpa,666,388,12746752,2.411651134490967,11.152359997643067,nan,nan,nan,nan,23.97112798690796,4.097999572753906,0.01870039477944374,4.097999572753906,15.756428446620703,6.287594318389893,4584.865915162947,1.6517229080200195,0.00044440111200000007,16,2048,,2780.1828260421753
adammini-softmax_fisher_projector-r8,adammini,softmax_fisher_projector,8,1.1B,sdpa,666,389,12779520,2.504781484603882,12.240883851951144,nan,nan,nan,nan,23.97112798690796,4.097999572753906,0.01870039477944374,4.097999572753906,15.756428446620703,6.175407886505127,4586.459372275446,1.8104884624481201,0.00044400112000000003,16,2048,,2786.361354112625
adammini-softmax_fisher_projector-r8,adammini,softmax_fisher_projector,8,1.1B,sdpa,666,390,12812288,2.553900718688965,12.8571582524751,nan,nan,nan,nan,23.97112798690796,4.097999572753906,0.01870039477944374,4.097999572753906,15.756428446620703,6.216435670852661,4587.978483157021,1.934680461883545,0.00044360112800000004,16,2048,,2792.5810327529907
adammini-softmax_fisher_projector-r8,adammini,softmax_fisher_projector,8,1.1B,sdpa,666,391,12845056,2.480388641357422,11.945906188995485,nan,nan,nan,nan,23.97112798690796,4.097999572753906,0.01870039477944374,4.097999572753906,15.756428446620703,6.242244482040405,4589.448376273143,1.8872545957565308,0.000443201136,16,2048,,2798.826227903366
adammini-softmax_fisher_projector-r8,adammini,softmax_fisher_projector,8,1.1B,sdpa,666,392,12877824,2.4489245414733887,11.575890632137975,nan,nan,nan,nan,23.97112798690796,4.097999572753906,0.01870039477944374,4.097999572753906,15.756428446620703,6.2271387577056885,4590.936710270262,1.6815804243087769,0.000442801144,16,2048,,2805.056562900543
adammini-softmax_fisher_projector-r8,adammini,softmax_fisher_projector,8,1.1B,sdpa,666,393,12910592,2.2650742530822754,9.631839768349053,nan,nan,nan,nan,23.97112798690796,4.097999572753906,0.01870039477944374,4.097999572753906,15.756428446620703,6.221667289733887,4592.42717643694,1.6699494123458862,0.000442401152,16,2048,,2811.2814774513245
adammini-softmax_fisher_projector-r8,adammini,softmax_fisher_projector,8,1.1B,sdpa,666,394,12943360,2.1645162105560303,8.710386904107017,nan,nan,nan,nan,23.97112798690796,4.097999572753906,0.01870039477944374,4.097999572753906,15.756428446620703,6.211779594421387,4593.927164145058,1.7452857494354248,0.00044200116000000004,16,2048,,2817.4964685440063
adammini-softmax_fisher_projector-r8,adammini,softmax_fisher_projector,8,1.1B,sdpa,666,395,12976128,2.500074863433838,12.183406018173532,nan,nan,nan,nan,23.97112798690796,4.097999572753906,0.01870039477944374,4.097999572753906,15.756428446620703,6.236477375030518,4595.380338393744,1.7760205268859863,0.000441601168,16,2048,,2823.7360384464264
adammini-softmax_fisher_projector-r8,adammini,softmax_fisher_projector,8,1.1B,sdpa,666,396,13008896,2.3477203845977783,10.461693882690165,nan,nan,nan,nan,23.97112798690796,4.097999572753906,0.01870039477944374,4.097999572753906,15.756428446620703,6.224223613739014,4596.847135132668,1.6329489946365356,0.000441201176,16,2048,,2829.963431119919
adammini-softmax_fisher_projector-r8,adammini,softmax_fisher_projector,8,1.1B,sdpa,666,397,13041664,2.268423318862915,9.664151510194946,nan,nan,nan,nan,23.97112798690796,4.097999572753906,0.01870039477944374,4.097999572753906,15.756428446620703,6.2458343505859375,4598.272416355897,1.7443509101867676,0.00044080118399999997,16,2048,,2836.212431907654
adammini-softmax_fisher_projector-r8,adammini,softmax_fisher_projector,8,1.1B,sdpa,666,398,13074432,2.6965434551239014,14.82838805139714,nan,nan,nan,nan,23.97112798690796,4.097999572753906,0.01870039477944374,4.097999572753906,15.756428446620703,6.224164009094238,4599.726449189963,1.9135534763336182,0.00044040119200000003,16,2048,,2842.4398992061615
adammini-softmax_fisher_projector-r8,adammini,softmax_fisher_projector,8,1.1B,sdpa,666,399,13107200,2.264894723892212,9.630110727167946,nan,nan,nan,nan,23.97112798690796,4.097999572753906,0.01870039477944374,4.097999572753906,15.756428446620703,6.231533527374268,4601.162015944673,1.6499614715576172,0.0004400012,16,2048,,2848.6744961738586
adammini-softmax_fisher_projector-r8,adammini,softmax_fisher_projector,8,1.1B,sdpa,666,400,13139968,2.4765427112579346,11.900051302681952,2.4921644619398076,12.087410566857123,nan,nan,23.97112798690796,4.097999572753906,0.01870039477944374,4.097999572753906,15.756428446620703,6.238044261932373,4602.581095866388,1.5952376127243042,0.00043960120799999995,16,2048,,2867.9128828048706
adammini-softmax_fisher_projector-r8,adammini,softmax_fisher_projector,8,1.1B,sdpa,666,401,13172736,2.468250036239624,11.801776089914107,nan,nan,nan,nan,23.97112798690796,4.097999572753906,0.01870039477944374,4.097999572753906,15.756428446620703,6.24331521987915,4583.165095824111,1.6519708633422852,0.000439201216,16,2048,,2874.1599683761597
adammini-softmax_fisher_projector-r8,adammini,softmax_fisher_projector,8,1.1B,sdpa,666,402,13205504,2.3406314849853516,10.387794228066273,nan,nan,nan,nan,23.97112798690796,4.097999572753906,0.01870039477944374,4.097999572753906,15.756428446620703,6.199758529663086,4584.671380045398,1.6516393423080444,0.00043880122400000003,16,2048,,2880.362990140915
adammini-softmax_fisher_projector-r8,adammini,softmax_fisher_projector,8,1.1B,sdpa,666,403,13238272,2.480360984802246,11.945575810950423,nan,nan,nan,nan,23.97112798690796,4.097999572753906,0.01870039477944374,4.097999572753906,15.756428446620703,6.216267824172974,4586.144925828099,1.637948989868164,0.00043840123200000004,16,2048,,2886.582502603531
adammini-softmax_fisher_projector-r8,adammini,softmax_fisher_projector,8,1.1B,sdpa,666,404,13271040,2.4928369522094727,12.095541966685966,nan,nan,nan,nan,23.97112798690796,4.097999572753906,0.01870039477944374,4.097999572753906,15.756428446620703,6.227965354919434,4587.593633782178,1.5834146738052368,0.00043800124,16,2048,,2892.813723087311
adammini-softmax_fisher_projector-r8,adammini,softmax_fisher_projector,8,1.1B,sdpa,666,405,13303808,2.410770893096924,11.142547548027615,nan,nan,nan,nan,23.97112798690796,4.097999572753906,0.01870039477944374,4.097999572753906,15.756428446620703,6.214975595474243,4589.056615118036,1.5154660940170288,0.000437601248,16,2048,,2899.0319244861603
adammini-softmax_fisher_projector-r8,adammini,softmax_fisher_projector,8,1.1B,sdpa,666,406,13336576,2.439129114151001,11.463053383523109,nan,nan,nan,nan,23.97112798690796,4.097999572753906,0.01870039477944374,4.097999572753906,15.756428446620703,6.224639415740967,4590.498088078917,1.8035013675689697,0.000437201256,16,2048,,2905.2597687244415
adammini-softmax_fisher_projector-r8,adammini,softmax_fisher_projector,8,1.1B,sdpa,666,407,13369344,2.4054791927337646,11.083740257628381,nan,nan,nan,nan,23.97112798690796,4.097999572753906,0.01870039477944374,4.097999572753906,15.756428446620703,6.243093967437744,4591.9044074417825,1.6206432580947876,0.000436801264,16,2048,,2911.5061247348785
adammini-softmax_fisher_projector-r8,adammini,softmax_fisher_projector,8,1.1B,sdpa,666,408,13402112,2.215960741043091,9.170215082806507,nan,nan,nan,nan,23.97112798690796,4.097999572753906,0.01870039477944374,4.097999572753906,15.756428446620703,6.228945255279541,4593.326846208899,1.6092504262924194,0.000436401272,16,2048,,2917.738201379776
adammini-softmax_fisher_projector-r8,adammini,softmax_fisher_projector,8,1.1B,sdpa,666,409,13434880,2.292844772338867,9.903069626254208,nan,nan,nan,nan,23.97112798690796,4.097999572753906,0.01870039477944374,4.097999572753906,15.756428446620703,6.236120223999023,4594.73213389942,1.4247652292251587,0.00043600128,16,2048,,2923.9775125980377
adammini-softmax_fisher_projector-r8,adammini,softmax_fisher_projector,8,1.1B,sdpa,666,410,13467648,2.3362390995025635,10.342267091064965,nan,nan,nan,nan,23.97112798690796,4.097999572753906,0.01870039477944374,4.097999572753906,15.756428446620703,6.22445821762085,4596.149677007626,1.5966904163360596,0.00043560128799999997,16,2048,,2930.205220222473
adammini-softmax_fisher_projector-r8,adammini,softmax_fisher_projector,8,1.1B,sdpa,666,411,13500416,2.3269224166870117,10.246358935654763,nan,nan,nan,nan,23.97112798690796,4.097999572753906,0.01870039477944374,4.097999572753906,15.756428446620703,6.23030424118042,4597.551983400888,1.5349301099777222,0.00043520129600000003,16,2048,,2936.438570022583
adammini-softmax_fisher_projector-r8,adammini,softmax_fisher_projector,8,1.1B,sdpa,666,412,13533184,2.4481914043426514,11.567407027097117,nan,nan,nan,nan,23.97112798690796,4.097999572753906,0.01870039477944374,4.097999572753906,15.756428446620703,6.226873397827148,4598.953830967838,1.554038166999817,0.000434801304,16,2048,,2942.668699026108
adammini-softmax_fisher_projector-r8,adammini,softmax_fisher_projector,8,1.1B,sdpa,666,413,13565952,2.363879680633545,10.632120771940627,nan,nan,nan,nan,23.97112798690796,4.097999572753906,0.01870039477944374,4.097999572753906,15.756428446620703,6.214423656463623,4600.369017325532,1.5867927074432373,0.000434401312,16,2048,,2948.8864028453827
adammini-softmax_fisher_projector-r8,adammini,softmax_fisher_projector,8,1.1B,sdpa,666,414,13598720,2.349609851837158,10.481479596892934,nan,nan,nan,nan,23.97112798690796,4.097999572753906,0.01870039477944374,4.097999572753906,15.756428446620703,6.222845792770386,4601.765170019259,1.8734772205352783,0.00043400132,16,2048,,2955.112454891205
adammini-softmax_fisher_projector-r8,adammini,softmax_fisher_projector,8,1.1B,sdpa,666,415,13631488,2.4339356422424316,11.40367466211441,nan,nan,nan,nan,23.97112798690796,4.097999572753906,0.01870039477944374,4.097999572753906,15.756428446620703,6.245824575424194,4603.119757737859,1.5200988054275513,0.00043360132800000003,16,2048,,2961.3614468574524
adammini-softmax_fisher_projector-r8,adammini,softmax_fisher_projector,8,1.1B,sdpa,666,416,13664256,2.3379290103912354,10.359759376874967,nan,nan,nan,nan,23.97112798690796,4.097999572753906,0.01870039477944374,4.097999572753906,15.756428446620703,6.231997966766357,4604.4901662565935,1.5419845581054688,0.00043320133600000004,16,2048,,2967.596621274948
adammini-softmax_fisher_projector-r8,adammini,softmax_fisher_projector,8,1.1B,sdpa,666,417,13697024,2.4961352348327637,12.135502346661116,nan,nan,nan,nan,23.97112798690796,4.097999572753906,0.01870039477944374,4.097999572753906,15.756428446620703,6.238925218582153,4605.844060887408,1.5800323486328125,0.00043280134400000005,16,2048,,2973.8387520313263
adammini-softmax_fisher_projector-r8,adammini,softmax_fisher_projector,8,1.1B,sdpa,666,418,13729792,2.536229133605957,12.631947661344276,nan,nan,nan,nan,23.97112798690796,4.097999572753906,0.01870039477944374,4.097999572753906,15.756428446620703,6.2240753173828125,4607.215215965513,1.7628051042556763,0.000432401352,16,2048,,2980.066004514694
adammini-softmax_fisher_projector-r8,adammini,softmax_fisher_projector,8,1.1B,sdpa,666,419,13762560,2.348984718322754,10.474929320328393,nan,nan,nan,nan,23.97112798690796,4.097999572753906,0.01870039477944374,4.097999572753906,15.756428446620703,6.2403788566589355,4608.55553829228,1.7043391466140747,0.00043200136,16,2048,,2986.3093552589417
adammini-softmax_fisher_projector-r8,adammini,softmax_fisher_projector,8,1.1B,sdpa,666,420,13795328,2.3442959785461426,10.425930064714137,nan,nan,nan,nan,23.97112798690796,4.097999572753906,0.01870039477944374,4.097999572753906,15.756428446620703,6.239885568618774,4609.891136050096,1.5447494983673096,0.000431601368,16,2048,,2992.5526762008667
adammini-softmax_fisher_projector-r8,adammini,softmax_fisher_projector,8,1.1B,sdpa,666,421,13828096,2.2970783710479736,9.945084122545353,nan,nan,nan,nan,23.97112798690796,4.097999572753906,0.01870039477944374,4.097999572753906,15.756428446620703,6.229650259017944,4611.236644372195,1.4499719142913818,0.00043120137600000005,16,2048,,2998.785010576248
adammini-softmax_fisher_projector-r8,adammini,softmax_fisher_projector,8,1.1B,sdpa,666,422,13860864,2.5101141929626465,12.306335277160578,nan,nan,nan,nan,23.97112798690796,4.097999572753906,0.01870039477944374,4.097999572753906,15.756428446620703,6.223662376403809,4612.586633225881,1.6792079210281372,0.000430801384,16,2048,,3005.011858701706
adammini-softmax_fisher_projector-r8,adammini,softmax_fisher_projector,8,1.1B,sdpa,666,423,13893632,2.320192575454712,10.177634079875936,nan,nan,nan,nan,23.97112798690796,4.097999572753906,0.01870039477944374,4.097999572753906,15.756428446620703,6.234220504760742,4613.914110338523,1.5219590663909912,0.000430401392,16,2048,,3011.249175786972
adammini-softmax_fisher_projector-r8,adammini,softmax_fisher_projector,8,1.1B,sdpa,666,424,13926400,2.4374094009399414,11.443357159962472,nan,nan,nan,nan,23.97112798690796,4.097999572753906,0.01870039477944374,4.097999572753906,15.756428446620703,6.22189998626709,4615.255103789291,1.6642290353775024,0.0004300014,16,2048,,3017.4742827415466
adammini-softmax_fisher_projector-r8,adammini,softmax_fisher_projector,8,1.1B,sdpa,666,425,13959168,2.9799764156341553,19.687352325567325,nan,nan,nan,nan,23.97112798690796,4.097999572753906,0.01870039477944374,4.097999572753906,15.756428446620703,6.225310802459717,4616.585209746821,2.1239242553710938,0.000429601408,16,2048,,3023.7028024196625
adammini-softmax_fisher_projector-r8,adammini,softmax_fisher_projector,8,1.1B,sdpa,666,426,13991936,2.645728349685669,14.093706492417324,nan,nan,nan,nan,23.97112798690796,4.097999572753906,0.01870039477944374,4.097999572753906,15.756428446620703,6.217579364776611,4617.921617629898,1.581807017326355,0.000429201416,16,2048,,3029.923445701599
adammini-softmax_fisher_projector-r8,adammini,softmax_fisher_projector,8,1.1B,sdpa,666,427,14024704,2.444138288497925,11.52061787138074,nan,nan,nan,nan,23.97112798690796,4.097999572753906,0.01870039477944374,4.097999572753906,15.756428446620703,6.240212917327881,4619.218228116543,1.5751746892929077,0.00042880142400000007,16,2048,,3036.166915178299
adammini-softmax_fisher_projector-r8,adammini,softmax_fisher_projector,8,1.1B,sdpa,666,428,14057472,2.4471898078918457,11.555826953522137,nan,nan,nan,nan,23.97112798690796,4.097999572753906,0.01870039477944374,4.097999572753906,15.756428446620703,6.23891806602478,4620.511306831962,1.571382999420166,0.00042840143200000003,16,2048,,3042.4090960025787
adammini-softmax_fisher_projector-r8,adammini,softmax_fisher_projector,8,1.1B,sdpa,666,429,14090240,2.3674001693725586,10.66961699718259,nan,nan,nan,nan,23.97112798690796,4.097999572753906,0.01870039477944374,4.097999572753906,15.756428446620703,6.231491327285767,4621.810393878918,1.6301748752593994,0.00042800144000000004,16,2048,,3048.643749475479
adammini-softmax_fisher_projector-r8,adammini,softmax_fisher_projector,8,1.1B,sdpa,666,430,14123008,2.42936635017395,11.351686806230079,nan,nan,nan,nan,23.97112798690796,4.097999572753906,0.01870039477944374,4.097999572753906,15.756428446620703,6.243214130401611,4623.0865361328115,1.515386939048767,0.000427601448,16,2048,,3054.8902637958527
adammini-softmax_fisher_projector-r8,adammini,softmax_fisher_projector,8,1.1B,sdpa,666,431,14155776,2.2876579761505127,9.851837402871928,nan,nan,nan,nan,23.97112798690796,4.097999572753906,0.01870039477944374,4.097999572753906,15.756428446620703,6.229835510253906,4624.377507487402,1.58098304271698,0.00042720145600000007,16,2048,,3061.1232028007507
adammini-softmax_fisher_projector-r8,adammini,softmax_fisher_projector,8,1.1B,sdpa,666,432,14188544,2.5503578186035156,12.811687222624764,nan,nan,nan,nan,23.97112798690796,4.097999572753906,0.01870039477944374,4.097999572753906,15.756428446620703,6.222133636474609,4625.675053559956,1.6054372787475586,0.000426801464,16,2048,,3067.34849858284
adammini-softmax_fisher_projector-r8,adammini,softmax_fisher_projector,8,1.1B,sdpa,666,433,14221312,2.310427665710449,10.078734062418247,nan,nan,nan,nan,23.97112798690796,4.097999572753906,0.01870039477944374,4.097999572753906,15.756428446620703,6.236968040466309,4626.944968746374,1.558306336402893,0.00042640147200000004,16,2048,,3073.588541984558
adammini-softmax_fisher_projector-r8,adammini,softmax_fisher_projector,8,1.1B,sdpa,666,434,14254080,2.394859790802002,10.966660324631848,nan,nan,nan,nan,23.97112798690796,4.097999572753906,0.01870039477944374,4.097999572753906,15.756428446620703,6.227024555206299,4628.224694862285,1.575710654258728,0.00042600148,16,2048,,3079.8188371658325
adammini-softmax_fisher_projector-r8,adammini,softmax_fisher_projector,8,1.1B,sdpa,666,435,14286848,2.275986433029175,9.737519687612004,nan,nan,nan,nan,23.97112798690796,4.097999572753906,0.01870039477944374,4.097999572753906,15.756428446620703,6.223616600036621,4629.504191418311,1.5334477424621582,0.00042560148799999995,16,2048,,3086.045748233795
adammini-softmax_fisher_projector-r8,adammini,softmax_fisher_projector,8,1.1B,sdpa,666,436,14319616,2.5356884002685547,12.625118992538289,nan,nan,nan,nan,23.97112798690796,4.097999572753906,0.01870039477944374,4.097999572753906,15.756428446620703,6.223510503768921,4630.778777018943,1.5165284872055054,0.000425201496,16,2048,,3092.2724351882935
adammini-softmax_fisher_projector-r8,adammini,softmax_fisher_projector,8,1.1B,sdpa,666,437,14352384,2.4428188800811768,11.505427494554288,nan,nan,nan,nan,23.97112798690796,4.097999572753906,0.01870039477944374,4.097999572753906,15.756428446620703,6.233202695846558,4632.033791304654,1.8176050186157227,0.000424801504,16,2048,,3098.508776664734
adammini-softmax_fisher_projector-r8,adammini,softmax_fisher_projector,8,1.1B,sdpa,666,438,14385152,2.390255928039551,10.91628736959431,nan,nan,nan,nan,23.97112798690796,4.097999572753906,0.01870039477944374,4.097999572753906,15.756428446620703,6.2347187995910645,4633.281557837326,1.7439662218093872,0.000424401512,16,2048,,3104.7466378211975
adammini-softmax_fisher_projector-r8,adammini,softmax_fisher_projector,8,1.1B,sdpa,666,439,14417920,2.4484939575195312,11.570907312325934,nan,nan,nan,nan,23.97112798690796,4.097999572753906,0.01870039477944374,4.097999572753906,15.756428446620703,6.235353231430054,4634.523387136051,1.6632708311080933,0.00042400151999999995,16,2048,,3110.9852368831635
adammini-softmax_fisher_projector-r8,adammini,softmax_fisher_projector,8,1.1B,sdpa,666,440,14450688,2.4256250858306885,11.309296491277937,nan,nan,nan,nan,23.97112798690796,4.097999572753906,0.01870039477944374,4.097999572753906,15.756428446620703,6.238354444503784,4635.755619910301,1.5175353288650513,0.000423601528,16,2048,,3117.226911306381
adammini-softmax_fisher_projector-r8,adammini,softmax_fisher_projector,8,1.1B,sdpa,666,441,14483456,2.5237464904785156,12.475247616748087,nan,nan,nan,nan,23.97112798690796,4.097999572753906,0.01870039477944374,4.097999572753906,15.756428446620703,6.221350908279419,4637.008111814771,1.5033074617385864,0.00042320153600000003,16,2048,,3123.4512932300568
adammini-softmax_fisher_projector-r8,adammini,softmax_fisher_projector,8,1.1B,sdpa,666,442,14516224,2.2529265880584717,9.515543201262867,nan,nan,nan,nan,23.97112798690796,4.097999572753906,0.01870039477944374,4.097999572753906,15.756428446620703,6.234728574752808,4638.236043262949,1.4903556108474731,0.00042280154400000004,16,2048,,3129.6892051696777
adammini-softmax_fisher_projector-r8,adammini,softmax_fisher_projector,8,1.1B,sdpa,666,443,14548992,2.3205268383026123,10.181036653473653,nan,nan,nan,nan,23.97112798690796,4.097999572753906,0.01870039477944374,4.097999572753906,15.756428446620703,6.23223352432251,4639.46269345199,1.5212652683258057,0.000422401552,16,2048,,3135.9246921539307
adammini-softmax_fisher_projector-r8,adammini,softmax_fisher_projector,8,1.1B,sdpa,666,444,14581760,2.817920446395874,16.741998562833455,nan,nan,nan,nan,23.97112798690796,4.097999572753906,0.01870039477944374,4.097999572753906,15.756428446620703,6.227560520172119,4640.691355007151,1.9080064296722412,0.00042200156,16,2048,,3142.1553914546967
adammini-softmax_fisher_projector-r8,adammini,softmax_fisher_projector,8,1.1B,sdpa,666,445,14614528,2.7229278087615967,15.224832452318726,nan,nan,nan,nan,23.97112798690796,4.097999572753906,0.01870039477944374,4.097999572753906,15.756428446620703,6.235422134399414,4641.903635922705,1.737682580947876,0.00042160156799999997,16,2048,,3148.394029378891
adammini-softmax_fisher_projector-r8,adammini,softmax_fisher_projector,8,1.1B,sdpa,666,446,14647296,2.287702798843384,9.852278998650734,nan,nan,nan,nan,23.97112798690796,4.097999572753906,0.01870039477944374,4.097999572753906,15.756428446620703,6.212972164154053,4643.144083639892,1.7060564756393433,0.00042120157600000004,16,2048,,3154.609984397888
adammini-softmax_fisher_projector-r8,adammini,softmax_fisher_projector,8,1.1B,sdpa,666,447,14680064,2.620839834213257,13.747264161095483,nan,nan,nan,nan,23.97112798690796,4.097999572753906,0.01870039477944374,4.097999572753906,15.756428446620703,6.20590877532959,4644.390274143012,1.625475287437439,0.000420801584,16,2048,,3160.819173336029
adammini-softmax_fisher_projector-r8,adammini,softmax_fisher_projector,8,1.1B,sdpa,666,448,14712832,2.331354856491089,10.291876106386528,nan,nan,nan,nan,23.97112798690796,4.097999572753906,0.01870039477944374,4.097999572753906,15.756428446620703,6.234195947647095,4645.58977999143,1.565880298614502,0.000420401592,16,2048,,3167.0564155578613
adammini-softmax_fisher_projector-r8,adammini,softmax_fisher_projector,8,1.1B,sdpa,666,449,14745600,2.180767297744751,8.853096614341702,nan,nan,nan,nan,23.97112798690796,4.097999572753906,0.01870039477944374,4.097999572753906,15.756428446620703,6.246360778808594,4646.766948937534,1.4476405382156372,0.00042000159999999997,16,2048,,3173.3060097694397
adammini-softmax_fisher_projector-r8,adammini,softmax_fisher_projector,8,1.1B,sdpa,666,450,14778368,2.6391549110412598,14.001366206621126,2.4862931424995405,12.016649452043247,nan,nan,23.97112798690796,4.097999572753906,0.01870039477944374,4.097999572753906,15.756428446620703,6.238523483276367,4647.950786473777,1.862216591835022,0.000419601608,16,2048,,3193.0468151569366
adammini-softmax_fisher_projector-r8,adammini,softmax_fisher_projector,8,1.1B,sdpa,666,451,14811136,2.37565279006958,10.758033631911507,nan,nan,nan,nan,23.97112798690796,4.097999572753906,0.01870039477944374,4.097999572753906,15.756428446620703,6.230380535125732,4629.5253408553435,1.5969599485397339,0.000419201616,16,2048,,3199.280396938324
adammini-softmax_fisher_projector-r8,adammini,softmax_fisher_projector,8,1.1B,sdpa,666,452,14843904,2.359251022338867,10.583022036234244,nan,nan,nan,nan,23.97112798690796,4.097999572753906,0.01870039477944374,4.097999572753906,15.756428446620703,6.225621938705444,4630.7518182365675,1.5955889225006104,0.000418801624,16,2048,,3205.50927400589
adammini-softmax_fisher_projector-r8,adammini,softmax_fisher_projector,8,1.1B,sdpa,666,453,14876672,2.1698360443115234,8.756848187962394,nan,nan,nan,nan,23.97112798690796,4.097999572753906,0.01870039477944374,4.097999572753906,15.756428446620703,6.20365571975708,4632.005136832756,1.6120281219482422,0.000418401632,16,2048,,3211.716171979904
adammini-softmax_fisher_projector-r8,adammini,softmax_fisher_projector,8,1.1B,sdpa,666,454,14909440,2.3992505073547363,11.014917686318796,nan,nan,nan,nan,23.97112798690796,4.097999572753906,0.01870039477944374,4.097999572753906,15.756428446620703,6.21235990524292,4633.241127451016,1.4869078397750854,0.00041800164000000003,16,2048,,3217.9317715168
adammini-softmax_fisher_projector-r8,adammini,softmax_fisher_projector,8,1.1B,sdpa,666,455,14942208,2.5014452934265137,12.200113969117425,nan,nan,nan,nan,23.97112798690796,4.097999572753906,0.01870039477944374,4.097999572753906,15.756428446620703,6.206338405609131,4634.481002171436,1.576872706413269,0.000417601648,16,2048,,3224.141275405884
adammini-softmax_fisher_projector-r8,adammini,softmax_fisher_projector,8,1.1B,sdpa,666,456,14974976,2.2821106910705566,9.797337754536741,nan,nan,nan,nan,23.97112798690796,4.097999572753906,0.01870039477944374,4.097999572753906,15.756428446620703,6.213876008987427,4635.7054069275755,1.5461379289627075,0.00041720165600000005,16,2048,,3230.3583693504333
adammini-softmax_fisher_projector-r8,adammini,softmax_fisher_projector,8,1.1B,sdpa,666,457,15007744,2.252964735031128,9.51590619735273,nan,nan,nan,nan,23.97112798690796,4.097999572753906,0.01870039477944374,4.097999572753906,15.756428446620703,6.226032972335815,4636.9076022347635,1.774766445159912,0.000416801664,16,2048,,3236.5875465869904
adammini-softmax_fisher_projector-r8,adammini,softmax_fisher_projector,8,1.1B,sdpa,666,458,15040512,2.3907861709594727,10.92207718855347,nan,nan,nan,nan,23.97112798690796,4.097999572753906,0.01870039477944374,4.097999572753906,15.756428446620703,6.241454839706421,4638.083226519991,1.6871297359466553,0.000416401672,16,2048,,3242.832313299179
adammini-softmax_fisher_projector-r8,adammini,softmax_fisher_projector,8,1.1B,sdpa,666,459,15073280,2.3899946212768555,10.913435242537382,nan,nan,nan,nan,23.97112798690796,4.097999572753906,0.01870039477944374,4.097999572753906,15.756428446620703,6.227538347244263,4639.273976084633,1.4879239797592163,0.00041600168,16,2048,,3249.063174009323
adammini-softmax_fisher_projector-r8,adammini,softmax_fisher_projector,8,1.1B,sdpa,666,460,15106048,2.358292818069458,10.572886196213986,nan,nan,nan,nan,23.97112798690796,4.097999572753906,0.01870039477944374,4.097999572753906,15.756428446620703,6.217659950256348,4640.474226016164,1.5615788698196411,0.000415601688,16,2048,,3255.2842099666595
adammini-softmax_fisher_projector-r8,adammini,softmax_fisher_projector,8,1.1B,sdpa,666,461,15138816,2.29427170753479,9.917210751686932,nan,nan,nan,nan,23.97112798690796,4.097999572753906,0.01870039477944374,4.097999572753906,15.756428446620703,6.228684902191162,4641.654179093747,1.4429035186767578,0.000415201696,16,2048,,3261.5159504413605
adammini-softmax_fisher_projector-r8,adammini,softmax_fisher_projector,8,1.1B,sdpa,666,462,15171584,2.5992000102996826,13.45297149038252,nan,nan,nan,nan,23.97112798690796,4.097999572753906,0.01870039477944374,4.097999572753906,15.756428446620703,6.224215984344482,4642.836238093699,1.6814124584197998,0.000414801704,16,2048,,3267.743426322937
adammini-softmax_fisher_projector-r8,adammini,softmax_fisher_projector,8,1.1B,sdpa,666,463,15204352,2.3439815044403076,10.422651895156275,nan,nan,nan,nan,23.97112798690796,4.097999572753906,0.01870039477944374,4.097999572753906,15.756428446620703,6.222826957702637,4644.015660707749,1.6059173345565796,0.000414401712,16,2048,,3273.969558954239
adammini-softmax_fisher_projector-r8,adammini,softmax_fisher_projector,8,1.1B,sdpa,666,464,15237120,2.3982839584350586,11.004276373032118,nan,nan,nan,nan,23.97112798690796,4.097999572753906,0.01870039477944374,4.097999572753906,15.756428446620703,6.2166054248809814,4645.199394636979,2.0073039531707764,0.00041400172000000005,16,2048,,3280.1894075870514
adammini-softmax_fisher_projector-r8,adammini,softmax_fisher_projector,8,1.1B,sdpa,666,465,15269888,2.164480447769165,8.710075401966778,nan,nan,nan,nan,23.97112798690796,4.097999572753906,0.01870039477944374,4.097999572753906,15.756428446620703,6.232936143875122,4646.3555809221425,1.9428397417068481,0.00041360172799999995,16,2048,,3286.4255497455597
adammini-softmax_fisher_projector-r8,adammini,softmax_fisher_projector,8,1.1B,sdpa,666,466,15302656,2.4596145153045654,11.70030038381594,nan,nan,nan,nan,23.97112798690796,4.097999572753906,0.01870039477944374,4.097999572753906,15.756428446620703,6.234539747238159,4647.505158873278,1.7682572603225708,0.000413201736,16,2048,,3292.66330742836
adammini-softmax_fisher_projector-r8,adammini,softmax_fisher_projector,8,1.1B,sdpa,666,467,15335424,2.3710806369781494,10.708958530114032,nan,nan,nan,nan,23.97112798690796,4.097999572753906,0.01870039477944374,4.097999572753906,15.756428446620703,6.239195823669434,4648.643847479587,1.6688371896743774,0.00041280174400000003,16,2048,,3298.905730009079
adammini-softmax_fisher_projector-r8,adammini,softmax_fisher_projector,8,1.1B,sdpa,666,468,15368192,2.2555484771728516,9.540524635363909,nan,nan,nan,nan,23.97112798690796,4.097999572753906,0.01870039477944374,4.097999572753906,15.756428446620703,6.232185125350952,4649.788063495048,1.913536548614502,0.00041240175200000004,16,2048,,3305.141070127487
adammini-softmax_fisher_projector-r8,adammini,softmax_fisher_projector,8,1.1B,sdpa,666,469,15400960,2.418149471282959,11.225067772877939,nan,nan,nan,nan,23.97112798690796,4.097999572753906,0.01870039477944374,4.097999572753906,15.756428446620703,6.239462852478027,4650.917843320606,1.8952088356018066,0.00041200176000000005,16,2048,,3311.383798122406
adammini-softmax_fisher_projector-r8,adammini,softmax_fisher_projector,8,1.1B,sdpa,666,470,15433728,2.491184949874878,12.075576599076406,nan,nan,nan,nan,23.97112798690796,4.097999572753906,0.01870039477944374,4.097999572753906,15.756428446620703,6.233703851699829,4652.051291387236,1.8704452514648438,0.000411601768,16,2048,,3317.6207432746887
adammini-softmax_fisher_projector-r8,adammini,softmax_fisher_projector,8,1.1B,sdpa,666,471,15466496,2.4164602756500244,11.206122443105611,nan,nan,nan,nan,23.97112798690796,4.097999572753906,0.01870039477944374,4.097999572753906,15.756428446620703,6.2353270053863525,4653.178215480839,1.7486454248428345,0.000411201776,16,2048,,3323.8593249320984
adammini-softmax_fisher_projector-r8,adammini,softmax_fisher_projector,8,1.1B,sdpa,666,472,15499264,2.4890010356903076,12.049233352220357,nan,nan,nan,nan,23.97112798690796,4.097999572753906,0.01870039477944374,4.097999572753906,15.756428446620703,6.235266208648682,4654.300994859716,1.7625854015350342,0.00041080178400000004,16,2048,,3330.097888946533
adammini-softmax_fisher_projector-r8,adammini,softmax_fisher_projector,8,1.1B,sdpa,666,473,15532032,2.585857629776001,13.274668960779817,nan,nan,nan,nan,23.97112798690796,4.097999572753906,0.01870039477944374,4.097999572753906,15.756428446620703,6.226261377334595,4655.432186996456,1.804821491241455,0.000410401792,16,2048,,3336.327373981476
adammini-softmax_fisher_projector-r8,adammini,softmax_fisher_projector,8,1.1B,sdpa,666,474,15564800,2.7021594047546387,14.911897805601825,nan,nan,nan,nan,23.97112798690796,4.097999572753906,0.01870039477944374,4.097999572753906,15.756428446620703,6.233660459518433,4656.548873262976,2.187098979949951,0.00041000180000000006,16,2048,,3342.564218044281
adammini-softmax_fisher_projector-r8,adammini,softmax_fisher_projector,8,1.1B,sdpa,666,475,15597568,2.341732978820801,10.39924262338332,nan,nan,nan,nan,23.97112798690796,4.097999572753906,0.01870039477944374,4.097999572753906,15.756428446620703,6.224296808242798,4657.67445464018,1.7505502700805664,0.000409601808,16,2048,,3348.7917008399963
adammini-softmax_fisher_projector-r8,adammini,softmax_fisher_projector,8,1.1B,sdpa,666,476,15630336,2.463083028793335,11.740953495696598,nan,nan,nan,nan,23.97112798690796,4.097999572753906,0.01870039477944374,4.097999572753906,15.756428446620703,6.218817234039307,4658.803490943934,1.8041191101074219,0.000409201816,16,2048,,3355.0137572288513
adammini-softmax_fisher_projector-r8,adammini,softmax_fisher_projector,8,1.1B,sdpa,666,477,15663104,2.471055269241333,11.834929301180358,nan,nan,nan,nan,23.97112798690796,4.097999572753906,0.01870039477944374,4.097999572753906,15.756428446620703,6.22965145111084,4659.9132788168135,1.7478892803192139,0.000408801824,16,2048,,3361.2466654777527
adammini-softmax_fisher_projector-r8,adammini,softmax_fisher_projector,8,1.1B,sdpa,666,478,15695872,2.4863603115081787,12.017456625582314,nan,nan,nan,nan,23.97112798690796,4.097999572753906,0.01870039477944374,4.097999572753906,15.756428446620703,6.225739240646362,4661.024340476149,1.6816548109054565,0.00040840183199999995,16,2048,,3367.4754827022552
adammini-softmax_fisher_projector-r8,adammini,softmax_fisher_projector,8,1.1B,sdpa,666,479,15728640,2.4861762523651123,12.015244906363787,nan,nan,nan,nan,23.97112798690796,4.097999572753906,0.01870039477944374,4.097999572753906,15.756428446620703,6.225144386291504,4662.132252841206,2.0040481090545654,0.00040800184,16,2048,,3373.7039017677307
adammini-softmax_fisher_projector-r8,adammini,softmax_fisher_projector,8,1.1B,sdpa,666,480,15761408,2.356553554534912,10.55451314322015,nan,nan,nan,nan,23.97112798690796,4.097999572753906,0.01870039477944374,4.097999572753906,15.756428446620703,6.237426519393921,4663.218973150194,1.6602485179901123,0.00040760184800000003,16,2048,,3379.9448421001434
adammini-softmax_fisher_projector-r8,adammini,softmax_fisher_projector,8,1.1B,sdpa,666,481,15794176,2.4131903648376465,11.169539266622806,nan,nan,nan,nan,23.97112798690796,4.097999572753906,0.01870039477944374,4.097999572753906,15.756428446620703,6.2405173778533936,4664.2972175199375,1.665656328201294,0.00040720185600000004,16,2048,,3386.1885957717896
adammini-softmax_fisher_projector-r8,adammini,softmax_fisher_projector,8,1.1B,sdpa,666,482,15826944,2.44272780418396,11.50437967513863,nan,nan,nan,nan,23.97112798690796,4.097999572753906,0.01870039477944374,4.097999572753906,15.756428446620703,6.231043100357056,4665.384732938322,1.8119744062423706,0.000406801864,16,2048,,3392.422884464264
adammini-softmax_fisher_projector-r8,adammini,softmax_fisher_projector,8,1.1B,sdpa,666,483,15859712,2.5215611457824707,12.448014668065063,nan,nan,nan,nan,23.97112798690796,4.097999572753906,0.01870039477944374,4.097999572753906,15.756428446620703,6.220895051956177,4666.482218768489,1.79636812210083,0.000406401872,16,2048,,3398.646990776062
adammini-softmax_fisher_projector-r8,adammini,softmax_fisher_projector,8,1.1B,sdpa,666,484,15892480,2.473973274230957,11.86951411872804,nan,nan,nan,nan,23.97112798690796,4.097999572753906,0.01870039477944374,4.097999572753906,15.756428446620703,6.373395204544067,4667.3667003955,1.9815620183944702,0.00040600188,16,2048,,3405.023598909378
adammini-softmax_fisher_projector-r8,adammini,softmax_fisher_projector,8,1.1B,sdpa,666,485,15925248,2.422685384750366,11.276099358894836,nan,nan,nan,nan,23.97112798690796,4.097999572753906,0.01870039477944374,4.097999572753906,15.756428446620703,6.230972051620483,4668.44275480804,1.8877365589141846,0.00040560188800000004,16,2048,,3411.2577018737793
adammini-softmax_fisher_projector-r8,adammini,softmax_fisher_projector,8,1.1B,sdpa,666,486,15958016,2.3494985103607178,10.48031263844598,nan,nan,nan,nan,23.97112798690796,4.097999572753906,0.01870039477944374,4.097999572753906,15.756428446620703,6.22099232673645,4669.528604278381,1.612191081047058,0.000405201896,16,2048,,3417.4818427562714
adammini-softmax_fisher_projector-r8,adammini,softmax_fisher_projector,8,1.1B,sdpa,666,487,15990784,2.4885945320129395,12.044336289957556,nan,nan,nan,nan,23.97112798690796,4.097999572753906,0.01870039477944374,4.097999572753906,15.756428446620703,6.232306957244873,4670.595100582198,1.6637736558914185,0.000404801904,16,2048,,3423.717432498932
adammini-softmax_fisher_projector-r8,adammini,softmax_fisher_projector,8,1.1B,sdpa,666,488,16023552,2.3461813926696777,10.44560580313811,nan,nan,nan,nan,23.97112798690796,4.097999572753906,0.01870039477944374,4.097999572753906,15.756428446620703,6.232172727584839,4671.657783199917,1.614309549331665,0.00040440191199999997,16,2048,,3429.9528152942657
adammini-softmax_fisher_projector-r8,adammini,softmax_fisher_projector,8,1.1B,sdpa,666,489,16056320,2.336608409881592,10.346087303022921,nan,nan,nan,nan,23.97112798690796,4.097999572753906,0.01870039477944374,4.097999572753906,15.756428446620703,6.234377145767212,4672.713655470221,1.5067684650421143,0.00040400192000000003,16,2048,,3436.190441131592
adammini-softmax_fisher_projector-r8,adammini,softmax_fisher_projector,8,1.1B,sdpa,666,490,16089088,2.471865177154541,11.844518386687593,nan,nan,nan,nan,23.97112798690796,4.097999572753906,0.01870039477944374,4.097999572753906,15.756428446620703,6.23422908782959,4673.765838567786,1.7155102491378784,0.000403601928,16,2048,,3442.4279952049255
adammini-softmax_fisher_projector-r8,adammini,softmax_fisher_projector,8,1.1B,sdpa,666,491,16121856,2.3879077434539795,10.890683984363323,nan,nan,nan,nan,23.97112798690796,4.097999572753906,0.01870039477944374,4.097999572753906,15.756428446620703,6.221909523010254,4674.830827760996,1.636600136756897,0.000403201936,16,2048,,3448.6531088352203
adammini-softmax_fisher_projector-r8,adammini,softmax_fisher_projector,8,1.1B,sdpa,666,492,16154624,2.3875608444213867,10.886906671835783,nan,nan,nan,nan,23.97112798690796,4.097999572753906,0.01870039477944374,4.097999572753906,15.756428446620703,6.231802701950073,4675.878690445475,1.587141990661621,0.00040280194399999996,16,2048,,3454.888256072998
adammini-softmax_fisher_projector-r8,adammini,softmax_fisher_projector,8,1.1B,sdpa,666,493,16187392,2.293928623199463,9.913808895623022,nan,nan,nan,nan,23.97112798690796,4.097999572753906,0.01870039477944374,4.097999572753906,15.756428446620703,6.2298359870910645,4676.9253316170325,1.5926727056503296,0.00040240195200000003,16,2048,,3461.1211881637573
adammini-softmax_fisher_projector-r8,adammini,softmax_fisher_projector,8,1.1B,sdpa,666,494,16220160,2.3110110759735107,10.084615814879475,nan,nan,nan,nan,23.97112798690796,4.097999572753906,0.01870039477944374,4.097999572753906,15.756428446620703,6.2406346797943115,4677.9537983908385,1.7030404806137085,0.00040200196000000004,16,2048,,3467.365067958832
adammini-softmax_fisher_projector-r8,adammini,softmax_fisher_projector,8,1.1B,sdpa,666,495,16252928,2.2666516304016113,9.647044802828727,nan,nan,nan,nan,23.97112798690796,4.097999572753906,0.01870039477944374,4.097999572753906,15.756428446620703,6.20987606048584,4679.019981689064,1.5337668657302856,0.00040160196800000005,16,2048,,3473.578360557556
adammini-softmax_fisher_projector-r8,adammini,softmax_fisher_projector,8,1.1B,sdpa,666,496,16285696,2.340883493423462,10.390412369748141,nan,nan,nan,nan,23.97112798690796,4.097999572753906,0.01870039477944374,4.097999572753906,15.756428446620703,6.212812662124634,4680.078229237382,1.6155707836151123,0.000401201976,16,2048,,3479.7944073677063
adammini-softmax_fisher_projector-r8,adammini,softmax_fisher_projector,8,1.1B,sdpa,666,497,16318464,2.4381306171417236,11.45161327141182,nan,nan,nan,nan,23.97112798690796,4.097999572753906,0.01870039477944374,4.097999572753906,15.756428446620703,6.23340916633606,4681.105186353476,1.5939900875091553,0.000400801984,16,2048,,3486.030969619751
adammini-softmax_fisher_projector-r8,adammini,softmax_fisher_projector,8,1.1B,sdpa,666,498,16351232,2.433590888977051,11.399743885650249,nan,nan,nan,nan,23.97112798690796,4.097999572753906,0.01870039477944374,4.097999572753906,15.756428446620703,6.23054051399231,4682.132419353843,1.8330011367797852,0.000400401992,16,2048,,3492.2646911144257
adammini-softmax_fisher_projector-r8,adammini,softmax_fisher_projector,8,1.1B,sdpa,666,499,16384000,2.3065059185028076,10.039285220006768,nan,nan,nan,nan,23.97112798690796,4.097999572753906,0.01870039477944374,4.097999572753906,15.756428446620703,6.222871780395508,4683.166236772573,1.5705262422561646,0.00040000200000000005,16,2048,,3498.4907433986664
adammini-softmax_fisher_projector-r8,adammini,softmax_fisher_projector,8,1.1B,sdpa,666,500,16416768,2.1196353435516357,8.328100038526967,2.4828387758278696,11.975211151418977,nan,nan,23.97112798690796,4.097999572753906,0.01870039477944374,4.097999572753906,15.756428446620703,6.237527847290039,4684.176712734912,1.61813485622406,0.000399602008,16,2048,,3530.607132434845
adammini-softmax_fisher_projector-r8,adammini,softmax_fisher_projector,8,1.1B,sdpa,666,501,16449536,2.450056314468384,11.588999329183848,nan,nan,nan,nan,23.97112798690796,4.097999572753906,0.01870039477944374,4.097999572753906,15.756428446620703,6.23704719543457,4650.9071840893785,1.4690653085708618,0.000399202016,16,2048,,3536.847532272339
adammini-softmax_fisher_projector-r8,adammini,softmax_fisher_projector,8,1.1B,sdpa,666,502,16482304,2.263258457183838,9.614366182237308,nan,nan,nan,nan,23.97112798690796,4.097999572753906,0.01870039477944374,4.097999572753906,15.756428446620703,6.208464860916138,4652.0017985175,1.6117725372314453,0.000398802024,16,2048,,3543.0592560768127
adammini-softmax_fisher_projector-r8,adammini,softmax_fisher_projector,8,1.1B,sdpa,666,503,16515072,2.270552158355713,9.68474685190453,nan,nan,nan,nan,23.97112798690796,4.097999572753906,0.01870039477944374,4.097999572753906,15.756428446620703,6.1976659297943115,4653.106594270547,1.4845129251480103,0.000398402032,16,2048,,3549.260210752487
adammini-softmax_fisher_projector-r8,adammini,softmax_fisher_projector,8,1.1B,sdpa,666,504,16547840,2.2545385360717773,9.530894131348335,nan,nan,nan,nan,23.97112798690796,4.097999572753906,0.01870039477944374,4.097999572753906,15.756428446620703,6.22386360168457,4654.173271426194,1.5286200046539307,0.00039800204,16,2048,,3555.4873197078705
adammini-softmax_fisher_projector-r8,adammini,softmax_fisher_projector,8,1.1B,sdpa,666,505,16580608,2.3777451515197754,10.780566892404787,nan,nan,nan,nan,23.97112798690796,4.097999572753906,0.01870039477944374,4.097999572753906,15.756428446620703,6.209624767303467,4655.254833331037,1.5468156337738037,0.000397602048,16,2048,,3561.700056552887
adammini-softmax_fisher_projector-r8,adammini,softmax_fisher_projector,8,1.1B,sdpa,666,506,16613376,2.452568292617798,11.618147236398322,nan,nan,nan,nan,23.97112798690796,4.097999572753906,0.01870039477944374,4.097999572753906,15.756428446620703,6.230530261993408,4656.305504486625,1.6198821067810059,0.00039720205600000003,16,2048,,3567.9338991642
adammini-softmax_fisher_projector-r8,adammini,softmax_fisher_projector,8,1.1B,sdpa,666,507,16646144,2.478104829788208,11.918655120234034,nan,nan,nan,nan,23.97112798690796,4.097999572753906,0.01870039477944374,4.097999572753906,15.756428446620703,6.229674577713013,4657.353393960374,1.6200063228607178,0.00039680206400000004,16,2048,,3574.166818380356
adammini-softmax_fisher_projector-r8,adammini,softmax_fisher_projector,8,1.1B,sdpa,666,508,16678912,2.321664333343506,10.1926241212723,nan,nan,nan,nan,23.97112798690796,4.097999572753906,0.01870039477944374,4.097999572753906,15.756428446620703,6.22456693649292,4658.40435737988,1.5454679727554321,0.000396402072,16,2048,,3580.3946857452393
adammini-softmax_fisher_projector-r8,adammini,softmax_fisher_projector,8,1.1B,sdpa,666,509,16711680,2.413527250289917,11.17330275580708,nan,nan,nan,nan,23.97112798690796,4.097999572753906,0.01870039477944374,4.097999572753906,15.756428446620703,6.219577074050903,4659.458097698227,1.6154807806015015,0.00039600208000000007,16,2048,,3586.6176104545593
adammini-softmax_fisher_projector-r8,adammini,softmax_fisher_projector,8,1.1B,sdpa,666,510,16744448,2.2291719913482666,9.292168897016413,nan,nan,nan,nan,23.97112798690796,4.097999572753906,0.01870039477944374,4.097999572753906,15.756428446620703,6.2042388916015625,4660.528007068807,1.5548912286758423,0.000395602088,16,2048,,3592.8251464366913
adammini-softmax_fisher_projector-r8,adammini,softmax_fisher_projector,8,1.1B,sdpa,666,511,16777216,2.345594882965088,10.439481150224005,nan,nan,nan,nan,23.97112798690796,4.097999572753906,0.01870039477944374,4.097999572753906,15.756428446620703,6.219881772994995,4661.574068924855,1.525750756263733,0.000395202096,16,2048,,3599.0481152534485
adammini-softmax_fisher_projector-r8,adammini,softmax_fisher_projector,8,1.1B,sdpa,666,512,16809984,2.3414511680603027,10.396312417812142,nan,nan,nan,nan,23.97112798690796,4.097999572753906,0.01870039477944374,4.097999572753906,15.756428446620703,6.206985950469971,4662.633307847179,1.7175151109695435,0.000394802104,16,2048,,3605.2583904266357
adammini-softmax_fisher_projector-r8,adammini,softmax_fisher_projector,8,1.1B,sdpa,666,513,16842752,2.486342668533325,12.017244603767619,nan,nan,nan,nan,23.97112798690796,4.097999572753906,0.01870039477944374,4.097999572753906,15.756428446620703,6.219675540924072,4663.67241680212,1.660470962524414,0.00039440211199999995,16,2048,,3611.481335401535
adammini-softmax_fisher_projector-r8,adammini,softmax_fisher_projector,8,1.1B,sdpa,666,514,16875520,2.508585214614868,12.287533534372963,nan,nan,nan,nan,23.97112798690796,4.097999572753906,0.01870039477944374,4.097999572753906,15.756428446620703,6.214089870452881,4664.715201754333,1.5790221691131592,0.00039400212,16,2048,,3617.6987006664276
adammini-softmax_fisher_projector-r8,adammini,softmax_fisher_projector,8,1.1B,sdpa,666,515,16908288,2.5864484310150146,13.282513968841394,nan,nan,nan,nan,23.97112798690796,4.097999572753906,0.01870039477944374,4.097999572753906,15.756428446620703,6.218116044998169,4665.749173401828,1.6568095684051514,0.000393602128,16,2048,,3623.9200370311737
adammini-softmax_fisher_projector-r8,adammini,softmax_fisher_projector,8,1.1B,sdpa,666,516,16941056,2.3697896003723145,10.695141793516763,nan,nan,nan,nan,23.97112798690796,4.097999572753906,0.01870039477944374,4.097999572753906,15.756428446620703,6.221419095993042,4666.775386572226,1.4961246252059937,0.000393202136,16,2048,,3630.1447010040283
adammini-softmax_fisher_projector-r8,adammini,softmax_fisher_projector,8,1.1B,sdpa,666,517,16973824,2.396831750869751,10.988307477514313,nan,nan,nan,nan,23.97112798690796,4.097999572753906,0.01870039477944374,4.097999572753906,15.756428446620703,6.222832918167114,4667.7960671595265,1.650333046913147,0.00039280214399999995,16,2048,,3636.3709104061127
adammini-softmax_fisher_projector-r8,adammini,softmax_fisher_projector,8,1.1B,sdpa,666,518,17006592,2.167278528213501,8.734481022138832,nan,nan,nan,nan,23.97112798690796,4.097999572753906,0.01870039477944374,4.097999572753906,15.756428446620703,6.228829622268677,4668.805818958463,1.604596734046936,0.00039240215199999996,16,2048,,3642.6027405261993
adammini-softmax_fisher_projector-r8,adammini,softmax_fisher_projector,8,1.1B,sdpa,666,519,17039360,2.5453460216522217,12.747638281870117,nan,nan,nan,nan,23.97112798690796,4.097999572753906,0.01870039477944374,4.097999572753906,15.756428446620703,6.23070764541626,4669.809884627561,2.4130280017852783,0.00039200216000000003,16,2048,,3648.836860179901
adammini-softmax_fisher_projector-r8,adammini,softmax_fisher_projector,8,1.1B,sdpa,666,520,17072128,2.3654050827026367,10.648351406939895,nan,nan,nan,nan,23.97112798690796,4.097999572753906,0.01870039477944374,4.097999572753906,15.756428446620703,6.2345099449157715,4670.805342874336,1.5601886510849,0.00039160216800000004,16,2048,,3655.0746812820435
adammini-softmax_fisher_projector-r8,adammini,softmax_fisher_projector,8,1.1B,sdpa,666,521,17104896,2.3200340270996094,10.176020560647526,nan,nan,nan,nan,23.97112798690796,4.097999572753906,0.01870039477944374,4.097999572753906,15.756428446620703,6.230450868606567,4671.802574211635,1.5219557285308838,0.000391202176,16,2048,,3661.308383703232
adammini-softmax_fisher_projector-r8,adammini,softmax_fisher_projector,8,1.1B,sdpa,666,522,17137664,2.327367067337036,10.250915998891367,nan,nan,nan,nan,23.97112798690796,4.097999572753906,0.01870039477944374,4.097999572753906,15.756428446620703,6.216801404953003,4672.813960016647,1.488680362701416,0.000390802184,16,2048,,3667.528522491455
adammini-softmax_fisher_projector-r8,adammini,softmax_fisher_projector,8,1.1B,sdpa,666,523,17170432,2.3099353313446045,10.073773176582607,nan,nan,nan,nan,23.97112798690796,4.097999572753906,0.01870039477944374,4.097999572753906,15.756428446620703,6.2500340938568115,4673.77948040254,1.6433775424957275,0.00039040219199999997,16,2048,,3673.781802892685
adammini-softmax_fisher_projector-r8,adammini,softmax_fisher_projector,8,1.1B,sdpa,666,524,17203200,2.2411551475524902,9.404188240573358,nan,nan,nan,nan,23.97112798690796,4.097999572753906,0.01870039477944374,4.097999572753906,15.756428446620703,6.220551252365112,4674.7793068287165,1.525770902633667,0.00039000220000000004,16,2048,,3680.0053453445435
adammini-softmax_fisher_projector-r8,adammini,softmax_fisher_projector,8,1.1B,sdpa,666,525,17235968,2.4176390171051025,11.219339352309042,nan,nan,nan,nan,23.97112798690796,4.097999572753906,0.01870039477944374,4.097999572753906,15.756428446620703,6.222317934036255,4675.773783460366,1.7862653732299805,0.000389602208,16,2048,,3686.230941772461
adammini-softmax_fisher_projector-r8,adammini,softmax_fisher_projector,8,1.1B,sdpa,666,526,17268736,2.508025884628296,12.28066267012551,nan,nan,nan,nan,23.97112798690796,4.097999572753906,0.01870039477944374,4.097999572753906,15.756428446620703,6.225636720657349,4676.760441489093,1.5754334926605225,0.000389202216,16,2048,,3692.459671020508
adammini-softmax_fisher_projector-r8,adammini,softmax_fisher_projector,8,1.1B,sdpa,666,527,17301504,2.464944839477539,11.76283329005485,nan,nan,nan,nan,23.97112798690796,4.097999572753906,0.01870039477944374,4.097999572753906,15.756428446620703,6.233025789260864,4677.734527820661,1.7159240245819092,0.000388802224,16,2048,,3698.6957907676697
adammini-softmax_fisher_projector-r8,adammini,softmax_fisher_projector,8,1.1B,sdpa,666,528,17334272,2.3953068256378174,10.971563899782307,nan,nan,nan,nan,23.97112798690796,4.097999572753906,0.01870039477944374,4.097999572753906,15.756428446620703,6.22144079208374,4678.7200546424665,1.664814829826355,0.000388402232,16,2048,,3704.92050242424
adammini-softmax_fisher_projector-r8,adammini,softmax_fisher_projector,8,1.1B,sdpa,666,529,17367040,2.599905252456665,13.462462439329501,nan,nan,nan,nan,23.97112798690796,4.097999572753906,0.01870039477944374,4.097999572753906,15.756428446620703,6.237735748291016,4679.681586865374,2.43501615524292,0.00038800224,16,2048,,3711.161391735077
adammini-softmax_fisher_projector-r8,adammini,softmax_fisher_projector,8,1.1B,sdpa,666,530,17399808,2.348688840866089,10.471830483342957,nan,nan,nan,nan,23.97112798690796,4.097999572753906,0.01870039477944374,4.097999572753906,15.756428446620703,6.240744352340698,4680.636153713754,1.7939587831497192,0.000387602248,16,2048,,3717.4054703712463
adammini-softmax_fisher_projector-r8,adammini,softmax_fisher_projector,8,1.1B,sdpa,666,531,17432576,2.4130666255950928,11.168157241801396,nan,nan,nan,nan,23.97112798690796,4.097999572753906,0.01870039477944374,4.097999572753906,15.756428446620703,6.2096874713897705,4681.626385988928,1.562156081199646,0.00038720225599999996,16,2048,,3723.6183891296387
adammini-softmax_fisher_projector-r8,adammini,softmax_fisher_projector,8,1.1B,sdpa,666,532,17465344,2.1313116550445557,8.425911455740856,nan,nan,nan,nan,23.97112798690796,4.097999572753906,0.01870039477944374,4.097999572753906,15.756428446620703,6.219695091247559,4682.600820806915,2.011927366256714,0.0003868022640000001,16,2048,,3729.841340780258
adammini-softmax_fisher_projector-r8,adammini,softmax_fisher_projector,8,1.1B,sdpa,666,533,17498112,2.353731155395508,10.524766093179037,nan,nan,nan,nan,23.97112798690796,4.097999572753906,0.01870039477944374,4.097999572753906,15.756428446620703,6.239698648452759,4683.546919184389,1.4896197319030762,0.000386402272,16,2048,,3736.0841398239136
adammini-softmax_fisher_projector-r8,adammini,softmax_fisher_projector,8,1.1B,sdpa,666,534,17530880,2.3855092525482178,10.864594078577591,nan,nan,nan,nan,23.97112798690796,4.097999572753906,0.01870039477944374,4.097999572753906,15.756428446620703,6.21725606918335,4684.51807712892,1.5290204286575317,0.00038600228000000006,16,2048,,3742.3047230243683
adammini-softmax_fisher_projector-r8,adammini,softmax_fisher_projector,8,1.1B,sdpa,666,535,17563648,2.455281972885132,11.649717990388705,nan,nan,nan,nan,23.97112798690796,4.097999572753906,0.01870039477944374,4.097999572753906,15.756428446620703,6.2225048542022705,4685.479218742571,2.4162824153900146,0.000385602288,16,2048,,3748.5305168628693
adammini-softmax_fisher_projector-r8,adammini,softmax_fisher_projector,8,1.1B,sdpa,666,536,17596416,2.404881000518799,11.077112033167351,nan,nan,nan,nan,23.97112798690796,4.097999572753906,0.01870039477944374,4.097999572753906,15.756428446620703,6.194263219833374,4686.472587748661,1.589691400527954,0.000385202296,16,2048,,3754.7281532287598
adammini-softmax_fisher_projector-r8,adammini,softmax_fisher_projector,8,1.1B,sdpa,666,537,17629184,2.419858455657959,11.244267639773396,nan,nan,nan,nan,23.97112798690796,4.097999572753906,0.01870039477944374,4.097999572753906,15.756428446620703,6.2113423347473145,4687.441225693041,1.9174011945724487,0.00038480230400000004,16,2048,,3760.942805290222
adammini-softmax_fisher_projector-r8,adammini,softmax_fisher_projector,8,1.1B,sdpa,666,538,17661952,2.469409227371216,11.815464536324617,nan,nan,nan,nan,23.97112798690796,4.097999572753906,0.01870039477944374,4.097999572753906,15.756428446620703,6.22370457649231,4688.391344653226,1.693100094795227,0.00038440231200000005,16,2048,,3767.169833421707
adammini-softmax_fisher_projector-r8,adammini,softmax_fisher_projector,8,1.1B,sdpa,666,539,17694720,2.3296267986297607,10.274106506843104,nan,nan,nan,nan,23.97112798690796,4.097999572753906,0.01870039477944374,4.097999572753906,15.756428446620703,6.237739086151123,4689.320855800263,1.7046247720718384,0.00038400232,16,2048,,3773.4108736515045
adammini-softmax_fisher_projector-r8,adammini,softmax_fisher_projector,8,1.1B,sdpa,666,540,17727488,2.507510185241699,12.27433117263453,nan,nan,nan,nan,23.97112798690796,4.097999572753906,0.01870039477944374,4.097999572753906,15.756428446620703,6.2240142822265625,4690.264379923128,1.6468663215637207,0.000383602328,16,2048,,3779.638279914856
adammini-softmax_fisher_projector-r8,adammini,softmax_fisher_projector,8,1.1B,sdpa,666,541,17760256,2.3859574794769287,10.869464973764769,nan,nan,nan,nan,23.97112798690796,4.097999572753906,0.01870039477944374,4.097999572753906,15.756428446620703,6.21572208404541,4691.214981025229,1.5162341594696045,0.000383202336,16,2048,,3785.857002019882
adammini-softmax_fisher_projector-r8,adammini,softmax_fisher_projector,8,1.1B,sdpa,666,542,17793024,2.337583541870117,10.356181024263579,nan,nan,nan,nan,23.97112798690796,4.097999572753906,0.01870039477944374,4.097999572753906,15.756428446620703,6.214967727661133,4692.1637190840775,1.546590805053711,0.00038280234400000005,16,2048,,3792.075220346451
adammini-softmax_fisher_projector-r8,adammini,softmax_fisher_projector,8,1.1B,sdpa,666,543,17825792,2.5427424907684326,12.714492578561837,nan,nan,nan,nan,23.97112798690796,4.097999572753906,0.01870039477944374,4.097999572753906,15.756428446620703,6.221729516983032,4693.100829649795,3.222885847091675,0.000382402352,16,2048,,3798.3002302646637
adammini-softmax_fisher_projector-r8,adammini,softmax_fisher_projector,8,1.1B,sdpa,666,544,17858560,2.3809831142425537,10.815530541080602,nan,nan,nan,nan,23.97112798690796,4.097999572753906,0.01870039477944374,4.097999572753906,15.756428446620703,6.224681377410889,4694.0312548341735,1.6736632585525513,0.00038200236,16,2048,,3804.5281529426575
adammini-softmax_fisher_projector-r8,adammini,softmax_fisher_projector,8,1.1B,sdpa,666,545,17891328,2.1313986778259277,8.426644733896818,nan,nan,nan,nan,23.97112798690796,4.097999572753906,0.01870039477944374,4.097999572753906,15.756428446620703,6.2390360832214355,4694.940922057954,1.629408597946167,0.000381602368,16,2048,,3810.770427465439
adammini-softmax_fisher_projector-r8,adammini,softmax_fisher_projector,8,1.1B,sdpa,666,546,17924096,2.1445319652557373,8.53804420065709,nan,nan,nan,nan,23.97112798690796,4.097999572753906,0.01870039477944374,4.097999572753906,15.756428446620703,6.192982912063599,4695.90428148698,1.6160995960235596,0.00038120237600000004,16,2048,,3816.9666080474854
adammini-softmax_fisher_projector-r8,adammini,softmax_fisher_projector,8,1.1B,sdpa,666,547,17956864,2.3536229133605957,10.523626932733771,nan,nan,nan,nan,23.97112798690796,4.097999572753906,0.01870039477944374,4.097999572753906,15.756428446620703,6.219390630722046,4696.832125626678,1.5297799110412598,0.00038080238400000006,16,2048,,3823.1890931129456
adammini-softmax_fisher_projector-r8,adammini,softmax_fisher_projector,8,1.1B,sdpa,666,548,17989632,2.3201205730438232,10.176901292066603,nan,nan,nan,nan,23.97112798690796,4.097999572753906,0.01870039477944374,4.097999572753906,15.756428446620703,6.22789740562439,4697.746649380337,1.4680861234664917,0.00038040239200000007,16,2048,,3829.4202065467834
adammini-softmax_fisher_projector-r8,adammini,softmax_fisher_projector,8,1.1B,sdpa,666,549,18022400,2.2670412063598633,9.650803791710395,nan,nan,nan,nan,23.97112798690796,4.097999572753906,0.01870039477944374,4.097999572753906,15.756428446620703,6.259913682937622,4698.618831633756,1.6048943996429443,0.0003800024,16,2048,,3835.683170080185
adammini-softmax_fisher_projector-r8,adammini,softmax_fisher_projector,8,1.1B,sdpa,666,550,18055168,1.9289467334747314,6.882257571236279,2.4856454465495177,12.008868836868787,nan,nan,23.97112798690796,4.097999572753906,0.01870039477944374,4.097999572753906,15.756428446620703,6.183136940002441,4699.582164618765,1.7433305978775024,0.000379602408,16,2048,,3858.459504842758
adammini-softmax_fisher_projector-r8,adammini,softmax_fisher_projector,8,1.1B,sdpa,666,551,18087936,2.350879430770874,10.49479511334438,nan,nan,nan,nan,23.97112798690796,4.097999572753906,0.01870039477944374,4.097999572753906,15.756428446620703,6.223699569702148,4680.314862159748,1.6146060228347778,0.000379202416,16,2048,,3864.6864852905273
adammini-softmax_fisher_projector-r8,adammini,softmax_fisher_projector,8,1.1B,sdpa,666,552,18120704,2.360351324081421,10.59467296241394,nan,nan,nan,nan,23.97112798690796,4.097999572753906,0.01870039477944374,4.097999572753906,15.756428446620703,6.210148334503174,4681.267554849492,1.5355470180511475,0.000378802424,16,2048,,3870.899893283844
adammini-softmax_fisher_projector-r8,adammini,softmax_fisher_projector,8,1.1B,sdpa,666,553,18153472,2.4510865211486816,11.600944545675175,nan,nan,nan,nan,23.97112798690796,4.097999572753906,0.01870039477944374,4.097999572753906,15.756428446620703,6.2038254737854,4682.224697452006,1.5842589139938354,0.000378402432,16,2048,,3877.1069853305817
adammini-softmax_fisher_projector-r8,adammini,softmax_fisher_projector,8,1.1B,sdpa,666,554,18186240,2.488722324371338,12.04587556244893,nan,nan,nan,nan,23.97112798690796,4.097999572753906,0.01870039477944374,4.097999572753906,15.756428446620703,6.221672534942627,4683.1572759232395,3.4812755584716797,0.00037800244,16,2048,,3883.3319194316864
adammini-softmax_fisher_projector-r8,adammini,softmax_fisher_projector,8,1.1B,sdpa,666,555,18219008,2.616255760192871,13.684389904827453,nan,nan,nan,nan,23.97112798690796,4.097999572753906,0.01870039477944374,4.097999572753906,15.756428446620703,6.196145534515381,4684.117582052203,1.84584641456604,0.000377602448,16,2048,,3889.5313351154327
adammini-softmax_fisher_projector-r8,adammini,softmax_fisher_projector,8,1.1B,sdpa,666,556,18251776,2.5143773555755615,12.358911175790247,nan,nan,nan,nan,23.97112798690796,4.097999572753906,0.01870039477944374,4.097999572753906,15.756428446620703,6.214295148849487,4685.053038707818,1.6576272249221802,0.00037720245599999995,16,2048,,3895.748814344406
adammini-softmax_fisher_projector-r8,adammini,softmax_fisher_projector,8,1.1B,sdpa,666,557,18284544,2.293288230895996,9.907462201112283,nan,nan,nan,nan,23.97112798690796,4.097999572753906,0.01870039477944374,4.097999572753906,15.756428446620703,6.228133916854858,4685.968958118798,1.594649314880371,0.000376802464,16,2048,,3901.980188369751
adammini-softmax_fisher_projector-r8,adammini,softmax_fisher_projector,8,1.1B,sdpa,666,558,18317312,2.4084672927856445,11.116909113717849,nan,nan,nan,nan,23.97112798690796,4.097999572753906,0.01870039477944374,4.097999572753906,15.756428446620703,6.220536231994629,4686.890982214705,1.6003375053405762,0.000376402472,16,2048,,3908.2039864063263
adammini-softmax_fisher_projector-r8,adammini,softmax_fisher_projector,8,1.1B,sdpa,666,559,18350080,2.1106300354003906,8.253439606018235,nan,nan,nan,nan,23.97112798690796,4.097999572753906,0.01870039477944374,4.097999572753906,15.756428446620703,6.224056243896484,4687.805877713234,1.6872202157974243,0.00037600248000000004,16,2048,,3914.4313876628876
adammini-softmax_fisher_projector-r8,adammini,softmax_fisher_projector,8,1.1B,sdpa,666,560,18382848,2.4318978786468506,11.38046032972591,nan,nan,nan,nan,23.97112798690796,4.097999572753906,0.01870039477944374,4.097999572753906,15.756428446620703,6.21775221824646,4688.725307246527,1.5928913354873657,0.000375602488,16,2048,,3920.6523706912994
adammini-softmax_fisher_projector-r8,adammini,softmax_fisher_projector,8,1.1B,sdpa,666,561,18415616,2.5477495193481445,12.77831405091184,nan,nan,nan,nan,23.97112798690796,4.097999572753906,0.01870039477944374,4.097999572753906,15.756428446620703,6.283837795257568,4689.5629803427455,2.2372219562530518,0.000375202496,16,2048,,3926.939446210861
adammini-softmax_fisher_projector-r8,adammini,softmax_fisher_projector,8,1.1B,sdpa,666,562,18448384,2.2275140285491943,9.276775590953013,nan,nan,nan,nan,23.97112798690796,4.097999572753906,0.01870039477944374,4.097999572753906,15.756428446620703,6.149221181869507,4690.55851964851,2.036642074584961,0.000374802504,16,2048,,3933.092020511627
adammini-softmax_fisher_projector-r8,adammini,softmax_fisher_projector,8,1.1B,sdpa,666,563,18481152,2.433577299118042,11.399588965790779,nan,nan,nan,nan,23.97112798690796,4.097999572753906,0.01870039477944374,4.097999572753906,15.756428446620703,6.2330546379089355,4691.451068884215,1.5438733100891113,0.00037440251200000004,16,2048,,3939.3284063339233
adammini-softmax_fisher_projector-r8,adammini,softmax_fisher_projector,8,1.1B,sdpa,666,564,18513920,2.413125991821289,11.16882027283104,nan,nan,nan,nan,23.97112798690796,4.097999572753906,0.01870039477944374,4.097999572753906,15.756428446620703,6.232950448989868,4692.340871735279,1.498347520828247,0.00037400252,16,2048,,3945.5647270679474
adammini-softmax_fisher_projector-r8,adammini,softmax_fisher_projector,8,1.1B,sdpa,666,565,18546688,2.3079209327697754,10.053501007222119,nan,nan,nan,nan,23.97112798690796,4.097999572753906,0.01870039477944374,4.097999572753906,15.756428446620703,6.245875835418701,4693.212485538325,1.6821879148483276,0.000373602528,16,2048,,3951.813873529434
adammini-softmax_fisher_projector-r8,adammini,softmax_fisher_projector,8,1.1B,sdpa,666,566,18579456,2.2954444885253906,9.928848290744712,nan,nan,nan,nan,23.97112798690796,4.097999572753906,0.01870039477944374,4.097999572753906,15.756428446620703,6.211747884750366,4694.121928187505,1.5569709539413452,0.00037320253599999997,16,2048,,3958.0288105010986
adammini-softmax_fisher_projector-r8,adammini,softmax_fisher_projector,8,1.1B,sdpa,666,567,18612224,2.216862916946411,9.178491962921983,nan,nan,nan,nan,23.97112798690796,4.097999572753906,0.01870039477944374,4.097999572753906,15.756428446620703,6.217481851577759,4695.021816921871,1.5475506782531738,0.00037280254400000003,16,2048,,3964.2495493888855
adammini-softmax_fisher_projector-r8,adammini,softmax_fisher_projector,8,1.1B,sdpa,666,568,18644992,2.3913419246673584,10.928148860469637,nan,nan,nan,nan,23.97112798690796,4.097999572753906,0.01870039477944374,4.097999572753906,15.756428446620703,6.224197626113892,4695.910885541463,1.5587557554244995,0.000372402552,16,2048,,3970.47700381279
adammini-softmax_fisher_projector-r8,adammini,softmax_fisher_projector,8,1.1B,sdpa,666,569,18677760,2.356919527053833,10.558376511881418,nan,nan,nan,nan,23.97112798690796,4.097999572753906,0.01870039477944374,4.097999572753906,15.756428446620703,6.236003875732422,4696.783202753754,1.5907586812973022,0.00037200256,16,2048,,3976.7159955501556
adammini-softmax_fisher_projector-r8,adammini,softmax_fisher_projector,8,1.1B,sdpa,666,570,18710528,2.379335880279541,10.797729497112515,nan,nan,nan,nan,23.97112798690796,4.097999572753906,0.01870039477944374,4.097999572753906,15.756428446620703,6.242171049118042,4697.645654653047,1.4804455041885376,0.000371602568,16,2048,,3982.961714029312
adammini-softmax_fisher_projector-r8,adammini,softmax_fisher_projector,8,1.1B,sdpa,666,571,18743296,2.2067365646362305,9.08601633027356,nan,nan,nan,nan,23.97112798690796,4.097999572753906,0.01870039477944374,4.097999572753906,15.756428446620703,6.21844482421875,4698.53308719607,1.656402349472046,0.000371202576,16,2048,,3989.1834168434143
adammini-softmax_fisher_projector-r8,adammini,softmax_fisher_projector,8,1.1B,sdpa,666,572,18776064,2.287350654602051,9.848810186134376,nan,nan,nan,nan,23.97112798690796,4.097999572753906,0.01870039477944374,4.097999572753906,15.756428446620703,6.219927549362183,4699.416114489489,1.5578064918518066,0.00037080258400000004,16,2048,,3995.4066891670227
adammini-softmax_fisher_projector-r8,adammini,softmax_fisher_projector,8,1.1B,sdpa,666,573,18808832,2.216223955154419,9.17262913051199,nan,nan,nan,nan,23.97112798690796,4.097999572753906,0.01870039477944374,4.097999572753906,15.756428446620703,6.2332048416137695,4700.280715287532,1.5876349210739136,0.00037040259200000006,16,2048,,4001.6432449817657
adammini-softmax_fisher_projector-r8,adammini,softmax_fisher_projector,8,1.1B,sdpa,666,574,18841600,2.2592408657073975,9.575817075744888,nan,nan,nan,nan,23.97112798690796,4.097999572753906,0.01870039477944374,4.097999572753906,15.756428446620703,6.217976331710815,4701.160503721305,1.5203055143356323,0.0003700026,16,2048,,4007.8642585277557
adammini-softmax_fisher_projector-r8,adammini,softmax_fisher_projector,8,1.1B,sdpa,666,575,18874368,2.440972328186035,11.48420172887994,nan,nan,nan,nan,23.97112798690796,4.097999572753906,0.01870039477944374,4.097999572753906,15.756428446620703,6.2213757038116455,4702.033899488271,1.6871798038482666,0.0003696026080000001,16,2048,,4014.088934659958
adammini-softmax_fisher_projector-r8,adammini,softmax_fisher_projector,8,1.1B,sdpa,666,576,18907136,2.4015543460845947,11.04032353454213,nan,nan,nan,nan,23.97112798690796,4.097999572753906,0.01870039477944374,4.097999572753906,15.756428446620703,6.22821831703186,4702.896349339701,1.5683403015136719,0.000369202616,16,2048,,4020.3203377723694
adammini-softmax_fisher_projector-r8,adammini,softmax_fisher_projector,8,1.1B,sdpa,666,577,18939904,2.206557512283325,9.08438960331008,nan,nan,nan,nan,23.97112798690796,4.097999572753906,0.01870039477944374,4.097999572753906,15.756428446620703,6.224714756011963,4703.760138714067,1.5759550333023071,0.00036880262400000005,16,2048,,4026.548450231552
adammini-softmax_fisher_projector-r8,adammini,softmax_fisher_projector,8,1.1B,sdpa,666,578,18972672,2.358043909072876,10.57025483721796,nan,nan,nan,nan,23.97112798690796,4.097999572753906,0.01870039477944374,4.097999572753906,15.756428446620703,6.227622747421265,4704.617924093663,1.508087158203125,0.000368402632,16,2048,,4032.779452562332
adammini-softmax_fisher_projector-r8,adammini,softmax_fisher_projector,8,1.1B,sdpa,666,579,19005440,2.274815320968628,9.726122635781046,nan,nan,nan,nan,23.97112798690796,4.097999572753906,0.01870039477944374,4.097999572753906,15.756428446620703,6.243952512741089,4705.454004503778,1.53214693069458,0.00036800264,16,2048,,4039.0267384052277
adammini-softmax_fisher_projector-r8,adammini,softmax_fisher_projector,8,1.1B,sdpa,666,580,19038208,2.3190064430236816,10.165569214701081,nan,nan,nan,nan,23.97112798690796,4.097999572753906,0.01870039477944374,4.097999572753906,15.756428446620703,6.237598419189453,4706.294881053148,1.6205604076385498,0.00036760264800000003,16,2048,,4045.267725467682
adammini-softmax_fisher_projector-r8,adammini,softmax_fisher_projector,8,1.1B,sdpa,666,581,19070976,2.368548631668091,10.681877689135218,nan,nan,nan,nan,23.97112798690796,4.097999572753906,0.01870039477944374,4.097999572753906,15.756428446620703,6.231901407241821,4707.139762693769,1.5341209173202515,0.000367202656,16,2048,,4051.50284075737
adammini-softmax_fisher_projector-r8,adammini,softmax_fisher_projector,8,1.1B,sdpa,666,582,19103744,2.586033344268799,13.277001717446895,nan,nan,nan,nan,23.97112798690796,4.097999572753906,0.01870039477944374,4.097999572753906,15.756428446620703,6.213932275772095,4708.003017148988,1.6225496530532837,0.000366802664,16,2048,,4057.719972372055
adammini-softmax_fisher_projector-r8,adammini,softmax_fisher_projector,8,1.1B,sdpa,666,583,19136512,2.415557861328125,11.196014439209693,nan,nan,nan,nan,23.97112798690796,4.097999572753906,0.01870039477944374,4.097999572753906,15.756428446620703,6.212080955505371,4708.864754947959,1.4586032629013062,0.000366402672,16,2048,,4063.935946702957
adammini-softmax_fisher_projector-r8,adammini,softmax_fisher_projector,8,1.1B,sdpa,666,584,19169280,2.3465018272399902,10.448953472671173,nan,nan,nan,nan,23.97112798690796,4.097999572753906,0.01870039477944374,4.097999572753906,15.756428446620703,6.222992420196533,4709.712463554198,1.5546783208847046,0.00036600268,16,2048,,4070.162261724472
adammini-softmax_fisher_projector-r8,adammini,softmax_fisher_projector,8,1.1B,sdpa,666,585,19202048,2.6067214012145996,13.55453802994054,nan,nan,nan,nan,23.97112798690796,4.097999572753906,0.01870039477944374,4.097999572753906,15.756428446620703,6.216246843338013,4710.565164710612,1.7314612865447998,0.0003656026880000001,16,2048,,4076.3818140029907
adammini-softmax_fisher_projector-r8,adammini,softmax_fisher_projector,8,1.1B,sdpa,666,586,19234816,2.3356926441192627,10.336617047426497,nan,nan,nan,nan,23.97112798690796,4.097999572753906,0.01870039477944374,4.097999572753906,15.756428446620703,6.208868026733398,4711.423796378635,1.6602312326431274,0.000365202696,16,2048,,4082.593909740448
adammini-softmax_fisher_projector-r8,adammini,softmax_fisher_projector,8,1.1B,sdpa,666,587,19267584,2.3785345554351807,10.789080474005155,nan,nan,nan,nan,23.97112798690796,4.097999572753906,0.01870039477944374,4.097999572753906,15.756428446620703,6.216447830200195,4712.271090569727,1.5488885641098022,0.000364802704,16,2048,,4088.8136115074158
adammini-softmax_fisher_projector-r8,adammini,softmax_fisher_projector,8,1.1B,sdpa,666,588,19300352,2.5544278621673584,12.863937606287653,nan,nan,nan,nan,23.97112798690796,4.097999572753906,0.01870039477944374,4.097999572753906,15.756428446620703,6.215776443481445,4713.116565568693,1.5591671466827393,0.000364402712,16,2048,,4095.0325577259064
adammini-softmax_fisher_projector-r8,adammini,softmax_fisher_projector,8,1.1B,sdpa,666,589,19333120,2.5536305904388428,12.853685639861316,nan,nan,nan,nan,23.97112798690796,4.097999572753906,0.01870039477944374,4.097999572753906,15.756428446620703,6.205845355987549,4713.970986600762,1.6001408100128174,0.00036400272,16,2048,,4101.241662025452
adammini-softmax_fisher_projector-r8,adammini,softmax_fisher_projector,8,1.1B,sdpa,666,590,19365888,2.405728816986084,11.086507373358323,nan,nan,nan,nan,23.97112798690796,4.097999572753906,0.01870039477944374,4.097999572753906,15.756428446620703,6.224753379821777,4714.801006185113,1.629500150680542,0.00036360272800000005,16,2048,,4107.469722032547
adammini-softmax_fisher_projector-r8,adammini,softmax_fisher_projector,8,1.1B,sdpa,666,591,19398656,2.538898468017578,12.665711597492505,nan,nan,nan,nan,23.97112798690796,4.097999572753906,0.01870039477944374,4.097999572753906,15.756428446620703,6.2337682247161865,4715.618148264106,1.432369589805603,0.00036320273599999996,16,2048,,4113.706738710403
adammini-softmax_fisher_projector-r8,adammini,softmax_fisher_projector,8,1.1B,sdpa,666,592,19431424,2.37764573097229,10.779495135820337,nan,nan,nan,nan,23.97112798690796,4.097999572753906,0.01870039477944374,4.097999572753906,15.756428446620703,6.397090435028076,4716.245853742527,1.6154485940933228,0.000362802744,16,2048,,4120.107088804245
adammini-softmax_fisher_projector-r8,adammini,softmax_fisher_projector,8,1.1B,sdpa,666,593,19464192,2.4408767223358154,11.483103824493432,nan,nan,nan,nan,23.97112798690796,4.097999572753906,0.01870039477944374,4.097999572753906,15.756428446620703,6.218761205673218,4717.075509717532,1.525425672531128,0.000362402752,16,2048,,4126.329209804535
adammini-softmax_fisher_projector-r8,adammini,softmax_fisher_projector,8,1.1B,sdpa,666,594,19496960,1.7683417797088623,5.861126260279554,nan,nan,nan,nan,23.97112798690796,4.097999572753906,0.01870039477944374,4.097999572753906,15.756428446620703,6.244497299194336,4717.873196836031,1.8704935312271118,0.00036200276,16,2048,,4132.577057600021
adammini-softmax_fisher_projector-r8,adammini,softmax_fisher_projector,8,1.1B,sdpa,666,595,19529728,1.9523253440856934,7.0450507152709685,nan,nan,nan,nan,23.97112798690796,4.097999572753906,0.01870039477944374,4.097999572753906,15.756428446620703,6.200913906097412,4718.718162564435,1.619647741317749,0.000361602768,16,2048,,4138.781241893768
adammini-softmax_fisher_projector-r8,adammini,softmax_fisher_projector,8,1.1B,sdpa,666,596,19562496,2.3323862552642822,10.302496610822644,nan,nan,nan,nan,23.97112798690796,4.097999572753906,0.01870039477944374,4.097999572753906,15.756428446620703,6.222793340682983,4719.535775593132,1.487743616104126,0.00036120277599999996,16,2048,,4145.0073363780975
adammini-softmax_fisher_projector-r8,adammini,softmax_fisher_projector,8,1.1B,sdpa,666,597,19595264,2.1895761489868164,8.931426718057784,nan,nan,nan,nan,23.97112798690796,4.097999572753906,0.01870039477944374,4.097999572753906,15.756428446620703,6.224456548690796,4720.349004743488,1.849429965019226,0.000360802784,16,2048,,4151.234845638275
adammini-softmax_fisher_projector-r8,adammini,softmax_fisher_projector,8,1.1B,sdpa,666,598,19628032,2.4025230407714844,11.051023418915452,nan,nan,nan,nan,23.97112798690796,4.097999572753906,0.01870039477944374,4.097999572753906,15.756428446620703,6.230544567108154,4721.153149639576,1.4668009281158447,0.00036040279200000004,16,2048,,4157.46875
adammini-softmax_fisher_projector-r8,adammini,softmax_fisher_projector,8,1.1B,sdpa,666,599,19660800,2.4296412467956543,11.35480777553606,nan,nan,nan,nan,23.97112798690796,4.097999572753906,0.01870039477944374,4.097999572753906,15.756428446620703,6.2233076095581055,4721.962762501233,1.7618048191070557,0.0003600028,16,2048,,4163.6950516700745
adammini-softmax_fisher_projector-r8,adammini,softmax_fisher_projector,8,1.1B,sdpa,666,600,19693568,2.3882925510406494,10.894875608617212,2.479201386619769,11.931731771264333,nan,nan,23.97112798690796,4.097999572753906,0.01870039477944374,4.097999572753906,15.756428446620703,128.69846653938293,4588.0151729935305,1.4650802612304688,0.00035960280800000007,16,2048,,4304.407343626022
adammini-softmax_fisher_projector-r8,adammini,softmax_fisher_projector,8,1.1B,sdpa,666,601,19726336,2.5628104209899902,12.972223542498783,nan,nan,nan,nan,23.97112798690796,4.097999572753906,0.01870039477944374,4.097999572753906,15.756428446620703,6.225745677947998,4576.203618666663,1.6603808403015137,0.00035920281599999997,16,2048,,4310.636295795441
adammini-softmax_fisher_projector-r8,adammini,softmax_fisher_projector,8,1.1B,sdpa,666,602,19759104,2.5011544227600098,12.196565829885632,nan,nan,nan,nan,23.97112798690796,4.097999572753906,0.01870039477944374,4.097999572753906,15.756428446620703,6.208273649215698,4577.209714921713,1.5196181535720825,0.00035880282400000004,16,2048,,4316.847841262817
adammini-softmax_fisher_projector-r8,adammini,softmax_fisher_projector,8,1.1B,sdpa,666,603,19791872,2.3929102420806885,10.94530111319562,nan,nan,nan,nan,23.97112798690796,4.097999572753906,0.01870039477944374,4.097999572753906,15.756428446620703,6.207815408706665,4578.213298253144,1.4158614873886108,0.000358402832,16,2048,,4323.058963060379
adammini-softmax_fisher_projector-r8,adammini,softmax_fisher_projector,8,1.1B,sdpa,666,604,19824640,2.212575912475586,9.139227949476247,nan,nan,nan,nan,23.97112798690796,4.097999572753906,0.01870039477944374,4.097999572753906,15.756428446620703,6.194742918014526,4579.22778836312,1.883255958557129,0.00035800284,16,2048,,4329.256907463074
adammini-softmax_fisher_projector-r8,adammini,softmax_fisher_projector,8,1.1B,sdpa,666,605,19857408,2.3215487003326416,10.191445585596677,nan,nan,nan,nan,23.97112798690796,4.097999572753906,0.01870039477944374,4.097999572753906,15.756428446620703,6.2077765464782715,4580.225710573542,1.6594393253326416,0.000357602848,16,2048,,4335.467781543732
adammini-softmax_fisher_projector-r8,adammini,softmax_fisher_projector,8,1.1B,sdpa,666,606,19890176,2.4732654094696045,11.861115080991148,nan,nan,nan,nan,23.97112798690796,4.097999572753906,0.01870039477944374,4.097999572753906,15.756428446620703,6.193894386291504,4581.235545256011,1.6554099321365356,0.000357202856,16,2048,,4341.664870977402
adammini-softmax_fisher_projector-r8,adammini,softmax_fisher_projector,8,1.1B,sdpa,666,607,19922944,2.39143705368042,10.929188493934191,nan,nan,nan,nan,23.97112798690796,4.097999572753906,0.01870039477944374,4.097999572753906,15.756428446620703,6.216790199279785,4582.21830050041,1.5231385231018066,0.000356802864,16,2048,,4347.884663105011
adammini-softmax_fisher_projector-r8,adammini,softmax_fisher_projector,8,1.1B,sdpa,666,608,19955712,2.3504984378814697,10.490797432622763,nan,nan,nan,nan,23.97112798690796,4.097999572753906,0.01870039477944374,4.097999572753906,15.756428446620703,6.216163158416748,4583.199065093506,1.6628730297088623,0.000356402872,16,2048,,4354.1040143966675
adammini-softmax_fisher_projector-r8,adammini,softmax_fisher_projector,8,1.1B,sdpa,666,609,19988480,2.28007435798645,9.777407410827166,nan,nan,nan,nan,23.97112798690796,4.097999572753906,0.01870039477944374,4.097999572753906,15.756428446620703,6.210306882858276,4584.183025694437,1.6106988191604614,0.00035600287999999996,16,2048,,4360.317320346832
adammini-softmax_fisher_projector-r8,adammini,softmax_fisher_projector,8,1.1B,sdpa,666,610,20021248,2.4333107471466064,11.396550787812545,nan,nan,nan,nan,23.97112798690796,4.097999572753906,0.01870039477944374,4.097999572753906,15.756428446620703,6.232120752334595,4585.141379127411,1.646607518196106,0.00035560288800000003,16,2048,,4366.5526514053345
adammini-softmax_fisher_projector-r8,adammini,softmax_fisher_projector,8,1.1B,sdpa,666,611,20054016,2.2615807056427,9.59824918849412,nan,nan,nan,nan,23.97112798690796,4.097999572753906,0.01870039477944374,4.097999572753906,15.756428446620703,6.228293418884277,4586.100920029972,1.5646042823791504,0.000355202896,16,2048,,4372.784196615219
adammini-softmax_fisher_projector-r8,adammini,softmax_fisher_projector,8,1.1B,sdpa,666,612,20086784,2.476315975189209,11.897353437695157,nan,nan,nan,nan,23.97112798690796,4.097999572753906,0.01870039477944374,4.097999572753906,15.756428446620703,6.239123821258545,4587.046335901355,1.6536308526992798,0.00035480290400000006,16,2048,,4379.026530742645
adammini-softmax_fisher_projector-r8,adammini,softmax_fisher_projector,8,1.1B,sdpa,666,613,20119552,2.4388012886047363,11.459296117683309,nan,nan,nan,nan,23.97112798690796,4.097999572753906,0.01870039477944374,4.097999572753906,15.756428446620703,6.240227699279785,4587.9878998150425,1.8187510967254639,0.000354402912,16,2048,,4385.2700390815735
adammini-softmax_fisher_projector-r8,adammini,softmax_fisher_projector,8,1.1B,sdpa,666,614,20152320,2.2582390308380127,9.56622849218622,nan,nan,nan,nan,23.97112798690796,4.097999572753906,0.01870039477944374,4.097999572753906,15.756428446620703,6.206711292266846,4588.961727626613,1.5118705034255981,0.00035400292,16,2048,,4391.480069637299
adammini-softmax_fisher_projector-r8,adammini,softmax_fisher_projector,8,1.1B,sdpa,666,615,20185088,2.3379440307617188,10.359914985467572,nan,nan,nan,nan,23.97112798690796,4.097999572753906,0.01870039477944374,4.097999572753906,15.756428446620703,6.205460786819458,4589.934113295027,1.6189042329788208,0.00035360292800000004,16,2048,,4397.688632488251
adammini-softmax_fisher_projector-r8,adammini,softmax_fisher_projector,8,1.1B,sdpa,666,616,20217856,2.2215793132781982,9.221883614425181,nan,nan,nan,nan,23.97112798690796,4.097999572753906,0.01870039477944374,4.097999572753906,15.756428446620703,6.21190333366394,4590.897250812642,1.5495043992996216,0.000353202936,16,2048,,4403.903661966324
adammini-softmax_fisher_projector-r8,adammini,softmax_fisher_projector,8,1.1B,sdpa,666,617,20250624,2.201230764389038,9.036128002924357,nan,nan,nan,nan,23.97112798690796,4.097999572753906,0.01870039477944374,4.097999572753906,15.756428446620703,6.218266248703003,4591.85100638403,1.7176741361618042,0.000352802944,16,2048,,4410.125070333481
adammini-softmax_fisher_projector-r8,adammini,softmax_fisher_projector,8,1.1B,sdpa,666,618,20283392,2.3549230098724365,10.537317561041604,nan,nan,nan,nan,23.97112798690796,4.097999572753906,0.01870039477944374,4.097999572753906,15.756428446620703,6.211961984634399,4592.80861311461,1.7765612602233887,0.000352402952,16,2048,,4416.340231180191
adammini-softmax_fisher_projector-r8,adammini,softmax_fisher_projector,8,1.1B,sdpa,666,619,20316160,3.3665666580200195,28.978861720629773,nan,nan,nan,nan,23.97112798690796,4.097999572753906,0.01870039477944374,4.097999572753906,15.756428446620703,6.2347259521484375,4593.739869371391,2.494414806365967,0.00035200296,16,2048,,4422.577900648117
adammini-softmax_fisher_projector-r8,adammini,softmax_fisher_projector,8,1.1B,sdpa,666,620,20348928,2.584409713745117,13.255462262985155,nan,nan,nan,nan,23.97112798690796,4.097999572753906,0.01870039477944374,4.097999572753906,15.756428446620703,6.201660394668579,4594.702884571646,1.8392153978347778,0.00035160296800000005,16,2048,,4428.783006906509
adammini-softmax_fisher_projector-r8,adammini,softmax_fisher_projector,8,1.1B,sdpa,666,621,20381696,2.5126304626464844,12.337340327712687,nan,nan,nan,nan,23.97112798690796,4.097999572753906,0.01870039477944374,4.097999572753906,15.756428446620703,6.223500967025757,4595.640381710914,1.7185744047164917,0.000351202976,16,2048,,4435.009738445282
adammini-softmax_fisher_projector-r8,adammini,softmax_fisher_projector,8,1.1B,sdpa,666,622,20414464,2.263843059539795,9.619988406581156,nan,nan,nan,nan,23.97112798690796,4.097999572753906,0.01870039477944374,4.097999572753906,15.756428446620703,6.231804370880127,4596.566683116304,1.6687740087509155,0.000350802984,16,2048,,4441.244556427002
adammini-softmax_fisher_projector-r8,adammini,softmax_fisher_projector,8,1.1B,sdpa,666,623,20447232,2.351715087890625,10.503568828999578,nan,nan,nan,nan,23.97112798690796,4.097999572753906,0.01870039477944374,4.097999572753906,15.756428446620703,6.240858793258667,4597.481225891114,1.5487967729568481,0.000350402992,16,2048,,4447.488491296768
adammini-softmax_fisher_projector-r8,adammini,softmax_fisher_projector,8,1.1B,sdpa,666,624,20480000,2.395764112472534,10.976582198823525,nan,nan,nan,nan,23.97112798690796,4.097999572753906,0.01870039477944374,4.097999572753906,15.756428446620703,6.2274181842803955,4598.407105720128,1.5559076070785522,0.000350003,16,2048,,4453.719200134277
adammini-softmax_fisher_projector-r8,adammini,softmax_fisher_projector,8,1.1B,sdpa,666,625,20512768,2.392526388168335,10.941100522799541,nan,nan,nan,nan,23.97112798690796,4.097999572753906,0.01870039477944374,4.097999572753906,15.756428446620703,6.213832139968872,4599.3441477547485,1.472153902053833,0.00034960300800000006,16,2048,,4459.936327934265
adammini-softmax_fisher_projector-r8,adammini,softmax_fisher_projector,8,1.1B,sdpa,666,626,20545536,2.421417713165283,11.261814024616202,nan,nan,nan,nan,23.97112798690796,4.097999572753906,0.01870039477944374,4.097999572753906,15.756428446620703,6.218644142150879,4600.2736168389965,1.597648024559021,0.000349203016,16,2048,,4466.15806889534
adammini-softmax_fisher_projector-r8,adammini,softmax_fisher_projector,8,1.1B,sdpa,666,627,20578304,2.4233920574188232,11.284070686346464,nan,nan,nan,nan,23.97112798690796,4.097999572753906,0.01870039477944374,4.097999572753906,15.756428446620703,6.21736741065979,4601.201944761596,1.550100564956665,0.000348803024,16,2048,,4472.3787705898285
adammini-softmax_fisher_projector-r8,adammini,softmax_fisher_projector,8,1.1B,sdpa,666,628,20611072,2.309378147125244,10.068161792571683,nan,nan,nan,nan,23.97112798690796,4.097999572753906,0.01870039477944374,4.097999572753906,15.756428446620703,6.236768960952759,4602.107596561593,1.479478120803833,0.000348403032,16,2048,,4478.618841648102
adammini-softmax_fisher_projector-r8,adammini,softmax_fisher_projector,8,1.1B,sdpa,666,629,20643840,2.6093318462371826,13.589967629665983,nan,nan,nan,nan,23.97112798690796,4.097999572753906,0.01870039477944374,4.097999572753906,15.756428446620703,6.206958293914795,4603.041406384354,1.983559012413025,0.00034800304,16,2048,,4484.829033613205
adammini-softmax_fisher_projector-r8,adammini,softmax_fisher_projector,8,1.1B,sdpa,666,630,20676608,1.9000358581542969,6.68613419041223,nan,nan,nan,nan,23.97112798690796,4.097999572753906,0.01870039477944374,4.097999572753906,15.756428446620703,6.218943357467651,4603.960362396855,1.9203380346298218,0.000347603048,16,2048,,4491.051306247711
adammini-softmax_fisher_projector-r8,adammini,softmax_fisher_projector,8,1.1B,sdpa,666,631,20709376,2.205695629119873,9.076563294027325,nan,nan,nan,nan,23.97112798690796,4.097999572753906,0.01870039477944374,4.097999572753906,15.756428446620703,6.222999811172485,4604.8725488304635,1.6758204698562622,0.000347203056,16,2048,,4497.277501344681
adammini-softmax_fisher_projector-r8,adammini,softmax_fisher_projector,8,1.1B,sdpa,666,632,20742144,2.3830063343048096,10.837434890643026,nan,nan,nan,nan,23.97112798690796,4.097999572753906,0.01870039477944374,4.097999572753906,15.756428446620703,6.221517086029053,4605.7838208208905,2.1320486068725586,0.000346803064,16,2048,,4503.502249002457
adammini-softmax_fisher_projector-r8,adammini,softmax_fisher_projector,8,1.1B,sdpa,666,633,20774912,2.5955145359039307,13.403482160254097,nan,nan,nan,nan,23.97112798690796,4.097999572753906,0.01870039477944374,4.097999572753906,15.756428446620703,6.216492176055908,4606.697686508878,1.6928905248641968,0.00034640307200000005,16,2048,,4509.722050189972
adammini-softmax_fisher_projector-r8,adammini,softmax_fisher_projector,8,1.1B,sdpa,666,634,20807680,2.2142891883850098,9.154899389469737,nan,nan,nan,nan,23.97112798690796,4.097999572753906,0.01870039477944374,4.097999572753906,15.756428446620703,6.238397836685181,4607.586612667337,1.4791553020477295,0.00034600307999999995,16,2048,,4515.963496685028
adammini-softmax_fisher_projector-r8,adammini,softmax_fisher_projector,8,1.1B,sdpa,666,635,20840448,2.4902405738830566,12.064178097531583,nan,nan,nan,nan,23.97112798690796,4.097999572753906,0.01870039477944374,4.097999572753906,15.756428446620703,6.236401081085205,4608.475241060428,1.7784091234207153,0.000345603088,16,2048,,4522.2032244205475
adammini-softmax_fisher_projector-r8,adammini,softmax_fisher_projector,8,1.1B,sdpa,666,636,20873216,2.3598878383636475,10.589763620604172,nan,nan,nan,nan,23.97112798690796,4.097999572753906,0.01870039477944374,4.097999572753906,15.756428446620703,6.213413715362549,4609.384820831522,1.6803293228149414,0.000345203096,16,2048,,4528.419801712036
adammini-softmax_fisher_projector-r8,adammini,softmax_fisher_projector,8,1.1B,sdpa,666,637,20905984,2.3950014114379883,10.968213540022747,nan,nan,nan,nan,23.97112798690796,4.097999572753906,0.01870039477944374,4.097999572753906,15.756428446620703,6.273236274719238,4610.231108390361,7.916680335998535,0.000344803104,16,2048,,4534.6962423324585
adammini-softmax_fisher_projector-r8,adammini,softmax_fisher_projector,8,1.1B,sdpa,666,638,20938752,2.35801100730896,10.56990706291,nan,nan,nan,nan,23.97112798690796,4.097999572753906,0.01870039477944374,4.097999572753906,15.756428446620703,6.169219255447388,4611.180626130908,2.7389285564422607,0.00034440311200000006,16,2048,,4540.868568897247
adammini-softmax_fisher_projector-r8,adammini,softmax_fisher_projector,8,1.1B,sdpa,666,639,20971520,2.4810948371887207,11.954345317635248,nan,nan,nan,nan,23.97112798690796,4.097999572753906,0.01870039477944374,4.097999572753906,15.756428446620703,6.211807727813721,4612.08448630333,1.729274868965149,0.00034400312,16,2048,,4547.083479881287
adammini-softmax_fisher_projector-r8,adammini,softmax_fisher_projector,8,1.1B,sdpa,666,640,21004288,2.2990100383758545,9.964313282809005,nan,nan,nan,nan,23.97112798690796,4.097999572753906,0.01870039477944374,4.097999572753906,15.756428446620703,6.212570428848267,4612.985100575221,1.862777590751648,0.00034360312800000003,16,2048,,4553.299344301224
adammini-softmax_fisher_projector-r8,adammini,softmax_fisher_projector,8,1.1B,sdpa,666,641,21037056,2.2689554691314697,9.669295659625305,nan,nan,nan,nan,23.97112798690796,4.097999572753906,0.01870039477944374,4.097999572753906,15.756428446620703,6.208314657211304,4613.887408332965,1.975562572479248,0.00034320313600000004,16,2048,,4559.510705709457
adammini-softmax_fisher_projector-r8,adammini,softmax_fisher_projector,8,1.1B,sdpa,666,642,21069824,2.4680285453796387,11.799162393844176,nan,nan,nan,nan,23.97112798690796,4.097999572753906,0.01870039477944374,4.097999572753906,15.756428446620703,6.2121741771698,4614.78346573939,1.775927186012268,0.000342803144,16,2048,,4565.726128101349
adammini-softmax_fisher_projector-r8,adammini,softmax_fisher_projector,8,1.1B,sdpa,666,643,21102592,2.45721435546875,11.672251467174581,nan,nan,nan,nan,23.97112798690796,4.097999572753906,0.01870039477944374,4.097999572753906,15.756428446620703,6.241106986999512,4615.647823517098,1.9020787477493286,0.00034240315200000006,16,2048,,4571.9704666137695
adammini-softmax_fisher_projector-r8,adammini,softmax_fisher_projector,8,1.1B,sdpa,666,644,21135360,2.2383675575256348,9.378009723661618,nan,nan,nan,nan,23.97112798690796,4.097999572753906,0.01870039477944374,4.097999572753906,15.756428446620703,6.201779365539551,4616.549522243917,1.9654375314712524,0.00034200315999999997,16,2048,,4578.175423622131
adammini-softmax_fisher_projector-r8,adammini,softmax_fisher_projector,8,1.1B,sdpa,666,645,21168128,2.2586922645568848,9.570565212200945,nan,nan,nan,nan,23.97112798690796,4.097999572753906,0.01870039477944374,4.097999572753906,15.756428446620703,6.244844913482666,4617.405390814371,1.6914443969726562,0.00034160316800000004,16,2048,,4584.4234499931335
adammini-softmax_fisher_projector-r8,adammini,softmax_fisher_projector,8,1.1B,sdpa,666,646,21200896,2.356444835662842,10.553365730829789,nan,nan,nan,nan,23.97112798690796,4.097999572753906,0.01870039477944374,4.097999572753906,15.756428446620703,6.2356133460998535,4618.268226564839,1.7463064193725586,0.000341203176,16,2048,,4590.66190123558
adammini-softmax_fisher_projector-r8,adammini,softmax_fisher_projector,8,1.1B,sdpa,666,647,21233664,2.4513871669769287,11.604432845601691,nan,nan,nan,nan,23.97112798690796,4.097999572753906,0.01870039477944374,4.097999572753906,15.756428446620703,6.2245588302612305,4619.140152184247,1.7418437004089355,0.000340803184,16,2048,,4596.8898050785065
adammini-softmax_fisher_projector-r8,adammini,softmax_fisher_projector,8,1.1B,sdpa,666,648,21266432,2.4188506603240967,11.232941427523885,nan,nan,nan,nan,23.97112798690796,4.097999572753906,0.01870039477944374,4.097999572753906,15.756428446620703,6.229774236679077,4620.0039999674955,1.6148619651794434,0.000340403192,16,2048,,4603.122827768326
adammini-softmax_fisher_projector-r8,adammini,softmax_fisher_projector,8,1.1B,sdpa,666,649,21299200,2.3794333934783936,10.798782469594647,nan,nan,nan,nan,23.97112798690796,4.097999572753906,0.01870039477944374,4.097999572753906,15.756428446620703,6.2284886837005615,4620.866892934252,1.5006983280181885,0.0003400032,16,2048,,4609.354402065277
adammini-softmax_fisher_projector-r8,adammini,softmax_fisher_projector,8,1.1B,sdpa,666,650,21331968,2.523407220840454,12.471015861897984,2.4847896099527804,11.998595604164093,nan,nan,23.97112798690796,4.097999572753906,0.01870039477944374,4.097999572753906,15.756428446620703,6.227079391479492,4621.728941962417,1.764386534690857,0.000339603208,16,2048,,4629.477343797684
adammini-softmax_fisher_projector-r8,adammini,softmax_fisher_projector,8,1.1B,sdpa,666,651,21364736,2.484020233154297,11.989367713409582,nan,nan,nan,nan,23.97112798690796,4.097999572753906,0.01870039477944374,4.097999572753906,15.756428446620703,6.227792263031006,4608.733878992986,1.6245570182800293,0.00033920321600000006,16,2048,,4635.709110736847
adammini-softmax_fisher_projector-r8,adammini,softmax_fisher_projector,8,1.1B,sdpa,666,652,21397504,2.4967403411865234,12.142847838414882,nan,nan,nan,nan,23.97112798690796,4.097999572753906,0.01870039477944374,4.097999572753906,15.756428446620703,6.22720193862915,4609.607168145552,1.7563451528549194,0.000338803224,16,2048,,4641.93962097168
adammini-softmax_fisher_projector-r8,adammini,softmax_fisher_projector,8,1.1B,sdpa,666,653,21430272,2.3296701908111572,10.27455233240894,nan,nan,nan,nan,23.97112798690796,4.097999572753906,0.01870039477944374,4.097999572753906,15.756428446620703,6.231564998626709,4610.473665062375,1.48923921585083,0.0003384032320000001,16,2048,,4648.174445390701
adammini-softmax_fisher_projector-r8,adammini,softmax_fisher_projector,8,1.1B,sdpa,666,654,21463040,2.359764814376831,10.58846090579835,nan,nan,nan,nan,23.97112798690796,4.097999572753906,0.01870039477944374,4.097999572753906,15.756428446620703,6.224625110626221,4611.344792025127,1.7335132360458374,0.00033800324,16,2048,,4654.402203083038
adammini-softmax_fisher_projector-r8,adammini,softmax_fisher_projector,8,1.1B,sdpa,666,655,21495808,2.474027395248413,11.870156526292574,nan,nan,nan,nan,23.97112798690796,4.097999572753906,0.01870039477944374,4.097999572753906,15.756428446620703,6.241188287734985,4612.197301959339,1.7020751237869263,0.00033760324800000005,16,2048,,4660.646639823914
adammini-softmax_fisher_projector-r8,adammini,softmax_fisher_projector,8,1.1B,sdpa,666,656,21528576,2.4381978511810303,11.452383235512242,nan,nan,nan,nan,23.97112798690796,4.097999572753906,0.01870039477944374,4.097999572753906,15.756428446620703,6.218730926513672,4613.069625254398,1.6677016019821167,0.000337203256,16,2048,,4666.8686718940735
adammini-softmax_fisher_projector-r8,adammini,softmax_fisher_projector,8,1.1B,sdpa,666,657,21561344,2.412554979324341,11.162444557358926,nan,nan,nan,nan,23.97112798690796,4.097999572753906,0.01870039477944374,4.097999572753906,15.756428446620703,6.216568946838379,4613.941705409597,1.5137330293655396,0.000336803264,16,2048,,4673.088486433029
adammini-softmax_fisher_projector-r8,adammini,softmax_fisher_projector,8,1.1B,sdpa,666,658,21594112,2.573472261428833,13.111271255125548,nan,nan,nan,nan,23.97112798690796,4.097999572753906,0.01870039477944374,4.097999572753906,15.756428446620703,6.223657131195068,4614.804489864176,1.5606201887130737,0.00033640327200000004,16,2048,,4679.315485715866
adammini-softmax_fisher_projector-r8,adammini,softmax_fisher_projector,8,1.1B,sdpa,666,659,21626880,2.4767510890960693,11.902531268022033,nan,nan,nan,nan,23.97112798690796,4.097999572753906,0.01870039477944374,4.097999572753906,15.756428446620703,6.228886604309082,4615.659817628602,1.56379234790802,0.00033600327999999994,16,2048,,4685.547656297684
adammini-softmax_fisher_projector-r8,adammini,softmax_fisher_projector,8,1.1B,sdpa,666,660,21659648,2.346881628036499,10.452922747241884,nan,nan,nan,nan,23.97112798690796,4.097999572753906,0.01870039477944374,4.097999572753906,15.756428446620703,6.220492839813232,4616.521142309808,1.4554866552352905,0.000335603288,16,2048,,4691.7715475559235
adammini-softmax_fisher_projector-r8,adammini,softmax_fisher_projector,8,1.1B,sdpa,666,661,21692416,2.382286787033081,10.829639648793762,nan,nan,nan,nan,23.97112798690796,4.097999572753906,0.01870039477944374,4.097999572753906,15.756428446620703,6.218364477157593,4617.3822033669485,1.5924500226974487,0.00033520329599999996,16,2048,,4697.9929802417755
adammini-softmax_fisher_projector-r8,adammini,softmax_fisher_projector,8,1.1B,sdpa,666,662,21725184,2.3706321716308594,10.704157010045867,nan,nan,nan,nan,23.97112798690796,4.097999572753906,0.01870039477944374,4.097999572753906,15.756428446620703,6.2191481590271,4618.240408636309,1.511453628540039,0.000334803304,16,2048,,4704.215490818024
adammini-softmax_fisher_projector-r8,adammini,softmax_fisher_projector,8,1.1B,sdpa,666,663,21757952,2.2643330097198486,9.624702876466449,nan,nan,nan,nan,23.97112798690796,4.097999572753906,0.01870039477944374,4.097999572753906,15.756428446620703,6.232139587402344,4619.083478286444,1.3976314067840576,0.000334403312,16,2048,,4710.450915813446
adammini-softmax_fisher_projector-r8,adammini,softmax_fisher_projector,8,1.1B,sdpa,666,664,21790720,2.3086884021759033,10.061219723229966,nan,nan,nan,nan,23.97112798690796,4.097999572753906,0.01870039477944374,4.097999572753906,15.756428446620703,6.248319625854492,4619.908440443803,1.4765688180923462,0.00033400332,16,2048,,4716.702574729919
adammini-softmax_fisher_projector-r8,adammini,softmax_fisher_projector,8,1.1B,sdpa,666,665,21823488,2.3859946727752686,10.869869252536516,nan,nan,nan,nan,23.97112798690796,4.097999572753906,0.01870039477944374,4.097999572753906,15.756428446620703,6.224480628967285,4620.754574455793,1.5153141021728516,0.000333603328,16,2048,,4722.930316925049
adammini-softmax_fisher_projector-r8,adammini,softmax_fisher_projector,8,1.1B,sdpa,666,666,21856256,2.428579568862915,11.34275902376895,nan,nan,nan,nan,23.97112798690796,4.097999572753906,0.01870039477944374,4.097999572753906,15.756428446620703,6.2342565059661865,4621.58898349843,1.5498605966567993,0.00033320333600000003,16,2048,,4729.167875528336
adammini-softmax_fisher_projector-r8,adammini,softmax_fisher_projector,8,1.1B,sdpa,666,667,21889024,2.454226493835449,11.63742844393546,nan,nan,nan,nan,23.97112798690796,4.097999572753906,0.01870039477944374,4.097999572753906,15.756428446620703,6.216456413269043,4622.43849931611,1.4881881475448608,0.000332803344,16,2048,,4735.387600660324
adammini-softmax_fisher_projector-r8,adammini,softmax_fisher_projector,8,1.1B,sdpa,666,668,21921792,2.385706901550293,10.866741666982536,nan,nan,nan,nan,23.97112798690796,4.097999572753906,0.01870039477944374,4.097999572753906,15.756428446620703,6.223104000091553,4623.279357744152,1.4440313577651978,0.00033240335200000005,16,2048,,4741.613988399506
adammini-softmax_fisher_projector-r8,adammini,softmax_fisher_projector,8,1.1B,sdpa,666,669,21954560,2.13566517829895,8.462673822047613,nan,nan,nan,nan,23.97112798690796,4.097999572753906,0.01870039477944374,4.097999572753906,15.756428446620703,6.219812393188477,4624.121185007858,1.4948241710662842,0.00033200335999999996,16,2048,,4747.83701634407
adammini-softmax_fisher_projector-r8,adammini,softmax_fisher_projector,8,1.1B,sdpa,666,670,21987328,2.422555923461914,11.274639635034024,nan,nan,nan,nan,23.97112798690796,4.097999572753906,0.01870039477944374,4.097999572753906,15.756428446620703,6.2304370403289795,4624.950554116886,1.5019960403442383,0.000331603368,16,2048,,4754.070791721344
adammini-softmax_fisher_projector-r8,adammini,softmax_fisher_projector,8,1.1B,sdpa,666,671,22020096,2.4868128299713135,12.022895977196008,nan,nan,nan,nan,23.97112798690796,4.097999572753906,0.01870039477944374,4.097999572753906,15.756428446620703,6.222885370254517,4625.784974922899,1.5340193510055542,0.000331203376,16,2048,,4760.296883583069
adammini-softmax_fisher_projector-r8,adammini,softmax_fisher_projector,8,1.1B,sdpa,666,672,22052864,2.5440056324005127,12.730562930897408,nan,nan,nan,nan,23.97112798690796,4.097999572753906,0.01870039477944374,4.097999572753906,15.756428446620703,6.2179114818573,4626.622134677177,1.4711847305297852,0.000330803384,16,2048,,4766.517871141434
adammini-softmax_fisher_projector-r8,adammini,softmax_fisher_projector,8,1.1B,sdpa,666,673,22085632,2.4014298915863037,11.038949602113478,nan,nan,nan,nan,23.97112798690796,4.097999572753906,0.01870039477944374,4.097999572753906,15.756428446620703,6.2236008644104,4627.451668849938,1.7142956256866455,0.000330403392,16,2048,,4772.744830369949
adammini-softmax_fisher_projector-r8,adammini,softmax_fisher_projector,8,1.1B,sdpa,666,674,22118400,3.40771746635437,30.196241601487376,nan,nan,nan,nan,23.97112798690796,4.097999572753906,0.01870039477944374,4.097999572753906,15.756428446620703,6.232066869735718,4628.270665889995,2.1202869415283203,0.00033000339999999996,16,2048,,4778.980236530304
adammini-softmax_fisher_projector-r8,adammini,softmax_fisher_projector,8,1.1B,sdpa,666,675,22151168,2.9109742641448975,18.374691652557384,nan,nan,nan,nan,23.97112798690796,4.097999572753906,0.01870039477944374,4.097999572753906,15.756428446620703,6.220768451690674,4629.098518773709,1.8415971994400024,0.000329603408,16,2048,,4785.204169511795
adammini-softmax_fisher_projector-r8,adammini,softmax_fisher_projector,8,1.1B,sdpa,666,676,22183936,2.6018483638763428,13.48864693529021,nan,nan,nan,nan,23.97112798690796,4.097999572753906,0.01870039477944374,4.097999572753906,15.756428446620703,6.222963333129883,4629.922186626372,2.3423080444335938,0.000329203416,16,2048,,4791.430287837982
adammini-softmax_fisher_projector-r8,adammini,softmax_fisher_projector,8,1.1B,sdpa,666,677,22216704,2.534059762954712,12.604573987377577,nan,nan,nan,nan,23.97112798690796,4.097999572753906,0.01870039477944374,4.097999572753906,15.756428446620703,6.221912384033203,4630.744764176072,1.8767815828323364,0.000328803424,16,2048,,4797.655398368835
adammini-softmax_fisher_projector-r8,adammini,softmax_fisher_projector,8,1.1B,sdpa,666,678,22249472,2.401639938354492,11.041268541335915,nan,nan,nan,nan,23.97112798690796,4.097999572753906,0.01870039477944374,4.097999572753906,15.756428446620703,6.213744401931763,4631.573040745849,2.1459522247314453,0.00032840343200000007,16,2048,,4803.872334718704
adammini-softmax_fisher_projector-r8,adammini,softmax_fisher_projector,8,1.1B,sdpa,666,679,22282240,2.469419002532959,11.815580034966038,nan,nan,nan,nan,23.97112798690796,4.097999572753906,0.01870039477944374,4.097999572753906,15.756428446620703,6.214641571044922,4632.398328758534,1.654364824295044,0.00032800344000000003,16,2048,,4810.089932918549
adammini-softmax_fisher_projector-r8,adammini,softmax_fisher_projector,8,1.1B,sdpa,666,680,22315008,2.3310930728912354,10.289182214633877,nan,nan,nan,nan,23.97112798690796,4.097999572753906,0.01870039477944374,4.097999572753906,15.756428446620703,6.2073962688446045,4633.2285931667475,1.8469892740249634,0.00032760344800000004,16,2048,,4816.300644636154
adammini-softmax_fisher_projector-r8,adammini,softmax_fisher_projector,8,1.1B,sdpa,666,681,22347776,2.490025520324707,12.061583932055402,nan,nan,nan,nan,23.97112798690796,4.097999572753906,0.01870039477944374,4.097999572753906,15.756428446620703,6.224727392196655,4634.039816075348,1.549317717552185,0.000327203456,16,2048,,4822.52863407135
adammini-softmax_fisher_projector-r8,adammini,softmax_fisher_projector,8,1.1B,sdpa,666,682,22380544,2.2971811294555664,9.946106116061477,nan,nan,nan,nan,23.97112798690796,4.097999572753906,0.01870039477944374,4.097999572753906,15.756428446620703,6.212662220001221,4634.860614973476,1.6200759410858154,0.000326803464,16,2048,,4828.744495868683
adammini-softmax_fisher_projector-r8,adammini,softmax_fisher_projector,8,1.1B,sdpa,666,683,22413312,2.501544237136841,12.201321153380604,nan,nan,nan,nan,23.97112798690796,4.097999572753906,0.01870039477944374,4.097999572753906,15.756428446620703,6.2258830070495605,4635.666631460995,1.5334091186523438,0.000326403472,16,2048,,4834.973540067673
adammini-softmax_fisher_projector-r8,adammini,softmax_fisher_projector,8,1.1B,sdpa,666,684,22446080,2.4253768920898438,11.306489942973712,nan,nan,nan,nan,23.97112798690796,4.097999572753906,0.01870039477944374,4.097999572753906,15.756428446620703,6.221327066421509,4636.474979752862,1.7362022399902344,0.00032600348000000004,16,2048,,4841.198045492172
adammini-softmax_fisher_projector-r8,adammini,softmax_fisher_projector,8,1.1B,sdpa,666,685,22478848,2.2818782329559326,9.795060548561745,nan,nan,nan,nan,23.97112798690796,4.097999572753906,0.01870039477944374,4.097999572753906,15.756428446620703,6.220118284225464,4637.2823767517075,1.8826383352279663,0.000325603488,16,2048,,4847.421229362488
adammini-softmax_fisher_projector-r8,adammini,softmax_fisher_projector,8,1.1B,sdpa,666,686,22511616,2.028301954269409,7.601168262808913,nan,nan,nan,nan,23.97112798690796,4.097999572753906,0.01870039477944374,4.097999572753906,15.756428446620703,6.23131799697876,4638.07711693734,1.8975666761398315,0.000325203496,16,2048,,4853.655889034271
adammini-softmax_fisher_projector-r8,adammini,softmax_fisher_projector,8,1.1B,sdpa,666,687,22544384,2.4124906063079834,11.161726020260295,nan,nan,nan,nan,23.97112798690796,4.097999572753906,0.01870039477944374,4.097999572753906,15.756428446620703,6.2248854637146,4638.875695932906,1.9918216466903687,0.00032480350399999997,16,2048,,4859.883922100067
adammini-softmax_fisher_projector-r8,adammini,softmax_fisher_projector,8,1.1B,sdpa,666,688,22577152,2.5131595134735107,12.343869134699455,nan,nan,nan,nan,23.97112798690796,4.097999572753906,0.01870039477944374,4.097999572753906,15.756428446620703,6.2296459674835205,4639.667745821451,1.5999773740768433,0.00032440351200000003,16,2048,,4866.116962194443
adammini-softmax_fisher_projector-r8,adammini,softmax_fisher_projector,8,1.1B,sdpa,666,689,22609920,2.3371949195861816,10.35215716347271,nan,nan,nan,nan,23.97112798690796,4.097999572753906,0.01870039477944374,4.097999572753906,15.756428446620703,6.419731855392456,4640.276718551485,1.6843488216400146,0.00032400352,16,2048,,4872.539915323257
adammini-softmax_fisher_projector-r8,adammini,softmax_fisher_projector,8,1.1B,sdpa,666,690,22642688,2.1084086894989014,8.2351262095008,nan,nan,nan,nan,23.97112798690796,4.097999572753906,0.01870039477944374,4.097999572753906,15.756428446620703,6.203907012939453,4641.089517559343,1.6697196960449219,0.00032360352800000006,16,2048,,4878.747205018997
adammini-softmax_fisher_projector-r8,adammini,softmax_fisher_projector,8,1.1B,sdpa,666,691,22675456,2.371729850769043,10.715913190964487,nan,nan,nan,nan,23.97112798690796,4.097999572753906,0.01870039477944374,4.097999572753906,15.756428446620703,6.23201847076416,4641.873373220953,1.7258520126342773,0.000323203536,16,2048,,4884.982486963272
adammini-softmax_fisher_projector-r8,adammini,softmax_fisher_projector,8,1.1B,sdpa,666,692,22708224,2.2106335163116455,9.121493177718087,nan,nan,nan,nan,23.97112798690796,4.097999572753906,0.01870039477944374,4.097999572753906,15.756428446620703,6.222046613693237,4642.664743231405,1.7637300491333008,0.00032280354400000003,16,2048,,4891.207741737366
adammini-softmax_fisher_projector-r8,adammini,softmax_fisher_projector,8,1.1B,sdpa,666,693,22740992,2.308464527130127,10.058967519319395,nan,nan,nan,nan,23.97112798690796,4.097999572753906,0.01870039477944374,4.097999572753906,15.756428446620703,6.223712682723999,4643.452611200261,1.4942673444747925,0.00032240355200000004,16,2048,,4897.434485197067
adammini-softmax_fisher_projector-r8,adammini,softmax_fisher_projector,8,1.1B,sdpa,666,694,22773760,2.3173577785491943,10.148823409773758,nan,nan,nan,nan,23.97112798690796,4.097999572753906,0.01870039477944374,4.097999572753906,15.756428446620703,6.237139701843262,4644.225880117735,1.610622763633728,0.00032200356000000005,16,2048,,4903.674744844437
adammini-softmax_fisher_projector-r8,adammini,softmax_fisher_projector,8,1.1B,sdpa,666,695,22806528,2.1731679439544678,8.786073788659984,nan,nan,nan,nan,23.97112798690796,4.097999572753906,0.01870039477944374,4.097999572753906,15.756428446620703,6.22179913520813,4645.011665032269,1.5881032943725586,0.000321603568,16,2048,,4909.899673461914
adammini-softmax_fisher_projector-r8,adammini,softmax_fisher_projector,8,1.1B,sdpa,666,696,22839296,2.165123462677002,8.715677911354115,nan,nan,nan,nan,23.97112798690796,4.097999572753906,0.01870039477944374,4.097999572753906,15.756428446620703,6.236868858337402,4645.7811547460815,1.5919687747955322,0.0003212035760000001,16,2048,,4916.13973069191
adammini-softmax_fisher_projector-r8,adammini,softmax_fisher_projector,8,1.1B,sdpa,666,697,22872064,2.3097596168518066,10.072003224146025,nan,nan,nan,nan,23.97112798690796,4.097999572753906,0.01870039477944374,4.097999572753906,15.756428446620703,6.233119964599609,4646.552234137393,1.5628588199615479,0.000320803584,16,2048,,4922.3759207725525
adammini-softmax_fisher_projector-r8,adammini,softmax_fisher_projector,8,1.1B,sdpa,666,698,22904832,2.3539087772369385,10.526635687548616,nan,nan,nan,nan,23.97112798690796,4.097999572753906,0.01870039477944374,4.097999572753906,15.756428446620703,6.2180495262146,4647.335727466279,1.5574395656585693,0.000320403592,16,2048,,4928.597146272659
adammini-softmax_fisher_projector-r8,adammini,softmax_fisher_projector,8,1.1B,sdpa,666,699,22937600,2.521507501602173,12.447346922432354,nan,nan,nan,nan,23.97112798690796,4.097999572753906,0.01870039477944374,4.097999572753906,15.756428446620703,6.239474296569824,4648.096910460672,1.6928755044937134,0.0003200036,16,2048,,4934.8398497104645
adammini-softmax_fisher_projector-r8,adammini,softmax_fisher_projector,8,1.1B,sdpa,666,700,22970368,2.318636417388916,10.161808389343463,2.4838108078356167,11.986857099157698,nan,nan,23.97112798690796,4.097999572753906,0.01870039477944374,4.097999572753906,15.756428446620703,6.211029052734375,4648.882872155838,1.4795825481414795,0.00031960360799999997,16,2048,,4956.432889223099
adammini-softmax_fisher_projector-r8,adammini,softmax_fisher_projector,8,1.1B,sdpa,666,701,23003136,2.423353672027588,11.283637551191525,nan,nan,nan,nan,23.97112798690796,4.097999572753906,0.01870039477944374,4.097999572753906,15.756428446620703,6.252912759780884,4635.21876439699,1.6168466806411743,0.00031920361600000003,16,2048,,4962.689162015915
adammini-softmax_fisher_projector-r8,adammini,softmax_fisher_projector,8,1.1B,sdpa,666,702,23035904,2.448638439178467,11.57257921698668,nan,nan,nan,nan,23.97112798690796,4.097999572753906,0.01870039477944374,4.097999572753906,15.756428446620703,6.214854001998901,4636.012852120867,1.6125826835632324,0.00031880362399999994,16,2048,,4968.907272577286
adammini-softmax_fisher_projector-r8,adammini,softmax_fisher_projector,8,1.1B,sdpa,666,703,23068672,2.9915571212768555,19.916671031072934,nan,nan,nan,nan,23.97112798690796,4.097999572753906,0.01870039477944374,4.097999572753906,15.756428446620703,6.227126359939575,4636.793498429564,3.0438878536224365,0.00031840363200000006,16,2048,,4975.137576341629
adammini-softmax_fisher_projector-r8,adammini,softmax_fisher_projector,8,1.1B,sdpa,666,704,23101440,3.0489306449890137,21.092776691782205,nan,nan,nan,nan,23.97112798690796,4.097999572753906,0.01870039477944374,4.097999572753906,15.756428446620703,6.202951192855835,4637.594728962563,2.252011775970459,0.00031800364,16,2048,,4981.343883037567
adammini-softmax_fisher_projector-r8,adammini,softmax_fisher_projector,8,1.1B,sdpa,666,705,23134208,2.3443262577056885,10.426245757893419,nan,nan,nan,nan,23.97112798690796,4.097999572753906,0.01870039477944374,4.097999572753906,15.756428446620703,6.221163034439087,4638.376912228586,1.688379168510437,0.00031760364800000003,16,2048,,4987.568428993225
adammini-softmax_fisher_projector-r8,adammini,softmax_fisher_projector,8,1.1B,sdpa,666,706,23166976,2.4470362663269043,11.55405278997491,nan,nan,nan,nan,23.97112798690796,4.097999572753906,0.01870039477944374,4.097999572753906,15.756428446620703,6.214069843292236,4639.163764523256,2.230196475982666,0.00031720365600000004,16,2048,,4993.785708665848
adammini-softmax_fisher_projector-r8,adammini,softmax_fisher_projector,8,1.1B,sdpa,666,707,23199744,2.2013561725616455,9.037261278284163,nan,nan,nan,nan,23.97112798690796,4.097999572753906,0.01870039477944374,4.097999572753906,15.756428446620703,6.223158597946167,4639.94034959289,1.586936354637146,0.000316803664,16,2048,,5000.011990785599
adammini-softmax_fisher_projector-r8,adammini,softmax_fisher_projector,8,1.1B,sdpa,666,708,23232512,2.4053874015808105,11.08272291502333,nan,nan,nan,nan,23.97112798690796,4.097999572753906,0.01870039477944374,4.097999572753906,15.756428446620703,6.212989330291748,4640.724485889362,1.652693510055542,0.000316403672,16,2048,,5006.228204250336
adammini-softmax_fisher_projector-r8,adammini,softmax_fisher_projector,8,1.1B,sdpa,666,709,23265280,2.024458408355713,7.5720088971706225,nan,nan,nan,nan,23.97112798690796,4.097999572753906,0.01870039477944374,4.097999572753906,15.756428446620703,6.208400249481201,4641.510851505834,1.4612504243850708,0.00031600368,16,2048,,5012.439826965332
adammini-softmax_fisher_projector-r8,adammini,softmax_fisher_projector,8,1.1B,sdpa,666,710,23298048,2.308450222015381,10.058823625664015,nan,nan,nan,nan,23.97112798690796,4.097999572753906,0.01870039477944374,4.097999572753906,15.756428446620703,6.222314834594727,4642.2823776275645,1.533639907836914,0.000315603688,16,2048,,5018.665385246277
adammini-softmax_fisher_projector-r8,adammini,softmax_fisher_projector,8,1.1B,sdpa,666,711,23330816,2.1229324340820312,8.355603854670344,nan,nan,nan,nan,23.97112798690796,4.097999572753906,0.01870039477944374,4.097999572753906,15.756428446620703,6.214602947235107,4643.059154004202,1.4733574390411377,0.00031520369600000005,16,2048,,5024.88316822052
adammini-softmax_fisher_projector-r8,adammini,softmax_fisher_projector,8,1.1B,sdpa,666,712,23363584,2.4672558307647705,11.790048530280519,nan,nan,nan,nan,23.97112798690796,4.097999572753906,0.01870039477944374,4.097999572753906,15.756428446620703,6.234888076782227,4643.815272896259,1.7324970960617065,0.00031480370399999995,16,2048,,5031.121183872223
adammini-softmax_fisher_projector-r8,adammini,softmax_fisher_projector,8,1.1B,sdpa,666,713,23396352,2.618380546569824,13.713497222539276,nan,nan,nan,nan,23.97112798690796,4.097999572753906,0.01870039477944374,4.097999572753906,15.756428446620703,6.229317903518677,4644.574737802225,1.7005534172058105,0.000314403712,16,2048,,5037.353662490845
adammini-softmax_fisher_projector-r8,adammini,softmax_fisher_projector,8,1.1B,sdpa,666,714,23429120,2.329145669937134,10.26916452837071,nan,nan,nan,nan,23.97112798690796,4.097999572753906,0.01870039477944374,4.097999572753906,15.756428446620703,6.216301441192627,4645.344277976922,1.5053075551986694,0.00031400372,16,2048,,5043.573117494583
adammini-softmax_fisher_projector-r8,adammini,softmax_fisher_projector,8,1.1B,sdpa,666,715,23461888,2.465409755706787,11.76830329360152,nan,nan,nan,nan,23.97112798690796,4.097999572753906,0.01870039477944374,4.097999572753906,15.756428446620703,6.232859373092651,4646.096698637321,1.519315242767334,0.000313603728,16,2048,,5049.809150934219
adammini-softmax_fisher_projector-r8,adammini,softmax_fisher_projector,8,1.1B,sdpa,666,716,23494656,2.4402942657470703,11.476417362487572,nan,nan,nan,nan,23.97112798690796,4.097999572753906,0.01870039477944374,4.097999572753906,15.756428446620703,6.246159076690674,4646.835027467931,1.7247298955917358,0.000313203736,16,2048,,5056.058329582214
adammini-softmax_fisher_projector-r8,adammini,softmax_fisher_projector,8,1.1B,sdpa,666,717,23527424,2.388361692428589,10.89562892148047,nan,nan,nan,nan,23.97112798690796,4.097999572753906,0.01870039477944374,4.097999572753906,15.756428446620703,6.218292236328125,4647.597119985897,1.5520232915878296,0.000312803744,16,2048,,5062.280021429062
adammini-softmax_fisher_projector-r8,adammini,softmax_fisher_projector,8,1.1B,sdpa,666,718,23560192,2.3083648681640625,10.057965102967463,nan,nan,nan,nan,23.97112798690796,4.097999572753906,0.01870039477944374,4.097999572753906,15.756428446620703,6.219876050949097,4648.355764880945,1.465694546699524,0.00031240375200000003,16,2048,,5068.5031633377075
adammini-softmax_fisher_projector-r8,adammini,softmax_fisher_projector,8,1.1B,sdpa,666,719,23592960,2.6327121257781982,13.911448382415363,nan,nan,nan,nan,23.97112798690796,4.097999572753906,0.01870039477944374,4.097999572753906,15.756428446620703,6.226892471313477,4649.10617357953,2.0784084796905518,0.00031200376000000004,16,2048,,5074.733289480209
adammini-softmax_fisher_projector-r8,adammini,softmax_fisher_projector,8,1.1B,sdpa,666,720,23625728,2.0585873126983643,7.83489373375678,nan,nan,nan,nan,23.97112798690796,4.097999572753906,0.01870039477944374,4.097999572753906,15.756428446620703,6.253323316574097,4649.830565447099,1.707485556602478,0.000311603768,16,2048,,5080.98992395401
adammini-softmax_fisher_projector-r8,adammini,softmax_fisher_projector,8,1.1B,sdpa,666,721,23658496,2.4417004585266113,11.492566769646448,nan,nan,nan,nan,23.97112798690796,4.097999572753906,0.01870039477944374,4.097999572753906,15.756428446620703,6.186286687850952,4650.614398147341,1.5360172986984253,0.00031120377600000007,16,2048,,5087.1793785095215
adammini-softmax_fisher_projector-r8,adammini,softmax_fisher_projector,8,1.1B,sdpa,666,722,23691264,2.552454710006714,12.838580125316678,nan,nan,nan,nan,23.97112798690796,4.097999572753906,0.01870039477944374,4.097999572753906,15.756428446620703,6.212764739990234,4651.372221656905,1.496188998222351,0.00031080378399999997,16,2048,,5093.395423650742
adammini-softmax_fisher_projector-r8,adammini,softmax_fisher_projector,8,1.1B,sdpa,666,723,23724032,2.5002355575561523,12.185363977222465,nan,nan,nan,nan,23.97112798690796,4.097999572753906,0.01870039477944374,4.097999572753906,15.756428446620703,6.241764307022095,4652.101701637412,1.549623727798462,0.00031040379200000004,16,2048,,5099.640074729919
adammini-softmax_fisher_projector-r8,adammini,softmax_fisher_projector,8,1.1B,sdpa,666,724,23756800,2.374392509460449,10.744484030676093,nan,nan,nan,nan,23.97112798690796,4.097999572753906,0.01870039477944374,4.097999572753906,15.756428446620703,6.207133769989014,4652.861186041977,1.5181134939193726,0.0003100038,16,2048,,5105.850574970245
adammini-softmax_fisher_projector-r8,adammini,softmax_fisher_projector,8,1.1B,sdpa,666,725,23789568,2.368968963623047,10.6863685674306,nan,nan,nan,nan,23.97112798690796,4.097999572753906,0.01870039477944374,4.097999572753906,15.756428446620703,6.22821569442749,4653.599346149515,1.5309514999389648,0.000309603808,16,2048,,5112.081973791122
adammini-softmax_fisher_projector-r8,adammini,softmax_fisher_projector,8,1.1B,sdpa,666,726,23822336,2.6393628120422363,14.004277407280803,nan,nan,nan,nan,23.97112798690796,4.097999572753906,0.01870039477944374,4.097999572753906,15.756428446620703,6.237675189971924,4654.327290063679,1.614122748374939,0.000309203816,16,2048,,5118.322858810425
adammini-softmax_fisher_projector-r8,adammini,softmax_fisher_projector,8,1.1B,sdpa,666,727,23855104,2.2790029048919678,9.766936987686138,nan,nan,nan,nan,23.97112798690796,4.097999572753906,0.01870039477944374,4.097999572753906,15.756428446620703,6.232490301132202,4655.058085713448,1.3876676559448242,0.000308803824,16,2048,,5124.558642864227
adammini-softmax_fisher_projector-r8,adammini,softmax_fisher_projector,8,1.1B,sdpa,666,728,23887872,2.446347713470459,11.546099952211641,nan,nan,nan,nan,23.97112798690796,4.097999572753906,0.01870039477944374,4.097999572753906,15.756428446620703,6.209241628646851,4655.80811317599,1.5671194791793823,0.000308403832,16,2048,,5130.771109819412
adammini-softmax_fisher_projector-r8,adammini,softmax_fisher_projector,8,1.1B,sdpa,666,729,23920640,2.3718113899230957,10.716786993085039,nan,nan,nan,nan,23.97112798690796,4.097999572753906,0.01870039477944374,4.097999572753906,15.756428446620703,6.227412462234497,4656.539942211924,1.4437875747680664,0.00030800384,16,2048,,5137.001777410507
adammini-softmax_fisher_projector-r8,adammini,softmax_fisher_projector,8,1.1B,sdpa,666,730,23953408,2.2718698978424072,9.697517237422637,nan,nan,nan,nan,23.97112798690796,4.097999572753906,0.01870039477944374,4.097999572753906,15.756428446620703,6.218488454818726,4657.278051986832,1.668853759765625,0.000307603848,16,2048,,5143.223537445068
adammini-softmax_fisher_projector-r8,adammini,softmax_fisher_projector,8,1.1B,sdpa,666,731,23986176,2.606494188308716,13.551458613821634,nan,nan,nan,nan,23.97112798690796,4.097999572753906,0.01870039477944374,4.097999572753906,15.756428446620703,6.220846652984619,4658.012173179866,1.6109164953231812,0.0003072038560000001,16,2048,,5149.447710752487
adammini-softmax_fisher_projector-r8,adammini,softmax_fisher_projector,8,1.1B,sdpa,666,732,24018944,2.4039103984832764,11.066365781690669,nan,nan,nan,nan,23.97112798690796,4.097999572753906,0.01870039477944374,4.097999572753906,15.756428446620703,6.233833312988281,4658.732773129524,1.5195375680923462,0.000306803864,16,2048,,5155.6849637031555
adammini-softmax_fisher_projector-r8,adammini,softmax_fisher_projector,8,1.1B,sdpa,666,733,24051712,2.435502767562866,11.42155965977947,nan,nan,nan,nan,23.97112798690796,4.097999572753906,0.01870039477944374,4.097999572753906,15.756428446620703,6.218682289123535,4659.465279507927,1.502219319343567,0.00030640387200000005,16,2048,,5161.906984090805
adammini-softmax_fisher_projector-r8,adammini,softmax_fisher_projector,8,1.1B,sdpa,666,734,24084480,2.3661699295043945,10.6564988798446,nan,nan,nan,nan,23.97112798690796,4.097999572753906,0.01870039477944374,4.097999572753906,15.756428446620703,6.234518527984619,4660.181774359825,2.009690999984741,0.00030600388,16,2048,,5168.144730091095
adammini-softmax_fisher_projector-r8,adammini,softmax_fisher_projector,8,1.1B,sdpa,666,735,24117248,2.4017019271850586,11.041952997874874,nan,nan,nan,nan,23.97112798690796,4.097999572753906,0.01870039477944374,4.097999572753906,15.756428446620703,6.223492622375488,4660.906569036401,1.715753436088562,0.00030560388799999997,16,2048,,5174.371423006058
adammini-softmax_fisher_projector-r8,adammini,softmax_fisher_projector,8,1.1B,sdpa,666,736,24150016,2.366384267807007,10.658783220528402,nan,nan,nan,nan,23.97112798690796,4.097999572753906,0.01870039477944374,4.097999572753906,15.756428446620703,6.224012613296509,4661.629160584947,1.607171893119812,0.00030520389600000004,16,2048,,5180.598649740219
adammini-softmax_fisher_projector-r8,adammini,softmax_fisher_projector,8,1.1B,sdpa,666,737,24182784,2.3418824672698975,10.400797306235537,nan,nan,nan,nan,23.97112798690796,4.097999572753906,0.01870039477944374,4.097999572753906,15.756428446620703,6.230857610702515,4662.343855645463,1.4787726402282715,0.00030480390399999994,16,2048,,5186.832820415497
adammini-softmax_fisher_projector-r8,adammini,softmax_fisher_projector,8,1.1B,sdpa,666,738,24215552,2.347175359725952,10.455993552874538,nan,nan,nan,nan,23.97112798690796,4.097999572753906,0.01870039477944374,4.097999572753906,15.756428446620703,6.238673210144043,4663.049780455796,1.9582592248916626,0.000304403912,16,2048,,5193.074593544006
adammini-softmax_fisher_projector-r8,adammini,softmax_fisher_projector,8,1.1B,sdpa,666,739,24248320,2.2172820568084717,9.182339841120482,nan,nan,nan,nan,23.97112798690796,4.097999572753906,0.01870039477944374,4.097999572753906,15.756428446620703,6.192894220352173,4663.795159903018,1.5265040397644043,0.00030400391999999997,16,2048,,5199.270627498627
adammini-softmax_fisher_projector-r8,adammini,softmax_fisher_projector,8,1.1B,sdpa,666,740,24281088,2.463519334793091,11.746077261833298,nan,nan,nan,nan,23.97112798690796,4.097999572753906,0.01870039477944374,4.097999572753906,15.756428446620703,6.219501972198486,4664.5149019139335,1.6562654972076416,0.000303603928,16,2048,,5205.493437767029
adammini-softmax_fisher_projector-r8,adammini,softmax_fisher_projector,8,1.1B,sdpa,666,741,24313856,2.437861919403076,11.448536662179407,nan,nan,nan,nan,23.97112798690796,4.097999572753906,0.01870039477944374,4.097999572753906,15.756428446620703,6.226131200790405,4665.227009240072,2.007812023162842,0.000303203936,16,2048,,5211.722678184509
adammini-softmax_fisher_projector-r8,adammini,softmax_fisher_projector,8,1.1B,sdpa,666,742,24346624,2.3959529399871826,10.978655075261358,nan,nan,nan,nan,23.97112798690796,4.097999572753906,0.01870039477944374,4.097999572753906,15.756428446620703,6.21922755241394,4665.943620532798,1.5153676271438599,0.000302803944,16,2048,,5217.945058107376
adammini-softmax_fisher_projector-r8,adammini,softmax_fisher_projector,8,1.1B,sdpa,666,743,24379392,2.4553914070129395,11.650992936876243,nan,nan,nan,nan,23.97112798690796,4.097999572753906,0.01870039477944374,4.097999572753906,15.756428446620703,6.218947172164917,4666.658788840116,1.7300728559494019,0.000302403952,16,2048,,5224.167205572128
adammini-softmax_fisher_projector-r8,adammini,softmax_fisher_projector,8,1.1B,sdpa,666,744,24412160,2.5049965381622314,12.243516580659543,nan,nan,nan,nan,23.97112798690796,4.097999572753906,0.01870039477944374,4.097999572753906,15.756428446620703,6.217541217803955,4667.37344214961,1.6144509315490723,0.00030200396000000003,16,2048,,5230.387859344482
adammini-softmax_fisher_projector-r8,adammini,softmax_fisher_projector,8,1.1B,sdpa,666,745,24444928,2.3740971088409424,10.741310572181028,nan,nan,nan,nan,23.97112798690796,4.097999572753906,0.01870039477944374,4.097999572753906,15.756428446620703,6.200741767883301,4668.101446929081,1.510338544845581,0.000301603968,16,2048,,5236.591792583466
adammini-softmax_fisher_projector-r8,adammini,softmax_fisher_projector,8,1.1B,sdpa,666,746,24477696,2.308131694793701,10.055620126749057,nan,nan,nan,nan,23.97112798690796,4.097999572753906,0.01870039477944374,4.097999572753906,15.756428446620703,6.223706245422363,4668.807200992444,1.4882718324661255,0.00030120397600000005,16,2048,,5242.818478822708
adammini-softmax_fisher_projector-r8,adammini,softmax_fisher_projector,8,1.1B,sdpa,666,747,24510464,2.717632532119751,15.144425828200308,nan,nan,nan,nan,23.97112798690796,4.097999572753906,0.01870039477944374,4.097999572753906,15.756428446620703,6.227830648422241,4669.50774983996,1.8915202617645264,0.000300803984,16,2048,,5249.049550294876
adammini-softmax_fisher_projector-r8,adammini,softmax_fisher_projector,8,1.1B,sdpa,666,748,24543232,2.0441598892211914,7.722667915313814,nan,nan,nan,nan,23.97112798690796,4.097999572753906,0.01870039477944374,4.097999572753906,15.756428446620703,6.224558591842651,4670.209383181018,1.7774111032485962,0.000300403992,16,2048,,5255.277358293533
adammini-softmax_fisher_projector-r8,adammini,softmax_fisher_projector,8,1.1B,sdpa,666,749,24576000,2.479644536972046,11.937020494165202,nan,nan,nan,nan,23.97112798690796,4.097999572753906,0.01870039477944374,4.097999572753906,15.756428446620703,6.23684287071228,4670.898519172951,1.6274995803833008,0.000300004,16,2048,,5261.517421007156
adammini-softmax_fisher_projector-r8,adammini,softmax_fisher_projector,8,1.1B,sdpa,666,750,24608768,2.2569847106933594,9.554236901299337,2.479904316959805,11.940121896026684,nan,nan,23.97112798690796,4.097999572753906,0.01870039477944374,4.097999572753906,15.756428446620703,6.2213218212127686,4671.599716415599,1.6733125448226929,0.000299604008,16,2048,,5287.150819063187
adammini-softmax_fisher_projector-r8,adammini,softmax_fisher_projector,8,1.1B,sdpa,666,751,24641536,2.283052921295166,9.806573452683455,nan,nan,nan,nan,23.97112798690796,4.097999572753906,0.01870039477944374,4.097999572753906,15.756428446620703,6.214378356933594,4655.1736750851105,1.6364445686340332,0.000299204016,16,2048,,5293.368492841721
adammini-softmax_fisher_projector-r8,adammini,softmax_fisher_projector,8,1.1B,sdpa,666,752,24674304,2.605112075805664,13.532741910711017,nan,nan,nan,nan,23.97112798690796,4.097999572753906,0.01870039477944374,4.097999572753906,15.756428446620703,6.208213567733765,4655.90069153319,1.5485783815383911,0.000298804024,16,2048,,5299.579852342606
adammini-softmax_fisher_projector-r8,adammini,softmax_fisher_projector,8,1.1B,sdpa,666,753,24707072,2.4295032024383545,11.353240416579442,nan,nan,nan,nan,23.97112798690796,4.097999572753906,0.01870039477944374,4.097999572753906,15.756428446620703,6.200671195983887,4656.63265861388,1.9779069423675537,0.000298404032,16,2048,,5305.783585309982
adammini-softmax_fisher_projector-r8,adammini,softmax_fisher_projector,8,1.1B,sdpa,666,754,24739840,2.4720232486724854,11.846390815673244,nan,nan,nan,nan,23.97112798690796,4.097999572753906,0.01870039477944374,4.097999572753906,15.756428446620703,6.214292526245117,4657.3509737214745,1.6875081062316895,0.00029800404,16,2048,,5312.001043558121
adammini-softmax_fisher_projector-r8,adammini,softmax_fisher_projector,8,1.1B,sdpa,666,755,24772608,2.2082676887512207,9.099938804784351,nan,nan,nan,nan,23.97112798690796,4.097999572753906,0.01870039477944374,4.097999572753906,15.756428446620703,6.21671199798584,4658.065480540627,1.4182398319244385,0.00029760404799999995,16,2048,,5318.220926523209
adammini-softmax_fisher_projector-r8,adammini,softmax_fisher_projector,8,1.1B,sdpa,666,756,24805376,2.2262792587280273,9.265327977453875,nan,nan,nan,nan,23.97112798690796,4.097999572753906,0.01870039477944374,4.097999572753906,15.756428446620703,6.235257625579834,4658.762116472477,1.6667903661727905,0.00029720405600000007,16,2048,,5324.459337234497
adammini-softmax_fisher_projector-r8,adammini,softmax_fisher_projector,8,1.1B,sdpa,666,757,24838144,2.555229663848877,12.87425606921899,nan,nan,nan,nan,23.97112798690796,4.097999572753906,0.01870039477944374,4.097999572753906,15.756428446620703,6.228939533233643,4659.462634626288,1.587067723274231,0.00029680406400000003,16,2048,,5330.691445827484
adammini-softmax_fisher_projector-r8,adammini,softmax_fisher_projector,8,1.1B,sdpa,666,758,24870912,2.2179653644561768,9.188616348306214,nan,nan,nan,nan,23.97112798690796,4.097999572753906,0.01870039477944374,4.097999572753906,15.756428446620703,6.236712217330933,4660.154697854373,1.446152925491333,0.00029640407200000004,16,2048,,5336.931375741959
adammini-softmax_fisher_projector-r8,adammini,softmax_fisher_projector,8,1.1B,sdpa,666,759,24903680,2.0537493228912354,7.797080142373607,nan,nan,nan,nan,23.97112798690796,4.097999572753906,0.01870039477944374,4.097999572753906,15.756428446620703,6.215641260147095,4660.86345879573,1.6779247522354126,0.00029600408000000005,16,2048,,5343.15024805069
adammini-softmax_fisher_projector-r8,adammini,softmax_fisher_projector,8,1.1B,sdpa,666,760,24936448,2.3177244663238525,10.152545541633705,nan,nan,nan,nan,23.97112798690796,4.097999572753906,0.01870039477944374,4.097999572753906,15.756428446620703,6.2189648151397705,4661.567697597743,1.5860230922698975,0.000295604088,16,2048,,5349.372497320175
adammini-softmax_fisher_projector-r8,adammini,softmax_fisher_projector,8,1.1B,sdpa,666,761,24969216,2.3763349056243896,10.765374357317866,nan,nan,nan,nan,23.97112798690796,4.097999572753906,0.01870039477944374,4.097999572753906,15.756428446620703,6.216167688369751,4662.27271074969,1.6309584379196167,0.000295204096,16,2048,,5355.591840028763
adammini-softmax_fisher_projector-r8,adammini,softmax_fisher_projector,8,1.1B,sdpa,666,762,25001984,2.3323264122009277,10.301880096312495,nan,nan,nan,nan,23.97112798690796,4.097999572753906,0.01870039477944374,4.097999572753906,15.756428446620703,6.233646869659424,4662.960934017189,1.46670401096344,0.00029480410400000004,16,2048,,5361.828653812408
adammini-softmax_fisher_projector-r8,adammini,softmax_fisher_projector,8,1.1B,sdpa,666,763,25034752,2.3879096508026123,10.89070475671434,nan,nan,nan,nan,23.97112798690796,4.097999572753906,0.01870039477944374,4.097999572753906,15.756428446620703,6.218805551528931,4663.6604939452245,1.486808180809021,0.000294404112,16,2048,,5368.050550222397
adammini-softmax_fisher_projector-r8,adammini,softmax_fisher_projector,8,1.1B,sdpa,666,764,25067520,2.3073196411132812,10.047457738013676,nan,nan,nan,nan,23.97112798690796,4.097999572753906,0.01870039477944374,4.097999572753906,15.756428446620703,6.236832141876221,4664.3428324055985,1.4468554258346558,0.00029400412000000006,16,2048,,5374.290561437607
adammini-softmax_fisher_projector-r8,adammini,softmax_fisher_projector,8,1.1B,sdpa,666,765,25100288,1.8584991693496704,6.414103061484826,nan,nan,nan,nan,23.97112798690796,4.097999572753906,0.01870039477944374,4.097999572753906,15.756428446620703,6.20038914680481,4665.055117216804,1.5951720476150513,0.00029360412799999997,16,2048,,5380.493898391724
adammini-softmax_fisher_projector-r8,adammini,softmax_fisher_projector,8,1.1B,sdpa,666,766,25133056,2.389683246612549,10.910037604298989,nan,nan,nan,nan,23.97112798690796,4.097999572753906,0.01870039477944374,4.097999572753906,15.756428446620703,6.2310521602630615,4665.739288467786,1.563713788986206,0.00029320413600000003,16,2048,,5386.728271484375
adammini-softmax_fisher_projector-r8,adammini,softmax_fisher_projector,8,1.1B,sdpa,666,767,25165824,2.658012866973877,14.2679086776334,nan,nan,nan,nan,23.97112798690796,4.097999572753906,0.01870039477944374,4.097999572753906,15.756428446620703,6.258820295333862,4666.397742750659,1.8030242919921875,0.000292804144,16,2048,,5392.990110397339
adammini-softmax_fisher_projector-r8,adammini,softmax_fisher_projector,8,1.1B,sdpa,666,768,25198592,3.125986099243164,22.782349678257898,nan,nan,nan,nan,23.97112798690796,4.097999572753906,0.01870039477944374,4.097999572753906,15.756428446620703,6.197398900985718,4667.107858754878,2.017038583755493,0.000292404152,16,2048,,5399.19082570076
adammini-softmax_fisher_projector-r8,adammini,softmax_fisher_projector,8,1.1B,sdpa,666,769,25231360,2.285080909729004,9.826481249789255,nan,nan,nan,nan,23.97112798690796,4.097999572753906,0.01870039477944374,4.097999572753906,15.756428446620703,6.217123985290527,4667.799169431447,1.5828533172607422,0.00029200416000000007,16,2048,,5405.4110498428345
adammini-softmax_fisher_projector-r8,adammini,softmax_fisher_projector,8,1.1B,sdpa,666,770,25264128,2.5171635150909424,12.393393087509631,nan,nan,nan,nan,23.97112798690796,4.097999572753906,0.01870039477944374,4.097999572753906,15.756428446620703,6.22065806388855,4668.485983597416,1.596482515335083,0.00029160416800000003,16,2048,,5411.634930849075
adammini-softmax_fisher_projector-r8,adammini,softmax_fisher_projector,8,1.1B,sdpa,666,771,25296896,2.3906302452087402,10.920374288234743,nan,nan,nan,nan,23.97112798690796,4.097999572753906,0.01870039477944374,4.097999572753906,15.756428446620703,6.230562686920166,4669.162565555474,1.5540392398834229,0.00029120417600000004,16,2048,,5417.868726730347
adammini-softmax_fisher_projector-r8,adammini,softmax_fisher_projector,8,1.1B,sdpa,666,772,25329664,2.4354946613311768,11.421467074345873,nan,nan,nan,nan,23.97112798690796,4.097999572753906,0.01870039477944374,4.097999572753906,15.756428446620703,6.230453729629517,4669.837697243878,1.4888354539871216,0.00029080418400000005,16,2048,,5424.102384567261
adammini-softmax_fisher_projector-r8,adammini,softmax_fisher_projector,8,1.1B,sdpa,666,773,25362432,2.4305851459503174,11.365530628846715,nan,nan,nan,nan,23.97112798690796,4.097999572753906,0.01870039477944374,4.097999572753906,15.756428446620703,6.196366786956787,4670.540628528428,1.5589531660079956,0.000290404192,16,2048,,5430.301892757416
adammini-softmax_fisher_projector-r8,adammini,softmax_fisher_projector,8,1.1B,sdpa,666,774,25395200,2.375431537628174,10.755653654003387,nan,nan,nan,nan,23.97112798690796,4.097999572753906,0.01870039477944374,4.097999572753906,15.756428446620703,6.207747936248779,4671.23212940038,1.6634255647659302,0.0002900042,16,2048,,5436.512897968292
adammini-softmax_fisher_projector-r8,adammini,softmax_fisher_projector,8,1.1B,sdpa,666,775,25427968,2.3397483825683594,10.378624791248072,nan,nan,nan,nan,23.97112798690796,4.097999572753906,0.01870039477944374,4.097999572753906,15.756428446620703,6.218641996383667,4671.9126959195055,1.4995548725128174,0.000289604208,16,2048,,5442.73481965065
adammini-softmax_fisher_projector-r8,adammini,softmax_fisher_projector,8,1.1B,sdpa,666,776,25460736,2.3582167625427246,10.572082100363595,nan,nan,nan,nan,23.97112798690796,4.097999572753906,0.01870039477944374,4.097999572753906,15.756428446620703,6.227041006088257,4672.584507550438,1.5122770071029663,0.000289204216,16,2048,,5448.965054512024
adammini-softmax_fisher_projector-r8,adammini,softmax_fisher_projector,8,1.1B,sdpa,666,777,25493504,2.370558738708496,10.703371001374993,nan,nan,nan,nan,23.97112798690796,4.097999572753906,0.01870039477944374,4.097999572753906,15.756428446620703,6.230969190597534,4673.251481211271,1.4679124355316162,0.000288804224,16,2048,,5455.199180364609
adammini-softmax_fisher_projector-r8,adammini,softmax_fisher_projector,8,1.1B,sdpa,666,778,25526272,2.3141353130340576,10.116171813892704,nan,nan,nan,nan,23.97112798690796,4.097999572753906,0.01870039477944374,4.097999572753906,15.756428446620703,6.232499599456787,4673.915624094244,1.547967553138733,0.00028840423199999997,16,2048,,5461.43483877182
adammini-softmax_fisher_projector-r8,adammini,softmax_fisher_projector,8,1.1B,sdpa,666,779,25559040,2.350461721420288,10.490412254737292,nan,nan,nan,nan,23.97112798690796,4.097999572753906,0.01870039477944374,4.097999572753906,15.756428446620703,6.211342096328735,4674.5963532136875,1.5221621990203857,0.00028800424000000003,16,2048,,5467.649271726608
adammini-softmax_fisher_projector-r8,adammini,softmax_fisher_projector,8,1.1B,sdpa,666,780,25591808,2.4414379596710205,11.48955037993836,nan,nan,nan,nan,23.97112798690796,4.097999572753906,0.01870039477944374,4.097999572753906,15.756428446620703,6.221230745315552,4675.2671310128835,1.5190768241882324,0.00028760424799999994,16,2048,,5473.873612165451
adammini-softmax_fisher_projector-r8,adammini,softmax_fisher_projector,8,1.1B,sdpa,666,781,25624576,2.310413122177124,10.078587483079428,nan,nan,nan,nan,23.97112798690796,4.097999572753906,0.01870039477944374,4.097999572753906,15.756428446620703,6.220782041549683,4675.9367268297765,1.5357916355133057,0.000287204256,16,2048,,5480.097615242004
adammini-softmax_fisher_projector-r8,adammini,softmax_fisher_projector,8,1.1B,sdpa,666,782,25657344,2.3469061851501465,10.45317944400559,nan,nan,nan,nan,23.97112798690796,4.097999572753906,0.01870039477944374,4.097999572753906,15.756428446620703,6.214017152786255,4676.610500787774,1.6689358949661255,0.000286804264,16,2048,,5486.314929485321
adammini-softmax_fisher_projector-r8,adammini,softmax_fisher_projector,8,1.1B,sdpa,666,783,25690112,2.3949363231658936,10.967499661188283,nan,nan,nan,nan,23.97112798690796,4.097999572753906,0.01870039477944374,4.097999572753906,15.756428446620703,6.222914457321167,4677.275160530704,1.711241364479065,0.00028640427200000003,16,2048,,5492.541028499603
adammini-softmax_fisher_projector-r8,adammini,softmax_fisher_projector,8,1.1B,sdpa,666,784,25722880,2.445129632949829,11.532044434884408,nan,nan,nan,nan,23.97112798690796,4.097999572753906,0.01870039477944374,4.097999572753906,15.756428446620703,6.2178075313568115,4677.942718522837,1.7073547840118408,0.00028600428000000004,16,2048,,5498.762071847916
adammini-softmax_fisher_projector-r8,adammini,softmax_fisher_projector,8,1.1B,sdpa,666,785,25755648,2.2297489643096924,9.297531774191782,nan,nan,nan,nan,23.97112798690796,4.097999572753906,0.01870039477944374,4.097999572753906,15.756428446620703,6.225383520126343,4678.60227755715,1.6751115322113037,0.000285604288,16,2048,,5504.990696668625
adammini-softmax_fisher_projector-r8,adammini,softmax_fisher_projector,8,1.1B,sdpa,666,786,25788416,2.3666133880615234,10.661225643446324,nan,nan,nan,nan,23.97112798690796,4.097999572753906,0.01870039477944374,4.097999572753906,15.756428446620703,6.220009088516235,4679.264899375869,1.5439339876174927,0.000285204296,16,2048,,5511.2139048576355
adammini-softmax_fisher_projector-r8,adammini,softmax_fisher_projector,8,1.1B,sdpa,666,787,25821184,2.480781316757202,11.950597973597896,nan,nan,nan,nan,23.97112798690796,4.097999572753906,0.01870039477944374,4.097999572753906,15.756428446620703,6.2327494621276855,4679.915261425772,1.5519342422485352,0.000284804304,16,2048,,5517.449868440628
adammini-softmax_fisher_projector-r8,adammini,softmax_fisher_projector,8,1.1B,sdpa,666,788,25853952,2.4609196186065674,11.715580453347,nan,nan,nan,nan,23.97112798690796,4.097999572753906,0.01870039477944374,4.097999572753906,15.756428446620703,6.229739427566528,4680.566710467759,1.5835713148117065,0.000284404312,16,2048,,5523.68264913559
adammini-softmax_fisher_projector-r8,adammini,softmax_fisher_projector,8,1.1B,sdpa,666,789,25886720,2.3644232749938965,10.637901903983861,nan,nan,nan,nan,23.97112798690796,4.097999572753906,0.01870039477944374,4.097999572753906,15.756428446620703,6.248735189437866,4681.200625551434,1.7437667846679688,0.00028400432000000005,16,2048,,5529.934893369675
adammini-softmax_fisher_projector-r8,adammini,softmax_fisher_projector,8,1.1B,sdpa,666,790,25919488,2.106536865234375,8.219725918256367,nan,nan,nan,nan,23.97112798690796,4.097999572753906,0.01870039477944374,4.097999572753906,15.756428446620703,6.2185282707214355,4681.858482197157,1.8830170631408691,0.00028360432799999995,16,2048,,5536.156787872314
adammini-softmax_fisher_projector-r8,adammini,softmax_fisher_projector,8,1.1B,sdpa,666,791,25952256,2.3620035648345947,10.612192382012985,nan,nan,nan,nan,23.97112798690796,4.097999572753906,0.01870039477944374,4.097999572753906,15.756428446620703,6.233380079269409,4682.502347428818,1.4880479574203491,0.000283204336,16,2048,,5542.393359422684
adammini-softmax_fisher_projector-r8,adammini,softmax_fisher_projector,8,1.1B,sdpa,666,792,25985024,2.6915149688720703,14.754010864996546,nan,nan,nan,nan,23.97112798690796,4.097999572753906,0.01870039477944374,4.097999572753906,15.756428446620703,6.23874568939209,4683.140346034562,2.0417609214782715,0.000282804344,16,2048,,5548.635337114334
adammini-softmax_fisher_projector-r8,adammini,softmax_fisher_projector,8,1.1B,sdpa,666,793,26017792,3.034712076187134,20.79498966472659,nan,nan,nan,nan,23.97112798690796,4.097999572753906,0.01870039477944374,4.097999572753906,15.756428446620703,6.207986116409302,4683.802819976462,2.004300355911255,0.000282404352,16,2048,,5554.846635341644
adammini-softmax_fisher_projector-r8,adammini,softmax_fisher_projector,8,1.1B,sdpa,666,794,26050560,2.645512104034424,14.090659119180893,nan,nan,nan,nan,23.97112798690796,4.097999572753906,0.01870039477944374,4.097999572753906,15.756428446620703,6.0733654499053955,4684.577160132389,inf,0.00028200436,16,2048,,5560.92033457756
adammini-softmax_fisher_projector-r8,adammini,softmax_fisher_projector,8,1.1B,sdpa,666,795,26083328,2.6785097122192383,14.56337349795529,nan,nan,nan,nan,23.97112798690796,4.097999572753906,0.01870039477944374,4.097999572753906,15.756428446620703,6.074336767196655,4685.351485935223,inf,0.00028160436799999996,16,2048,,5566.99504160881
adammini-softmax_fisher_projector-r8,adammini,softmax_fisher_projector,8,1.1B,sdpa,666,796,26116096,2.8400187492370605,17.11608644769981,nan,nan,nan,nan,23.97112798690796,4.097999572753906,0.01870039477944374,4.097999572753906,15.756428446620703,6.08598780632019,4686.114255554575,inf,0.00028120437600000003,16,2048,,5573.081447124481
adammini-softmax_fisher_projector-r8,adammini,softmax_fisher_projector,8,1.1B,sdpa,666,797,26148864,2.7862541675567627,16.2201479087376,nan,nan,nan,nan,23.97112798690796,4.097999572753906,0.01870039477944374,4.097999572753906,15.756428446620703,6.220736503601074,4686.762172528334,59.47124481201172,0.00028080438400000004,16,2048,,5579.305465698242
adammini-softmax_fisher_projector-r8,adammini,softmax_fisher_projector,8,1.1B,sdpa,666,798,26181632,2.509103536605835,12.293904084073949,nan,nan,nan,nan,23.97112798690796,4.097999572753906,0.01870039477944374,4.097999572753906,15.756428446620703,6.234913110733032,4687.394426984022,2.0332984924316406,0.000280404392,16,2048,,5585.5435955524445
adammini-softmax_fisher_projector-r8,adammini,softmax_fisher_projector,8,1.1B,sdpa,666,799,26214400,2.4418723583221436,11.49454250933405,nan,nan,nan,nan,23.97112798690796,4.097999572753906,0.01870039477944374,4.097999572753906,15.756428446620703,6.237831354141235,4688.022798596734,1.7791863679885864,0.00028000440000000007,16,2048,,5591.784667015076
adammini-softmax_fisher_projector-r8,adammini,softmax_fisher_projector,8,1.1B,sdpa,666,800,26247168,2.326296091079712,10.239943387992396,2.488597903191427,12.044376893633395,nan,nan,23.97112798690796,4.097999572753906,0.01870039477944374,4.097999572753906,15.756428446620703,6.228302240371704,4688.657733500005,1.7565733194351196,0.00027960440799999997,16,2048,,5613.566594362259
adammini-softmax_fisher_projector-r8,adammini,softmax_fisher_projector,8,1.1B,sdpa,666,801,26279936,2.3207895755767822,10.183711942725925,nan,nan,nan,nan,23.97112798690796,4.097999572753906,0.01870039477944374,4.097999572753906,15.756428446620703,6.199546575546265,4676.339472018804,1.9329673051834106,0.00027920441600000004,16,2048,,5619.769499540329
adammini-softmax_fisher_projector-r8,adammini,softmax_fisher_projector,8,1.1B,sdpa,666,802,26312704,2.145317554473877,8.544754231443953,nan,nan,nan,nan,23.97112798690796,4.097999572753906,0.01870039477944374,4.097999572753906,15.756428446620703,6.203219652175903,4677.005056197532,2.7247354984283447,0.000278804424,16,2048,,5625.975955247879
adammini-softmax_fisher_projector-r8,adammini,softmax_fisher_projector,8,1.1B,sdpa,666,803,26345472,2.230999231338501,9.309163441448199,nan,nan,nan,nan,23.97112798690796,4.097999572753906,0.01870039477944374,4.097999572753906,15.756428446620703,6.2069010734558105,4677.666098740368,2.2751662731170654,0.000278404432,16,2048,,5632.1859402656555
adammini-softmax_fisher_projector-r8,adammini,softmax_fisher_projector,8,1.1B,sdpa,666,804,26378240,2.307112455368042,10.045376263627823,nan,nan,nan,nan,23.97112798690796,4.097999572753906,0.01870039477944374,4.097999572753906,15.756428446620703,6.206684112548828,4678.325950809251,1.8093994855880737,0.00027800444,16,2048,,5638.395825147629
adammini-softmax_fisher_projector-r8,adammini,softmax_fisher_projector,8,1.1B,sdpa,666,805,26411008,2.217113971710205,9.180796556331192,nan,nan,nan,nan,23.97112798690796,4.097999572753906,0.01870039477944374,4.097999572753906,15.756428446620703,6.213496446609497,4678.978655066536,2.1693835258483887,0.00027760444800000003,16,2048,,5644.612629652023
adammini-softmax_fisher_projector-r8,adammini,softmax_fisher_projector,8,1.1B,sdpa,666,806,26443776,2.261157989501953,9.594192711068876,nan,nan,nan,nan,23.97112798690796,4.097999572753906,0.01870039477944374,4.097999572753906,15.756428446620703,6.223814964294434,4679.621337637985,1.7002766132354736,0.000277204456,16,2048,,5650.839693546295
adammini-softmax_fisher_projector-r8,adammini,softmax_fisher_projector,8,1.1B,sdpa,666,807,26476544,2.2652881145477295,9.633899867997044,nan,nan,nan,nan,23.97112798690796,4.097999572753906,0.01870039477944374,4.097999572753906,15.756428446620703,6.224319934844971,4680.262203137069,1.9838285446166992,0.000276804464,16,2048,,5657.067237138748
adammini-softmax_fisher_projector-r8,adammini,softmax_fisher_projector,8,1.1B,sdpa,666,808,26509312,2.612668514251709,13.635388575141704,nan,nan,nan,nan,23.97112798690796,4.097999572753906,0.01870039477944374,4.097999572753906,15.756428446620703,6.249966621398926,4680.88045651863,3.4829835891723633,0.00027640447199999996,16,2048,,5663.320513963699
adammini-softmax_fisher_projector-r8,adammini,softmax_fisher_projector,8,1.1B,sdpa,666,809,26542080,2.4979031085968018,12.156975358067346,nan,nan,nan,nan,23.97112798690796,4.097999572753906,0.01870039477944374,4.097999572753906,15.756428446620703,6.23085618019104,4681.513063296757,1.7892478704452515,0.0002760044800000001,16,2048,,5669.554680585861
adammini-softmax_fisher_projector-r8,adammini,softmax_fisher_projector,8,1.1B,sdpa,666,810,26574848,2.2856838703155518,9.832408017311378,nan,nan,nan,nan,23.97112798690796,4.097999572753906,0.01870039477944374,4.097999572753906,15.756428446620703,6.193697690963745,4682.1749466469555,1.5565437078475952,0.00027560448800000004,16,2048,,5675.751755952835
adammini-softmax_fisher_projector-r8,adammini,softmax_fisher_projector,8,1.1B,sdpa,666,811,26607616,2.5286569595336914,12.536657586607456,nan,nan,nan,nan,23.97112798690796,4.097999572753906,0.01870039477944374,4.097999572753906,15.756428446620703,6.211077690124512,4682.821021105783,1.699599266052246,0.000275204496,16,2048,,5681.9661321640015
adammini-softmax_fisher_projector-r8,adammini,softmax_fisher_projector,8,1.1B,sdpa,666,812,26640384,2.330350399017334,10.281543544690658,nan,nan,nan,nan,23.97112798690796,4.097999572753906,0.01870039477944374,4.097999572753906,15.756428446620703,6.217022895812988,4683.460799185771,1.6096043586730957,0.000274804504,16,2048,,5688.186398267746
adammini-softmax_fisher_projector-r8,adammini,softmax_fisher_projector,8,1.1B,sdpa,666,813,26673152,2.430959463119507,11.369785738428645,nan,nan,nan,nan,23.97112798690796,4.097999572753906,0.01870039477944374,4.097999572753906,15.756428446620703,6.211610317230225,4684.103710252675,2.330528497695923,0.00027440451199999997,16,2048,,5694.401096820831
adammini-softmax_fisher_projector-r8,adammini,softmax_fisher_projector,8,1.1B,sdpa,666,814,26705920,2.4184627532958984,11.228584935608353,nan,nan,nan,nan,23.97112798690796,4.097999572753906,0.01870039477944374,4.097999572753906,15.756428446620703,6.198757886886597,4684.755899763171,1.7510406970977783,0.00027400452000000004,16,2048,,5700.603076934814
adammini-softmax_fisher_projector-r8,adammini,softmax_fisher_projector,8,1.1B,sdpa,666,815,26738688,2.401789903640747,11.042924472496326,nan,nan,nan,nan,23.97112798690796,4.097999572753906,0.01870039477944374,4.097999572753906,15.756428446620703,6.206053018569946,4685.4005859837935,1.7095046043395996,0.000273604528,16,2048,,5706.812313556671
adammini-softmax_fisher_projector-r8,adammini,softmax_fisher_projector,8,1.1B,sdpa,666,816,26771456,2.258526086807251,9.56897492934973,nan,nan,nan,nan,23.97112798690796,4.097999572753906,0.01870039477944374,4.097999572753906,15.756428446620703,6.210723876953125,4686.040061321142,1.6123627424240112,0.000273204536,16,2048,,5713.026128053665
adammini-softmax_fisher_projector-r8,adammini,softmax_fisher_projector,8,1.1B,sdpa,666,817,26804224,2.4222633838653564,11.271341838895355,nan,nan,nan,nan,23.97112798690796,4.097999572753906,0.01870039477944374,4.097999572753906,15.756428446620703,6.232358694076538,4686.660436291818,1.7202450037002563,0.00027280454399999997,16,2048,,5719.261687755585
adammini-softmax_fisher_projector-r8,adammini,softmax_fisher_projector,8,1.1B,sdpa,666,818,26836992,2.3788864612579346,10.792877882371986,nan,nan,nan,nan,23.97112798690796,4.097999572753906,0.01870039477944374,4.097999572753906,15.756428446620703,6.233856439590454,4687.278192255338,1.744392991065979,0.000272404552,16,2048,,5725.498871564865
adammini-softmax_fisher_projector-r8,adammini,softmax_fisher_projector,8,1.1B,sdpa,666,819,26869760,2.322232246398926,10.198414289580223,nan,nan,nan,nan,23.97112798690796,4.097999572753906,0.01870039477944374,4.097999572753906,15.756428446620703,6.2352917194366455,4687.893413310246,1.6582450866699219,0.00027200456,16,2048,,5731.737523317337
adammini-softmax_fisher_projector-r8,adammini,softmax_fisher_projector,8,1.1B,sdpa,666,820,26902528,2.4215774536132812,11.263613135525329,nan,nan,nan,nan,23.97112798690796,4.097999572753906,0.01870039477944374,4.097999572753906,15.756428446620703,6.223920822143555,4688.516464855416,1.5327317714691162,0.000271604568,16,2048,,5737.964859962463
adammini-softmax_fisher_projector-r8,adammini,softmax_fisher_projector,8,1.1B,sdpa,666,821,26935296,2.286339521408081,9.838856760201768,nan,nan,nan,nan,23.97112798690796,4.097999572753906,0.01870039477944374,4.097999572753906,15.756428446620703,6.221647024154663,4689.14002944239,1.7455512285232544,0.00027120457599999996,16,2048,,5744.189713716507
adammini-softmax_fisher_projector-r8,adammini,softmax_fisher_projector,8,1.1B,sdpa,666,822,26968064,2.3360977172851562,10.340804981771175,nan,nan,nan,nan,23.97112798690796,4.097999572753906,0.01870039477944374,4.097999572753906,15.756428446620703,6.237252473831177,4689.749632244151,1.609410285949707,0.0002708045840000001,16,2048,,5750.430274486542
adammini-softmax_fisher_projector-r8,adammini,softmax_fisher_projector,8,1.1B,sdpa,666,823,27000832,2.2372052669525146,9.36711608337925,nan,nan,nan,nan,23.97112798690796,4.097999572753906,0.01870039477944374,4.097999572753906,15.756428446620703,6.215801954269409,4690.375338218883,1.528892993927002,0.000270404592,16,2048,,5756.64931511879
adammini-softmax_fisher_projector-r8,adammini,softmax_fisher_projector,8,1.1B,sdpa,666,824,27033600,2.4441773891448975,11.52106834379986,nan,nan,nan,nan,23.97112798690796,4.097999572753906,0.01870039477944374,4.097999572753906,15.756428446620703,6.205121755599976,4691.008436364494,1.571239709854126,0.00027000460000000005,16,2048,,5762.857741832733
adammini-softmax_fisher_projector-r8,adammini,softmax_fisher_projector,8,1.1B,sdpa,666,825,27066368,2.5275285243988037,12.52251876058702,nan,nan,nan,nan,23.97112798690796,4.097999572753906,0.01870039477944374,4.097999572753906,15.756428446620703,6.208681344985962,4691.6372332736255,1.6650751829147339,0.000269604608,16,2048,,5769.069458961487
adammini-softmax_fisher_projector-r8,adammini,softmax_fisher_projector,8,1.1B,sdpa,666,826,27099136,2.3047213554382324,10.021385458785174,nan,nan,nan,nan,23.97112798690796,4.097999572753906,0.01870039477944374,4.097999572753906,15.756428446620703,6.2154083251953125,4692.259364259835,1.4942768812179565,0.000269204616,16,2048,,5775.288194179535
adammini-softmax_fisher_projector-r8,adammini,softmax_fisher_projector,8,1.1B,sdpa,666,827,27131904,2.3485429286956787,10.470302627298071,nan,nan,nan,nan,23.97112798690796,4.097999572753906,0.01870039477944374,4.097999572753906,15.756428446620703,6.205310583114624,4692.888183233563,1.5558257102966309,0.00026880462400000004,16,2048,,5781.496800899506
adammini-softmax_fisher_projector-r8,adammini,softmax_fisher_projector,8,1.1B,sdpa,666,828,27164672,2.337010622024536,10.35024946194748,nan,nan,nan,nan,23.97112798690796,4.097999572753906,0.01870039477944374,4.097999572753906,15.756428446620703,6.216207265853882,4693.506888421114,1.559935212135315,0.000268404632,16,2048,,5787.716180801392
adammini-softmax_fisher_projector-r8,adammini,softmax_fisher_projector,8,1.1B,sdpa,666,829,27197440,2.580646276473999,13.205669916214875,nan,nan,nan,nan,23.97112798690796,4.097999572753906,0.01870039477944374,4.097999572753906,15.756428446620703,6.22005820274353,4694.12116874911,1.6268596649169922,0.00026800464,16,2048,,5793.939428091049
adammini-softmax_fisher_projector-r8,adammini,softmax_fisher_projector,8,1.1B,sdpa,666,830,27230208,2.2533907890319824,9.519961351055757,nan,nan,nan,nan,23.97112798690796,4.097999572753906,0.01870039477944374,4.097999572753906,15.756428446620703,6.222050666809082,4694.7325195200165,1.5323623418807983,0.000267604648,16,2048,,5800.164430141449
adammini-softmax_fisher_projector-r8,adammini,softmax_fisher_projector,8,1.1B,sdpa,666,831,27262976,2.4217190742492676,11.265208408540209,nan,nan,nan,nan,23.97112798690796,4.097999572753906,0.01870039477944374,4.097999572753906,15.756428446620703,6.220121383666992,4695.344345462973,1.448573350906372,0.000267204656,16,2048,,5806.387757539749
adammini-softmax_fisher_projector-r8,adammini,softmax_fisher_projector,8,1.1B,sdpa,666,832,27295744,2.4182159900665283,11.225814475566276,nan,nan,nan,nan,23.97112798690796,4.097999572753906,0.01870039477944374,4.097999572753906,15.756428446620703,6.2205400466918945,4695.954283310007,1.6053051948547363,0.00026680466400000005,16,2048,,5812.611493587494
adammini-softmax_fisher_projector-r8,adammini,softmax_fisher_projector,8,1.1B,sdpa,666,833,27328512,2.348721981048584,10.472177527466755,nan,nan,nan,nan,23.97112798690796,4.097999572753906,0.01870039477944374,4.097999572753906,15.756428446620703,6.2195518016815186,4696.56373174025,1.5212498903274536,0.00026640467199999995,16,2048,,5818.834196805954
adammini-softmax_fisher_projector-r8,adammini,softmax_fisher_projector,8,1.1B,sdpa,666,834,27361280,2.2590646743774414,9.574130048423054,nan,nan,nan,nan,23.97112798690796,4.097999572753906,0.01870039477944374,4.097999572753906,15.756428446620703,6.222498893737793,4697.169471607905,1.4050434827804565,0.00026600468,16,2048,,5825.059949874878
adammini-softmax_fisher_projector-r8,adammini,softmax_fisher_projector,8,1.1B,sdpa,666,835,27394048,2.339184045791626,10.372769403947052,nan,nan,nan,nan,23.97112798690796,4.097999572753906,0.01870039477944374,4.097999572753906,15.756428446620703,6.2126593589782715,4697.7818290041805,1.707476258277893,0.00026560468800000003,16,2048,,5831.275935411453
adammini-softmax_fisher_projector-r8,adammini,softmax_fisher_projector,8,1.1B,sdpa,666,836,27426816,2.500607490539551,12.18989695893076,nan,nan,nan,nan,23.97112798690796,4.097999572753906,0.01870039477944374,4.097999572753906,15.756428446620703,6.232184886932373,4698.377156560666,1.6338492631912231,0.00026520469600000004,16,2048,,5837.511312961578
adammini-softmax_fisher_projector-r8,adammini,softmax_fisher_projector,8,1.1B,sdpa,666,837,27459584,2.3692944049835205,10.68984691972486,nan,nan,nan,nan,23.97112798690796,4.097999572753906,0.01870039477944374,4.097999572753906,15.756428446620703,6.234760522842407,4698.9691784279785,1.4538180828094482,0.00026480470400000005,16,2048,,5843.749065876007
adammini-softmax_fisher_projector-r8,adammini,softmax_fisher_projector,8,1.1B,sdpa,666,838,27492352,2.304201126098633,10.016173395897644,nan,nan,nan,nan,23.97112798690796,4.097999572753906,0.01870039477944374,4.097999572753906,15.756428446620703,6.2291340827941895,4699.564657662449,1.5008269548416138,0.000264404712,16,2048,,5849.981328487396
adammini-softmax_fisher_projector-r8,adammini,softmax_fisher_projector,8,1.1B,sdpa,666,839,27525120,2.4606425762176514,11.712335190509108,nan,nan,nan,nan,23.97112798690796,4.097999572753906,0.01870039477944374,4.097999572753906,15.756428446620703,6.2250144481658936,4700.162061269618,1.569874882698059,0.00026400472,16,2048,,5856.209403038025
adammini-softmax_fisher_projector-r8,adammini,softmax_fisher_projector,8,1.1B,sdpa,666,840,27557888,2.2690601348876953,9.670307756732718,nan,nan,nan,nan,23.97112798690796,4.097999572753906,0.01870039477944374,4.097999572753906,15.756428446620703,6.232325315475464,4700.752359944285,1.575060248374939,0.00026360472800000004,16,2048,,5862.445012331009
adammini-softmax_fisher_projector-r8,adammini,softmax_fisher_projector,8,1.1B,sdpa,666,841,27590656,3.7241790294647217,41.43720005651423,nan,nan,nan,nan,23.97112798690796,4.097999572753906,0.01870039477944374,4.097999572753906,15.756428446620703,6.215329647064209,4701.354880500547,2.141572952270508,0.000263204736,16,2048,,5868.663481473923
adammini-softmax_fisher_projector-r8,adammini,softmax_fisher_projector,8,1.1B,sdpa,666,842,27623424,2.516343116760254,12.383229738076565,nan,nan,nan,nan,23.97112798690796,4.097999572753906,0.01870039477944374,4.097999572753906,15.756428446620703,6.230488300323486,4701.943996953777,1.812206745147705,0.00026280474400000006,16,2048,,5874.897258281708
adammini-softmax_fisher_projector-r8,adammini,softmax_fisher_projector,8,1.1B,sdpa,666,843,27656192,2.346949577331543,10.453633040105384,nan,nan,nan,nan,23.97112798690796,4.097999572753906,0.01870039477944374,4.097999572753906,15.756428446620703,6.212456703186035,4702.546265619031,1.5821983814239502,0.00026240475199999997,16,2048,,5881.1129314899445
adammini-softmax_fisher_projector-r8,adammini,softmax_fisher_projector,8,1.1B,sdpa,666,844,27688960,2.339949131011963,10.38070849316462,nan,nan,nan,nan,23.97112798690796,4.097999572753906,0.01870039477944374,4.097999572753906,15.756428446620703,6.228586196899414,4703.134470906634,1.8671848773956299,0.00026200476000000003,16,2048,,5887.34482383728
adammini-softmax_fisher_projector-r8,adammini,softmax_fisher_projector,8,1.1B,sdpa,666,845,27721728,2.542437791824341,12.710619076254487,nan,nan,nan,nan,23.97112798690796,4.097999572753906,0.01870039477944374,4.097999572753906,15.756428446620703,6.227352857589722,4703.722235663551,2.048110246658325,0.000261604768,16,2048,,5893.575395107269
adammini-softmax_fisher_projector-r8,adammini,softmax_fisher_projector,8,1.1B,sdpa,666,846,27754496,2.4458887577056885,11.540802018929464,nan,nan,nan,nan,23.97112798690796,4.097999572753906,0.01870039477944374,4.097999572753906,15.756428446620703,6.213693380355835,4704.319830248445,1.4777997732162476,0.000261204776,16,2048,,5899.792284488678
adammini-softmax_fisher_projector-r8,adammini,softmax_fisher_projector,8,1.1B,sdpa,666,847,27787264,2.432262897491455,11.384615170457984,nan,nan,nan,nan,23.97112798690796,4.097999572753906,0.01870039477944374,4.097999572753906,15.756428446620703,6.22400164604187,4704.907924466358,1.746206283569336,0.000260804784,16,2048,,5906.01949429512
adammini-softmax_fisher_projector-r8,adammini,softmax_fisher_projector,8,1.1B,sdpa,666,848,27820032,2.3082523345947266,10.056833307937831,nan,nan,nan,nan,23.97112798690796,4.097999572753906,0.01870039477944374,4.097999572753906,15.756428446620703,6.212326526641846,4705.504042934314,1.4327491521835327,0.000260404792,16,2048,,5912.235123872757
adammini-softmax_fisher_projector-r8,adammini,softmax_fisher_projector,8,1.1B,sdpa,666,849,27852800,2.375225067138672,10.75343315816985,nan,nan,nan,nan,23.97112798690796,4.097999572753906,0.01870039477944374,4.097999572753906,15.756428446620703,6.208172798156738,4706.102171236861,1.59175443649292,0.00026000480000000004,16,2048,,5918.446489334106
adammini-softmax_fisher_projector-r8,adammini,softmax_fisher_projector,8,1.1B,sdpa,666,850,27885568,2.3664283752441406,10.659253362507528,2.476594610721653,11.90066892498978,nan,nan,23.97112798690796,4.097999572753906,0.01870039477944374,4.097999572753906,15.756428446620703,6.236294746398926,4706.676712633741,1.5648924112319946,0.000259604808,16,2048,,5939.255816936493
adammini-softmax_fisher_projector-r8,adammini,softmax_fisher_projector,8,1.1B,sdpa,666,851,27918336,2.3999083042144775,11.022165648165089,nan,nan,nan,nan,23.97112798690796,4.097999572753906,0.01870039477944374,4.097999572753906,15.756428446620703,6.229286193847656,4695.720244062638,1.6843503713607788,0.000259204816,16,2048,,5945.4882826805115
adammini-softmax_fisher_projector-r8,adammini,softmax_fisher_projector,8,1.1B,sdpa,666,852,27951104,2.431318521499634,11.373868888278993,nan,nan,nan,nan,23.97112798690796,4.097999572753906,0.01870039477944374,4.097999572753906,15.756428446620703,6.201579809188843,4696.330523997639,1.6550921201705933,0.000258804824,16,2048,,5951.693001508713
adammini-softmax_fisher_projector-r8,adammini,softmax_fisher_projector,8,1.1B,sdpa,666,853,27983872,2.4140257835388184,11.17887440744229,nan,nan,nan,nan,23.97112798690796,4.097999572753906,0.01870039477944374,4.097999572753906,15.756428446620703,6.212516784667969,4696.930940287336,1.5032305717468262,0.000258404832,16,2048,,5957.908696889877
adammini-softmax_fisher_projector-r8,adammini,softmax_fisher_projector,8,1.1B,sdpa,666,854,28016640,2.4439618587493896,11.518585470959943,nan,nan,nan,nan,23.97112798690796,4.097999572753906,0.01870039477944374,4.097999572753906,15.756428446620703,6.211016416549683,4697.531251345706,1.5672414302825928,0.00025800484,16,2048,,5964.122882604599
adammini-softmax_fisher_projector-r8,adammini,softmax_fisher_projector,8,1.1B,sdpa,666,855,28049408,2.317842721939087,10.153746208144305,nan,nan,nan,nan,23.97112798690796,4.097999572753906,0.01870039477944374,4.097999572753906,15.756428446620703,6.213872909545898,4698.1280784402425,1.5581870079040527,0.000257604848,16,2048,,5970.339935541153
adammini-softmax_fisher_projector-r8,adammini,softmax_fisher_projector,8,1.1B,sdpa,666,856,28082176,2.557169198989868,12.899250372108458,nan,nan,nan,nan,23.97112798690796,4.097999572753906,0.01870039477944374,4.097999572753906,15.756428446620703,6.217191457748413,4698.721051458838,1.577598214149475,0.00025720485599999997,16,2048,,5976.560212612152
adammini-softmax_fisher_projector-r8,adammini,softmax_fisher_projector,8,1.1B,sdpa,666,857,28114944,2.362792730331421,10.62057046349816,nan,nan,nan,nan,23.97112798690796,4.097999572753906,0.01870039477944374,4.097999572753906,15.756428446620703,6.223647832870483,4699.307774438783,1.4659929275512695,0.00025680486400000003,16,2048,,5982.786946058273
adammini-softmax_fisher_projector-r8,adammini,softmax_fisher_projector,8,1.1B,sdpa,666,858,28147712,2.446857452392578,11.5519869490442,nan,nan,nan,nan,23.97112798690796,4.097999572753906,0.01870039477944374,4.097999572753906,15.756428446620703,6.224168062210083,4699.892894585849,1.4096802473068237,0.00025640487199999994,16,2048,,5989.014463663101
adammini-softmax_fisher_projector-r8,adammini,softmax_fisher_projector,8,1.1B,sdpa,666,859,28180480,2.2996411323547363,9.970603685634373,nan,nan,nan,nan,23.97112798690796,4.097999572753906,0.01870039477944374,4.097999572753906,15.756428446620703,6.239894151687622,4700.464261198278,1.487192988395691,0.00025600488,16,2048,,5995.257543325424
adammini-softmax_fisher_projector-r8,adammini,softmax_fisher_projector,8,1.1B,sdpa,666,860,28213248,2.792978286743164,16.329581626853138,nan,nan,nan,nan,23.97112798690796,4.097999572753906,0.01870039477944374,4.097999572753906,15.756428446620703,6.225050926208496,4701.046182090998,2.0541369915008545,0.00025560488799999996,16,2048,,6001.485891342163
adammini-softmax_fisher_projector-r8,adammini,softmax_fisher_projector,8,1.1B,sdpa,666,861,28246016,2.3470253944396973,10.454425634377914,nan,nan,nan,nan,23.97112798690796,4.097999572753906,0.01870039477944374,4.097999572753906,15.756428446620703,6.209291696548462,4701.639164486519,1.5382996797561646,0.00025520489600000003,16,2048,,6007.698309659958
adammini-softmax_fisher_projector-r8,adammini,softmax_fisher_projector,8,1.1B,sdpa,666,862,28278784,2.4620859622955322,11.729252818459761,nan,nan,nan,nan,23.97112798690796,4.097999572753906,0.01870039477944374,4.097999572753906,15.756428446620703,6.199618577957153,4702.238571779691,1.5408291816711426,0.00025480490400000004,16,2048,,6013.901115655899
adammini-softmax_fisher_projector-r8,adammini,softmax_fisher_projector,8,1.1B,sdpa,666,863,28311552,2.36771297454834,10.67295503065277,nan,nan,nan,nan,23.97112798690796,4.097999572753906,0.01870039477944374,4.097999572753906,15.756428446620703,6.199033260345459,4702.837134074492,2.848376512527466,0.000254404912,16,2048,,6020.103385925293
adammini-softmax_fisher_projector-r8,adammini,softmax_fisher_projector,8,1.1B,sdpa,666,864,28344320,2.4273579120635986,11.328910525862714,nan,nan,nan,nan,23.97112798690796,4.097999572753906,0.01870039477944374,4.097999572753906,15.756428446620703,6.216197490692139,4703.42108205566,1.52974271774292,0.00025400492,16,2048,,6026.322861433029
adammini-softmax_fisher_projector-r8,adammini,softmax_fisher_projector,8,1.1B,sdpa,666,865,28377088,2.4600439071655273,11.705325476361269,nan,nan,nan,nan,23.97112798690796,4.097999572753906,0.01870039477944374,4.097999572753906,15.756428446620703,6.218156099319458,4704.002294416731,1.5108920335769653,0.000253604928,16,2048,,6032.544253349304
adammini-softmax_fisher_projector-r8,adammini,softmax_fisher_projector,8,1.1B,sdpa,666,866,28409856,2.3726837635040283,10.726140114044929,nan,nan,nan,nan,23.97112798690796,4.097999572753906,0.01870039477944374,4.097999572753906,15.756428446620703,6.22633171081543,4704.575946012553,1.6409893035888672,0.000253204936,16,2048,,6038.773744344711
adammini-softmax_fisher_projector-r8,adammini,softmax_fisher_projector,8,1.1B,sdpa,666,867,28442624,2.4954493045806885,12.127181092703587,nan,nan,nan,nan,23.97112798690796,4.097999572753906,0.01870039477944374,4.097999572753906,15.756428446620703,6.234638214111328,4705.141993127467,1.7827744483947754,0.00025280494400000005,16,2048,,6045.011430501938
adammini-softmax_fisher_projector-r8,adammini,softmax_fisher_projector,8,1.1B,sdpa,666,868,28475392,2.545905351638794,12.754770412640507,nan,nan,nan,nan,23.97112798690796,4.097999572753906,0.01870039477944374,4.097999572753906,15.756428446620703,6.196845531463623,4705.736352921143,1.6380908489227295,0.000252404952,16,2048,,6051.211454868317
adammini-softmax_fisher_projector-r8,adammini,softmax_fisher_projector,8,1.1B,sdpa,666,869,28508160,2.329035520553589,10.268033448523408,nan,nan,nan,nan,23.97112798690796,4.097999572753906,0.01870039477944374,4.097999572753906,15.756428446620703,6.231319904327393,4706.30262244387,1.765007734298706,0.00025200496,16,2048,,6057.445953130722
adammini-softmax_fisher_projector-r8,adammini,softmax_fisher_projector,8,1.1B,sdpa,666,870,28540928,2.43001389503479,11.35903991315968,nan,nan,nan,nan,23.97112798690796,4.097999572753906,0.01870039477944374,4.097999572753906,15.756428446620703,6.237004041671753,4706.863311203688,1.7093772888183594,0.000251604968,16,2048,,6063.68616104126
adammini-softmax_fisher_projector-r8,adammini,softmax_fisher_projector,8,1.1B,sdpa,666,871,28573696,2.484037160873413,11.989570667776388,nan,nan,nan,nan,23.97112798690796,4.097999572753906,0.01870039477944374,4.097999572753906,15.756428446620703,6.226058483123779,4707.431223733845,1.6193535327911377,0.000251204976,16,2048,,6069.915547847748
adammini-softmax_fisher_projector-r8,adammini,softmax_fisher_projector,8,1.1B,sdpa,666,872,28606464,2.2575137615203857,9.55929291555991,nan,nan,nan,nan,23.97112798690796,4.097999572753906,0.01870039477944374,4.097999572753906,15.756428446620703,6.220335960388184,4708.002434065247,1.8282907009124756,0.000250804984,16,2048,,6076.1391360759735
adammini-softmax_fisher_projector-r8,adammini,softmax_fisher_projector,8,1.1B,sdpa,666,873,28639232,2.6512231826782227,14.171362213057751,nan,nan,nan,nan,23.97112798690796,4.097999572753906,0.01870039477944374,4.097999572753906,15.756428446620703,6.227437496185303,4708.567033637194,1.9926941394805908,0.000250404992,16,2048,,6082.369935512543
adammini-softmax_fisher_projector-r8,adammini,softmax_fisher_projector,8,1.1B,sdpa,666,874,28672000,2.3439860343933105,10.422699109386464,nan,nan,nan,nan,23.97112798690796,4.097999572753906,0.01870039477944374,4.097999572753906,15.756428446620703,6.207351207733154,4709.145910245752,1.5788097381591797,0.000250005,16,2048,,6088.580423593521
adammini-softmax_fisher_projector-r8,adammini,softmax_fisher_projector,8,1.1B,sdpa,666,875,28704768,1.995164394378662,7.353411788093332,nan,nan,nan,nan,23.97112798690796,4.097999572753906,0.01870039477944374,4.097999572753906,15.756428446620703,6.2097063064575195,4709.721936054879,1.3997176885604858,0.000249605008,16,2048,,6094.793314218521
adammini-softmax_fisher_projector-r8,adammini,softmax_fisher_projector,8,1.1B,sdpa,666,876,28737536,2.525059700012207,12.491640992466312,nan,nan,nan,nan,23.97112798690796,4.097999572753906,0.01870039477944374,4.097999572753906,15.756428446620703,6.212690353393555,4710.294486875375,1.5860061645507812,0.000249205016,16,2048,,6101.008975744247
adammini-softmax_fisher_projector-r8,adammini,softmax_fisher_projector,8,1.1B,sdpa,666,877,28770304,2.2433812618255615,9.425146357168616,nan,nan,nan,nan,23.97112798690796,4.097999572753906,0.01870039477944374,4.097999572753906,15.756428446620703,6.2150373458862305,4710.864175691952,1.6312692165374756,0.000248805024,16,2048,,6107.22717165947
adammini-softmax_fisher_projector-r8,adammini,softmax_fisher_projector,8,1.1B,sdpa,666,878,28803072,2.243380308151245,9.425137368652893,nan,nan,nan,nan,23.97112798690796,4.097999572753906,0.01870039477944374,4.097999572753906,15.756428446620703,6.195385694503784,4711.447728574549,1.546494960784912,0.000248405032,16,2048,,6113.42560505867
adammini-softmax_fisher_projector-r8,adammini,softmax_fisher_projector,8,1.1B,sdpa,666,879,28835840,2.340595245361328,10.38741778513013,nan,nan,nan,nan,23.97112798690796,4.097999572753906,0.01870039477944374,4.097999572753906,15.756428446620703,6.208496570587158,4712.02002816346,1.4581458568572998,0.00024800504000000004,16,2048,,6119.637274503708
adammini-softmax_fisher_projector-r8,adammini,softmax_fisher_projector,8,1.1B,sdpa,666,880,28868608,2.3097712993621826,10.07212089111552,nan,nan,nan,nan,23.97112798690796,4.097999572753906,0.01870039477944374,4.097999572753906,15.756428446620703,6.2293922901153564,4712.5750654012245,1.4816313982009888,0.000247605048,16,2048,,6125.870048284531
adammini-softmax_fisher_projector-r8,adammini,softmax_fisher_projector,8,1.1B,sdpa,666,881,28901376,2.427403450012207,11.329426432954616,nan,nan,nan,nan,23.97112798690796,4.097999572753906,0.01870039477944374,4.097999572753906,15.756428446620703,6.240343332290649,4713.120464521976,1.4940969944000244,0.000247205056,16,2048,,6132.11349105835
adammini-softmax_fisher_projector-r8,adammini,softmax_fisher_projector,8,1.1B,sdpa,666,882,28934144,2.508338451385498,12.284501796993066,nan,nan,nan,nan,23.97112798690796,4.097999572753906,0.01870039477944374,4.097999572753906,15.756428446620703,6.228853940963745,4713.673686566755,1.6319639682769775,0.000246805064,16,2048,,6138.34548997879
adammini-softmax_fisher_projector-r8,adammini,softmax_fisher_projector,8,1.1B,sdpa,666,883,28966912,2.4674527645111084,11.79237061734824,nan,nan,nan,nan,23.97112798690796,4.097999572753906,0.01870039477944374,4.097999572753906,15.756428446620703,6.215984344482422,4714.235657849832,1.6929570436477661,0.00024640507200000003,16,2048,,6144.564753293991
adammini-softmax_fisher_projector-r8,adammini,softmax_fisher_projector,8,1.1B,sdpa,666,884,28999680,2.260104179382324,9.584087579080615,nan,nan,nan,nan,23.97112798690796,4.097999572753906,0.01870039477944374,4.097999572753906,15.756428446620703,6.206467151641846,4714.803695693727,1.4454889297485352,0.00024600508000000005,16,2048,,6150.774386644363
adammini-softmax_fisher_projector-r8,adammini,softmax_fisher_projector,8,1.1B,sdpa,666,885,29032448,2.3416359424591064,10.398233567673108,nan,nan,nan,nan,23.97112798690796,4.097999572753906,0.01870039477944374,4.097999572753906,15.756428446620703,6.2179131507873535,4715.3618767009875,1.465378999710083,0.000245605088,16,2048,,6156.995566606522
adammini-softmax_fisher_projector-r8,adammini,softmax_fisher_projector,8,1.1B,sdpa,666,886,29065216,2.380795955657959,10.813506511106093,nan,nan,nan,nan,23.97112798690796,4.097999572753906,0.01870039477944374,4.097999572753906,15.756428446620703,6.22347092628479,4715.914633149239,1.4871171712875366,0.00024520509599999996,16,2048,,6163.22221326828
adammini-softmax_fisher_projector-r8,adammini,softmax_fisher_projector,8,1.1B,sdpa,666,887,29097984,2.4386343955993652,11.457383800895377,nan,nan,nan,nan,23.97112798690796,4.097999572753906,0.01870039477944374,4.097999572753906,15.756428446620703,6.217378854751587,4716.470928041942,1.4520821571350098,0.00024480510400000003,16,2048,,6169.442796707153
adammini-softmax_fisher_projector-r8,adammini,softmax_fisher_projector,8,1.1B,sdpa,666,888,29130752,2.3542447090148926,10.530172513023784,nan,nan,nan,nan,23.97112798690796,4.097999572753906,0.01870039477944374,4.097999572753906,15.756428446620703,6.222111463546753,4717.0225316874075,1.6546658277511597,0.000244405112,16,2048,,6175.668301343918
adammini-softmax_fisher_projector-r8,adammini,softmax_fisher_projector,8,1.1B,sdpa,666,889,29163520,2.3627893924713135,10.620535013578854,nan,nan,nan,nan,23.97112798690796,4.097999572753906,0.01870039477944374,4.097999572753906,15.756428446620703,6.216879367828369,4717.576909246138,1.5686482191085815,0.00024400512,16,2048,,6181.888433218002
adammini-softmax_fisher_projector-r8,adammini,softmax_fisher_projector,8,1.1B,sdpa,666,890,29196288,2.478356122970581,11.921650573361516,nan,nan,nan,nan,23.97112798690796,4.097999572753906,0.01870039477944374,4.097999572753906,15.756428446620703,6.2459940910339355,4718.108044550361,1.4025596380233765,0.00024360512799999999,16,2048,,6188.137633085251
adammini-softmax_fisher_projector-r8,adammini,softmax_fisher_projector,8,1.1B,sdpa,666,891,29229056,2.6062235832214355,13.547792016303012,nan,nan,nan,nan,23.97112798690796,4.097999572753906,0.01870039477944374,4.097999572753906,15.756428446620703,6.231534481048584,4718.649167098417,1.7299118041992188,0.00024320513600000005,16,2048,,6194.372390270233
adammini-softmax_fisher_projector-r8,adammini,softmax_fisher_projector,8,1.1B,sdpa,666,892,29261824,2.122371196746826,8.350915693537509,nan,nan,nan,nan,23.97112798690796,4.097999572753906,0.01870039477944374,4.097999572753906,15.756428446620703,6.2163190841674805,4719.20074648854,1.50171959400177,0.00024280514400000004,16,2048,,6200.591860532761
adammini-softmax_fisher_projector-r8,adammini,softmax_fisher_projector,8,1.1B,sdpa,666,893,29294592,2.4907138347625732,12.069888952324156,nan,nan,nan,nan,23.97112798690796,4.097999572753906,0.01870039477944374,4.097999572753906,15.756428446620703,6.225352764129639,4719.744400974419,1.455530047416687,0.00024240515200000002,16,2048,,6206.82045674324
adammini-softmax_fisher_projector-r8,adammini,softmax_fisher_projector,8,1.1B,sdpa,666,894,29327360,2.2626566886901855,9.608582300035982,nan,nan,nan,nan,23.97112798690796,4.097999572753906,0.01870039477944374,4.097999572753906,15.756428446620703,6.195602893829346,4720.309514765589,1.4858896732330322,0.00024200516,16,2048,,6213.019239902496
adammini-softmax_fisher_projector-r8,adammini,softmax_fisher_projector,8,1.1B,sdpa,666,895,29360128,2.3757681846618652,10.759275122445521,nan,nan,nan,nan,23.97112798690796,4.097999572753906,0.01870039477944374,4.097999572753906,15.756428446620703,6.2105090618133545,4720.862227463147,1.6631908416748047,0.000241605168,16,2048,,6219.232807636261
adammini-softmax_fisher_projector-r8,adammini,softmax_fisher_projector,8,1.1B,sdpa,666,896,29392896,2.3032450675964355,10.006601924335461,nan,nan,nan,nan,23.97112798690796,4.097999572753906,0.01870039477944374,4.097999572753906,15.756428446620703,6.211054801940918,4721.4134283538815,1.5116456747055054,0.00024120517600000003,16,2048,,6225.447235822678
adammini-softmax_fisher_projector-r8,adammini,softmax_fisher_projector,8,1.1B,sdpa,666,897,29425664,2.384375810623169,10.852286668335275,nan,nan,nan,nan,23.97112798690796,4.097999572753906,0.01870039477944374,4.097999572753906,15.756428446620703,6.217662811279297,4721.958467691432,1.3882044553756714,0.00024080518400000002,16,2048,,6231.668115377426
adammini-softmax_fisher_projector-r8,adammini,softmax_fisher_projector,8,1.1B,sdpa,666,898,29458432,2.4614813327789307,11.722163109537663,nan,nan,nan,nan,23.97112798690796,4.097999572753906,0.01870039477944374,4.097999572753906,15.756428446620703,6.225785732269287,4722.496293426779,1.701185941696167,0.00024040519200000003,16,2048,,6237.897097587585
adammini-softmax_fisher_projector-r8,adammini,softmax_fisher_projector,8,1.1B,sdpa,666,899,29491200,2.348691940307617,10.471862940219534,nan,nan,nan,nan,23.97112798690796,4.097999572753906,0.01870039477944374,4.097999572753906,15.756428446620703,6.209784269332886,4723.045170877172,1.4709141254425049,0.00024000520000000002,16,2048,,6244.110017776489
adammini-softmax_fisher_projector-r8,adammini,softmax_fisher_projector,8,1.1B,sdpa,666,900,29523968,2.431333303451538,11.374037017504502,2.4730614917777958,11.858696636371757,nan,nan,23.97112798690796,4.097999572753906,0.01870039477944374,4.097999572753906,15.756428446620703,6.218007802963257,4723.586773309219,1.715308427810669,0.000239605208,16,2048,,6262.614328384399
adammini-softmax_fisher_projector-r8,adammini,softmax_fisher_projector,8,1.1B,sdpa,666,901,29556736,2.5482232570648193,12.784369054361784,nan,nan,nan,nan,23.97112798690796,4.097999572753906,0.01870039477944374,4.097999572753906,15.756428446620703,6.243234157562256,4714.851461188574,1.466193437576294,0.00023920521600000004,16,2048,,6268.861307621002
adammini-softmax_fisher_projector-r8,adammini,softmax_fisher_projector,8,1.1B,sdpa,666,902,29589504,2.6692042350769043,14.428482942612296,nan,nan,nan,nan,23.97112798690796,4.097999572753906,0.01870039477944374,4.097999572753906,15.756428446620703,6.222034692764282,4715.395991318829,2.693631649017334,0.00023880522400000003,16,2048,,6275.0866413116455
adammini-softmax_fisher_projector-r8,adammini,softmax_fisher_projector,8,1.1B,sdpa,666,903,29622272,2.2408864498138428,9.40166169591292,nan,nan,nan,nan,23.97112798690796,4.097999572753906,0.01870039477944374,4.097999572753906,15.756428446620703,128.2453043460846,4626.071412312209,1.7646890878677368,0.00023840523199999999,16,2048,,6403.3339166641235
adammini-softmax_fisher_projector-r8,adammini,softmax_fisher_projector,8,1.1B,sdpa,666,904,29655040,2.398238182067871,11.003772648765654,nan,nan,nan,nan,23.97112798690796,4.097999572753906,0.01870039477944374,4.097999572753906,15.756428446620703,6.210071802139282,4626.700250616578,1.5477948188781738,0.00023800524,16,2048,,6409.547265052795
adammini-softmax_fisher_projector-r8,adammini,softmax_fisher_projector,8,1.1B,sdpa,666,905,29687808,2.5146024227142334,12.36169307361083,nan,nan,nan,nan,23.97112798690796,4.097999572753906,0.01870039477944374,4.097999572753906,15.756428446620703,6.203657150268555,4627.331576529801,1.5710113048553467,0.00023760524799999998,16,2048,,6415.754262685776
adammini-softmax_fisher_projector-r8,adammini,softmax_fisher_projector,8,1.1B,sdpa,666,906,29720576,2.5884976387023926,13.309760505946105,nan,nan,nan,nan,23.97112798690796,4.097999572753906,0.01870039477944374,4.097999572753906,15.756428446620703,6.225346565246582,4627.946013235562,1.5814791917800903,0.00023720525600000002,16,2048,,6421.9828679561615
adammini-softmax_fisher_projector-r8,adammini,softmax_fisher_projector,8,1.1B,sdpa,666,907,29753344,2.2976975440979004,9.951243757356437,nan,nan,nan,nan,23.97112798690796,4.097999572753906,0.01870039477944374,4.097999572753906,15.756428446620703,6.197579622268677,4628.579285708523,1.7248475551605225,0.000236805264,16,2048,,6428.1837430000305
adammini-softmax_fisher_projector-r8,adammini,softmax_fisher_projector,8,1.1B,sdpa,666,908,29786112,2.523308515548706,12.469784967387842,nan,nan,nan,nan,23.97112798690796,4.097999572753906,0.01870039477944374,4.097999572753906,15.756428446620703,6.21019983291626,4629.202232291068,1.5980535745620728,0.000236405272,16,2048,,6434.397237539291
adammini-softmax_fisher_projector-r8,adammini,softmax_fisher_projector,8,1.1B,sdpa,666,909,29818880,2.5693717002868652,13.057617765582307,nan,nan,nan,nan,23.97112798690796,4.097999572753906,0.01870039477944374,4.097999572753906,15.756428446620703,6.232941389083862,4629.807642936527,1.4485481977462769,0.00023600527999999998,16,2048,,6440.633407354355
adammini-softmax_fisher_projector-r8,adammini,softmax_fisher_projector,8,1.1B,sdpa,666,910,29851648,2.23537278175354,9.349966699594331,nan,nan,nan,nan,23.97112798690796,4.097999572753906,0.01870039477944374,4.097999572753906,15.756428446620703,6.187053918838501,4630.444888480902,1.6168699264526367,0.00023560528799999997,16,2048,,6446.8238208293915
adammini-softmax_fisher_projector-r8,adammini,softmax_fisher_projector,8,1.1B,sdpa,666,911,29884416,2.521245002746582,12.444079936918811,nan,nan,nan,nan,23.97112798690796,4.097999572753906,0.01870039477944374,4.097999572753906,15.756428446620703,6.206477880477905,4631.066884193783,1.5202836990356445,0.00023520529600000003,16,2048,,6453.033633470535
adammini-softmax_fisher_projector-r8,adammini,softmax_fisher_projector,8,1.1B,sdpa,666,912,29917184,2.345550775527954,10.43902070162014,nan,nan,nan,nan,23.97112798690796,4.097999572753906,0.01870039477944374,4.097999572753906,15.756428446620703,6.2170515060424805,4631.680083363943,1.6397475004196167,0.00023480530400000002,16,2048,,6459.254024267197
adammini-softmax_fisher_projector-r8,adammini,softmax_fisher_projector,8,1.1B,sdpa,666,913,29949952,2.4147820472717285,11.18733178233126,nan,nan,nan,nan,23.97112798690796,4.097999572753906,0.01870039477944374,4.097999572753906,15.756428446620703,6.204220533370972,4632.301339324745,1.6091880798339844,0.000234405312,16,2048,,6465.461174249649
adammini-softmax_fisher_projector-r8,adammini,softmax_fisher_projector,8,1.1B,sdpa,666,914,29982720,2.1592936515808105,8.665014976713678,nan,nan,nan,nan,23.97112798690796,4.097999572753906,0.01870039477944374,4.097999572753906,15.756428446620703,6.209336757659912,4632.9179134534315,1.5383148193359375,0.00023400532,16,2048,,6471.673944950104
adammini-softmax_fisher_projector-r8,adammini,softmax_fisher_projector,8,1.1B,sdpa,666,915,30015488,2.327111005783081,10.248291469446112,nan,nan,nan,nan,23.97112798690796,4.097999572753906,0.01870039477944374,4.097999572753906,15.756428446620703,6.217978239059448,4633.526962358079,1.695185661315918,0.00023360532799999997,16,2048,,6477.895081520081
adammini-softmax_fisher_projector-r8,adammini,softmax_fisher_projector,8,1.1B,sdpa,666,916,30048256,2.3290045261383057,10.267715201762524,nan,nan,nan,nan,23.97112798690796,4.097999572753906,0.01870039477944374,4.097999572753906,15.756428446620703,6.220518112182617,4634.1331193326205,1.4877742528915405,0.000233205336,16,2048,,6484.1188151836395
adammini-softmax_fisher_projector-r8,adammini,softmax_fisher_projector,8,1.1B,sdpa,666,917,30081024,2.3746752738952637,10.747522618212397,nan,nan,nan,nan,23.97112798690796,4.097999572753906,0.01870039477944374,4.097999572753906,15.756428446620703,6.2104551792144775,4634.745270618427,1.6081657409667969,0.00023280534400000003,16,2048,,6490.332545995712
adammini-softmax_fisher_projector-r8,adammini,softmax_fisher_projector,8,1.1B,sdpa,666,918,30113792,2.563258171081543,12.978033157308301,nan,nan,nan,nan,23.97112798690796,4.097999572753906,0.01870039477944374,4.097999572753906,15.756428446620703,6.249220371246338,4635.328528396863,1.6986664533615112,0.000232405352,16,2048,,6496.5848643779755
adammini-softmax_fisher_projector-r8,adammini,softmax_fisher_projector,8,1.1B,sdpa,666,919,30146560,2.5138680934906006,12.352618853273652,nan,nan,nan,nan,23.97112798690796,4.097999572753906,0.01870039477944374,4.097999572753906,15.756428446620703,6.201308488845825,4635.944946589915,1.5735002756118774,0.00023200536,16,2048,,6502.789405107498
adammini-softmax_fisher_projector-r8,adammini,softmax_fisher_projector,8,1.1B,sdpa,666,920,30179328,2.4702422618865967,11.825311326887407,nan,nan,nan,nan,23.97112798690796,4.097999572753906,0.01870039477944374,4.097999572753906,15.756428446620703,6.219127416610718,4636.547434692138,1.3992353677749634,0.00023160536799999998,16,2048,,6509.01188325882
adammini-softmax_fisher_projector-r8,adammini,softmax_fisher_projector,8,1.1B,sdpa,666,921,30212096,2.4380385875701904,11.450559432841986,nan,nan,nan,nan,23.97112798690796,4.097999572753906,0.01870039477944374,4.097999572753906,15.756428446620703,6.223461151123047,4637.145601805434,1.6854417324066162,0.00023120537600000002,16,2048,,6515.238456249237
adammini-softmax_fisher_projector-r8,adammini,softmax_fisher_projector,8,1.1B,sdpa,666,922,30244864,2.398157835006714,11.002888563488986,nan,nan,nan,nan,23.97112798690796,4.097999572753906,0.01870039477944374,4.097999572753906,15.756428446620703,6.2211830615997314,4637.744341486093,1.5231529474258423,0.000230805384,16,2048,,6521.462972402573
adammini-softmax_fisher_projector-r8,adammini,softmax_fisher_projector,8,1.1B,sdpa,666,923,30277632,2.3639144897460938,10.63249087307062,nan,nan,nan,nan,23.97112798690796,4.097999572753906,0.01870039477944374,4.097999572753906,15.756428446620703,6.23029351234436,4638.335376323273,1.4512089490890503,0.000230405392,16,2048,,6527.696665048599
adammini-softmax_fisher_projector-r8,adammini,softmax_fisher_projector,8,1.1B,sdpa,666,924,30310400,2.3304457664489746,10.28252411584835,nan,nan,nan,nan,23.97112798690796,4.097999572753906,0.01870039477944374,4.097999572753906,15.756428446620703,6.234302759170532,4638.922414783326,1.6578065156936646,0.0002300054,16,2048,,6533.934326171875
adammini-softmax_fisher_projector-r8,adammini,softmax_fisher_projector,8,1.1B,sdpa,666,925,30343168,2.3297300338745117,10.275167211493047,nan,nan,nan,nan,23.97112798690796,4.097999572753906,0.01870039477944374,4.097999572753906,15.756428446620703,6.217779636383057,4639.520061719623,1.4997650384902954,0.00022960540800000004,16,2048,,6540.155327796936
adammini-softmax_fisher_projector-r8,adammini,softmax_fisher_projector,8,1.1B,sdpa,666,926,30375936,2.5460011959075928,12.755992942869726,nan,nan,nan,nan,23.97112798690796,4.097999572753906,0.01870039477944374,4.097999572753906,15.756428446620703,6.2042555809021,4640.126238312955,1.6290274858474731,0.00022920541600000003,16,2048,,6546.362856626511
adammini-softmax_fisher_projector-r8,adammini,softmax_fisher_projector,8,1.1B,sdpa,666,927,30408704,2.712859630584717,15.072315200274534,nan,nan,nan,nan,23.97112798690796,4.097999572753906,0.01870039477944374,4.097999572753906,15.756428446620703,6.199590444564819,4640.734541691171,1.6995768547058105,0.00022880542400000002,16,2048,,6552.565626382828
adammini-softmax_fisher_projector-r8,adammini,softmax_fisher_projector,8,1.1B,sdpa,666,928,30441472,2.144839286804199,8.54066852885732,nan,nan,nan,nan,23.97112798690796,4.097999572753906,0.01870039477944374,4.097999572753906,15.756428446620703,6.195213317871094,4641.344849172811,1.5491523742675781,0.000228405432,16,2048,,6558.764066457748
adammini-softmax_fisher_projector-r8,adammini,softmax_fisher_projector,8,1.1B,sdpa,666,929,30474240,2.1494786739349365,8.580384053127991,nan,nan,nan,nan,23.97112798690796,4.097999572753906,0.01870039477944374,4.097999572753906,15.756428446620703,6.216883182525635,4641.93865105751,1.4974358081817627,0.00022800544,16,2048,,6564.983966827393
adammini-softmax_fisher_projector-r8,adammini,softmax_fisher_projector,8,1.1B,sdpa,666,930,30507008,2.221337080001831,9.219650037877187,nan,nan,nan,nan,23.97112798690796,4.097999572753906,0.01870039477944374,4.097999572753906,15.756428446620703,6.207223892211914,4642.5382561421075,1.7317240238189697,0.00022760544800000005,16,2048,,6571.194513082504
adammini-softmax_fisher_projector-r8,adammini,softmax_fisher_projector,8,1.1B,sdpa,666,931,30539776,2.418466806411743,11.2286304464561,nan,nan,nan,nan,23.97112798690796,4.097999572753906,0.01870039477944374,4.097999572753906,15.756428446620703,6.224032640457153,4643.1247335378375,1.5414413213729858,0.00022720545600000004,16,2048,,6577.421803951263
adammini-softmax_fisher_projector-r8,adammini,softmax_fisher_projector,8,1.1B,sdpa,666,932,30572544,2.615234375,13.67042000714299,nan,nan,nan,nan,23.97112798690796,4.097999572753906,0.01870039477944374,4.097999572753906,15.756428446620703,6.213057518005371,4643.717876979238,1.639867901802063,0.00022680546400000002,16,2048,,6583.63801240921
adammini-softmax_fisher_projector-r8,adammini,softmax_fisher_projector,8,1.1B,sdpa,666,933,30605312,2.390669107437134,10.920798686560955,nan,nan,nan,nan,23.97112798690796,4.097999572753906,0.01870039477944374,4.097999572753906,15.756428446620703,6.234422206878662,4644.294887823306,1.5476117134094238,0.000226405472,16,2048,,6589.875668287277
adammini-softmax_fisher_projector-r8,adammini,softmax_fisher_projector,8,1.1B,sdpa,666,934,30638080,2.404090642929077,11.0683606124312,nan,nan,nan,nan,23.97112798690796,4.097999572753906,0.01870039477944374,4.097999572753906,15.756428446620703,6.2284533977508545,4644.874956114953,1.4619441032409668,0.00022600548,16,2048,,6596.107305765152
adammini-softmax_fisher_projector-r8,adammini,softmax_fisher_projector,8,1.1B,sdpa,666,935,30670848,2.418517589569092,11.229200686242036,nan,nan,nan,nan,23.97112798690796,4.097999572753906,0.01870039477944374,4.097999572753906,15.756428446620703,6.229329824447632,4645.453340249466,1.5114420652389526,0.00022560548800000003,16,2048,,6602.3398873806
adammini-softmax_fisher_projector-r8,adammini,softmax_fisher_projector,8,1.1B,sdpa,666,936,30703616,2.563349485397339,12.97921829163548,nan,nan,nan,nan,23.97112798690796,4.097999572753906,0.01870039477944374,4.097999572753906,15.756428446620703,6.286736726760864,4645.990233041005,1.5562069416046143,0.00022520549600000002,16,2048,,6608.629860877991
adammini-softmax_fisher_projector-r8,adammini,softmax_fisher_projector,8,1.1B,sdpa,666,937,30736384,2.801241397857666,16.465073796778437,nan,nan,nan,nan,23.97112798690796,4.097999572753906,0.01870039477944374,4.097999572753906,15.756428446620703,6.120868921279907,4646.642648130891,2.4000110626220703,0.00022480550400000003,16,2048,,6614.753764867783
adammini-softmax_fisher_projector-r8,adammini,softmax_fisher_projector,8,1.1B,sdpa,666,938,30769152,2.6502015590667725,14.156891807726938,nan,nan,nan,nan,23.97112798690796,4.097999572753906,0.01870039477944374,4.097999572753906,15.756428446620703,6.183773756027222,4647.249759410522,1.7895019054412842,0.00022440551200000002,16,2048,,6620.940707206726
adammini-softmax_fisher_projector-r8,adammini,softmax_fisher_projector,8,1.1B,sdpa,666,939,30801920,2.46894907951355,11.810028926318958,nan,nan,nan,nan,23.97112798690796,4.097999572753906,0.01870039477944374,4.097999572753906,15.756428446620703,6.214576721191406,4647.834123059795,1.4843050241470337,0.00022400552,16,2048,,6627.15857052803
adammini-softmax_fisher_projector-r8,adammini,softmax_fisher_projector,8,1.1B,sdpa,666,940,30834688,2.403686285018921,11.063885938011069,nan,nan,nan,nan,23.97112798690796,4.097999572753906,0.01870039477944374,4.097999572753906,15.756428446620703,6.213263750076294,4648.418269358997,1.5849671363830566,0.00022360552800000004,16,2048,,6633.375142812729
adammini-softmax_fisher_projector-r8,adammini,softmax_fisher_projector,8,1.1B,sdpa,666,941,30867456,2.1295831203460693,8.41135955577846,nan,nan,nan,nan,23.97112798690796,4.097999572753906,0.01870039477944374,4.097999572753906,15.756428446620703,6.216977119445801,4648.998672490996,1.4539262056350708,0.000223205536,16,2048,,6639.595318555832
adammini-softmax_fisher_projector-r8,adammini,softmax_fisher_projector,8,1.1B,sdpa,666,942,30900224,2.2628118991851807,9.610073768593764,nan,nan,nan,nan,23.97112798690796,4.097999572753906,0.01870039477944374,4.097999572753906,15.756428446620703,6.223766565322876,4649.573275114172,1.485862374305725,0.000222805544,16,2048,,6645.822327852249
adammini-softmax_fisher_projector-r8,adammini,softmax_fisher_projector,8,1.1B,sdpa,666,943,30932992,2.4346654415130615,11.412000093142552,nan,nan,nan,nan,23.97112798690796,4.097999572753906,0.01870039477944374,4.097999572753906,15.756428446620703,6.225123643875122,4650.145850624556,1.5536926984786987,0.00022240555199999997,16,2048,,6652.050634384155
adammini-softmax_fisher_projector-r8,adammini,softmax_fisher_projector,8,1.1B,sdpa,666,944,30965760,2.242063045501709,9.412730160800226,nan,nan,nan,nan,23.97112798690796,4.097999572753906,0.01870039477944374,4.097999572753906,15.756428446620703,6.23040771484375,4650.713698214003,1.4681211709976196,0.00022200555999999998,16,2048,,6658.284296751022
adammini-softmax_fisher_projector-r8,adammini,softmax_fisher_projector,8,1.1B,sdpa,666,945,30998528,2.4016642570495605,11.041537053843664,nan,nan,nan,nan,23.97112798690796,4.097999572753906,0.01870039477944374,4.097999572753906,15.756428446620703,6.215352773666382,4651.290944411341,1.551130771636963,0.00022160556800000002,16,2048,,6664.502660751343
adammini-softmax_fisher_projector-r8,adammini,softmax_fisher_projector,8,1.1B,sdpa,666,946,31031296,2.3926069736480713,10.941982252160829,nan,nan,nan,nan,23.97112798690796,4.097999572753906,0.01870039477944374,4.097999572753906,15.756428446620703,6.248068571090698,4651.844409642261,1.4699901342391968,0.000221205576,16,2048,,6670.754012823105
adammini-softmax_fisher_projector-r8,adammini,softmax_fisher_projector,8,1.1B,sdpa,666,947,31064064,2.402935028076172,11.055577238261318,nan,nan,nan,nan,23.97112798690796,4.097999572753906,0.01870039477944374,4.097999572753906,15.756428446620703,6.226261854171753,4652.4119071342775,1.6342921257019043,0.000220805584,16,2048,,6676.983584403992
adammini-softmax_fisher_projector-r8,adammini,softmax_fisher_projector,8,1.1B,sdpa,666,948,31096832,2.199838876724243,9.02355947683693,nan,nan,nan,nan,23.97112798690796,4.097999572753906,0.01870039477944374,4.097999572753906,15.756428446620703,6.229769468307495,4652.975919384527,1.4608429670333862,0.00022040559199999998,16,2048,,6683.2166249752045
adammini-softmax_fisher_projector-r8,adammini,softmax_fisher_projector,8,1.1B,sdpa,666,949,31129600,2.148970127105713,8.57602163536513,nan,nan,nan,nan,23.97112798690796,4.097999572753906,0.01870039477944374,4.097999572753906,15.756428446620703,6.226567983627319,4653.541088296757,1.4999256134033203,0.00022000559999999997,16,2048,,6689.446419715881
adammini-softmax_fisher_projector-r8,adammini,softmax_fisher_projector,8,1.1B,sdpa,666,950,31162368,2.355888843536377,10.547499773439917,2.474344346617552,11.873919384945573,nan,nan,23.97112798690796,4.097999572753906,0.01870039477944374,4.097999572753906,15.756428446620703,6.246653079986572,4654.091308707559,1.4046425819396973,0.00021960560800000003,16,2048,,6711.3567070961
adammini-softmax_fisher_projector-r8,adammini,softmax_fisher_projector,8,1.1B,sdpa,666,951,31195136,2.3493552207946777,10.478811026581278,nan,nan,nan,nan,23.97112798690796,4.097999572753906,0.01870039477944374,4.097999572753906,15.756428446620703,6.163405418395996,4643.846888987728,1.655092716217041,0.00021920561600000002,16,2048,,6717.523220777512
adammini-softmax_fisher_projector-r8,adammini,softmax_fisher_projector,8,1.1B,sdpa,666,952,31227904,2.430687427520752,11.366693172620643,nan,nan,nan,nan,23.97112798690796,4.097999572753906,0.01870039477944374,4.097999572753906,15.756428446620703,6.2179388999938965,4644.423711941914,1.536131739616394,0.000218805624,16,2048,,6723.744351387024
adammini-softmax_fisher_projector-r8,adammini,softmax_fisher_projector,8,1.1B,sdpa,666,953,31260672,2.2650463581085205,9.631571092178879,nan,nan,nan,nan,23.97112798690796,4.097999572753906,0.01870039477944374,4.097999572753906,15.756428446620703,6.241641044616699,4644.983050981196,1.4739112854003906,0.000218405632,16,2048,,6729.989050626755
adammini-softmax_fisher_projector-r8,adammini,softmax_fisher_projector,8,1.1B,sdpa,666,954,31293440,2.514432907104492,12.359597751271963,nan,nan,nan,nan,23.97112798690796,4.097999572753906,0.01870039477944374,4.097999572753906,15.756428446620703,6.1930155754089355,4645.574974822765,1.7271672487258911,0.00021800564000000003,16,2048,,6736.185197591782
adammini-softmax_fisher_projector-r8,adammini,softmax_fisher_projector,8,1.1B,sdpa,666,955,31326208,2.479752779006958,11.938312651485885,nan,nan,nan,nan,23.97112798690796,4.097999572753906,0.01870039477944374,4.097999572753906,15.756428446620703,6.206712484359741,4646.156275955014,1.5226787328720093,0.00021760564800000001,16,2048,,6742.395064592361
adammini-softmax_fisher_projector-r8,adammini,softmax_fisher_projector,8,1.1B,sdpa,666,956,31358976,2.2311437129974365,9.31050854199436,nan,nan,nan,nan,23.97112798690796,4.097999572753906,0.01870039477944374,4.097999572753906,15.756428446620703,6.209061145782471,4646.734938383978,1.494868278503418,0.000217205656,16,2048,,6748.607409477234
adammini-softmax_fisher_projector-r8,adammini,softmax_fisher_projector,8,1.1B,sdpa,666,957,31391744,2.3583757877349854,10.573763461438043,nan,nan,nan,nan,23.97112798690796,4.097999572753906,0.01870039477944374,4.097999572753906,15.756428446620703,6.211699485778809,4647.310663212995,1.4219311475753784,0.000216805664,16,2048,,6754.822322845459
adammini-softmax_fisher_projector-r8,adammini,softmax_fisher_projector,8,1.1B,sdpa,666,958,31424512,2.1884284019470215,8.921181580019097,nan,nan,nan,nan,23.97112798690796,4.097999572753906,0.01870039477944374,4.097999572753906,15.756428446620703,6.222856521606445,4647.8776591957485,1.3948403596878052,0.000216405672,16,2048,,6761.048313140869
adammini-softmax_fisher_projector-r8,adammini,softmax_fisher_projector,8,1.1B,sdpa,666,959,31457280,2.3466689586639404,10.450699967086832,nan,nan,nan,nan,23.97112798690796,4.097999572753906,0.01870039477944374,4.097999572753906,15.756428446620703,6.220857620239258,4648.445030122203,1.5386062860488892,0.00021600568000000004,16,2048,,6767.272346258163
adammini-softmax_fisher_projector-r8,adammini,softmax_fisher_projector,8,1.1B,sdpa,666,960,31490048,2.339998245239258,10.381218346161452,nan,nan,nan,nan,23.97112798690796,4.097999572753906,0.01870039477944374,4.097999572753906,15.756428446620703,6.193591833114624,4649.0300755142425,1.761321783065796,0.00021560568800000002,16,2048,,6773.4691705703735
adammini-softmax_fisher_projector-r8,adammini,softmax_fisher_projector,8,1.1B,sdpa,666,961,31522816,2.5440547466278076,12.731188198013418,nan,nan,nan,nan,23.97112798690796,4.097999572753906,0.01870039477944374,4.097999572753906,15.756428446620703,6.217092990875244,4649.597899134776,1.4766960144042969,0.000215205696,16,2048,,6779.689378261566
adammini-softmax_fisher_projector-r8,adammini,softmax_fisher_projector,8,1.1B,sdpa,666,962,31555584,2.2927637100219727,9.902266893022084,nan,nan,nan,nan,23.97112798690796,4.097999572753906,0.01870039477944374,4.097999572753906,15.756428446620703,6.214899778366089,4650.166226693168,1.4335826635360718,0.000214805704,16,2048,,6785.907453775406
adammini-softmax_fisher_projector-r8,adammini,softmax_fisher_projector,8,1.1B,sdpa,666,963,31588352,2.289140224456787,9.866451100064383,nan,nan,nan,nan,23.97112798690796,4.097999572753906,0.01870039477944374,4.097999572753906,15.756428446620703,6.22419548034668,4650.727108521765,1.396438479423523,0.000214405712,16,2048,,6792.134838819504
adammini-softmax_fisher_projector-r8,adammini,softmax_fisher_projector,8,1.1B,sdpa,666,964,31621120,2.6249163150787354,13.803418999699756,nan,nan,nan,nan,23.97112798690796,4.097999572753906,0.01870039477944374,4.097999572753906,15.756428446620703,6.2278969287872314,4651.284448131311,1.4876525402069092,0.00021400572000000005,16,2048,,6798.365900993347
adammini-softmax_fisher_projector-r8,adammini,softmax_fisher_projector,8,1.1B,sdpa,666,965,31653888,2.4468424320220947,11.551813435223531,nan,nan,nan,nan,23.97112798690796,4.097999572753906,0.01870039477944374,4.097999572753906,15.756428446620703,6.2267584800720215,4651.841542358989,1.4085723161697388,0.00021360572800000003,16,2048,,6804.595957040787
adammini-softmax_fisher_projector-r8,adammini,softmax_fisher_projector,8,1.1B,sdpa,666,966,31686656,2.3762779235839844,10.76476094179826,nan,nan,nan,nan,23.97112798690796,4.097999572753906,0.01870039477944374,4.097999572753906,15.756428446620703,6.22516393661499,4652.398628305135,1.4092321395874023,0.00021320573600000002,16,2048,,6810.824057817459
adammini-softmax_fisher_projector-r8,adammini,softmax_fisher_projector,8,1.1B,sdpa,666,967,31719424,2.477860689163208,11.915745647498518,nan,nan,nan,nan,23.97112798690796,4.097999572753906,0.01870039477944374,4.097999572753906,15.756428446620703,6.235511541366577,4652.947867573835,1.405542016029358,0.000212805744,16,2048,,6817.062756061554
adammini-softmax_fisher_projector-r8,adammini,softmax_fisher_projector,8,1.1B,sdpa,666,968,31752192,2.390547513961792,10.919470869423733,nan,nan,nan,nan,23.97112798690796,4.097999572753906,0.01870039477944374,4.097999572753906,15.756428446620703,6.211353778839111,4653.512378841632,1.4723994731903076,0.000212405752,16,2048,,6823.277378082275
adammini-softmax_fisher_projector-r8,adammini,softmax_fisher_projector,8,1.1B,sdpa,666,969,31784960,2.2535486221313477,9.521464034645117,nan,nan,nan,nan,23.97112798690796,4.097999572753906,0.01870039477944374,4.097999572753906,15.756428446620703,6.209743976593018,4654.076943519622,1.4847644567489624,0.00021200576000000003,16,2048,,6829.490515708923
adammini-softmax_fisher_projector-r8,adammini,softmax_fisher_projector,8,1.1B,sdpa,666,970,31817728,2.3634285926818848,10.627325831910953,nan,nan,nan,nan,23.97112798690796,4.097999572753906,0.01870039477944374,4.097999572753906,15.756428446620703,6.218725204467773,4654.634324288955,1.5346698760986328,0.00021160576800000004,16,2048,,6835.7126178741455
adammini-softmax_fisher_projector-r8,adammini,softmax_fisher_projector,8,1.1B,sdpa,666,971,31850496,2.3902602195739746,10.91633421731786,nan,nan,nan,nan,23.97112798690796,4.097999572753906,0.01870039477944374,4.097999572753906,15.756428446620703,6.242314577102661,4655.1746171754185,1.483035922050476,0.00021120577600000002,16,2048,,6841.958174228668
adammini-softmax_fisher_projector-r8,adammini,softmax_fisher_projector,8,1.1B,sdpa,666,972,31883264,2.4367969036102295,11.436350280325644,nan,nan,nan,nan,23.97112798690796,4.097999572753906,0.01870039477944374,4.097999572753906,15.756428446620703,6.208561182022095,4655.73694694274,1.4868296384811401,0.000210805784,16,2048,,6848.170016527176
adammini-softmax_fisher_projector-r8,adammini,softmax_fisher_projector,8,1.1B,sdpa,666,973,31916032,2.0219130516052246,7.55275994133187,nan,nan,nan,nan,23.97112798690796,4.097999572753906,0.01870039477944374,4.097999572753906,15.756428446620703,6.205620288848877,4656.300231636239,1.6606254577636719,0.000210405792,16,2048,,6854.378831863403
adammini-softmax_fisher_projector-r8,adammini,softmax_fisher_projector,8,1.1B,sdpa,666,974,31948800,1.9925916194915771,7.334517430796592,nan,nan,nan,nan,23.97112798690796,4.097999572753906,0.01870039477944374,4.097999572753906,15.756428446620703,6.25155782699585,4656.831377409494,1.6072763204574585,0.00021000580000000003,16,2048,,6860.63370347023
adammini-softmax_fisher_projector-r8,adammini,softmax_fisher_projector,8,1.1B,sdpa,666,975,31981568,2.3010270595550537,9.984431796650059,nan,nan,nan,nan,23.97112798690796,4.097999572753906,0.01870039477944374,4.097999572753906,15.756428446620703,6.200917959213257,4657.395826050657,1.4519017934799194,0.00020960580800000002,16,2048,,6866.837774515152
adammini-softmax_fisher_projector-r8,adammini,softmax_fisher_projector,8,1.1B,sdpa,666,976,32014336,2.3908634185791016,10.92292092560561,nan,nan,nan,nan,23.97112798690796,4.097999572753906,0.01870039477944374,4.097999572753906,15.756428446620703,6.231407880783081,4657.938640907799,1.5085002183914185,0.00020920581600000003,16,2048,,6873.072438955307
adammini-softmax_fisher_projector-r8,adammini,softmax_fisher_projector,8,1.1B,sdpa,666,977,32047104,2.4247794151306152,11.299736593429312,nan,nan,nan,nan,23.97112798690796,4.097999572753906,0.01870039477944374,4.097999572753906,15.756428446620703,6.206592798233032,4658.497261347606,1.5918934345245361,0.00020880582400000002,16,2048,,6879.2823395729065
adammini-softmax_fisher_projector-r8,adammini,softmax_fisher_projector,8,1.1B,sdpa,666,978,32079872,2.299837827682495,9.97256504968352,nan,nan,nan,nan,23.97112798690796,4.097999572753906,0.01870039477944374,4.097999572753906,15.756428446620703,6.208835124969482,4659.053368525356,1.4697245359420776,0.00020840583199999998,16,2048,,6885.494327306747
adammini-softmax_fisher_projector-r8,adammini,softmax_fisher_projector,8,1.1B,sdpa,666,979,32112640,2.3868355751037598,10.879013595112008,nan,nan,nan,nan,23.97112798690796,4.097999572753906,0.01870039477944374,4.097999572753906,15.756428446620703,6.222830057144165,4659.5990749524735,1.3792542219161987,0.00020800584000000002,16,2048,,6891.720201015472
adammini-softmax_fisher_projector-r8,adammini,softmax_fisher_projector,8,1.1B,sdpa,666,980,32145408,2.4765453338623047,11.900082511849428,nan,nan,nan,nan,23.97112798690796,4.097999572753906,0.01870039477944374,4.097999572753906,15.756428446620703,6.216787099838257,4660.147930523881,1.464489221572876,0.000207605848,16,2048,,6897.940233469009
adammini-softmax_fisher_projector-r8,adammini,softmax_fisher_projector,8,1.1B,sdpa,666,981,32178176,2.4718334674835205,11.844142806860944,nan,nan,nan,nan,23.97112798690796,4.097999572753906,0.01870039477944374,4.097999572753906,15.756428446620703,6.212426424026489,4660.69865091858,1.6908190250396729,0.000207205856,16,2048,,6904.155740022659
adammini-softmax_fisher_projector-r8,adammini,softmax_fisher_projector,8,1.1B,sdpa,666,982,32210944,2.554208517074585,12.861116274133964,nan,nan,nan,nan,23.97112798690796,4.097999572753906,0.01870039477944374,4.097999572753906,15.756428446620703,6.220168828964233,4661.243224389112,1.6218634843826294,0.00020680586399999997,16,2048,,6910.379093885422
adammini-softmax_fisher_projector-r8,adammini,softmax_fisher_projector,8,1.1B,sdpa,666,983,32243712,2.0161025524139404,7.509001886983355,nan,nan,nan,nan,23.97112798690796,4.097999572753906,0.01870039477944374,4.097999572753906,15.756428446620703,6.2114856243133545,4661.792609954732,1.6215828657150269,0.00020640587199999999,16,2048,,6916.5936114788055
adammini-softmax_fisher_projector-r8,adammini,softmax_fisher_projector,8,1.1B,sdpa,666,984,32276480,2.4715328216552734,11.84058244996694,nan,nan,nan,nan,23.97112798690796,4.097999572753906,0.01870039477944374,4.097999572753906,15.756428446620703,6.22235369682312,4662.333752713628,1.86082923412323,0.00020600588000000002,16,2048,,6922.81912279129
adammini-softmax_fisher_projector-r8,adammini,softmax_fisher_projector,8,1.1B,sdpa,666,985,32309248,2.4050650596618652,11.079151064561255,nan,nan,nan,nan,23.97112798690796,4.097999572753906,0.01870039477944374,4.097999572753906,15.756428446620703,6.242053985595703,4662.860630906786,1.547741413116455,0.000205605888,16,2048,,6929.064356088638
adammini-softmax_fisher_projector-r8,adammini,softmax_fisher_projector,8,1.1B,sdpa,666,986,32342016,2.5485239028930664,12.78821319941888,nan,nan,nan,nan,23.97112798690796,4.097999572753906,0.01870039477944374,4.097999572753906,15.756428446620703,6.2146642208099365,4663.404997689744,1.4965806007385254,0.000205205896,16,2048,,6935.282341241837
adammini-softmax_fisher_projector-r8,adammini,softmax_fisher_projector,8,1.1B,sdpa,666,987,32374784,2.3023605346679688,9.997754668852568,nan,nan,nan,nan,23.97112798690796,4.097999572753906,0.01870039477944374,4.097999572753906,15.756428446620703,6.24488639831543,4663.92795365169,1.6861536502838135,0.00020480590399999998,16,2048,,6941.530465841293
adammini-softmax_fisher_projector-r8,adammini,softmax_fisher_projector,8,1.1B,sdpa,666,988,32407552,2.310029983520508,10.07472672626039,nan,nan,nan,nan,23.97112798690796,4.097999572753906,0.01870039477944374,4.097999572753906,15.756428446620703,6.225950241088867,4664.462730664502,1.4288506507873535,0.00020440591200000002,16,2048,,6947.75968170166
adammini-softmax_fisher_projector-r8,adammini,softmax_fisher_projector,8,1.1B,sdpa,666,989,32440320,2.4984817504882812,12.164011928914205,nan,nan,nan,nan,23.97112798690796,4.097999572753906,0.01870039477944374,4.097999572753906,15.756428446620703,6.221668004989624,4664.999404374197,1.4625558853149414,0.00020400592,16,2048,,6953.984517097473
adammini-softmax_fisher_projector-r8,adammini,softmax_fisher_projector,8,1.1B,sdpa,666,990,32473088,2.3642807006835938,10.636385320572318,nan,nan,nan,nan,23.97112798690796,4.097999572753906,0.01870039477944374,4.097999572753906,15.756428446620703,6.205132246017456,4665.546263217894,1.4533100128173828,0.00020360592800000002,16,2048,,6960.193071603775
adammini-softmax_fisher_projector-r8,adammini,softmax_fisher_projector,8,1.1B,sdpa,666,991,32505856,2.212916135787964,9.142337856883296,nan,nan,nan,nan,23.97112798690796,4.097999572753906,0.01870039477944374,4.097999572753906,15.756428446620703,6.198408365249634,4666.096512567648,1.6891030073165894,0.000203205936,16,2048,,6966.394437074661
adammini-softmax_fisher_projector-r8,adammini,softmax_fisher_projector,8,1.1B,sdpa,666,992,32538624,2.3471665382385254,10.455901315865713,nan,nan,nan,nan,23.97112798690796,4.097999572753906,0.01870039477944374,4.097999572753906,15.756428446620703,6.216314077377319,4666.634012921062,1.4270647764205933,0.000202805944,16,2048,,6972.613981246948
adammini-softmax_fisher_projector-r8,adammini,softmax_fisher_projector,8,1.1B,sdpa,666,993,32571392,2.4436423778533936,11.514906090730214,nan,nan,nan,nan,23.97112798690796,4.097999572753906,0.01870039477944374,4.097999572753906,15.756428446620703,6.197677135467529,4667.182919778084,1.821107268333435,0.00020240595200000003,16,2048,,6978.814905405045
adammini-softmax_fisher_projector-r8,adammini,softmax_fisher_projector,8,1.1B,sdpa,666,994,32604160,2.3295791149139404,10.273616610948245,nan,nan,nan,nan,23.97112798690796,4.097999572753906,0.01870039477944374,4.097999572753906,15.756428446620703,6.206603050231934,4667.724889719732,1.5359474420547485,0.00020200596000000001,16,2048,,6985.024703979492
adammini-softmax_fisher_projector-r8,adammini,softmax_fisher_projector,8,1.1B,sdpa,666,995,32636928,2.340587615966797,10.387338535724,nan,nan,nan,nan,23.97112798690796,4.097999572753906,0.01870039477944374,4.097999572753906,15.756428446620703,6.219193935394287,4668.257513916306,1.5814298391342163,0.000201605968,16,2048,,6991.2470688819885
adammini-softmax_fisher_projector-r8,adammini,softmax_fisher_projector,8,1.1B,sdpa,666,996,32669696,2.4185895919799805,11.230009244872535,nan,nan,nan,nan,23.97112798690796,4.097999572753906,0.01870039477944374,4.097999572753906,15.756428446620703,6.21829891204834,4668.789795825184,1.5879935026168823,0.000201205976,16,2048,,6997.46839261055
adammini-softmax_fisher_projector-r8,adammini,softmax_fisher_projector,8,1.1B,sdpa,666,997,32702464,2.412452220916748,11.161297581263097,nan,nan,nan,nan,23.97112798690796,4.097999572753906,0.01870039477944374,4.097999572753906,15.756428446620703,6.228127956390381,4669.314660807805,1.4844577312469482,0.000200805984,16,2048,,7003.699669837952
adammini-softmax_fisher_projector-r8,adammini,softmax_fisher_projector,8,1.1B,sdpa,666,998,32735232,2.4001922607421875,11.025295908458274,nan,nan,nan,nan,23.97112798690796,4.097999572753906,0.01870039477944374,4.097999572753906,15.756428446620703,6.2313072681427,4669.836392111576,1.5671623945236206,0.00020040599200000004,16,2048,,7009.9342567920685
adammini-softmax_fisher_projector-r8,adammini,softmax_fisher_projector,8,1.1B,sdpa,666,999,32768000,2.2415361404418945,9.407771852045531,nan,nan,nan,nan,23.97112798690796,4.097999572753906,0.01870039477944374,4.097999572753906,15.756428446620703,6.217876195907593,4670.366074019339,1.503656029701233,0.00020000600000000002,16,2048,,7016.155349254608
adammini-softmax_fisher_projector-r8,adammini,softmax_fisher_projector,8,1.1B,sdpa,666,1000,32800768,2.592371940612793,13.361426556814525,2.4728523944923455,11.856217274319084,nan,nan,23.97112798690796,4.097999572753906,0.01870039477944374,4.097999572753906,15.756428446620703,6.220000267028809,4670.893427297938,1.57466459274292,0.000199606008,16,2048,,7043.828145742416
adammini-softmax_fisher_projector-r8,adammini,softmax_fisher_projector,8,1.1B,sdpa,666,1001,32833536,2.314700126647949,10.121887179359828,nan,nan,nan,nan,23.97112798690796,4.097999572753906,0.01870039477944374,4.097999572753906,15.756428446620703,6.233458995819092,4657.1978160470035,1.4636057615280151,0.000199206016,16,2048,,7050.065594911575
adammini-softmax_fisher_projector-r8,adammini,softmax_fisher_projector,8,1.1B,sdpa,666,1002,32866304,2.4305875301361084,11.36555772641565,nan,nan,nan,nan,23.97112798690796,4.097999572753906,0.01870039477944374,4.097999572753906,15.756428446620703,6.207671403884888,4657.742354480136,1.3964895009994507,0.00019880602399999998,16,2048,,7056.276575088501
adammini-softmax_fisher_projector-r8,adammini,softmax_fisher_projector,8,1.1B,sdpa,666,1003,32899072,2.3243257999420166,10.219787581208756,nan,nan,nan,nan,23.97112798690796,4.097999572753906,0.01870039477944374,4.097999572753906,15.756428446620703,6.233175039291382,4658.269092719476,1.4486066102981567,0.00019840603200000005,16,2048,,7062.512988328934
adammini-softmax_fisher_projector-r8,adammini,softmax_fisher_projector,8,1.1B,sdpa,666,1004,32931840,2.5394530296325684,12.672737462928593,nan,nan,nan,nan,23.97112798690796,4.097999572753906,0.01870039477944374,4.097999572753906,15.756428446620703,6.224366664886475,4658.800745196529,1.5138564109802246,0.00019800604000000003,16,2048,,7068.740632534027
adammini-softmax_fisher_projector-r8,adammini,softmax_fisher_projector,8,1.1B,sdpa,666,1005,32964608,2.3666787147521973,10.661922128785429,nan,nan,nan,nan,23.97112798690796,4.097999572753906,0.01870039477944374,4.097999572753906,15.756428446620703,6.222107648849487,4659.33294424862,1.4751900434494019,0.00019760604800000002,16,2048,,7074.9659814834595
adammini-softmax_fisher_projector-r8,adammini,softmax_fisher_projector,8,1.1B,sdpa,666,1006,32997376,2.5487754344940186,12.79143024373544,nan,nan,nan,nan,23.97112798690796,4.097999572753906,0.01870039477944374,4.097999572753906,15.756428446620703,6.2524354457855225,4659.8442305912395,1.7031525373458862,0.000197206056,16,2048,,7081.221650362015
adammini-softmax_fisher_projector-r8,adammini,softmax_fisher_projector,8,1.1B,sdpa,666,1007,33030144,2.4946000576019287,12.116886492747415,nan,nan,nan,nan,23.97112798690796,4.097999572753906,0.01870039477944374,4.097999572753906,15.756428446620703,6.16440486907959,4660.412539235758,1.7409257888793945,0.000196806064,16,2048,,7087.389149188995
adammini-softmax_fisher_projector-r8,adammini,softmax_fisher_projector,8,1.1B,sdpa,666,1008,33062912,2.383864641189575,10.846740728683999,nan,nan,nan,nan,23.97112798690796,4.097999572753906,0.01870039477944374,4.097999572753906,15.756428446620703,6.21213173866272,4660.948582064286,1.4484981298446655,0.00019640607200000003,16,2048,,7093.6044800281525
adammini-softmax_fisher_projector-r8,adammini,softmax_fisher_projector,8,1.1B,sdpa,666,1009,33095680,2.3367862701416016,10.347927624455894,nan,nan,nan,nan,23.97112798690796,4.097999572753906,0.01870039477944374,4.097999572753906,15.756428446620703,6.212839365005493,4661.483157130063,1.3621761798858643,0.00019600608000000004,16,2048,,7099.8204662799835
adammini-softmax_fisher_projector-r8,adammini,softmax_fisher_projector,8,1.1B,sdpa,666,1010,33128448,2.2559890747070312,9.544729093161884,nan,nan,nan,nan,23.97112798690796,4.097999572753906,0.01870039477944374,4.097999572753906,15.756428446620703,6.228313207626343,4662.006673602416,1.5517079830169678,0.00019560608800000002,16,2048,,7106.052036046982
adammini-softmax_fisher_projector-r8,adammini,softmax_fisher_projector,8,1.1B,sdpa,666,1011,33161216,2.4063544273376465,11.093445377150978,nan,nan,nan,nan,23.97112798690796,4.097999572753906,0.01870039477944374,4.097999572753906,15.756428446620703,6.208831071853638,4662.541991789585,1.4085077047348022,0.000195206096,16,2048,,7112.263869047165
adammini-softmax_fisher_projector-r8,adammini,softmax_fisher_projector,8,1.1B,sdpa,666,1012,33193984,2.3343160152435303,10.322397151926685,nan,nan,nan,nan,23.97112798690796,4.097999572753906,0.01870039477944374,4.097999572753906,15.756428446620703,6.217355012893677,4663.0709312339395,1.4647685289382935,0.000194806104,16,2048,,7118.484352111816
adammini-softmax_fisher_projector-r8,adammini,softmax_fisher_projector,8,1.1B,sdpa,666,1013,33226752,2.306612253189087,10.040352801010545,nan,nan,nan,nan,23.97112798690796,4.097999572753906,0.01870039477944374,4.097999572753906,15.756428446620703,6.228789329528809,4663.59134035787,1.6440659761428833,0.00019440611200000004,16,2048,,7124.716337442398
adammini-softmax_fisher_projector-r8,adammini,softmax_fisher_projector,8,1.1B,sdpa,666,1014,33259520,2.518237590789795,12.40671168115974,nan,nan,nan,nan,23.97112798690796,4.097999572753906,0.01870039477944374,4.097999572753906,15.756428446620703,6.222477912902832,4664.1149816837615,1.497878909111023,0.00019400612000000002,16,2048,,7130.942092180252
adammini-softmax_fisher_projector-r8,adammini,softmax_fisher_projector,8,1.1B,sdpa,666,1015,33292288,2.3292300701141357,10.270031284251228,nan,nan,nan,nan,23.97112798690796,4.097999572753906,0.01870039477944374,4.097999572753906,15.756428446620703,6.234044313430786,4664.63012479275,1.428776502609253,0.00019360612799999998,16,2048,,7137.1793558597565
adammini-softmax_fisher_projector-r8,adammini,softmax_fisher_projector,8,1.1B,sdpa,666,1016,33325056,2.303196907043457,10.006120012458014,nan,nan,nan,nan,23.97112798690796,4.097999572753906,0.01870039477944374,4.097999572753906,15.756428446620703,6.243828296661377,4665.137992710618,1.5273655652999878,0.000193206136,16,2048,,7143.426429033279
adammini-softmax_fisher_projector-r8,adammini,softmax_fisher_projector,8,1.1B,sdpa,666,1017,33357824,2.406388282775879,11.093820956963402,nan,nan,nan,nan,23.97112798690796,4.097999572753906,0.01870039477944374,4.097999572753906,15.756428446620703,6.231977462768555,4665.652665695562,1.873461365699768,0.00019280614400000003,16,2048,,7149.661660671234
adammini-softmax_fisher_projector-r8,adammini,softmax_fisher_projector,8,1.1B,sdpa,666,1018,33390592,2.4119482040405273,11.155673516352492,nan,nan,nan,nan,23.97112798690796,4.097999572753906,0.01870039477944374,4.097999572753906,15.756428446620703,6.20885705947876,4666.181524384149,1.408071517944336,0.00019240615200000002,16,2048,,7155.873802423477
adammini-softmax_fisher_projector-r8,adammini,softmax_fisher_projector,8,1.1B,sdpa,666,1019,33423360,2.2968602180480957,9.942914809239689,nan,nan,nan,nan,23.97112798690796,4.097999572753906,0.01870039477944374,4.097999572753906,15.756428446620703,6.210842132568359,4666.708163350421,1.700289249420166,0.00019200616,16,2048,,7162.087925195694
adammini-softmax_fisher_projector-r8,adammini,softmax_fisher_projector,8,1.1B,sdpa,666,1020,33456128,2.208604574203491,9.10300495822648,nan,nan,nan,nan,23.97112798690796,4.097999572753906,0.01870039477944374,4.097999572753906,15.756428446620703,6.2103493213653564,4667.234197690624,1.4377319812774658,0.000191606168,16,2048,,7168.301412820816
adammini-softmax_fisher_projector-r8,adammini,softmax_fisher_projector,8,1.1B,sdpa,666,1021,33488896,2.279191732406616,9.768781428258334,nan,nan,nan,nan,23.97112798690796,4.097999572753906,0.01870039477944374,4.097999572753906,15.756428446620703,6.234488248825073,4667.743684929254,1.4479150772094727,0.00019120617599999997,16,2048,,7174.539178609848
adammini-softmax_fisher_projector-r8,adammini,softmax_fisher_projector,8,1.1B,sdpa,666,1022,33521664,2.314246654510498,10.117298226105422,nan,nan,nan,nan,23.97112798690796,4.097999572753906,0.01870039477944374,4.097999572753906,15.756428446620703,6.220293760299683,4668.261431241086,1.50333833694458,0.000190806184,16,2048,,7180.762852430344
adammini-softmax_fisher_projector-r8,adammini,softmax_fisher_projector,8,1.1B,sdpa,666,1023,33554432,2.648624897003174,14.134588760279824,nan,nan,nan,nan,23.97112798690796,4.097999572753906,0.01870039477944374,4.097999572753906,15.756428446620703,6.224655389785767,4668.775451353049,1.7393184900283813,0.00019040619200000003,16,2048,,7186.9907579422
adammini-softmax_fisher_projector-r8,adammini,softmax_fisher_projector,8,1.1B,sdpa,666,1024,33587200,2.286660671234131,9.842017014769278,nan,nan,nan,nan,23.97112798690796,4.097999572753906,0.01870039477944374,4.097999572753906,15.756428446620703,6.231722593307495,4669.284029331449,1.3556137084960938,0.0001900062,16,2048,,7193.225667953491
adammini-softmax_fisher_projector-r8,adammini,softmax_fisher_projector,8,1.1B,sdpa,666,1025,33619968,2.486154317855835,12.014981360753302,nan,nan,nan,nan,23.97112798690796,4.097999572753906,0.01870039477944374,4.097999572753906,15.756428446620703,6.2320263385772705,4669.791565587107,1.413774013519287,0.000189606208,16,2048,,7199.460949897766
adammini-softmax_fisher_projector-r8,adammini,softmax_fisher_projector,8,1.1B,sdpa,666,1026,33652736,2.239823341369629,9.391672020969107,nan,nan,nan,nan,23.97112798690796,4.097999572753906,0.01870039477944374,4.097999572753906,15.756428446620703,6.233779668807983,4670.297045973822,1.8160001039505005,0.00018920621599999998,16,2048,,7205.69796705246
adammini-softmax_fisher_projector-r8,adammini,softmax_fisher_projector,8,1.1B,sdpa,666,1027,33685504,2.38935923576355,10.906503206374765,nan,nan,nan,nan,23.97112798690796,4.097999572753906,0.01870039477944374,4.097999572753906,15.756428446620703,6.232188940048218,4670.802694029138,1.5777031183242798,0.00018880622400000002,16,2048,,7211.933447360992
adammini-softmax_fisher_projector-r8,adammini,softmax_fisher_projector,8,1.1B,sdpa,666,1028,33718272,2.526411771774292,12.50854201063431,nan,nan,nan,nan,23.97112798690796,4.097999572753906,0.01870039477944374,4.097999572753906,15.756428446620703,6.221876621246338,4671.3141193671345,1.6533987522125244,0.000188406232,16,2048,,7218.158442735672
adammini-softmax_fisher_projector-r8,adammini,softmax_fisher_projector,8,1.1B,sdpa,666,1029,33751040,2.3437395095825195,10.420129972151638,nan,nan,nan,nan,23.97112798690796,4.097999572753906,0.01870039477944374,4.097999572753906,15.756428446620703,6.224316835403442,4671.823138187636,1.496315598487854,0.00018800624000000002,16,2048,,7224.386079549789
adammini-softmax_fisher_projector-r8,adammini,softmax_fisher_projector,8,1.1B,sdpa,666,1030,33783808,2.2898313999176025,9.873272906211009,nan,nan,nan,nan,23.97112798690796,4.097999572753906,0.01870039477944374,4.097999572753906,15.756428446620703,6.225036144256592,4672.330721107568,1.6545093059539795,0.000187606248,16,2048,,7230.614593267441
adammini-softmax_fisher_projector-r8,adammini,softmax_fisher_projector,8,1.1B,sdpa,666,1031,33816576,2.3585011959075928,10.575089580942699,nan,nan,nan,nan,23.97112798690796,4.097999572753906,0.01870039477944374,4.097999572753906,15.756428446620703,6.225122928619385,4672.837361820125,1.4260166883468628,0.000187206256,16,2048,,7236.842983722687
adammini-softmax_fisher_projector-r8,adammini,softmax_fisher_projector,8,1.1B,sdpa,666,1032,33849344,2.324007034301758,10.2165303832461,nan,nan,nan,nan,23.97112798690796,4.097999572753906,0.01870039477944374,4.097999572753906,15.756428446620703,6.220273971557617,4673.346294581122,1.4668227434158325,0.00018680626400000003,16,2048,,7243.066442489624
adammini-softmax_fisher_projector-r8,adammini,softmax_fisher_projector,8,1.1B,sdpa,666,1033,33882112,2.4592089653015137,11.69555628900843,nan,nan,nan,nan,23.97112798690796,4.097999572753906,0.01870039477944374,4.097999572753906,15.756428446620703,6.22694206237793,4673.850135216066,1.499313235282898,0.00018640627200000001,16,2048,,7249.296568870544
adammini-softmax_fisher_projector-r8,adammini,softmax_fisher_projector,8,1.1B,sdpa,666,1034,33914880,2.2020914554595947,9.043908665501965,nan,nan,nan,nan,23.97112798690796,4.097999572753906,0.01870039477944374,4.097999572753906,15.756428446620703,6.203566074371338,4674.368166098694,1.511751413345337,0.00018600628,16,2048,,7255.50336432457
adammini-softmax_fisher_projector-r8,adammini,softmax_fisher_projector,8,1.1B,sdpa,666,1035,33947648,2.475694179534912,11.889958014489244,nan,nan,nan,nan,23.97112798690796,4.097999572753906,0.01870039477944374,4.097999572753906,15.756428446620703,6.22162938117981,4674.873653185935,1.6222678422927856,0.00018560628799999999,16,2048,,7261.728299856186
adammini-softmax_fisher_projector-r8,adammini,softmax_fisher_projector,8,1.1B,sdpa,666,1036,33980416,2.371758222579956,10.716217225140282,nan,nan,nan,nan,23.97112798690796,4.097999572753906,0.01870039477944374,4.097999572753906,15.756428446620703,6.2247397899627686,4675.376230104045,1.6020786762237549,0.000185206296,16,2048,,7267.956296920776
adammini-softmax_fisher_projector-r8,adammini,softmax_fisher_projector,8,1.1B,sdpa,666,1037,34013184,2.1643874645233154,8.709265548536292,nan,nan,nan,nan,23.97112798690796,4.097999572753906,0.01870039477944374,4.097999572753906,15.756428446620703,6.229534149169922,4675.874883901066,1.6098453998565674,0.00018480630400000004,16,2048,,7274.188926458359
adammini-softmax_fisher_projector-r8,adammini,softmax_fisher_projector,8,1.1B,sdpa,666,1038,34045952,2.5038185119628906,12.229101889464397,nan,nan,nan,nan,23.97112798690796,4.097999572753906,0.01870039477944374,4.097999572753906,15.756428446620703,6.2311084270477295,4676.3717051710555,1.5518711805343628,0.00018440631200000002,16,2048,,7280.423352956772
adammini-softmax_fisher_projector-r8,adammini,softmax_fisher_projector,8,1.1B,sdpa,666,1039,34078720,2.364070177078247,10.634146346073535,nan,nan,nan,nan,23.97112798690796,4.097999572753906,0.01870039477944374,4.097999572753906,15.756428446620703,6.2317795753479,4676.867263127052,1.4147337675094604,0.00018400632,16,2048,,7286.658358573914
adammini-softmax_fisher_projector-r8,adammini,softmax_fisher_projector,8,1.1B,sdpa,666,1040,34111488,2.500847816467285,12.192826859277808,nan,nan,nan,nan,23.97112798690796,4.097999572753906,0.01870039477944374,4.097999572753906,15.756428446620703,6.23116660118103,4677.362345469142,1.7544058561325073,0.000183606328,16,2048,,7292.892679691315
adammini-softmax_fisher_projector-r8,adammini,softmax_fisher_projector,8,1.1B,sdpa,666,1041,34144256,2.29586124420166,9.932987056995959,nan,nan,nan,nan,23.97112798690796,4.097999572753906,0.01870039477944374,4.097999572753906,15.756428446620703,6.23126482963562,4677.856561149963,1.4779386520385742,0.00018320633599999998,16,2048,,7299.1271443367
adammini-softmax_fisher_projector-r8,adammini,softmax_fisher_projector,8,1.1B,sdpa,666,1042,34177024,2.3535873889923096,10.523253094175136,nan,nan,nan,nan,23.97112798690796,4.097999572753906,0.01870039477944374,4.097999572753906,15.756428446620703,6.231097221374512,4678.350008724824,1.5705515146255493,0.00018280634400000005,16,2048,,7305.361270427704
adammini-softmax_fisher_projector-r8,adammini,softmax_fisher_projector,8,1.1B,sdpa,666,1043,34209792,2.4864165782928467,12.018132828250218,nan,nan,nan,nan,23.97112798690796,4.097999572753906,0.01870039477944374,4.097999572753906,15.756428446620703,6.198956489562988,4678.863292592417,1.4582924842834473,0.00018240635200000003,16,2048,,7311.563518285751
adammini-softmax_fisher_projector-r8,adammini,softmax_fisher_projector,8,1.1B,sdpa,666,1044,34242560,2.2375264167785645,9.370124814180842,nan,nan,nan,nan,23.97112798690796,4.097999572753906,0.01870039477944374,4.097999572753906,15.756428446620703,6.230583667755127,4679.355336006977,1.5122452974319458,0.00018200636000000002,16,2048,,7317.797285795212
adammini-softmax_fisher_projector-r8,adammini,softmax_fisher_projector,8,1.1B,sdpa,666,1045,34275328,2.179910659790039,8.845515963165461,nan,nan,nan,nan,23.97112798690796,4.097999572753906,0.01870039477944374,4.097999572753906,15.756428446620703,6.211198568344116,4679.858978194211,1.632681131362915,0.000181606368,16,2048,,7324.01145529747
adammini-softmax_fisher_projector-r8,adammini,softmax_fisher_projector,8,1.1B,sdpa,666,1046,34308096,2.2568769454956055,9.553207342546578,nan,nan,nan,nan,23.97112798690796,4.097999572753906,0.01870039477944374,4.097999572753906,15.756428446620703,6.216126203536987,4680.358700353012,1.8175345659255981,0.00018120637600000004,16,2048,,7330.230854272842
adammini-softmax_fisher_projector-r8,adammini,softmax_fisher_projector,8,1.1B,sdpa,666,1047,34340864,2.3345391750335693,10.324700952956125,nan,nan,nan,nan,23.97112798690796,4.097999572753906,0.01870039477944374,4.097999572753906,15.756428446620703,6.2408294677734375,4680.841689674902,1.4685516357421875,0.00018080638400000003,16,2048,,7336.475115537643
adammini-softmax_fisher_projector-r8,adammini,softmax_fisher_projector,8,1.1B,sdpa,666,1048,34373632,2.351261615753174,10.498806832989684,nan,nan,nan,nan,23.97112798690796,4.097999572753906,0.01870039477944374,4.097999572753906,15.756428446620703,6.240474700927734,4681.32396227961,1.5631417036056519,0.000180406392,16,2048,,7342.718853235245
adammini-softmax_fisher_projector-r8,adammini,softmax_fisher_projector,8,1.1B,sdpa,666,1049,34406400,2.336909770965576,10.349205680962836,nan,nan,nan,nan,23.97112798690796,4.097999572753906,0.01870039477944374,4.097999572753906,15.756428446620703,6.23205041885376,4681.810943245293,1.3517122268676758,0.00018000640000000003,16,2048,,7348.954090118408
adammini-softmax_fisher_projector-r8,adammini,softmax_fisher_projector,8,1.1B,sdpa,666,1050,34439168,2.1940155029296875,8.971164622523082,2.4706276574761405,11.829869628035933,nan,nan,23.97112798690796,4.097999572753906,0.01870039477944374,4.097999572753906,15.756428446620703,6.215924024581909,4682.30737750415,1.4401408433914185,0.000179606408,16,2048,,7369.381454229355
adammini-softmax_fisher_projector-r8,adammini,softmax_fisher_projector,8,1.1B,sdpa,666,1051,34471936,2.332461357116699,10.303270376457888,nan,nan,nan,nan,23.97112798690796,4.097999572753906,0.01870039477944374,4.097999572753906,15.756428446620703,6.22135329246521,4673.778634261792,1.4604597091674805,0.00017920641600000005,16,2048,,7375.605914354324
adammini-softmax_fisher_projector-r8,adammini,softmax_fisher_projector,8,1.1B,sdpa,666,1052,34504704,2.0847785472869873,8.042810182333058,nan,nan,nan,nan,23.97112798690796,4.097999572753906,0.01870039477944374,4.097999572753906,15.756428446620703,6.21117091178894,4674.283095750751,1.4369691610336304,0.00017880642400000004,16,2048,,7381.820179224014
adammini-softmax_fisher_projector-r8,adammini,softmax_fisher_projector,8,1.1B,sdpa,666,1053,34537472,2.3948886394500732,10.966976702519585,nan,nan,nan,nan,23.97112798690796,4.097999572753906,0.01870039477944374,4.097999572753906,15.756428446620703,6.2236549854278564,4674.778811116385,1.6028817892074585,0.000178406432,16,2048,,7388.04695725441
adammini-softmax_fisher_projector-r8,adammini,softmax_fisher_projector,8,1.1B,sdpa,666,1054,34570240,2.253384828567505,9.519904607833405,nan,nan,nan,nan,23.97112798690796,4.097999572753906,0.01870039477944374,4.097999572753906,15.756428446620703,6.194166660308838,4675.292281165403,4.712205410003662,0.00017800643999999998,16,2048,,7394.244324207306
adammini-softmax_fisher_projector-r8,adammini,softmax_fisher_projector,8,1.1B,sdpa,666,1055,34603008,2.2510251998901367,9.497467649770254,nan,nan,nan,nan,23.97112798690796,4.097999572753906,0.01870039477944374,4.097999572753906,15.756428446620703,6.222376346588135,4675.787077561523,1.4954546689987183,0.000177606448,16,2048,,7400.470041513443
adammini-softmax_fisher_projector-r8,adammini,softmax_fisher_projector,8,1.1B,sdpa,666,1056,34635776,2.531912088394165,12.577532513015719,nan,nan,nan,nan,23.97112798690796,4.097999572753906,0.01870039477944374,4.097999572753906,15.756428446620703,6.236674070358276,4676.271950922208,1.5198540687561035,0.00017720645600000003,16,2048,,7406.70991230011
adammini-softmax_fisher_projector-r8,adammini,softmax_fisher_projector,8,1.1B,sdpa,666,1057,34668544,2.2854185104370117,9.829799236862288,nan,nan,nan,nan,23.97112798690796,4.097999572753906,0.01870039477944374,4.097999572753906,15.756428446620703,6.238182783126831,4676.75509345619,1.5227879285812378,0.00017680646400000002,16,2048,,7412.95131444931
adammini-softmax_fisher_projector-r8,adammini,softmax_fisher_projector,8,1.1B,sdpa,666,1058,34701312,2.3546335697174072,10.53426807955563,nan,nan,nan,nan,23.97112798690796,4.097999572753906,0.01870039477944374,4.097999572753906,15.756428446620703,6.203573703765869,4677.259249574068,1.6056482791900635,0.000176406472,16,2048,,7419.158061504364
adammini-softmax_fisher_projector-r8,adammini,softmax_fisher_projector,8,1.1B,sdpa,666,1059,34734080,2.478440046310425,11.922651120078106,nan,nan,nan,nan,23.97112798690796,4.097999572753906,0.01870039477944374,4.097999572753906,15.756428446620703,6.199535846710205,4677.76511830422,1.6163427829742432,0.00017600648,16,2048,,7425.360815286636
adammini-softmax_fisher_projector-r8,adammini,softmax_fisher_projector,8,1.1B,sdpa,666,1060,34766848,2.6069343090057373,13.557424203925947,nan,nan,nan,nan,23.97112798690796,4.097999572753906,0.01870039477944374,4.097999572753906,15.756428446620703,6.210361480712891,4678.263315708301,2.763887643814087,0.00017560648799999997,16,2048,,7431.57440829277
adammini-softmax_fisher_projector-r8,adammini,softmax_fisher_projector,8,1.1B,sdpa,666,1061,34799616,2.7518861293792725,15.672163753462286,nan,nan,nan,nan,23.97112798690796,4.097999572753906,0.01870039477944374,4.097999572753906,15.756428446620703,6.189340353012085,4678.773905208374,1.6738059520721436,0.000175206496,16,2048,,7437.766883850098
adammini-softmax_fisher_projector-r8,adammini,softmax_fisher_projector,8,1.1B,sdpa,666,1062,34832384,2.314307689666748,10.1179157558288,nan,nan,nan,nan,23.97112798690796,4.097999572753906,0.01870039477944374,4.097999572753906,15.756428446620703,6.216431617736816,4679.266636330108,1.5128225088119507,0.00017480650400000003,16,2048,,7443.986443042755
adammini-softmax_fisher_projector-r8,adammini,softmax_fisher_projector,8,1.1B,sdpa,666,1063,34865152,2.468989849090576,11.810510426018157,nan,nan,nan,nan,23.97112798690796,4.097999572753906,0.01870039477944374,4.097999572753906,15.756428446620703,6.2119362354278564,4679.761397392531,1.3208341598510742,0.000174406512,16,2048,,7450.2013919353485
adammini-softmax_fisher_projector-r8,adammini,softmax_fisher_projector,8,1.1B,sdpa,666,1064,34897920,2.3080408573150635,10.054706741056059,nan,nan,nan,nan,23.97112798690796,4.097999572753906,0.01870039477944374,4.097999572753906,15.756428446620703,6.2403624057769775,4680.237555197326,1.5557276010513306,0.00017400652,16,2048,,7456.444909095764
adammini-softmax_fisher_projector-r8,adammini,softmax_fisher_projector,8,1.1B,sdpa,666,1065,34930688,2.218240261077881,9.191142615113696,nan,nan,nan,nan,23.97112798690796,4.097999572753906,0.01870039477944374,4.097999572753906,15.756428446620703,6.205939054489136,4680.734430231433,1.5064518451690674,0.00017360652799999998,16,2048,,7462.654093265533
adammini-softmax_fisher_projector-r8,adammini,softmax_fisher_projector,8,1.1B,sdpa,666,1066,34963456,2.2824301719665527,9.800468316831733,nan,nan,nan,nan,23.97112798690796,4.097999572753906,0.01870039477944374,4.097999572753906,15.756428446620703,6.243340253829956,4681.206978409245,1.430667757987976,0.00017320653600000002,16,2048,,7468.900557279587
adammini-softmax_fisher_projector-r8,adammini,softmax_fisher_projector,8,1.1B,sdpa,666,1067,34996224,2.131561756134033,8.428019048920467,nan,nan,nan,nan,23.97112798690796,4.097999572753906,0.01870039477944374,4.097999572753906,15.756428446620703,6.231882810592651,4681.685946219058,1.7147043943405151,0.000172806544,16,2048,,7475.135708093643
adammini-softmax_fisher_projector-r8,adammini,softmax_fisher_projector,8,1.1B,sdpa,666,1068,35028992,2.3974437713623047,10.995034605229062,nan,nan,nan,nan,23.97112798690796,4.097999572753906,0.01870039477944374,4.097999572753906,15.756428446620703,6.210510730743408,4682.177448311022,1.5580384731292725,0.000172406552,16,2048,,7481.349538564682
adammini-softmax_fisher_projector-r8,adammini,softmax_fisher_projector,8,1.1B,sdpa,666,1069,35061760,2.4210476875305176,11.257647635616035,nan,nan,nan,nan,23.97112798690796,4.097999572753906,0.01870039477944374,4.097999572753906,15.756428446620703,6.221185684204102,4682.66146262251,1.5372962951660156,0.00017200656,16,2048,,7487.573828458786
adammini-softmax_fisher_projector-r8,adammini,softmax_fisher_projector,8,1.1B,sdpa,666,1070,35094528,1.5917595624923706,4.9123849766180925,nan,nan,nan,nan,23.97112798690796,4.097999572753906,0.01870039477944374,4.097999572753906,15.756428446620703,6.199524879455566,4683.158297746421,1.312495231628418,0.000171606568,16,2048,,7493.7766625881195
adammini-softmax_fisher_projector-r8,adammini,softmax_fisher_projector,8,1.1B,sdpa,666,1071,35127296,2.315222978591919,10.127180811520537,nan,nan,nan,nan,23.97112798690796,4.097999572753906,0.01870039477944374,4.097999572753906,15.756428446620703,6.211296319961548,4683.646846802741,1.407254695892334,0.00017120657600000003,16,2048,,7499.99112868309
adammini-softmax_fisher_projector-r8,adammini,softmax_fisher_projector,8,1.1B,sdpa,666,1072,35160064,2.523960828781128,12.477921826729505,nan,nan,nan,nan,23.97112798690796,4.097999572753906,0.01870039477944374,4.097999572753906,15.756428446620703,6.217757701873779,4684.1306156188775,1.4977723360061646,0.00017080658400000002,16,2048,,7506.2119789123535
adammini-softmax_fisher_projector-r8,adammini,softmax_fisher_projector,8,1.1B,sdpa,666,1073,35192832,2.3473472595214844,10.457791090522115,nan,nan,nan,nan,23.97112798690796,4.097999572753906,0.01870039477944374,4.097999572753906,15.756428446620703,6.212188720703125,4684.617105900624,1.566696286201477,0.000170406592,16,2048,,7512.427310466766
adammini-softmax_fisher_projector-r8,adammini,softmax_fisher_projector,8,1.1B,sdpa,666,1074,35225600,2.2899482250213623,9.87442641972108,nan,nan,nan,nan,23.97112798690796,4.097999572753906,0.01870039477944374,4.097999572753906,15.756428446620703,6.214405298233032,4685.101397572672,1.4726002216339111,0.00017000659999999999,16,2048,,7518.644678115845
adammini-softmax_fisher_projector-r8,adammini,softmax_fisher_projector,8,1.1B,sdpa,666,1075,35258368,2.5196099281311035,12.423749563069459,nan,nan,nan,nan,23.97112798690796,4.097999572753906,0.01870039477944374,4.097999572753906,15.756428446620703,6.212790012359619,4685.585945368936,1.5347609519958496,0.000169606608,16,2048,,7524.860691308975
adammini-softmax_fisher_projector-r8,adammini,softmax_fisher_projector,8,1.1B,sdpa,666,1076,35291136,2.6025495529174805,13.498108343431209,nan,nan,nan,nan,23.97112798690796,4.097999572753906,0.01870039477944374,4.097999572753906,15.756428446620703,6.215197324752808,4686.068103727399,1.614281415939331,0.00016920661600000004,16,2048,,7531.079103946686
adammini-softmax_fisher_projector-r8,adammini,softmax_fisher_projector,8,1.1B,sdpa,666,1077,35323904,2.372734785079956,10.726687392578558,nan,nan,nan,nan,23.97112798690796,4.097999572753906,0.01870039477944374,4.097999572753906,15.756428446620703,6.235770225524902,4686.536712053759,1.4789059162139893,0.00016880662400000002,16,2048,,7537.318092107773
adammini-softmax_fisher_projector-r8,adammini,softmax_fisher_projector,8,1.1B,sdpa,666,1078,35356672,2.397822856903076,10.999203453993406,nan,nan,nan,nan,23.97112798690796,4.097999572753906,0.01870039477944374,4.097999572753906,15.756428446620703,6.24552321434021,4686.998434223266,1.4766287803649902,0.000168406632,16,2048,,7543.566642045975
adammini-softmax_fisher_projector-r8,adammini,softmax_fisher_projector,8,1.1B,sdpa,666,1079,35389440,2.360551357269287,10.596792460598932,nan,nan,nan,nan,23.97112798690796,4.097999572753906,0.01870039477944374,4.097999572753906,15.756428446620703,6.225724697113037,4687.471804049913,1.4852427244186401,0.00016800664,16,2048,,7549.795685052872
adammini-softmax_fisher_projector-r8,adammini,softmax_fisher_projector,8,1.1B,sdpa,666,1080,35422208,2.355905055999756,10.547670775779913,nan,nan,nan,nan,23.97112798690796,4.097999572753906,0.01870039477944374,4.097999572753906,15.756428446620703,6.210252523422241,4687.953814535731,1.4379922151565552,0.00016760664800000003,16,2048,,7556.0091824531555
adammini-softmax_fisher_projector-r8,adammini,softmax_fisher_projector,8,1.1B,sdpa,666,1081,35454976,2.5298404693603516,12.551503627539446,nan,nan,nan,nan,23.97112798690796,4.097999572753906,0.01870039477944374,4.097999572753906,15.756428446620703,6.219449281692505,4688.429396299576,1.5133399963378906,0.00016720665600000002,16,2048,,7562.231832742691
adammini-softmax_fisher_projector-r8,adammini,softmax_fisher_projector,8,1.1B,sdpa,666,1082,35487744,2.3360109329223633,10.339907600539957,nan,nan,nan,nan,23.97112798690796,4.097999572753906,0.01870039477944374,4.097999572753906,15.756428446620703,6.217646360397339,4688.905295276194,1.393214464187622,0.00016680666400000003,16,2048,,7568.452568531036
adammini-softmax_fisher_projector-r8,adammini,softmax_fisher_projector,8,1.1B,sdpa,666,1083,35520512,2.4738545417785645,11.86810490586932,nan,nan,nan,nan,23.97112798690796,4.097999572753906,0.01870039477944374,4.097999572753906,15.756428446620703,6.219036102294922,4689.37959485109,1.9077684879302979,0.00016640667200000002,16,2048,,7574.674823522568
adammini-softmax_fisher_projector-r8,adammini,softmax_fisher_projector,8,1.1B,sdpa,666,1084,35553280,2.443514108657837,11.513429177712293,nan,nan,nan,nan,23.97112798690796,4.097999572753906,0.01870039477944374,4.097999572753906,15.756428446620703,6.213879823684692,4689.856273131544,1.679296851158142,0.00016600668,16,2048,,7580.8920912742615
adammini-softmax_fisher_projector-r8,adammini,softmax_fisher_projector,8,1.1B,sdpa,666,1085,35586048,2.5237278938293457,12.475015621102028,nan,nan,nan,nan,23.97112798690796,4.097999572753906,0.01870039477944374,4.097999572753906,15.756428446620703,6.227489471435547,4690.323704440848,1.4510008096694946,0.00016560668800000004,16,2048,,7587.122874498367
adammini-softmax_fisher_projector-r8,adammini,softmax_fisher_projector,8,1.1B,sdpa,666,1086,35618816,2.199540376663208,9.020866345752234,nan,nan,nan,nan,23.97112798690796,4.097999572753906,0.01870039477944374,4.097999572753906,15.756428446620703,6.227127313613892,4690.790606207134,1.520705223083496,0.00016520669600000003,16,2048,,7593.353253126144
adammini-softmax_fisher_projector-r8,adammini,softmax_fisher_projector,8,1.1B,sdpa,666,1087,35651584,2.509566307067871,12.299594656359991,nan,nan,nan,nan,23.97112798690796,4.097999572753906,0.01870039477944374,4.097999572753906,15.756428446620703,6.232824087142944,4691.253235184295,1.4980930089950562,0.000164806704,16,2048,,7599.589149475098
adammini-softmax_fisher_projector-r8,adammini,softmax_fisher_projector,8,1.1B,sdpa,666,1088,35684352,2.5506649017333984,12.81562207976937,nan,nan,nan,nan,23.97112798690796,4.097999572753906,0.01870039477944374,4.097999572753906,15.756428446620703,6.236310958862305,4691.713080667041,1.734261155128479,0.00016440671200000003,16,2048,,7605.8285875320435
adammini-softmax_fisher_projector-r8,adammini,softmax_fisher_projector,8,1.1B,sdpa,666,1089,35717120,2.209916591644287,9.114956097832744,nan,nan,nan,nan,23.97112798690796,4.097999572753906,0.01870039477944374,4.097999572753906,15.756428446620703,6.231420040130615,4692.1751525960935,1.4206868410110474,0.00016400672,16,2048,,7612.063306808472
adammini-softmax_fisher_projector-r8,adammini,softmax_fisher_projector,8,1.1B,sdpa,666,1090,35749888,2.408339738845825,11.115491198594034,nan,nan,nan,nan,23.97112798690796,4.097999572753906,0.01870039477944374,4.097999572753906,15.756428446620703,6.221642255783081,4692.642383708468,1.4277406930923462,0.00016360672800000005,16,2048,,7618.288253545761
adammini-softmax_fisher_projector-r8,adammini,softmax_fisher_projector,8,1.1B,sdpa,666,1091,35782656,2.547868251800537,12.779831341550583,nan,nan,nan,nan,23.97112798690796,4.097999572753906,0.01870039477944374,4.097999572753906,15.756428446620703,6.229053735733032,4693.104302533247,2.249661684036255,0.000163206736,16,2048,,7624.520111322403
adammini-softmax_fisher_projector-r8,adammini,softmax_fisher_projector,8,1.1B,sdpa,666,1092,35815424,2.4656729698181152,11.771401284794399,nan,nan,nan,nan,23.97112798690796,4.097999572753906,0.01870039477944374,4.097999572753906,15.756428446620703,6.224007844924927,4693.568718156185,1.4136326313018799,0.000162806744,16,2048,,7630.747531414032
adammini-softmax_fisher_projector-r8,adammini,softmax_fisher_projector,8,1.1B,sdpa,666,1093,35848192,2.3515872955322266,10.502226638929963,nan,nan,nan,nan,23.97112798690796,4.097999572753906,0.01870039477944374,4.097999572753906,15.756428446620703,6.214308261871338,4694.038233464456,1.502191424369812,0.00016240675199999998,16,2048,,7636.96510386467
adammini-softmax_fisher_projector-r8,adammini,softmax_fisher_projector,8,1.1B,sdpa,666,1094,35880960,2.4829399585723877,11.976422897452322,nan,nan,nan,nan,23.97112798690796,4.097999572753906,0.01870039477944374,4.097999572753906,15.756428446620703,6.242871999740601,4694.489400158593,1.446258783340454,0.00016200675999999997,16,2048,,7643.211266040802
adammini-softmax_fisher_projector-r8,adammini,softmax_fisher_projector,8,1.1B,sdpa,666,1095,35913728,2.299964189529419,9.973825281042672,nan,nan,nan,nan,23.97112798690796,4.097999572753906,0.01870039477944374,4.097999572753906,15.756428446620703,6.223095655441284,4694.951957506708,1.4781016111373901,0.00016160676800000003,16,2048,,7649.437493562698
adammini-softmax_fisher_projector-r8,adammini,softmax_fisher_projector,8,1.1B,sdpa,666,1096,35946496,2.6374125480651855,13.976991985065188,nan,nan,nan,nan,23.97112798690796,4.097999572753906,0.01870039477944374,4.097999572753906,15.756428446620703,6.21513557434082,4695.418742409136,1.560573935508728,0.00016120677600000002,16,2048,,7655.655722856522
adammini-softmax_fisher_projector-r8,adammini,softmax_fisher_projector,8,1.1B,sdpa,666,1097,35979264,2.3610713481903076,10.602304129355048,nan,nan,nan,nan,23.97112798690796,4.097999572753906,0.01870039477944374,4.097999572753906,15.756428446620703,6.231873273849487,4695.874540809149,1.4920439720153809,0.000160806784,16,2048,,7661.890861988068
adammini-softmax_fisher_projector-r8,adammini,softmax_fisher_projector,8,1.1B,sdpa,666,1098,36012032,2.7765746116638184,16.06390149833588,nan,nan,nan,nan,23.97112798690796,4.097999572753906,0.01870039477944374,4.097999572753906,15.756428446620703,6.238014459609985,4696.325710526572,1.759033441543579,0.000160406792,16,2048,,7668.13205242157
adammini-softmax_fisher_projector-r8,adammini,softmax_fisher_projector,8,1.1B,sdpa,666,1099,36044800,2.7321009635925293,15.365134721065516,nan,nan,nan,nan,23.97112798690796,4.097999572753906,0.01870039477944374,4.097999572753906,15.756428446620703,6.235138177871704,4696.777975727806,1.8605132102966309,0.00016000679999999997,16,2048,,7674.370168209076
adammini-softmax_fisher_projector-r8,adammini,softmax_fisher_projector,8,1.1B,sdpa,666,1100,36077568,2.5427744388580322,12.714898788798736,2.469729039592784,11.819243870593269,nan,nan,23.97112798690796,4.097999572753906,0.01870039477944374,4.097999572753906,15.756428446620703,6.207348585128784,4697.246570425319,1.487992286682129,0.000159606808,16,2048,,7692.883350372314
adammini-softmax_fisher_projector-r8,adammini,softmax_fisher_projector,8,1.1B,sdpa,666,1101,36110336,2.4379608631134033,11.449669478916201,nan,nan,nan,nan,23.97112798690796,4.097999572753906,0.01870039477944374,4.097999572753906,15.756428446620703,6.237592935562134,4690.1892495186785,1.5186563730239868,0.00015920681600000003,16,2048,,7699.124305725098
adammini-softmax_fisher_projector-r8,adammini,softmax_fisher_projector,8,1.1B,sdpa,666,1102,36143104,2.5664403438568115,13.019397280085517,nan,nan,nan,nan,23.97112798690796,4.097999572753906,0.01870039477944374,4.097999572753906,15.756428446620703,6.224048614501953,4690.651376524845,1.471808671951294,0.000158806824,16,2048,,7705.351500272751
adammini-softmax_fisher_projector-r8,adammini,softmax_fisher_projector,8,1.1B,sdpa,666,1103,36175872,2.36954927444458,10.692571782475499,nan,nan,nan,nan,23.97112798690796,4.097999572753906,0.01870039477944374,4.097999572753906,15.756428446620703,6.217235803604126,4691.116957825872,1.5299185514450073,0.000158406832,16,2048,,7711.571913480759
adammini-softmax_fisher_projector-r8,adammini,softmax_fisher_projector,8,1.1B,sdpa,666,1104,36208640,2.2692387104034424,9.672034791126249,nan,nan,nan,nan,23.97112798690796,4.097999572753906,0.01870039477944374,4.097999572753906,15.756428446620703,6.208582639694214,4691.587025199069,1.5623642206192017,0.00015800683999999998,16,2048,,7717.78378534317
adammini-softmax_fisher_projector-r8,adammini,softmax_fisher_projector,8,1.1B,sdpa,666,1105,36241408,2.366231918334961,10.657159484222928,nan,nan,nan,nan,23.97112798690796,4.097999572753906,0.01870039477944374,4.097999572753906,15.756428446620703,6.21893835067749,4692.04998682864,1.7597228288650513,0.00015760684800000002,16,2048,,7724.005984067917
adammini-softmax_fisher_projector-r8,adammini,softmax_fisher_projector,8,1.1B,sdpa,666,1106,36274176,2.4636762142181396,11.74792012423053,nan,nan,nan,nan,23.97112798690796,4.097999572753906,0.01870039477944374,4.097999572753906,15.756428446620703,6.387551784515381,4692.409861380485,1.4538177251815796,0.000157206856,16,2048,,7730.3967270851135
adammini-softmax_fisher_projector-r8,adammini,softmax_fisher_projector,8,1.1B,sdpa,666,1107,36306944,2.2896952629089355,9.871928879859743,nan,nan,nan,nan,23.97112798690796,4.097999572753906,0.01870039477944374,4.097999572753906,15.756428446620703,6.222984313964844,4692.869005783854,1.379778504371643,0.000156806864,16,2048,,7736.622780323029
adammini-softmax_fisher_projector-r8,adammini,softmax_fisher_projector,8,1.1B,sdpa,666,1108,36339712,2.309109687805176,10.065459263478303,nan,nan,nan,nan,23.97112798690796,4.097999572753906,0.01870039477944374,4.097999572753906,15.756428446620703,6.233701705932617,4693.3209923161085,1.6035902500152588,0.000156406872,16,2048,,7742.859742641449
adammini-softmax_fisher_projector-r8,adammini,softmax_fisher_projector,8,1.1B,sdpa,666,1109,36372480,2.30556321144104,10.029825574472655,nan,nan,nan,nan,23.97112798690796,4.097999572753906,0.01870039477944374,4.097999572753906,15.756428446620703,6.215162992477417,4693.783358685318,1.412988543510437,0.00015600688000000004,16,2048,,7749.07807469368
adammini-softmax_fisher_projector-r8,adammini,softmax_fisher_projector,8,1.1B,sdpa,666,1110,36405248,2.3916571140289307,10.931593839614004,nan,nan,nan,nan,23.97112798690796,4.097999572753906,0.01870039477944374,4.097999572753906,15.756428446620703,6.212709426879883,4694.246528887475,1.4406108856201172,0.00015560688800000003,16,2048,,7755.2941081523895
adammini-softmax_fisher_projector-r8,adammini,softmax_fisher_projector,8,1.1B,sdpa,666,1111,36438016,2.308812379837036,10.062467167045382,nan,nan,nan,nan,23.97112798690796,4.097999572753906,0.01870039477944374,4.097999572753906,15.756428446620703,6.213566303253174,4694.70835253838,1.4437754154205322,0.00015520689600000002,16,2048,,7761.5108025074005
adammini-softmax_fisher_projector-r8,adammini,softmax_fisher_projector,8,1.1B,sdpa,666,1112,36470784,2.3801627159118652,10.806661136598969,nan,nan,nan,nan,23.97112798690796,4.097999572753906,0.01870039477944374,4.097999572753906,15.756428446620703,6.20220160484314,4695.17640487853,1.5447224378585815,0.000154806904,16,2048,,7767.71608877182
adammini-softmax_fisher_projector-r8,adammini,softmax_fisher_projector,8,1.1B,sdpa,666,1113,36503552,2.380904197692871,10.814677050405026,nan,nan,nan,nan,23.97112798690796,4.097999572753906,0.01870039477944374,4.097999572753906,15.756428446620703,6.222187042236328,4695.63163341936,1.5206817388534546,0.000154406912,16,2048,,7773.941490650177
adammini-softmax_fisher_projector-r8,adammini,softmax_fisher_projector,8,1.1B,sdpa,666,1114,36536320,2.382615804672241,10.833203377496616,nan,nan,nan,nan,23.97112798690796,4.097999572753906,0.01870039477944374,4.097999572753906,15.756428446620703,6.221916675567627,4696.086273476049,1.4145207405090332,0.00015400692000000003,16,2048,,7780.166631698608
adammini-softmax_fisher_projector-r8,adammini,softmax_fisher_projector,8,1.1B,sdpa,666,1115,36569088,2.3061447143554688,10.03565964337506,nan,nan,nan,nan,23.97112798690796,4.097999572753906,0.01870039477944374,4.097999572753906,15.756428446620703,6.2158496379852295,4696.5438486410085,1.5354069471359253,0.00015360692800000004,16,2048,,7786.385710954666
adammini-softmax_fisher_projector-r8,adammini,softmax_fisher_projector,8,1.1B,sdpa,666,1116,36601856,2.4409406185150146,11.483837574394823,nan,nan,nan,nan,23.97112798690796,4.097999572753906,0.01870039477944374,4.097999572753906,15.756428446620703,6.222675561904907,4696.996567624921,1.4470324516296387,0.00015320693600000002,16,2048,,7792.611570596695
adammini-softmax_fisher_projector-r8,adammini,softmax_fisher_projector,8,1.1B,sdpa,666,1117,36634624,2.485234260559082,12.003931973296215,nan,nan,nan,nan,23.97112798690796,4.097999572753906,0.01870039477944374,4.097999572753906,15.756428446620703,6.219297170639038,4697.450611610732,1.452683687210083,0.000152806944,16,2048,,7798.834030151367
adammini-softmax_fisher_projector-r8,adammini,softmax_fisher_projector,8,1.1B,sdpa,666,1118,36667392,2.256009340286255,9.544922524585482,nan,nan,nan,nan,23.97112798690796,4.097999572753906,0.01870039477944374,4.097999572753906,15.756428446620703,6.226072788238525,4697.8998741653695,1.4047728776931763,0.000152406952,16,2048,,7805.063269615173
adammini-softmax_fisher_projector-r8,adammini,softmax_fisher_projector,8,1.1B,sdpa,666,1119,36700160,2.4010024070739746,11.034231630627911,nan,nan,nan,nan,23.97112798690796,4.097999572753906,0.01870039477944374,4.097999572753906,15.756428446620703,6.229934215545654,4698.346091434774,1.4314631223678589,0.00015200696000000003,16,2048,,7811.296295404434
adammini-softmax_fisher_projector-r8,adammini,softmax_fisher_projector,8,1.1B,sdpa,666,1120,36732928,2.3242413997650146,10.21892506572672,nan,nan,nan,nan,23.97112798690796,4.097999572753906,0.01870039477944374,4.097999572753906,15.756428446620703,6.232303142547607,4698.790205668263,1.4094955921173096,0.00015160696800000002,16,2048,,7817.53199839592
adammini-softmax_fisher_projector-r8,adammini,softmax_fisher_projector,8,1.1B,sdpa,666,1121,36765696,2.2080469131469727,9.09792998205379,nan,nan,nan,nan,23.97112798690796,4.097999572753906,0.01870039477944374,4.097999572753906,15.756428446620703,6.217857360839844,4699.242131431969,1.4258214235305786,0.00015120697600000003,16,2048,,7823.75298166275
adammini-softmax_fisher_projector-r8,adammini,softmax_fisher_projector,8,1.1B,sdpa,666,1122,36798464,2.549467086791992,12.80028052616416,nan,nan,nan,nan,23.97112798690796,4.097999572753906,0.01870039477944374,4.097999572753906,15.756428446620703,6.225329637527466,4699.688947358155,1.5843605995178223,0.00015080698400000002,16,2048,,7829.981648445129
adammini-softmax_fisher_projector-r8,adammini,softmax_fisher_projector,8,1.1B,sdpa,666,1123,36831232,2.4605519771575928,11.71127411201684,nan,nan,nan,nan,23.97112798690796,4.097999572753906,0.01870039477944374,4.097999572753906,15.756428446620703,6.215811729431152,4700.14068945029,1.4744274616241455,0.000150406992,16,2048,,7836.200803756714
adammini-softmax_fisher_projector-r8,adammini,softmax_fisher_projector,8,1.1B,sdpa,666,1124,36864000,2.3324825763702393,10.303489006483874,nan,nan,nan,nan,23.97112798690796,4.097999572753906,0.01870039477944374,4.097999572753906,15.756428446620703,6.228652715682983,4700.584053739646,1.4268126487731934,0.00015000700000000004,16,2048,,7842.432693243027
adammini-softmax_fisher_projector-r8,adammini,softmax_fisher_projector,8,1.1B,sdpa,666,1125,36896768,2.4262351989746094,11.316198547019129,nan,nan,nan,nan,23.97112798690796,4.097999572753906,0.01870039477944374,4.097999572753906,15.756428446620703,6.2369701862335205,4701.021760126621,1.5022467374801636,0.00014960700800000003,16,2048,,7848.672774553299
adammini-softmax_fisher_projector-r8,adammini,softmax_fisher_projector,8,1.1B,sdpa,666,1126,36929536,2.2438645362854004,9.429702390501879,nan,nan,nan,nan,23.97112798690796,4.097999572753906,0.01870039477944374,4.097999572753906,15.756428446620703,6.2140257358551025,4701.472573708821,1.7377469539642334,0.00014920701600000001,16,2048,,7854.889994382858
adammini-softmax_fisher_projector-r8,adammini,softmax_fisher_projector,8,1.1B,sdpa,666,1127,36962304,2.2588531970977783,9.572105551520368,nan,nan,nan,nan,23.97112798690796,4.097999572753906,0.01870039477944374,4.097999572753906,15.756428446620703,6.22581148147583,4701.915577250115,1.4282711744308472,0.00014880702399999997,16,2048,,7861.11879491806
adammini-softmax_fisher_projector-r8,adammini,softmax_fisher_projector,8,1.1B,sdpa,666,1128,36995072,2.3755898475646973,10.757356515637023,nan,nan,nan,nan,23.97112798690796,4.097999572753906,0.01870039477944374,4.097999572753906,15.756428446620703,6.22147011756897,4702.360574189293,1.400736927986145,0.00014840703199999998,16,2048,,7867.343535900116
adammini-softmax_fisher_projector-r8,adammini,softmax_fisher_projector,8,1.1B,sdpa,666,1129,37027840,2.738295555114746,15.460610866899762,nan,nan,nan,nan,23.97112798690796,4.097999572753906,0.01870039477944374,4.097999572753906,15.756428446620703,6.2647199630737305,4702.778913634429,2.241497039794922,0.00014800704000000002,16,2048,,7873.6112422943115
adammini-softmax_fisher_projector-r8,adammini,softmax_fisher_projector,8,1.1B,sdpa,666,1130,37060608,2.1182565689086914,8.31662537767345,nan,nan,nan,nan,23.97112798690796,4.097999572753906,0.01870039477944374,4.097999572753906,15.756428446620703,6.1936094760894775,4703.239130678022,2.318629503250122,0.000147607048,16,2048,,7879.808254480362
adammini-softmax_fisher_projector-r8,adammini,softmax_fisher_projector,8,1.1B,sdpa,666,1131,37093376,2.3153181076049805,10.128144246060794,nan,nan,nan,nan,23.97112798690796,4.097999572753906,0.01870039477944374,4.097999572753906,15.756428446620703,6.21556282043457,4703.685346294234,1.4299184083938599,0.000147207056,16,2048,,7886.027009010315
adammini-softmax_fisher_projector-r8,adammini,softmax_fisher_projector,8,1.1B,sdpa,666,1132,37126144,2.32714581489563,10.248648209586174,nan,nan,nan,nan,23.97112798690796,4.097999572753906,0.01870039477944374,4.097999572753906,15.756428446620703,6.201354503631592,4704.139460373014,1.4521127939224243,0.00014680706399999998,16,2048,,7892.231419086456
adammini-softmax_fisher_projector-r8,adammini,softmax_fisher_projector,8,1.1B,sdpa,666,1133,37158912,2.245736837387085,9.4473741709608,nan,nan,nan,nan,23.97112798690796,4.097999572753906,0.01870039477944374,4.097999572753906,15.756428446620703,6.2232184410095215,4704.579891484708,1.3703047037124634,0.00014640707199999997,16,2048,,7898.457688570023
adammini-softmax_fisher_projector-r8,adammini,softmax_fisher_projector,8,1.1B,sdpa,666,1134,37191680,2.903414249420166,18.236302484298413,nan,nan,nan,nan,23.97112798690796,4.097999572753906,0.01870039477944374,4.097999572753906,15.756428446620703,6.249375581741333,4705.0040618523235,3.3842568397521973,0.00014600708000000003,16,2048,,7904.710161447525
adammini-softmax_fisher_projector-r8,adammini,softmax_fisher_projector,8,1.1B,sdpa,666,1135,37224448,2.575202465057373,13.133976060530186,nan,nan,nan,nan,23.97112798690796,4.097999572753906,0.01870039477944374,4.097999572753906,15.756428446620703,6.179943799972534,4705.468830807068,1.8866679668426514,0.00014560708800000002,16,2048,,7910.893147468567
adammini-softmax_fisher_projector-r8,adammini,softmax_fisher_projector,8,1.1B,sdpa,666,1136,37257216,2.3050057888031006,10.024236280587056,nan,nan,nan,nan,23.97112798690796,4.097999572753906,0.01870039477944374,4.097999572753906,15.756428446620703,6.220371723175049,4705.90888511928,1.4496058225631714,0.000145207096,16,2048,,7917.116685628891
adammini-softmax_fisher_projector-r8,adammini,softmax_fisher_projector,8,1.1B,sdpa,666,1137,37289984,2.251502752304077,9.502004271523841,nan,nan,nan,nan,23.97112798690796,4.097999572753906,0.01870039477944374,4.097999572753906,15.756428446620703,6.224954128265381,4706.345450360097,1.6342569589614868,0.000144807104,16,2048,,7923.344834566116
adammini-softmax_fisher_projector-r8,adammini,softmax_fisher_projector,8,1.1B,sdpa,666,1138,37322752,2.441648244857788,11.49196671623684,nan,nan,nan,nan,23.97112798690796,4.097999572753906,0.01870039477944374,4.097999572753906,15.756428446620703,6.226250648498535,4706.780535756287,1.4470186233520508,0.00014440711199999997,16,2048,,7929.5740377902985
adammini-softmax_fisher_projector-r8,adammini,softmax_fisher_projector,8,1.1B,sdpa,666,1139,37355520,2.41243314743042,11.161084698436492,nan,nan,nan,nan,23.97112798690796,4.097999572753906,0.01870039477944374,4.097999572753906,15.756428446620703,6.223567724227905,4707.216604729901,1.4313596487045288,0.00014400712000000001,16,2048,,7935.8009350299835
adammini-softmax_fisher_projector-r8,adammini,softmax_fisher_projector,8,1.1B,sdpa,666,1140,37388288,2.453780174255371,11.632235590681418,nan,nan,nan,nan,23.97112798690796,4.097999572753906,0.01870039477944374,4.097999572753906,15.756428446620703,6.222309350967407,4707.6526640481725,1.4534450769424438,0.000143607128,16,2048,,7942.0266370773315
adammini-softmax_fisher_projector-r8,adammini,softmax_fisher_projector,8,1.1B,sdpa,666,1141,37421056,2.4782638549804688,11.920550637369512,nan,nan,nan,nan,23.97112798690796,4.097999572753906,0.01870039477944374,4.097999572753906,15.756428446620703,6.2515342235565186,4708.0706242661745,1.8357863426208496,0.000143207136,16,2048,,7948.281369447708
adammini-softmax_fisher_projector-r8,adammini,softmax_fisher_projector,8,1.1B,sdpa,666,1142,37453824,2.3748655319213867,10.749567615183826,nan,nan,nan,nan,23.97112798690796,4.097999572753906,0.01870039477944374,4.097999572753906,15.756428446620703,6.237413644790649,4708.496376115771,1.437187910079956,0.000142807144,16,2048,,7954.521983385086
adammini-softmax_fisher_projector-r8,adammini,softmax_fisher_projector,8,1.1B,sdpa,666,1143,37486592,2.6955318450927734,14.813395090092508,nan,nan,nan,nan,23.97112798690796,4.097999572753906,0.01870039477944374,4.097999572753906,15.756428446620703,6.213797569274902,4708.9354364211795,1.8084781169891357,0.00014240715200000004,16,2048,,7960.739014863968
adammini-softmax_fisher_projector-r8,adammini,softmax_fisher_projector,8,1.1B,sdpa,666,1144,37519360,2.390028715133667,10.913807329978775,nan,nan,nan,nan,23.97112798690796,4.097999572753906,0.01870039477944374,4.097999572753906,15.756428446620703,6.217101812362671,4709.3718102457115,1.4793821573257446,0.00014200716000000002,16,2048,,7966.959458112717
adammini-softmax_fisher_projector-r8,adammini,softmax_fisher_projector,8,1.1B,sdpa,666,1145,37552128,2.179380178451538,8.840824826407854,nan,nan,nan,nan,23.97112798690796,4.097999572753906,0.01870039477944374,4.097999572753906,15.756428446620703,6.212247133255005,4709.810376227217,1.4338066577911377,0.000141607168,16,2048,,7973.174983501434
adammini-softmax_fisher_projector-r8,adammini,softmax_fisher_projector,8,1.1B,sdpa,666,1146,37584896,2.3002591133117676,9.976767233123534,nan,nan,nan,nan,23.97112798690796,4.097999572753906,0.01870039477944374,4.097999572753906,15.756428446620703,6.225882530212402,4710.240214624646,2.079024314880371,0.000141207176,16,2048,,7979.403996229172
adammini-softmax_fisher_projector-r8,adammini,softmax_fisher_projector,8,1.1B,sdpa,666,1147,37617664,2.4233953952789307,11.284108351058716,nan,nan,nan,nan,23.97112798690796,4.097999572753906,0.01870039477944374,4.097999572753906,15.756428446620703,6.2240447998046875,4710.670502363481,1.5877745151519775,0.00014080718399999998,16,2048,,7985.631350517273
adammini-softmax_fisher_projector-r8,adammini,softmax_fisher_projector,8,1.1B,sdpa,666,1148,37650432,2.5355184078216553,12.622973000074774,nan,nan,nan,nan,23.97112798690796,4.097999572753906,0.01870039477944374,4.097999572753906,15.756428446620703,6.21687912940979,4711.104297239495,1.570928692817688,0.00014040719200000005,16,2048,,7991.851587295532
adammini-softmax_fisher_projector-r8,adammini,softmax_fisher_projector,8,1.1B,sdpa,666,1149,37683200,2.256922960281372,9.553646941449777,nan,nan,nan,nan,23.97112798690796,4.097999572753906,0.01870039477944374,4.097999572753906,15.756428446620703,6.222598314285278,4711.534051252323,1.530179738998413,0.00014000720000000003,16,2048,,7998.077424764633
adammini-softmax_fisher_projector-r8,adammini,softmax_fisher_projector,8,1.1B,sdpa,666,1150,37715968,2.404954433441162,11.0779254877421,2.4683125471387872,11.802513852608074,nan,nan,23.97112798690796,4.097999572753906,0.01870039477944374,4.097999572753906,15.756428446620703,6.235938310623169,4711.955313517226,1.6852307319641113,0.00013960720800000002,16,2048,,8022.467555522919
adammini-softmax_fisher_projector-r8,adammini,softmax_fisher_projector,8,1.1B,sdpa,666,1151,37748736,2.5850119590759277,13.263447707597779,nan,nan,nan,nan,23.97112798690796,4.097999572753906,0.01870039477944374,4.097999572753906,15.756428446620703,6.2774388790130615,4701.69795085146,1.8668091297149658,0.000139207216,16,2048,,8028.748366832733
adammini-softmax_fisher_projector-r8,adammini,softmax_fisher_projector,8,1.1B,sdpa,666,1152,37781504,2.5077779293060303,12.277617991943183,nan,nan,nan,nan,23.97112798690796,4.097999572753906,0.01870039477944374,4.097999572753906,15.756428446620703,6.188601016998291,4702.152987494991,1.585463285446167,0.000138807224,16,2048,,8034.940201282501
adammini-softmax_fisher_projector-r8,adammini,softmax_fisher_projector,8,1.1B,sdpa,666,1153,37814272,2.404294490814209,11.070617104316655,nan,nan,nan,nan,23.97112798690796,4.097999572753906,0.01870039477944374,4.097999572753906,15.756428446620703,6.2184226512908936,4702.589844686104,1.6528327465057373,0.00013840723200000003,16,2048,,8041.161763906479
adammini-softmax_fisher_projector-r8,adammini,softmax_fisher_projector,8,1.1B,sdpa,666,1154,37847040,2.355072021484375,10.53888786071042,nan,nan,nan,nan,23.97112798690796,4.097999572753906,0.01870039477944374,4.097999572753906,15.756428446620703,6.2159435749053955,4703.027522712863,1.427211046218872,0.00013800724000000004,16,2048,,8047.38096165657
adammini-softmax_fisher_projector-r8,adammini,softmax_fisher_projector,8,1.1B,sdpa,666,1155,37879808,2.4500982761383057,11.589485633151416,nan,nan,nan,nan,23.97112798690796,4.097999572753906,0.01870039477944374,4.097999572753906,15.756428446620703,6.213029623031616,4703.466119927204,1.430410623550415,0.00013760724800000002,16,2048,,8053.597242832184
adammini-softmax_fisher_projector-r8,adammini,softmax_fisher_projector,8,1.1B,sdpa,666,1156,37912576,2.6668596267700195,14.394693428715728,nan,nan,nan,nan,23.97112798690796,4.097999572753906,0.01870039477944374,4.097999572753906,15.756428446620703,6.241671085357666,4703.887382522174,1.6898244619369507,0.000137207256,16,2048,,8059.8420486450195
adammini-softmax_fisher_projector-r8,adammini,softmax_fisher_projector,8,1.1B,sdpa,666,1157,37945344,2.3149068355560303,10.12397967986819,nan,nan,nan,nan,23.97112798690796,4.097999572753906,0.01870039477944374,4.097999572753906,15.756428446620703,6.1916868686676025,4704.3372388340795,1.5641982555389404,0.000136807264,16,2048,,8066.037035942078
adammini-softmax_fisher_projector-r8,adammini,softmax_fisher_projector,8,1.1B,sdpa,666,1158,37978112,2.445284843444824,11.533834468121832,nan,nan,nan,nan,23.97112798690796,4.097999572753906,0.01870039477944374,4.097999572753906,15.756428446620703,6.238023996353149,4704.759259772173,1.7420964241027832,0.00013640727200000003,16,2048,,8072.2783579826355
adammini-softmax_fisher_projector-r8,adammini,softmax_fisher_projector,8,1.1B,sdpa,666,1159,38010880,2.4906668663024902,12.06932206153979,nan,nan,nan,nan,23.97112798690796,4.097999572753906,0.01870039477944374,4.097999572753906,15.756428446620703,6.243674278259277,4705.177343411927,1.6140722036361694,0.00013600728000000002,16,2048,,8078.525321006775
adammini-softmax_fisher_projector-r8,adammini,softmax_fisher_projector,8,1.1B,sdpa,666,1160,38043648,2.286242961883545,9.837906770737028,nan,nan,nan,nan,23.97112798690796,4.097999572753906,0.01870039477944374,4.097999572753906,15.756428446620703,6.197747707366943,4705.621523225394,1.5383424758911133,0.000135607288,16,2048,,8084.726379394531
adammini-softmax_fisher_projector-r8,adammini,softmax_fisher_projector,8,1.1B,sdpa,666,1161,38076416,2.4560556411743164,11.658734495217999,nan,nan,nan,nan,23.97112798690796,4.097999572753906,0.01870039477944374,4.097999572753906,15.756428446620703,6.2279698848724365,4706.047418222005,1.460173487663269,0.00013520729600000002,16,2048,,8090.9575662612915
adammini-softmax_fisher_projector-r8,adammini,softmax_fisher_projector,8,1.1B,sdpa,666,1162,38109184,2.6095387935638428,13.59278032816652,nan,nan,nan,nan,23.97112798690796,4.097999572753906,0.01870039477944374,4.097999572753906,15.756428446620703,6.273523807525635,4706.446244731285,1.8410860300064087,0.000134807304,16,2048,,8097.2343628406525
adammini-softmax_fisher_projector-r8,adammini,softmax_fisher_projector,8,1.1B,sdpa,666,1163,38141952,1.4706634283065796,4.3521215041089,nan,nan,nan,nan,23.97112798690796,4.097999572753906,0.01870039477944374,4.097999572753906,15.756428446620703,6.126047611236572,4706.930080326198,1.7342966794967651,0.00013440731200000004,16,2048,,8103.3634650707245
adammini-softmax_fisher_projector-r8,adammini,softmax_fisher_projector,8,1.1B,sdpa,666,1164,38174720,2.1395039558410645,8.49522257800819,nan,nan,nan,nan,23.97112798690796,4.097999572753906,0.01870039477944374,4.097999572753906,15.756428446620703,6.1920764446258545,4707.374977946032,1.4471737146377563,0.00013400732000000003,16,2048,,8109.558734893799
adammini-softmax_fisher_projector-r8,adammini,softmax_fisher_projector,8,1.1B,sdpa,666,1165,38207488,2.390685796737671,10.920980948573249,nan,nan,nan,nan,23.97112798690796,4.097999572753906,0.01870039477944374,4.097999572753906,15.756428446620703,6.231534957885742,4707.796233754559,1.495889663696289,0.000133607328,16,2048,,8115.793394565582
adammini-softmax_fisher_projector-r8,adammini,softmax_fisher_projector,8,1.1B,sdpa,666,1166,38240256,2.495877981185913,12.13238084595201,nan,nan,nan,nan,23.97112798690796,4.097999572753906,0.01870039477944374,4.097999572753906,15.756428446620703,6.221231460571289,4708.222849338631,1.493329644203186,0.00013320733599999997,16,2048,,8122.017829418182
adammini-softmax_fisher_projector-r8,adammini,softmax_fisher_projector,8,1.1B,sdpa,666,1167,38273024,2.770172357559204,15.961384838056402,nan,nan,nan,nan,23.97112798690796,4.097999572753906,0.01870039477944374,4.097999572753906,15.756428446620703,6.220822811126709,4708.649009324247,1.6968867778778076,0.00013280734399999998,16,2048,,8128.241797685623
adammini-softmax_fisher_projector-r8,adammini,softmax_fisher_projector,8,1.1B,sdpa,666,1168,38305792,2.183338165283203,8.875886034780953,nan,nan,nan,nan,23.97112798690796,4.097999572753906,0.01870039477944374,4.097999572753906,15.756428446620703,6.224775552749634,4709.072214276279,1.4333598613739014,0.00013240735200000002,16,2048,,8134.469809055328
adammini-softmax_fisher_projector-r8,adammini,softmax_fisher_projector,8,1.1B,sdpa,666,1169,38338560,2.3207995891571045,10.183813918654012,nan,nan,nan,nan,23.97112798690796,4.097999572753906,0.01870039477944374,4.097999572753906,15.756428446620703,6.2243475914001465,4709.495019129838,1.6796526908874512,0.00013200736,16,2048,,8140.697474241257
adammini-softmax_fisher_projector-r8,adammini,softmax_fisher_projector,8,1.1B,sdpa,666,1170,38371328,2.4387242794036865,11.458413680423023,nan,nan,nan,nan,23.97112798690796,4.097999572753906,0.01870039477944374,4.097999572753906,15.756428446620703,6.242908716201782,4709.906420277541,1.4221910238265991,0.000131607368,16,2048,,8146.943801879883
adammini-softmax_fisher_projector-r8,adammini,softmax_fisher_projector,8,1.1B,sdpa,666,1171,38404096,2.4868133068084717,12.022901710160927,nan,nan,nan,nan,23.97112798690796,4.097999572753906,0.01870039477944374,4.097999572753906,15.756428446620703,6.219103097915649,4710.330876634777,1.5407379865646362,0.00013120737599999998,16,2048,,8153.166059970856
adammini-softmax_fisher_projector-r8,adammini,softmax_fisher_projector,8,1.1B,sdpa,666,1172,38436864,2.5129969120025635,12.341862166593378,nan,nan,nan,nan,23.97112798690796,4.097999572753906,0.01870039477944374,4.097999572753906,15.756428446620703,6.209063529968262,4710.760598455268,1.5152325630187988,0.00013080738400000002,16,2048,,8159.378315210342
adammini-softmax_fisher_projector-r8,adammini,softmax_fisher_projector,8,1.1B,sdpa,666,1173,38469632,2.317389488220215,10.149145230727719,nan,nan,nan,nan,23.97112798690796,4.097999572753906,0.01870039477944374,4.097999572753906,15.756428446620703,6.207496404647827,4711.190564811013,1.7937301397323608,0.000130407392,16,2048,,8165.588873624802
adammini-softmax_fisher_projector-r8,adammini,softmax_fisher_projector,8,1.1B,sdpa,666,1174,38502400,2.476688861846924,11.901790629287548,nan,nan,nan,nan,23.97112798690796,4.097999572753906,0.01870039477944374,4.097999572753906,15.756428446620703,6.199004650115967,4711.624840791283,2.4690399169921875,0.00013000740000000002,16,2048,,8171.7911105155945
adammini-softmax_fisher_projector-r8,adammini,softmax_fisher_projector,8,1.1B,sdpa,666,1175,38535168,2.556936502456665,12.896249110471082,nan,nan,nan,nan,23.97112798690796,4.097999572753906,0.01870039477944374,4.097999572753906,15.756428446620703,6.221763610839844,4712.045267332201,1.709206461906433,0.000129607408,16,2048,,8178.015925645828
adammini-softmax_fisher_projector-r8,adammini,softmax_fisher_projector,8,1.1B,sdpa,666,1176,38567936,2.1364946365356445,8.469696168522717,nan,nan,nan,nan,23.97112798690796,4.097999572753906,0.01870039477944374,4.097999572753906,15.756428446620703,6.207016706466675,4712.473587572075,1.5335979461669922,0.000129207416,16,2048,,8184.2262053489685
adammini-softmax_fisher_projector-r8,adammini,softmax_fisher_projector,8,1.1B,sdpa,666,1177,38600704,2.4831974506378174,11.979507128386102,nan,nan,nan,nan,23.97112798690796,4.097999572753906,0.01870039477944374,4.097999572753906,15.756428446620703,6.220121622085571,4712.893661284155,1.51304292678833,0.00012880742400000003,16,2048,,8190.4496014118195
adammini-softmax_fisher_projector-r8,adammini,softmax_fisher_projector,8,1.1B,sdpa,666,1178,38633472,2.3710854053497314,10.709009594529308,nan,nan,nan,nan,23.97112798690796,4.097999572753906,0.01870039477944374,4.097999572753906,15.756428446620703,6.206862449645996,4713.320729056062,1.4822142124176025,0.00012840743200000001,16,2048,,8196.65970659256
adammini-softmax_fisher_projector-r8,adammini,softmax_fisher_projector,8,1.1B,sdpa,666,1179,38666240,2.2034873962402344,9.056542242235468,nan,nan,nan,nan,23.97112798690796,4.097999572753906,0.01870039477944374,4.097999572753906,15.756428446620703,6.242890357971191,4713.726437526659,1.3762282133102417,0.00012800744,16,2048,,8202.905637025833
adammini-softmax_fisher_projector-r8,adammini,softmax_fisher_projector,8,1.1B,sdpa,666,1180,38699008,2.2563083171844482,9.547776662554776,nan,nan,nan,nan,23.97112798690796,4.097999572753906,0.01870039477944374,4.097999572753906,15.756428446620703,6.2278735637664795,4714.140261875972,1.9195815324783325,0.000127607448,16,2048,,8209.136762142181
adammini-softmax_fisher_projector-r8,adammini,softmax_fisher_projector,8,1.1B,sdpa,666,1181,38731776,2.275550127029419,9.733272076046145,nan,nan,nan,nan,23.97112798690796,4.097999572753906,0.01870039477944374,4.097999572753906,15.756428446620703,6.223529100418091,4714.555855608256,1.317389965057373,0.000127207456,16,2048,,8215.36343717575
adammini-softmax_fisher_projector-r8,adammini,softmax_fisher_projector,8,1.1B,sdpa,666,1182,38764544,2.4983932971954346,12.162936029588986,nan,nan,nan,nan,23.97112798690796,4.097999572753906,0.01870039477944374,4.097999572753906,15.756428446620703,6.224009037017822,4714.970557443396,1.9232871532440186,0.00012680746400000004,16,2048,,8221.59071278572
adammini-softmax_fisher_projector-r8,adammini,softmax_fisher_projector,8,1.1B,sdpa,666,1183,38797312,2.336501121520996,10.344977347821303,nan,nan,nan,nan,23.97112798690796,4.097999572753906,0.01870039477944374,4.097999572753906,15.756428446620703,6.205054044723511,4715.395463715461,1.5261096954345703,0.00012640747200000002,16,2048,,8227.799016475677
adammini-softmax_fisher_projector-r8,adammini,softmax_fisher_projector,8,1.1B,sdpa,666,1184,38830080,2.4439637660980225,11.518607440939144,nan,nan,nan,nan,23.97112798690796,4.097999572753906,0.01870039477944374,4.097999572753906,15.756428446620703,6.206246852874756,4715.819046638406,1.5581632852554321,0.00012600748,16,2048,,8234.008262395859
adammini-softmax_fisher_projector-r8,adammini,softmax_fisher_projector,8,1.1B,sdpa,666,1185,38862848,2.36352801322937,10.628382458987819,nan,nan,nan,nan,23.97112798690796,4.097999572753906,0.01870039477944374,4.097999572753906,15.756428446620703,6.214809417724609,4716.23715525653,1.49862802028656,0.000125607488,16,2048,,8240.226410627365
adammini-softmax_fisher_projector-r8,adammini,softmax_fisher_projector,8,1.1B,sdpa,666,1186,38895616,2.2659189701080322,9.639979384743015,nan,nan,nan,nan,23.97112798690796,4.097999572753906,0.01870039477944374,4.097999572753906,15.756428446620703,6.210929870605469,4716.656810991267,1.6512566804885864,0.00012520749599999998,16,2048,,8246.440565347672
adammini-softmax_fisher_projector-r8,adammini,softmax_fisher_projector,8,1.1B,sdpa,666,1187,38928384,2.3245677947998047,10.222261016518337,nan,nan,nan,nan,23.97112798690796,4.097999572753906,0.01870039477944374,4.097999572753906,15.756428446620703,6.223515748977661,4717.068625609179,1.4550633430480957,0.00012480750400000002,16,2048,,8252.667189836502
adammini-softmax_fisher_projector-r8,adammini,softmax_fisher_projector,8,1.1B,sdpa,666,1188,38961152,2.35737681388855,10.563205822562228,nan,nan,nan,nan,23.97112798690796,4.097999572753906,0.01870039477944374,4.097999572753906,15.756428446620703,6.219392538070679,4717.4822516528175,1.4198731184005737,0.000124407512,16,2048,,8258.889724969864
adammini-softmax_fisher_projector-r8,adammini,softmax_fisher_projector,8,1.1B,sdpa,666,1189,38993920,2.5475213527679443,12.775398799288263,nan,nan,nan,nan,23.97112798690796,4.097999572753906,0.01870039477944374,4.097999572753906,15.756428446620703,6.195073127746582,4717.909104425816,1.5646976232528687,0.00012400752,16,2048,,8265.08792924881
adammini-softmax_fisher_projector-r8,adammini,softmax_fisher_projector,8,1.1B,sdpa,666,1190,39026688,2.4788053035736084,11.9270067504105,nan,nan,nan,nan,23.97112798690796,4.097999572753906,0.01870039477944374,4.097999572753906,15.756428446620703,6.221174240112305,4718.320440697396,1.4278630018234253,0.00012360752799999997,16,2048,,8271.312383413315
adammini-softmax_fisher_projector-r8,adammini,softmax_fisher_projector,8,1.1B,sdpa,666,1191,39059456,2.330517530441284,10.283262057308418,nan,nan,nan,nan,23.97112798690796,4.097999572753906,0.01870039477944374,4.097999572753906,15.756428446620703,6.219940662384033,4718.731796067741,1.4261554479599,0.00012320753599999996,16,2048,,8277.535484313965
adammini-softmax_fisher_projector-r8,adammini,softmax_fisher_projector,8,1.1B,sdpa,666,1192,39092224,2.4373209476470947,11.44234500210546,nan,nan,nan,nan,23.97112798690796,4.097999572753906,0.01870039477944374,4.097999572753906,15.756428446620703,6.235514402389526,4719.133694385583,1.4107630252838135,0.00012280754400000003,16,2048,,8283.774101734161
adammini-softmax_fisher_projector-r8,adammini,softmax_fisher_projector,8,1.1B,sdpa,666,1193,39124992,2.23457407951355,9.34250184174371,nan,nan,nan,nan,23.97112798690796,4.097999572753906,0.01870039477944374,4.097999572753906,15.756428446620703,6.215979337692261,4719.546109079812,1.4392281770706177,0.000122407552,16,2048,,8289.993386507034
adammini-softmax_fisher_projector-r8,adammini,softmax_fisher_projector,8,1.1B,sdpa,666,1194,39157760,2.427574872970581,11.33136872322225,nan,nan,nan,nan,23.97112798690796,4.097999572753906,0.01870039477944374,4.097999572753906,15.756428446620703,6.201523065567017,4719.966078110784,2.1143434047698975,0.00012200755999999998,16,2048,,8296.198237419128
adammini-softmax_fisher_projector-r8,adammini,softmax_fisher_projector,8,1.1B,sdpa,666,1195,39190528,2.1270906925201416,8.390420953984187,nan,nan,nan,nan,23.97112798690796,4.097999572753906,0.01870039477944374,4.097999572753906,15.756428446620703,6.201997756958008,4720.384816873961,1.5156396627426147,0.00012160756799999998,16,2048,,8302.40402674675
adammini-softmax_fisher_projector-r8,adammini,softmax_fisher_projector,8,1.1B,sdpa,666,1196,39223296,2.288532257080078,9.86045444274237,nan,nan,nan,nan,23.97112798690796,4.097999572753906,0.01870039477944374,4.097999572753906,15.756428446620703,6.2050158977508545,4720.8015967249785,1.7888187170028687,0.00012120757599999997,16,2048,,8308.612087965012
adammini-softmax_fisher_projector-r8,adammini,softmax_fisher_projector,8,1.1B,sdpa,666,1197,39256064,2.306959390640259,10.043838788514156,nan,nan,nan,nan,23.97112798690796,4.097999572753906,0.01870039477944374,4.097999572753906,15.756428446620703,6.203541278839111,4721.218660545455,1.5301388502120972,0.00012080758400000001,16,2048,,8314.818899393082
adammini-softmax_fisher_projector-r8,adammini,softmax_fisher_projector,8,1.1B,sdpa,666,1198,39288832,2.286144971847534,9.836942801128773,nan,nan,nan,nan,23.97112798690796,4.097999572753906,0.01870039477944374,4.097999572753906,15.756428446620703,6.206492185592651,4721.633331965127,1.4202818870544434,0.000120407592,16,2048,,8321.02848315239
adammini-softmax_fisher_projector-r8,adammini,softmax_fisher_projector,8,1.1B,sdpa,666,1199,39321600,2.4921624660491943,12.08738644173191,nan,nan,nan,nan,23.97112798690796,4.097999572753906,0.01870039477944374,4.097999572753906,15.756428446620703,6.27875828742981,4722.006483899038,2.5836021900177,0.00012000759999999999,16,2048,,8327.310473918915
adammini-softmax_fisher_projector-r8,adammini,softmax_fisher_projector,8,1.1B,sdpa,666,1200,39354368,2.457002639770508,11.669780529882486,2.469475329374076,11.81624558800945,nan,nan,23.97112798690796,4.097999572753906,0.01870039477944374,4.097999572753906,15.756428446620703,6.144018888473511,4722.455355682427,2.16892671585083,0.00011960760799999998,16,2048,,8345.48378276825
adammini-softmax_fisher_projector-r8,adammini,softmax_fisher_projector,8,1.1B,sdpa,666,1201,39387136,2.4730381965637207,11.858420388712599,nan,nan,nan,nan,23.97112798690796,4.097999572753906,0.01870039477944374,4.097999572753906,15.756428446620703,6.235558748245239,4716.050726893212,1.7511343955993652,0.00011920761599999996,16,2048,,8351.723050117493
adammini-softmax_fisher_projector-r8,adammini,softmax_fisher_projector,8,1.1B,sdpa,666,1202,39419904,2.406348705291748,11.093381900128968,nan,nan,nan,nan,23.97112798690796,4.097999572753906,0.01870039477944374,4.097999572753906,15.756428446620703,6.209515571594238,4716.465762746781,1.533543586730957,0.00011880762400000002,16,2048,,8357.935782670975
adammini-softmax_fisher_projector-r8,adammini,softmax_fisher_projector,8,1.1B,sdpa,666,1203,39452672,2.3935389518737793,10.952184694854672,nan,nan,nan,nan,23.97112798690796,4.097999572753906,0.01870039477944374,4.097999572753906,15.756428446620703,127.62970471382141,4649.386175093328,1.4994200468063354,0.000118407632,16,2048,,8485.567007541656
adammini-softmax_fisher_projector-r8,adammini,softmax_fisher_projector,8,1.1B,sdpa,666,1204,39485440,2.3868021965026855,10.878650474917391,nan,nan,nan,nan,23.97112798690796,4.097999572753906,0.01870039477944374,4.097999572753906,15.756428446620703,6.202831506729126,4649.847978683826,1.4140944480895996,0.00011800763999999999,16,2048,,8491.773132801056
adammini-softmax_fisher_projector-r8,adammini,softmax_fisher_projector,8,1.1B,sdpa,666,1205,39518208,2.3392388820648193,10.37333822355969,nan,nan,nan,nan,23.97112798690796,4.097999572753906,0.01870039477944374,4.097999572753906,15.756428446620703,6.182299375534058,4650.319374036419,1.4551562070846558,0.00011760764799999999,16,2048,,8497.958662509918
adammini-softmax_fisher_projector-r8,adammini,softmax_fisher_projector,8,1.1B,sdpa,666,1206,39550976,2.530278444290161,12.557002075463,nan,nan,nan,nan,23.97112798690796,4.097999572753906,0.01870039477944374,4.097999572753906,15.756428446620703,6.182723045349121,4650.789897965632,1.4660645723342896,0.00011720765600000003,16,2048,,8504.144588470459
adammini-softmax_fisher_projector-r8,adammini,softmax_fisher_projector,8,1.1B,sdpa,666,1207,39583744,2.2741661071777344,9.719810352066503,nan,nan,nan,nan,23.97112798690796,4.097999572753906,0.01870039477944374,4.097999572753906,15.756428446620703,6.199667453765869,4651.250481081684,1.5127465724945068,0.00011680766400000001,16,2048,,8510.347290277481
adammini-softmax_fisher_projector-r8,adammini,softmax_fisher_projector,8,1.1B,sdpa,666,1208,39616512,2.432558059692383,11.38797597449517,nan,nan,nan,nan,23.97112798690796,4.097999572753906,0.01870039477944374,4.097999572753906,15.756428446620703,6.214142799377441,4651.702546030681,1.6380622386932373,0.00011640767200000001,16,2048,,8516.564788341522
adammini-softmax_fisher_projector-r8,adammini,softmax_fisher_projector,8,1.1B,sdpa,666,1209,39649280,2.226918935775757,9.271256691129606,nan,nan,nan,nan,23.97112798690796,4.097999572753906,0.01870039477944374,4.097999572753906,15.756428446620703,6.207340717315674,4652.157531471644,1.4905987977981567,0.00011600768,16,2048,,8522.775545597076
adammini-softmax_fisher_projector-r8,adammini,softmax_fisher_projector,8,1.1B,sdpa,666,1210,39682048,2.674867868423462,14.510432426605528,nan,nan,nan,nan,23.97112798690796,4.097999572753906,0.01870039477944374,4.097999572753906,15.756428446620703,6.375271797180176,4652.520251009992,1.5674532651901245,0.00011560768799999998,16,2048,,8529.154166936874
adammini-softmax_fisher_projector-r8,adammini,softmax_fisher_projector,8,1.1B,sdpa,666,1211,39714816,2.434194326400757,11.40662499368176,nan,nan,nan,nan,23.97112798690796,4.097999572753906,0.01870039477944374,4.097999572753906,15.756428446620703,6.22538161277771,4652.964139591953,1.8379541635513306,0.00011520769600000002,16,2048,,8535.38271689415
adammini-softmax_fisher_projector-r8,adammini,softmax_fisher_projector,8,1.1B,sdpa,666,1212,39747584,2.35091495513916,10.495167940933268,nan,nan,nan,nan,23.97112798690796,4.097999572753906,0.01870039477944374,4.097999572753906,15.756428446620703,6.22157621383667,4653.409524213269,1.4250305891036987,0.000114807704,16,2048,,8541.607620716095
adammini-softmax_fisher_projector-r8,adammini,softmax_fisher_projector,8,1.1B,sdpa,666,1213,39780352,2.5569491386413574,12.896412070886278,nan,nan,nan,nan,23.97112798690796,4.097999572753906,0.01870039477944374,4.097999572753906,15.756428446620703,6.217375993728638,4653.856493215125,1.4764679670333862,0.00011440771199999999,16,2048,,8547.828215837479
adammini-softmax_fisher_projector-r8,adammini,softmax_fisher_projector,8,1.1B,sdpa,666,1214,39813120,2.4150476455688477,11.190303513227818,nan,nan,nan,nan,23.97112798690796,4.097999572753906,0.01870039477944374,4.097999572753906,15.756428446620703,6.220426321029663,4654.301193031134,1.4895225763320923,0.00011400771999999998,16,2048,,8554.051934480667
adammini-softmax_fisher_projector-r8,adammini,softmax_fisher_projector,8,1.1B,sdpa,666,1215,39845888,2.397367477416992,10.99419578265913,nan,nan,nan,nan,23.97112798690796,4.097999572753906,0.01870039477944374,4.097999572753906,15.756428446620703,6.226351261138916,4654.741995038196,2.9300501346588135,0.00011360772799999998,16,2048,,8560.281440258026
adammini-softmax_fisher_projector-r8,adammini,softmax_fisher_projector,8,1.1B,sdpa,666,1216,39878656,2.3841423988342285,10.849753912288982,nan,nan,nan,nan,23.97112798690796,4.097999572753906,0.01870039477944374,4.097999572753906,15.756428446620703,6.202056884765625,4655.1954351569975,1.8390324115753174,0.00011320773600000002,16,2048,,8566.486419200897
adammini-softmax_fisher_projector-r8,adammini,softmax_fisher_projector,8,1.1B,sdpa,666,1217,39911424,2.496865749359131,12.144370746263098,nan,nan,nan,nan,23.97112798690796,4.097999572753906,0.01870039477944374,4.097999572753906,15.756428446620703,6.221669435501099,4655.637586348237,1.485359787940979,0.000112807744,16,2048,,8572.711490154266
adammini-softmax_fisher_projector-r8,adammini,softmax_fisher_projector,8,1.1B,sdpa,666,1218,39944192,2.1112685203552246,8.258710985701539,nan,nan,nan,nan,23.97112798690796,4.097999572753906,0.01870039477944374,4.097999572753906,15.756428446620703,6.232104778289795,4656.073375355625,1.3802943229675293,0.000112407752,16,2048,,8578.94677233696
adammini-softmax_fisher_projector-r8,adammini,softmax_fisher_projector,8,1.1B,sdpa,666,1219,39976960,2.3591513633728027,10.581967395753338,nan,nan,nan,nan,23.97112798690796,4.097999572753906,0.01870039477944374,4.097999572753906,15.756428446620703,6.207306623458862,4656.521993274505,1.5555552244186401,0.00011200775999999999,16,2048,,8585.157271146774
adammini-softmax_fisher_projector-r8,adammini,softmax_fisher_projector,8,1.1B,sdpa,666,1220,40009728,2.26794171333313,9.659498321977482,nan,nan,nan,nan,23.97112798690796,4.097999572753906,0.01870039477944374,4.097999572753906,15.756428446620703,6.220590829849243,4656.9627684683,3.9035584926605225,0.00011160776799999997,16,2048,,8591.381038188934
adammini-softmax_fisher_projector-r8,adammini,softmax_fisher_projector,8,1.1B,sdpa,666,1221,40042496,2.34749698638916,10.459357020052844,nan,nan,nan,nan,23.97112798690796,4.097999572753906,0.01870039477944374,4.097999572753906,15.756428446620703,6.210969686508179,4657.408135721756,1.4106605052947998,0.00011120777600000001,16,2048,,8597.595002889633
adammini-softmax_fisher_projector-r8,adammini,softmax_fisher_projector,8,1.1B,sdpa,666,1222,40075264,2.1390509605407715,8.491375153603789,nan,nan,nan,nan,23.97112798690796,4.097999572753906,0.01870039477944374,4.097999572753906,15.756428446620703,6.211795330047607,4657.852486361369,1.5845577716827393,0.00011080778400000001,16,2048,,8603.810042858124
adammini-softmax_fisher_projector-r8,adammini,softmax_fisher_projector,8,1.1B,sdpa,666,1223,40108032,2.7289159297943115,15.316274100334265,nan,nan,nan,nan,23.97112798690796,4.097999572753906,0.01870039477944374,4.097999572753906,15.756428446620703,6.220370292663574,4658.291426437619,1.713742971420288,0.000110407792,16,2048,,8610.033637523651
adammini-softmax_fisher_projector-r8,adammini,softmax_fisher_projector,8,1.1B,sdpa,666,1224,40140800,2.6549885272979736,14.224822861240293,nan,nan,nan,nan,23.97112798690796,4.097999572753906,0.01870039477944374,4.097999572753906,15.756428446620703,6.2583653926849365,4658.709207590784,4.227560043334961,0.00011000779999999998,16,2048,,8616.295041322708
adammini-softmax_fisher_projector-r8,adammini,softmax_fisher_projector,8,1.1B,sdpa,666,1225,40173568,2.6228747367858887,13.775266986151012,nan,nan,nan,nan,23.97112798690796,4.097999572753906,0.01870039477944374,4.097999572753906,15.756428446620703,6.186121702194214,4659.165473207551,2.8146414756774902,0.00010960780799999998,16,2048,,8622.484407424927
adammini-softmax_fisher_projector-r8,adammini,softmax_fisher_projector,8,1.1B,sdpa,666,1226,40206336,2.5737998485565186,13.115567042400212,nan,nan,nan,nan,23.97112798690796,4.097999572753906,0.01870039477944374,4.097999572753906,15.756428446620703,6.218878269195557,4659.603329866322,2.365713119506836,0.00010920781600000002,16,2048,,8628.706491947174
adammini-softmax_fisher_projector-r8,adammini,softmax_fisher_projector,8,1.1B,sdpa,666,1227,40239104,2.111353635787964,8.259413959377486,nan,nan,nan,nan,23.97112798690796,4.097999572753906,0.01870039477944374,4.097999572753906,15.756428446620703,6.2181267738342285,4660.041006875645,1.8221477270126343,0.000108807824,16,2048,,8634.927827119827
adammini-softmax_fisher_projector-r8,adammini,softmax_fisher_projector,8,1.1B,sdpa,666,1228,40271872,2.263148546218872,9.613309516043348,nan,nan,nan,nan,23.97112798690796,4.097999572753906,0.01870039477944374,4.097999572753906,15.756428446620703,6.183407306671143,4660.496749225131,1.588640570640564,0.000108407832,16,2048,,8641.114370584488
adammini-softmax_fisher_projector-r8,adammini,softmax_fisher_projector,8,1.1B,sdpa,666,1229,40304640,2.4050421714782715,11.078897485819617,nan,nan,nan,nan,23.97112798690796,4.097999572753906,0.01870039477944374,4.097999572753906,15.756428446620703,6.208486080169678,4660.938360684009,1.5501623153686523,0.00010800783999999999,16,2048,,8647.326042413712
adammini-softmax_fisher_projector-r8,adammini,softmax_fisher_projector,8,1.1B,sdpa,666,1230,40337408,2.3668439388275146,10.66368388054816,nan,nan,nan,nan,23.97112798690796,4.097999572753906,0.01870039477944374,4.097999572753906,15.756428446620703,6.366907596588135,4661.293980436881,1.6041955947875977,0.00010760784799999996,16,2048,,8653.696229219437
adammini-softmax_fisher_projector-r8,adammini,softmax_fisher_projector,8,1.1B,sdpa,666,1231,40370176,2.630891799926758,13.88614804770677,nan,nan,nan,nan,23.97112798690796,4.097999572753906,0.01870039477944374,4.097999572753906,15.756428446620703,6.12964940071106,4661.776751245697,7.782006740570068,0.00010720785600000001,16,2048,,8659.829038858414
adammini-softmax_fisher_projector-r8,adammini,softmax_fisher_projector,8,1.1B,sdpa,666,1232,40402944,2.6213576793670654,13.754384958795596,nan,nan,nan,nan,23.97112798690796,4.097999572753906,0.01870039477944374,4.097999572753906,15.756428446620703,6.134619235992432,4662.256201028784,7.097520351409912,0.000106807864,16,2048,,8665.966793060303
adammini-softmax_fisher_projector-r8,adammini,softmax_fisher_projector,8,1.1B,sdpa,666,1233,40435712,2.4466171264648438,11.549211040638237,nan,nan,nan,nan,23.97112798690796,4.097999572753906,0.01870039477944374,4.097999572753906,15.756428446620703,6.187862396240234,4662.706339640977,2.388495922088623,0.00010640787199999998,16,2048,,8672.157960891724
adammini-softmax_fisher_projector-r8,adammini,softmax_fisher_projector,8,1.1B,sdpa,666,1234,40468480,2.2650294303894043,9.631408053028727,nan,nan,nan,nan,23.97112798690796,4.097999572753906,0.01870039477944374,4.097999572753906,15.756428446620703,6.21937894821167,4663.138850342549,1.6588575839996338,0.00010600787999999997,16,2048,,8678.380695581436
adammini-softmax_fisher_projector-r8,adammini,softmax_fisher_projector,8,1.1B,sdpa,666,1235,40501248,2.7703232765197754,15.963793895447084,nan,nan,nan,nan,23.97112798690796,4.097999572753906,0.01870039477944374,4.097999572753906,15.756428446620703,6.226895570755005,4663.56671075854,1.9265022277832031,0.00010560788800000002,16,2048,,8684.610742330551
adammini-softmax_fisher_projector-r8,adammini,softmax_fisher_projector,8,1.1B,sdpa,666,1236,40534016,2.411147117614746,11.14674043629041,nan,nan,nan,nan,23.97112798690796,4.097999572753906,0.01870039477944374,4.097999572753906,15.756428446620703,6.229001522064209,4663.992896656239,1.620318055152893,0.00010520789600000001,16,2048,,8690.842901945114
adammini-softmax_fisher_projector-r8,adammini,softmax_fisher_projector,8,1.1B,sdpa,666,1237,40566784,2.3929390907287598,10.945616874890097,nan,nan,nan,nan,23.97112798690796,4.097999572753906,0.01870039477944374,4.097999572753906,15.756428446620703,6.210460662841797,4664.428414218682,1.5661596059799194,0.000104807904,16,2048,,8697.056537389755
adammini-softmax_fisher_projector-r8,adammini,softmax_fisher_projector,8,1.1B,sdpa,666,1238,40599552,2.30399751663208,10.014134215780837,nan,nan,nan,nan,23.97112798690796,4.097999572753906,0.01870039477944374,4.097999572753906,15.756428446620703,6.209638595581055,4664.863745804907,1.8571642637252808,0.00010440791199999999,16,2048,,8703.269251585007
adammini-softmax_fisher_projector-r8,adammini,softmax_fisher_projector,8,1.1B,sdpa,666,1239,40632320,2.1440980434417725,8.534340160719811,nan,nan,nan,nan,23.97112798690796,4.097999572753906,0.01870039477944374,4.097999572753906,15.756428446620703,6.22202730178833,4665.291866705342,1.554593563079834,0.00010400791999999998,16,2048,,8709.494386434555
adammini-softmax_fisher_projector-r8,adammini,softmax_fisher_projector,8,1.1B,sdpa,666,1240,40665088,2.4312756061553955,11.37338078525396,nan,nan,nan,nan,23.97112798690796,4.097999572753906,0.01870039477944374,4.097999572753906,15.756428446620703,6.240080833435059,4665.709693733842,1.5742887258529663,0.00010360792800000002,16,2048,,8715.737541437149
adammini-softmax_fisher_projector-r8,adammini,softmax_fisher_projector,8,1.1B,sdpa,666,1241,40697856,2.4133527278900146,11.17135293434401,nan,nan,nan,nan,23.97112798690796,4.097999572753906,0.01870039477944374,4.097999572753906,15.756428446620703,6.189937114715576,4666.1537557776655,1.4227029085159302,0.00010320793600000002,16,2048,,8721.930796146393
adammini-softmax_fisher_projector-r8,adammini,softmax_fisher_projector,8,1.1B,sdpa,666,1242,40730624,2.5208961963653564,12.439740119350365,nan,nan,nan,nan,23.97112798690796,4.097999572753906,0.01870039477944374,4.097999572753906,15.756428446620703,6.2297937870025635,4666.575746338599,1.6927649974822998,0.000102807944,16,2048,,8728.163917064667
adammini-softmax_fisher_projector-r8,adammini,softmax_fisher_projector,8,1.1B,sdpa,666,1243,40763392,2.528933048248291,12.54011929413312,nan,nan,nan,nan,23.97112798690796,4.097999572753906,0.01870039477944374,4.097999572753906,15.756428446620703,6.229489088058472,4666.997343531897,1.5122416019439697,0.00010240795199999999,16,2048,,8734.396606683731
adammini-softmax_fisher_projector-r8,adammini,softmax_fisher_projector,8,1.1B,sdpa,666,1244,40796160,2.522522449493408,12.459986744237952,nan,nan,nan,nan,23.97112798690796,4.097999572753906,0.01870039477944374,4.097999572753906,15.756428446620703,6.235889911651611,4667.4149553453935,1.6989977359771729,0.00010200795999999997,16,2048,,8740.635644674301
adammini-softmax_fisher_projector-r8,adammini,softmax_fisher_projector,8,1.1B,sdpa,666,1245,40828928,2.292696714401245,9.901603506727213,nan,nan,nan,nan,23.97112798690796,4.097999572753906,0.01870039477944374,4.097999572753906,15.756428446620703,6.223636150360107,4667.838538327257,1.5768119096755981,0.00010160796800000003,16,2048,,8746.86246585846
adammini-softmax_fisher_projector-r8,adammini,softmax_fisher_projector,8,1.1B,sdpa,666,1246,40861696,2.3946502208709717,10.964362283192585,nan,nan,nan,nan,23.97112798690796,4.097999572753906,0.01870039477944374,4.097999572753906,15.756428446620703,6.2369890213012695,4668.254380424351,1.4618498086929321,0.00010120797600000001,16,2048,,8753.102589845657
adammini-softmax_fisher_projector-r8,adammini,softmax_fisher_projector,8,1.1B,sdpa,666,1247,40894464,2.2899489402770996,9.874433482463756,nan,nan,nan,nan,23.97112798690796,4.097999572753906,0.01870039477944374,4.097999572753906,15.756428446620703,6.233151435852051,4668.671691448182,1.5334054231643677,0.000100807984,16,2048,,8759.3390583992
adammini-softmax_fisher_projector-r8,adammini,softmax_fisher_projector,8,1.1B,sdpa,666,1248,40927232,2.3888401985168457,10.900843793829365,nan,nan,nan,nan,23.97112798690796,4.097999572753906,0.01870039477944374,4.097999572753906,15.756428446620703,6.217872142791748,4669.096454430181,1.68594491481781,0.000100407992,16,2048,,8765.560019016266
adammini-softmax_fisher_projector-r8,adammini,softmax_fisher_projector,8,1.1B,sdpa,666,1249,40960000,2.557766914367676,12.906962757093998,nan,nan,nan,nan,23.97112798690796,4.097999572753906,0.01870039477944374,4.097999572753906,15.756428446620703,6.22569465637207,4669.516518361155,1.540015697479248,0.00010000799999999997,16,2048,,8771.789006233215
adammini-softmax_fisher_projector-r8,adammini,softmax_fisher_projector,8,1.1B,sdpa,666,1250,40992768,2.4346325397491455,11.411624624386505,2.465936539532937,11.774504278583716,nan,nan,23.97112798690796,4.097999572753906,0.01870039477944374,4.097999572753906,15.756428446620703,6.220247268676758,4669.938854234122,1.4456226825714111,9.960800800000001e-05,16,2048,,8791.988589048386
adammini-softmax_fisher_projector-r8,adammini,softmax_fisher_projector,8,1.1B,sdpa,666,1251,41025536,2.417935371398926,11.222664744422737,nan,nan,nan,nan,23.97112798690796,4.097999572753906,0.01870039477944374,4.097999572753906,15.756428446620703,6.236579418182373,4662.933031300543,1.6296874284744263,9.9208016e-05,16,2048,,8798.228300333023
adammini-softmax_fisher_projector-r8,adammini,softmax_fisher_projector,8,1.1B,sdpa,666,1252,41058304,2.46220064163208,11.730597998521887,nan,nan,nan,nan,23.97112798690796,4.097999572753906,0.01870039477944374,4.097999572753906,15.756428446620703,6.226448059082031,4663.355529579704,2.0176918506622314,9.880802399999999e-05,16,2048,,8804.457932710648
adammini-softmax_fisher_projector-r8,adammini,softmax_fisher_projector,8,1.1B,sdpa,666,1253,41091072,2.330759048461914,10.28574595034651,nan,nan,nan,nan,23.97112798690796,4.097999572753906,0.01870039477944374,4.097999572753906,15.756428446620703,6.226988792419434,4663.7771078312735,1.4291070699691772,9.840803199999998e-05,16,2048,,8810.688107728958
adammini-softmax_fisher_projector-r8,adammini,softmax_fisher_projector,8,1.1B,sdpa,666,1254,41123840,2.3673884868621826,10.66949234999941,nan,nan,nan,nan,23.97112798690796,4.097999572753906,0.01870039477944374,4.097999572753906,15.756428446620703,6.22411847114563,4664.199628006842,1.4897645711898804,9.800803999999998e-05,16,2048,,8816.915423154831
adammini-softmax_fisher_projector-r8,adammini,softmax_fisher_projector,8,1.1B,sdpa,666,1255,41156608,2.561896800994873,12.960377272008028,nan,nan,nan,nan,23.97112798690796,4.097999572753906,0.01870039477944374,4.097999572753906,15.756428446620703,6.221811771392822,4664.622746437191,1.547844648361206,9.760804800000002e-05,16,2048,,8823.14045715332
adammini-softmax_fisher_projector-r8,adammini,softmax_fisher_projector,8,1.1B,sdpa,666,1256,41189376,2.30667781829834,10.041011119420006,nan,nan,nan,nan,23.97112798690796,4.097999572753906,0.01870039477944374,4.097999572753906,15.756428446620703,6.224348545074463,4665.043937116275,1.3901429176330566,9.7208056e-05,16,2048,,8829.368000268936
adammini-softmax_fisher_projector-r8,adammini,softmax_fisher_projector,8,1.1B,sdpa,666,1257,41222144,2.4861247539520264,12.014626156250731,nan,nan,nan,nan,23.97112798690796,4.097999572753906,0.01870039477944374,4.097999572753906,15.756428446620703,6.226040601730347,4665.463624995545,1.5095330476760864,9.680806399999999e-05,16,2048,,8835.597271442413
adammini-softmax_fisher_projector-r8,adammini,softmax_fisher_projector,8,1.1B,sdpa,666,1258,41254912,2.2939021587371826,9.913546535473076,nan,nan,nan,nan,23.97112798690796,4.097999572753906,0.01870039477944374,4.097999572753906,15.756428446620703,6.21682071685791,4665.887592318328,1.5053983926773071,9.640807199999999e-05,16,2048,,8841.817302942276
adammini-softmax_fisher_projector-r8,adammini,softmax_fisher_projector,8,1.1B,sdpa,666,1259,41287680,2.450559377670288,11.594830794968196,nan,nan,nan,nan,23.97112798690796,4.097999572753906,0.01870039477944374,4.097999572753906,15.756428446620703,6.226419687271118,4666.305913289363,1.5120476484298706,9.600807999999997e-05,16,2048,,8848.046891450882
adammini-softmax_fisher_projector-r8,adammini,softmax_fisher_projector,8,1.1B,sdpa,666,1260,41320448,2.2455968856811523,9.446052087345075,nan,nan,nan,nan,23.97112798690796,4.097999572753906,0.01870039477944374,4.097999572753906,15.756428446620703,6.219576835632324,4666.727275458897,1.471300721168518,9.560808800000001e-05,16,2048,,8854.26963877678
adammini-softmax_fisher_projector-r8,adammini,softmax_fisher_projector,8,1.1B,sdpa,666,1261,41353216,2.2923169136047363,9.897843583884685,nan,nan,nan,nan,23.97112798690796,4.097999572753906,0.01870039477944374,4.097999572753906,15.756428446620703,6.227466821670532,4667.143882931295,1.5654358863830566,9.520809600000001e-05,16,2048,,8860.50031709671
adammini-softmax_fisher_projector-r8,adammini,softmax_fisher_projector,8,1.1B,sdpa,666,1262,41385984,2.3988263607025146,11.010246736511535,nan,nan,nan,nan,23.97112798690796,4.097999572753906,0.01870039477944374,4.097999572753906,15.756428446620703,6.240987539291382,4667.552719913871,1.527193307876587,9.4808104e-05,16,2048,,8866.744554758072
adammini-softmax_fisher_projector-r8,adammini,softmax_fisher_projector,8,1.1B,sdpa,666,1263,41418752,2.285229206085205,9.82793858920927,nan,nan,nan,nan,23.97112798690796,4.097999572753906,0.01870039477944374,4.097999572753906,15.756428446620703,6.202005624771118,4667.981513259647,1.4334189891815186,9.440811199999998e-05,16,2048,,8872.949989318848
adammini-softmax_fisher_projector-r8,adammini,softmax_fisher_projector,8,1.1B,sdpa,666,1264,41451520,2.3125107288360596,10.099750583467028,nan,nan,nan,nan,23.97112798690796,4.097999572753906,0.01870039477944374,4.097999572753906,15.756428446620703,6.226419687271118,4668.396807902017,2.9223039150238037,9.400811999999998e-05,16,2048,,8879.17969250679
adammini-softmax_fisher_projector-r8,adammini,softmax_fisher_projector,8,1.1B,sdpa,666,1265,41484288,2.364021062850952,10.63362407101848,nan,nan,nan,nan,23.97112798690796,4.097999572753906,0.01870039477944374,4.097999572753906,15.756428446620703,6.25007438659668,4668.799136786563,1.3943452835083008,9.360812800000002e-05,16,2048,,8885.432713270187
adammini-softmax_fisher_projector-r8,adammini,softmax_fisher_projector,8,1.1B,sdpa,666,1266,41517056,2.3433632850646973,10.41621040114281,nan,nan,nan,nan,23.97112798690796,4.097999572753906,0.01870039477944374,4.097999572753906,15.756428446620703,6.242453336715698,4669.205068379036,1.4497565031051636,9.3208136e-05,16,2048,,8891.678369998932
adammini-softmax_fisher_projector-r8,adammini,softmax_fisher_projector,8,1.1B,sdpa,666,1267,41549824,2.528425693511963,12.533758618910912,nan,nan,nan,nan,23.97112798690796,4.097999572753906,0.01870039477944374,4.097999572753906,15.756428446620703,6.220423221588135,4669.621867644433,1.4999141693115234,9.280814399999998e-05,16,2048,,8897.901997804642
adammini-softmax_fisher_projector-r8,adammini,softmax_fisher_projector,8,1.1B,sdpa,666,1268,41582592,2.5466017723083496,12.763656192152432,nan,nan,nan,nan,23.97112798690796,4.097999572753906,0.01870039477944374,4.097999572753906,15.756428446620703,6.2100019454956055,4670.043543642643,1.505370855331421,9.240815199999998e-05,16,2048,,8904.115349054337
adammini-softmax_fisher_projector-r8,adammini,softmax_fisher_projector,8,1.1B,sdpa,666,1269,41615360,2.2169694900512695,9.179470195434101,nan,nan,nan,nan,23.97112798690796,4.097999572753906,0.01870039477944374,4.097999572753906,15.756428446620703,6.218516826629639,4670.459676377695,1.3875675201416016,9.200816000000002e-05,16,2048,,8910.337983846664
adammini-softmax_fisher_projector-r8,adammini,softmax_fisher_projector,8,1.1B,sdpa,666,1270,41648128,2.3091859817504883,10.066227226371984,nan,nan,nan,nan,23.97112798690796,4.097999572753906,0.01870039477944374,4.097999572753906,15.756428446620703,6.195318222045898,4670.887824124473,1.4972114562988281,9.1608168e-05,16,2048,,8916.5356631279
adammini-softmax_fisher_projector-r8,adammini,softmax_fisher_projector,8,1.1B,sdpa,666,1271,41680896,2.399066686630249,11.012893102255484,nan,nan,nan,nan,23.97112798690796,4.097999572753906,0.01870039477944374,4.097999572753906,15.756428446620703,6.212741374969482,4671.306710571673,1.3949341773986816,9.1208176e-05,16,2048,,8922.751605987549
adammini-softmax_fisher_projector-r8,adammini,softmax_fisher_projector,8,1.1B,sdpa,666,1272,41713664,2.326763868331909,10.244734521077257,nan,nan,nan,nan,23.97112798690796,4.097999572753906,0.01870039477944374,4.097999572753906,15.756428446620703,6.218224763870239,4671.721741988479,1.6002475023269653,9.080818399999999e-05,16,2048,,8928.973077774048
adammini-softmax_fisher_projector-r8,adammini,softmax_fisher_projector,8,1.1B,sdpa,666,1273,41746432,2.3607680797576904,10.599089272706514,nan,nan,nan,nan,23.97112798690796,4.097999572753906,0.01870039477944374,4.097999572753906,15.756428446620703,6.2165539264678955,4672.137086317106,1.5400266647338867,9.040819199999997e-05,16,2048,,8935.192974090576
adammini-softmax_fisher_projector-r8,adammini,softmax_fisher_projector,8,1.1B,sdpa,666,1274,41779200,2.2698771953582764,9.678212211708207,nan,nan,nan,nan,23.97112798690796,4.097999572753906,0.01870039477944374,4.097999572753906,15.756428446620703,6.21954870223999,4672.550187398026,1.3218187093734741,9.000820000000002e-05,16,2048,,8941.415703296661
adammini-softmax_fisher_projector-r8,adammini,softmax_fisher_projector,8,1.1B,sdpa,666,1275,41811968,2.3671627044677734,10.667083638402067,nan,nan,nan,nan,23.97112798690796,4.097999572753906,0.01870039477944374,4.097999572753906,15.756428446620703,6.226699590682983,4672.959072287666,1.5542855262756348,8.960820800000001e-05,16,2048,,8947.645533561707
adammini-softmax_fisher_projector-r8,adammini,softmax_fisher_projector,8,1.1B,sdpa,666,1276,41844736,2.1906895637512207,8.941376638599179,nan,nan,nan,nan,23.97112798690796,4.097999572753906,0.01870039477944374,4.097999572753906,15.756428446620703,6.220597505569458,4673.370607700549,1.6923832893371582,8.9208216e-05,16,2048,,8953.869151115417
adammini-softmax_fisher_projector-r8,adammini,softmax_fisher_projector,8,1.1B,sdpa,666,1277,41877504,2.333219051361084,10.311080063424274,nan,nan,nan,nan,23.97112798690796,4.097999572753906,0.01870039477944374,4.097999572753906,15.756428446620703,6.273750066757202,4673.753878350015,1.5227577686309814,8.8808224e-05,16,2048,,8960.14615225792
adammini-softmax_fisher_projector-r8,adammini,softmax_fisher_projector,8,1.1B,sdpa,666,1278,41910272,2.84686279296875,17.233631474689606,nan,nan,nan,nan,23.97112798690796,4.097999572753906,0.01870039477944374,4.097999572753906,15.756428446620703,6.160050630569458,4674.195799034899,2.2774813175201416,8.840823199999998e-05,16,2048,,8966.309334993362
adammini-softmax_fisher_projector-r8,adammini,softmax_fisher_projector,8,1.1B,sdpa,666,1279,41943040,2.5148727893829346,12.365035715235727,nan,nan,nan,nan,23.97112798690796,4.097999572753906,0.01870039477944374,4.097999572753906,15.756428446620703,6.229557275772095,4674.600907400235,1.5045958757400513,8.800824000000002e-05,16,2048,,8972.542239427567
adammini-softmax_fisher_projector-r8,adammini,softmax_fisher_projector,8,1.1B,sdpa,666,1280,41975808,2.5474491119384766,12.774475927217145,nan,nan,nan,nan,23.97112798690796,4.097999572753906,0.01870039477944374,4.097999572753906,15.756428446620703,6.2121171951293945,4675.014461318521,1.5989153385162354,8.7608248e-05,16,2048,,8978.757776975632
adammini-softmax_fisher_projector-r8,adammini,softmax_fisher_projector,8,1.1B,sdpa,666,1281,42008576,2.4558045864105225,11.655807881768661,nan,nan,nan,nan,23.97112798690796,4.097999572753906,0.01870039477944374,4.097999572753906,15.756428446620703,6.215410947799683,4675.425738812386,1.5564651489257812,8.7208256e-05,16,2048,,8984.97645020485
adammini-softmax_fisher_projector-r8,adammini,softmax_fisher_projector,8,1.1B,sdpa,666,1282,42041344,2.2494168281555176,9.482204468976498,nan,nan,nan,nan,23.97112798690796,4.097999572753906,0.01870039477944374,4.097999572753906,15.756428446620703,6.233266353607178,4675.827177142865,1.4621599912643433,8.680826399999999e-05,16,2048,,8991.212975740433
adammini-softmax_fisher_projector-r8,adammini,softmax_fisher_projector,8,1.1B,sdpa,666,1283,42074112,2.302255153656006,9.996701150859579,nan,nan,nan,nan,23.97112798690796,4.097999572753906,0.01870039477944374,4.097999572753906,15.756428446620703,6.222158670425415,4676.233853878606,1.4179853200912476,8.640827199999997e-05,16,2048,,8997.438311100006
adammini-softmax_fisher_projector-r8,adammini,softmax_fisher_projector,8,1.1B,sdpa,666,1284,42106880,1.945650339126587,6.998181566732653,nan,nan,nan,nan,23.97112798690796,4.097999572753906,0.01870039477944374,4.097999572753906,15.756428446620703,6.205733776092529,4676.648541080741,2.293128728866577,8.600828000000003e-05,16,2048,,9003.647269248962
adammini-softmax_fisher_projector-r8,adammini,softmax_fisher_projector,8,1.1B,sdpa,666,1285,42139648,2.399477243423462,11.017415448608029,nan,nan,nan,nan,23.97112798690796,4.097999572753906,0.01870039477944374,4.097999572753906,15.756428446620703,6.2135210037231445,4677.058584649806,1.577620029449463,8.560828800000001e-05,16,2048,,9009.86413860321
adammini-softmax_fisher_projector-r8,adammini,softmax_fisher_projector,8,1.1B,sdpa,666,1286,42172416,2.139971971511841,8.499199405837714,nan,nan,nan,nan,23.97112798690796,4.097999572753906,0.01870039477944374,4.097999572753906,15.756428446620703,6.215783357620239,4677.466835010751,1.5401864051818848,8.520829599999998e-05,16,2048,,9016.083037376404
adammini-softmax_fisher_projector-r8,adammini,softmax_fisher_projector,8,1.1B,sdpa,666,1287,42205184,2.2876062393188477,9.851327713203602,nan,nan,nan,nan,23.97112798690796,4.097999572753906,0.01870039477944374,4.097999572753906,15.756428446620703,6.230262041091919,4677.867085758775,1.4152711629867554,8.480830399999998e-05,16,2048,,9022.316643238068
adammini-softmax_fisher_projector-r8,adammini,softmax_fisher_projector,8,1.1B,sdpa,666,1288,42237952,2.419680118560791,11.242262548519129,nan,nan,nan,nan,23.97112798690796,4.097999572753906,0.01870039477944374,4.097999572753906,15.756428446620703,6.217912435531616,4678.273123532133,1.5346944332122803,8.440831199999997e-05,16,2048,,9028.537782669067
adammini-softmax_fisher_projector-r8,adammini,softmax_fisher_projector,8,1.1B,sdpa,666,1289,42270720,2.223372220993042,9.238432431520758,nan,nan,nan,nan,23.97112798690796,4.097999572753906,0.01870039477944374,4.097999572753906,15.756428446620703,6.201487302780151,4678.687170542493,1.4688304662704468,8.400832000000001e-05,16,2048,,9034.742518424988
adammini-softmax_fisher_projector-r8,adammini,softmax_fisher_projector,8,1.1B,sdpa,666,1290,42303488,2.118201494216919,8.316167354707039,nan,nan,nan,nan,23.97112798690796,4.097999572753906,0.01870039477944374,4.097999572753906,15.756428446620703,6.222384452819824,4679.089817012263,1.45452082157135,8.3608328e-05,16,2048,,9040.96809887886
adammini-softmax_fisher_projector-r8,adammini,softmax_fisher_projector,8,1.1B,sdpa,666,1291,42336256,2.252711772918701,9.513499338054334,nan,nan,nan,nan,23.97112798690796,4.097999572753906,0.01870039477944374,4.097999572753906,15.756428446620703,6.218939304351807,4679.4937087897115,1.371441125869751,8.320833599999999e-05,16,2048,,9047.190202474594
adammini-softmax_fisher_projector-r8,adammini,softmax_fisher_projector,8,1.1B,sdpa,666,1292,42369024,2.2952840328216553,9.92725527821233,nan,nan,nan,nan,23.97112798690796,4.097999572753906,0.01870039477944374,4.097999572753906,15.756428446620703,6.21880030632019,4679.89712058073,1.8702399730682373,8.280834399999998e-05,16,2048,,9053.41218662262
adammini-softmax_fisher_projector-r8,adammini,softmax_fisher_projector,8,1.1B,sdpa,666,1293,42401792,2.4370877742767334,11.439677262991431,nan,nan,nan,nan,23.97112798690796,4.097999572753906,0.01870039477944374,4.097999572753906,15.756428446620703,6.204000949859619,4680.307633012372,1.5162233114242554,8.240835199999996e-05,16,2048,,9059.619389295578
adammini-softmax_fisher_projector-r8,adammini,softmax_fisher_projector,8,1.1B,sdpa,666,1294,42434560,2.3686063289642334,10.682494022375817,nan,nan,nan,nan,23.97112798690796,4.097999572753906,0.01870039477944374,4.097999572753906,15.756428446620703,6.22645902633667,4680.70597251569,1.515929937362671,8.200836000000002e-05,16,2048,,9065.848901987076
adammini-softmax_fisher_projector-r8,adammini,softmax_fisher_projector,8,1.1B,sdpa,666,1295,42467328,2.291404962539673,9.888821349429971,nan,nan,nan,nan,23.97112798690796,4.097999572753906,0.01870039477944374,4.097999572753906,15.756428446620703,6.222925424575806,4681.105622333765,1.353671669960022,8.1608368e-05,16,2048,,9072.075007677078
adammini-softmax_fisher_projector-r8,adammini,softmax_fisher_projector,8,1.1B,sdpa,666,1296,42500096,2.301307201385498,9.98722924547244,nan,nan,nan,nan,23.97112798690796,4.097999572753906,0.01870039477944374,4.097999572753906,15.756428446620703,6.228149890899658,4681.502010765253,1.4279953241348267,8.120837599999999e-05,16,2048,,9078.306406974792
adammini-softmax_fisher_projector-r8,adammini,softmax_fisher_projector,8,1.1B,sdpa,666,1297,42532864,2.3521595001220703,10.508237780853825,nan,nan,nan,nan,23.97112798690796,4.097999572753906,0.01870039477944374,4.097999572753906,15.756428446620703,6.230058670043945,4681.896863327427,1.4912222623825073,8.080838399999999e-05,16,2048,,9084.53965830803
adammini-softmax_fisher_projector-r8,adammini,softmax_fisher_projector,8,1.1B,sdpa,666,1298,42565632,2.2606630325317383,9.58944517352327,nan,nan,nan,nan,23.97112798690796,4.097999572753906,0.01870039477944374,4.097999572753906,15.756428446620703,6.242927312850952,4682.284550599881,1.4218964576721191,8.040839200000003e-05,16,2048,,9090.785786151886
adammini-softmax_fisher_projector-r8,adammini,softmax_fisher_projector,8,1.1B,sdpa,666,1299,42598400,2.3265533447265625,10.242577989638413,nan,nan,nan,nan,23.97112798690796,4.097999572753906,0.01870039477944374,4.097999572753906,15.756428446620703,6.233711004257202,4682.676434104917,1.3870923519134521,8.000840000000001e-05,16,2048,,9097.022753477097
adammini-softmax_fisher_projector-r8,adammini,softmax_fisher_projector,8,1.1B,sdpa,666,1300,42631168,2.491433620452881,12.078579813079022,2.4631924479416445,11.742238251115579,nan,nan,23.97112798690796,4.097999572753906,0.01870039477944374,4.097999572753906,15.756428446620703,6.229261636734009,4683.0700429399085,1.4693893194198608,7.960840800000001e-05,16,2048,,9115.223386764526
adammini-softmax_fisher_projector-r8,adammini,softmax_fisher_projector,8,1.1B,sdpa,666,1301,42663936,2.5011816024780273,12.196897333610739,nan,nan,nan,nan,23.97112798690796,4.097999572753906,0.01870039477944374,4.097999572753906,15.756428446620703,6.207432746887207,4677.328933566432,1.5514482259750366,7.9208416e-05,16,2048,,9121.434508562088
adammini-softmax_fisher_projector-r8,adammini,softmax_fisher_projector,8,1.1B,sdpa,666,1302,42696704,2.3821427822113037,10.828080240750058,nan,nan,nan,nan,23.97112798690796,4.097999572753906,0.01870039477944374,4.097999572753906,15.756428446620703,6.215896844863892,4677.732045090088,1.5715006589889526,7.880842399999998e-05,16,2048,,9127.65351486206
adammini-softmax_fisher_projector-r8,adammini,softmax_fisher_projector,8,1.1B,sdpa,666,1303,42729472,2.1595044136047363,8.666841425273754,nan,nan,nan,nan,23.97112798690796,4.097999572753906,0.01870039477944374,4.097999572753906,15.756428446620703,6.22481107711792,4678.130062185324,1.5710487365722656,7.840843200000002e-05,16,2048,,9133.881348609924
adammini-softmax_fisher_projector-r8,adammini,softmax_fisher_projector,8,1.1B,sdpa,666,1304,42762240,2.484071731567383,11.98998516271942,nan,nan,nan,nan,23.97112798690796,4.097999572753906,0.01870039477944374,4.097999572753906,15.756428446620703,6.234749794006348,4678.522428457717,1.8721234798431396,7.800844000000002e-05,16,2048,,9140.119436979294
adammini-softmax_fisher_projector-r8,adammini,softmax_fisher_projector,8,1.1B,sdpa,666,1305,42795008,2.5629007816314697,12.973395773900492,nan,nan,nan,nan,23.97112798690796,4.097999572753906,0.01870039477944374,4.097999572753906,15.756428446620703,6.209174871444702,4678.927313543355,1.6329947710037231,7.760844799999999e-05,16,2048,,9146.331859588623
adammini-softmax_fisher_projector-r8,adammini,softmax_fisher_projector,8,1.1B,sdpa,666,1306,42827776,2.092276096343994,8.103338168464704,nan,nan,nan,nan,23.97112798690796,4.097999572753906,0.01870039477944374,4.097999572753906,15.756428446620703,6.234772682189941,4679.318547861389,1.7894701957702637,7.720845599999998e-05,16,2048,,9152.569809675217
adammini-softmax_fisher_projector-r8,adammini,softmax_fisher_projector,8,1.1B,sdpa,666,1307,42860544,2.27441668510437,9.722246227167338,nan,nan,nan,nan,23.97112798690796,4.097999572753906,0.01870039477944374,4.097999572753906,15.756428446620703,6.234679698944092,4679.709324285753,1.558974027633667,7.680846399999998e-05,16,2048,,9158.807617425919
adammini-softmax_fisher_projector-r8,adammini,softmax_fisher_projector,8,1.1B,sdpa,666,1308,42893312,2.3806874752044678,10.812333520640356,nan,nan,nan,nan,23.97112798690796,4.097999572753906,0.01870039477944374,4.097999572753906,15.756428446620703,6.219716787338257,4680.107174972371,1.5159333944320679,7.640847200000002e-05,16,2048,,9165.030713319778
adammini-softmax_fisher_projector-r8,adammini,softmax_fisher_projector,8,1.1B,sdpa,666,1309,42926080,2.4119958877563477,11.156205473000963,nan,nan,nan,nan,23.97112798690796,4.097999572753906,0.01870039477944374,4.097999572753906,15.756428446620703,6.219741582870483,4680.504455454414,1.6022310256958008,7.600848e-05,16,2048,,9171.253707408905
adammini-softmax_fisher_projector-r8,adammini,softmax_fisher_projector,8,1.1B,sdpa,666,1310,42958848,2.452969789505005,11.622812822895401,nan,nan,nan,nan,23.97112798690796,4.097999572753906,0.01870039477944374,4.097999572753906,15.756428446620703,6.231302499771118,4680.895328946027,1.669931411743164,7.5608488e-05,16,2048,,9177.488362550735
adammini-softmax_fisher_projector-r8,adammini,softmax_fisher_projector,8,1.1B,sdpa,666,1311,42991616,2.2213990688323975,9.220221570915415,nan,nan,nan,nan,23.97112798690796,4.097999572753906,0.01870039477944374,4.097999572753906,15.756428446620703,6.221904516220093,4681.290422381194,1.495222806930542,7.520849599999999e-05,16,2048,,9183.713399887085
adammini-softmax_fisher_projector-r8,adammini,softmax_fisher_projector,8,1.1B,sdpa,666,1312,43024384,3.281935691833496,26.627265026618076,nan,nan,nan,nan,23.97112798690796,4.097999572753906,0.01870039477944374,4.097999572753906,15.756428446620703,6.278984308242798,4681.655954570261,8.568530082702637,7.480850399999997e-05,16,2048,,9189.995422124863
adammini-softmax_fisher_projector-r8,adammini,softmax_fisher_projector,8,1.1B,sdpa,666,1313,43057152,3.4541609287261963,31.63173626290777,nan,nan,nan,nan,23.97112798690796,4.097999572753906,0.01870039477944374,4.097999572753906,15.756428446620703,6.154741287231445,4682.084333065568,9.275959968566895,7.440851200000001e-05,16,2048,,9196.153407096863
adammini-softmax_fisher_projector-r8,adammini,softmax_fisher_projector,8,1.1B,sdpa,666,1314,43089920,2.262934446334839,9.61125152790616,nan,nan,nan,nan,23.97112798690796,4.097999572753906,0.01870039477944374,4.097999572753906,15.756428446620703,6.222708225250244,4682.477461460302,1.5763498544692993,7.400852000000001e-05,16,2048,,9202.37937617302
adammini-softmax_fisher_projector-r8,adammini,softmax_fisher_projector,8,1.1B,sdpa,666,1315,43122688,2.5019381046295166,12.20612780368013,nan,nan,nan,nan,23.97112798690796,4.097999572753906,0.01870039477944374,4.097999572753906,15.756428446620703,6.220097541809082,4682.871357635161,1.6687263250350952,7.3608528e-05,16,2048,,9208.602778434753
adammini-softmax_fisher_projector-r8,adammini,softmax_fisher_projector,8,1.1B,sdpa,666,1316,43155456,2.272705554962158,9.705624423688173,nan,nan,nan,nan,23.97112798690796,4.097999572753906,0.01870039477944374,4.097999572753906,15.756428446620703,6.218111276626587,4683.265703376456,1.6499981880187988,7.320853599999998e-05,16,2048,,9214.824058532715
adammini-softmax_fisher_projector-r8,adammini,softmax_fisher_projector,8,1.1B,sdpa,666,1317,43188224,2.2490029335021973,9.478280647325514,nan,nan,nan,nan,23.97112798690796,4.097999572753906,0.01870039477944374,4.097999572753906,15.756428446620703,6.2433021068573,4683.646760796657,1.8447250127792358,7.280854399999998e-05,16,2048,,9221.070706129074
adammini-softmax_fisher_projector-r8,adammini,softmax_fisher_projector,8,1.1B,sdpa,666,1318,43220992,2.4333996772766113,11.397564329622247,nan,nan,nan,nan,23.97112798690796,4.097999572753906,0.01870039477944374,4.097999572753906,15.756428446620703,6.229984521865845,4684.034028892731,1.44319748878479,7.240855200000002e-05,16,2048,,9227.304022312164
adammini-softmax_fisher_projector-r8,adammini,softmax_fisher_projector,8,1.1B,sdpa,666,1319,43253760,2.3455185890197754,10.438684711402155,nan,nan,nan,nan,23.97112798690796,4.097999572753906,0.01870039477944374,4.097999572753906,15.756428446620703,6.218015909194946,4684.426870199344,1.7978487014770508,7.200856e-05,16,2048,,9233.525186300278
adammini-softmax_fisher_projector-r8,adammini,softmax_fisher_projector,8,1.1B,sdpa,666,1320,43286528,2.405780076980591,11.087075682231012,nan,nan,nan,nan,23.97112798690796,4.097999572753906,0.01870039477944374,4.097999572753906,15.756428446620703,6.229864597320557,4684.8132164541485,1.4639074802398682,7.1608568e-05,16,2048,,9239.758411169052
adammini-softmax_fisher_projector-r8,adammini,softmax_fisher_projector,8,1.1B,sdpa,666,1321,43319296,2.2940757274627686,9.915267366448175,nan,nan,nan,nan,23.97112798690796,4.097999572753906,0.01870039477944374,4.097999572753906,15.756428446620703,6.230562448501587,4685.198621620962,1.641265869140625,7.120857599999999e-05,16,2048,,9245.991960525513
adammini-softmax_fisher_projector-r8,adammini,softmax_fisher_projector,8,1.1B,sdpa,666,1322,43352064,2.436217784881592,11.429729193073909,nan,nan,nan,nan,23.97112798690796,4.097999572753906,0.01870039477944374,4.097999572753906,15.756428446620703,6.232019901275635,4685.5828782528815,1.4087989330291748,7.080858399999997e-05,16,2048,,9252.22732925415
adammini-softmax_fisher_projector-r8,adammini,softmax_fisher_projector,8,1.1B,sdpa,666,1323,43384832,2.362582206726074,10.618334818049671,nan,nan,nan,nan,23.97112798690796,4.097999572753906,0.01870039477944374,4.097999572753906,15.756428446620703,6.226106405258179,4685.96952814063,1.3724161386489868,7.040859200000001e-05,16,2048,,9258.456707000732
adammini-softmax_fisher_projector-r8,adammini,softmax_fisher_projector,8,1.1B,sdpa,666,1324,43417600,2.5489301681518555,12.793409661663357,nan,nan,nan,nan,23.97112798690796,4.097999572753906,0.01870039477944374,4.097999572753906,15.756428446620703,6.21969199180603,4686.358896413249,1.7600265741348267,7.00086e-05,16,2048,,9264.679508686066
adammini-softmax_fisher_projector-r8,adammini,softmax_fisher_projector,8,1.1B,sdpa,666,1325,43450368,2.391145706176758,10.92600476595755,nan,nan,nan,nan,23.97112798690796,4.097999572753906,0.01870039477944374,4.097999572753906,15.756428446620703,6.221089124679565,4686.74709533412,1.4084606170654297,6.960860799999998e-05,16,2048,,9270.904041528702
adammini-softmax_fisher_projector-r8,adammini,softmax_fisher_projector,8,1.1B,sdpa,666,1326,43483136,2.551053047180176,12.820597370633035,nan,nan,nan,nan,23.97112798690796,4.097999572753906,0.01870039477944374,4.097999572753906,15.756428446620703,6.281993627548218,4687.103799817396,1.542155146598816,6.920861599999997e-05,16,2048,,9277.188796520233
adammini-softmax_fisher_projector-r8,adammini,softmax_fisher_projector,8,1.1B,sdpa,666,1327,43515904,2.3560385704040527,10.549079135776342,nan,nan,nan,nan,23.97112798690796,4.097999572753906,0.01870039477944374,4.097999572753906,15.756428446620703,6.24275541305542,4687.480229670056,1.372931718826294,6.880862399999997e-05,16,2048,,9283.434872865677
adammini-softmax_fisher_projector-r8,adammini,softmax_fisher_projector,8,1.1B,sdpa,666,1328,43548672,2.267488479614258,9.655121303611658,nan,nan,nan,nan,23.97112798690796,4.097999572753906,0.01870039477944374,4.097999572753906,15.756428446620703,6.231781244277954,4687.861505994492,1.4498488903045654,6.840863200000001e-05,16,2048,,9289.669769763947
adammini-softmax_fisher_projector-r8,adammini,softmax_fisher_projector,8,1.1B,sdpa,666,1329,43581440,2.2138822078704834,9.151174281880293,nan,nan,nan,nan,23.97112798690796,4.097999572753906,0.01870039477944374,4.097999572753906,15.756428446620703,6.227031230926514,4688.24468076659,1.6197221279144287,6.800864e-05,16,2048,,9295.899981737137
adammini-softmax_fisher_projector-r8,adammini,softmax_fisher_projector,8,1.1B,sdpa,666,1330,43614208,2.612626791000366,13.634819674265307,nan,nan,nan,nan,23.97112798690796,4.097999572753906,0.01870039477944374,4.097999572753906,15.756428446620703,6.217223167419434,4688.632238688572,1.5141712427139282,6.760864799999999e-05,16,2048,,9302.120502471924
adammini-softmax_fisher_projector-r8,adammini,softmax_fisher_projector,8,1.1B,sdpa,666,1331,43646976,2.4564740657806396,11.66361381735242,nan,nan,nan,nan,23.97112798690796,4.097999572753906,0.01870039477944374,4.097999572753906,15.756428446620703,6.240931749343872,4689.007311462853,1.4235457181930542,6.720865599999998e-05,16,2048,,9308.364572525024
adammini-softmax_fisher_projector-r8,adammini,softmax_fisher_projector,8,1.1B,sdpa,666,1332,43679744,2.291635036468506,9.891096771156933,nan,nan,nan,nan,23.97112798690796,4.097999572753906,0.01870039477944374,4.097999572753906,15.756428446620703,6.207234144210815,4689.398886252768,1.5115841627120972,6.680866400000002e-05,16,2048,,9314.574810743332
adammini-softmax_fisher_projector-r8,adammini,softmax_fisher_projector,8,1.1B,sdpa,666,1333,43712512,2.2660794258117676,9.641526298521438,nan,nan,nan,nan,23.97112798690796,4.097999572753906,0.01870039477944374,4.097999572753906,15.756428446620703,6.2379186153411865,4689.7745426119845,1.7330702543258667,6.640867200000002e-05,16,2048,,9320.81594157219
adammini-softmax_fisher_projector-r8,adammini,softmax_fisher_projector,8,1.1B,sdpa,666,1334,43745280,2.6364097595214844,13.962983042804497,nan,nan,nan,nan,23.97112798690796,4.097999572753906,0.01870039477944374,4.097999572753906,15.756428446620703,6.177226305007935,4690.180158048581,3.8602993488311768,6.600868e-05,16,2048,,9326.996528148651
adammini-softmax_fisher_projector-r8,adammini,softmax_fisher_projector,8,1.1B,sdpa,666,1335,43778048,2.3945677280426025,10.963457839242164,nan,nan,nan,nan,23.97112798690796,4.097999572753906,0.01870039477944374,4.097999572753906,15.756428446620703,6.2298455238342285,4690.558747673993,1.479560136795044,6.560868799999999e-05,16,2048,,9333.22957444191
adammini-softmax_fisher_projector-r8,adammini,softmax_fisher_projector,8,1.1B,sdpa,666,1336,43810816,2.234654664993286,9.343254742072574,nan,nan,nan,nan,23.97112798690796,4.097999572753906,0.01870039477944374,4.097999572753906,15.756428446620703,6.222263336181641,4690.940696555986,1.5573546886444092,6.520869599999997e-05,16,2048,,9339.455003976822
adammini-softmax_fisher_projector-r8,adammini,softmax_fisher_projector,8,1.1B,sdpa,666,1337,43843584,1.9621789455413818,7.114812977564959,nan,nan,nan,nan,23.97112798690796,4.097999572753906,0.01870039477944374,4.097999572753906,15.756428446620703,6.224168300628662,4691.321170638492,1.9456130266189575,6.480870400000003e-05,16,2048,,9345.682386159897
adammini-softmax_fisher_projector-r8,adammini,softmax_fisher_projector,8,1.1B,sdpa,666,1338,43876352,2.2826144695281982,9.802274685695084,nan,nan,nan,nan,23.97112798690796,4.097999572753906,0.01870039477944374,4.097999572753906,15.756428446620703,6.255613803863525,4691.685360447553,1.7337050437927246,6.440871200000001e-05,16,2048,,9351.94106554985
adammini-softmax_fisher_projector-r8,adammini,softmax_fisher_projector,8,1.1B,sdpa,666,1339,43909120,2.044750452041626,7.727229982820297,nan,nan,nan,nan,23.97112798690796,4.097999572753906,0.01870039477944374,4.097999572753906,15.756428446620703,6.1928181648254395,4692.080621202719,1.729769229888916,6.400872e-05,16,2048,,9358.137107849121
adammini-softmax_fisher_projector-r8,adammini,softmax_fisher_projector,8,1.1B,sdpa,666,1340,43941888,2.2958972454071045,9.933344662940758,nan,nan,nan,nan,23.97112798690796,4.097999572753906,0.01870039477944374,4.097999572753906,15.756428446620703,6.229897975921631,4692.456679213183,2.348905086517334,6.3608728e-05,16,2048,,9364.37015247345
adammini-softmax_fisher_projector-r8,adammini,softmax_fisher_projector,8,1.1B,sdpa,666,1341,43974656,2.362699270248413,10.619577910483816,nan,nan,nan,nan,23.97112798690796,4.097999572753906,0.01870039477944374,4.097999572753906,15.756428446620703,6.216121673583984,4692.839180223421,1.414088249206543,6.320873599999998e-05,16,2048,,9370.589379549026
adammini-softmax_fisher_projector-r8,adammini,softmax_fisher_projector,8,1.1B,sdpa,666,1342,44007424,2.5010812282562256,12.195673140972202,nan,nan,nan,nan,23.97112798690796,4.097999572753906,0.01870039477944374,4.097999572753906,15.756428446620703,6.237603664398193,4693.210455359029,1.4546102285385132,6.280874400000002e-05,16,2048,,9376.830303668976
adammini-softmax_fisher_projector-r8,adammini,softmax_fisher_projector,8,1.1B,sdpa,666,1343,44040192,2.2515766620635986,9.502706588328234,nan,nan,nan,nan,23.97112798690796,4.097999572753906,0.01870039477944374,4.097999572753906,15.756428446620703,6.208051919937134,4693.595922863747,2.359619617462158,6.2408752e-05,16,2048,,9383.041613578796
adammini-softmax_fisher_projector-r8,adammini,softmax_fisher_projector,8,1.1B,sdpa,666,1344,44072960,2.422922134399414,11.278769287500543,nan,nan,nan,nan,23.97112798690796,4.097999572753906,0.01870039477944374,4.097999572753906,15.756428446620703,6.2204320430755615,4693.97472346291,2.1228606700897217,6.200876e-05,16,2048,,9389.26502943039
adammini-softmax_fisher_projector-r8,adammini,softmax_fisher_projector,8,1.1B,sdpa,666,1345,44105728,2.4202017784118652,11.248128715464786,nan,nan,nan,nan,23.97112798690796,4.097999572753906,0.01870039477944374,4.097999572753906,15.756428446620703,6.227374315261841,4694.349651391191,1.4599605798721313,6.160876799999999e-05,16,2048,,9395.495691537857
adammini-softmax_fisher_projector-r8,adammini,softmax_fisher_projector,8,1.1B,sdpa,666,1346,44138496,2.3731536865234375,10.731181758693587,nan,nan,nan,nan,23.97112798690796,4.097999572753906,0.01870039477944374,4.097999572753906,15.756428446620703,6.206068515777588,4694.734608432173,1.382314682006836,6.120877599999998e-05,16,2048,,9401.704854726791
adammini-softmax_fisher_projector-r8,adammini,softmax_fisher_projector,8,1.1B,sdpa,666,1347,44171264,2.590412139892578,13.335266466080727,nan,nan,nan,nan,23.97112798690796,4.097999572753906,0.01870039477944374,4.097999572753906,15.756428446620703,6.222476959228516,4695.110960501269,1.4113329648971558,6.080878400000003e-05,16,2048,,9407.930269479752
adammini-softmax_fisher_projector-r8,adammini,softmax_fisher_projector,8,1.1B,sdpa,666,1348,44204032,2.3781189918518066,10.784597856532866,nan,nan,nan,nan,23.97112798690796,4.097999572753906,0.01870039477944374,4.097999572753906,15.756428446620703,6.220192193984985,4695.487996951434,1.3652881383895874,6.040879200000001e-05,16,2048,,9414.153420209885
adammini-softmax_fisher_projector-r8,adammini,softmax_fisher_projector,8,1.1B,sdpa,666,1349,44236800,2.3259458541870117,10.236357610011284,nan,nan,nan,nan,23.97112798690796,4.097999572753906,0.01870039477944374,4.097999572753906,15.756428446620703,6.230132102966309,4695.859581368378,1.4332114458084106,6.00088e-05,16,2048,,9420.386706829071
adammini-softmax_fisher_projector-r8,adammini,softmax_fisher_projector,8,1.1B,sdpa,666,1350,44269568,2.4139769077301025,11.178328044267174,2.4601728116401755,11.706834442446537,nan,nan,23.97112798690796,4.097999572753906,0.01870039477944374,4.097999572753906,15.756428446620703,6.227427005767822,4696.231943163295,1.4534380435943604,5.9608807999999986e-05,16,2048,,9440.621561288834
adammini-softmax_fisher_projector-r8,adammini,softmax_fisher_projector,8,1.1B,sdpa,666,1351,44302336,2.432525157928467,11.387601296161998,nan,nan,nan,nan,23.97112798690796,4.097999572753906,0.01870039477944374,4.097999572753906,15.756428446620703,6.223377227783203,4689.643487203122,1.7029284238815308,5.920881599999998e-05,16,2048,,9446.84803700447
adammini-softmax_fisher_projector-r8,adammini,softmax_fisher_projector,8,1.1B,sdpa,666,1352,44335104,2.3320393562316895,10.298923304539139,nan,nan,nan,nan,23.97112798690796,4.097999572753906,0.01870039477944374,4.097999572753906,15.756428446620703,6.223036289215088,4690.021086744082,1.3312726020812988,5.8808824000000024e-05,16,2048,,9453.074301719666
adammini-softmax_fisher_projector-r8,adammini,softmax_fisher_projector,8,1.1B,sdpa,666,1353,44367872,2.316894769668579,10.144125502077657,nan,nan,nan,nan,23.97112798690796,4.097999572753906,0.01870039477944374,4.097999572753906,15.756428446620703,6.2205891609191895,4690.3993659701555,1.3354746103286743,5.840883200000001e-05,16,2048,,9459.298123836517
adammini-softmax_fisher_projector-r8,adammini,softmax_fisher_projector,8,1.1B,sdpa,666,1354,44400640,2.3511581420898438,10.49772053918845,nan,nan,nan,nan,23.97112798690796,4.097999572753906,0.01870039477944374,4.097999572753906,15.756428446620703,6.199888229370117,4690.787396135803,1.5549583435058594,5.800884e-05,16,2048,,9465.501167297363
adammini-softmax_fisher_projector-r8,adammini,softmax_fisher_projector,8,1.1B,sdpa,666,1355,44433408,2.358321189880371,10.573186172397365,nan,nan,nan,nan,23.97112798690796,4.097999572753906,0.01870039477944374,4.097999572753906,15.756428446620703,6.207865953445435,4691.1709952799765,1.3501900434494019,5.760884799999999e-05,16,2048,,9471.711994171143
adammini-softmax_fisher_projector-r8,adammini,softmax_fisher_projector,8,1.1B,sdpa,666,1356,44466176,2.549379587173462,12.799160555500258,nan,nan,nan,nan,23.97112798690796,4.097999572753906,0.01870039477944374,4.097999572753906,15.756428446620703,6.2104573249816895,4691.552910200685,1.3524363040924072,5.720885599999997e-05,16,2048,,9477.925493240356
adammini-softmax_fisher_projector-r8,adammini,softmax_fisher_projector,8,1.1B,sdpa,666,1357,44498944,2.38653826713562,10.875779658446072,nan,nan,nan,nan,23.97112798690796,4.097999572753906,0.01870039477944374,4.097999572753906,15.756428446620703,6.20889949798584,4691.935042780444,1.639028787612915,5.680886400000002e-05,16,2048,,9484.137591362
adammini-softmax_fisher_projector-r8,adammini,softmax_fisher_projector,8,1.1B,sdpa,666,1358,44531712,2.5232090950012207,12.46854527616577,nan,nan,nan,nan,23.97112798690796,4.097999572753906,0.01870039477944374,4.097999572753906,15.756428446620703,6.238645076751709,4692.301916752218,1.4112941026687622,5.6408872000000005e-05,16,2048,,9490.379432916641
adammini-softmax_fisher_projector-r8,adammini,softmax_fisher_projector,8,1.1B,sdpa,666,1359,44564480,2.520702838897705,12.437335035230626,nan,nan,nan,nan,23.97112798690796,4.097999572753906,0.01870039477944374,4.097999572753906,15.756428446620703,6.237384080886841,4692.668932271669,1.554245948791504,5.600888e-05,16,2048,,9496.620115756989
adammini-softmax_fisher_projector-r8,adammini,softmax_fisher_projector,8,1.1B,sdpa,666,1360,44597248,2.555487632751465,12.877577655343345,nan,nan,nan,nan,23.97112798690796,4.097999572753906,0.01870039477944374,4.097999572753906,15.756428446620703,6.221288204193115,4693.043354039606,1.5141863822937012,5.560888799999998e-05,16,2048,,9502.844698905945
adammini-softmax_fisher_projector-r8,adammini,softmax_fisher_projector,8,1.1B,sdpa,666,1361,44630016,2.3137593269348145,10.112368988862597,nan,nan,nan,nan,23.97112798690796,4.097999572753906,0.01870039477944374,4.097999572753906,15.756428446620703,6.22570276260376,4693.41512412912,1.3837776184082031,5.520889600000003e-05,16,2048,,9509.07354593277
adammini-softmax_fisher_projector-r8,adammini,softmax_fisher_projector,8,1.1B,sdpa,666,1362,44662784,2.1693432331085205,8.752533778254406,nan,nan,nan,nan,23.97112798690796,4.097999572753906,0.01870039477944374,4.097999572753906,15.756428446620703,6.217163324356079,4693.790633882211,1.4159730672836304,5.480890400000002e-05,16,2048,,9515.293952226639
adammini-softmax_fisher_projector-r8,adammini,softmax_fisher_projector,8,1.1B,sdpa,666,1363,44695552,2.557751417160034,12.906762736762012,nan,nan,nan,nan,23.97112798690796,4.097999572753906,0.01870039477944374,4.097999572753906,15.756428446620703,6.278452634811401,4694.13543540644,1.4180567264556885,5.4408912000000006e-05,16,2048,,9521.575617790222
adammini-softmax_fisher_projector-r8,adammini,softmax_fisher_projector,8,1.1B,sdpa,666,1364,44728320,2.664031505584717,14.354041003362477,nan,nan,nan,nan,23.97112798690796,4.097999572753906,0.01870039477944374,4.097999572753906,15.756428446620703,6.175150632858276,4694.530726335877,1.48393714427948,5.400892e-05,16,2048,,9527.754048109055
adammini-softmax_fisher_projector-r8,adammini,softmax_fisher_projector,8,1.1B,sdpa,666,1365,44761088,2.428938627243042,11.346832467708523,nan,nan,nan,nan,23.97112798690796,4.097999572753906,0.01870039477944374,4.097999572753906,15.756428446620703,6.234698534011841,4694.8961136152775,2.8566386699676514,5.360892799999999e-05,16,2048,,9533.991998434067
adammini-softmax_fisher_projector-r8,adammini,softmax_fisher_projector,8,1.1B,sdpa,666,1366,44793856,2.400522232055664,11.028934540119675,nan,nan,nan,nan,23.97112798690796,4.097999572753906,0.01870039477944374,4.097999572753906,15.756428446620703,6.2306554317474365,4695.263012195487,1.4862948656082153,5.320893600000003e-05,16,2048,,9540.225922107697
adammini-softmax_fisher_projector-r8,adammini,softmax_fisher_projector,8,1.1B,sdpa,666,1367,44826624,2.3710460662841797,10.708588320385193,nan,nan,nan,nan,23.97112798690796,4.097999572753906,0.01870039477944374,4.097999572753906,15.756428446620703,6.277249813079834,4695.6065180729465,1.5170334577560425,5.2808944000000016e-05,16,2048,,9546.506316900253
adammini-softmax_fisher_projector-r8,adammini,softmax_fisher_projector,8,1.1B,sdpa,666,1368,44859392,3.1461682319641113,23.24681729125134,nan,nan,nan,nan,23.97112798690796,4.097999572753906,0.01870039477944374,4.097999572753906,15.756428446620703,6.17049765586853,4696.002119612958,2.847903251647949,5.2408952e-05,16,2048,,9552.680133104324
adammini-softmax_fisher_projector-r8,adammini,softmax_fisher_projector,8,1.1B,sdpa,666,1369,44892160,2.39914870262146,11.013796372640169,nan,nan,nan,nan,23.97112798690796,4.097999572753906,0.01870039477944374,4.097999572753906,15.756428446620703,6.241848945617676,4696.362057652485,1.3853908777236938,5.2008959999999993e-05,16,2048,,9558.92527270317
adammini-softmax_fisher_projector-r8,adammini,softmax_fisher_projector,8,1.1B,sdpa,666,1370,44924928,2.191962957382202,8.952769783102273,nan,nan,nan,nan,23.97112798690796,4.097999572753906,0.01870039477944374,4.097999572753906,15.756428446620703,6.234544992446899,4696.725159623858,1.5820051431655884,5.1608967999999986e-05,16,2048,,9565.162946939468
adammini-softmax_fisher_projector-r8,adammini,softmax_fisher_projector,8,1.1B,sdpa,666,1371,44957696,2.376495838165283,10.767106995782076,nan,nan,nan,nan,23.97112798690796,4.097999572753906,0.01870039477944374,4.097999572753906,15.756428446620703,6.218074083328247,4697.095890257229,1.6227099895477295,5.1208976000000025e-05,16,2048,,9571.384248018265
adammini-softmax_fisher_projector-r8,adammini,softmax_fisher_projector,8,1.1B,sdpa,666,1372,44990464,2.4102418422698975,11.136654133127625,nan,nan,nan,nan,23.97112798690796,4.097999572753906,0.01870039477944374,4.097999572753906,15.756428446620703,6.2172651290893555,4697.466523397375,1.4838424921035767,5.080898400000002e-05,16,2048,,9577.604768753052
adammini-softmax_fisher_projector-r8,adammini,softmax_fisher_projector,8,1.1B,sdpa,666,1373,45023232,2.3615076541900635,10.606930987547518,nan,nan,nan,nan,23.97112798690796,4.097999572753906,0.01870039477944374,4.097999572753906,15.756428446620703,6.199196100234985,4697.845539354921,1.6751441955566406,5.0408992e-05,16,2048,,9583.807070732117
adammini-softmax_fisher_projector-r8,adammini,softmax_fisher_projector,8,1.1B,sdpa,666,1374,45056000,2.3109161853790283,10.083658925090313,nan,nan,nan,nan,23.97112798690796,4.097999572753906,0.01870039477944374,4.097999572753906,15.756428446620703,6.218276739120483,4698.214770333292,1.4562128782272339,5.0008999999999995e-05,16,2048,,9590.02854013443
adammini-softmax_fisher_projector-r8,adammini,softmax_fisher_projector,8,1.1B,sdpa,666,1375,45088768,2.2640485763549805,9.621965679135018,nan,nan,nan,nan,23.97112798690796,4.097999572753906,0.01870039477944374,4.097999572753906,15.756428446620703,6.202603816986084,4698.591138673671,1.9751980304718018,4.960900799999998e-05,16,2048,,9596.234274148941
adammini-softmax_fisher_projector-r8,adammini,softmax_fisher_projector,8,1.1B,sdpa,666,1376,45121536,2.275486707687378,9.732654817908434,nan,nan,nan,nan,23.97112798690796,4.097999572753906,0.01870039477944374,4.097999572753906,15.756428446620703,6.206690311431885,4698.965057558511,1.4131044149398804,4.920901600000002e-05,16,2048,,9602.444151163101
adammini-softmax_fisher_projector-r8,adammini,softmax_fisher_projector,8,1.1B,sdpa,666,1377,45154304,2.3694350719451904,10.691350733777771,nan,nan,nan,nan,23.97112798690796,4.097999572753906,0.01870039477944374,4.097999572753906,15.756428446620703,6.220740556716919,4699.331611627696,1.4989243745803833,4.880902400000001e-05,16,2048,,9608.668011903763
adammini-softmax_fisher_projector-r8,adammini,softmax_fisher_projector,8,1.1B,sdpa,666,1378,45187072,2.4953532218933105,12.126015936530447,nan,nan,nan,nan,23.97112798690796,4.097999572753906,0.01870039477944374,4.097999572753906,15.756428446620703,6.209271430969238,4699.703320726129,1.6188125610351562,4.8409032e-05,16,2048,,9614.88042140007
adammini-softmax_fisher_projector-r8,adammini,softmax_fisher_projector,8,1.1B,sdpa,666,1379,45219840,2.3607265949249268,10.598649580380934,nan,nan,nan,nan,23.97112798690796,4.097999572753906,0.01870039477944374,4.097999572753906,15.756428446620703,6.221127986907959,4700.068745433656,1.5339773893356323,4.800903999999999e-05,16,2048,,9621.104549884796
adammini-softmax_fisher_projector-r8,adammini,softmax_fisher_projector,8,1.1B,sdpa,666,1380,45252608,2.57757830619812,13.165217398729215,nan,nan,nan,nan,23.97112798690796,4.097999572753906,0.01870039477944374,4.097999572753906,15.756428446620703,6.235899209976196,4700.426511484733,1.5342766046524048,4.760904799999998e-05,16,2048,,9627.34381222725
adammini-softmax_fisher_projector-r8,adammini,softmax_fisher_projector,8,1.1B,sdpa,666,1381,45285376,2.3904337882995605,10.918229115978846,nan,nan,nan,nan,23.97112798690796,4.097999572753906,0.01870039477944374,4.097999572753906,15.756428446620703,6.243798494338989,4700.779852122972,1.546096920967102,4.720905600000002e-05,16,2048,,9633.590908288956
adammini-softmax_fisher_projector-r8,adammini,softmax_fisher_projector,8,1.1B,sdpa,666,1382,45318144,2.283017635345459,9.806227424530807,nan,nan,nan,nan,23.97112798690796,4.097999572753906,0.01870039477944374,4.097999572753906,15.756428446620703,6.223935604095459,4701.142444875196,1.5490825176239014,4.6809064000000014e-05,16,2048,,9639.818058490753
adammini-softmax_fisher_projector-r8,adammini,softmax_fisher_projector,8,1.1B,sdpa,666,1383,45350912,3.590087652206421,36.23725206237467,nan,nan,nan,nan,23.97112798690796,4.097999572753906,0.01870039477944374,4.097999572753906,15.756428446620703,6.231605529785156,4701.500855186481,2.4429080486297607,4.6409072e-05,16,2048,,9646.052858114243
adammini-softmax_fisher_projector-r8,adammini,softmax_fisher_projector,8,1.1B,sdpa,666,1384,45383680,2.2443196773529053,9.433995212159756,nan,nan,nan,nan,23.97112798690796,4.097999572753906,0.01870039477944374,4.097999572753906,15.756428446620703,6.211346864700317,4701.868670858222,1.4503825902938843,4.6009079999999985e-05,16,2048,,9652.26732635498
adammini-softmax_fisher_projector-r8,adammini,softmax_fisher_projector,8,1.1B,sdpa,666,1385,45416448,2.264808416366577,9.629279612005757,nan,nan,nan,nan,23.97112798690796,4.097999572753906,0.01870039477944374,4.097999572753906,15.756428446620703,6.235589504241943,4702.224261877795,1.516846776008606,4.560908799999998e-05,16,2048,,9658.50591635704
adammini-softmax_fisher_projector-r8,adammini,softmax_fisher_projector,8,1.1B,sdpa,666,1386,45449216,2.519944190979004,12.427903055120378,nan,nan,nan,nan,23.97112798690796,4.097999572753906,0.01870039477944374,4.097999572753906,15.756428446620703,6.229864120483398,4702.582194475842,1.4980405569076538,4.5209096000000017e-05,16,2048,,9664.739034175873
adammini-softmax_fisher_projector-r8,adammini,softmax_fisher_projector,8,1.1B,sdpa,666,1387,45481984,2.332078456878662,10.299326006976381,nan,nan,nan,nan,23.97112798690796,4.097999572753906,0.01870039477944374,4.097999572753906,15.756428446620703,6.224973440170288,4702.94198499691,1.456538438796997,4.480910400000001e-05,16,2048,,9670.967037439346
adammini-softmax_fisher_projector-r8,adammini,softmax_fisher_projector,8,1.1B,sdpa,666,1388,45514752,2.209308624267578,9.10941618609857,nan,nan,nan,nan,23.97112798690796,4.097999572753906,0.01870039477944374,4.097999572753906,15.756428446620703,6.2169270515441895,4703.305270381028,1.5203373432159424,4.4409112e-05,16,2048,,9677.187149524689
adammini-softmax_fisher_projector-r8,adammini,softmax_fisher_projector,8,1.1B,sdpa,666,1389,45547520,2.4502696990966797,11.591472507357746,nan,nan,nan,nan,23.97112798690796,4.097999572753906,0.01870039477944374,4.097999572753906,15.756428446620703,6.220975160598755,4703.66607638725,1.5091341733932495,4.4009119999999986e-05,16,2048,,9683.41139125824
adammini-softmax_fisher_projector-r8,adammini,softmax_fisher_projector,8,1.1B,sdpa,666,1390,45580288,2.350301504135132,10.488731644000708,nan,nan,nan,nan,23.97112798690796,4.097999572753906,0.01870039477944374,4.097999572753906,15.756428446620703,6.2386486530303955,4704.017837654745,1.4559522867202759,4.360912800000003e-05,16,2048,,9689.653205633163
adammini-softmax_fisher_projector-r8,adammini,softmax_fisher_projector,8,1.1B,sdpa,666,1391,45613056,2.307215452194214,10.046410958784922,nan,nan,nan,nan,23.97112798690796,4.097999572753906,0.01870039477944374,4.097999572753906,15.756428446620703,6.24593710899353,4704.3656511364825,1.4184551239013672,4.320913600000002e-05,16,2048,,9695.902223348618
adammini-softmax_fisher_projector-r8,adammini,softmax_fisher_projector,8,1.1B,sdpa,666,1392,45645824,2.3089232444763184,10.063582800679162,nan,nan,nan,nan,23.97112798690796,4.097999572753906,0.01870039477944374,4.097999572753906,15.756428446620703,6.240673303604126,4704.715550224812,1.3432608842849731,4.280914400000001e-05,16,2048,,9702.146162986755
adammini-softmax_fisher_projector-r8,adammini,softmax_fisher_projector,8,1.1B,sdpa,666,1393,45678592,2.3128066062927246,10.102739314109822,nan,nan,nan,nan,23.97112798690796,4.097999572753906,0.01870039477944374,4.097999572753906,15.756428446620703,6.232654333114624,4705.068849160353,1.3608286380767822,4.2409152e-05,16,2048,,9708.381963968277
adammini-softmax_fisher_projector-r8,adammini,softmax_fisher_projector,8,1.1B,sdpa,666,1394,45711360,2.3794937133789062,10.799433870724899,nan,nan,nan,nan,23.97112798690796,4.097999572753906,0.01870039477944374,4.097999572753906,15.756428446620703,6.23291802406311,4705.421592208994,1.55396568775177,4.200915999999998e-05,16,2048,,9714.618060588837
adammini-softmax_fisher_projector-r8,adammini,softmax_fisher_projector,8,1.1B,sdpa,666,1395,45744128,2.3481967449188232,10.466678605714668,nan,nan,nan,nan,23.97112798690796,4.097999572753906,0.01870039477944374,4.097999572753906,15.756428446620703,6.225593090057373,4705.77743299741,1.5345737934112549,4.160916800000003e-05,16,2048,,9720.84665441513
adammini-softmax_fisher_projector-r8,adammini,softmax_fisher_projector,8,1.1B,sdpa,666,1396,45776896,2.2059688568115234,9.079043601293156,nan,nan,nan,nan,23.97112798690796,4.097999572753906,0.01870039477944374,4.097999572753906,15.756428446620703,6.227088689804077,4706.132136679198,1.339094877243042,4.120917600000001e-05,16,2048,,9727.07694554329
adammini-softmax_fisher_projector-r8,adammini,softmax_fisher_projector,8,1.1B,sdpa,666,1397,45809664,2.3725481033325195,10.724685102733204,nan,nan,nan,nan,23.97112798690796,4.097999572753906,0.01870039477944374,4.097999572753906,15.756428446620703,6.224818706512451,4706.4874343436195,1.7260531187057495,4.0809184000000005e-05,16,2048,,9733.304858446121
adammini-softmax_fisher_projector-r8,adammini,softmax_fisher_projector,8,1.1B,sdpa,666,1398,45842432,2.5169239044189453,12.390423854007832,nan,nan,nan,nan,23.97112798690796,4.097999572753906,0.01870039477944374,4.097999572753906,15.756428446620703,6.21174955368042,4706.84862630091,1.5725417137145996,4.0409192e-05,16,2048,,9739.519826889038
adammini-softmax_fisher_projector-r8,adammini,softmax_fisher_projector,8,1.1B,sdpa,666,1399,45875200,2.4307990074157715,11.367961537812276,nan,nan,nan,nan,23.97112798690796,4.097999572753906,0.01870039477944374,4.097999572753906,15.756428446620703,6.250011682510376,4707.190840010713,1.434422492980957,4.000919999999998e-05,16,2048,,9745.772911548615
adammini-softmax_fisher_projector-r8,adammini,softmax_fisher_projector,8,1.1B,sdpa,666,1400,45907968,2.367432117462158,10.669957876507603,2.459288943974573,11.696491721487941,nan,nan,23.97112798690796,4.097999572753906,0.01870039477944374,4.097999572753906,15.756428446620703,6.2227959632873535,4707.545808034136,1.4466862678527832,3.960920800000003e-05,16,2048,,9768.689151525497
adammini-softmax_fisher_projector-r8,adammini,softmax_fisher_projector,8,1.1B,sdpa,666,1401,45940736,2.6286141872406006,13.854556770754732,nan,nan,nan,nan,23.97112798690796,4.097999572753906,0.01870039477944374,4.097999572753906,15.756428446620703,6.223300218582153,4699.861496114377,1.779000997543335,3.9209216000000015e-05,16,2048,,9774.915625095367
adammini-softmax_fisher_projector-r8,adammini,softmax_fisher_projector,8,1.1B,sdpa,666,1402,45973504,2.3838632106781006,10.846725212308023,nan,nan,nan,nan,23.97112798690796,4.097999572753906,0.01870039477944374,4.097999572753906,15.756428446620703,6.21148157119751,4700.225455978176,1.3728938102722168,3.880922400000001e-05,16,2048,,9781.130249261856
adammini-softmax_fisher_projector-r8,adammini,softmax_fisher_projector,8,1.1B,sdpa,666,1403,46006272,2.311203956604004,10.08656112953686,nan,nan,nan,nan,23.97112798690796,4.097999572753906,0.01870039477944374,4.097999572753906,15.756428446620703,6.201530456542969,4700.5937692972675,1.440617322921753,3.840923199999999e-05,16,2048,,9787.334879398346
adammini-softmax_fisher_projector-r8,adammini,softmax_fisher_projector,8,1.1B,sdpa,666,1404,46039040,2.3890388011932373,10.903008945577096,nan,nan,nan,nan,23.97112798690796,4.097999572753906,0.01870039477944374,4.097999572753906,15.756428446620703,6.2191925048828125,4700.953096619506,1.556667447090149,3.800923999999998e-05,16,2048,,9793.557254076004
adammini-softmax_fisher_projector-r8,adammini,softmax_fisher_projector,8,1.1B,sdpa,666,1405,46071808,2.2401366233825684,9.394614723808571,nan,nan,nan,nan,23.97112798690796,4.097999572753906,0.01870039477944374,4.097999572753906,15.756428446620703,6.216482400894165,4701.313271427322,2.3067588806152344,3.7609248000000024e-05,16,2048,,9799.776954889297
adammini-softmax_fisher_projector-r8,adammini,softmax_fisher_projector,8,1.1B,sdpa,666,1406,46104576,2.246363401412964,9.453295410579493,nan,nan,nan,nan,23.97112798690796,4.097999572753906,0.01870039477944374,4.097999572753906,15.756428446620703,6.226718187332153,4701.668093485892,1.9513071775436401,3.720925600000001e-05,16,2048,,9806.006882429123
adammini-softmax_fisher_projector-r8,adammini,softmax_fisher_projector,8,1.1B,sdpa,666,1407,46137344,2.899500846862793,18.16507595146837,nan,nan,nan,nan,23.97112798690796,4.097999572753906,0.01870039477944374,4.097999572753906,15.756428446620703,6.2361719608306885,4702.017929142622,8.101600646972656,3.6809264e-05,16,2048,,9812.246230602264
adammini-softmax_fisher_projector-r8,adammini,softmax_fisher_projector,8,1.1B,sdpa,666,1408,46170112,2.312321186065674,10.097836430173922,nan,nan,nan,nan,23.97112798690796,4.097999572753906,0.01870039477944374,4.097999572753906,15.756428446620703,6.241045951843262,4702.364967952469,1.4721366167068481,3.6409271999999994e-05,16,2048,,9818.490491390228
adammini-softmax_fisher_projector-r8,adammini,softmax_fisher_projector,8,1.1B,sdpa,666,1409,46202880,2.5640077590942383,12.987764982365405,nan,nan,nan,nan,23.97112798690796,4.097999572753906,0.01870039477944374,4.097999572753906,15.756428446620703,6.205047845840454,4702.728796681417,1.5781619548797607,3.600927999999998e-05,16,2048,,9824.698828458786
adammini-softmax_fisher_projector-r8,adammini,softmax_fisher_projector,8,1.1B,sdpa,666,1410,46235648,2.3312079906463623,10.290364692298613,nan,nan,nan,nan,23.97112798690796,4.097999572753906,0.01870039477944374,4.097999572753906,15.756428446620703,6.242501974105835,4703.074224455938,1.6862120628356934,3.5609288000000026e-05,16,2048,,9830.944549560547
adammini-softmax_fisher_projector-r8,adammini,softmax_fisher_projector,8,1.1B,sdpa,666,1411,46268416,2.7920546531677246,16.314506040220436,nan,nan,nan,nan,23.97112798690796,4.097999572753906,0.01870039477944374,4.097999572753906,15.756428446620703,6.2338478565216064,4703.423382369513,2.017510414123535,3.520929600000001e-05,16,2048,,9837.18159532547
adammini-softmax_fisher_projector-r8,adammini,softmax_fisher_projector,8,1.1B,sdpa,666,1412,46301184,2.4025943279266357,11.051811243017033,nan,nan,nan,nan,23.97112798690796,4.097999572753906,0.01870039477944374,4.097999572753906,15.756428446620703,6.225504636764526,4703.776070007339,1.465767502784729,3.4809304e-05,16,2048,,9843.410400152206
adammini-softmax_fisher_projector-r8,adammini,softmax_fisher_projector,8,1.1B,sdpa,666,1413,46333952,2.3594093322753906,10.584697566404063,nan,nan,nan,nan,23.97112798690796,4.097999572753906,0.01870039477944374,4.097999572753906,15.756428446620703,6.22676944732666,4704.127659119149,1.6722948551177979,3.440931199999999e-05,16,2048,,9849.640415430069
adammini-softmax_fisher_projector-r8,adammini,softmax_fisher_projector,8,1.1B,sdpa,666,1414,46366720,2.4477696418762207,11.562529357660411,nan,nan,nan,nan,23.97112798690796,4.097999572753906,0.01870039477944374,4.097999572753906,15.756428446620703,6.231083631515503,4704.476788387031,1.4535071849822998,3.4009319999999974e-05,16,2048,,9855.87475013733
adammini-softmax_fisher_projector-r8,adammini,softmax_fisher_projector,8,1.1B,sdpa,666,1415,46399488,2.322486400604248,10.201006588867466,nan,nan,nan,nan,23.97112798690796,4.097999572753906,0.01870039477944374,4.097999572753906,15.756428446620703,6.222888708114624,4704.829369240319,1.891821026802063,3.360932800000002e-05,16,2048,,9862.100866556168
adammini-softmax_fisher_projector-r8,adammini,softmax_fisher_projector,8,1.1B,sdpa,666,1416,46432256,2.407128095626831,11.10203134497433,nan,nan,nan,nan,23.97112798690796,4.097999572753906,0.01870039477944374,4.097999572753906,15.756428446620703,6.23004674911499,4705.178121820754,1.4206538200378418,3.320933600000001e-05,16,2048,,9868.33395934105
adammini-softmax_fisher_projector-r8,adammini,softmax_fisher_projector,8,1.1B,sdpa,666,1417,46465024,2.221545696258545,9.22157360739326,nan,nan,nan,nan,23.97112798690796,4.097999572753906,0.01870039477944374,4.097999572753906,15.756428446620703,6.214236736297607,4705.534005669754,1.3861380815505981,3.2809344e-05,16,2048,,9874.551431179047
adammini-softmax_fisher_projector-r8,adammini,softmax_fisher_projector,8,1.1B,sdpa,666,1418,46497792,2.2839221954345703,9.815101759563328,nan,nan,nan,nan,23.97112798690796,4.097999572753906,0.01870039477944374,4.097999572753906,15.756428446620703,6.233269453048706,4705.880324649473,1.3860328197479248,3.240935199999999e-05,16,2048,,9880.787907123566
adammini-softmax_fisher_projector-r8,adammini,softmax_fisher_projector,8,1.1B,sdpa,666,1419,46530560,2.853175640106201,17.34276887723669,nan,nan,nan,nan,23.97112798690796,4.097999572753906,0.01870039477944374,4.097999572753906,15.756428446620703,6.230118989944458,4706.227754129373,1.6189810037612915,3.2009359999999976e-05,16,2048,,9887.021143436432
adammini-softmax_fisher_projector-r8,adammini,softmax_fisher_projector,8,1.1B,sdpa,666,1420,46563328,2.2008140087127686,9.032362929899913,nan,nan,nan,nan,23.97112798690796,4.097999572753906,0.01870039477944374,4.097999572753906,15.756428446620703,6.237731456756592,4706.571131891061,1.8197017908096313,3.160936800000002e-05,16,2048,,9893.26213669777
adammini-softmax_fisher_projector-r8,adammini,softmax_fisher_projector,8,1.1B,sdpa,666,1421,46596096,2.3265902996063232,10.2429565098705,nan,nan,nan,nan,23.97112798690796,4.097999572753906,0.01870039477944374,4.097999572753906,15.756428446620703,6.247515916824341,4706.909372803742,1.3385910987854004,3.120937600000001e-05,16,2048,,9899.51280593872
adammini-softmax_fisher_projector-r8,adammini,softmax_fisher_projector,8,1.1B,sdpa,666,1422,46628864,2.426830768585205,11.322940138325382,nan,nan,nan,nan,23.97112798690796,4.097999572753906,0.01870039477944374,4.097999572753906,15.756428446620703,6.225662469863892,4707.257589249603,1.4088759422302246,3.080938399999999e-05,16,2048,,9905.741747379303
adammini-softmax_fisher_projector-r8,adammini,softmax_fisher_projector,8,1.1B,sdpa,666,1423,46661632,2.20206356048584,9.043656389425733,nan,nan,nan,nan,23.97112798690796,4.097999572753906,0.01870039477944374,4.097999572753906,15.756428446620703,6.22237753868103,4707.606887430998,1.500223994255066,3.0409391999999985e-05,16,2048,,9911.967425346375
adammini-softmax_fisher_projector-r8,adammini,softmax_fisher_projector,8,1.1B,sdpa,666,1424,46694400,2.451840877532959,11.609699093866361,nan,nan,nan,nan,23.97112798690796,4.097999572753906,0.01870039477944374,4.097999572753906,15.756428446620703,6.236201763153076,4707.949182101597,1.4361121654510498,3.0009400000000028e-05,16,2048,,9918.20665717125
adammini-softmax_fisher_projector-r8,adammini,softmax_fisher_projector,8,1.1B,sdpa,666,1425,46727168,2.3533716201782227,10.520982749278291,nan,nan,nan,nan,23.97112798690796,4.097999572753906,0.01870039477944374,4.097999572753906,15.756428446620703,6.223454236984253,4708.297187294504,1.3826571702957153,2.9609408000000014e-05,16,2048,,9924.43324637413
adammini-softmax_fisher_projector-r8,adammini,softmax_fisher_projector,8,1.1B,sdpa,666,1426,46759936,2.3427202701568604,10.409514775495966,nan,nan,nan,nan,23.97112798690796,4.097999572753906,0.01870039477944374,4.097999572753906,15.756428446620703,6.231168031692505,4708.641072462325,1.451785922050476,2.9209416000000002e-05,16,2048,,9930.667650938034
adammini-softmax_fisher_projector-r8,adammini,softmax_fisher_projector,8,1.1B,sdpa,666,1427,46792704,2.4555232524871826,11.6525291688358,nan,nan,nan,nan,23.97112798690796,4.097999572753906,0.01870039477944374,4.097999572753906,15.756428446620703,6.230878591537476,4708.98464566683,1.479692816734314,2.880942399999999e-05,16,2048,,9936.901705026627
adammini-softmax_fisher_projector-r8,adammini,softmax_fisher_projector,8,1.1B,sdpa,666,1428,46825472,2.3329339027404785,10.308140292322994,nan,nan,nan,nan,23.97112798690796,4.097999572753906,0.01870039477944374,4.097999572753906,15.756428446620703,6.223312616348267,4709.331365850616,1.6096490621566772,2.840943199999998e-05,16,2048,,9943.128188371658
adammini-softmax_fisher_projector-r8,adammini,softmax_fisher_projector,8,1.1B,sdpa,666,1429,46858240,2.480947256088257,11.952581212375446,nan,nan,nan,nan,23.97112798690796,4.097999572753906,0.01870039477944374,4.097999572753906,15.756428446620703,6.213338851928711,4709.682407161663,1.428176760673523,2.8009440000000026e-05,16,2048,,9949.344658613205
adammini-softmax_fisher_projector-r8,adammini,softmax_fisher_projector,8,1.1B,sdpa,666,1430,46891008,2.1390979290008545,8.49177398978503,nan,nan,nan,nan,23.97112798690796,4.097999572753906,0.01870039477944374,4.097999572753906,15.756428446620703,6.234718561172485,4710.022887788828,1.460766077041626,2.7609448000000012e-05,16,2048,,9955.582597255707
adammini-softmax_fisher_projector-r8,adammini,softmax_fisher_projector,8,1.1B,sdpa,666,1431,46923776,2.481666326522827,11.961179050997375,nan,nan,nan,nan,23.97112798690796,4.097999572753906,0.01870039477944374,4.097999572753906,15.756428446620703,6.250839710235596,4710.355292331152,1.4715723991394043,2.7209456e-05,16,2048,,9961.836474180222
adammini-softmax_fisher_projector-r8,adammini,softmax_fisher_projector,8,1.1B,sdpa,666,1432,46956544,2.374887466430664,10.749803404260359,nan,nan,nan,nan,23.97112798690796,4.097999572753906,0.01870039477944374,4.097999572753906,15.756428446620703,6.252028703689575,4710.6867801849785,1.5940011739730835,2.6809463999999993e-05,16,2048,,9968.091459989548
adammini-softmax_fisher_projector-r8,adammini,softmax_fisher_projector,8,1.1B,sdpa,666,1433,46989312,2.4298315048217773,11.356968324374801,nan,nan,nan,nan,23.97112798690796,4.097999572753906,0.01870039477944374,4.097999572753906,15.756428446620703,6.1914918422698975,4711.046458341987,1.461613655090332,2.6409471999999978e-05,16,2048,,9974.286196947098
adammini-softmax_fisher_projector-r8,adammini,softmax_fisher_projector,8,1.1B,sdpa,666,1434,47022080,2.3749353885650635,10.750318570127689,nan,nan,nan,nan,23.97112798690796,4.097999572753906,0.01870039477944374,4.097999572753906,15.756428446620703,6.209031343460083,4711.397317335786,1.4374167919158936,2.600948000000002e-05,16,2048,,9980.498687267303
adammini-softmax_fisher_projector-r8,adammini,softmax_fisher_projector,8,1.1B,sdpa,666,1435,47054848,2.380751371383667,10.813024409512899,nan,nan,nan,nan,23.97112798690796,4.097999572753906,0.01870039477944374,4.097999572753906,15.756428446620703,6.230422496795654,4711.7375422843215,1.3669484853744507,2.560948800000001e-05,16,2048,,9986.73236656189
adammini-softmax_fisher_projector-r8,adammini,softmax_fisher_projector,8,1.1B,sdpa,666,1436,47087616,2.4915075302124023,12.079472570999725,nan,nan,nan,nan,23.97112798690796,4.097999572753906,0.01870039477944374,4.097999572753906,15.756428446620703,6.219914197921753,4712.08242071326,1.6133188009262085,2.5209496e-05,16,2048,,9992.955392122269
adammini-softmax_fisher_projector-r8,adammini,softmax_fisher_projector,8,1.1B,sdpa,666,1437,47120384,2.362107753753662,10.613298112467632,nan,nan,nan,nan,23.97112798690796,4.097999572753906,0.01870039477944374,4.097999572753906,15.756428446620703,6.2191550731658936,4712.427260547409,1.4627866744995117,2.480950399999999e-05,16,2048,,9999.177592039108
adammini-softmax_fisher_projector-r8,adammini,softmax_fisher_projector,8,1.1B,sdpa,666,1438,47153152,2.3369510173797607,10.349632557390334,nan,nan,nan,nan,23.97112798690796,4.097999572753906,0.01870039477944374,4.097999572753906,15.756428446620703,6.208659410476685,4712.776655382099,1.6716669797897339,2.4409511999999976e-05,16,2048,,10005.389333248138
adammini-softmax_fisher_projector-r8,adammini,softmax_fisher_projector,8,1.1B,sdpa,666,1439,47185920,2.401217222213745,11.036602205246448,nan,nan,nan,nan,23.97112798690796,4.097999572753906,0.01870039477944374,4.097999572753906,15.756428446620703,6.213428735733032,4713.123339651182,1.3647892475128174,2.400952000000002e-05,16,2048,,10011.605986356735
adammini-softmax_fisher_projector-r8,adammini,softmax_fisher_projector,8,1.1B,sdpa,666,1440,47218688,2.4639174938201904,11.75075499970809,nan,nan,nan,nan,23.97112798690796,4.097999572753906,0.01870039477944374,4.097999572753906,15.756428446620703,6.217975616455078,4713.467409435743,1.4375275373458862,2.3609528000000008e-05,16,2048,,10017.827258825302
adammini-softmax_fisher_projector-r8,adammini,softmax_fisher_projector,8,1.1B,sdpa,666,1441,47251456,2.3429408073425293,10.411810713749308,nan,nan,nan,nan,23.97112798690796,4.097999572753906,0.01870039477944374,4.097999572753906,15.756428446620703,6.207958459854126,4713.815731215018,1.479478120803833,2.3209535999999997e-05,16,2048,,10024.038000822067
adammini-softmax_fisher_projector-r8,adammini,softmax_fisher_projector,8,1.1B,sdpa,666,1442,47284224,2.481647491455078,11.96095376350125,nan,nan,nan,nan,23.97112798690796,4.097999572753906,0.01870039477944374,4.097999572753906,15.756428446620703,6.237225770950317,4714.150013842935,1.3894659280776978,2.280954399999999e-05,16,2048,,10030.278549909592
adammini-softmax_fisher_projector-r8,adammini,softmax_fisher_projector,8,1.1B,sdpa,666,1443,47316992,2.211073875427246,9.12551079491904,nan,nan,nan,nan,23.97112798690796,4.097999572753906,0.01870039477944374,4.097999572753906,15.756428446620703,6.2229344844818115,4714.490483018711,1.3283337354660034,2.2409551999999975e-05,16,2048,,10036.504535198212
adammini-softmax_fisher_projector-r8,adammini,softmax_fisher_projector,8,1.1B,sdpa,666,1444,47349760,2.4532630443573,11.62622176897359,nan,nan,nan,nan,23.97112798690796,4.097999572753906,0.01870039477944374,4.097999572753906,15.756428446620703,6.204469203948975,4714.839256165074,1.4960451126098633,2.2009560000000018e-05,16,2048,,10042.712162733078
adammini-softmax_fisher_projector-r8,adammini,softmax_fisher_projector,8,1.1B,sdpa,666,1445,47382528,2.4112977981567383,11.148420159728436,nan,nan,nan,nan,23.97112798690796,4.097999572753906,0.01870039477944374,4.097999572753906,15.756428446620703,6.223307132720947,4715.178718400159,1.4471739530563354,2.1609568000000006e-05,16,2048,,10048.938561439514
adammini-softmax_fisher_projector-r8,adammini,softmax_fisher_projector,8,1.1B,sdpa,666,1446,47415296,2.411259174346924,11.147989573583947,nan,nan,nan,nan,23.97112798690796,4.097999572753906,0.01870039477944374,4.097999572753906,15.756428446620703,6.208051919937134,4715.524938768856,2.0862085819244385,2.1209576e-05,16,2048,,10055.149764299393
adammini-softmax_fisher_projector-r8,adammini,softmax_fisher_projector,8,1.1B,sdpa,666,1447,47448064,2.1731390953063965,8.785820325965373,nan,nan,nan,nan,23.97112798690796,4.097999572753906,0.01870039477944374,4.097999572753906,15.756428446620703,6.209355354309082,4715.870108112914,4.434415817260742,2.0809583999999984e-05,16,2048,,10061.362368106842
adammini-softmax_fisher_projector-r8,adammini,softmax_fisher_projector,8,1.1B,sdpa,666,1448,47480832,2.3249127864837646,10.225788219953246,nan,nan,nan,nan,23.97112798690796,4.097999572753906,0.01870039477944374,4.097999572753906,15.756428446620703,6.215956926345825,4716.211709553054,1.6806299686431885,2.0409591999999973e-05,16,2048,,10067.581547021866
adammini-softmax_fisher_projector-r8,adammini,softmax_fisher_projector,8,1.1B,sdpa,666,1449,47513600,2.5247066020965576,12.487230998694455,nan,nan,nan,nan,23.97112798690796,4.097999572753906,0.01870039477944374,4.097999572753906,15.756428446620703,6.215475797653198,4716.5531197198925,1.585287094116211,2.0009600000000016e-05,16,2048,,10073.80014181137
adammini-softmax_fisher_projector-r8,adammini,softmax_fisher_projector,8,1.1B,sdpa,666,1450,47546368,2.205570936203003,9.075431581434776,2.457795891083607,11.679041271173379,nan,nan,23.97112798690796,4.097999572753906,0.01870039477944374,4.097999572753906,15.756428446620703,6.211534261703491,4716.895950154424,1.417348027229309,1.9609608000000005e-05,16,2048,,10093.544027090073
adammini-softmax_fisher_projector-r8,adammini,softmax_fisher_projector,8,1.1B,sdpa,666,1451,47579136,2.2624351978302,9.606454322551588,nan,nan,nan,nan,23.97112798690796,4.097999572753906,0.01870039477944374,4.097999572753906,15.756428446620703,6.234230041503906,4710.908845669333,1.4606719017028809,1.9209615999999997e-05,16,2048,,10099.781428098679
adammini-softmax_fisher_projector-r8,adammini,softmax_fisher_projector,8,1.1B,sdpa,666,1452,47611904,2.363152027130127,10.624387086075204,nan,nan,nan,nan,23.97112798690796,4.097999572753906,0.01870039477944374,4.097999572753906,15.756428446620703,6.227151870727539,4711.247016283794,1.4089419841766357,1.8809623999999982e-05,16,2048,,10106.011787891388
adammini-softmax_fisher_projector-r8,adammini,softmax_fisher_projector,8,1.1B,sdpa,666,1453,47644672,2.0852861404418945,8.046893694021442,nan,nan,nan,nan,23.97112798690796,4.097999572753906,0.01870039477944374,4.097999572753906,15.756428446620703,6.2036426067352295,4711.5957029808405,1.7906174659729004,1.8409632000000025e-05,16,2048,,10112.218747377396
adammini-softmax_fisher_projector-r8,adammini,softmax_fisher_projector,8,1.1B,sdpa,666,1454,47677440,2.217257022857666,9.182109973753874,nan,nan,nan,nan,23.97112798690796,4.097999572753906,0.01870039477944374,4.097999572753906,15.756428446620703,6.208775997161865,4711.94152030786,1.3237589597702026,1.8009640000000014e-05,16,2048,,10118.430808067322
adammini-softmax_fisher_projector-r8,adammini,softmax_fisher_projector,8,1.1B,sdpa,666,1455,47710208,2.420025110244751,11.246141704707101,nan,nan,nan,nan,23.97112798690796,4.097999572753906,0.01870039477944374,4.097999572753906,15.756428446620703,6.213095426559448,4712.284909551358,1.5575850009918213,1.7609648000000003e-05,16,2048,,10124.647234201431
adammini-softmax_fisher_projector-r8,adammini,softmax_fisher_projector,8,1.1B,sdpa,666,1456,47742976,2.0616209506988525,7.858698053706233,nan,nan,nan,nan,23.97112798690796,4.097999572753906,0.01870039477944374,4.097999572753906,15.756428446620703,6.209766864776611,4712.62941898115,1.371303915977478,1.7209655999999995e-05,16,2048,,10130.86035323143
adammini-softmax_fisher_projector-r8,adammini,softmax_fisher_projector,8,1.1B,sdpa,666,1457,47775744,2.361966848373413,10.611802747016391,nan,nan,nan,nan,23.97112798690796,4.097999572753906,0.01870039477944374,4.097999572753906,15.756428446620703,6.1929309368133545,4712.98131770541,1.5780607461929321,1.680966399999998e-05,16,2048,,10137.056437015533
adammini-softmax_fisher_projector-r8,adammini,softmax_fisher_projector,8,1.1B,sdpa,666,1458,47808512,2.3403334617614746,10.384698885406364,nan,nan,nan,nan,23.97112798690796,4.097999572753906,0.01870039477944374,4.097999572753906,15.756428446620703,6.184951305389404,4713.3365886177135,1.4785116910934448,1.6409672000000024e-05,16,2048,,10143.244460105896
adammini-softmax_fisher_projector-r8,adammini,softmax_fisher_projector,8,1.1B,sdpa,666,1459,47841280,2.389312505722046,10.905993556935332,nan,nan,nan,nan,23.97112798690796,4.097999572753906,0.01870039477944374,4.097999572753906,15.756428446620703,6.211277484893799,4713.679228820135,1.695264220237732,1.6009680000000012e-05,16,2048,,10149.458988666534
adammini-softmax_fisher_projector-r8,adammini,softmax_fisher_projector,8,1.1B,sdpa,666,1460,47874048,2.456592321395874,11.664993186737727,nan,nan,nan,nan,23.97112798690796,4.097999572753906,0.01870039477944374,4.097999572753906,15.756428446620703,6.195278167724609,4714.028805933019,1.440043330192566,1.5609688e-05,16,2048,,10155.657615661621
adammini-softmax_fisher_projector-r8,adammini,softmax_fisher_projector,8,1.1B,sdpa,666,1461,47906816,2.4339115619659424,11.403400061781792,nan,nan,nan,nan,23.97112798690796,4.097999572753906,0.01870039477944374,4.097999572753906,15.756428446620703,6.216782093048096,4714.367945462118,1.35546875,1.5209695999999992e-05,16,2048,,10161.877603769302
adammini-softmax_fisher_projector-r8,adammini,softmax_fisher_projector,8,1.1B,sdpa,666,1462,47939584,2.420407772064209,11.250445997245391,nan,nan,nan,nan,23.97112798690796,4.097999572753906,0.01870039477944374,4.097999572753906,15.756428446620703,6.221536159515381,4714.704493359146,1.6810555458068848,1.4809703999999979e-05,16,2048,,10168.102418422699
adammini-softmax_fisher_projector-r8,adammini,softmax_fisher_projector,8,1.1B,sdpa,666,1463,47972352,2.5226571559906006,12.461665298460872,nan,nan,nan,nan,23.97112798690796,4.097999572753906,0.01870039477944374,4.097999572753906,15.756428446620703,6.205227375030518,4715.048152008055,1.5316693782806396,1.4409712000000023e-05,16,2048,,10174.310903549194
adammini-softmax_fisher_projector-r8,adammini,softmax_fisher_projector,8,1.1B,sdpa,666,1464,48005120,2.389786958694458,10.911169165689918,nan,nan,nan,nan,23.97112798690796,4.097999572753906,0.01870039477944374,4.097999572753906,15.756428446620703,6.209322690963745,4715.389535939965,1.922415852546692,1.4009720000000012e-05,16,2048,,10180.523466348648
adammini-softmax_fisher_projector-r8,adammini,softmax_fisher_projector,8,1.1B,sdpa,666,1465,48037888,3.1288928985595703,22.848669739585745,nan,nan,nan,nan,23.97112798690796,4.097999572753906,0.01870039477944374,4.097999572753906,15.756428446620703,6.2120935916900635,4715.729242377276,1.9410066604614258,1.3609728e-05,16,2048,,10186.7387945652
adammini-softmax_fisher_projector-r8,adammini,softmax_fisher_projector,8,1.1B,sdpa,666,1466,48070656,3.8845643997192383,48.64574774223878,nan,nan,nan,nan,23.97112798690796,4.097999572753906,0.01870039477944374,4.097999572753906,15.756428446620703,6.171810626983643,4716.087146781917,2.394951343536377,1.320973599999999e-05,16,2048,,10192.91385602951
adammini-softmax_fisher_projector-r8,adammini,softmax_fisher_projector,8,1.1B,sdpa,666,1467,48103424,2.4014334678649902,11.038989080544255,nan,nan,nan,nan,23.97112798690796,4.097999572753906,0.01870039477944374,4.097999572753906,15.756428446620703,6.240675926208496,4716.412772966192,1.4357973337173462,1.2809743999999977e-05,16,2048,,10199.157794952393
adammini-softmax_fisher_projector-r8,adammini,softmax_fisher_projector,8,1.1B,sdpa,666,1468,48136192,2.6944081783294678,14.7967591187725,nan,nan,nan,nan,23.97112798690796,4.097999572753906,0.01870039477944374,4.097999572753906,15.756428446620703,6.161470413208008,4716.774606475538,1.4714871644973755,1.2409752000000022e-05,16,2048,,10205.322387695312
adammini-softmax_fisher_projector-r8,adammini,softmax_fisher_projector,8,1.1B,sdpa,666,1469,48168960,2.1091485023498535,8.241220915892876,nan,nan,nan,nan,23.97112798690796,4.097999572753906,0.01870039477944374,4.097999572753906,15.756428446620703,6.202957630157471,4717.116885209384,1.9626539945602417,1.200976000000001e-05,16,2048,,10211.52865934372
adammini-softmax_fisher_projector-r8,adammini,softmax_fisher_projector,8,1.1B,sdpa,666,1470,48201728,1.1924806833267212,3.295245537299604,nan,nan,nan,nan,23.97112798690796,4.097999572753906,0.01870039477944374,4.097999572753906,15.756428446620703,6.158416032791138,4717.479251158047,1.8872425556182861,1.1609767999999998e-05,16,2048,,10217.690260887146
adammini-softmax_fisher_projector-r8,adammini,softmax_fisher_projector,8,1.1B,sdpa,666,1471,48234496,2.1789543628692627,8.83706106682721,nan,nan,nan,nan,23.97112798690796,4.097999572753906,0.01870039477944374,4.097999572753906,15.756428446620703,6.213191032409668,4717.815932015707,1.3215904235839844,1.1209775999999988e-05,16,2048,,10223.906680583954
adammini-softmax_fisher_projector-r8,adammini,softmax_fisher_projector,8,1.1B,sdpa,666,1472,48267264,2.3589699268341064,10.580047614380966,nan,nan,nan,nan,23.97112798690796,4.097999572753906,0.01870039477944374,4.097999572753906,15.756428446620703,6.225011825561523,4718.146736098117,1.3509522676467896,1.0809783999999975e-05,16,2048,,10230.135025978088
adammini-softmax_fisher_projector-r8,adammini,softmax_fisher_projector,8,1.1B,sdpa,666,1473,48300032,2.229463577270508,9.294878757713287,nan,nan,nan,nan,23.97112798690796,4.097999572753906,0.01870039477944374,4.097999572753906,15.756428446620703,6.2213544845581055,4718.478814147914,1.7129340171813965,1.040979200000002e-05,16,2048,,10236.359640836716
adammini-softmax_fisher_projector-r8,adammini,softmax_fisher_projector,8,1.1B,sdpa,666,1474,48332800,2.320491075515747,10.180672557740326,nan,nan,nan,nan,23.97112798690796,4.097999572753906,0.01870039477944374,4.097999572753906,15.756428446620703,6.220726013183594,4718.810784157325,1.3739854097366333,1.0009800000000009e-05,16,2048,,10242.583638906479
adammini-softmax_fisher_projector-r8,adammini,softmax_fisher_projector,8,1.1B,sdpa,666,1475,48365568,2.1244993209838867,8.36870640333255,nan,nan,nan,nan,23.97112798690796,4.097999572753906,0.01870039477944374,4.097999572753906,15.756428446620703,6.219508409500122,4719.142912057296,1.6190128326416016,9.609807999999998e-06,16,2048,,10248.80648469925
adammini-softmax_fisher_projector-r8,adammini,softmax_fisher_projector,8,1.1B,sdpa,666,1476,48398336,2.484022617340088,11.989396298323804,nan,nan,nan,nan,23.97112798690796,4.097999572753906,0.01870039477944374,4.097999572753906,15.756428446620703,6.213508129119873,4719.477361963016,1.5021775960922241,9.209815999999985e-06,16,2048,,10255.023295164108
adammini-softmax_fisher_projector-r8,adammini,softmax_fisher_projector,8,1.1B,sdpa,666,1477,48431104,2.445265293121338,11.533608980131131,nan,nan,nan,nan,23.97112798690796,4.097999572753906,0.01870039477944374,4.097999572753906,15.756428446620703,6.203199863433838,4719.816166481823,1.5125521421432495,8.809823999999973e-06,16,2048,,10261.229793548584
adammini-softmax_fisher_projector-r8,adammini,softmax_fisher_projector,8,1.1B,sdpa,666,1478,48463872,2.36016845703125,10.592735722955808,nan,nan,nan,nan,23.97112798690796,4.097999572753906,0.01870039477944374,4.097999572753906,15.756428446620703,6.207942485809326,4720.152391527088,1.4751986265182495,8.409832000000018e-06,16,2048,,10267.44089102745
adammini-softmax_fisher_projector-r8,adammini,softmax_fisher_projector,8,1.1B,sdpa,666,1479,48496640,2.0765187740325928,7.976651995838646,nan,nan,nan,nan,23.97112798690796,4.097999572753906,0.01870039477944374,4.097999572753906,15.756428446620703,6.205175876617432,4720.489504436829,1.5743894577026367,8.009840000000005e-06,16,2048,,10273.649318695068
adammini-softmax_fisher_projector-r8,adammini,softmax_fisher_projector,8,1.1B,sdpa,666,1480,48529408,2.2574641704559326,9.558818871803073,nan,nan,nan,nan,23.97112798690796,4.097999572753906,0.01870039477944374,4.097999572753906,15.756428446620703,6.194463491439819,4720.831117683542,1.514974594116211,7.609847999999996e-06,16,2048,,10279.847229242325
adammini-softmax_fisher_projector-r8,adammini,softmax_fisher_projector,8,1.1B,sdpa,666,1481,48562176,2.174360752105713,8.796560141953057,nan,nan,nan,nan,23.97112798690796,4.097999572753906,0.01870039477944374,4.097999572753906,15.756428446620703,6.199889421463013,4721.169790851681,1.6904510259628296,7.209855999999984e-06,16,2048,,10286.0502846241
adammini-softmax_fisher_projector-r8,adammini,softmax_fisher_projector,8,1.1B,sdpa,666,1482,48594944,2.2492153644561768,9.480294341403415,nan,nan,nan,nan,23.97112798690796,4.097999572753906,0.01870039477944374,4.097999572753906,15.756428446620703,6.2034525871276855,4721.506487039654,1.5266478061676025,6.809863999999972e-06,16,2048,,10292.256930828094
adammini-softmax_fisher_projector-r8,adammini,softmax_fisher_projector,8,1.1B,sdpa,666,1483,48627712,2.32104229927063,10.186285933265669,nan,nan,nan,nan,23.97112798690796,4.097999572753906,0.01870039477944374,4.097999572753906,15.756428446620703,6.214565992355347,4721.8376815721795,1.436477780342102,6.409872000000016e-06,16,2048,,10298.474603176117
adammini-softmax_fisher_projector-r8,adammini,softmax_fisher_projector,8,1.1B,sdpa,666,1484,48660480,2.294565200805664,9.920121813476019,nan,nan,nan,nan,23.97112798690796,4.097999572753906,0.01870039477944374,4.097999572753906,15.756428446620703,6.208592176437378,4722.17125000796,1.5144355297088623,6.009880000000005e-06,16,2048,,10304.686418294907
adammini-softmax_fisher_projector-r8,adammini,softmax_fisher_projector,8,1.1B,sdpa,666,1485,48693248,2.3924272060394287,10.940015414969654,nan,nan,nan,nan,23.97112798690796,4.097999572753906,0.01870039477944374,4.097999572753906,15.756428446620703,6.191286087036133,4722.512292040629,1.3969666957855225,5.609887999999993e-06,16,2048,,10310.880808353424
adammini-softmax_fisher_projector-r8,adammini,softmax_fisher_projector,8,1.1B,sdpa,666,1486,48726016,2.427628993988037,11.331982005022287,nan,nan,nan,nan,23.97112798690796,4.097999572753906,0.01870039477944374,4.097999572753906,15.756428446620703,6.192775011062622,4722.852302655021,1.5447556972503662,5.209895999999982e-06,16,2048,,10317.076785326004
adammini-softmax_fisher_projector-r8,adammini,softmax_fisher_projector,8,1.1B,sdpa,666,1487,48758784,2.545231342315674,12.746176474990524,nan,nan,nan,nan,23.97112798690796,4.097999572753906,0.01870039477944374,4.097999572753906,15.756428446620703,6.1945953369140625,4723.19102264677,1.5510051250457764,4.809904000000027e-06,16,2048,,10323.274614334106
adammini-softmax_fisher_projector-r8,adammini,softmax_fisher_projector,8,1.1B,sdpa,666,1488,48791552,2.379258394241333,10.796892856246554,nan,nan,nan,nan,23.97112798690796,4.097999572753906,0.01870039477944374,4.097999572753906,15.756428446620703,6.201351165771484,4723.526235152051,1.4285818338394165,4.409912000000014e-06,16,2048,,10329.47897696495
adammini-softmax_fisher_projector-r8,adammini,softmax_fisher_projector,8,1.1B,sdpa,666,1489,48824320,2.271418571472168,9.693141479689244,nan,nan,nan,nan,23.97112798690796,4.097999572753906,0.01870039477944374,4.097999572753906,15.756428446620703,6.200784206390381,4723.861352485588,1.8123018741607666,4.009920000000003e-06,16,2048,,10335.683129310608
adammini-softmax_fisher_projector-r8,adammini,softmax_fisher_projector,8,1.1B,sdpa,666,1490,48857088,2.142186164855957,8.5180391262872,nan,nan,nan,nan,23.97112798690796,4.097999572753906,0.01870039477944374,4.097999572753906,15.756428446620703,6.201634645462036,4724.195624166393,1.4988360404968262,3.609927999999992e-06,16,2048,,10341.88810968399
adammini-softmax_fisher_projector-r8,adammini,softmax_fisher_projector,8,1.1B,sdpa,666,1491,48889856,2.5868875980377197,13.288348492026444,nan,nan,nan,nan,23.97112798690796,4.097999572753906,0.01870039477944374,4.097999572753906,15.756428446620703,6.222907543182373,4724.519747472937,1.4567352533340454,3.2099359999999806e-06,16,2048,,10348.114184617996
adammini-softmax_fisher_projector-r8,adammini,softmax_fisher_projector,8,1.1B,sdpa,666,1492,48922624,2.273178815841675,9.71021880312346,nan,nan,nan,nan,23.97112798690796,4.097999572753906,0.01870039477944374,4.097999572753906,15.756428446620703,6.213378429412842,4724.847888447531,1.4749045372009277,2.809944000000025e-06,16,2048,,10354.330769062042
adammini-softmax_fisher_projector-r8,adammini,softmax_fisher_projector,8,1.1B,sdpa,666,1493,48955392,2.2123677730560303,9.137325913826821,nan,nan,nan,nan,23.97112798690796,4.097999572753906,0.01870039477944374,4.097999572753906,15.756428446620703,6.207940578460693,4725.1781084161175,1.4404619932174683,2.4099520000000133e-06,16,2048,,10360.541942834854
adammini-softmax_fisher_projector-r8,adammini,softmax_fisher_projector,8,1.1B,sdpa,666,1494,48988160,2.685774803161621,14.669563001977638,nan,nan,nan,nan,23.97112798690796,4.097999572753906,0.01870039477944374,4.097999572753906,15.756428446620703,6.200736999511719,4725.511211103146,1.4652481079101562,2.0099600000000017e-06,16,2048,,10366.745863676071
adammini-softmax_fisher_projector-r8,adammini,softmax_fisher_projector,8,1.1B,sdpa,666,1495,49020928,2.37723708152771,10.775091001055133,nan,nan,nan,nan,23.97112798690796,4.097999572753906,0.01870039477944374,4.097999572753906,15.756428446620703,6.212533950805664,4725.838554638283,1.360530972480774,1.6099679999999903e-06,16,2048,,10372.961637735367
adammini-softmax_fisher_projector-r8,adammini,softmax_fisher_projector,8,1.1B,sdpa,666,1496,49053696,2.1881048679351807,8.918295741210828,nan,nan,nan,nan,23.97112798690796,4.097999572753906,0.01870039477944374,4.097999572753906,15.756428446620703,6.1891703605651855,4726.176062791708,1.3604328632354736,1.209975999999979e-06,16,2048,,10379.154085874557
adammini-softmax_fisher_projector-r8,adammini,softmax_fisher_projector,8,1.1B,sdpa,666,1497,49086464,2.62180757522583,13.760574391824159,nan,nan,nan,nan,23.97112798690796,4.097999572753906,0.01870039477944374,4.097999572753906,15.756428446620703,6.208561658859253,4726.504410275068,1.4474287033081055,8.099840000000229e-07,16,2048,,10385.365956544876
adammini-softmax_fisher_projector-r8,adammini,softmax_fisher_projector,8,1.1B,sdpa,666,1498,49119232,2.480134963989258,11.94287616729334,nan,nan,nan,nan,23.97112798690796,4.097999572753906,0.01870039477944374,4.097999572753906,15.756428446620703,6.212304592132568,4726.830614174477,1.6276836395263672,4.0999200000001147e-07,16,2048,,10391.581659555435
adammini-softmax_fisher_projector-r8,adammini,softmax_fisher_projector,8,1.1B,sdpa,666,1499,49152000,2.3553943634033203,10.542285533623774,nan,nan,nan,nan,23.97112798690796,4.097999572753906,0.01870039477944374,4.097999572753906,15.756428446620703,6.2261693477630615,4727.1501424077815,1.4039995670318604,1e-08,16,2048,,10397.811043262482
