run_name,opt,proj,rank,size,attention,seed,step,tokens_seen,train_loss,train_ppl_capped,val_loss,val_perplexity,test_loss,test_perplexity,vram_total_peak_gb,vram_model_gb,vram_optimizer_gb,vram_gradients_gb,vram_activations_gb,iter_time,tokens_per_sec,grad_norm,lr,batch_size,sequence_length,max_projected_params,wall_time_sec
adammini-galore2-r8,adammini,galore2,8,1.1B,sdpa,666,0,32768,2.5204966068267822,12.434770322341665,nan,nan,nan,nan,22.17638635635376,4.097999572753906,0.01870039477944374,4.097999572753906,13.961686816066504,12.206144332885742,2684.4902525932366,2.5158324241638184,2e-06,16,2048,,12.209030628204346
adammini-galore2-r8,adammini,galore2,8,1.1B,sdpa,666,1,65536,2.550102472305298,12.808416223355094,nan,nan,nan,nan,22.217557430267334,4.097999572753906,0.01870039477944374,4.097999572753906,14.002857889980078,6.149153709411621,3569.5240080366843,3.142854928970337,4e-06,16,2048,,18.38977551460266
adammini-galore2-r8,adammini,galore2,8,1.1B,sdpa,666,2,98304,2.6485157012939453,14.133045408100744,nan,nan,nan,nan,22.217557430267334,4.097999572753906,0.01870039477944374,4.097999572753906,14.002857889980078,6.164262056350708,4003.3142204110986,2.295527696609497,6e-06,16,2048,,24.585388660430908
adammini-galore2-r8,adammini,galore2,8,1.1B,sdpa,666,3,131072,2.3559019565582275,10.547638083941747,nan,nan,nan,nan,22.217557430267334,4.097999572753906,0.01870039477944374,4.097999572753906,14.002857889980078,6.1482367515563965,4264.584099994275,2.11037540435791,8e-06,16,2048,,30.764779806137085
adammini-galore2-r8,adammini,galore2,8,1.1B,sdpa,666,4,163840,2.5085554122924805,12.28716734279393,nan,nan,nan,nan,22.217557430267334,4.097999572753906,0.01870039477944374,4.097999572753906,14.002857889980078,6.188042640686035,4433.603557635231,2.2388532161712646,1e-05,16,2048,,36.98374152183533
adammini-galore2-r8,adammini,galore2,8,1.1B,sdpa,666,5,196608,2.3420093059539795,10.402116613347085,nan,nan,nan,nan,22.217557430267334,4.097999572753906,0.01870039477944374,4.097999572753906,14.002857889980078,6.147311687469482,4558.2426047362105,1.7148914337158203,1.2e-05,16,2048,,43.16213893890381
adammini-galore2-r8,adammini,galore2,8,1.1B,sdpa,666,6,229376,2.299226760864258,9.966473007600898,nan,nan,nan,nan,22.217557430267334,4.097999572753906,0.01870039477944374,4.097999572753906,14.002857889980078,6.147768020629883,4651.613501333633,2.0756282806396484,1.4e-05,16,2048,,49.34060287475586
adammini-galore2-r8,adammini,galore2,8,1.1B,sdpa,666,7,262144,2.4889345169067383,12.048431878531648,nan,nan,nan,nan,22.217557430267334,4.097999572753906,0.01870039477944374,4.097999572753906,14.002857889980078,6.170084714889526,4722.300579220226,1.8866873979568481,1.6e-05,16,2048,,55.541417598724365
adammini-galore2-r8,adammini,galore2,8,1.1B,sdpa,666,8,294912,2.5947964191436768,13.39386035027405,nan,nan,nan,nan,22.217557430267334,4.097999572753906,0.01870039477944374,4.097999572753906,14.002857889980078,6.165573835372925,4779.1074222105535,2.0335185527801514,1.8e-05,16,2048,,61.73831629753113
adammini-galore2-r8,adammini,galore2,8,1.1B,sdpa,666,9,327680,2.367459774017334,10.67025297486702,nan,nan,nan,nan,22.217557430267334,4.097999572753906,0.01870039477944374,4.097999572753906,14.002857889980078,6.156805038452148,4826.181420020096,1.8035517930984497,2e-05,16,2048,,67.92585921287537
adammini-galore2-r8,adammini,galore2,8,1.1B,sdpa,666,10,360448,2.4603068828582764,11.708404097220752,nan,nan,nan,nan,22.217557430267334,4.097999572753906,0.01870039477944374,4.097999572753906,14.002857889980078,6.180546998977661,4863.835577324232,1.5978902578353882,2.2e-05,16,2048,,74.13764643669128
adammini-galore2-r8,adammini,galore2,8,1.1B,sdpa,666,11,393216,2.021005153656006,7.545905917917896,nan,nan,nan,nan,22.217557430267334,4.097999572753906,0.01870039477944374,4.097999572753906,14.002857889980078,6.166791200637817,4896.498154077572,1.873153805732727,2.4e-05,16,2048,,80.33523058891296
adammini-galore2-r8,adammini,galore2,8,1.1B,sdpa,666,12,425984,2.2763192653656006,9.740761188448849,nan,nan,nan,nan,22.217557430267334,4.097999572753906,0.01870039477944374,4.097999572753906,14.002857889980078,6.19612979888916,4922.812385888291,1.7166681289672852,2.6e-05,16,2048,,86.56240344047546
adammini-galore2-r8,adammini,galore2,8,1.1B,sdpa,666,13,458752,2.548785924911499,12.791564431882714,nan,nan,nan,nan,22.217557430267334,4.097999572753906,0.01870039477944374,4.097999572753906,14.002857889980078,6.16362190246582,4941.976584618707,1.7420850992202759,2.8e-05,16,2048,,92.85723924636841
adammini-galore2-r8,adammini,galore2,8,1.1B,sdpa,666,14,491520,2.3586196899414062,10.576342740209565,nan,nan,nan,nan,22.217557430267334,4.097999572753906,0.01870039477944374,4.097999572753906,14.002857889980078,6.161376953125,4963.852369793935,1.6834710836410522,3e-05,16,2048,,99.04951858520508
adammini-galore2-r8,adammini,galore2,8,1.1B,sdpa,666,15,524288,2.4872934818267822,12.028676193480115,nan,nan,nan,nan,22.217557430267334,4.097999572753906,0.01870039477944374,4.097999572753906,14.002857889980078,6.1746697425842285,4982.520342384482,1.704362154006958,3.2e-05,16,2048,,105.2554361820221
adammini-galore2-r8,adammini,galore2,8,1.1B,sdpa,666,16,557056,2.3929688930511475,10.945943084553814,nan,nan,nan,nan,22.217557430267334,4.097999572753906,0.01870039477944374,4.097999572753906,14.002857889980078,6.175990581512451,4999.038750547796,1.6635568141937256,3.4000000000000007e-05,16,2048,,111.4623818397522
adammini-galore2-r8,adammini,galore2,8,1.1B,sdpa,666,17,589824,2.389864444732666,10.91201466171743,nan,nan,nan,nan,22.217557430267334,4.097999572753906,0.01870039477944374,4.097999572753906,14.002857889980078,6.186344623565674,5013.363300128424,2.106640100479126,3.6e-05,16,2048,,117.6801643371582
adammini-galore2-r8,adammini,galore2,8,1.1B,sdpa,666,18,622592,2.487083673477173,12.026152741509877,nan,nan,nan,nan,22.217557430267334,4.097999572753906,0.01870039477944374,4.097999572753906,14.002857889980078,6.167406797409058,5027.020277971759,1.6938062906265259,3.8e-05,16,2048,,123.87894296646118
adammini-galore2-r8,adammini,galore2,8,1.1B,sdpa,666,19,655360,2.349344253540039,10.478696103422637,nan,nan,nan,nan,22.217557430267334,4.097999572753906,0.01870039477944374,4.097999572753906,14.002857889980078,6.167524099349976,5039.380237603491,1.658373236656189,4e-05,16,2048,,130.077143907547
adammini-galore2-r8,adammini,galore2,8,1.1B,sdpa,666,20,688128,2.352559804916382,10.512445120870273,nan,nan,nan,nan,22.217557430267334,4.097999572753906,0.01870039477944374,4.097999572753906,14.002857889980078,6.204156398773193,5049.265797762412,1.6887128353118896,4.2000000000000004e-05,16,2048,,136.31250405311584
adammini-galore2-r8,adammini,galore2,8,1.1B,sdpa,666,21,720896,2.423119068145752,11.280990676516463,nan,nan,nan,nan,22.217557430267334,4.097999572753906,0.01870039477944374,4.097999572753906,14.002857889980078,6.184647560119629,5058.973875627267,1.882027268409729,4.4e-05,16,2048,,142.52822589874268
adammini-galore2-r8,adammini,galore2,8,1.1B,sdpa,666,22,753664,2.4583332538604736,11.685318839736778,nan,nan,nan,nan,22.217557430267334,4.097999572753906,0.01870039477944374,4.097999572753906,14.002857889980078,6.200798988342285,5067.321441962026,1.566872239112854,4.6e-05,16,2048,,148.75979256629944
adammini-galore2-r8,adammini,galore2,8,1.1B,sdpa,666,23,786432,2.6085476875305176,13.579315115402645,nan,nan,nan,nan,22.217557430267334,4.097999572753906,0.01870039477944374,4.097999572753906,14.002857889980078,6.181005001068115,5075.653501600924,1.7157353162765503,4.8e-05,16,2048,,154.97171759605408
adammini-galore2-r8,adammini,galore2,8,1.1B,sdpa,666,24,819200,2.278092622756958,9.75805036471318,nan,nan,nan,nan,22.217557430267334,4.097999572753906,0.01870039477944374,4.097999572753906,14.002857889980078,6.18517279624939,5083.203497819792,1.705536127090454,5e-05,16,2048,,161.1879677772522
adammini-galore2-r8,adammini,galore2,8,1.1B,sdpa,666,25,851968,2.5243334770202637,12.482572568817915,nan,nan,nan,nan,22.217557430267334,4.097999572753906,0.01870039477944374,4.097999572753906,14.002857889980078,6.173462390899658,5090.554086141542,1.6460113525390625,5.2e-05,16,2048,,167.39229083061218
adammini-galore2-r8,adammini,galore2,8,1.1B,sdpa,666,26,884736,2.2125613689422607,9.139095033776531,nan,nan,nan,nan,22.217557430267334,4.097999572753906,0.01870039477944374,4.097999572753906,14.002857889980078,6.187935829162598,5096.944598543709,1.5734081268310547,5.4e-05,16,2048,,173.61135172843933
adammini-galore2-r8,adammini,galore2,8,1.1B,sdpa,666,27,917504,2.4095447063446045,11.128893077013698,nan,nan,nan,nan,22.217557430267334,4.097999572753906,0.01870039477944374,4.097999572753906,14.002857889980078,6.178507089614868,5103.167087833127,1.742286205291748,5.6e-05,16,2048,,179.820702791214
adammini-galore2-r8,adammini,galore2,8,1.1B,sdpa,666,28,950272,2.4922890663146973,12.08891680493482,nan,nan,nan,nan,22.217557430267334,4.097999572753906,0.01870039477944374,4.097999572753906,14.002857889980078,6.165822267532349,5109.313466537589,1.5050009489059448,5.800000000000001e-05,16,2048,,186.01769018173218
adammini-galore2-r8,adammini,galore2,8,1.1B,sdpa,666,29,983040,2.269627332687378,9.675794289842255,nan,nan,nan,nan,22.217557430267334,4.097999572753906,0.01870039477944374,4.097999572753906,14.002857889980078,6.176245927810669,5114.800677595177,1.5398762226104736,6e-05,16,2048,,192.2246334552765
adammini-galore2-r8,adammini,galore2,8,1.1B,sdpa,666,30,1015808,2.2119710445404053,9.133701595063085,nan,nan,nan,nan,22.217557430267334,4.097999572753906,0.01870039477944374,4.097999572753906,14.002857889980078,6.187945604324341,5119.641514930455,3.268786907196045,6.2e-05,16,2048,,198.44368886947632
adammini-galore2-r8,adammini,galore2,8,1.1B,sdpa,666,31,1048576,2.3527750968933105,10.514708609609439,nan,nan,nan,nan,22.217557430267334,4.097999572753906,0.01870039477944374,4.097999572753906,14.002857889980078,6.162385940551758,5124.822131608862,1.8393586874008179,6.4e-05,16,2048,,204.63697957992554
adammini-galore2-r8,adammini,galore2,8,1.1B,sdpa,666,32,1081344,2.325064182281494,10.227336478515182,nan,nan,nan,nan,22.217557430267334,4.097999572753906,0.01870039477944374,4.097999572753906,14.002857889980078,6.181029558181763,5129.244789738175,1.9150267839431763,6.6e-05,16,2048,,210.84920382499695
adammini-galore2-r8,adammini,galore2,8,1.1B,sdpa,666,33,1114112,2.424165964126587,11.292806884406614,nan,nan,nan,nan,22.217557430267334,4.097999572753906,0.01870039477944374,4.097999572753906,14.002857889980078,6.172521591186523,5133.613558955531,1.6046382188796997,6.800000000000001e-05,16,2048,,217.05276703834534
adammini-galore2-r8,adammini,galore2,8,1.1B,sdpa,666,34,1146880,2.410942554473877,11.144460457264094,nan,nan,nan,nan,22.217557430267334,4.097999572753906,0.01870039477944374,4.097999572753906,14.002857889980078,6.198391914367676,5137.143473913553,1.938704013824463,7.000000000000001e-05,16,2048,,223.2820589542389
adammini-galore2-r8,adammini,galore2,8,1.1B,sdpa,666,35,1179648,2.61798095703125,13.708018547195458,nan,nan,nan,nan,22.217557430267334,4.097999572753906,0.01870039477944374,4.097999572753906,14.002857889980078,6.200392007827759,5140.4440325811365,1.6286346912384033,7.2e-05,16,2048,,229.51358032226562
adammini-galore2-r8,adammini,galore2,8,1.1B,sdpa,666,36,1212416,2.3967390060424805,10.987288416092385,nan,nan,nan,nan,22.217557430267334,4.097999572753906,0.01870039477944374,4.097999572753906,14.002857889980078,6.174675226211548,5144.1234983764125,1.6763643026351929,7.4e-05,16,2048,,235.71926093101501
adammini-galore2-r8,adammini,galore2,8,1.1B,sdpa,666,37,1245184,2.677797317504883,14.553002322276148,nan,nan,nan,nan,22.217557430267334,4.097999572753906,0.01870039477944374,4.097999572753906,14.002857889980078,6.218655824661255,5146.682364403913,1.6620670557022095,7.6e-05,16,2048,,241.96878337860107
adammini-galore2-r8,adammini,galore2,8,1.1B,sdpa,666,38,1277952,2.213627576828003,9.148844405474994,nan,nan,nan,nan,22.217557430267334,4.097999572753906,0.01870039477944374,4.097999572753906,14.002857889980078,6.129387855529785,5150.956964740325,1.4967403411865234,7.8e-05,16,2048,,248.12972974777222
adammini-galore2-r8,adammini,galore2,8,1.1B,sdpa,666,39,1310720,2.4583237171173096,11.685207400383598,nan,nan,nan,nan,22.217557430267334,4.097999572753906,0.01870039477944374,4.097999572753906,14.002857889980078,6.188577890396118,5153.832060792297,2.2435214519500732,8e-05,16,2048,,254.3490972518921
adammini-galore2-r8,adammini,galore2,8,1.1B,sdpa,666,40,1343488,2.1937546730041504,8.968824979460335,nan,nan,nan,nan,22.217557430267334,4.097999572753906,0.01870039477944374,4.097999572753906,14.002857889980078,6.145833969116211,5157.4165308903985,2.652054786682129,8.2e-05,16,2048,,260.5260605812073
adammini-galore2-r8,adammini,galore2,8,1.1B,sdpa,666,41,1376256,2.3040010929107666,10.014170029179637,nan,nan,nan,nan,22.217557430267334,4.097999572753906,0.01870039477944374,4.097999572753906,14.002857889980078,6.164613485336304,5160.472995666621,3.361156940460205,8.400000000000001e-05,16,2048,,266.7216520309448
adammini-galore2-r8,adammini,galore2,8,1.1B,sdpa,666,42,1409024,2.404871702194214,11.077009035063059,nan,nan,nan,nan,22.217557430267334,4.097999572753906,0.01870039477944374,4.097999572753906,14.002857889980078,6.18227481842041,5163.0549692281265,1.7918894290924072,8.599999999999999e-05,16,2048,,272.93477988243103
adammini-galore2-r8,adammini,galore2,8,1.1B,sdpa,666,43,1441792,2.3192224502563477,10.167765288350981,nan,nan,nan,nan,22.217557430267334,4.097999572753906,0.01870039477944374,4.097999572753906,14.002857889980078,6.207303524017334,5165.059067287205,1.7008922100067139,8.8e-05,16,2048,,279.17296719551086
adammini-galore2-r8,adammini,galore2,8,1.1B,sdpa,666,44,1474560,2.462862491607666,11.738364464354923,nan,nan,nan,nan,22.217557430267334,4.097999572753906,0.01870039477944374,4.097999572753906,14.002857889980078,6.166677951812744,5167.713815912553,2.6053903102874756,8.999999999999999e-05,16,2048,,285.3705849647522
adammini-galore2-r8,adammini,galore2,8,1.1B,sdpa,666,45,1507328,2.514683723449707,12.362698129204741,nan,nan,nan,nan,22.217557430267334,4.097999572753906,0.01870039477944374,4.097999572753906,14.002857889980078,6.197603225708008,5169.706573025107,2.2101659774780273,9.2e-05,16,2048,,291.5991551876068
adammini-galore2-r8,adammini,galore2,8,1.1B,sdpa,666,46,1540096,2.471501350402832,11.840209817871234,nan,nan,nan,nan,22.217557430267334,4.097999572753906,0.01870039477944374,4.097999572753906,14.002857889980078,6.1961400508880615,5171.640715961805,1.8646131753921509,9.400000000000001e-05,16,2048,,297.8263337612152
adammini-galore2-r8,adammini,galore2,8,1.1B,sdpa,666,47,1572864,2.3451428413391113,10.434763136640113,nan,nan,nan,nan,22.217557430267334,4.097999572753906,0.01870039477944374,4.097999572753906,14.002857889980078,6.1556785106658936,5174.181257480106,1.5581427812576294,9.6e-05,16,2048,,304.01304864883423
adammini-galore2-r8,adammini,galore2,8,1.1B,sdpa,666,48,1605632,2.2477471828460693,9.46638576025289,nan,nan,nan,nan,22.217557430267334,4.097999572753906,0.01870039477944374,4.097999572753906,14.002857889980078,6.172809839248657,5176.327328862641,1.7183109521865845,9.800000000000001e-05,16,2048,,310.21729040145874
adammini-galore2-r8,adammini,galore2,8,1.1B,sdpa,666,49,1638400,2.4344093799591064,11.409078292761304,nan,nan,nan,nan,22.217557430267334,4.097999572753906,0.01870039477944374,4.097999572753906,14.002857889980078,6.184321165084839,5178.209538917529,1.8151319026947021,0.0001,16,2048,,316.4323790073395
adammini-galore2-r8,adammini,galore2,8,1.1B,sdpa,666,50,1671168,2.6332685947418213,13.91919182597241,2.4590115193679756,11.693247276938722,nan,nan,22.217557430267334,4.097999572753906,0.01870039477944374,4.097999572753906,14.002857889980078,6.181623697280884,5180.065707760877,2.190413475036621,0.000102,16,2048,,334.82031059265137
adammini-galore2-r8,adammini,galore2,8,1.1B,sdpa,666,51,1703936,2.50020694732666,12.18501535614972,nan,nan,nan,nan,22.217557430267334,4.097999572753906,0.01870039477944374,4.097999572753906,14.002857889980078,6.172389030456543,4996.959768729996,2.122762680053711,0.000104,16,2048,,341.0241394042969
adammini-galore2-r8,adammini,galore2,8,1.1B,sdpa,666,52,1736704,2.4638829231262207,11.750348774974857,nan,nan,nan,nan,22.217557430267334,4.097999572753906,0.01870039477944374,4.097999572753906,14.002857889980078,6.198193073272705,5001.688155401373,1.693772315979004,0.000106,16,2048,,347.25321793556213
adammini-galore2-r8,adammini,galore2,8,1.1B,sdpa,666,53,1769472,2.1685519218444824,8.74561053926656,nan,nan,nan,nan,22.217557430267334,4.097999572753906,0.01870039477944374,4.097999572753906,14.002857889980078,6.17779016494751,5006.535434051058,1.7560030221939087,0.000108,16,2048,,353.4623529911041
adammini-galore2-r8,adammini,galore2,8,1.1B,sdpa,666,54,1802240,2.4861443042755127,12.014861048374755,nan,nan,nan,nan,22.217557430267334,4.097999572753906,0.01870039477944374,4.097999572753906,14.002857889980078,6.18465518951416,5011.119803373277,1.7625529766082764,0.00011,16,2048,,359.6778247356415
adammini-galore2-r8,adammini,galore2,8,1.1B,sdpa,666,55,1835008,1.9460158348083496,7.000739839365806,nan,nan,nan,nan,22.217557430267334,4.097999572753906,0.01870039477944374,4.097999572753906,14.002857889980078,6.1838698387146,5015.5610359474185,3.4927918910980225,0.000112,16,2048,,365.8926212787628
adammini-galore2-r8,adammini,galore2,8,1.1B,sdpa,666,56,1867776,2.1254286766052246,8.376487522825336,nan,nan,nan,nan,22.217557430267334,4.097999572753906,0.01870039477944374,4.097999572753906,14.002857889980078,6.13820743560791,5020.465182255342,1.84510338306427,0.000114,16,2048,,372.0622179508209
adammini-galore2-r8,adammini,galore2,8,1.1B,sdpa,666,57,1900544,2.2819631099700928,9.795891959337958,nan,nan,nan,nan,22.217557430267334,4.097999572753906,0.01870039477944374,4.097999572753906,14.002857889980078,6.165832042694092,5024.845250176875,1.6159783601760864,0.00011600000000000001,16,2048,,378.2589998245239
adammini-galore2-r8,adammini,galore2,8,1.1B,sdpa,666,58,1933312,2.5034337043762207,12.224396943586665,nan,nan,nan,nan,22.217557430267334,4.097999572753906,0.01870039477944374,4.097999572753906,14.002857889980078,6.171278238296509,5029.012588090262,1.6944546699523926,0.000118,16,2048,,384.4613275527954
adammini-galore2-r8,adammini,galore2,8,1.1B,sdpa,666,59,1966080,2.5044238567352295,12.236506953445842,nan,nan,nan,nan,22.217557430267334,4.097999572753906,0.01870039477944374,4.097999572753906,14.002857889980078,6.163252115249634,5033.155239954159,1.7651106119155884,0.00012,16,2048,,390.6552414894104
adammini-galore2-r8,adammini,galore2,8,1.1B,sdpa,666,60,1998848,2.1644747257232666,8.71002556265814,nan,nan,nan,nan,22.217557430267334,4.097999572753906,0.01870039477944374,4.097999572753906,14.002857889980078,6.183894395828247,5036.905762299479,1.8585485219955444,0.000122,16,2048,,396.8702051639557
adammini-galore2-r8,adammini,galore2,8,1.1B,sdpa,666,61,2031616,2.3180320262908936,10.155668538435652,nan,nan,nan,nan,22.217557430267334,4.097999572753906,0.01870039477944374,4.097999572753906,14.002857889980078,6.18240761756897,5040.55760624422,1.926794171333313,0.000124,16,2048,,403.08342146873474
adammini-galore2-r8,adammini,galore2,8,1.1B,sdpa,666,62,2064384,2.387099027633667,10.881880076340822,nan,nan,nan,nan,22.217557430267334,4.097999572753906,0.01870039477944374,4.097999572753906,14.002857889980078,6.216400384902954,5043.681464564576,1.748927116394043,0.000126,16,2048,,409.30796360969543
adammini-galore2-r8,adammini,galore2,8,1.1B,sdpa,666,63,2097152,2.4342715740203857,11.407506162344175,nan,nan,nan,nan,22.217557430267334,4.097999572753906,0.01870039477944374,4.097999572753906,14.002857889980078,6.351258039474487,5045.345545653891,1.669892430305481,0.000128,16,2048,,415.6905298233032
adammini-galore2-r8,adammini,galore2,8,1.1B,sdpa,666,64,2129920,2.6369709968566895,13.970821789691904,nan,nan,nan,nan,22.217557430267334,4.097999572753906,0.01870039477944374,4.097999572753906,14.002857889980078,6.139971017837524,5049.2182169597745,1.6355111598968506,0.00013000000000000002,16,2048,,421.8615691661835
adammini-galore2-r8,adammini,galore2,8,1.1B,sdpa,666,65,2162688,2.4251692295074463,11.304142251846542,nan,nan,nan,nan,22.217557430267334,4.097999572753906,0.01870039477944374,4.097999572753906,14.002857889980078,6.1873939037323,5052.416825403119,1.668092966079712,0.000132,16,2048,,428.07988238334656
adammini-galore2-r8,adammini,galore2,8,1.1B,sdpa,666,66,2195456,2.4307799339294434,11.367744713221112,nan,nan,nan,nan,22.217557430267334,4.097999572753906,0.01870039477944374,4.097999572753906,14.002857889980078,6.170700788497925,5055.715822526541,1.7090520858764648,0.000134,16,2048,,434.28180861473083
adammini-galore2-r8,adammini,galore2,8,1.1B,sdpa,666,67,2228224,2.4666783809661865,11.783242334438748,nan,nan,nan,nan,22.217557430267334,4.097999572753906,0.01870039477944374,4.097999572753906,14.002857889980078,6.191095590591431,5058.693094186037,1.561299443244934,0.00013600000000000003,16,2048,,440.503799200058
adammini-galore2-r8,adammini,galore2,8,1.1B,sdpa,666,68,2260992,2.4209511280059814,11.256560654992956,nan,nan,nan,nan,22.217557430267334,4.097999572753906,0.01870039477944374,4.097999572753906,14.002857889980078,6.163154125213623,5061.905843374206,1.773987054824829,0.00013800000000000002,16,2048,,446.697785615921
adammini-galore2-r8,adammini,galore2,8,1.1B,sdpa,666,69,2293760,2.4084699153900146,11.116938269010504,nan,nan,nan,nan,22.217557430267334,4.097999572753906,0.01870039477944374,4.097999572753906,14.002857889980078,6.1716156005859375,5064.933325044949,1.6223876476287842,0.00014000000000000001,16,2048,,452.90038657188416
adammini-galore2-r8,adammini,galore2,8,1.1B,sdpa,666,70,2326528,2.187082529067993,8.909182879855406,nan,nan,nan,nan,22.217557430267334,4.097999572753906,0.01870039477944374,4.097999572753906,14.002857889980078,6.1646506786346436,5067.957210830601,1.715030312538147,0.00014199999999999998,16,2048,,459.0960876941681
adammini-galore2-r8,adammini,galore2,8,1.1B,sdpa,666,71,2359296,2.3781323432922363,10.784741847409947,nan,nan,nan,nan,22.217557430267334,4.097999572753906,0.01870039477944374,4.097999572753906,14.002857889980078,6.174265384674072,5070.793623135765,1.6268185377120972,0.000144,16,2048,,465.3013129234314
adammini-galore2-r8,adammini,galore2,8,1.1B,sdpa,666,72,2392064,2.622469902038574,13.769691408091502,nan,nan,nan,nan,22.217557430267334,4.097999572753906,0.01870039477944374,4.097999572753906,14.002857889980078,6.173744201660156,5073.561532887857,1.7358648777008057,0.000146,16,2048,,471.50608253479004
adammini-galore2-r8,adammini,galore2,8,1.1B,sdpa,666,73,2424832,2.4633140563964844,11.743666293394906,nan,nan,nan,nan,22.217557430267334,4.097999572753906,0.01870039477944374,4.097999572753906,14.002857889980078,6.176679372787476,5076.227299818258,1.7408925294876099,0.000148,16,2048,,477.7135765552521
adammini-galore2-r8,adammini,galore2,8,1.1B,sdpa,666,74,2457600,2.4361703395843506,11.429186919039235,nan,nan,nan,nan,22.217557430267334,4.097999572753906,0.01870039477944374,4.097999572753906,14.002857889980078,6.18617057800293,5078.724527510103,1.6427741050720215,0.00015,16,2048,,483.9306263923645
adammini-galore2-r8,adammini,galore2,8,1.1B,sdpa,666,75,2490368,2.3595590591430664,10.586282498666488,nan,nan,nan,nan,22.217557430267334,4.097999572753906,0.01870039477944374,4.097999572753906,14.002857889980078,6.185928821563721,5081.162649596677,1.8326902389526367,0.000152,16,2048,,490.14750576019287
adammini-galore2-r8,adammini,galore2,8,1.1B,sdpa,666,76,2523136,2.4090840816497803,11.123768014492166,nan,nan,nan,nan,22.217557430267334,4.097999572753906,0.01870039477944374,4.097999572753906,14.002857889980078,6.178410768508911,5083.614748988505,1.7323685884475708,0.000154,16,2048,,496.35666704177856
adammini-galore2-r8,adammini,galore2,8,1.1B,sdpa,666,77,2555904,2.2430474758148193,9.422000900149374,nan,nan,nan,nan,22.217557430267334,4.097999572753906,0.01870039477944374,4.097999572753906,14.002857889980078,6.168573617935181,5086.108369890866,1.9955261945724487,0.000156,16,2048,,502.55621433258057
adammini-galore2-r8,adammini,galore2,8,1.1B,sdpa,666,78,2588672,2.3513717651367188,10.49996333378305,nan,nan,nan,nan,22.217557430267334,4.097999572753906,0.01870039477944374,4.097999572753906,14.002857889980078,6.178392648696899,5088.438985113142,1.8095284700393677,0.000158,16,2048,,508.765478849411
adammini-galore2-r8,adammini,galore2,8,1.1B,sdpa,666,79,2621440,2.3786098957061768,10.789893356872888,nan,nan,nan,nan,22.217557430267334,4.097999572753906,0.01870039477944374,4.097999572753906,14.002857889980078,6.1830620765686035,5090.670931573169,1.5331428050994873,0.00016,16,2048,,514.9794340133667
adammini-galore2-r8,adammini,galore2,8,1.1B,sdpa,666,80,2654208,2.4486546516418457,11.572766838524334,nan,nan,nan,nan,22.217557430267334,4.097999572753906,0.01870039477944374,4.097999572753906,14.002857889980078,6.167470693588257,5092.020363377139,1.7343837022781372,0.000162,16,2048,,521.2782757282257
adammini-galore2-r8,adammini,galore2,8,1.1B,sdpa,666,81,2686976,2.4740118980407715,11.869972573437527,nan,nan,nan,nan,22.217557430267334,4.097999572753906,0.01870039477944374,4.097999572753906,14.002857889980078,6.341842889785767,5092.622485125592,2.0514893531799316,0.000164,16,2048,,527.6510288715363
adammini-galore2-r8,adammini,galore2,8,1.1B,sdpa,666,82,2719744,2.322896957397461,10.205195541262727,nan,nan,nan,nan,22.217557430267334,4.097999572753906,0.01870039477944374,4.097999572753906,14.002857889980078,6.183619499206543,5094.718433181185,1.6930559873580933,0.00016600000000000002,16,2048,,533.8656368255615
adammini-galore2-r8,adammini,galore2,8,1.1B,sdpa,666,83,2752512,2.344465732574463,10.427700058569151,nan,nan,nan,nan,22.217557430267334,4.097999572753906,0.01870039477944374,4.097999572753906,14.002857889980078,6.18306827545166,5096.772861277659,1.7722630500793457,0.00016800000000000002,16,2048,,540.0796236991882
adammini-galore2-r8,adammini,galore2,8,1.1B,sdpa,666,84,2785280,2.3648741245269775,10.642699078410901,nan,nan,nan,nan,22.217557430267334,4.097999572753906,0.01870039477944374,4.097999572753906,14.002857889980078,6.1844940185546875,5098.7653144869755,1.6443697214126587,0.00017,16,2048,,546.295113325119
adammini-galore2-r8,adammini,galore2,8,1.1B,sdpa,666,85,2818048,2.330653667449951,10.284662085139878,nan,nan,nan,nan,22.217557430267334,4.097999572753906,0.01870039477944374,4.097999572753906,14.002857889980078,6.197076082229614,5100.590054300731,1.8421372175216675,0.00017199999999999998,16,2048,,552.5240306854248
adammini-galore2-r8,adammini,galore2,8,1.1B,sdpa,666,86,2850816,2.3945059776306152,10.96278086210581,nan,nan,nan,nan,22.217557430267334,4.097999572753906,0.01870039477944374,4.097999572753906,14.002857889980078,6.176034450531006,5102.565997158127,1.687829613685608,0.000174,16,2048,,558.7322583198547
adammini-galore2-r8,adammini,galore2,8,1.1B,sdpa,666,87,2883584,2.3828253746032715,10.835473929092636,nan,nan,nan,nan,22.217557430267334,4.097999572753906,0.01870039477944374,4.097999572753906,14.002857889980078,6.16302752494812,5104.613676768149,1.5981806516647339,0.000176,16,2048,,564.9273588657379
adammini-galore2-r8,adammini,galore2,8,1.1B,sdpa,666,88,2916352,2.442732810974121,11.504437275297793,nan,nan,nan,nan,22.217557430267334,4.097999572753906,0.01870039477944374,4.097999572753906,14.002857889980078,6.177047252655029,5106.502311229055,1.5786035060882568,0.000178,16,2048,,571.1351878643036
adammini-galore2-r8,adammini,galore2,8,1.1B,sdpa,666,89,2949120,2.4724667072296143,11.851645364052658,nan,nan,nan,nan,22.217557430267334,4.097999572753906,0.01870039477944374,4.097999572753906,14.002857889980078,6.160543203353882,5108.497405826571,2.4722073078155518,0.00017999999999999998,16,2048,,577.3265602588654
adammini-galore2-r8,adammini,galore2,8,1.1B,sdpa,666,90,2981888,2.2211732864379883,9.218140042207262,nan,nan,nan,nan,22.217557430267334,4.097999572753906,0.01870039477944374,4.097999572753906,14.002857889980078,6.179371356964111,5110.285289917867,2.0649406909942627,0.000182,16,2048,,583.5367519855499
adammini-galore2-r8,adammini,galore2,8,1.1B,sdpa,666,91,3014656,2.5180954933166504,12.40494884403013,nan,nan,nan,nan,22.217557430267334,4.097999572753906,0.01870039477944374,4.097999572753906,14.002857889980078,6.179549217224121,5112.033647904513,1.7297254800796509,0.000184,16,2048,,589.7471117973328
adammini-galore2-r8,adammini,galore2,8,1.1B,sdpa,666,92,3047424,2.4789280891418457,11.92847130462294,nan,nan,nan,nan,22.217557430267334,4.097999572753906,0.01870039477944374,4.097999572753906,14.002857889980078,6.175709009170532,5113.779889560346,1.8515182733535767,0.000186,16,2048,,595.9536933898926
adammini-galore2-r8,adammini,galore2,8,1.1B,sdpa,666,93,3080192,2.5324020385742188,12.583696387207434,nan,nan,nan,nan,22.217557430267334,4.097999572753906,0.01870039477944374,4.097999572753906,14.002857889980078,6.170132160186768,5114.6862284159615,2.029183864593506,0.00018800000000000002,16,2048,,602.2544982433319
adammini-galore2-r8,adammini,galore2,8,1.1B,sdpa,666,94,3112960,2.319857120513916,10.174220514818872,nan,nan,nan,nan,22.217557430267334,4.097999572753906,0.01870039477944374,4.097999572753906,14.002857889980078,6.173949956893921,5116.384457151295,1.7028597593307495,0.00019,16,2048,,608.4593305587769
adammini-galore2-r8,adammini,galore2,8,1.1B,sdpa,666,95,3145728,2.3729965686798096,10.729495831004213,nan,nan,nan,nan,22.217557430267334,4.097999572753906,0.01870039477944374,4.097999572753906,14.002857889980078,6.188508749008179,5117.924854539128,1.722057580947876,0.000192,16,2048,,614.6786172389984
adammini-galore2-r8,adammini,galore2,8,1.1B,sdpa,666,96,3178496,2.228489637374878,9.285830511405372,nan,nan,nan,nan,22.217557430267334,4.097999572753906,0.01870039477944374,4.097999572753906,14.002857889980078,6.188819169998169,5119.43034071123,1.9030522108078003,0.000194,16,2048,,620.8985683917999
adammini-galore2-r8,adammini,galore2,8,1.1B,sdpa,666,97,3211264,2.450281858444214,11.591613452957297,nan,nan,nan,nan,22.217557430267334,4.097999572753906,0.01870039477944374,4.097999572753906,14.002857889980078,6.196334362030029,5120.848203749068,1.7363272905349731,0.00019600000000000002,16,2048,,627.1256947517395
adammini-galore2-r8,adammini,galore2,8,1.1B,sdpa,666,98,3244032,2.450833559036255,11.598010317376696,nan,nan,nan,nan,22.217557430267334,4.097999572753906,0.01870039477944374,4.097999572753906,14.002857889980078,6.174948692321777,5122.410571173186,1.664414882659912,0.00019800000000000002,16,2048,,633.3315668106079
adammini-galore2-r8,adammini,galore2,8,1.1B,sdpa,666,99,3276800,2.4230263233184814,11.27994447150053,nan,nan,nan,nan,22.217557430267334,4.097999572753906,0.01870039477944374,4.097999572753906,14.002857889980078,6.181165456771851,5123.891006759461,1.697895884513855,0.0002,16,2048,,639.5437591075897
adammini-galore2-r8,adammini,galore2,8,1.1B,sdpa,666,100,3309568,2.40567946434021,11.085960238387337,2.472626637336307,11.853540950536848,nan,nan,22.217557430267334,4.097999572753906,0.01870039477944374,4.097999572753906,14.002857889980078,6.186481237411499,5125.300501691477,1.6291266679763794,0.000202,16,2048,,658.3273866176605
adammini-galore2-r8,adammini,galore2,8,1.1B,sdpa,666,101,3342336,2.5004096031188965,12.187484970322489,nan,nan,nan,nan,22.217557430267334,4.097999572753906,0.01870039477944374,4.097999572753906,14.002857889980078,6.176311254501343,5029.813605060953,2.503730535507202,0.000204,16,2048,,664.5345728397369
adammini-galore2-r8,adammini,galore2,8,1.1B,sdpa,666,102,3375104,2.30135178565979,9.98767452876678,nan,nan,nan,nan,22.217557430267334,4.097999572753906,0.01870039477944374,4.097999572753906,14.002857889980078,6.16457200050354,5032.208838006707,1.7367281913757324,0.000206,16,2048,,670.7298200130463
adammini-galore2-r8,adammini,galore2,8,1.1B,sdpa,666,103,3407872,2.4687490463256836,11.807666764847255,nan,nan,nan,nan,22.217557430267334,4.097999572753906,0.01870039477944374,4.097999572753906,14.002857889980078,6.164480924606323,5034.561234688656,2.8974149227142334,0.000208,16,2048,,676.9252066612244
adammini-galore2-r8,adammini,galore2,8,1.1B,sdpa,666,104,3440640,2.393514633178711,10.951918355253275,nan,nan,nan,nan,22.217557430267334,4.097999572753906,0.01870039477944374,4.097999572753906,14.002857889980078,6.1857590675354,5036.710301854135,2.8145980834960938,0.00021,16,2048,,683.1422710418701
adammini-galore2-r8,adammini,galore2,8,1.1B,sdpa,666,105,3473408,2.372565984725952,10.724876876761556,nan,nan,nan,nan,22.217557430267334,4.097999572753906,0.01870039477944374,4.097999572753906,14.002857889980078,6.1844322681427,5038.831414919826,2.2985641956329346,0.000212,16,2048,,689.358053445816
adammini-galore2-r8,adammini,galore2,8,1.1B,sdpa,666,106,3506176,2.387357711791992,10.884695410454833,nan,nan,nan,nan,22.217557430267334,4.097999572753906,0.01870039477944374,4.097999572753906,14.002857889980078,6.19551682472229,5040.832577906863,1.8696881532669067,0.000214,16,2048,,695.5844352245331
adammini-galore2-r8,adammini,galore2,8,1.1B,sdpa,666,107,3538944,2.4574239253997803,11.674697876447482,nan,nan,nan,nan,22.217557430267334,4.097999572753906,0.01870039477944374,4.097999572753906,14.002857889980078,6.182156801223755,5042.897560486354,1.749910593032837,0.000216,16,2048,,701.797018289566
adammini-galore2-r8,adammini,galore2,8,1.1B,sdpa,666,108,3571712,2.415166139602661,11.191629575994408,nan,nan,nan,nan,22.217557430267334,4.097999572753906,0.01870039477944374,4.097999572753906,14.002857889980078,6.197356462478638,5044.822015262067,1.8098511695861816,0.000218,16,2048,,708.0251879692078
adammini-galore2-r8,adammini,galore2,8,1.1B,sdpa,666,109,3604480,2.435574531555176,11.42237934591068,nan,nan,nan,nan,22.217557430267334,4.097999572753906,0.01870039477944374,4.097999572753906,14.002857889980078,6.169697046279907,5046.905540241081,1.7536195516586304,0.00022,16,2048,,714.2256438732147
adammini-galore2-r8,adammini,galore2,8,1.1B,sdpa,666,110,3637248,2.3588790893554688,10.579086593180842,nan,nan,nan,nan,22.217557430267334,4.097999572753906,0.01870039477944374,4.097999572753906,14.002857889980078,6.180102109909058,5048.878844069823,2.345149040222168,0.000222,16,2048,,720.436821937561
adammini-galore2-r8,adammini,galore2,8,1.1B,sdpa,666,111,3670016,2.530111074447632,12.55490058787072,nan,nan,nan,nan,22.217557430267334,4.097999572753906,0.01870039477944374,4.097999572753906,14.002857889980078,6.188205718994141,5050.761673289179,1.835811972618103,0.000224,16,2048,,726.6558873653412
adammini-galore2-r8,adammini,galore2,8,1.1B,sdpa,666,112,3702784,2.5577468872070312,12.90670426986582,nan,nan,nan,nan,22.217557430267334,4.097999572753906,0.01870039477944374,4.097999572753906,14.002857889980078,6.194523811340332,5052.568969593148,1.8526380062103271,0.00022600000000000002,16,2048,,732.8814191818237
adammini-galore2-r8,adammini,galore2,8,1.1B,sdpa,666,113,3735552,2.497572183609009,12.152952976735333,nan,nan,nan,nan,22.217557430267334,4.097999572753906,0.01870039477944374,4.097999572753906,14.002857889980078,6.179776430130005,5054.4470166532055,1.7583953142166138,0.000228,16,2048,,739.0920569896698
adammini-galore2-r8,adammini,galore2,8,1.1B,sdpa,666,114,3768320,2.3011691570281982,9.985850659985207,nan,nan,nan,nan,22.217557430267334,4.097999572753906,0.01870039477944374,4.097999572753906,14.002857889980078,6.173937797546387,5056.330578095995,1.7903251647949219,0.00023,16,2048,,745.2974255084991
adammini-galore2-r8,adammini,galore2,8,1.1B,sdpa,666,115,3801088,2.4745824337005615,11.876746748341823,nan,nan,nan,nan,22.217557430267334,4.097999572753906,0.01870039477944374,4.097999572753906,14.002857889980078,6.187787294387817,5058.092005076997,1.7166748046875,0.00023200000000000003,16,2048,,751.5163583755493
adammini-galore2-r8,adammini,galore2,8,1.1B,sdpa,666,116,3833856,2.431825876235962,11.379640938644567,nan,nan,nan,nan,22.217557430267334,4.097999572753906,0.01870039477944374,4.097999572753906,14.002857889980078,6.2195539474487305,5059.6118794419945,1.6857576370239258,0.00023400000000000002,16,2048,,757.7671282291412
adammini-galore2-r8,adammini,galore2,8,1.1B,sdpa,666,117,3866624,2.250227928161621,9.489898605014233,nan,nan,nan,nan,22.217557430267334,4.097999572753906,0.01870039477944374,4.097999572753906,14.002857889980078,6.167037725448608,5061.454063772209,1.816316843032837,0.000236,16,2048,,763.9653074741364
adammini-galore2-r8,adammini,galore2,8,1.1B,sdpa,666,118,3899392,2.4607725143432617,11.71385716826961,nan,nan,nan,nan,22.217557430267334,4.097999572753906,0.01870039477944374,4.097999572753906,14.002857889980078,6.177162408828735,5063.2007051707715,1.709439992904663,0.00023799999999999998,16,2048,,770.1730692386627
adammini-galore2-r8,adammini,galore2,8,1.1B,sdpa,666,119,3932160,2.8729805946350098,17.689665422700088,nan,nan,nan,nan,22.217557430267334,4.097999572753906,0.01870039477944374,4.097999572753906,14.002857889980078,6.20326566696167,5064.75161931502,2.201925039291382,0.00024,16,2048,,776.4071593284607
adammini-galore2-r8,adammini,galore2,8,1.1B,sdpa,666,120,3964928,2.6281685829162598,13.848384495644229,nan,nan,nan,nan,22.217557430267334,4.097999572753906,0.01870039477944374,4.097999572753906,14.002857889980078,6.148857355117798,5066.629037004951,2.019472599029541,0.000242,16,2048,,782.5871710777283
adammini-galore2-r8,adammini,galore2,8,1.1B,sdpa,666,121,3997696,2.4986765384674072,12.166381562996527,nan,nan,nan,nan,22.217557430267334,4.097999572753906,0.01870039477944374,4.097999572753906,14.002857889980078,6.180079698562622,5068.275247056776,2.074274778366089,0.000244,16,2048,,788.7981116771698
adammini-galore2-r8,adammini,galore2,8,1.1B,sdpa,666,122,4030464,2.410041570663452,11.1344240008375,nan,nan,nan,nan,22.217557430267334,4.097999572753906,0.01870039477944374,4.097999572753906,14.002857889980078,6.173300743103027,5069.940478923848,1.805429458618164,0.000246,16,2048,,795.002363204956
adammini-galore2-r8,adammini,galore2,8,1.1B,sdpa,666,123,4063232,2.344996452331543,10.433235713822013,nan,nan,nan,nan,22.217557430267334,4.097999572753906,0.01870039477944374,4.097999572753906,14.002857889980078,6.183565139770508,5071.5145913465785,1.9385976791381836,0.000248,16,2048,,801.216894865036
adammini-galore2-r8,adammini,galore2,8,1.1B,sdpa,666,124,4096000,2.277057647705078,9.747956250509946,nan,nan,nan,nan,22.217557430267334,4.097999572753906,0.01870039477944374,4.097999572753906,14.002857889980078,6.189363479614258,5073.024551663302,1.7056204080581665,0.00025,16,2048,,807.4371769428253
adammini-galore2-r8,adammini,galore2,8,1.1B,sdpa,666,125,4128768,2.7439844608306885,15.548815480412292,nan,nan,nan,nan,22.217557430267334,4.097999572753906,0.01870039477944374,4.097999572753906,14.002857889980078,6.193380355834961,5074.4930016836715,1.8681033849716187,0.000252,16,2048,,813.6614470481873
adammini-galore2-r8,adammini,galore2,8,1.1B,sdpa,666,126,4161536,2.493424892425537,12.102655513208402,nan,nan,nan,nan,22.217557430267334,4.097999572753906,0.01870039477944374,4.097999572753906,14.002857889980078,6.197393894195557,5075.910303495924,1.7030705213546753,0.000254,16,2048,,819.8891794681549
adammini-galore2-r8,adammini,galore2,8,1.1B,sdpa,666,127,4194304,2.36376690864563,10.630921834149992,nan,nan,nan,nan,22.217557430267334,4.097999572753906,0.01870039477944374,4.097999572753906,14.002857889980078,6.209197998046875,5077.236938549484,1.8191752433776855,0.000256,16,2048,,826.1294038295746
adammini-galore2-r8,adammini,galore2,8,1.1B,sdpa,666,128,4227072,2.526686429977417,12.511978056154108,nan,nan,nan,nan,22.217557430267334,4.097999572753906,0.01870039477944374,4.097999572753906,14.002857889980078,6.19897198677063,5078.6036255704175,1.855257511138916,0.00025800000000000004,16,2048,,832.3591256141663
adammini-galore2-r8,adammini,galore2,8,1.1B,sdpa,666,129,4259840,2.529531478881836,12.547625931543905,nan,nan,nan,nan,22.217557430267334,4.097999572753906,0.01870039477944374,4.097999572753906,14.002857889980078,6.177496433258057,5080.081340355162,1.824773907661438,0.00026000000000000003,16,2048,,838.5672378540039
adammini-galore2-r8,adammini,galore2,8,1.1B,sdpa,666,130,4292608,2.460314989089966,11.708499008641764,nan,nan,nan,nan,22.217557430267334,4.097999572753906,0.01870039477944374,4.097999572753906,14.002857889980078,6.186044216156006,5081.4844970216955,1.8210698366165161,0.000262,16,2048,,844.7843475341797
adammini-galore2-r8,adammini,galore2,8,1.1B,sdpa,666,131,4325376,2.239588737487793,9.389468956689878,nan,nan,nan,nan,22.217557430267334,4.097999572753906,0.01870039477944374,4.097999572753906,14.002857889980078,6.172895431518555,5082.946211880673,2.088019609451294,0.000264,16,2048,,850.9882016181946
adammini-galore2-r8,adammini,galore2,8,1.1B,sdpa,666,132,4358144,2.5941829681396484,13.385646392882155,nan,nan,nan,nan,22.217557430267334,4.097999572753906,0.01870039477944374,4.097999572753906,14.002857889980078,6.215450763702393,5084.13328140952,3.0995867252349854,0.000266,16,2048,,857.2346885204315
adammini-galore2-r8,adammini,galore2,8,1.1B,sdpa,666,133,4390912,2.3707926273345947,10.705874690893966,nan,nan,nan,nan,22.217557430267334,4.097999572753906,0.01870039477944374,4.097999572753906,14.002857889980078,6.171414136886597,5085.560517959829,2.0066139698028564,0.000268,16,2048,,863.4372851848602
adammini-galore2-r8,adammini,galore2,8,1.1B,sdpa,666,134,4423680,2.4515066146850586,11.605819051297145,nan,nan,nan,nan,22.217557430267334,4.097999572753906,0.01870039477944374,4.097999572753906,14.002857889980078,6.189946413040161,5086.859975373729,2.159245252609253,0.00027,16,2048,,869.6583623886108
adammini-galore2-r8,adammini,galore2,8,1.1B,sdpa,666,135,4456448,2.3986001014709473,11.007755848349412,nan,nan,nan,nan,22.217557430267334,4.097999572753906,0.01870039477944374,4.097999572753906,14.002857889980078,6.199239015579224,5088.089624856826,1.8136309385299683,0.00027200000000000005,16,2048,,875.8885312080383
adammini-galore2-r8,adammini,galore2,8,1.1B,sdpa,666,136,4489216,1.9850702285766602,7.2795586005414785,nan,nan,nan,nan,22.217557430267334,4.097999572753906,0.01870039477944374,4.097999572753906,14.002857889980078,6.174245595932007,5089.444885406516,1.7452274560928345,0.00027400000000000005,16,2048,,882.09375166893
adammini-galore2-r8,adammini,galore2,8,1.1B,sdpa,666,137,4521984,2.4884817600250244,12.042978102795194,nan,nan,nan,nan,22.217557430267334,4.097999572753906,0.01870039477944374,4.097999572753906,14.002857889980078,6.195228338241577,5090.661042516702,2.0449585914611816,0.00027600000000000004,16,2048,,888.3199293613434
adammini-galore2-r8,adammini,galore2,8,1.1B,sdpa,666,138,4554752,2.090517044067383,8.089096502600986,nan,nan,nan,nan,22.217557430267334,4.097999572753906,0.01870039477944374,4.097999572753906,14.002857889980078,6.20869255065918,5091.768051703221,2.4832236766815186,0.00027800000000000004,16,2048,,894.5620338916779
adammini-galore2-r8,adammini,galore2,8,1.1B,sdpa,666,139,4587520,2.274077892303467,9.7189529580364,nan,nan,nan,nan,22.217557430267334,4.097999572753906,0.01870039477944374,4.097999572753906,14.002857889980078,6.200643301010132,5092.920170285291,2.029421806335449,0.00028000000000000003,16,2048,,900.7937369346619
adammini-galore2-r8,adammini,galore2,8,1.1B,sdpa,666,140,4620288,2.4628655910491943,11.738400846785602,nan,nan,nan,nan,22.217557430267334,4.097999572753906,0.01870039477944374,4.097999572753906,14.002857889980078,6.20458459854126,5094.034976177897,2.0105855464935303,0.00028199999999999997,16,2048,,907.029581785202
adammini-galore2-r8,adammini,galore2,8,1.1B,sdpa,666,141,4653056,2.470059394836426,11.823149064796977,nan,nan,nan,nan,22.217557430267334,4.097999572753906,0.01870039477944374,4.097999572753906,14.002857889980078,6.198946475982666,5095.1616731698505,2.290815591812134,0.00028399999999999996,16,2048,,913.2597069740295
adammini-galore2-r8,adammini,galore2,8,1.1B,sdpa,666,142,4685824,2.317586898803711,10.151148977183574,nan,nan,nan,nan,22.217557430267334,4.097999572753906,0.01870039477944374,4.097999572753906,14.002857889980078,6.217836141586304,5096.17139616324,2.2306180000305176,0.00028599999999999996,16,2048,,919.5087177753448
adammini-galore2-r8,adammini,galore2,8,1.1B,sdpa,666,143,4718592,2.318674325942993,10.162193616107961,nan,nan,nan,nan,22.217557430267334,4.097999572753906,0.01870039477944374,4.097999572753906,14.002857889980078,6.184954404830933,5097.351082049124,2.236191987991333,0.000288,16,2048,,925.7245180606842
adammini-galore2-r8,adammini,galore2,8,1.1B,sdpa,666,144,4751360,1.9742084741592407,7.2009176850654475,nan,nan,nan,nan,22.217557430267334,4.097999572753906,0.01870039477944374,4.097999572753906,14.002857889980078,6.182785749435425,5098.524120488151,2.206958770751953,0.00029,16,2048,,931.938453912735
adammini-galore2-r8,adammini,galore2,8,1.1B,sdpa,666,145,4784128,2.4346940517425537,11.412326597754847,nan,nan,nan,nan,22.217557430267334,4.097999572753906,0.01870039477944374,4.097999572753906,14.002857889980078,6.188412427902222,5099.653438912118,2.0228843688964844,0.000292,16,2048,,938.1575996875763
adammini-galore2-r8,adammini,galore2,8,1.1B,sdpa,666,146,4816896,2.45405650138855,11.63545033713503,nan,nan,nan,nan,22.217557430267334,4.097999572753906,0.01870039477944374,4.097999572753906,14.002857889980078,6.188513278961182,5100.7664738507565,2.3790910243988037,0.000294,16,2048,,944.3770191669464
adammini-galore2-r8,adammini,galore2,8,1.1B,sdpa,666,147,4849664,2.5396318435668945,12.675003727586832,nan,nan,nan,nan,22.217557430267334,4.097999572753906,0.01870039477944374,4.097999572753906,14.002857889980078,6.192333698272705,5101.844248465613,1.931821584701538,0.000296,16,2048,,950.6004431247711
adammini-galore2-r8,adammini,galore2,8,1.1B,sdpa,666,148,4882432,2.4749763011932373,11.88142553415507,nan,nan,nan,nan,22.217557430267334,4.097999572753906,0.01870039477944374,4.097999572753906,14.002857889980078,6.1957666873931885,5102.88345778451,1.7937589883804321,0.000298,16,2048,,956.828277349472
adammini-galore2-r8,adammini,galore2,8,1.1B,sdpa,666,149,4915200,2.161409616470337,8.683369255828568,nan,nan,nan,nan,22.217557430267334,4.097999572753906,0.01870039477944374,4.097999572753906,14.002857889980078,6.1810853481292725,5103.9935287841,2.123272180557251,0.0003,16,2048,,963.0400977134705
adammini-galore2-r8,adammini,galore2,8,1.1B,sdpa,666,150,4947968,2.560668706893921,12.944470478652942,2.479376008214031,11.933815491214496,nan,nan,22.217557430267334,4.097999572753906,0.01870039477944374,4.097999572753906,14.002857889980078,6.20287299156189,5104.974089428423,1.9336659908294678,0.000302,16,2048,,981.499550819397
adammini-galore2-r8,adammini,galore2,8,1.1B,sdpa,666,151,4980736,2.6661763191223145,14.384860784352641,nan,nan,nan,nan,22.217557430267334,4.097999572753906,0.01870039477944374,4.097999572753906,14.002857889980078,6.1902289390563965,5042.807555179348,3.01804518699646,0.000304,16,2048,,987.7205789089203
adammini-galore2-r8,adammini,galore2,8,1.1B,sdpa,666,152,5013504,2.4758615493774414,11.8919482014338,nan,nan,nan,nan,22.217557430267334,4.097999572753906,0.01870039477944374,4.097999572753906,14.002857889980078,6.191073656082153,5044.205232486106,2.018944025039673,0.000306,16,2048,,993.9432709217072
adammini-galore2-r8,adammini,galore2,8,1.1B,sdpa,666,153,5046272,2.485311985015869,12.004865008647512,nan,nan,nan,nan,22.217557430267334,4.097999572753906,0.01870039477944374,4.097999572753906,14.002857889980078,6.174513101577759,5045.6710769429865,1.8151012659072876,0.000308,16,2048,,1000.1487514972687
adammini-galore2-r8,adammini,galore2,8,1.1B,sdpa,666,154,5079040,2.609189510345459,13.588033427161402,nan,nan,nan,nan,22.217557430267334,4.097999572753906,0.01870039477944374,4.097999572753906,14.002857889980078,6.181833744049072,5047.082584151603,2.059185743331909,0.00031,16,2048,,1006.3614926338196
adammini-galore2-r8,adammini,galore2,8,1.1B,sdpa,666,155,5111808,2.602731704711914,13.500567272029754,nan,nan,nan,nan,22.217557430267334,4.097999572753906,0.01870039477944374,4.097999572753906,14.002857889980078,6.192068338394165,5048.42644519539,1.8666523694992065,0.000312,16,2048,,1012.5843210220337
adammini-galore2-r8,adammini,galore2,8,1.1B,sdpa,666,156,5144576,2.4475488662719727,11.55997691502374,nan,nan,nan,nan,22.217557430267334,4.097999572753906,0.01870039477944374,4.097999572753906,14.002857889980078,6.178468227386475,5049.821336949298,1.7320582866668701,0.000314,16,2048,,1018.7935152053833
adammini-galore2-r8,adammini,galore2,8,1.1B,sdpa,666,157,5177344,2.3851983547210693,10.861216824903329,nan,nan,nan,nan,22.217557430267334,4.097999572753906,0.01870039477944374,4.097999572753906,14.002857889980078,6.2092626094818115,5051.043836887853,2.1392388343811035,0.000316,16,2048,,1025.0343058109283
adammini-galore2-r8,adammini,galore2,8,1.1B,sdpa,666,158,5210112,2.4627363681793213,11.736884074943376,nan,nan,nan,nan,22.217557430267334,4.097999572753906,0.01870039477944374,4.097999572753906,14.002857889980078,6.208027124404907,5052.258587271258,1.8176699876785278,0.00031800000000000003,16,2048,,1031.2737333774567
adammini-galore2-r8,adammini,galore2,8,1.1B,sdpa,666,159,5242880,2.5062365531921387,12.25870814217419,nan,nan,nan,nan,22.217557430267334,4.097999572753906,0.01870039477944374,4.097999572753906,14.002857889980078,6.203371047973633,5053.483275804727,1.8455681800842285,0.00032,16,2048,,1037.5080847740173
adammini-galore2-r8,adammini,galore2,8,1.1B,sdpa,666,160,5275648,2.286858558654785,9.843964818846972,nan,nan,nan,nan,22.217557430267334,4.097999572753906,0.01870039477944374,4.097999572753906,14.002857889980078,6.177797794342041,5054.817494946697,1.8486236333847046,0.000322,16,2048,,1043.7172486782074
adammini-galore2-r8,adammini,galore2,8,1.1B,sdpa,666,161,5308416,2.436058282852173,11.42790627345546,nan,nan,nan,nan,22.217557430267334,4.097999572753906,0.01870039477944374,4.097999572753906,14.002857889980078,6.18718147277832,5056.08880361406,1.788399338722229,0.000324,16,2048,,1049.9356586933136
adammini-galore2-r8,adammini,galore2,8,1.1B,sdpa,666,162,5341184,2.201026439666748,9.034281887189548,nan,nan,nan,nan,22.217557430267334,4.097999572753906,0.01870039477944374,4.097999572753906,14.002857889980078,6.183613061904907,5057.360725416208,1.7826124429702759,0.000326,16,2048,,1056.1505281925201
adammini-galore2-r8,adammini,galore2,8,1.1B,sdpa,666,163,5373952,2.621732473373413,13.759540986002841,nan,nan,nan,nan,22.217557430267334,4.097999572753906,0.01870039477944374,4.097999572753906,14.002857889980078,6.195075035095215,5058.56604414753,1.882370114326477,0.000328,16,2048,,1062.376543045044
adammini-galore2-r8,adammini,galore2,8,1.1B,sdpa,666,164,5406720,2.4354069232940674,11.420465021203592,nan,nan,nan,nan,22.217557430267334,4.097999572753906,0.01870039477944374,4.097999572753906,14.002857889980078,6.189070224761963,5059.786589309574,1.9046826362609863,0.00033,16,2048,,1068.59623670578
adammini-galore2-r8,adammini,galore2,8,1.1B,sdpa,666,165,5439488,2.296886920928955,9.943180317254132,nan,nan,nan,nan,22.217557430267334,4.097999572753906,0.01870039477944374,4.097999572753906,14.002857889980078,6.187960147857666,5060.995474152926,2.0861868858337402,0.00033200000000000005,16,2048,,1074.8162989616394
adammini-galore2-r8,adammini,galore2,8,1.1B,sdpa,666,166,5472256,2.3822832107543945,10.829600919053558,nan,nan,nan,nan,22.217557430267334,4.097999572753906,0.01870039477944374,4.097999572753906,14.002857889980078,6.191452741622925,5062.174706477452,1.8586949110031128,0.00033400000000000004,16,2048,,1081.0383932590485
adammini-galore2-r8,adammini,galore2,8,1.1B,sdpa,666,167,5505024,2.3886325359344482,10.89858033148318,nan,nan,nan,nan,22.217557430267334,4.097999572753906,0.01870039477944374,4.097999572753906,14.002857889980078,6.223757743835449,5063.191733695017,1.7332103252410889,0.00033600000000000004,16,2048,,1087.2933433055878
adammini-galore2-r8,adammini,galore2,8,1.1B,sdpa,666,168,5537792,2.5258677005767822,12.501738324216223,nan,nan,nan,nan,22.217557430267334,4.097999572753906,0.01870039477944374,4.097999572753906,14.002857889980078,6.205074310302734,5064.279559817695,1.9315789937973022,0.00033800000000000003,16,2048,,1093.5302062034607
adammini-galore2-r8,adammini,galore2,8,1.1B,sdpa,666,169,5570560,2.3687241077423096,10.683752267564413,nan,nan,nan,nan,22.217557430267334,4.097999572753906,0.01870039477944374,4.097999572753906,14.002857889980078,6.199192762374878,5065.38449761988,1.815865397453308,0.00034,16,2048,,1099.7607371807098
adammini-galore2-r8,adammini,galore2,8,1.1B,sdpa,666,170,5603328,2.313230037689209,10.107018036934774,nan,nan,nan,nan,22.217557430267334,4.097999572753906,0.01870039477944374,4.097999572753906,14.002857889980078,6.17139458656311,5066.605716069575,1.7385241985321045,0.000342,16,2048,,1105.9631881713867
adammini-galore2-r8,adammini,galore2,8,1.1B,sdpa,666,171,5636096,2.379180669784546,10.796053706225976,nan,nan,nan,nan,22.217557430267334,4.097999572753906,0.01870039477944374,4.097999572753906,14.002857889980078,6.180732727050781,5067.770450384558,1.978289008140564,0.00034399999999999996,16,2048,,1112.174868106842
adammini-galore2-r8,adammini,galore2,8,1.1B,sdpa,666,172,5668864,2.5308425426483154,12.564087457955539,nan,nan,nan,nan,22.217557430267334,4.097999572753906,0.01870039477944374,4.097999572753906,14.002857889980078,6.191628932952881,5068.871601839989,1.7334272861480713,0.000346,16,2048,,1118.3977491855621
adammini-galore2-r8,adammini,galore2,8,1.1B,sdpa,666,173,5701632,2.1886324882507324,8.923002456794181,nan,nan,nan,nan,22.217557430267334,4.097999572753906,0.01870039477944374,4.097999572753906,14.002857889980078,6.185919523239136,5069.987441546144,1.663342833518982,0.000348,16,2048,,1124.6145844459534
adammini-galore2-r8,adammini,galore2,8,1.1B,sdpa,666,174,5734400,2.430479049682617,11.364324852431881,nan,nan,nan,nan,22.217557430267334,4.097999572753906,0.01870039477944374,4.097999572753906,14.002857889980078,6.18841290473938,5071.080921859516,1.7974052429199219,0.00035,16,2048,,1130.8341255187988
adammini-galore2-r8,adammini,galore2,8,1.1B,sdpa,666,175,5767168,2.4807960987091064,11.950774628068014,nan,nan,nan,nan,22.217557430267334,4.097999572753906,0.01870039477944374,4.097999572753906,14.002857889980078,6.199913501739502,5072.1093421292135,1.7083616256713867,0.000352,16,2048,,1137.0652375221252
adammini-galore2-r8,adammini,galore2,8,1.1B,sdpa,666,176,5799936,2.5342726707458496,12.607257885084689,nan,nan,nan,nan,22.217557430267334,4.097999572753906,0.01870039477944374,4.097999572753906,14.002857889980078,6.17590069770813,5073.231877044431,1.754878044128418,0.000354,16,2048,,1143.2726447582245
adammini-galore2-r8,adammini,galore2,8,1.1B,sdpa,666,177,5832704,2.532050371170044,12.57927188938545,nan,nan,nan,nan,22.217557430267334,4.097999572753906,0.01870039477944374,4.097999572753906,14.002857889980078,6.198945760726929,5074.242285832303,1.7122974395751953,0.000356,16,2048,,1149.5027499198914
adammini-galore2-r8,adammini,galore2,8,1.1B,sdpa,666,178,5865472,2.5514323711395264,12.825461452862045,nan,nan,nan,nan,22.217557430267334,4.097999572753906,0.01870039477944374,4.097999572753906,14.002857889980078,6.19520378112793,5075.249811651778,2.4276678562164307,0.000358,16,2048,,1155.7310783863068
adammini-galore2-r8,adammini,galore2,8,1.1B,sdpa,666,179,5898240,2.453500509262085,11.628982916443807,nan,nan,nan,nan,22.217557430267334,4.097999572753906,0.01870039477944374,4.097999572753906,14.002857889980078,6.213238716125488,5076.174024936095,1.619842290878296,0.00035999999999999997,16,2048,,1161.975922346115
adammini-galore2-r8,adammini,galore2,8,1.1B,sdpa,666,180,5931008,2.3002383708953857,9.976560293009666,nan,nan,nan,nan,22.217557430267334,4.097999572753906,0.01870039477944374,4.097999572753906,14.002857889980078,6.1929357051849365,5077.178497129443,1.8057403564453125,0.000362,16,2048,,1168.1999034881592
adammini-galore2-r8,adammini,galore2,8,1.1B,sdpa,666,181,5963776,2.179560422897339,8.842418479598365,nan,nan,nan,nan,22.217557430267334,4.097999572753906,0.01870039477944374,4.097999572753906,14.002857889980078,6.159047603607178,5078.319488124005,1.788616418838501,0.000364,16,2048,,1174.389718055725
adammini-galore2-r8,adammini,galore2,8,1.1B,sdpa,666,182,5996544,2.2699034214019775,9.678466036253011,nan,nan,nan,nan,22.217557430267334,4.097999572753906,0.01870039477944374,4.097999572753906,14.002857889980078,6.185408115386963,5079.334100281022,1.9374291896820068,0.000366,16,2048,,1180.606526851654
adammini-galore2-r8,adammini,galore2,8,1.1B,sdpa,666,183,6029312,2.5055441856384277,12.250223547973942,nan,nan,nan,nan,22.217557430267334,4.097999572753906,0.01870039477944374,4.097999572753906,14.002857889980078,6.178320646286011,5080.369516761037,2.3247790336608887,0.000368,16,2048,,1186.8158357143402
adammini-galore2-r8,adammini,galore2,8,1.1B,sdpa,666,184,6062080,2.2447471618652344,9.438028961123516,nan,nan,nan,nan,22.217557430267334,4.097999572753906,0.01870039477944374,4.097999572753906,14.002857889980078,6.169579982757568,5081.4317514382465,1.7985615730285645,0.00037,16,2048,,1193.0163040161133
adammini-galore2-r8,adammini,galore2,8,1.1B,sdpa,666,185,6094848,2.668426990509033,14.417272839682678,nan,nan,nan,nan,22.217557430267334,4.097999572753906,0.01870039477944374,4.097999572753906,14.002857889980078,6.18903923034668,5082.400855484029,1.6547415256500244,0.000372,16,2048,,1199.2361407279968
adammini-galore2-r8,adammini,galore2,8,1.1B,sdpa,666,186,6127616,2.392315149307251,10.938789581275019,nan,nan,nan,nan,22.217557430267334,4.097999572753906,0.01870039477944374,4.097999572753906,14.002857889980078,6.174272298812866,5083.420995738089,1.6135056018829346,0.000374,16,2048,,1205.4415683746338
adammini-galore2-r8,adammini,galore2,8,1.1B,sdpa,666,187,6160384,2.3249332904815674,10.225997891641986,nan,nan,nan,nan,22.217557430267334,4.097999572753906,0.01870039477944374,4.097999572753906,14.002857889980078,6.183097839355469,5084.393975458564,2.0319385528564453,0.00037600000000000003,16,2048,,1211.655653476715
adammini-galore2-r8,adammini,galore2,8,1.1B,sdpa,666,188,6193152,2.6786587238311768,14.56554377140944,nan,nan,nan,nan,22.217557430267334,4.097999572753906,0.01870039477944374,4.097999572753906,14.002857889980078,6.359388828277588,5084.62181492597,1.7410179376602173,0.000378,16,2048,,1218.0460233688354
adammini-galore2-r8,adammini,galore2,8,1.1B,sdpa,666,189,6225920,2.412646770477295,11.163469218041305,nan,nan,nan,nan,22.217557430267334,4.097999572753906,0.01870039477944374,4.097999572753906,14.002857889980078,6.186794757843018,5085.56351063508,1.8400702476501465,0.00038,16,2048,,1224.2636353969574
adammini-galore2-r8,adammini,galore2,8,1.1B,sdpa,666,190,6258688,2.4573163986206055,11.673442601276045,nan,nan,nan,nan,22.217557430267334,4.097999572753906,0.01870039477944374,4.097999572753906,14.002857889980078,6.185847997665405,5086.500731331012,1.8538079261779785,0.000382,16,2048,,1230.4803583621979
adammini-galore2-r8,adammini,galore2,8,1.1B,sdpa,666,191,6291456,2.330108404159546,10.279055765049801,nan,nan,nan,nan,22.217557430267334,4.097999572753906,0.01870039477944374,4.097999572753906,14.002857889980078,6.1760852336883545,5087.467578786412,1.792000412940979,0.000384,16,2048,,1236.68754529953
adammini-galore2-r8,adammini,galore2,8,1.1B,sdpa,666,192,6324224,2.629000663757324,13.859912266416236,nan,nan,nan,nan,22.217557430267334,4.097999572753906,0.01870039477944374,4.097999572753906,14.002857889980078,6.172508955001831,5088.437524891558,1.6109739542007446,0.000386,16,2048,,1242.8911399841309
adammini-galore2-r8,adammini,galore2,8,1.1B,sdpa,666,193,6356992,2.167043685913086,8.732430037361079,nan,nan,nan,nan,22.217557430267334,4.097999572753906,0.01870039477944374,4.097999572753906,14.002857889980078,6.184074640274048,5089.353678813745,1.6710652112960815,0.000388,16,2048,,1249.1062715053558
adammini-galore2-r8,adammini,galore2,8,1.1B,sdpa,666,194,6389760,2.34670090675354,10.45103385231923,nan,nan,nan,nan,22.217557430267334,4.097999572753906,0.01870039477944374,4.097999572753906,14.002857889980078,6.215238571166992,5090.133125819349,1.680659532546997,0.00039000000000000005,16,2048,,1255.352474451065
adammini-galore2-r8,adammini,galore2,8,1.1B,sdpa,666,195,6422528,2.5250437259674072,12.491441452027214,nan,nan,nan,nan,22.217557430267334,4.097999572753906,0.01870039477944374,4.097999572753906,14.002857889980078,6.168736219406128,5091.092982452378,1.688521385192871,0.00039200000000000004,16,2048,,1261.5518808364868
adammini-galore2-r8,adammini,galore2,8,1.1B,sdpa,666,196,6455296,2.4417967796325684,11.493673799702309,nan,nan,nan,nan,22.217557430267334,4.097999572753906,0.01870039477944374,4.097999572753906,14.002857889980078,6.179609060287476,5092.000731344072,1.6196024417877197,0.00039400000000000004,16,2048,,1267.7623524665833
adammini-galore2-r8,adammini,galore2,8,1.1B,sdpa,666,197,6488064,1.9898635149002075,7.314535369088431,nan,nan,nan,nan,22.217557430267334,4.097999572753906,0.01870039477944374,4.097999572753906,14.002857889980078,6.196508884429932,5092.83136051973,1.940896987915039,0.00039600000000000003,16,2048,,1273.989911556244
adammini-galore2-r8,adammini,galore2,8,1.1B,sdpa,666,198,6520832,2.43810772895813,11.451351167784367,nan,nan,nan,nan,22.217557430267334,4.097999572753906,0.01870039477944374,4.097999572753906,14.002857889980078,6.187824487686157,5093.687800485548,1.709356665611267,0.000398,16,2048,,1280.2086954116821
adammini-galore2-r8,adammini,galore2,8,1.1B,sdpa,666,199,6553600,2.348039388656616,10.465031737867433,nan,nan,nan,nan,22.217557430267334,4.097999572753906,0.01870039477944374,4.097999572753906,14.002857889980078,6.194621801376343,5094.509018787286,1.7990078926086426,0.0004,16,2048,,1286.4342312812805
adammini-galore2-r8,adammini,galore2,8,1.1B,sdpa,666,200,6586368,2.5606393814086914,12.944090881341081,2.4923764193795765,12.089972854992736,nan,nan,22.217557430267334,4.097999572753906,0.01870039477944374,4.097999572753906,14.002857889980078,6.1795759201049805,5095.382545335515,2.7433738708496094,0.000402,16,2048,,1305.1141357421875
adammini-galore2-r8,adammini,galore2,8,1.1B,sdpa,666,201,6619136,2.4030468463897705,11.05681352338233,nan,nan,nan,nan,22.217557430267334,4.097999572753906,0.01870039477944374,4.097999572753906,14.002857889980078,6.1800432205200195,5047.779909221928,1.872690200805664,0.000404,16,2048,,1311.3260052204132
adammini-galore2-r8,adammini,galore2,8,1.1B,sdpa,666,202,6651904,2.2088708877563477,9.105429534653027,nan,nan,nan,nan,22.217557430267334,4.097999572753906,0.01870039477944374,4.097999572753906,14.002857889980078,6.181533575057983,5048.849897303957,1.7251299619674683,0.00040600000000000006,16,2048,,1317.538456916809
adammini-galore2-r8,adammini,galore2,8,1.1B,sdpa,666,203,6684672,2.4412736892700195,11.487663141903043,nan,nan,nan,nan,22.217557430267334,4.097999572753906,0.01870039477944374,4.097999572753906,14.002857889980078,6.182236433029175,5049.9059904194355,1.7618372440338135,0.000408,16,2048,,1323.7517149448395
adammini-galore2-r8,adammini,galore2,8,1.1B,sdpa,666,204,6717440,2.277538776397705,9.752647400389447,nan,nan,nan,nan,22.217557430267334,4.097999572753906,0.01870039477944374,4.097999572753906,14.002857889980078,6.168508529663086,5051.005153763992,2.6209070682525635,0.00041,16,2048,,1329.9512753486633
adammini-galore2-r8,adammini,galore2,8,1.1B,sdpa,666,205,6750208,2.230151891708374,9.301278759314508,nan,nan,nan,nan,22.217557430267334,4.097999572753906,0.01870039477944374,4.097999572753906,14.002857889980078,6.175478219985962,5052.067012905629,2.1704142093658447,0.000412,16,2048,,1336.1575424671173
adammini-galore2-r8,adammini,galore2,8,1.1B,sdpa,666,206,6782976,2.4615318775177,11.72275561818382,nan,nan,nan,nan,22.217557430267334,4.097999572753906,0.01870039477944374,4.097999572753906,14.002857889980078,6.204203844070435,5053.012006305291,2.289074659347534,0.000414,16,2048,,1342.3927433490753
adammini-galore2-r8,adammini,galore2,8,1.1B,sdpa,666,207,6815744,2.3469903469085693,10.454059238990734,nan,nan,nan,nan,22.217557430267334,4.097999572753906,0.01870039477944374,4.097999572753906,14.002857889980078,6.180187702178955,5054.037096489962,2.0834431648254395,0.000416,16,2048,,1348.6037595272064
adammini-galore2-r8,adammini,galore2,8,1.1B,sdpa,666,208,6848512,2.4860737323760986,12.014013166728036,nan,nan,nan,nan,22.217557430267334,4.097999572753906,0.01870039477944374,4.097999572753906,14.002857889980078,6.185825824737549,5055.032477735491,2.4649927616119385,0.00041799999999999997,16,2048,,1354.8204505443573
adammini-galore2-r8,adammini,galore2,8,1.1B,sdpa,666,209,6881280,2.5088999271392822,12.291401183637298,nan,nan,nan,nan,22.217557430267334,4.097999572753906,0.01870039477944374,4.097999572753906,14.002857889980078,6.176203966140747,5056.055060334728,2.180063486099243,0.00042,16,2048,,1361.0277922153473
adammini-galore2-r8,adammini,galore2,8,1.1B,sdpa,666,210,6914048,2.4667325019836426,11.783880072760187,nan,nan,nan,nan,22.217557430267334,4.097999572753906,0.01870039477944374,4.097999572753906,14.002857889980078,6.190298557281494,5057.014603349054,1.901268720626831,0.000422,16,2048,,1367.2491147518158
adammini-galore2-r8,adammini,galore2,8,1.1B,sdpa,666,211,6946816,2.2592854499816895,9.576244016117306,nan,nan,nan,nan,22.217557430267334,4.097999572753906,0.01870039477944374,4.097999572753906,14.002857889980078,6.190764665603638,5057.962869185545,1.891464352607727,0.000424,16,2048,,1373.471389055252
adammini-galore2-r8,adammini,galore2,8,1.1B,sdpa,666,212,6979584,2.5701682567596436,13.068023039176383,nan,nan,nan,nan,22.217557430267334,4.097999572753906,0.01870039477944374,4.097999572753906,14.002857889980078,6.167977809906006,5058.9856161905045,1.7047889232635498,0.000426,16,2048,,1379.6705694198608
adammini-galore2-r8,adammini,galore2,8,1.1B,sdpa,666,213,7012352,2.465818405151367,11.773113386960151,nan,nan,nan,nan,22.217557430267334,4.097999572753906,0.01870039477944374,4.097999572753906,14.002857889980078,6.195699691772461,5059.89902863996,2.065700054168701,0.000428,16,2048,,1385.8976328372955
adammini-galore2-r8,adammini,galore2,8,1.1B,sdpa,666,214,7045120,2.4617629051208496,11.725464211184422,nan,nan,nan,nan,22.217557430267334,4.097999572753906,0.01870039477944374,4.097999572753906,14.002857889980078,6.173181772232056,5060.883505902878,2.2009952068328857,0.00043,16,2048,,1392.1029169559479
adammini-galore2-r8,adammini,galore2,8,1.1B,sdpa,666,215,7077888,2.2814784049987793,9.791144992339005,nan,nan,nan,nan,22.217557430267334,4.097999572753906,0.01870039477944374,4.097999572753906,14.002857889980078,6.200864315032959,5061.7594914124975,2.0043981075286865,0.000432,16,2048,,1398.3356232643127
adammini-galore2-r8,adammini,galore2,8,1.1B,sdpa,666,216,7110656,2.3546299934387207,10.534230406144584,nan,nan,nan,nan,22.217557430267334,4.097999572753906,0.01870039477944374,4.097999572753906,14.002857889980078,6.156350612640381,5062.791269877161,1.8123688697814941,0.00043400000000000003,16,2048,,1404.5228762626648
adammini-galore2-r8,adammini,galore2,8,1.1B,sdpa,666,217,7143424,1.9517804384231567,7.041212872969322,nan,nan,nan,nan,22.217557430267334,4.097999572753906,0.01870039477944374,4.097999572753906,14.002857889980078,6.183114290237427,5063.718119388725,1.987419843673706,0.000436,16,2048,,1410.736986875534
adammini-galore2-r8,adammini,galore2,8,1.1B,sdpa,666,218,7176192,2.397252082824707,10.992927185115342,nan,nan,nan,nan,22.217557430267334,4.097999572753906,0.01870039477944374,4.097999572753906,14.002857889980078,6.182153940200806,5064.640542979175,1.808108925819397,0.000438,16,2048,,1416.9500076770782
adammini-galore2-r8,adammini,galore2,8,1.1B,sdpa,666,219,7208960,2.6791367530822754,14.572508191856054,nan,nan,nan,nan,22.217557430267334,4.097999572753906,0.01870039477944374,4.097999572753906,14.002857889980078,6.190349817276001,5065.525646557455,1.8455286026000977,0.00044,16,2048,,1423.1713070869446
adammini-galore2-r8,adammini,galore2,8,1.1B,sdpa,666,220,7241728,2.702479124069214,14.916666189578857,nan,nan,nan,nan,22.217557430267334,4.097999572753906,0.01870039477944374,4.097999572753906,14.002857889980078,6.203112363815308,5066.357493489534,1.7939985990524292,0.000442,16,2048,,1429.405480146408
adammini-galore2-r8,adammini,galore2,8,1.1B,sdpa,666,221,7274496,2.391144037246704,10.925986531235047,nan,nan,nan,nan,22.217557430267334,4.097999572753906,0.01870039477944374,4.097999572753906,14.002857889980078,6.1962809562683105,5067.2046547052605,1.7619973421096802,0.000444,16,2048,,1435.6331033706665
adammini-galore2-r8,adammini,galore2,8,1.1B,sdpa,666,222,7307264,2.441256523132324,11.487465944788314,nan,nan,nan,nan,22.217557430267334,4.097999572753906,0.01870039477944374,4.097999572753906,14.002857889980078,6.186116695404053,5068.077312233324,1.6933884620666504,0.000446,16,2048,,1441.8514499664307
adammini-galore2-r8,adammini,galore2,8,1.1B,sdpa,666,223,7340032,2.4883759021759033,12.041703326509948,nan,nan,nan,nan,22.217557430267334,4.097999572753906,0.01870039477944374,4.097999572753906,14.002857889980078,6.181846618652344,5068.960200020918,1.9905198812484741,0.000448,16,2048,,1448.0648334026337
adammini-galore2-r8,adammini,galore2,8,1.1B,sdpa,666,224,7372800,2.336181163787842,10.34166792178602,nan,nan,nan,nan,22.217557430267334,4.097999572753906,0.01870039477944374,4.097999572753906,14.002857889980078,6.169541835784912,5069.8734971399235,1.869795322418213,0.00045000000000000004,16,2048,,1454.267121553421
adammini-galore2-r8,adammini,galore2,8,1.1B,sdpa,666,225,7405568,2.415789842605591,11.198612006223634,nan,nan,nan,nan,22.217557430267334,4.097999572753906,0.01870039477944374,4.097999572753906,14.002857889980078,6.174785614013672,5070.764136240577,1.6736869812011719,0.00045200000000000004,16,2048,,1460.47389960289
adammini-galore2-r8,adammini,galore2,8,1.1B,sdpa,666,226,7438336,2.3018829822540283,9.99298135682053,nan,nan,nan,nan,22.217557430267334,4.097999572753906,0.01870039477944374,4.097999572753906,14.002857889980078,6.178175449371338,5071.634722913602,1.8689998388290405,0.00045400000000000003,16,2048,,1466.6841616630554
adammini-galore2-r8,adammini,galore2,8,1.1B,sdpa,666,227,7471104,2.2736926078796387,9.715209118113666,nan,nan,nan,nan,22.217557430267334,4.097999572753906,0.01870039477944374,4.097999572753906,14.002857889980078,6.1779632568359375,5072.5030924533685,1.7320520877838135,0.000456,16,2048,,1472.8930201530457
adammini-galore2-r8,adammini,galore2,8,1.1B,sdpa,666,228,7503872,2.37953519821167,10.799881892725963,nan,nan,nan,nan,22.217557430267334,4.097999572753906,0.01870039477944374,4.097999572753906,14.002857889980078,6.184350490570068,5073.3423175536445,1.8093305826187134,0.000458,16,2048,,1479.1082389354706
adammini-galore2-r8,adammini,galore2,8,1.1B,sdpa,666,229,7536640,2.725686550140381,15.266891816369045,nan,nan,nan,nan,22.217557430267334,4.097999572753906,0.01870039477944374,4.097999572753906,14.002857889980078,6.180872201919556,5074.1861674163665,2.037986993789673,0.00046,16,2048,,1485.32008934021
adammini-galore2-r8,adammini,galore2,8,1.1B,sdpa,666,230,7569408,2.523709774017334,12.474789578212064,nan,nan,nan,nan,22.217557430267334,4.097999572753906,0.01870039477944374,4.097999572753906,14.002857889980078,6.181658983230591,5075.020483209738,1.799691081047058,0.000462,16,2048,,1491.5327236652374
adammini-galore2-r8,adammini,galore2,8,1.1B,sdpa,666,231,7602176,2.236454725265503,9.360088309919973,nan,nan,nan,nan,22.217557430267334,4.097999572753906,0.01870039477944374,4.097999572753906,14.002857889980078,6.204087018966675,5075.767146777452,1.6918866634368896,0.00046400000000000006,16,2048,,1497.7688736915588
adammini-galore2-r8,adammini,galore2,8,1.1B,sdpa,666,232,7634944,2.6041550636291504,13.519797107076183,nan,nan,nan,nan,22.217557430267334,4.097999572753906,0.01870039477944374,4.097999572753906,14.002857889980078,6.167941093444824,5076.629593934923,1.8771873712539673,0.00046600000000000005,16,2048,,1503.969097852707
adammini-galore2-r8,adammini,galore2,8,1.1B,sdpa,666,233,7667712,2.582767963409424,13.233717957609485,nan,nan,nan,nan,22.217557430267334,4.097999572753906,0.01870039477944374,4.097999572753906,14.002857889980078,6.210673093795776,5077.3409471680925,1.886768102645874,0.00046800000000000005,16,2048,,1510.2122104167938
adammini-galore2-r8,adammini,galore2,8,1.1B,sdpa,666,234,7700480,2.2754011154174805,9.731821813540318,nan,nan,nan,nan,22.217557430267334,4.097999572753906,0.01870039477944374,4.097999572753906,14.002857889980078,6.1394758224487305,5078.290043157305,2.2146496772766113,0.00047,16,2048,,1516.3825824260712
adammini-galore2-r8,adammini,galore2,8,1.1B,sdpa,666,235,7733248,2.522336721420288,12.457672789798643,nan,nan,nan,nan,22.217557430267334,4.097999572753906,0.01870039477944374,4.097999572753906,14.002857889980078,6.191792011260986,5079.056808586479,1.7460633516311646,0.000472,16,2048,,1522.6052315235138
adammini-galore2-r8,adammini,galore2,8,1.1B,sdpa,666,236,7766016,2.2310657501220703,9.309782696272181,nan,nan,nan,nan,22.217557430267334,4.097999572753906,0.01870039477944374,4.097999572753906,14.002857889980078,6.169640302658081,5079.891085131049,1.9629157781600952,0.000474,16,2048,,1528.8058478832245
adammini-galore2-r8,adammini,galore2,8,1.1B,sdpa,666,237,7798784,2.6169347763061523,13.693684981469527,nan,nan,nan,nan,22.217557430267334,4.097999572753906,0.01870039477944374,4.097999572753906,14.002857889980078,6.182598829269409,5080.674995810414,1.91561758518219,0.00047599999999999997,16,2048,,1535.0194919109344
adammini-galore2-r8,adammini,galore2,8,1.1B,sdpa,666,238,7831552,1.9197216033935547,6.8190598019037365,nan,nan,nan,nan,22.217557430267334,4.097999572753906,0.01870039477944374,4.097999572753906,14.002857889980078,6.162693738937378,5081.518112609419,1.906978964805603,0.00047799999999999996,16,2048,,1541.2130863666534
adammini-galore2-r8,adammini,galore2,8,1.1B,sdpa,666,239,7864320,2.591524124145508,13.35010332004479,nan,nan,nan,nan,22.217557430267334,4.097999572753906,0.01870039477944374,4.097999572753906,14.002857889980078,6.173513889312744,5082.31960458821,1.698641300201416,0.00048,16,2048,,1547.4176032543182
adammini-galore2-r8,adammini,galore2,8,1.1B,sdpa,666,240,7897088,2.3700311183929443,10.697725174947116,nan,nan,nan,nan,22.217557430267334,4.097999572753906,0.01870039477944374,4.097999572753906,14.002857889980078,6.181020021438599,5083.090071381338,1.6518242359161377,0.000482,16,2048,,1553.6297569274902
adammini-galore2-r8,adammini,galore2,8,1.1B,sdpa,666,241,7929856,2.4825050830841064,11.971215777003517,nan,nan,nan,nan,22.217557430267334,4.097999572753906,0.01870039477944374,4.097999572753906,14.002857889980078,6.188053607940674,5083.829294371298,1.6864936351776123,0.000484,16,2048,,1559.849100112915
adammini-galore2-r8,adammini,galore2,8,1.1B,sdpa,666,242,7962624,2.4028687477111816,11.054844494850306,nan,nan,nan,nan,22.217557430267334,4.097999572753906,0.01870039477944374,4.097999572753906,14.002857889980078,6.198646306991577,5084.530414284186,1.607151746749878,0.000486,16,2048,,1566.0784153938293
adammini-galore2-r8,adammini,galore2,8,1.1B,sdpa,666,243,7995392,2.617828369140625,13.705927029134916,nan,nan,nan,nan,22.217557430267334,4.097999572753906,0.01870039477944374,4.097999572753906,14.002857889980078,6.169731140136719,5085.319908430717,2.012173652648926,0.000488,16,2048,,1572.2791557312012
adammini-galore2-r8,adammini,galore2,8,1.1B,sdpa,666,244,8028160,2.5786516666412354,13.179356008865017,nan,nan,nan,nan,22.217557430267334,4.097999572753906,0.01870039477944374,4.097999572753906,14.002857889980078,6.181733846664429,5086.0643313641685,1.9823219776153564,0.00049,16,2048,,1578.4917912483215
adammini-galore2-r8,adammini,galore2,8,1.1B,sdpa,666,245,8060928,2.335886001586914,10.338615902763445,nan,nan,nan,nan,22.217557430267334,4.097999572753906,0.01870039477944374,4.097999572753906,14.002857889980078,6.186784029006958,5086.78639030565,1.7264875173568726,0.000492,16,2048,,1584.709398984909
adammini-galore2-r8,adammini,galore2,8,1.1B,sdpa,666,246,8093696,2.5382964611053467,12.658089046206975,nan,nan,nan,nan,22.217557430267334,4.097999572753906,0.01870039477944374,4.097999572753906,14.002857889980078,6.185168504714966,5087.508316824706,1.7313117980957031,0.000494,16,2048,,1590.925475358963
adammini-galore2-r8,adammini,galore2,8,1.1B,sdpa,666,247,8126464,2.284317970275879,9.818987098713674,nan,nan,nan,nan,22.217557430267334,4.097999572753906,0.01870039477944374,4.097999572753906,14.002857889980078,6.185226678848267,5088.224598000901,1.6621510982513428,0.000496,16,2048,,1597.1417648792267
adammini-galore2-r8,adammini,galore2,8,1.1B,sdpa,666,248,8159232,2.327232837677002,10.249540114266127,nan,nan,nan,nan,22.217557430267334,4.097999572753906,0.01870039477944374,4.097999572753906,14.002857889980078,6.37313437461853,5088.3379760952685,1.6712559461593628,0.000498,16,2048,,1603.5455634593964
adammini-galore2-r8,adammini,galore2,8,1.1B,sdpa,666,249,8192000,2.278738260269165,9.764352562323316,nan,nan,nan,nan,22.217557430267334,4.097999572753906,0.01870039477944374,4.097999572753906,14.002857889980078,6.188727140426636,5089.033962204603,1.8969212770462036,0.0005,16,2048,,1609.7653362751007
adammini-galore2-r8,adammini,galore2,8,1.1B,sdpa,666,250,8224768,2.595583438873291,13.404405731792751,2.49487726749947,12.120245879216665,nan,nan,22.217557430267334,4.097999572753906,0.01870039477944374,4.097999572753906,14.002857889980078,6.187863826751709,5089.7274255572265,2.4631989002227783,0.0004997142914285714,16,2048,,1628.5254518985748
adammini-galore2-r8,adammini,galore2,8,1.1B,sdpa,666,251,8257536,2.254791021347046,9.533300845593814,nan,nan,nan,nan,22.217557430267334,4.097999572753906,0.01870039477944374,4.097999572753906,14.002857889980078,6.190676689147949,5051.350406545972,1.8180333375930786,0.0004994285828571429,16,2048,,1634.7481422424316
adammini-galore2-r8,adammini,galore2,8,1.1B,sdpa,666,252,8290304,2.2839443683624268,9.815319391519306,nan,nan,nan,nan,22.217557430267334,4.097999572753906,0.01870039477944374,4.097999572753906,14.002857889980078,6.17775559425354,5052.207149041055,1.90970778465271,0.0004991428742857143,16,2048,,1640.9567530155182
adammini-galore2-r8,adammini,galore2,8,1.1B,sdpa,666,253,8323072,2.405217409133911,11.080839095958739,nan,nan,nan,nan,22.217557430267334,4.097999572753906,0.01870039477944374,4.097999572753906,14.002857889980078,6.173602104187012,5053.070283069373,1.6101113557815552,0.0004988571657142857,16,2048,,1647.1613903045654
adammini-galore2-r8,adammini,galore2,8,1.1B,sdpa,666,254,8355840,2.53104305267334,12.566606936028007,nan,nan,nan,nan,22.217557430267334,4.097999572753906,0.01870039477944374,4.097999572753906,14.002857889980078,6.163434743881226,5053.957453936161,1.782554030418396,0.0004985714571428572,16,2048,,1653.3558058738708
adammini-galore2-r8,adammini,galore2,8,1.1B,sdpa,666,255,8388608,2.4768757820129395,11.904015521900028,nan,nan,nan,nan,22.217557430267334,4.097999572753906,0.01870039477944374,4.097999572753906,14.002857889980078,6.179453134536743,5054.78903938239,1.7514249086380005,0.0004982857485714286,16,2048,,1659.5663228034973
adammini-galore2-r8,adammini,galore2,8,1.1B,sdpa,666,256,8421376,2.4776177406311035,11.912851086213472,nan,nan,nan,nan,22.217557430267334,4.097999572753906,0.01870039477944374,4.097999572753906,14.002857889980078,6.194563150405884,5055.569392530736,1.6321696043014526,0.00049800004,16,2048,,1665.791834115982
adammini-galore2-r8,adammini,galore2,8,1.1B,sdpa,666,257,8454144,2.343045234680176,10.412898048194956,nan,nan,nan,nan,22.217557430267334,4.097999572753906,0.01870039477944374,4.097999572753906,14.002857889980078,6.1806159019470215,5056.385577115969,1.6113700866699219,0.0004977143314285714,16,2048,,1672.003249168396
adammini-galore2-r8,adammini,galore2,8,1.1B,sdpa,666,258,8486912,2.322270393371582,10.198803335631682,nan,nan,nan,nan,22.217557430267334,4.097999572753906,0.01870039477944374,4.097999572753906,14.002857889980078,6.172261953353882,5057.221808942817,1.6229971647262573,0.0004974286228571429,16,2048,,1678.2065148353577
adammini-galore2-r8,adammini,galore2,8,1.1B,sdpa,666,259,8519680,2.3541178703308105,10.528836964500474,nan,nan,nan,nan,22.217557430267334,4.097999572753906,0.01870039477944374,4.097999572753906,14.002857889980078,6.182137489318848,5058.021428875544,1.5850815773010254,0.0004971429142857143,16,2048,,1684.4194266796112
adammini-galore2-r8,adammini,galore2,8,1.1B,sdpa,666,260,8552448,2.344316244125366,10.42614135436679,nan,nan,nan,nan,22.217557430267334,4.097999572753906,0.01870039477944374,4.097999572753906,14.002857889980078,6.182121992111206,5058.815402604758,1.6705806255340576,0.0004968572057142857,16,2048,,1690.6325089931488
adammini-galore2-r8,adammini,galore2,8,1.1B,sdpa,666,261,8585216,2.48146915435791,11.958820871920206,nan,nan,nan,nan,22.217557430267334,4.097999572753906,0.01870039477944374,4.097999572753906,14.002857889980078,6.194615602493286,5059.565120538561,1.6733709573745728,0.0004965714971428572,16,2048,,1696.858448266983
adammini-galore2-r8,adammini,galore2,8,1.1B,sdpa,666,262,8617984,2.1810271739959717,8.85539762287732,nan,nan,nan,nan,22.217557430267334,4.097999572753906,0.01870039477944374,4.097999572753906,14.002857889980078,6.18528151512146,5060.338340518322,1.5564823150634766,0.0004962857885714286,16,2048,,1703.0745913982391
adammini-galore2-r8,adammini,galore2,8,1.1B,sdpa,666,263,8650752,2.2684805393218994,9.664704513201446,nan,nan,nan,nan,22.217557430267334,4.097999572753906,0.01870039477944374,4.097999572753906,14.002857889980078,6.1775102615356445,5061.128613957588,1.8902089595794678,0.00049600008,16,2048,,1709.2831721305847
adammini-galore2-r8,adammini,galore2,8,1.1B,sdpa,666,264,8683520,2.2700955867767334,9.680326081018306,nan,nan,nan,nan,22.217557430267334,4.097999572753906,0.01870039477944374,4.097999572753906,14.002857889980078,6.189111709594727,5061.879051103087,1.77772855758667,0.0004957143714285715,16,2048,,1715.5033395290375
adammini-galore2-r8,adammini,galore2,8,1.1B,sdpa,666,265,8716288,2.6656711101531982,14.377595259123689,nan,nan,nan,nan,22.217557430267334,4.097999572753906,0.01870039477944374,4.097999572753906,14.002857889980078,6.185705900192261,5062.633458855297,1.7163217067718506,0.0004954286628571429,16,2048,,1721.720220565796
adammini-galore2-r8,adammini,galore2,8,1.1B,sdpa,666,266,8749056,2.316472053527832,10.139838322687966,nan,nan,nan,nan,22.217557430267334,4.097999572753906,0.01870039477944374,4.097999572753906,14.002857889980078,6.18596887588501,5063.382244468818,1.6392372846603394,0.0004951429542857143,16,2048,,1727.9369654655457
adammini-galore2-r8,adammini,galore2,8,1.1B,sdpa,666,267,8781824,2.6008107662200928,13.474658405332134,nan,nan,nan,nan,22.217557430267334,4.097999572753906,0.01870039477944374,4.097999572753906,14.002857889980078,6.181794881820679,5064.138198565175,1.6766932010650635,0.0004948572457142857,16,2048,,1734.1495115756989
adammini-galore2-r8,adammini,galore2,8,1.1B,sdpa,666,268,8814592,2.368504047393799,10.681401455986705,nan,nan,nan,nan,22.217557430267334,4.097999572753906,0.01870039477944374,4.097999572753906,14.002857889980078,6.184573411941528,5064.881451773944,1.6643990278244019,0.0004945715371428572,16,2048,,1740.3650016784668
adammini-galore2-r8,adammini,galore2,8,1.1B,sdpa,666,269,8847360,2.576050281524658,13.145115983352966,nan,nan,nan,nan,22.217557430267334,4.097999572753906,0.01870039477944374,4.097999572753906,14.002857889980078,6.159763336181641,5065.687338581229,1.8924344778060913,0.0004942858285714286,16,2048,,1746.5560991764069
adammini-galore2-r8,adammini,galore2,8,1.1B,sdpa,666,270,8880128,2.4774858951568604,11.911280534249782,nan,nan,nan,nan,22.217557430267334,4.097999572753906,0.01870039477944374,4.097999572753906,14.002857889980078,6.196826219558716,5066.383201661242,1.7166614532470703,0.00049400012,16,2048,,1752.7844214439392
adammini-galore2-r8,adammini,galore2,8,1.1B,sdpa,666,271,8912896,2.4628710746765137,11.738465215977659,nan,nan,nan,nan,22.217557430267334,4.097999572753906,0.01870039477944374,4.097999572753906,14.002857889980078,6.190091133117676,5067.090946213227,1.7600672245025635,0.0004937144114285715,16,2048,,1759.0064578056335
adammini-galore2-r8,adammini,galore2,8,1.1B,sdpa,666,272,8945664,2.308176279067993,10.056068459269179,nan,nan,nan,nan,22.217557430267334,4.097999572753906,0.01870039477944374,4.097999572753906,14.002857889980078,6.2060816287994385,5067.747486629364,1.8095980882644653,0.0004934287028571429,16,2048,,1765.244576215744
adammini-galore2-r8,adammini,galore2,8,1.1B,sdpa,666,273,8978432,2.3326656818389893,10.305375804404402,nan,nan,nan,nan,22.217557430267334,4.097999572753906,0.01870039477944374,4.097999572753906,14.002857889980078,6.1883323192596436,5068.4538271264655,1.6351417303085327,0.0004931429942857143,16,2048,,1771.4637370109558
adammini-galore2-r8,adammini,galore2,8,1.1B,sdpa,666,274,9011200,2.4067511558532715,11.097847336402266,nan,nan,nan,nan,22.217557430267334,4.097999572753906,0.01870039477944374,4.097999572753906,14.002857889980078,6.176080703735352,5069.189706126128,1.7135118246078491,0.0004928572857142858,16,2048,,1777.670518398285
adammini-galore2-r8,adammini,galore2,8,1.1B,sdpa,666,275,9043968,2.2073497772216797,9.091589698494005,nan,nan,nan,nan,22.217557430267334,4.097999572753906,0.01870039477944374,4.097999572753906,14.002857889980078,6.186054468154907,5069.892507833365,1.55917227268219,0.0004925715771428571,16,2048,,1783.8875541687012
adammini-galore2-r8,adammini,galore2,8,1.1B,sdpa,666,276,9076736,2.3457789421081543,10.441402809022584,nan,nan,nan,nan,22.217557430267334,4.097999572753906,0.01870039477944374,4.097999572753906,14.002857889980078,6.187276601791382,5070.586352911482,1.728408932685852,0.0004922858685714285,16,2048,,1790.1058421134949
adammini-galore2-r8,adammini,galore2,8,1.1B,sdpa,666,277,9109504,2.5004289150238037,12.187720336145967,nan,nan,nan,nan,22.217557430267334,4.097999572753906,0.01870039477944374,4.097999572753906,14.002857889980078,6.1682655811309814,5071.329304038731,1.684963583946228,0.00049200016,16,2048,,1796.3047835826874
adammini-galore2-r8,adammini,galore2,8,1.1B,sdpa,666,278,9142272,2.2502403259277344,9.4900162592869,nan,nan,nan,nan,22.217557430267334,4.097999572753906,0.01870039477944374,4.097999572753906,14.002857889980078,6.182918310165405,5072.025990254514,1.8192458152770996,0.0004917144514285715,16,2048,,1802.5187447071075
adammini-galore2-r8,adammini,galore2,8,1.1B,sdpa,666,279,9175040,2.365222692489624,10.646409428962821,nan,nan,nan,nan,22.217557430267334,4.097999572753906,0.01870039477944374,4.097999572753906,14.002857889980078,6.194538593292236,5072.684693502225,1.6802902221679688,0.0004914287428571429,16,2048,,1808.7443799972534
adammini-galore2-r8,adammini,galore2,8,1.1B,sdpa,666,280,9207808,2.5353503227233887,12.620851444723554,nan,nan,nan,nan,22.217557430267334,4.097999572753906,0.01870039477944374,4.097999572753906,14.002857889980078,6.181041955947876,5073.377373227779,1.7052369117736816,0.0004911430342857143,16,2048,,1814.9562833309174
adammini-galore2-r8,adammini,galore2,8,1.1B,sdpa,666,281,9240576,2.4009735584259033,11.033913312554407,nan,nan,nan,nan,22.217557430267334,4.097999572753906,0.01870039477944374,4.097999572753906,14.002857889980078,6.205095291137695,5073.997324449525,1.783961534500122,0.0004908573257142858,16,2048,,1821.1924200057983
adammini-galore2-r8,adammini,galore2,8,1.1B,sdpa,666,282,9273344,2.3322272300720215,10.300858384581415,nan,nan,nan,nan,22.217557430267334,4.097999572753906,0.01870039477944374,4.097999572753906,14.002857889980078,6.195958375930786,5074.639477946745,1.6548105478286743,0.0004905716171428572,16,2048,,1827.419268131256
adammini-galore2-r8,adammini,galore2,8,1.1B,sdpa,666,283,9306112,2.404926061630249,11.077611191393451,nan,nan,nan,nan,22.217557430267334,4.097999572753906,0.01870039477944374,4.097999572753906,14.002857889980078,6.216507911682129,5075.220245706097,1.7298851013183594,0.0004902859085714286,16,2048,,1833.6668066978455
adammini-galore2-r8,adammini,galore2,8,1.1B,sdpa,666,284,9338880,2.1564061641693115,8.640030942948329,nan,nan,nan,nan,22.217557430267334,4.097999572753906,0.01870039477944374,4.097999572753906,14.002857889980078,6.178594589233398,5075.900711553334,1.6477324962615967,0.0004900002,16,2048,,1839.8759865760803
adammini-galore2-r8,adammini,galore2,8,1.1B,sdpa,666,285,9371648,2.480489492416382,11.947111007037448,nan,nan,nan,nan,22.217557430267334,4.097999572753906,0.01870039477944374,4.097999572753906,14.002857889980078,6.185924053192139,5076.558239636352,1.6018421649932861,0.0004897144914285715,16,2048,,1846.092966079712
adammini-galore2-r8,adammini,galore2,8,1.1B,sdpa,666,286,9404416,2.502760171890259,12.216166187275899,nan,nan,nan,nan,22.217557430267334,4.097999572753906,0.01870039477944374,4.097999572753906,14.002857889980078,6.177015066146851,5077.234511164743,1.6715214252471924,0.0004894287828571429,16,2048,,1852.3009939193726
adammini-galore2-r8,adammini,galore2,8,1.1B,sdpa,666,287,9437184,2.559023380279541,12.92319010824593,nan,nan,nan,nan,22.217557430267334,4.097999572753906,0.01870039477944374,4.097999572753906,14.002857889980078,6.1836113929748535,5077.888259261208,1.6369411945343018,0.0004891430742857143,16,2048,,1858.515724658966
adammini-galore2-r8,adammini,galore2,8,1.1B,sdpa,666,288,9469952,2.4776949882507324,11.913771361146942,nan,nan,nan,nan,22.217557430267334,4.097999572753906,0.01870039477944374,4.097999572753906,14.002857889980078,6.174868822097778,5078.561213654894,1.5843698978424072,0.0004888573657142858,16,2048,,1864.7212858200073
adammini-galore2-r8,adammini,galore2,8,1.1B,sdpa,666,289,9502720,2.370767831802368,10.705609236324111,nan,nan,nan,nan,22.217557430267334,4.097999572753906,0.01870039477944374,4.097999572753906,14.002857889980078,6.200196027755737,5079.161860462094,1.780566930770874,0.0004885716571428571,16,2048,,1870.9524579048157
adammini-galore2-r8,adammini,galore2,8,1.1B,sdpa,666,290,9535488,2.211866855621338,9.132750014139766,nan,nan,nan,nan,22.217557430267334,4.097999572753906,0.01870039477944374,4.097999572753906,14.002857889980078,6.164674997329712,5079.854525522342,1.5921924114227295,0.0004882859485714285,16,2048,,1877.1480643749237
adammini-galore2-r8,adammini,galore2,8,1.1B,sdpa,666,291,9568256,2.345430850982666,10.437768881872703,nan,nan,nan,nan,22.217557430267334,4.097999572753906,0.01870039477944374,4.097999572753906,14.002857889980078,6.176799058914185,5080.508159497565,1.698456883430481,0.00048800024,16,2048,,1883.3559613227844
adammini-galore2-r8,adammini,galore2,8,1.1B,sdpa,666,292,9601024,2.332937002182007,10.308172241850608,nan,nan,nan,nan,22.217557430267334,4.097999572753906,0.01870039477944374,4.097999572753906,14.002857889980078,6.206010580062866,5081.080516771684,1.804038166999817,0.00048771453142857144,16,2048,,1889.5930099487305
adammini-galore2-r8,adammini,galore2,8,1.1B,sdpa,666,293,9633792,2.3229191303253174,10.205421822835877,nan,nan,nan,nan,22.217557430267334,4.097999572753906,0.01870039477944374,4.097999572753906,14.002857889980078,6.167545318603516,5081.752302378487,1.8196645975112915,0.00048742882285714287,16,2048,,1895.7915151119232
adammini-galore2-r8,adammini,galore2,8,1.1B,sdpa,666,294,9666560,2.07502818107605,7.9647709116868795,nan,nan,nan,nan,22.217557430267334,4.097999572753906,0.01870039477944374,4.097999572753906,14.002857889980078,6.174860000610352,5082.399777059545,1.7601934671401978,0.0004871431142857143,16,2048,,1901.9973559379578
adammini-galore2-r8,adammini,galore2,8,1.1B,sdpa,666,295,9699328,2.278043031692505,9.757566464607265,nan,nan,nan,nan,22.217557430267334,4.097999572753906,0.01870039477944374,4.097999572753906,14.002857889980078,6.195143938064575,5082.988882192447,1.8344042301177979,0.0004868574057142857,16,2048,,1908.223265171051
adammini-galore2-r8,adammini,galore2,8,1.1B,sdpa,666,296,9732096,2.632333517074585,13.906182383917251,nan,nan,nan,nan,22.217557430267334,4.097999572753906,0.01870039477944374,4.097999572753906,14.002857889980078,6.184671401977539,5083.590303383556,2.1448185443878174,0.00048657169714285716,16,2048,,1914.4433164596558
adammini-galore2-r8,adammini,galore2,8,1.1B,sdpa,666,297,9764864,2.215468406677246,9.165701381995241,nan,nan,nan,nan,22.217557430267334,4.097999572753906,0.01870039477944374,4.097999572753906,14.002857889980078,6.209237575531006,5084.1205536960315,1.7338942289352417,0.0004862859885714286,16,2048,,1920.6888027191162
adammini-galore2-r8,adammini,galore2,8,1.1B,sdpa,666,298,9797632,2.3961799144744873,10.981147232685737,nan,nan,nan,nan,22.217557430267334,4.097999572753906,0.01870039477944374,4.097999572753906,14.002857889980078,6.185969352722168,5084.7130789625235,1.9657472372055054,0.00048600028,16,2048,,1926.9094030857086
adammini-galore2-r8,adammini,galore2,8,1.1B,sdpa,666,299,9830400,2.326326847076416,10.240258332500678,nan,nan,nan,nan,22.217557430267334,4.097999572753906,0.01870039477944374,4.097999572753906,14.002857889980078,6.570813179016113,5084.288906972847,1.8196309804916382,0.00048571457142857144,16,2048,,1933.4884674549103
adammini-galore2-r8,adammini,galore2,8,1.1B,sdpa,666,300,9863168,2.452425241470337,11.616485365973855,2.553783868320601,12.85565597656964,nan,nan,22.217557430267334,4.097999572753906,0.01870039477944374,4.097999572753906,14.002857889980078,6.197849750518799,5084.912242999656,3.898437261581421,0.0004854288628571429,16,2048,,1952.1475784778595
adammini-galore2-r8,adammini,galore2,8,1.1B,sdpa,666,301,9895936,2.4061527252197266,11.091208031369653,nan,nan,nan,nan,22.217557430267334,4.097999572753906,0.01870039477944374,4.097999572753906,14.002857889980078,6.204022169113159,5053.190694413848,3.4460606575012207,0.0004851431542857143,16,2048,,1958.383594751358
adammini-galore2-r8,adammini,galore2,8,1.1B,sdpa,666,302,9928704,2.4355154037475586,11.421703985628668,nan,nan,nan,nan,22.217557430267334,4.097999572753906,0.01870039477944374,4.097999572753906,14.002857889980078,6.200969457626343,5053.840879257952,2.4334733486175537,0.00048485744571428573,16,2048,,1964.6154699325562
adammini-galore2-r8,adammini,galore2,8,1.1B,sdpa,666,303,9961472,2.2687249183654785,9.667066653063841,nan,nan,nan,nan,22.217557430267334,4.097999572753906,0.01870039477944374,4.097999572753906,14.002857889980078,6.194350719451904,5054.503956513488,2.254713773727417,0.00048457173714285716,16,2048,,1970.8406717777252
adammini-galore2-r8,adammini,galore2,8,1.1B,sdpa,666,304,9994240,2.450169086456299,11.590306317370588,nan,nan,nan,nan,22.217557430267334,4.097999572753906,0.01870039477944374,4.097999572753906,14.002857889980078,6.191518068313599,5055.166150601703,2.7485668659210205,0.00048428602857142854,16,2048,,1977.064439535141
adammini-galore2-r8,adammini,galore2,8,1.1B,sdpa,666,305,10027008,2.38301420211792,10.837520157890774,nan,nan,nan,nan,22.217557430267334,4.097999572753906,0.01870039477944374,4.097999572753906,14.002857889980078,6.202527761459351,5055.799846635565,2.231184482574463,0.00048400031999999997,16,2048,,1983.2978065013885
adammini-galore2-r8,adammini,galore2,8,1.1B,sdpa,666,306,10059776,2.4055299758911133,11.084303139246229,nan,nan,nan,nan,22.217557430267334,4.097999572753906,0.01870039477944374,4.097999572753906,14.002857889980078,6.160809755325317,5056.533232573053,1.9477689266204834,0.00048371461142857145,16,2048,,1989.4906022548676
adammini-galore2-r8,adammini,galore2,8,1.1B,sdpa,666,307,10092544,2.25746750831604,9.558850777856508,nan,nan,nan,nan,22.217557430267334,4.097999572753906,0.01870039477944374,4.097999572753906,14.002857889980078,6.185028553009033,5057.200339314278,2.5936155319213867,0.0004834289028571429,16,2048,,1995.7074813842773
adammini-galore2-r8,adammini,galore2,8,1.1B,sdpa,666,308,10125312,2.210604429244995,9.121227864096692,nan,nan,nan,nan,22.217557430267334,4.097999572753906,0.01870039477944374,4.097999572753906,14.002857889980078,6.1835737228393555,5057.869936500471,2.0866217613220215,0.0004831431942857143,16,2048,,2001.9219737052917
adammini-galore2-r8,adammini,galore2,8,1.1B,sdpa,666,309,10158080,2.3462636470794678,10.446465035615692,nan,nan,nan,nan,22.217557430267334,4.097999572753906,0.01870039477944374,4.097999572753906,14.002857889980078,6.180069446563721,5058.544493089971,1.940409779548645,0.00048285748571428574,16,2048,,2008.1328129768372
adammini-galore2-r8,adammini,galore2,8,1.1B,sdpa,666,310,10190848,2.4268953800201416,11.323671753370514,nan,nan,nan,nan,22.217557430267334,4.097999572753906,0.01870039477944374,4.097999572753906,14.002857889980078,6.190932512283325,5059.187532389409,2.007747173309326,0.00048257177714285717,16,2048,,2014.354602098465
adammini-galore2-r8,adammini,galore2,8,1.1B,sdpa,666,311,10223616,2.286015748977661,9.835671725277038,nan,nan,nan,nan,22.217557430267334,4.097999572753906,0.01870039477944374,4.097999572753906,14.002857889980078,6.18004298210144,5059.852972433712,1.9318240880966187,0.00048228606857142855,16,2048,,2020.565678358078
adammini-galore2-r8,adammini,galore2,8,1.1B,sdpa,666,312,10256384,2.572049856185913,13.092634971466838,nan,nan,nan,nan,22.217557430267334,4.097999572753906,0.01870039477944374,4.097999572753906,14.002857889980078,6.2023656368255615,5060.459609812136,1.9603667259216309,0.00048200036,16,2048,,2026.7989342212677
adammini-galore2-r8,adammini,galore2,8,1.1B,sdpa,666,313,10289152,2.4345438480377197,11.410612552750266,nan,nan,nan,nan,22.217557430267334,4.097999572753906,0.01870039477944374,4.097999572753906,14.002857889980078,6.209129095077515,5061.0450271292375,2.0201120376586914,0.0004817146514285714,16,2048,,2033.0390193462372
adammini-galore2-r8,adammini,galore2,8,1.1B,sdpa,666,314,10321920,2.483377456665039,11.981663705965016,nan,nan,nan,nan,22.217557430267334,4.097999572753906,0.01870039477944374,4.097999572753906,14.002857889980078,6.2299182415008545,5061.575644287816,1.799369215965271,0.0004814289428571429,16,2048,,2039.2998940944672
adammini-galore2-r8,adammini,galore2,8,1.1B,sdpa,666,315,10354688,2.40610671043396,11.090697683550061,nan,nan,nan,nan,22.217557430267334,4.097999572753906,0.01870039477944374,4.097999572753906,14.002857889980078,6.158505201339722,5062.279178093817,2.101881742477417,0.0004811432342857143,16,2048,,2045.489259004593
adammini-galore2-r8,adammini,galore2,8,1.1B,sdpa,666,316,10387456,2.2997076511383057,9.97126694012219,nan,nan,nan,nan,22.217557430267334,4.097999572753906,0.01870039477944374,4.097999572753906,14.002857889980078,6.192505836486816,5062.895104792244,1.908339262008667,0.00048085752571428575,16,2048,,2051.712786912918
adammini-galore2-r8,adammini,galore2,8,1.1B,sdpa,666,317,10420224,2.4270012378692627,11.324870516354595,nan,nan,nan,nan,22.217557430267334,4.097999572753906,0.01870039477944374,4.097999572753906,14.002857889980078,6.18288254737854,5063.530240715265,2.0240447521209717,0.0004805718171428572,16,2048,,2057.926817417145
adammini-galore2-r8,adammini,galore2,8,1.1B,sdpa,666,318,10452992,2.611588478088379,13.620669812208376,nan,nan,nan,nan,22.217557430267334,4.097999572753906,0.01870039477944374,4.097999572753906,14.002857889980078,6.184384822845459,5064.158559314917,1.817230224609375,0.00048028610857142856,16,2048,,2064.1419999599457
adammini-galore2-r8,adammini,galore2,8,1.1B,sdpa,666,319,10485760,2.4402143955230713,11.475500775066633,nan,nan,nan,nan,22.217557430267334,4.097999572753906,0.01870039477944374,4.097999572753906,14.002857889980078,6.187764883041382,5064.774493019558,2.00986385345459,0.0004800004,16,2048,,2070.3605258464813
adammini-galore2-r8,adammini,galore2,8,1.1B,sdpa,666,320,10518528,2.4932425022125244,12.100448308583708,nan,nan,nan,nan,22.217557430267334,4.097999572753906,0.01870039477944374,4.097999572753906,14.002857889980078,6.186662435531616,5065.389961866938,1.654441475868225,0.0004797146914285714,16,2048,,2076.578214406967
adammini-galore2-r8,adammini,galore2,8,1.1B,sdpa,666,321,10551296,2.310678482055664,10.08126229070741,nan,nan,nan,nan,22.217557430267334,4.097999572753906,0.01870039477944374,4.097999572753906,14.002857889980078,6.176171064376831,5066.026055306099,1.8470125198364258,0.00047942898285714285,16,2048,,2082.785272836685
adammini-galore2-r8,adammini,galore2,8,1.1B,sdpa,666,322,10584064,2.352994203567505,10.51701270485512,nan,nan,nan,nan,22.217557430267334,4.097999572753906,0.01870039477944374,4.097999572753906,14.002857889980078,6.1903395652771,5066.625403141764,1.6459835767745972,0.00047914327428571433,16,2048,,2089.006548166275
adammini-galore2-r8,adammini,galore2,8,1.1B,sdpa,666,323,10616832,2.583918333053589,13.24895038480847,nan,nan,nan,nan,22.217557430267334,4.097999572753906,0.01870039477944374,4.097999572753906,14.002857889980078,6.203511476516724,5067.189172092996,2.6979849338531494,0.00047885756571428576,16,2048,,2095.2406747341156
adammini-galore2-r8,adammini,galore2,8,1.1B,sdpa,666,324,10649600,2.50881028175354,12.290299365624067,nan,nan,nan,nan,22.217557430267334,4.097999572753906,0.01870039477944374,4.097999572753906,14.002857889980078,6.217870473861694,5067.714904361124,1.6614940166473389,0.0004785718571428572,16,2048,,2101.4895646572113
adammini-galore2-r8,adammini,galore2,8,1.1B,sdpa,666,325,10682368,2.2775638103485107,9.752891550740705,nan,nan,nan,nan,22.217557430267334,4.097999572753906,0.01870039477944374,4.097999572753906,14.002857889980078,6.19420313835144,5068.294213669265,1.7914412021636963,0.0004782861485714286,16,2048,,2107.7148599624634
adammini-galore2-r8,adammini,galore2,8,1.1B,sdpa,666,326,10715136,2.543935775756836,12.729673647560475,nan,nan,nan,nan,22.217557430267334,4.097999572753906,0.01870039477944374,4.097999572753906,14.002857889980078,6.191091775894165,5068.877122903844,1.8248238563537598,0.00047800044,16,2048,,2113.936576604843
adammini-galore2-r8,adammini,galore2,8,1.1B,sdpa,666,327,10747904,2.26648211479187,9.645409616745473,nan,nan,nan,nan,22.217557430267334,4.097999572753906,0.01870039477944374,4.097999572753906,14.002857889980078,6.193083763122559,5069.453039110923,1.769494891166687,0.0004777147314285714,16,2048,,2120.1605043411255
adammini-galore2-r8,adammini,galore2,8,1.1B,sdpa,666,328,10780672,2.3322296142578125,10.300882943770889,nan,nan,nan,nan,22.217557430267334,4.097999572753906,0.01870039477944374,4.097999572753906,14.002857889980078,6.194885730743408,5070.020393790763,1.8315774202346802,0.00047742902285714285,16,2048,,2126.3865015506744
adammini-galore2-r8,adammini,galore2,8,1.1B,sdpa,666,329,10813440,2.5278003215789795,12.525922808459198,nan,nan,nan,nan,22.217557430267334,4.097999572753906,0.01870039477944374,4.097999572753906,14.002857889980078,6.169295310974121,5070.645070745403,1.763542652130127,0.0004771433142857143,16,2048,,2132.5866684913635
adammini-galore2-r8,adammini,galore2,8,1.1B,sdpa,666,330,10846208,2.4287102222442627,11.344241090405617,nan,nan,nan,nan,22.217557430267334,4.097999572753906,0.01870039477944374,4.097999572753906,14.002857889980078,6.185760736465454,5070.991114944651,1.6226072311401367,0.0004768576057142857,16,2048,,2138.9030323028564
adammini-galore2-r8,adammini,galore2,8,1.1B,sdpa,666,331,10878976,2.4638521671295166,11.749987386844117,nan,nan,nan,nan,22.217557430267334,4.097999572753906,0.01870039477944374,4.097999572753906,14.002857889980078,6.178042888641357,5071.588004687768,1.910387635231018,0.00047657189714285714,16,2048,,2145.1122620105743
adammini-galore2-r8,adammini,galore2,8,1.1B,sdpa,666,332,10911744,2.735880136489868,15.423312083681889,nan,nan,nan,nan,22.217557430267334,4.097999572753906,0.01870039477944374,4.097999572753906,14.002857889980078,6.1968443393707275,5072.138434517529,1.882617712020874,0.00047628618857142863,16,2048,,2151.3397314548492
adammini-galore2-r8,adammini,galore2,8,1.1B,sdpa,666,333,10944512,2.330244779586792,10.280457671262052,nan,nan,nan,nan,22.217557430267334,4.097999572753906,0.01870039477944374,4.097999572753906,14.002857889980078,6.180986166000366,5072.723355354009,1.9372859001159668,0.00047600048,16,2048,,2157.55157828331
adammini-galore2-r8,adammini,galore2,8,1.1B,sdpa,666,334,10977280,2.347694158554077,10.461419517446982,nan,nan,nan,nan,22.217557430267334,4.097999572753906,0.01870039477944374,4.097999572753906,14.002857889980078,6.2094831466674805,5073.2312931918495,1.756471037864685,0.00047571477142857143,16,2048,,2163.7943449020386
adammini-galore2-r8,adammini,galore2,8,1.1B,sdpa,666,335,11010048,2.35080885887146,10.494054501852759,nan,nan,nan,nan,22.217557430267334,4.097999572753906,0.01870039477944374,4.097999572753906,14.002857889980078,6.197516202926636,5073.761185900612,1.8298171758651733,0.00047542906285714286,16,2048,,2170.0268063545227
adammini-galore2-r8,adammini,galore2,8,1.1B,sdpa,666,336,11042816,2.526738405227661,12.512628386245014,nan,nan,nan,nan,22.217557430267334,4.097999572753906,0.01870039477944374,4.097999572753906,14.002857889980078,6.241443634033203,5074.189728093036,1.6896392107009888,0.0004751433542857143,16,2048,,2176.3013446331024
adammini-galore2-r8,adammini,galore2,8,1.1B,sdpa,666,337,11075584,4.228435516357422,68.60980924076883,nan,nan,nan,nan,22.217557430267334,4.097999572753906,0.01870039477944374,4.097999572753906,14.002857889980078,6.14215087890625,5074.845579765789,4.50459623336792,0.0004748576457142857,16,2048,,2182.4770143032074
adammini-galore2-r8,adammini,galore2,8,1.1B,sdpa,666,338,11108352,2.3597421646118164,10.588221082362947,nan,nan,nan,nan,22.217557430267334,4.097999572753906,0.01870039477944374,4.097999572753906,14.002857889980078,6.213293075561523,5075.338705766227,1.5799471139907837,0.0004745719371428572,16,2048,,2188.7214665412903
adammini-galore2-r8,adammini,galore2,8,1.1B,sdpa,666,339,11141120,2.251059055328369,9.497789196142651,nan,nan,nan,nan,22.217557430267334,4.097999572753906,0.01870039477944374,4.097999572753906,14.002857889980078,6.157801151275635,5075.957418199197,1.8514111042022705,0.00047428622857142864,16,2048,,2194.9099378585815
adammini-galore2-r8,adammini,galore2,8,1.1B,sdpa,666,340,11173888,2.4610753059387207,11.717404562804091,nan,nan,nan,nan,22.217557430267334,4.097999572753906,0.01870039477944374,4.097999572753906,14.002857889980078,6.195671319961548,5076.485718857401,1.7209538221359253,0.00047400052,16,2048,,2201.1366531848907
adammini-galore2-r8,adammini,galore2,8,1.1B,sdpa,666,341,11206656,2.219365119934082,9.201487170274403,nan,nan,nan,nan,22.217557430267334,4.097999572753906,0.01870039477944374,4.097999572753906,14.002857889980078,6.182266712188721,5077.040482207264,1.827591061592102,0.00047371481142857144,16,2048,,2207.350248813629
adammini-galore2-r8,adammini,galore2,8,1.1B,sdpa,666,342,11239424,2.3794732093811035,10.799212441426643,nan,nan,nan,nan,22.217557430267334,4.097999572753906,0.01870039477944374,4.097999572753906,14.002857889980078,6.1859190464019775,5077.58490638924,1.7153910398483276,0.00047342910285714287,16,2048,,2213.5670495033264
adammini-galore2-r8,adammini,galore2,8,1.1B,sdpa,666,343,11272192,2.414762496948242,11.187113068513936,nan,nan,nan,nan,22.217557430267334,4.097999572753906,0.01870039477944374,4.097999572753906,14.002857889980078,6.186689138412476,5078.124064445461,1.6910350322723389,0.0004731433942857143,16,2048,,2219.7847051620483
adammini-galore2-r8,adammini,galore2,8,1.1B,sdpa,666,344,11304960,2.241363048553467,9.406143583973828,nan,nan,nan,nan,22.217557430267334,4.097999572753906,0.01870039477944374,4.097999572753906,14.002857889980078,6.188283205032349,5078.657304073085,1.7899693250656128,0.00047285768571428573,16,2048,,2226.0036070346832
adammini-galore2-r8,adammini,galore2,8,1.1B,sdpa,666,345,11337728,2.432084560394287,11.382585052264183,nan,nan,nan,nan,22.217557430267334,4.097999572753906,0.01870039477944374,4.097999572753906,14.002857889980078,6.195016384124756,5079.172548373014,1.5841965675354004,0.00047257197714285716,16,2048,,2232.229118347168
adammini-galore2-r8,adammini,galore2,8,1.1B,sdpa,666,346,11370496,2.524646043777466,12.486474815871874,nan,nan,nan,nan,22.217557430267334,4.097999572753906,0.01870039477944374,4.097999572753906,14.002857889980078,6.211689233779907,5079.647069909013,1.7401468753814697,0.0004722862685714286,16,2048,,2238.4716699123383
adammini-galore2-r8,adammini,galore2,8,1.1B,sdpa,666,347,11403264,2.3684754371643066,10.681095863011315,nan,nan,nan,nan,22.217557430267334,4.097999572753906,0.01870039477944374,4.097999572753906,14.002857889980078,6.196462154388428,5080.152999628265,1.8192309141159058,0.00047200055999999997,16,2048,,2244.6990644931793
adammini-galore2-r8,adammini,galore2,8,1.1B,sdpa,666,348,11436032,2.4445645809173584,11.525530070388712,nan,nan,nan,nan,22.217557430267334,4.097999572753906,0.01870039477944374,4.097999572753906,14.002857889980078,6.1878697872161865,5080.675465271752,1.479400396347046,0.0004717148514285714,16,2048,,2250.917633533478
adammini-galore2-r8,adammini,galore2,8,1.1B,sdpa,666,349,11468800,2.3828282356262207,10.83550492967656,nan,nan,nan,nan,22.217557430267334,4.097999572753906,0.01870039477944374,4.097999572753906,14.002857889980078,6.17055344581604,5081.234167345466,1.7717317342758179,0.0004714291428571428,16,2048,,2257.1188809871674
adammini-galore2-r8,adammini,galore2,8,1.1B,sdpa,666,350,11501568,2.5680994987487793,13.041016406553544,2.501461317722152,12.200309468916858,nan,nan,22.217557430267334,4.097999572753906,0.01870039477944374,4.097999572753906,14.002857889980078,6.180728912353516,5081.767038953972,1.7545738220214844,0.00047114343428571425,16,2048,,2275.538639307022
adammini-galore2-r8,adammini,galore2,8,1.1B,sdpa,666,351,11534336,2.411123037338257,11.146472022930496,nan,nan,nan,nan,22.217557430267334,4.097999572753906,0.01870039477944374,4.097999572753906,14.002857889980078,6.384557723999023,5054.649415570194,1.5874682664871216,0.00047085772571428574,16,2048,,2281.955430984497
adammini-galore2-r8,adammini,galore2,8,1.1B,sdpa,666,352,11567104,2.6925597190856934,14.769433175828025,nan,nan,nan,nan,22.217557430267334,4.097999572753906,0.01870039477944374,4.097999572753906,14.002857889980078,6.170273542404175,5055.2719044565265,2.2710671424865723,0.00047057201714285717,16,2048,,2288.156595468521
adammini-galore2-r8,adammini,galore2,8,1.1B,sdpa,666,353,11599872,2.335049629211426,10.329972585041524,nan,nan,nan,nan,22.217557430267334,4.097999572753906,0.01870039477944374,4.097999572753906,14.002857889980078,6.191173076629639,5055.839492408844,1.5970126390457153,0.0004702863085714286,16,2048,,2294.3811395168304
adammini-galore2-r8,adammini,galore2,8,1.1B,sdpa,666,354,11632640,2.5454330444335938,12.748747665079437,nan,nan,nan,nan,22.217557430267334,4.097999572753906,0.01870039477944374,4.097999572753906,14.002857889980078,6.21047306060791,5056.364829154816,1.9054609537124634,0.0004700006,16,2048,,2300.623117208481
adammini-galore2-r8,adammini,galore2,8,1.1B,sdpa,666,355,11665408,2.4624316692352295,11.733308403538127,nan,nan,nan,nan,22.217557430267334,4.097999572753906,0.01870039477944374,4.097999572753906,14.002857889980078,6.206476211547852,5056.897873490517,1.7155722379684448,0.00046971489142857146,16,2048,,2306.860241651535
adammini-galore2-r8,adammini,galore2,8,1.1B,sdpa,666,356,11698176,2.4378697872161865,11.4486267374806,nan,nan,nan,nan,22.217557430267334,4.097999572753906,0.01870039477944374,4.097999572753906,14.002857889980078,6.1805689334869385,5057.484808245998,1.7301594018936157,0.0004694291828571429,16,2048,,2313.07186627388
adammini-galore2-r8,adammini,galore2,8,1.1B,sdpa,666,357,11730944,2.371450424194336,10.712919298352736,nan,nan,nan,nan,22.217557430267334,4.097999572753906,0.01870039477944374,4.097999572753906,14.002857889980078,6.166825294494629,5058.09847617303,1.8801943063735962,0.0004691434742857143,16,2048,,2319.2694602012634
adammini-galore2-r8,adammini,galore2,8,1.1B,sdpa,666,358,11763712,2.4119911193847656,11.156152276194653,nan,nan,nan,nan,22.217557430267334,4.097999572753906,0.01870039477944374,4.097999572753906,14.002857889980078,6.156394958496094,5058.7318125480515,1.8224992752075195,0.00046885776571428575,16,2048,,2325.4565613269806
adammini-galore2-r8,adammini,galore2,8,1.1B,sdpa,666,359,11796480,2.5028440952301025,12.21719145176363,nan,nan,nan,nan,22.217557430267334,4.097999572753906,0.01870039477944374,4.097999572753906,14.002857889980078,6.20097541809082,5059.2650400683815,2.2428412437438965,0.0004685720571428572,16,2048,,2331.688580751419
adammini-galore2-r8,adammini,galore2,8,1.1B,sdpa,666,360,11829248,2.592550039291382,13.363806421147412,nan,nan,nan,nan,22.217557430267334,4.097999572753906,0.01870039477944374,4.097999572753906,14.002857889980078,6.141234397888184,5059.924469752391,2.141465187072754,0.0004682863485714286,16,2048,,2337.8605897426605
adammini-galore2-r8,adammini,galore2,8,1.1B,sdpa,666,361,11862016,2.4163520336151123,11.204909535253888,nan,nan,nan,nan,22.217557430267334,4.097999572753906,0.01870039477944374,4.097999572753906,14.002857889980078,6.189736604690552,5060.473951707727,1.7753194570541382,0.00046800064,16,2048,,2344.081658601761
adammini-galore2-r8,adammini,galore2,8,1.1B,sdpa,666,362,11894784,2.357238531112671,10.561745214129726,nan,nan,nan,nan,22.217557430267334,4.097999572753906,0.01870039477944374,4.097999572753906,14.002857889980078,6.2018561363220215,5060.996258120255,2.117274045944214,0.0004677149314285714,16,2048,,2350.314521789551
adammini-galore2-r8,adammini,galore2,8,1.1B,sdpa,666,363,11927552,2.4385921955108643,11.456900308486773,nan,nan,nan,nan,22.217557430267334,4.097999572753906,0.01870039477944374,4.097999572753906,14.002857889980078,6.177361965179443,5061.568172552037,2.4835848808288574,0.00046742922285714284,16,2048,,2356.5230073928833
adammini-galore2-r8,adammini,galore2,8,1.1B,sdpa,666,364,11960320,2.346031665802002,10.444041932379887,nan,nan,nan,nan,22.217557430267334,4.097999572753906,0.01870039477944374,4.097999572753906,14.002857889980078,6.198832273483276,5062.088779050082,1.7834829092025757,0.00046714351428571427,16,2048,,2362.7539808750153
adammini-galore2-r8,adammini,galore2,8,1.1B,sdpa,666,365,11993088,2.4041309356689453,11.068806595991012,nan,nan,nan,nan,22.217557430267334,4.097999572753906,0.01870039477944374,4.097999572753906,14.002857889980078,6.183580636978149,5062.641690635508,1.8062152862548828,0.0004668578057142857,16,2048,,2368.9683952331543
adammini-galore2-r8,adammini,galore2,8,1.1B,sdpa,666,366,12025856,2.469532012939453,11.816915393922063,nan,nan,nan,nan,22.217557430267334,4.097999572753906,0.01870039477944374,4.097999572753906,14.002857889980078,6.1745922565460205,5063.210636501649,1.6763852834701538,0.00046657209714285713,16,2048,,2375.1741955280304
adammini-galore2-r8,adammini,galore2,8,1.1B,sdpa,666,367,12058624,2.3971402645111084,10.991698043257555,nan,nan,nan,nan,22.217557430267334,4.097999572753906,0.01870039477944374,4.097999572753906,14.002857889980078,6.172240257263184,5063.781495801841,1.6257848739624023,0.00046628638857142856,16,2048,,2381.3772752285004
adammini-galore2-r8,adammini,galore2,8,1.1B,sdpa,666,368,12091392,2.3196446895599365,10.172059424998224,nan,nan,nan,nan,22.217557430267334,4.097999572753906,0.01870039477944374,4.097999572753906,14.002857889980078,6.187645673751831,5064.316968650111,1.4854681491851807,0.00046600067999999994,16,2048,,2387.595808029175
adammini-galore2-r8,adammini,galore2,8,1.1B,sdpa,666,369,12124160,2.212061643600464,9.134529137329164,nan,nan,nan,nan,22.217557430267334,4.097999572753906,0.01870039477944374,4.097999572753906,14.002857889980078,6.183931112289429,5064.857422447854,1.5864777565002441,0.0004657149714285714,16,2048,,2393.8108620643616
adammini-galore2-r8,adammini,galore2,8,1.1B,sdpa,666,370,12156928,2.5068066120147705,12.265698319121427,nan,nan,nan,nan,22.217557430267334,4.097999572753906,0.01870039477944374,4.097999572753906,14.002857889980078,6.1631550788879395,5065.439068543398,1.7381423711776733,0.00046542926285714285,16,2048,,2400.0038137435913
adammini-galore2-r8,adammini,galore2,8,1.1B,sdpa,666,371,12189696,2.290964126586914,9.884462962186214,nan,nan,nan,nan,22.217557430267334,4.097999572753906,0.01870039477944374,4.097999572753906,14.002857889980078,6.215826511383057,5065.908120554945,1.7079952955245972,0.00046514355428571433,16,2048,,2406.251133918762
adammini-galore2-r8,adammini,galore2,8,1.1B,sdpa,666,372,12222464,2.406841278076172,11.098847544143426,nan,nan,nan,nan,22.217557430267334,4.097999572753906,0.01870039477944374,4.097999572753906,14.002857889980078,6.191002607345581,5066.425522527208,1.5740867853164673,0.00046485784571428576,16,2048,,2412.4726843833923
adammini-galore2-r8,adammini,galore2,8,1.1B,sdpa,666,373,12255232,2.266765594482422,9.6481442820716,nan,nan,nan,nan,22.217557430267334,4.097999572753906,0.01870039477944374,4.097999572753906,14.002857889980078,6.193587779998779,5066.935318240282,1.878740668296814,0.0004645721371428572,16,2048,,2418.69712638855
adammini-galore2-r8,adammini,galore2,8,1.1B,sdpa,666,374,12288000,2.479936122894287,11.940501668800898,nan,nan,nan,nan,22.217557430267334,4.097999572753906,0.01870039477944374,4.097999572753906,14.002857889980078,6.170381546020508,5067.490993752473,1.778300166130066,0.0004642864285714286,16,2048,,2424.898244857788
adammini-galore2-r8,adammini,galore2,8,1.1B,sdpa,666,375,12320768,2.392010450363159,10.935457051374916,nan,nan,nan,nan,22.217557430267334,4.097999572753906,0.01870039477944374,4.097999572753906,14.002857889980078,6.183473825454712,5068.016349324239,1.5476096868515015,0.00046400072000000005,16,2048,,2431.1125569343567
adammini-galore2-r8,adammini,galore2,8,1.1B,sdpa,666,376,12353536,2.4440386295318604,11.519469795724222,nan,nan,nan,nan,22.217557430267334,4.097999572753906,0.01870039477944374,4.097999572753906,14.002857889980078,6.223930597305298,5068.454668913213,1.9800324440002441,0.0004637150114285715,16,2048,,2437.367439031601
adammini-galore2-r8,adammini,galore2,8,1.1B,sdpa,666,377,12386304,2.449474573135376,11.58225948987749,nan,nan,nan,nan,22.217557430267334,4.097999572753906,0.01870039477944374,4.097999572753906,14.002857889980078,6.189253568649292,5068.96279248441,1.864211082458496,0.00046342930285714286,16,2048,,2443.587671279907
adammini-galore2-r8,adammini,galore2,8,1.1B,sdpa,666,378,12419072,2.3277716636657715,10.255064321012055,nan,nan,nan,nan,22.217557430267334,4.097999572753906,0.01870039477944374,4.097999572753906,14.002857889980078,6.191749572753906,5069.463024591077,1.6516022682189941,0.0004631435942857143,16,2048,,2449.8103320598602
adammini-galore2-r8,adammini,galore2,8,1.1B,sdpa,666,379,12451840,2.5486137866973877,12.78936270433188,nan,nan,nan,nan,22.217557430267334,4.097999572753906,0.01870039477944374,4.097999572753906,14.002857889980078,6.168205499649048,5070.009214425935,1.659751534461975,0.0004628578857142857,16,2048,,2456.0094616413116
adammini-galore2-r8,adammini,galore2,8,1.1B,sdpa,666,380,12484608,2.7848541736602783,16.197455688856323,nan,nan,nan,nan,22.217557430267334,4.097999572753906,0.01870039477944374,4.097999572753906,14.002857889980078,6.1854002475738525,5070.517087072623,1.9066226482391357,0.00046257217714285715,16,2048,,2462.2259442806244
adammini-galore2-r8,adammini,galore2,8,1.1B,sdpa,666,381,12517376,2.4367244243621826,11.435521412295154,nan,nan,nan,nan,22.217557430267334,4.097999572753906,0.01870039477944374,4.097999572753906,14.002857889980078,6.172603607177734,5071.047826763288,1.6840225458145142,0.0004622864685714286,16,2048,,2468.4301562309265
adammini-galore2-r8,adammini,galore2,8,1.1B,sdpa,666,382,12550144,2.420766830444336,11.25448628946785,nan,nan,nan,nan,22.217557430267334,4.097999572753906,0.01870039477944374,4.097999572753906,14.002857889980078,6.186851739883423,5071.547477071441,1.802188754081726,0.00046200076,16,2048,,2474.648048400879
adammini-galore2-r8,adammini,galore2,8,1.1B,sdpa,666,383,12582912,2.332765579223633,10.306405335917928,nan,nan,nan,nan,22.217557430267334,4.097999572753906,0.01870039477944374,4.097999572753906,14.002857889980078,6.2066991329193115,5072.004355763906,1.7579880952835083,0.00046171505142857144,16,2048,,2480.885721921921
adammini-galore2-r8,adammini,galore2,8,1.1B,sdpa,666,384,12615680,2.437058448791504,11.439341793823747,nan,nan,nan,nan,22.217557430267334,4.097999572753906,0.01870039477944374,4.097999572753906,14.002857889980078,6.138279676437378,5072.5985108178065,1.8658297061920166,0.0004614293428571428,16,2048,,2487.054802417755
adammini-galore2-r8,adammini,galore2,8,1.1B,sdpa,666,385,12648448,2.427300453186035,11.32825959808085,nan,nan,nan,nan,22.217557430267334,4.097999572753906,0.01870039477944374,4.097999572753906,14.002857889980078,6.1801183223724365,5073.104701671608,1.6032404899597168,0.00046114363428571424,16,2048,,2493.2659397125244
adammini-galore2-r8,adammini,galore2,8,1.1B,sdpa,666,386,12681216,2.3762500286102295,10.76446066326246,nan,nan,nan,nan,22.217557430267334,4.097999572753906,0.01870039477944374,4.097999572753906,14.002857889980078,6.195619583129883,5073.576595086636,1.6330292224884033,0.00046085792571428567,16,2048,,2499.492352962494
adammini-galore2-r8,adammini,galore2,8,1.1B,sdpa,666,387,12713984,2.378185987472534,10.785320401563967,nan,nan,nan,nan,22.217557430267334,4.097999572753906,0.01870039477944374,4.097999572753906,14.002857889980078,6.1888792514801025,5074.060488658506,1.6104172468185425,0.00046057221714285716,16,2048,,2505.712018728256
adammini-galore2-r8,adammini,galore2,8,1.1B,sdpa,666,388,12746752,2.407862663269043,11.110189533967157,nan,nan,nan,nan,22.217557430267334,4.097999572753906,0.01870039477944374,4.097999572753906,14.002857889980078,6.243438243865967,5074.431419614081,1.544500708580017,0.00046028650857142864,16,2048,,2511.9865367412567
adammini-galore2-r8,adammini,galore2,8,1.1B,sdpa,666,389,12779520,2.510279417037964,12.308368748011837,nan,nan,nan,nan,22.217557430267334,4.097999572753906,0.01870039477944374,4.097999572753906,14.002857889980078,6.142793416976929,5075.002985269092,1.7577238082885742,0.00046000080000000007,16,2048,,2518.1601700782776
adammini-galore2-r8,adammini,galore2,8,1.1B,sdpa,666,390,12812288,2.5666658878326416,13.0223340578848,nan,nan,nan,nan,22.217557430267334,4.097999572753906,0.01870039477944374,4.097999572753906,14.002857889980078,6.173003196716309,5075.511223072567,1.9022971391677856,0.0004597150914285715,16,2048,,2524.3644218444824
adammini-galore2-r8,adammini,galore2,8,1.1B,sdpa,666,391,12845056,2.49210524559021,12.08669481571956,nan,nan,nan,nan,22.217557430267334,4.097999572753906,0.01870039477944374,4.097999572753906,14.002857889980078,6.187417268753052,5075.986860176631,1.887410283088684,0.0004594293828571429,16,2048,,2530.58313536644
adammini-galore2-r8,adammini,galore2,8,1.1B,sdpa,666,392,12877824,2.4586102962493896,11.68855661686343,nan,nan,nan,nan,22.217557430267334,4.097999572753906,0.01870039477944374,4.097999572753906,14.002857889980078,6.175324440002441,5076.485481809131,1.6622352600097656,0.0004591436742857143,16,2048,,2536.789464712143
adammini-galore2-r8,adammini,galore2,8,1.1B,sdpa,666,393,12910592,2.269608974456787,9.675616661010013,nan,nan,nan,nan,22.217557430267334,4.097999572753906,0.01870039477944374,4.097999572753906,14.002857889980078,6.175647020339966,5076.980778048792,1.6727420091629028,0.00045885796571428573,16,2048,,2542.9959976673126
adammini-galore2-r8,adammini,galore2,8,1.1B,sdpa,666,394,12943360,2.175485849380493,8.806462697420704,nan,nan,nan,nan,22.217557430267334,4.097999572753906,0.01870039477944374,4.097999572753906,14.002857889980078,6.173678398132324,5077.477701284673,1.7695119380950928,0.00045857225714285716,16,2048,,2549.2009959220886
adammini-galore2-r8,adammini,galore2,8,1.1B,sdpa,666,395,12976128,2.5034356117248535,12.224420259795698,nan,nan,nan,nan,22.217557430267334,4.097999572753906,0.01870039477944374,4.097999572753906,14.002857889980078,6.177109003067017,5077.965369052297,1.6706722974777222,0.0004582865485714286,16,2048,,2555.4086985588074
adammini-galore2-r8,adammini,galore2,8,1.1B,sdpa,666,396,13008896,2.3537368774414062,10.524826316545994,nan,nan,nan,nan,22.217557430267334,4.097999572753906,0.01870039477944374,4.097999572753906,14.002857889980078,6.169936180114746,5078.466016093029,1.6743890047073364,0.00045800084,16,2048,,2561.6096844673157
adammini-galore2-r8,adammini,galore2,8,1.1B,sdpa,666,397,13041664,2.2759103775024414,9.736779123585436,nan,nan,nan,nan,22.217557430267334,4.097999572753906,0.01870039477944374,4.097999572753906,14.002857889980078,6.197329044342041,5078.908608647995,1.696778655052185,0.00045771513142857145,16,2048,,2567.8382427692413
adammini-galore2-r8,adammini,galore2,8,1.1B,sdpa,666,398,13074432,2.696840524673462,14.832793768326049,nan,nan,nan,nan,22.217557430267334,4.097999572753906,0.01870039477944374,4.097999572753906,14.002857889980078,6.1898839473724365,5079.364091818144,1.5812010765075684,0.00045742942285714283,16,2048,,2574.058872938156
adammini-galore2-r8,adammini,galore2,8,1.1B,sdpa,666,399,13107200,2.2709336280822754,9.68844199438564,nan,nan,nan,nan,22.217557430267334,4.097999572753906,0.01870039477944374,4.097999572753906,14.002857889980078,6.192138195037842,5079.813347146413,1.6593055725097656,0.00045714371428571426,16,2048,,2580.2820284366608
adammini-galore2-r8,adammini,galore2,8,1.1B,sdpa,666,400,13139968,2.4848177433013916,11.99893316958547,2.500879683536717,12.193215415128938,nan,nan,22.217557430267334,4.097999572753906,0.01870039477944374,4.097999572753906,14.002857889980078,6.179208040237427,5080.285616712968,1.6138215065002441,0.0004568580057142857,16,2048,,2598.9418807029724
adammini-galore2-r8,adammini,galore2,8,1.1B,sdpa,666,401,13172736,2.4680516719818115,11.799435271534186,nan,nan,nan,nan,22.217557430267334,4.097999572753906,0.01870039477944374,4.097999572753906,14.002857889980078,6.170686483383179,5056.490697151058,1.6199231147766113,0.0004565722971428571,16,2048,,2605.143930196762
adammini-galore2-r8,adammini,galore2,8,1.1B,sdpa,666,402,13205504,2.3516271114349365,10.50264480288879,nan,nan,nan,nan,22.217557430267334,4.097999572753906,0.01870039477944374,4.097999572753906,14.002857889980078,6.169010162353516,5057.033794833061,1.8583931922912598,0.00045628658857142855,16,2048,,2611.343878030777
adammini-galore2-r8,adammini,galore2,8,1.1B,sdpa,666,403,13238272,2.4897329807281494,12.0580559572194,nan,nan,nan,nan,22.217557430267334,4.097999572753906,0.01870039477944374,4.097999572753906,14.002857889980078,6.175143718719482,5057.562568888764,1.5867868661880493,0.00045600088000000003,16,2048,,2617.5498225688934
adammini-galore2-r8,adammini,galore2,8,1.1B,sdpa,666,404,13271040,2.4990322589874268,12.170710164413402,nan,nan,nan,nan,22.217557430267334,4.097999572753906,0.01870039477944374,4.097999572753906,14.002857889980078,6.185775518417358,5058.068284634797,1.5007816553115845,0.00045571517142857146,16,2048,,2623.7665123939514
adammini-galore2-r8,adammini,galore2,8,1.1B,sdpa,666,405,13303808,2.422344207763672,11.272252869498045,nan,nan,nan,nan,22.217557430267334,4.097999572753906,0.01870039477944374,4.097999572753906,14.002857889980078,6.178985357284546,5058.584688449833,1.620672345161438,0.00045542946285714284,16,2048,,2629.9761729240417
adammini-galore2-r8,adammini,galore2,8,1.1B,sdpa,666,406,13336576,2.448868751525879,11.57524483182198,nan,nan,nan,nan,22.217557430267334,4.097999572753906,0.01870039477944374,4.097999572753906,14.002857889980078,6.183552265167236,5059.089878435867,1.8051787614822388,0.0004551437542857143,16,2048,,2636.1909968852997
adammini-galore2-r8,adammini,galore2,8,1.1B,sdpa,666,407,13369344,2.4157114028930664,11.197733624767638,nan,nan,nan,nan,22.217557430267334,4.097999572753906,0.01870039477944374,4.097999572753906,14.002857889980078,6.184632301330566,5059.5899635473515,1.6158841848373413,0.00045485804571428575,16,2048,,2642.4068398475647
adammini-galore2-r8,adammini,galore2,8,1.1B,sdpa,666,408,13402112,2.224076509475708,9.244941244852255,nan,nan,nan,nan,22.217557430267334,4.097999572753906,0.01870039477944374,4.097999572753906,14.002857889980078,6.1871607303619385,5060.083174707944,1.654754638671875,0.0004545723371428572,16,2048,,2648.62500500679
adammini-galore2-r8,adammini,galore2,8,1.1B,sdpa,666,409,13434880,2.3023667335510254,9.997816643956677,nan,nan,nan,nan,22.217557430267334,4.097999572753906,0.01870039477944374,4.097999572753906,14.002857889980078,6.179710149765015,5060.588396744958,1.5412814617156982,0.0004542866285714286,16,2048,,2654.835645198822
adammini-galore2-r8,adammini,galore2,8,1.1B,sdpa,666,410,13467648,2.3432722091674805,10.415261778633905,nan,nan,nan,nan,22.217557430267334,4.097999572753906,0.01870039477944374,4.097999572753906,14.002857889980078,6.1821699142456055,5061.086091031469,1.5584994554519653,0.00045400092000000004,16,2048,,2661.0488588809967
adammini-galore2-r8,adammini,galore2,8,1.1B,sdpa,666,411,13500416,2.33496356010437,10.329083531785779,nan,nan,nan,nan,22.217557430267334,4.097999572753906,0.01870039477944374,4.097999572753906,14.002857889980078,6.185191869735718,5061.576880543456,1.572323203086853,0.00045371521142857147,16,2048,,2667.2648644447327
adammini-galore2-r8,adammini,galore2,8,1.1B,sdpa,666,412,13533184,2.4584736824035645,11.686959907260658,nan,nan,nan,nan,22.217557430267334,4.097999572753906,0.01870039477944374,4.097999572753906,14.002857889980078,6.200874328613281,5062.035293094508,1.5478863716125488,0.00045342950285714285,16,2048,,2673.496574163437
adammini-galore2-r8,adammini,galore2,8,1.1B,sdpa,666,413,13565952,2.373232364654541,10.732026101234105,nan,nan,nan,nan,22.217557430267334,4.097999572753906,0.01870039477944374,4.097999572753906,14.002857889980078,6.170181035995483,5062.549678934752,1.5771905183792114,0.0004531437942857143,16,2048,,2679.69762301445
adammini-galore2-r8,adammini,galore2,8,1.1B,sdpa,666,414,13598720,2.3622188568115234,10.614477347849036,nan,nan,nan,nan,22.217557430267334,4.097999572753906,0.01870039477944374,4.097999572753906,14.002857889980078,6.1732542514801025,5063.055601091958,2.283212900161743,0.0004528580857142857,16,2048,,2685.9019544124603
adammini-galore2-r8,adammini,galore2,8,1.1B,sdpa,666,415,13631488,2.4457874298095703,11.539632672986052,nan,nan,nan,nan,22.217557430267334,4.097999572753906,0.01870039477944374,4.097999572753906,14.002857889980078,6.177699327468872,5063.550824717473,1.7150994539260864,0.00045257237714285714,16,2048,,2692.110580444336
adammini-galore2-r8,adammini,galore2,8,1.1B,sdpa,666,416,13664256,2.349750280380249,10.48295159915531,nan,nan,nan,nan,22.217557430267334,4.097999572753906,0.01870039477944374,4.097999572753906,14.002857889980078,6.177504062652588,5064.044129113644,1.735788106918335,0.00045228666857142857,16,2048,,2698.318990945816
adammini-galore2-r8,adammini,galore2,8,1.1B,sdpa,666,417,13697024,2.5048038959503174,12.241158189713955,nan,nan,nan,nan,22.217557430267334,4.097999572753906,0.01870039477944374,4.097999572753906,14.002857889980078,6.19327974319458,5064.50575442177,1.6720279455184937,0.00045200096,16,2048,,2704.5431826114655
adammini-galore2-r8,adammini,galore2,8,1.1B,sdpa,666,418,13729792,2.5453577041625977,12.747787207156524,nan,nan,nan,nan,22.217557430267334,4.097999572753906,0.01870039477944374,4.097999572753906,14.002857889980078,6.182159662246704,5064.985988591081,1.9523259401321411,0.0004517152514285714,16,2048,,2710.7565245628357
adammini-galore2-r8,adammini,galore2,8,1.1B,sdpa,666,419,13762560,2.3648905754089355,10.642874161637288,nan,nan,nan,nan,22.217557430267334,4.097999572753906,0.01870039477944374,4.097999572753906,14.002857889980078,6.1742167472839355,5065.47825287563,1.9233225584030151,0.00045142954285714285,16,2048,,2716.9613921642303
adammini-galore2-r8,adammini,galore2,8,1.1B,sdpa,666,420,13795328,2.3496031761169434,10.481409625701263,nan,nan,nan,nan,22.217557430267334,4.097999572753906,0.01870039477944374,4.097999572753906,14.002857889980078,6.194476842880249,5065.930757943336,1.4794672727584839,0.0004511438342857143,16,2048,,2723.187000274658
adammini-galore2-r8,adammini,galore2,8,1.1B,sdpa,666,421,13828096,2.310840368270874,10.08289444021188,nan,nan,nan,nan,22.217557430267334,4.097999572753906,0.01870039477944374,4.097999572753906,14.002857889980078,6.182283878326416,5066.404911261732,1.6989984512329102,0.0004508581257142857,16,2048,,2729.4000005722046
adammini-galore2-r8,adammini,galore2,8,1.1B,sdpa,666,422,13860864,2.5242631435394287,12.481694656913037,nan,nan,nan,nan,22.217557430267334,4.097999572753906,0.01870039477944374,4.097999572753906,14.002857889980078,6.1851513385772705,5066.87089537039,1.832797884941101,0.00045057241714285714,16,2048,,2735.616238117218
adammini-galore2-r8,adammini,galore2,8,1.1B,sdpa,666,423,13893632,2.3467342853546143,10.451382699030974,nan,nan,nan,nan,22.217557430267334,4.097999572753906,0.01870039477944374,4.097999572753906,14.002857889980078,6.181772232055664,5067.341150555264,3.167997121810913,0.0004502867085714286,16,2048,,2741.828885793686
adammini-galore2-r8,adammini,galore2,8,1.1B,sdpa,666,424,13926400,2.5039913654327393,12.231215914862172,nan,nan,nan,nan,22.217557430267334,4.097999572753906,0.01870039477944374,4.097999572753906,14.002857889980078,6.125647068023682,5067.912631746414,inf,0.000450001,16,2048,,2747.9559001922607
adammini-galore2-r8,adammini,galore2,8,1.1B,sdpa,666,425,13959168,3.007148504257202,20.229632891089754,nan,nan,nan,nan,22.217557430267334,4.097999572753906,0.01870039477944374,4.097999572753906,14.002857889980078,6.19268012046814,5068.412851532479,3.248544692993164,0.0004497152914285715,16,2048,,2754.179359436035
adammini-galore2-r8,adammini,galore2,8,1.1B,sdpa,666,426,13991936,2.677239179611206,14.54488200655208,nan,nan,nan,nan,22.217557430267334,4.097999572753906,0.01870039477944374,4.097999572753906,14.002857889980078,6.189176797866821,5068.856930109706,2.9768996238708496,0.00044942958285714286,16,2048,,2760.4026143550873
adammini-galore2-r8,adammini,galore2,8,1.1B,sdpa,666,427,14024704,2.4572794437408447,11.67301121857922,nan,nan,nan,nan,22.217557430267334,4.097999572753906,0.01870039477944374,4.097999572753906,14.002857889980078,6.199959754943848,5069.274923801761,2.04892897605896,0.0004491438742857143,16,2048,,2766.6389532089233
adammini-galore2-r8,adammini,galore2,8,1.1B,sdpa,666,428,14057472,2.4790565967559814,11.930004302509426,nan,nan,nan,nan,22.217557430267334,4.097999572753906,0.01870039477944374,4.097999572753906,14.002857889980078,6.2084949016571045,5069.6806944755,2.8587286472320557,0.0004488581657142857,16,2048,,2772.881151199341
adammini-galore2-r8,adammini,galore2,8,1.1B,sdpa,666,429,14090240,2.395944118499756,10.97855822762082,nan,nan,nan,nan,22.217557430267334,4.097999572753906,0.01870039477944374,4.097999572753906,14.002857889980078,6.1952314376831055,5070.1071274234755,2.902688980102539,0.00044857245714285715,16,2048,,2779.1107184886932
adammini-galore2-r8,adammini,galore2,8,1.1B,sdpa,666,430,14123008,2.4472415447235107,11.556424830861989,nan,nan,nan,nan,22.217557430267334,4.097999572753906,0.01870039477944374,4.097999572753906,14.002857889980078,6.19758677482605,5070.53413719966,1.7723289728164673,0.0004482867485714286,16,2048,,2785.3393783569336
adammini-galore2-r8,adammini,galore2,8,1.1B,sdpa,666,431,14155776,2.306562662124634,10.039854901573442,nan,nan,nan,nan,22.217557430267334,4.097999572753906,0.01870039477944374,4.097999572753906,14.002857889980078,6.179849147796631,5070.991305727588,2.0669944286346436,0.00044800104,16,2048,,2791.549770593643
adammini-galore2-r8,adammini,galore2,8,1.1B,sdpa,666,432,14188544,2.574064016342163,13.119032210375998,nan,nan,nan,nan,22.217557430267334,4.097999572753906,0.01870039477944374,4.097999572753906,14.002857889980078,6.167778491973877,5071.46843656991,2.08406662940979,0.00044771533142857144,16,2048,,2797.7487592697144
adammini-galore2-r8,adammini,galore2,8,1.1B,sdpa,666,433,14221312,2.3205039501190186,10.180803630704297,nan,nan,nan,nan,22.217557430267334,4.097999572753906,0.01870039477944374,4.097999572753906,14.002857889980078,6.196784257888794,5071.890497563797,1.6344714164733887,0.0004474296228571428,16,2048,,2803.976444005966
adammini-galore2-r8,adammini,galore2,8,1.1B,sdpa,666,434,14254080,2.4060211181640625,11.08974844618485,nan,nan,nan,nan,22.217557430267334,4.097999572753906,0.01870039477944374,4.097999572753906,14.002857889980078,6.201004505157471,5072.303808829927,1.6350370645523071,0.00044714391428571425,16,2048,,2810.2080302238464
adammini-galore2-r8,adammini,galore2,8,1.1B,sdpa,666,435,14286848,2.2842164039611816,9.817989871023226,nan,nan,nan,nan,22.217557430267334,4.097999572753906,0.01870039477944374,4.097999572753906,14.002857889980078,6.1988911628723145,5072.719322068228,1.579705834388733,0.0004468582057142857,16,2048,,2816.4376380443573
adammini-galore2-r8,adammini,galore2,8,1.1B,sdpa,666,436,14319616,2.547208309173584,12.771400168434289,nan,nan,nan,nan,22.217557430267334,4.097999572753906,0.01870039477944374,4.097999572753906,14.002857889980078,6.186599493026733,5073.15470368229,1.8425464630126953,0.00044657249714285716,16,2048,,2822.655129671097
adammini-galore2-r8,adammini,galore2,8,1.1B,sdpa,666,437,14352384,2.4534902572631836,11.628863696734845,nan,nan,nan,nan,22.217557430267334,4.097999572753906,0.01870039477944374,4.097999572753906,14.002857889980078,6.182275295257568,5073.596007424071,1.8372795581817627,0.0004462867885714286,16,2048,,2828.868101119995
adammini-galore2-r8,adammini,galore2,8,1.1B,sdpa,666,438,14385152,2.399641275405884,11.01922280533333,nan,nan,nan,nan,22.217557430267334,4.097999572753906,0.01870039477944374,4.097999572753906,14.002857889980078,6.188575744628906,5074.024130590781,1.730833649635315,0.00044600108,16,2048,,2835.087488889694
adammini-galore2-r8,adammini,galore2,8,1.1B,sdpa,666,439,14417920,2.4668259620666504,11.784981446636387,nan,nan,nan,nan,22.217557430267334,4.097999572753906,0.01870039477944374,4.097999572753906,14.002857889980078,6.1988608837127686,5074.422728858654,1.8961546421051025,0.00044571537142857145,16,2048,,2841.3220002651215
adammini-galore2-r8,adammini,galore2,8,1.1B,sdpa,666,440,14450688,2.436025857925415,11.427535730438995,nan,nan,nan,nan,22.217557430267334,4.097999572753906,0.01870039477944374,4.097999572753906,14.002857889980078,6.208414316177368,5074.801278447678,1.5968506336212158,0.0004454296628571429,16,2048,,2847.567524433136
adammini-galore2-r8,adammini,galore2,8,1.1B,sdpa,666,441,14483456,2.536648988723755,12.637252362742736,nan,nan,nan,nan,22.217557430267334,4.097999572753906,0.01870039477944374,4.097999572753906,14.002857889980078,6.189233064651489,5075.218498632831,1.655413269996643,0.0004451439542857143,16,2048,,2853.7894909381866
adammini-galore2-r8,adammini,galore2,8,1.1B,sdpa,666,442,14516224,2.2637839317321777,9.61941961457325,nan,nan,nan,nan,22.217557430267334,4.097999572753906,0.01870039477944374,4.097999572753906,14.002857889980078,6.185220003128052,5075.637957298117,1.6687291860580444,0.0004448582457142857,16,2048,,2860.010059595108
adammini-galore2-r8,adammini,galore2,8,1.1B,sdpa,666,443,14548992,2.3339176177978516,10.318285554347446,nan,nan,nan,nan,22.217557430267334,4.097999572753906,0.01870039477944374,4.097999572753906,14.002857889980078,6.183712482452393,5076.064898625929,1.6595823764801025,0.00044457253714285717,16,2048,,2866.2245314121246
adammini-galore2-r8,adammini,galore2,8,1.1B,sdpa,666,444,14581760,2.822718858718872,16.82252662395784,nan,nan,nan,nan,22.217557430267334,4.097999572753906,0.01870039477944374,4.097999572753906,14.002857889980078,6.177170038223267,5076.502302215616,1.97713041305542,0.0004442868285714286,16,2048,,2872.4327540397644
adammini-galore2-r8,adammini,galore2,8,1.1B,sdpa,666,445,14614528,2.7350234985351562,15.410105546581716,nan,nan,nan,nan,22.217557430267334,4.097999572753906,0.01870039477944374,4.097999572753906,14.002857889980078,6.184922933578491,5076.9234955959355,1.7295540571212769,0.00044400112000000003,16,2048,,2878.6486115455627
adammini-galore2-r8,adammini,galore2,8,1.1B,sdpa,666,446,14647296,2.297307252883911,9.947360632173789,nan,nan,nan,nan,22.217557430267334,4.097999572753906,0.01870039477944374,4.097999572753906,14.002857889980078,6.181082725524902,5077.3499264257225,1.7654378414154053,0.00044371541142857146,16,2048,,2884.8606708049774
adammini-galore2-r8,adammini,galore2,8,1.1B,sdpa,666,447,14680064,2.6227328777313232,13.773312978400094,nan,nan,nan,nan,22.217557430267334,4.097999572753906,0.01870039477944374,4.097999572753906,14.002857889980078,6.179985761642456,5077.776108018004,1.6506097316741943,0.0004434297028571429,16,2048,,2891.0719294548035
adammini-galore2-r8,adammini,galore2,8,1.1B,sdpa,666,448,14712832,2.334033489227295,10.31948121811433,nan,nan,nan,nan,22.217557430267334,4.097999572753906,0.01870039477944374,4.097999572753906,14.002857889980078,6.1847264766693115,5078.19221859387,1.5288153886795044,0.0004431439942857143,16,2048,,2897.287428855896
adammini-galore2-r8,adammini,galore2,8,1.1B,sdpa,666,449,14745600,2.1835286617279053,8.877577020572437,nan,nan,nan,nan,22.217557430267334,4.097999572753906,0.01870039477944374,4.097999572753906,14.002857889980078,6.187710762023926,5078.601850540332,1.4864140748977661,0.0004428582857142857,16,2048,,2903.505916595459
adammini-galore2-r8,adammini,galore2,8,1.1B,sdpa,666,450,14778368,2.6469807624816895,14.111368688643413,2.494387932112827,12.1143164648676,nan,nan,22.217557430267334,4.097999572753906,0.01870039477944374,4.097999572753906,14.002857889980078,6.1938560009002686,5078.998623179984,1.761702060699463,0.0004425725771428571,16,2048,,2922.1168580055237
adammini-galore2-r8,adammini,galore2,8,1.1B,sdpa,666,451,14811136,2.387216806411743,10.883161806358201,nan,nan,nan,nan,22.217557430267334,4.097999572753906,0.01870039477944374,4.097999572753906,14.002857889980078,6.175882577896118,5057.938832008125,1.6685802936553955,0.00044228686857142855,16,2048,,2928.3242008686066
adammini-galore2-r8,adammini,galore2,8,1.1B,sdpa,666,452,14843904,2.367272138595581,10.668251045272196,nan,nan,nan,nan,22.217557430267334,4.097999572753906,0.01870039477944374,4.097999572753906,14.002857889980078,6.185251235961914,5058.391604536031,1.6753994226455688,0.00044200116000000004,16,2048,,2934.54053235054
adammini-galore2-r8,adammini,galore2,8,1.1B,sdpa,666,453,14876672,2.1803367137908936,8.849285433573144,nan,nan,nan,nan,22.217557430267334,4.097999572753906,0.01870039477944374,4.097999572753906,14.002857889980078,6.177868366241455,5058.854294053929,1.7934719324111938,0.00044171545142857147,16,2048,,2940.7492537498474
adammini-galore2-r8,adammini,galore2,8,1.1B,sdpa,666,454,14909440,2.405750274658203,11.086745266550794,nan,nan,nan,nan,22.217557430267334,4.097999572753906,0.01870039477944374,4.097999572753906,14.002857889980078,6.183235168457031,5059.306152881271,1.4876116514205933,0.0004414297428571429,16,2048,,2946.9633717536926
adammini-galore2-r8,adammini,galore2,8,1.1B,sdpa,666,455,14942208,2.5128602981567383,12.340176212503113,nan,nan,nan,nan,22.217557430267334,4.097999572753906,0.01870039477944374,4.097999572753906,14.002857889980078,6.172363042831421,5059.774803180382,1.6864959001541138,0.0004411440342857143,16,2048,,2953.1666264533997
adammini-galore2-r8,adammini,galore2,8,1.1B,sdpa,666,456,14974976,2.2886431217193604,9.86154767906683,nan,nan,nan,nan,22.217557430267334,4.097999572753906,0.01870039477944374,4.097999572753906,14.002857889980078,6.171228885650635,5060.243394647468,1.6093792915344238,0.0004408583257142857,16,2048,,2959.3686735630035
adammini-galore2-r8,adammini,galore2,8,1.1B,sdpa,666,457,15007744,2.2572286128997803,9.556567484965928,nan,nan,nan,nan,22.217557430267334,4.097999572753906,0.01870039477944374,4.097999572753906,14.002857889980078,6.177600860595703,5060.699292682427,1.7664695978164673,0.00044057261714285713,16,2048,,2965.5770587921143
adammini-galore2-r8,adammini,galore2,8,1.1B,sdpa,666,458,15040512,2.3964221477508545,10.983807554154366,nan,nan,nan,nan,22.217557430267334,4.097999572753906,0.01870039477944374,4.097999572753906,14.002857889980078,6.200995922088623,5061.112553967138,1.7356714010238647,0.00044028690857142856,16,2048,,2971.809586286545
adammini-galore2-r8,adammini,galore2,8,1.1B,sdpa,666,459,15073280,2.4017174243927,11.042124118639194,nan,nan,nan,nan,22.217557430267334,4.097999572753906,0.01870039477944374,4.097999572753906,14.002857889980078,6.198855638504028,5061.527984590547,1.5585289001464844,0.0004400012,16,2048,,2978.039661169052
adammini-galore2-r8,adammini,galore2,8,1.1B,sdpa,666,460,15106048,2.3664534091949463,10.659520209071928,nan,nan,nan,nan,22.217557430267334,4.097999572753906,0.01870039477944374,4.097999572753906,14.002857889980078,6.173706769943237,5061.984660680921,1.6447862386703491,0.0004397154914285714,16,2048,,2984.2443463802338
adammini-galore2-r8,adammini,galore2,8,1.1B,sdpa,666,461,15138816,2.30216383934021,9.99578835061027,nan,nan,nan,nan,22.217557430267334,4.097999572753906,0.01870039477944374,4.097999572753906,14.002857889980078,6.17879319190979,5062.430353100527,1.514255404472351,0.0004394297828571429,16,2048,,2990.4542331695557
adammini-galore2-r8,adammini,galore2,8,1.1B,sdpa,666,462,15171584,2.6026275157928467,13.499160735792902,nan,nan,nan,nan,22.217557430267334,4.097999572753906,0.01870039477944374,4.097999572753906,14.002857889980078,6.180708408355713,5062.871676254945,1.5869629383087158,0.00043914407428571433,16,2048,,2996.6658647060394
adammini-galore2-r8,adammini,galore2,8,1.1B,sdpa,666,463,15204352,2.3533506393432617,10.520762012591229,nan,nan,nan,nan,22.217557430267334,4.097999572753906,0.01870039477944374,4.097999572753906,14.002857889980078,6.169203758239746,5063.330434586579,1.5875319242477417,0.0004388583657142857,16,2048,,3002.865950345993
adammini-galore2-r8,adammini,galore2,8,1.1B,sdpa,666,464,15237120,2.399435043334961,11.016950522511076,nan,nan,nan,nan,22.217557430267334,4.097999572753906,0.01870039477944374,4.097999572753906,14.002857889980078,6.156032562255859,5063.809489017031,1.727301836013794,0.00043857265714285714,16,2048,,3009.0528864860535
adammini-galore2-r8,adammini,galore2,8,1.1B,sdpa,666,465,15269888,2.1664955615997314,8.727644891690082,nan,nan,nan,nan,22.217557430267334,4.097999572753906,0.01870039477944374,4.097999572753906,14.002857889980078,6.161271572113037,5064.277810209149,1.5850955247879028,0.00043828694857142857,16,2048,,3015.244775533676
adammini-galore2-r8,adammini,galore2,8,1.1B,sdpa,666,466,15302656,2.4650442600250244,11.764002815516994,nan,nan,nan,nan,22.217557430267334,4.097999572753906,0.01870039477944374,4.097999572753906,14.002857889980078,6.184175729751587,5064.7062434126165,1.528481125831604,0.00043800124,16,2048,,3021.459621667862
adammini-galore2-r8,adammini,galore2,8,1.1B,sdpa,666,467,15335424,2.3752381801605225,10.75357416909836,nan,nan,nan,nan,22.217557430267334,4.097999572753906,0.01870039477944374,4.097999572753906,14.002857889980078,6.1822755336761475,5065.1359686578335,1.5625600814819336,0.00043771553142857143,16,2048,,3027.6725997924805
adammini-galore2-r8,adammini,galore2,8,1.1B,sdpa,666,468,15368192,2.2621359825134277,9.603580354267514,nan,nan,nan,nan,22.217557430267334,4.097999572753906,0.01870039477944374,4.097999572753906,14.002857889980078,6.178263187408447,5065.5702299263985,1.7278051376342773,0.0004374298228571429,16,2048,,3033.8816821575165
adammini-galore2-r8,adammini,galore2,8,1.1B,sdpa,666,469,15400960,2.42201566696167,11.268550082791496,nan,nan,nan,nan,22.217557430267334,4.097999572753906,0.01870039477944374,4.097999572753906,14.002857889980078,6.19776177406311,5065.970907706958,1.78130304813385,0.00043714411428571434,16,2048,,3040.110289335251
adammini-galore2-r8,adammini,galore2,8,1.1B,sdpa,666,470,15433728,2.493762493133545,12.106742068051528,nan,nan,nan,nan,22.217557430267334,4.097999572753906,0.01870039477944374,4.097999572753906,14.002857889980078,6.202573299407959,5066.361328379854,1.5857473611831665,0.0004368584057142857,16,2048,,3046.344000339508
adammini-galore2-r8,adammini,galore2,8,1.1B,sdpa,666,471,15466496,2.421858072280884,11.26677435916425,nan,nan,nan,nan,22.217557430267334,4.097999572753906,0.01870039477944374,4.097999572753906,14.002857889980078,6.182339668273926,5066.783090781905,1.5627366304397583,0.00043657269714285715,16,2048,,3052.5572516918182
adammini-galore2-r8,adammini,galore2,8,1.1B,sdpa,666,472,15499264,2.4907093048095703,12.069834276418291,nan,nan,nan,nan,22.217557430267334,4.097999572753906,0.01870039477944374,4.097999572753906,14.002857889980078,6.191627502441406,5067.186903578527,1.4941688776016235,0.0004362869885714286,16,2048,,3058.7809071540833
adammini-galore2-r8,adammini,galore2,8,1.1B,sdpa,666,473,15532032,2.584254264831543,13.253401875924064,nan,nan,nan,nan,22.217557430267334,4.097999572753906,0.01870039477944374,4.097999572753906,14.002857889980078,6.17389988899231,5067.619101952097,1.589398980140686,0.00043600128,16,2048,,3064.9862258434296
adammini-galore2-r8,adammini,galore2,8,1.1B,sdpa,666,474,15564800,2.709343194961548,15.01940745204439,nan,nan,nan,nan,22.217557430267334,4.097999572753906,0.01870039477944374,4.097999572753906,14.002857889980078,6.1669089794158936,5068.059439398649,3.2804927825927734,0.00043571557142857144,16,2048,,3071.185725927353
adammini-galore2-r8,adammini,galore2,8,1.1B,sdpa,666,475,15597568,2.347872495651245,10.463285343003992,nan,nan,nan,nan,22.217557430267334,4.097999572753906,0.01870039477944374,4.097999572753906,14.002857889980078,6.184275388717651,5068.470045453545,1.6667014360427856,0.00043542986285714287,16,2048,,3077.401787996292
adammini-galore2-r8,adammini,galore2,8,1.1B,sdpa,666,476,15630336,2.4705522060394287,11.828977081048782,nan,nan,nan,nan,22.217557430267334,4.097999572753906,0.01870039477944374,4.097999572753906,14.002857889980078,6.176825523376465,5068.892989494842,1.7664610147476196,0.0004351441542857143,16,2048,,3083.6093978881836
adammini-galore2-r8,adammini,galore2,8,1.1B,sdpa,666,477,15663104,2.473957061767578,11.869321686224971,nan,nan,nan,nan,22.217557430267334,4.097999572753906,0.01870039477944374,4.097999572753906,14.002857889980078,6.18209433555603,5069.305719557304,1.6141732931137085,0.00043485844571428567,16,2048,,3089.8223848342896
adammini-galore2-r8,adammini,galore2,8,1.1B,sdpa,666,478,15695872,2.4949841499328613,12.121541389821967,nan,nan,nan,nan,22.217557430267334,4.097999572753906,0.01870039477944374,4.097999572753906,14.002857889980078,6.1782917976379395,5069.722559104979,1.7802302837371826,0.0004345727371428571,16,2048,,3096.0319395065308
adammini-galore2-r8,adammini,galore2,8,1.1B,sdpa,666,479,15728640,2.4870707988739014,12.025997910561145,nan,nan,nan,nan,22.217557430267334,4.097999572753906,0.01870039477944374,4.097999572753906,14.002857889980078,6.168774843215942,5070.153550680949,1.8337327241897583,0.00043428702857142853,16,2048,,3102.2317299842834
adammini-galore2-r8,adammini,galore2,8,1.1B,sdpa,666,480,15761408,2.3638179302215576,10.631464254372984,nan,nan,nan,nan,22.217557430267334,4.097999572753906,0.01870039477944374,4.097999572753906,14.002857889980078,6.187659978866577,5070.551933587196,1.6385202407836914,0.00043400132,16,2048,,3108.450223684311
adammini-galore2-r8,adammini,galore2,8,1.1B,sdpa,666,481,15794176,2.414832592010498,11.1878972573845,nan,nan,nan,nan,22.217557430267334,4.097999572753906,0.01870039477944374,4.097999572753906,14.002857889980078,6.206489324569702,5070.918218440575,1.6757627725601196,0.00043371561142857145,16,2048,,3114.6875007152557
adammini-galore2-r8,adammini,galore2,8,1.1B,sdpa,666,482,15826944,2.453570604324341,11.629798079294419,nan,nan,nan,nan,22.217557430267334,4.097999572753906,0.01870039477944374,4.097999572753906,14.002857889980078,6.173548936843872,5071.336762097773,1.8263919353485107,0.0004334299028571429,16,2048,,3120.8917043209076
adammini-galore2-r8,adammini,galore2,8,1.1B,sdpa,666,483,15859712,2.5267157554626465,12.512344981361888,nan,nan,nan,nan,22.217557430267334,4.097999572753906,0.01870039477944374,4.097999572753906,14.002857889980078,6.193575859069824,5071.7209788431,1.7118090391159058,0.0004331441942857143,16,2048,,3127.115815639496
adammini-galore2-r8,adammini,galore2,8,1.1B,sdpa,666,484,15892480,2.485659599304199,12.009038796646134,nan,nan,nan,nan,22.217557430267334,4.097999572753906,0.01870039477944374,4.097999572753906,14.002857889980078,6.179802417755127,5072.126932339733,1.8961995840072632,0.00043285848571428574,16,2048,,3133.326507329941
adammini-galore2-r8,adammini,galore2,8,1.1B,sdpa,666,485,15925248,2.4243602752685547,11.295001415812392,nan,nan,nan,nan,22.217557430267334,4.097999572753906,0.01870039477944374,4.097999572753906,14.002857889980078,6.189774513244629,5072.5144802752375,1.803871750831604,0.00043257277714285717,16,2048,,3139.5470349788666
adammini-galore2-r8,adammini,galore2,8,1.1B,sdpa,666,486,15958016,2.355297088623047,10.541260084990865,nan,nan,nan,nan,22.217557430267334,4.097999572753906,0.01870039477944374,4.097999572753906,14.002857889980078,6.183124542236328,5072.911256738163,1.5382198095321655,0.0004322870685714286,16,2048,,3145.7609107494354
adammini-galore2-r8,adammini,galore2,8,1.1B,sdpa,666,487,15990784,2.4938879013061523,12.108260447657127,nan,nan,nan,nan,22.217557430267334,4.097999572753906,0.01870039477944374,4.097999572753906,14.002857889980078,6.18027138710022,5073.311007806566,1.5751252174377441,0.00043200136,16,2048,,3151.9719817638397
adammini-galore2-r8,adammini,galore2,8,1.1B,sdpa,666,488,16023552,2.3559539318084717,10.548186314317727,nan,nan,nan,nan,22.217557430267334,4.097999572753906,0.01870039477944374,4.097999572753906,14.002857889980078,6.174699068069458,5073.717748016018,1.5876362323760986,0.00043171565142857145,16,2048,,3158.1776711940765
adammini-galore2-r8,adammini,galore2,8,1.1B,sdpa,666,489,16056320,2.3424386978149414,10.406584156652357,nan,nan,nan,nan,22.217557430267334,4.097999572753906,0.01870039477944374,4.097999572753906,14.002857889980078,6.164387941360474,5074.139903459819,1.502197265625,0.0004314299428571429,16,2048,,3164.372405767441
adammini-galore2-r8,adammini,galore2,8,1.1B,sdpa,666,490,16089088,2.483036994934082,11.977585102343559,nan,nan,nan,nan,22.217557430267334,4.097999572753906,0.01870039477944374,4.097999572753906,14.002857889980078,6.182170629501343,5074.532263826218,1.7163913249969482,0.0004311442342857143,16,2048,,3170.5854551792145
adammini-galore2-r8,adammini,galore2,8,1.1B,sdpa,666,491,16121856,2.3966517448425293,10.986329693951218,nan,nan,nan,nan,22.217557430267334,4.097999572753906,0.01870039477944374,4.097999572753906,14.002857889980078,6.188952207565308,5074.911494554126,1.606844186782837,0.0004308585257142857,16,2048,,3176.8054547309875
adammini-galore2-r8,adammini,galore2,8,1.1B,sdpa,666,492,16154624,2.3960256576538086,10.979453446468616,nan,nan,nan,nan,22.217557430267334,4.097999572753906,0.01870039477944374,4.097999572753906,14.002857889980078,6.211580991744995,5075.244602288644,1.62429940700531,0.0004305728171428572,16,2048,,3183.053359270096
adammini-galore2-r8,adammini,galore2,8,1.1B,sdpa,666,493,16187392,2.301344394683838,9.987600710377315,nan,nan,nan,nan,22.217557430267334,4.097999572753906,0.01870039477944374,4.097999572753906,14.002857889980078,6.20695948600769,5075.586877220346,1.5250859260559082,0.00043028710857142855,16,2048,,3189.2950718402863
adammini-galore2-r8,adammini,galore2,8,1.1B,sdpa,666,494,16220160,2.316946506500244,10.14465034056777,nan,nan,nan,nan,22.217557430267334,4.097999572753906,0.01870039477944374,4.097999572753906,14.002857889980078,6.21165919303894,5075.9207266596995,1.5989243984222412,0.0004300014,16,2048,,3195.5401124954224
adammini-galore2-r8,adammini,galore2,8,1.1B,sdpa,666,495,16252928,2.27169132232666,9.6957856528944,nan,nan,nan,nan,22.217557430267334,4.097999572753906,0.01870039477944374,4.097999572753906,14.002857889980078,6.167067527770996,5076.322300866846,1.4495290517807007,0.0004297156914285714,16,2048,,3201.7427093982697
adammini-galore2-r8,adammini,galore2,8,1.1B,sdpa,666,496,16285696,2.3415780067443848,10.397631156030265,nan,nan,nan,nan,22.217557430267334,4.097999572753906,0.01870039477944374,4.097999572753906,14.002857889980078,6.168056964874268,5076.722666351642,1.5517241954803467,0.00042942998285714284,16,2048,,3207.9447960853577
adammini-galore2-r8,adammini,galore2,8,1.1B,sdpa,666,497,16318464,2.4459047317504883,11.540986373690382,nan,nan,nan,nan,22.217557430267334,4.097999572753906,0.01870039477944374,4.097999572753906,14.002857889980078,6.175057888031006,5077.115264696285,1.604619026184082,0.00042914427428571427,16,2048,,3214.151133298874
adammini-galore2-r8,adammini,galore2,8,1.1B,sdpa,666,498,16351232,2.443315029144287,11.511137317971034,nan,nan,nan,nan,22.217557430267334,4.097999572753906,0.01870039477944374,4.097999572753906,14.002857889980078,6.1713643074035645,5077.511754033295,1.8903807401657104,0.0004288585657142857,16,2048,,3220.353019475937
adammini-galore2-r8,adammini,galore2,8,1.1B,sdpa,666,499,16384000,2.310004472732544,10.074469715321372,nan,nan,nan,nan,22.217557430267334,4.097999572753906,0.01870039477944374,4.097999572753906,14.002857889980078,6.178976058959961,5077.895936584348,1.4298149347305298,0.0004285728571428572,16,2048,,3226.5634746551514
adammini-galore2-r8,adammini,galore2,8,1.1B,sdpa,666,500,16416768,2.12524676322937,8.374963866293209,2.492823669143063,12.095381301865828,nan,nan,22.217557430267334,4.097999572753906,0.01870039477944374,4.097999572753906,14.002857889980078,6.1740570068359375,5078.2847724414505,1.624764084815979,0.0004282871485714286,16,2048,,3245.4506220817566
adammini-galore2-r8,adammini,galore2,8,1.1B,sdpa,666,501,16449536,2.457970380783081,11.681079321379146,nan,nan,nan,nan,22.217557430267334,4.097999572753906,0.01870039477944374,4.097999572753906,14.002857889980078,6.186113119125366,5058.845079491786,1.435197114944458,0.00042800144000000004,16,2048,,3251.668347120285
adammini-galore2-r8,adammini,galore2,8,1.1B,sdpa,666,502,16482304,2.264248847961426,9.623892878633967,nan,nan,nan,nan,22.217557430267334,4.097999572753906,0.01870039477944374,4.097999572753906,14.002857889980078,6.176232576370239,5059.264793955931,1.527565836906433,0.00042771573142857147,16,2048,,3257.875371694565
adammini-galore2-r8,adammini,galore2,8,1.1B,sdpa,666,503,16515072,2.27651309967041,9.742649465122613,nan,nan,nan,nan,22.217557430267334,4.097999572753906,0.01870039477944374,4.097999572753906,14.002857889980078,6.1587748527526855,5059.709946535344,1.4627351760864258,0.0004274300228571429,16,2048,,3264.0648884773254
adammini-galore2-r8,adammini,galore2,8,1.1B,sdpa,666,504,16547840,2.2594008445739746,9.577349126651832,nan,nan,nan,nan,22.217557430267334,4.097999572753906,0.01870039477944374,4.097999572753906,14.002857889980078,6.171883821487427,5060.133147755415,1.5172466039657593,0.00042714431428571433,16,2048,,3270.2675840854645
adammini-galore2-r8,adammini,galore2,8,1.1B,sdpa,666,505,16580608,2.3848347663879395,10.857268531002495,nan,nan,nan,nan,22.217557430267334,4.097999572753906,0.01870039477944374,4.097999572753906,14.002857889980078,6.168067455291748,5060.560777366583,1.4820078611373901,0.0004268586057142857,16,2048,,3276.466687440872
adammini-galore2-r8,adammini,galore2,8,1.1B,sdpa,666,506,16613376,2.456977128982544,11.669482828383119,nan,nan,nan,nan,22.217557430267334,4.097999572753906,0.01870039477944374,4.097999572753906,14.002857889980078,6.171430826187134,5060.981048491736,1.6327019929885864,0.0004265728971428572,16,2048,,3282.6693029403687
adammini-galore2-r8,adammini,galore2,8,1.1B,sdpa,666,507,16646144,2.482475519180298,11.970861866363329,nan,nan,nan,nan,22.217557430267334,4.097999572753906,0.01870039477944374,4.097999572753906,14.002857889980078,6.175279140472412,5061.393929053187,1.5081050395965576,0.00042628718857142857,16,2048,,3288.875673055649
adammini-galore2-r8,adammini,galore2,8,1.1B,sdpa,666,508,16678912,2.3276610374450684,10.253929904752402,nan,nan,nan,nan,22.217557430267334,4.097999572753906,0.01870039477944374,4.097999572753906,14.002857889980078,6.18086576461792,5061.796679162121,1.5300670862197876,0.00042600148,16,2048,,3295.087662935257
adammini-galore2-r8,adammini,galore2,8,1.1B,sdpa,666,509,16711680,2.4187004566192627,11.231254324812998,nan,nan,nan,nan,22.217557430267334,4.097999572753906,0.01870039477944374,4.097999572753906,14.002857889980078,6.180684328079224,5062.198033863608,1.5431123971939087,0.0004257157714285714,16,2048,,3301.299263715744
adammini-galore2-r8,adammini,galore2,8,1.1B,sdpa,666,510,16744448,2.2347798347473145,9.344424308166085,nan,nan,nan,nan,22.217557430267334,4.097999572753906,0.01870039477944374,4.097999572753906,14.002857889980078,6.185104131698608,5062.437689217256,1.5763673782348633,0.00042543006285714286,16,2048,,3307.6155779361725
adammini-galore2-r8,adammini,galore2,8,1.1B,sdpa,666,511,16777216,2.35117769241333,10.497925775027067,nan,nan,nan,nan,22.217557430267334,4.097999572753906,0.01870039477944374,4.097999572753906,14.002857889980078,6.206806421279907,5062.796745442065,1.485600471496582,0.0004251443542857143,16,2048,,3313.8536324501038
adammini-galore2-r8,adammini,galore2,8,1.1B,sdpa,666,512,16809984,2.3481760025024414,10.46646150376051,nan,nan,nan,nan,22.217557430267334,4.097999572753906,0.01870039477944374,4.097999572753906,14.002857889980078,6.171618938446045,5063.207836081829,1.6737408638000488,0.0004248586457142857,16,2048,,3320.0559153556824
adammini-galore2-r8,adammini,galore2,8,1.1B,sdpa,666,513,16842752,2.4908673763275146,12.071742324243736,nan,nan,nan,nan,22.217557430267334,4.097999572753906,0.01870039477944374,4.097999572753906,14.002857889980078,6.192285060882568,5063.586571854285,1.5251586437225342,0.00042457293714285714,16,2048,,3326.278781414032
adammini-galore2-r8,adammini,galore2,8,1.1B,sdpa,666,514,16875520,2.5203511714935303,12.432961998876173,nan,nan,nan,nan,22.217557430267334,4.097999572753906,0.01870039477944374,4.097999572753906,14.002857889980078,6.189800977706909,5063.967874422127,1.6067070960998535,0.0004242872285714285,16,2048,,3332.499416589737
adammini-galore2-r8,adammini,galore2,8,1.1B,sdpa,666,515,16908288,2.590968608856201,13.342689193057796,nan,nan,nan,nan,22.217557430267334,4.097999572753906,0.01870039477944374,4.097999572753906,14.002857889980078,6.174166679382324,5064.370942691013,1.5843013525009155,0.00042400151999999995,16,2048,,3338.704491853714
adammini-galore2-r8,adammini,galore2,8,1.1B,sdpa,666,516,16941056,2.377485990524292,10.777773351961072,nan,nan,nan,nan,22.217557430267334,4.097999572753906,0.01870039477944374,4.097999572753906,14.002857889980078,6.187235593795776,5064.7525184999995,1.5551530122756958,0.00042371581142857143,16,2048,,3344.9225318431854
adammini-galore2-r8,adammini,galore2,8,1.1B,sdpa,666,517,16973824,2.3990554809570312,11.012769696065625,nan,nan,nan,nan,22.217557430267334,4.097999572753906,0.01870039477944374,4.097999572753906,14.002857889980078,6.173670291900635,5065.1537733222385,1.5612354278564453,0.0004234301028571429,16,2048,,3351.126981973648
adammini-galore2-r8,adammini,galore2,8,1.1B,sdpa,666,518,17006592,2.173548460006714,8.78941766693212,nan,nan,nan,nan,22.217557430267334,4.097999572753906,0.01870039477944374,4.097999572753906,14.002857889980078,6.177603006362915,5065.547394804013,1.6011308431625366,0.00042314439428571435,16,2048,,3357.335393190384
adammini-galore2-r8,adammini,galore2,8,1.1B,sdpa,666,519,17039360,2.5477068424224854,12.777768723389572,nan,nan,nan,nan,22.217557430267334,4.097999572753906,0.01870039477944374,4.097999572753906,14.002857889980078,6.196036338806152,5065.911810484888,1.9993083477020264,0.0004228586857142858,16,2048,,3363.562110185623
adammini-galore2-r8,adammini,galore2,8,1.1B,sdpa,666,520,17072128,2.3694007396698,10.690983681680983,nan,nan,nan,nan,22.217557430267334,4.097999572753906,0.01870039477944374,4.097999572753906,14.002857889980078,6.197110891342163,5066.273516202342,1.5310629606246948,0.0004225729771428572,16,2048,,3369.7899482250214
adammini-galore2-r8,adammini,galore2,8,1.1B,sdpa,666,521,17104896,2.324688196182251,10.223491864972893,nan,nan,nan,nan,22.217557430267334,4.097999572753906,0.01870039477944374,4.097999572753906,14.002857889980078,6.1933183670043945,5066.639020653942,1.4340758323669434,0.0004222872685714286,16,2048,,3376.0142679214478
adammini-galore2-r8,adammini,galore2,8,1.1B,sdpa,666,522,17137664,2.3338944911956787,10.318046930221618,nan,nan,nan,nan,22.217557430267334,4.097999572753906,0.01870039477944374,4.097999572753906,14.002857889980078,6.178210735321045,5067.026282527133,1.544089436531067,0.00042200156,16,2048,,3382.222993850708
adammini-galore2-r8,adammini,galore2,8,1.1B,sdpa,666,523,17170432,2.3157832622528076,10.132856495308067,nan,nan,nan,nan,22.217557430267334,4.097999572753906,0.01870039477944374,4.097999572753906,14.002857889980078,6.204732179641724,5067.372268253126,1.653406023979187,0.00042171585142857144,16,2048,,3388.458865880966
adammini-galore2-r8,adammini,galore2,8,1.1B,sdpa,666,524,17203200,2.251408815383911,9.501111724429387,nan,nan,nan,nan,22.217557430267334,4.097999572753906,0.01870039477944374,4.097999572753906,14.002857889980078,6.174137353897095,5067.762543558532,1.6450504064559937,0.00042143014285714287,16,2048,,3394.663377046585
adammini-galore2-r8,adammini,galore2,8,1.1B,sdpa,666,525,17235968,2.4243626594543457,11.29502834522638,nan,nan,nan,nan,22.217557430267334,4.097999572753906,0.01870039477944374,4.097999572753906,14.002857889980078,6.1816465854644775,5068.140987434015,1.9245115518569946,0.0004211444342857143,16,2048,,3400.8759751319885
adammini-galore2-r8,adammini,galore2,8,1.1B,sdpa,666,526,17268736,2.5194921493530273,12.422286395193549,nan,nan,nan,nan,22.217557430267334,4.097999572753906,0.01870039477944374,4.097999572753906,14.002857889980078,6.195894241333008,5068.495354815366,1.5869684219360352,0.00042085872571428573,16,2048,,3407.103043079376
adammini-galore2-r8,adammini,galore2,8,1.1B,sdpa,666,527,17301504,2.471193552017212,11.836565981216177,nan,nan,nan,nan,22.217557430267334,4.097999572753906,0.01870039477944374,4.097999572753906,14.002857889980078,6.185430526733398,5068.864669174084,1.717232584953308,0.00042057301714285716,16,2048,,3413.3193004131317
adammini-galore2-r8,adammini,galore2,8,1.1B,sdpa,666,528,17334272,2.4132273197174072,11.169952043230396,nan,nan,nan,nan,22.217557430267334,4.097999572753906,0.01870039477944374,4.097999572753906,14.002857889980078,6.185046672821045,5069.233403507558,1.9058283567428589,0.00042028730857142854,16,2048,,3419.5350289344788
adammini-galore2-r8,adammini,galore2,8,1.1B,sdpa,666,529,17367040,2.6019532680511475,13.490062024889294,nan,nan,nan,nan,22.217557430267334,4.097999572753906,0.01870039477944374,4.097999572753906,14.002857889980078,6.20244836807251,5069.575120060725,2.512660503387451,0.00042000159999999997,16,2048,,3425.768539428711
adammini-galore2-r8,adammini,galore2,8,1.1B,sdpa,666,530,17399808,2.3732693195343018,10.732422709296522,nan,nan,nan,nan,22.217557430267334,4.097999572753906,0.01870039477944374,4.097999572753906,14.002857889980078,6.18564248085022,5069.939887142831,2.189612865447998,0.0004197158914285714,16,2048,,3431.9850339889526
adammini-galore2-r8,adammini,galore2,8,1.1B,sdpa,666,531,17432576,2.4230031967163086,11.279683607728664,nan,nan,nan,nan,22.217557430267334,4.097999572753906,0.01870039477944374,4.097999572753906,14.002857889980078,6.184462785720825,5070.30435791864,1.6507762670516968,0.0004194301828571428,16,2048,,3438.200894832611
adammini-galore2-r8,adammini,galore2,8,1.1B,sdpa,666,532,17465344,2.158311367034912,8.656507645406156,nan,nan,nan,nan,22.217557430267334,4.097999572753906,0.01870039477944374,4.097999572753906,14.002857889980078,6.18009352684021,5070.675223368021,2.117405414581299,0.0004191444742857143,16,2048,,3444.411880970001
adammini-galore2-r8,adammini,galore2,8,1.1B,sdpa,666,533,17498112,2.378026008605957,10.783595116238729,nan,nan,nan,nan,22.217557430267334,4.097999572753906,0.01870039477944374,4.097999572753906,14.002857889980078,6.218961715698242,5070.987520645199,1.7306797504425049,0.00041885876571428574,16,2048,,3450.6615228652954
adammini-galore2-r8,adammini,galore2,8,1.1B,sdpa,666,534,17530880,2.4087677001953125,11.120249217259023,nan,nan,nan,nan,22.217557430267334,4.097999572753906,0.01870039477944374,4.097999572753906,14.002857889980078,6.169789791107178,5071.37081136539,1.7477335929870605,0.00041857305714285717,16,2048,,3456.8619034290314
adammini-galore2-r8,adammini,galore2,8,1.1B,sdpa,666,535,17563648,2.459911823272705,11.703779493507565,nan,nan,nan,nan,22.217557430267334,4.097999572753906,0.01870039477944374,4.097999572753906,14.002857889980078,6.169716119766235,5071.753005016902,2.1910674571990967,0.0004182873485714286,16,2048,,3463.0624570846558
adammini-galore2-r8,adammini,galore2,8,1.1B,sdpa,666,536,17596416,2.438628673553467,11.45731824140696,nan,nan,nan,nan,22.217557430267334,4.097999572753906,0.01870039477944374,4.097999572753906,14.002857889980078,6.1609861850738525,5072.145846909711,2.022433280944824,0.00041800164000000003,16,2048,,3469.254746198654
adammini-galore2-r8,adammini,galore2,8,1.1B,sdpa,666,537,17629184,2.42587947845459,11.31217385886186,nan,nan,nan,nan,22.217557430267334,4.097999572753906,0.01870039477944374,4.097999572753906,14.002857889980078,6.169518709182739,5072.525344447981,1.9143638610839844,0.00041771593142857146,16,2048,,3475.4549717903137
adammini-galore2-r8,adammini,galore2,8,1.1B,sdpa,666,538,17661952,2.490687370300293,12.069569533429894,nan,nan,nan,nan,22.217557430267334,4.097999572753906,0.01870039477944374,4.097999572753906,14.002857889980078,6.17633318901062,5072.893547393714,1.9984184503555298,0.0004174302228571429,16,2048,,3481.662087202072
adammini-galore2-r8,adammini,galore2,8,1.1B,sdpa,666,539,17694720,2.350299596786499,10.488711638351825,nan,nan,nan,nan,22.217557430267334,4.097999572753906,0.01870039477944374,4.097999572753906,14.002857889980078,6.186717748641968,5073.24561718956,1.9451794624328613,0.0004171445142857143,16,2048,,3487.8795108795166
adammini-galore2-r8,adammini,galore2,8,1.1B,sdpa,666,540,17727488,2.5184245109558105,12.409030962520365,nan,nan,nan,nan,22.217557430267334,4.097999572753906,0.01870039477944374,4.097999572753906,14.002857889980078,6.180297136306763,5073.605493710383,1.7718114852905273,0.00041685880571428575,16,2048,,3494.090812921524
adammini-galore2-r8,adammini,galore2,8,1.1B,sdpa,666,541,17760256,2.401855945587158,11.043653792805163,nan,nan,nan,nan,22.217557430267334,4.097999572753906,0.01870039477944374,4.097999572753906,14.002857889980078,6.173799753189087,5073.973052301911,1.641753077507019,0.0004165730971428572,16,2048,,3500.295578479767
adammini-galore2-r8,adammini,galore2,8,1.1B,sdpa,666,542,17793024,2.34799861907959,10.464605091647064,nan,nan,nan,nan,22.217557430267334,4.097999572753906,0.01870039477944374,4.097999572753906,14.002857889980078,6.182934761047363,5074.326704975697,1.648695945739746,0.00041628738857142855,16,2048,,3506.509382724762
adammini-galore2-r8,adammini,galore2,8,1.1B,sdpa,666,543,17825792,2.5483527183532715,12.786024242390685,nan,nan,nan,nan,22.217557430267334,4.097999572753906,0.01870039477944374,4.097999572753906,14.002857889980078,6.201488018035889,5074.652046367423,2.2783939838409424,0.00041600168,16,2048,,3512.7417497634888
adammini-galore2-r8,adammini,galore2,8,1.1B,sdpa,666,544,17858560,2.3911869525909424,10.926455433769663,nan,nan,nan,nan,22.217557430267334,4.097999572753906,0.01870039477944374,4.097999572753906,14.002857889980078,6.2014031410217285,5074.97650284851,1.7087242603302002,0.0004157159714285714,16,2048,,3518.974131345749
adammini-galore2-r8,adammini,galore2,8,1.1B,sdpa,666,545,17891328,2.141322135925293,8.510682472688003,nan,nan,nan,nan,22.217557430267334,4.097999572753906,0.01870039477944374,4.097999572753906,14.002857889980078,6.1924614906311035,5075.312367494899,1.6016151905059814,0.00041543026285714284,16,2048,,3525.197206020355
adammini-galore2-r8,adammini,galore2,8,1.1B,sdpa,666,546,17924096,2.1537604331970215,8.617201958473373,nan,nan,nan,nan,22.217557430267334,4.097999572753906,0.01870039477944374,4.097999572753906,14.002857889980078,6.1679723262786865,5075.68254072265,1.5937814712524414,0.00041514455428571427,16,2048,,3531.396014213562
adammini-galore2-r8,adammini,galore2,8,1.1B,sdpa,666,547,17956864,2.365781307220459,10.652358331517943,nan,nan,nan,nan,22.217557430267334,4.097999572753906,0.01870039477944374,4.097999572753906,14.002857889980078,6.187406778335571,5076.023816664645,1.5765626430511475,0.0004148588457142857,16,2048,,3537.614152431488
adammini-galore2-r8,adammini,galore2,8,1.1B,sdpa,666,548,17989632,2.3287482261657715,10.265083923850955,nan,nan,nan,nan,22.217557430267334,4.097999572753906,0.01870039477944374,4.097999572753906,14.002857889980078,6.184378623962402,5076.3680592138635,1.475356101989746,0.0004145731371428572,16,2048,,3543.8292887210846
adammini-galore2-r8,adammini,galore2,8,1.1B,sdpa,666,549,18022400,2.271458148956299,9.693525117433992,nan,nan,nan,nan,22.217557430267334,4.097999572753906,0.01870039477944374,4.097999572753906,14.002857889980078,6.237390995025635,5076.63492971289,1.5427825450897217,0.00041428742857142856,16,2048,,3550.097707748413
adammini-galore2-r8,adammini,galore2,8,1.1B,sdpa,666,550,18055168,1.9345314502716064,6.920800556346379,2.4954894479132514,12.127667927938772,nan,nan,22.217557430267334,4.097999572753906,0.01870039477944374,4.097999572753906,14.002857889980078,6.123012065887451,5077.064440074215,1.71146559715271,0.00041400172000000005,16,2048,,3568.889843225479
adammini-galore2-r8,adammini,galore2,8,1.1B,sdpa,666,551,18087936,2.351262092590332,10.498811839212093,nan,nan,nan,nan,22.217557430267334,4.097999572753906,0.01870039477944374,4.097999572753906,14.002857889980078,6.192279577255249,5059.443442731044,1.6425747871398926,0.0004137160114285714,16,2048,,3575.113744497299
adammini-galore2-r8,adammini,galore2,8,1.1B,sdpa,666,552,18120704,2.3643853664398193,10.637498644147813,nan,nan,nan,nan,22.217557430267334,4.097999572753906,0.01870039477944374,4.097999572753906,14.002857889980078,6.196088552474976,5059.79607994904,1.5403536558151245,0.00041343030285714285,16,2048,,3581.340582847595
adammini-galore2-r8,adammini,galore2,8,1.1B,sdpa,666,553,18153472,2.459603786468506,11.70017485388467,nan,nan,nan,nan,22.217557430267334,4.097999572753906,0.01870039477944374,4.097999572753906,14.002857889980078,6.186651945114136,5060.161167709425,1.5922659635543823,0.00041314459428571434,16,2048,,3587.5580673217773
adammini-galore2-r8,adammini,galore2,8,1.1B,sdpa,666,554,18186240,2.5112054347991943,12.319771794981433,nan,nan,nan,nan,22.217557430267334,4.097999572753906,0.01870039477944374,4.097999572753906,14.002857889980078,6.176463603973389,5060.538796097439,2.5624208450317383,0.00041285888571428577,16,2048,,3593.76544547081
adammini-galore2-r8,adammini,galore2,8,1.1B,sdpa,666,555,18219008,2.6205852031707764,13.743764126518528,nan,nan,nan,nan,22.217557430267334,4.097999572753906,0.01870039477944374,4.097999572753906,14.002857889980078,6.165942668914795,5060.930288617397,1.764363169670105,0.0004125731771428572,16,2048,,3599.9623172283173
adammini-galore2-r8,adammini,galore2,8,1.1B,sdpa,666,556,18251776,2.5211875438690186,12.443364934595138,nan,nan,nan,nan,22.217557430267334,4.097999572753906,0.01870039477944374,4.097999572753906,14.002857889980078,6.176577806472778,5061.3053643931635,1.5655601024627686,0.00041228746857142857,16,2048,,3606.169677734375
adammini-galore2-r8,adammini,galore2,8,1.1B,sdpa,666,557,18284544,2.3015942573547363,9.990096550762365,nan,nan,nan,nan,22.217557430267334,4.097999572753906,0.01870039477944374,4.097999572753906,14.002857889980078,6.189425468444824,5061.661353613548,1.5615904331207275,0.00041200176000000005,16,2048,,3612.389636993408
adammini-galore2-r8,adammini,galore2,8,1.1B,sdpa,666,558,18317312,2.4180686473846436,11.224160555804584,nan,nan,nan,nan,22.217557430267334,4.097999572753906,0.01870039477944374,4.097999572753906,14.002857889980078,6.172376394271851,5062.039941286445,1.7902201414108276,0.00041171605142857143,16,2048,,3618.592836856842
adammini-galore2-r8,adammini,galore2,8,1.1B,sdpa,666,559,18350080,2.114616870880127,8.286410392748385,nan,nan,nan,nan,22.217557430267334,4.097999572753906,0.01870039477944374,4.097999572753906,14.002857889980078,6.17707371711731,5062.410646861064,1.7568758726119995,0.00041143034285714286,16,2048,,3624.8008913993835
adammini-galore2-r8,adammini,galore2,8,1.1B,sdpa,666,560,18382848,2.4372637271881104,11.441690284604379,nan,nan,nan,nan,22.217557430267334,4.097999572753906,0.01870039477944374,4.097999572753906,14.002857889980078,6.179933547973633,5062.775727980316,1.7521167993545532,0.0004111446342857143,16,2048,,3631.0117602348328
adammini-galore2-r8,adammini,galore2,8,1.1B,sdpa,666,561,18415616,2.5539796352386475,12.858172935080207,nan,nan,nan,nan,22.217557430267334,4.097999572753906,0.01870039477944374,4.097999572753906,14.002857889980078,6.238500118255615,5063.057835099696,1.9134764671325684,0.0004108589257142857,16,2048,,3637.2811868190765
adammini-galore2-r8,adammini,galore2,8,1.1B,sdpa,666,562,18448384,2.236924171447754,9.36448339919082,nan,nan,nan,nan,22.217557430267334,4.097999572753906,0.01870039477944374,4.097999572753906,14.002857889980078,6.115825653076172,5063.509828765958,1.9787657260894775,0.00041057321714285715,16,2048,,3643.427826166153
adammini-galore2-r8,adammini,galore2,8,1.1B,sdpa,666,563,18481152,2.4472036361694336,11.555986751809874,nan,nan,nan,nan,22.217557430267334,4.097999572753906,0.01870039477944374,4.097999572753906,14.002857889980078,6.222976922988892,5063.812039686394,1.6758670806884766,0.0004102875085714285,16,2048,,3649.6817631721497
adammini-galore2-r8,adammini,galore2,8,1.1B,sdpa,666,564,18513920,2.4199113845825195,11.244862802517563,nan,nan,nan,nan,22.217557430267334,4.097999572753906,0.01870039477944374,4.097999572753906,14.002857889980078,6.198638916015625,5064.1460177917415,1.5783535242080688,0.00041000180000000006,16,2048,,3655.911694765091
adammini-galore2-r8,adammini,galore2,8,1.1B,sdpa,666,565,18546688,2.315507650375366,10.130064144525747,nan,nan,nan,nan,22.217557430267334,4.097999572753906,0.01870039477944374,4.097999572753906,14.002857889980078,6.196268796920776,5064.482559030156,1.6356022357940674,0.00040971609142857144,16,2048,,3662.1385576725006
adammini-galore2-r8,adammini,galore2,8,1.1B,sdpa,666,566,18579456,2.3043711185455322,10.017876214450826,nan,nan,nan,nan,22.217557430267334,4.097999572753906,0.01870039477944374,4.097999572753906,14.002857889980078,6.171327114105225,5064.852773740519,1.5528655052185059,0.00040943038285714287,16,2048,,3668.3406867980957
adammini-galore2-r8,adammini,galore2,8,1.1B,sdpa,666,567,18612224,2.225233316421509,9.255642045284635,nan,nan,nan,nan,22.217557430267334,4.097999572753906,0.01870039477944374,4.097999572753906,14.002857889980078,6.180963754653931,5065.208364516663,1.5474255084991455,0.0004091446742857143,16,2048,,3674.5523109436035
adammini-galore2-r8,adammini,galore2,8,1.1B,sdpa,666,568,18644992,2.4006972312927246,11.030864764138727,nan,nan,nan,nan,22.217557430267334,4.097999572753906,0.01870039477944374,4.097999572753906,14.002857889980078,6.17497181892395,5065.571171059248,1.6128454208374023,0.00040885896571428573,16,2048,,3680.757988214493
adammini-galore2-r8,adammini,galore2,8,1.1B,sdpa,666,569,18677760,2.36588978767395,10.653513966861286,nan,nan,nan,nan,22.217557430267334,4.097999572753906,0.01870039477944374,4.097999572753906,14.002857889980078,6.180872678756714,5065.924544876495,1.5496324300765991,0.00040857325714285716,16,2048,,3686.969682455063
adammini-galore2-r8,adammini,galore2,8,1.1B,sdpa,666,570,18710528,2.389744758605957,10.910708723100903,nan,nan,nan,nan,22.217557430267334,4.097999572753906,0.01870039477944374,4.097999572753906,14.002857889980078,6.173854112625122,5066.2861710324005,1.4834809303283691,0.00040828754857142853,16,2048,,3693.174438238144
adammini-galore2-r8,adammini,galore2,8,1.1B,sdpa,666,571,18743296,2.211951971054077,9.133527385191986,nan,nan,nan,nan,22.217557430267334,4.097999572753906,0.01870039477944374,4.097999572753906,14.002857889980078,6.179242372512817,5066.638708988842,1.8864810466766357,0.00040800184,16,2048,,3699.384906768799
adammini-galore2-r8,adammini,galore2,8,1.1B,sdpa,666,572,18776064,2.3007941246032715,9.982106344361005,nan,nan,nan,nan,22.217557430267334,4.097999572753906,0.01870039477944374,4.097999572753906,14.002857889980078,6.192831039428711,5066.971778244114,1.616387963294983,0.00040771613142857145,16,2048,,3705.6081001758575
adammini-galore2-r8,adammini,galore2,8,1.1B,sdpa,666,573,18808832,2.2232444286346436,9.237251905885113,nan,nan,nan,nan,22.217557430267334,4.097999572753906,0.01870039477944374,4.097999572753906,14.002857889980078,6.1991424560546875,5067.295816367419,1.591421365737915,0.0004074304228571429,16,2048,,3711.8381066322327
adammini-galore2-r8,adammini,galore2,8,1.1B,sdpa,666,574,18841600,2.269132137298584,9.671004067272957,nan,nan,nan,nan,22.217557430267334,4.097999572753906,0.01870039477944374,4.097999572753906,14.002857889980078,6.199300050735474,5067.6175510077765,1.5699056386947632,0.0004071447142857143,16,2048,,3718.0686860084534
adammini-galore2-r8,adammini,galore2,8,1.1B,sdpa,666,575,18874368,2.4508025646209717,11.597650849399239,nan,nan,nan,nan,22.217557430267334,4.097999572753906,0.01870039477944374,4.097999572753906,14.002857889980078,6.212350845336914,5067.920991673808,1.758325219154358,0.00040685900571428574,16,2048,,3724.311862707138
adammini-galore2-r8,adammini,galore2,8,1.1B,sdpa,666,576,18907136,2.4105429649353027,11.140008137061848,nan,nan,nan,nan,22.217557430267334,4.097999572753906,0.01870039477944374,4.097999572753906,14.002857889980078,6.1916444301605225,5068.25144067773,1.6305431127548218,0.00040657329714285717,16,2048,,3730.534266233444
adammini-galore2-r8,adammini,galore2,8,1.1B,sdpa,666,577,18939904,2.214738130569458,9.159010332718925,nan,nan,nan,nan,22.217557430267334,4.097999572753906,0.01870039477944374,4.097999572753906,14.002857889980078,6.18753719329834,5068.586629999695,1.6139554977416992,0.0004062875885714286,16,2048,,3736.7524564266205
adammini-galore2-r8,adammini,galore2,8,1.1B,sdpa,666,578,18972672,2.3696155548095703,10.693280513523142,nan,nan,nan,nan,22.217557430267334,4.097999572753906,0.01870039477944374,4.097999572753906,14.002857889980078,6.187262058258057,5068.921040759761,1.5966306924819946,0.00040600188,16,2048,,3742.970538854599
adammini-galore2-r8,adammini,galore2,8,1.1B,sdpa,666,579,19005440,2.2813057899475098,9.789455039204036,nan,nan,nan,nan,22.217557430267334,4.097999572753906,0.01870039477944374,4.097999572753906,14.002857889980078,6.181771993637085,5069.2616187553285,1.565047264099121,0.0004057161714285714,16,2048,,3749.182984828949
adammini-galore2-r8,adammini,galore2,8,1.1B,sdpa,666,580,19038208,2.334066390991211,10.319820752834719,nan,nan,nan,nan,22.217557430267334,4.097999572753906,0.01870039477944374,4.097999572753906,14.002857889980078,6.176845073699951,5069.60771398083,1.754615068435669,0.00040543046285714283,16,2048,,3755.3907821178436
adammini-galore2-r8,adammini,galore2,8,1.1B,sdpa,666,581,19070976,2.378091812133789,10.784304738187647,nan,nan,nan,nan,22.217557430267334,4.097999572753906,0.01870039477944374,4.097999572753906,14.002857889980078,6.183831214904785,5069.943107786291,1.5907658338546753,0.0004051447542857143,16,2048,,3761.6055200099945
adammini-galore2-r8,adammini,galore2,8,1.1B,sdpa,666,582,19103744,2.59370493888855,13.379249191508006,nan,nan,nan,nan,22.217557430267334,4.097999572753906,0.01870039477944374,4.097999572753906,14.002857889980078,6.172726392745972,5070.292412327092,1.7272671461105347,0.00040485904571428574,16,2048,,3767.8090438842773
adammini-galore2-r8,adammini,galore2,8,1.1B,sdpa,666,583,19136512,2.4250826835632324,11.303163966515752,nan,nan,nan,nan,22.217557430267334,4.097999572753906,0.01870039477944374,4.097999572753906,14.002857889980078,6.180969953536987,5070.629558654045,1.4599957466125488,0.0004045733371428572,16,2048,,3774.0207843780518
adammini-galore2-r8,adammini,galore2,8,1.1B,sdpa,666,584,19169280,2.3603413105010986,10.594566872336413,nan,nan,nan,nan,22.217557430267334,4.097999572753906,0.01870039477944374,4.097999572753906,14.002857889980078,6.212829828262329,5070.921988867518,1.682776689529419,0.0004042876285714286,16,2048,,3780.2651584148407
adammini-galore2-r8,adammini,galore2,8,1.1B,sdpa,666,585,19202048,2.6160898208618164,13.682119314716067,nan,nan,nan,nan,22.217557430267334,4.097999572753906,0.01870039477944374,4.097999572753906,14.002857889980078,6.201701879501343,5071.228864347993,1.714963674545288,0.00040400192000000003,16,2048,,3786.497927427292
adammini-galore2-r8,adammini,galore2,8,1.1B,sdpa,666,586,19234816,2.3468472957611084,10.452563880779875,nan,nan,nan,nan,22.217557430267334,4.097999572753906,0.01870039477944374,4.097999572753906,14.002857889980078,6.193817615509033,5071.543524303169,1.679059386253357,0.0004037162114285714,16,2048,,3792.724128484726
adammini-galore2-r8,adammini,galore2,8,1.1B,sdpa,666,587,19267584,2.389007568359375,10.902668419027933,nan,nan,nan,nan,22.217557430267334,4.097999572753906,0.01870039477944374,4.097999572753906,14.002857889980078,6.188147306442261,5071.865711504167,1.701247215270996,0.00040343050285714284,16,2048,,3798.9439780712128
adammini-galore2-r8,adammini,galore2,8,1.1B,sdpa,666,588,19300352,2.5648629665374756,12.998876966497855,nan,nan,nan,nan,22.217557430267334,4.097999572753906,0.01870039477944374,4.097999572753906,14.002857889980078,6.2006447315216064,5072.170723688756,1.6142102479934692,0.00040314479428571427,16,2048,,3805.1759798526764
adammini-galore2-r8,adammini,galore2,8,1.1B,sdpa,666,589,19333120,2.5587189197540283,12.919256105898873,nan,nan,nan,nan,22.217557430267334,4.097999572753906,0.01870039477944374,4.097999572753906,14.002857889980078,6.1749958992004395,5072.509487142703,1.7315160036087036,0.0004028590857142857,16,2048,,3811.381576538086
adammini-galore2-r8,adammini,galore2,8,1.1B,sdpa,666,590,19365888,2.4245834350585938,11.297522287224941,nan,nan,nan,nan,22.217557430267334,4.097999572753906,0.01870039477944374,4.097999572753906,14.002857889980078,6.181969165802002,5072.838009740565,1.750889778137207,0.0004025733771428572,16,2048,,3817.594605445862
adammini-galore2-r8,adammini,galore2,8,1.1B,sdpa,666,591,19398656,2.550217866897583,12.809894330604157,nan,nan,nan,nan,22.217557430267334,4.097999572753906,0.01870039477944374,4.097999572753906,14.002857889980078,6.180817604064941,5073.166413765712,1.4969184398651123,0.0004022876685714286,16,2048,,3823.806365251541
adammini-galore2-r8,adammini,galore2,8,1.1B,sdpa,666,592,19431424,2.3884618282318115,10.896720018662172,nan,nan,nan,nan,22.217557430267334,4.097999572753906,0.01870039477944374,4.097999572753906,14.002857889980078,6.183250188827515,5073.491017117729,1.7287275791168213,0.00040200196000000004,16,2048,,3830.0205514431
adammini-galore2-r8,adammini,galore2,8,1.1B,sdpa,666,593,19464192,2.450178623199463,11.590416851672199,nan,nan,nan,nan,22.217557430267334,4.097999572753906,0.01870039477944374,4.097999572753906,14.002857889980078,6.170639276504517,5073.830418620243,1.6465299129486084,0.0004017162514285714,16,2048,,3836.22230052948
adammini-galore2-r8,adammini,galore2,8,1.1B,sdpa,666,594,19496960,1.7682560682296753,5.860623916006726,nan,nan,nan,nan,22.217557430267334,4.097999572753906,0.01870039477944374,4.097999572753906,14.002857889980078,6.200589418411255,5074.128965263877,1.731728434562683,0.00040143054285714285,16,2048,,3842.454671859741
adammini-galore2-r8,adammini,galore2,8,1.1B,sdpa,666,595,19529728,1.959152340888977,7.093311805692642,nan,nan,nan,nan,22.217557430267334,4.097999572753906,0.01870039477944374,4.097999572753906,14.002857889980078,6.157256364822388,5074.484370641608,1.6504793167114258,0.0004011448342857143,16,2048,,3848.642753124237
adammini-galore2-r8,adammini,galore2,8,1.1B,sdpa,666,596,19562496,2.3428947925567627,10.411331627532482,nan,nan,nan,nan,22.217557430267334,4.097999572753906,0.01870039477944374,4.097999572753906,14.002857889980078,6.189736604690552,5074.796411205055,1.5695180892944336,0.0004008591257142857,16,2048,,3854.863325357437
adammini-galore2-r8,adammini,galore2,8,1.1B,sdpa,666,597,19595264,2.196727991104126,8.995531833417983,nan,nan,nan,nan,22.217557430267334,4.097999572753906,0.01870039477944374,4.097999572753906,14.002857889980078,6.174314737319946,5075.127148988963,1.8453422784805298,0.0004005734171428572,16,2048,,3861.0674889087677
adammini-galore2-r8,adammini,galore2,8,1.1B,sdpa,666,598,19628032,2.4104132652282715,11.13856337496478,nan,nan,nan,nan,22.217557430267334,4.097999572753906,0.01870039477944374,4.097999572753906,14.002857889980078,6.199977159500122,5075.424910743891,1.5029058456420898,0.0004002877085714286,16,2048,,3867.2984521389008
adammini-galore2-r8,adammini,galore2,8,1.1B,sdpa,666,599,19660800,2.4355247020721436,11.421810188833396,nan,nan,nan,nan,22.217557430267334,4.097999572753906,0.01870039477944374,4.097999572753906,14.002857889980078,6.167848825454712,5075.762219276253,1.6809464693069458,0.00040000200000000005,16,2048,,3873.4970877170563
adammini-galore2-r8,adammini,galore2,8,1.1B,sdpa,666,600,19693568,2.4042656421661377,11.070297736586566,2.525445542118469,12.496461723498216,nan,nan,22.217557430267334,4.097999572753906,0.01870039477944374,4.097999572753906,14.002857889980078,6.522804498672485,5075.6340383790275,1.66797935962677,0.0003997162914285714,16,2048,,3892.507467985153
adammini-galore2-r8,adammini,galore2,8,1.1B,sdpa,666,601,19726336,2.6127138137817383,13.636006265826369,nan,nan,nan,nan,22.217557430267334,4.097999572753906,0.01870039477944374,4.097999572753906,14.002857889980078,6.19922947883606,5059.704202308606,2.9894614219665527,0.00039943058285714286,16,2048,,3898.7428641319275
adammini-galore2-r8,adammini,galore2,8,1.1B,sdpa,666,602,19759104,2.537767171859741,12.651391028555626,nan,nan,nan,nan,22.217557430267334,4.097999572753906,0.01870039477944374,4.097999572753906,14.002857889980078,6.211703300476074,5060.002688052322,2.375262975692749,0.0003991448742857143,16,2048,,3904.9880480766296
adammini-galore2-r8,adammini,galore2,8,1.1B,sdpa,666,603,19791872,2.4288268089294434,11.345563754971279,nan,nan,nan,nan,22.217557430267334,4.097999572753906,0.01870039477944374,4.097999572753906,14.002857889980078,6.24134373664856,5060.264483216925,1.8918825387954712,0.0003988591657142857,16,2048,,3911.262159347534
adammini-galore2-r8,adammini,galore2,8,1.1B,sdpa,666,604,19824640,2.2318005561828613,9.316626094999561,nan,nan,nan,nan,22.217557430267334,4.097999572753906,0.01870039477944374,4.097999572753906,14.002857889980078,6.21675968170166,5060.554829298532,2.156858444213867,0.00039857345714285715,16,2048,,3917.5132315158844
adammini-galore2-r8,adammini,galore2,8,1.1B,sdpa,666,605,19857408,2.3517820835113525,10.504272545685836,nan,nan,nan,nan,22.217557430267334,4.097999572753906,0.01870039477944374,4.097999572753906,14.002857889980078,6.215715169906616,5060.849410371531,2.0415821075439453,0.0003982877485714286,16,2048,,3923.759806394577
adammini-galore2-r8,adammini,galore2,8,1.1B,sdpa,666,606,19890176,2.4986038208007812,12.16549688428426,nan,nan,nan,nan,22.217557430267334,4.097999572753906,0.01870039477944374,4.097999572753906,14.002857889980078,6.18557071685791,5061.182157142593,1.8656407594680786,0.00039800204,16,2048,,3929.976138830185
adammini-galore2-r8,adammini,galore2,8,1.1B,sdpa,666,607,19922944,2.4210236072540283,11.257376551612253,nan,nan,nan,nan,22.217557430267334,4.097999572753906,0.01870039477944374,4.097999572753906,14.002857889980078,6.1958558559417725,5061.500749283656,1.8104170560836792,0.0003977163314285714,16,2048,,3936.2026760578156
adammini-galore2-r8,adammini,galore2,8,1.1B,sdpa,666,608,19955712,2.373044013977051,10.730004907199703,nan,nan,nan,nan,22.217557430267334,4.097999572753906,0.01870039477944374,4.097999572753906,14.002857889980078,6.187347412109375,5061.829420155348,1.8855113983154297,0.0003974306228571428,16,2048,,3942.4208755493164
adammini-galore2-r8,adammini,galore2,8,1.1B,sdpa,666,609,19988480,2.2990291118621826,9.964503338814684,nan,nan,nan,nan,22.217557430267334,4.097999572753906,0.01870039477944374,4.097999572753906,14.002857889980078,6.181148529052734,5062.164722041038,1.8340694904327393,0.0003971449142857143,16,2048,,3948.6323108673096
adammini-galore2-r8,adammini,galore2,8,1.1B,sdpa,666,610,20021248,2.4561405181884766,11.659724095787416,nan,nan,nan,nan,22.217557430267334,4.097999572753906,0.01870039477944374,4.097999572753906,14.002857889980078,6.181152582168579,5062.499739981471,1.859785795211792,0.0003968592057142857,16,2048,,3954.8443377017975
adammini-galore2-r8,adammini,galore2,8,1.1B,sdpa,666,611,20054016,2.278811454772949,9.76506728542047,nan,nan,nan,nan,22.217557430267334,4.097999572753906,0.01870039477944374,4.097999572753906,14.002857889980078,6.173545598983765,5062.842246288407,1.7300368547439575,0.00039657349714285715,16,2048,,3961.0491263866425
adammini-galore2-r8,adammini,galore2,8,1.1B,sdpa,666,612,20086784,2.5018129348754883,12.20460006128087,nan,nan,nan,nan,22.217557430267334,4.097999572753906,0.01870039477944374,4.097999572753906,14.002857889980078,6.167537689208984,5063.191326960354,1.8947497606277466,0.0003962877885714286,16,2048,,3967.2477552890778
adammini-galore2-r8,adammini,galore2,8,1.1B,sdpa,666,613,20119552,2.461712121963501,11.724868770209714,nan,nan,nan,nan,22.217557430267334,4.097999572753906,0.01870039477944374,4.097999572753906,14.002857889980078,6.185522794723511,5063.516612468065,2.024291515350342,0.00039600208000000007,16,2048,,3973.464241504669
adammini-galore2-r8,adammini,galore2,8,1.1B,sdpa,666,614,20152320,2.277414321899414,9.751433715076088,nan,nan,nan,nan,22.217557430267334,4.097999572753906,0.01870039477944374,4.097999572753906,14.002857889980078,6.193203926086426,5063.831177797989,1.70400071144104,0.00039571637142857144,16,2048,,3979.6883556842804
adammini-galore2-r8,adammini,galore2,8,1.1B,sdpa,666,615,20185088,2.3573215007781982,10.562621554951876,nan,nan,nan,nan,22.217557430267334,4.097999572753906,0.01870039477944374,4.097999572753906,14.002857889980078,6.185302734375,5064.154923547736,1.7543907165527344,0.0003954306628571429,16,2048,,3985.904596567154
adammini-galore2-r8,adammini,galore2,8,1.1B,sdpa,666,616,20217856,2.244831085205078,9.438821065273023,nan,nan,nan,nan,22.217557430267334,4.097999572753906,0.01870039477944374,4.097999572753906,14.002857889980078,6.183659553527832,5064.479779235465,1.7453198432922363,0.0003951449542857143,16,2048,,3992.1189975738525
adammini-galore2-r8,adammini,galore2,8,1.1B,sdpa,666,617,20250624,2.209230899810791,9.108708189188553,nan,nan,nan,nan,22.217557430267334,4.097999572753906,0.01870039477944374,4.097999572753906,14.002857889980078,6.18285059928894,5064.804669150772,1.7769922018051147,0.00039485924571428573,16,2048,,3998.3327651023865
adammini-galore2-r8,adammini,galore2,8,1.1B,sdpa,666,618,20283392,2.360663414001465,10.59797996906655,nan,nan,nan,nan,22.217557430267334,4.097999572753906,0.01870039477944374,4.097999572753906,14.002857889980078,6.167579412460327,5065.147738553407,1.7358261346817017,0.00039457353714285716,16,2048,,4004.53129029274
adammini-galore2-r8,adammini,galore2,8,1.1B,sdpa,666,619,20316160,3.3824245929718018,29.44206967857899,nan,nan,nan,nan,22.217557430267334,4.097999572753906,0.01870039477944374,4.097999572753906,14.002857889980078,6.1829915046691895,5065.470265971058,3.1290204524993896,0.0003942878285714286,16,2048,,4010.7446579933167
adammini-galore2-r8,adammini,galore2,8,1.1B,sdpa,666,620,20348928,2.5999038219451904,13.46244318113628,nan,nan,nan,nan,22.217557430267334,4.097999572753906,0.01870039477944374,4.097999572753906,14.002857889980078,6.1677961349487305,5065.811704617859,1.9499268531799316,0.00039400212,16,2048,,4016.9433295726776
adammini-galore2-r8,adammini,galore2,8,1.1B,sdpa,666,621,20381696,2.5250041484832764,12.4909470819844,nan,nan,nan,nan,22.217557430267334,4.097999572753906,0.01870039477944374,4.097999572753906,14.002857889980078,6.1741485595703125,5066.143133811651,1.7591652870178223,0.0003937164114285714,16,2048,,4023.1487276554108
adammini-galore2-r8,adammini,galore2,8,1.1B,sdpa,666,622,20414464,2.2789340019226074,9.766264039910448,nan,nan,nan,nan,22.217557430267334,4.097999572753906,0.01870039477944374,4.097999572753906,14.002857889980078,6.176105976104736,5066.470894765856,1.8349223136901855,0.0003934307028571429,16,2048,,4029.355811357498
adammini-galore2-r8,adammini,galore2,8,1.1B,sdpa,666,623,20447232,2.3601624965667725,10.592672585518976,nan,nan,nan,nan,22.217557430267334,4.097999572753906,0.01870039477944374,4.097999572753906,14.002857889980078,6.186775207519531,5066.784831567886,1.5048229694366455,0.00039314499428571426,16,2048,,4035.573250770569
adammini-galore2-r8,adammini,galore2,8,1.1B,sdpa,666,624,20480000,2.4066286087036133,11.096487410173092,nan,nan,nan,nan,22.217557430267334,4.097999572753906,0.01870039477944374,4.097999572753906,14.002857889980078,6.175988435745239,5067.111560388618,1.5786244869232178,0.0003928592857142857,16,2048,,4041.780183315277
adammini-galore2-r8,adammini,galore2,8,1.1B,sdpa,666,625,20512768,2.4041249752044678,11.06874062095911,nan,nan,nan,nan,22.217557430267334,4.097999572753906,0.01870039477944374,4.097999572753906,14.002857889980078,6.189619302749634,5067.419481557244,1.5272490978240967,0.0003925735771428571,16,2048,,4048.000993490219
adammini-galore2-r8,adammini,galore2,8,1.1B,sdpa,666,626,20545536,2.429676055908203,11.355203033197133,nan,nan,nan,nan,22.217557430267334,4.097999572753906,0.01870039477944374,4.097999572753906,14.002857889980078,6.185181140899658,5067.731987878649,1.6394065618515015,0.00039228786857142855,16,2048,,4054.2171964645386
adammini-galore2-r8,adammini,galore2,8,1.1B,sdpa,666,627,20578304,2.441380023956299,11.488884743907501,nan,nan,nan,nan,22.217557430267334,4.097999572753906,0.01870039477944374,4.097999572753906,14.002857889980078,6.185191869735718,5068.043889958145,1.6589958667755127,0.00039200216000000003,16,2048,,4060.4332883358
adammini-galore2-r8,adammini,galore2,8,1.1B,sdpa,666,628,20611072,2.3200948238372803,10.17663924830699,nan,nan,nan,nan,22.217557430267334,4.097999572753906,0.01870039477944374,4.097999572753906,14.002857889980078,6.189944744110107,5068.349048875888,1.4903048276901245,0.0003917164514285714,16,2048,,4066.6539862155914
adammini-galore2-r8,adammini,galore2,8,1.1B,sdpa,666,629,20643840,2.619154691696167,13.724117569893894,nan,nan,nan,nan,22.217557430267334,4.097999572753906,0.01870039477944374,4.097999572753906,14.002857889980078,6.15078592300415,5068.702071815663,1.9933310747146606,0.00039143074285714294,16,2048,,4072.8353610038757
adammini-galore2-r8,adammini,galore2,8,1.1B,sdpa,666,630,20676608,1.9097188711166382,6.751190577053056,nan,nan,nan,nan,22.217557430267334,4.097999572753906,0.01870039477944374,4.097999572753906,14.002857889980078,6.159718751907349,5069.043088790383,2.0033774375915527,0.0003911450342857143,16,2048,,4079.0261356830597
adammini-galore2-r8,adammini,galore2,8,1.1B,sdpa,666,631,20709376,2.2181813716888428,9.190601370277475,nan,nan,nan,nan,22.217557430267334,4.097999572753906,0.01870039477944374,4.097999572753906,14.002857889980078,6.172613859176636,5069.366232976177,1.8216365575790405,0.00039085932571428575,16,2048,,4085.230038166046
adammini-galore2-r8,adammini,galore2,8,1.1B,sdpa,666,632,20742144,2.383584976196289,10.843707699146796,nan,nan,nan,nan,22.217557430267334,4.097999572753906,0.01870039477944374,4.097999572753906,14.002857889980078,6.1799635887146,5069.679462323043,1.7242554426193237,0.0003905736171428572,16,2048,,4091.44047498703
adammini-galore2-r8,adammini,galore2,8,1.1B,sdpa,666,633,20774912,2.6069421768188477,13.557530871625461,nan,nan,nan,nan,22.217557430267334,4.097999572753906,0.01870039477944374,4.097999572753906,14.002857889980078,6.178735256195068,5069.9943324490605,1.686058759689331,0.0003902879085714286,16,2048,,4097.650138616562
adammini-galore2-r8,adammini,galore2,8,1.1B,sdpa,666,634,20807680,2.2233567237854004,9.238289262724445,nan,nan,nan,nan,22.217557430267334,4.097999572753906,0.01870039477944374,4.097999572753906,14.002857889980078,6.174995183944702,5070.3121510461415,1.4878944158554077,0.00039000220000000004,16,2048,,4103.856082201004
adammini-galore2-r8,adammini,galore2,8,1.1B,sdpa,666,635,20840448,2.501413106918335,12.199721296368793,nan,nan,nan,nan,22.217557430267334,4.097999572753906,0.01870039477944374,4.097999572753906,14.002857889980078,6.17844033241272,5070.6245809851325,1.6292649507522583,0.0003897164914285714,16,2048,,4110.065248966217
adammini-galore2-r8,adammini,galore2,8,1.1B,sdpa,666,636,20873216,2.3687987327575684,10.684549572489479,nan,nan,nan,nan,22.217557430267334,4.097999572753906,0.01870039477944374,4.097999572753906,14.002857889980078,6.1839141845703125,5070.929509646504,1.712052822113037,0.0003894307828571429,16,2048,,4116.280041694641
adammini-galore2-r8,adammini,galore2,8,1.1B,sdpa,666,637,20905984,2.391331195831299,10.928031614781036,nan,nan,nan,nan,22.217557430267334,4.097999572753906,0.01870039477944374,4.097999572753906,14.002857889980078,6.226757764816284,5071.180903603606,6.797646999359131,0.0003891450742857143,16,2048,,4122.537732362747
adammini-galore2-r8,adammini,galore2,8,1.1B,sdpa,666,638,20938752,2.3637795448303223,10.63105616929048,nan,nan,nan,nan,22.217557430267334,4.097999572753906,0.01870039477944374,4.097999572753906,14.002857889980078,6.113755702972412,5071.5701463051555,2.538233518600464,0.0003888593657142857,16,2048,,4128.682050228119
adammini-galore2-r8,adammini,galore2,8,1.1B,sdpa,666,639,20971520,2.4904985427856445,12.067290681773738,nan,nan,nan,nan,22.217557430267334,4.097999572753906,0.01870039477944374,4.097999572753906,14.002857889980078,6.173070192337036,5071.885807997127,1.7995046377182007,0.00038857365714285713,16,2048,,4134.886148929596
adammini-galore2-r8,adammini,galore2,8,1.1B,sdpa,666,640,21004288,2.3047637939453125,10.021810760447439,nan,nan,nan,nan,22.217557430267334,4.097999572753906,0.01870039477944374,4.097999572753906,14.002857889980078,6.16550087928772,5072.209682798923,1.8931015729904175,0.00038828794857142856,16,2048,,4141.082269906998
adammini-galore2-r8,adammini,galore2,8,1.1B,sdpa,666,641,21037056,2.278128147125244,9.758397019445399,nan,nan,nan,nan,22.217557430267334,4.097999572753906,0.01870039477944374,4.097999572753906,14.002857889980078,6.17566990852356,5072.520079710146,1.8862309455871582,0.00038800224,16,2048,,4147.2889404296875
adammini-galore2-r8,adammini,galore2,8,1.1B,sdpa,666,642,21069824,2.4741082191467285,11.8711159573886,nan,nan,nan,nan,22.217557430267334,4.097999572753906,0.01870039477944374,4.097999572753906,14.002857889980078,6.170302629470825,5072.835902502151,1.6332738399505615,0.0003877165314285714,16,2048,,4153.490251302719
adammini-galore2-r8,adammini,galore2,8,1.1B,sdpa,666,643,21102592,2.464818000793457,11.761341402375798,nan,nan,nan,nan,22.217557430267334,4.097999572753906,0.01870039477944374,4.097999572753906,14.002857889980078,6.190179109573364,5073.126811803275,1.7170723676681519,0.00038743082285714285,16,2048,,4159.711246013641
adammini-galore2-r8,adammini,galore2,8,1.1B,sdpa,666,644,21135360,2.2482454776763916,9.471103986775375,nan,nan,nan,nan,22.217557430267334,4.097999572753906,0.01870039477944374,4.097999572753906,14.002857889980078,6.133716821670532,5073.485416819273,1.8717899322509766,0.00038714511428571423,16,2048,,4165.876044034958
adammini-galore2-r8,adammini,galore2,8,1.1B,sdpa,666,645,21168128,2.2597849369049072,9.581028419550904,nan,nan,nan,nan,22.217557430267334,4.097999572753906,0.01870039477944374,4.097999572753906,14.002857889980078,6.175183534622192,5073.792443586283,1.5918512344360352,0.00038685940571428566,16,2048,,4172.082274675369
adammini-galore2-r8,adammini,galore2,8,1.1B,sdpa,666,646,21200896,2.36627459526062,10.657614308731162,nan,nan,nan,nan,22.217557430267334,4.097999572753906,0.01870039477944374,4.097999572753906,14.002857889980078,6.1756837368011475,5074.0977643557135,1.7005027532577515,0.0003865736971428572,16,2048,,4178.289293766022
adammini-galore2-r8,adammini,galore2,8,1.1B,sdpa,666,647,21233664,2.4514076709747314,11.60467078530661,nan,nan,nan,nan,22.217557430267334,4.097999572753906,0.01870039477944374,4.097999572753906,14.002857889980078,6.182283878326416,5074.394105276841,1.6517343521118164,0.0003862879885714286,16,2048,,4184.502514600754
adammini-galore2-r8,adammini,galore2,8,1.1B,sdpa,666,648,21266432,2.426298141479492,11.316910839317924,nan,nan,nan,nan,22.217557430267334,4.097999572753906,0.01870039477944374,4.097999572753906,14.002857889980078,6.178289890289307,5074.694829785271,1.5842221975326538,0.00038600228000000006,16,2048,,4190.711905241013
adammini-galore2-r8,adammini,galore2,8,1.1B,sdpa,666,649,21299200,2.3922784328460693,10.938387955005178,nan,nan,nan,nan,22.217557430267334,4.097999572753906,0.01870039477944374,4.097999572753906,14.002857889980078,6.172946214675903,5075.000765816209,1.511089563369751,0.0003857165714285715,16,2048,,4196.915826797485
adammini-galore2-r8,adammini,galore2,8,1.1B,sdpa,666,650,21331968,2.526602268218994,12.510925070390742,2.4968075707179893,12.143664223828017,nan,nan,22.217557430267334,4.097999572753906,0.01870039477944374,4.097999572753906,14.002857889980078,6.170901298522949,5075.308586069153,1.678460955619812,0.0003854308628571429,16,2048,,4215.580464839935
adammini-galore2-r8,adammini,galore2,8,1.1B,sdpa,666,651,21364736,2.4928810596466064,12.096075481808768,nan,nan,nan,nan,22.217557430267334,4.097999572753906,0.01870039477944374,4.097999572753906,14.002857889980078,6.1697070598602295,5060.63257345231,1.8613542318344116,0.0003851451542857143,16,2048,,4221.781743049622
adammini-galore2-r8,adammini,galore2,8,1.1B,sdpa,666,652,21397504,2.5086727142333984,12.288608735909076,nan,nan,nan,nan,22.217557430267334,4.097999572753906,0.01870039477944374,4.097999572753906,14.002857889980078,6.162173271179199,5060.970222114779,1.8210442066192627,0.0003848594457142857,16,2048,,4227.974605321884
adammini-galore2-r8,adammini,galore2,8,1.1B,sdpa,666,653,21430272,2.3336124420166016,10.315137143925977,nan,nan,nan,nan,22.217557430267334,4.097999572753906,0.01870039477944374,4.097999572753906,14.002857889980078,6.177033424377441,5061.288991121336,1.5343996286392212,0.00038457373714285715,16,2048,,4234.182631969452
adammini-galore2-r8,adammini,galore2,8,1.1B,sdpa,666,654,21463040,2.3633227348327637,10.626200905598669,nan,nan,nan,nan,22.217557430267334,4.097999572753906,0.01870039477944374,4.097999572753906,14.002857889980078,6.16225790977478,5061.624540521095,1.5909839868545532,0.0003842880285714286,16,2048,,4240.375920534134
adammini-galore2-r8,adammini,galore2,8,1.1B,sdpa,666,655,21495808,2.482957363128662,11.976631343592558,nan,nan,nan,nan,22.217557430267334,4.097999572753906,0.01870039477944374,4.097999572753906,14.002857889980078,6.179419755935669,5061.938413302085,1.6833670139312744,0.00038400232,16,2048,,4246.586316823959
adammini-galore2-r8,adammini,galore2,8,1.1B,sdpa,666,656,21528576,2.447530508041382,11.559764696249895,nan,nan,nan,nan,22.217557430267334,4.097999572753906,0.01870039477944374,4.097999572753906,14.002857889980078,6.171754837036133,5062.2607103682985,1.6179338693618774,0.00038371661142857144,16,2048,,4252.788906574249
adammini-galore2-r8,adammini,galore2,8,1.1B,sdpa,666,657,21561344,2.4188876152038574,11.233356547194,nan,nan,nan,nan,22.217557430267334,4.097999572753906,0.01870039477944374,4.097999572753906,14.002857889980078,6.185199022293091,5062.566123183404,1.4893205165863037,0.00038343090285714287,16,2048,,4259.00492811203
adammini-galore2-r8,adammini,galore2,8,1.1B,sdpa,666,658,21594112,2.5830726623535156,13.237750871878735,nan,nan,nan,nan,22.217557430267334,4.097999572753906,0.01870039477944374,4.097999572753906,14.002857889980078,6.160001277923584,5062.900500739383,1.5383952856063843,0.00038314519428571424,16,2048,,4265.195929288864
adammini-galore2-r8,adammini,galore2,8,1.1B,sdpa,666,659,21626880,2.4870097637176514,12.025263924299322,nan,nan,nan,nan,22.217557430267334,4.097999572753906,0.01870039477944374,4.097999572753906,14.002857889980078,6.168898105621338,5063.2232734862555,1.5491583347320557,0.0003828594857142857,16,2048,,4271.395808696747
adammini-galore2-r8,adammini,galore2,8,1.1B,sdpa,666,660,21659648,2.360997438430786,10.601520544564112,nan,nan,nan,nan,22.217557430267334,4.097999572753906,0.01870039477944374,4.097999572753906,14.002857889980078,6.168286561965942,5063.545755190612,1.5007582902908325,0.0003825737771428571,16,2048,,4277.59502530098
adammini-galore2-r8,adammini,galore2,8,1.1B,sdpa,666,661,21692416,2.3950464725494385,10.96870779105115,nan,nan,nan,nan,22.217557430267334,4.097999572753906,0.01870039477944374,4.097999572753906,14.002857889980078,6.171947479248047,5063.862254434154,1.594705581665039,0.00038228806857142853,16,2048,,4283.798485279083
adammini-galore2-r8,adammini,galore2,8,1.1B,sdpa,666,662,21725184,2.3800950050354004,10.805929432874182,nan,nan,nan,nan,22.217557430267334,4.097999572753906,0.01870039477944374,4.097999572753906,14.002857889980078,6.180838584899902,5064.168087089917,1.5258430242538452,0.00038200236,16,2048,,4290.010668516159
adammini-galore2-r8,adammini,galore2,8,1.1B,sdpa,666,663,21757952,2.273106336593628,9.709515039270684,nan,nan,nan,nan,22.217557430267334,4.097999572753906,0.01870039477944374,4.097999572753906,14.002857889980078,6.165111780166626,5064.4916274473,1.4395751953125,0.00038171665142857145,16,2048,,4296.206424951553
adammini-galore2-r8,adammini,galore2,8,1.1B,sdpa,666,664,21790720,2.321927070617676,10.195302455384256,nan,nan,nan,nan,22.217557430267334,4.097999572753906,0.01870039477944374,4.097999572753906,14.002857889980078,6.17709493637085,5064.8003470051935,1.4898436069488525,0.00038143094285714293,16,2048,,4302.414557218552
adammini-galore2-r8,adammini,galore2,8,1.1B,sdpa,666,665,21823488,2.3955562114715576,10.974300393600103,nan,nan,nan,nan,22.217557430267334,4.097999572753906,0.01870039477944374,4.097999572753906,14.002857889980078,6.155928611755371,5065.132404257682,1.6033432483673096,0.0003811452342857143,16,2048,,4308.601972103119
adammini-galore2-r8,adammini,galore2,8,1.1B,sdpa,666,666,21856256,2.4374630451202393,11.443971045942732,nan,nan,nan,nan,22.217557430267334,4.097999572753906,0.01870039477944374,4.097999572753906,14.002857889980078,6.164184331893921,5065.454109043914,1.52473783493042,0.00038085952571428574,16,2048,,4314.796772003174
adammini-galore2-r8,adammini,galore2,8,1.1B,sdpa,666,667,21889024,2.463409662246704,11.744789110268659,nan,nan,nan,nan,22.217557430267334,4.097999572753906,0.01870039477944374,4.097999572753906,14.002857889980078,6.182667016983032,5065.753814568635,1.4470229148864746,0.00038057381714285717,16,2048,,4321.010338783264
adammini-galore2-r8,adammini,galore2,8,1.1B,sdpa,666,668,21921792,2.395430088043213,10.97291636449186,nan,nan,nan,nan,22.217557430267334,4.097999572753906,0.01870039477944374,4.097999572753906,14.002857889980078,6.17939019203186,5066.0560519452965,1.4581842422485352,0.0003802881085714286,16,2048,,4327.220602750778
adammini-galore2-r8,adammini,galore2,8,1.1B,sdpa,666,669,21954560,2.1453235149383545,8.544805162299806,nan,nan,nan,nan,22.217557430267334,4.097999572753906,0.01870039477944374,4.097999572753906,14.002857889980078,6.159316062927246,5066.38109137063,1.5336849689483643,0.0003800024,16,2048,,4333.410633802414
adammini-galore2-r8,adammini,galore2,8,1.1B,sdpa,666,670,21987328,2.4297804832458496,11.356388888735117,nan,nan,nan,nan,22.217557430267334,4.097999572753906,0.01870039477944374,4.097999572753906,14.002857889980078,6.17346453666687,5066.688731977879,1.5082361698150635,0.00037971669142857146,16,2048,,4339.614874124527
adammini-galore2-r8,adammini,galore2,8,1.1B,sdpa,666,671,22020096,2.4953720569610596,12.126244333013062,nan,nan,nan,nan,22.217557430267334,4.097999572753906,0.01870039477944374,4.097999572753906,14.002857889980078,6.171925067901611,5066.9966133540975,1.5897804498672485,0.0003794309828571429,16,2048,,4345.81817483902
adammini-galore2-r8,adammini,galore2,8,1.1B,sdpa,666,672,22052864,2.553614854812622,12.85348338065987,nan,nan,nan,nan,22.217557430267334,4.097999572753906,0.01870039477944374,4.097999572753906,14.002857889980078,6.1713666915893555,5067.304868479623,1.478420615196228,0.00037914527428571426,16,2048,,4352.020361185074
adammini-galore2-r8,adammini,galore2,8,1.1B,sdpa,666,673,22085632,2.40898060798645,11.122617057013592,nan,nan,nan,nan,22.217557430267334,4.097999572753906,0.01870039477944374,4.097999572753906,14.002857889980078,6.165994882583618,5067.618437859599,1.7410463094711304,0.0003788595657142857,16,2048,,4358.2172594070435
adammini-galore2-r8,adammini,galore2,8,1.1B,sdpa,666,674,22118400,3.4169132709503174,30.47520100105424,nan,nan,nan,nan,22.217557430267334,4.097999572753906,0.01870039477944374,4.097999572753906,14.002857889980078,6.175903081893921,5067.919630216242,2.156818389892578,0.0003785738571428571,16,2048,,4364.423885583878
adammini-galore2-r8,adammini,galore2,8,1.1B,sdpa,666,675,22151168,2.9204680919647217,18.549968519030912,nan,nan,nan,nan,22.217557430267334,4.097999572753906,0.01870039477944374,4.097999572753906,14.002857889980078,6.155587196350098,5068.243495997542,1.8668829202651978,0.00037828814857142855,16,2048,,4370.610350370407
adammini-galore2-r8,adammini,galore2,8,1.1B,sdpa,666,676,22183936,2.617492914199829,13.701330079272685,nan,nan,nan,nan,22.217557430267334,4.097999572753906,0.01870039477944374,4.097999572753906,14.002857889980078,6.164532661437988,5068.556233731522,2.4474098682403564,0.00037800244,16,2048,,4376.805712461472
adammini-galore2-r8,adammini,galore2,8,1.1B,sdpa,666,677,22216704,2.5474326610565186,12.774265777550168,nan,nan,nan,nan,22.217557430267334,4.097999572753906,0.01870039477944374,4.097999572753906,14.002857889980078,6.189434289932251,5068.83918781912,2.02125883102417,0.0003777167314285714,16,2048,,4383.026087522507
adammini-galore2-r8,adammini,galore2,8,1.1B,sdpa,666,678,22249472,2.4130117893218994,11.16754483847093,nan,nan,nan,nan,22.217557430267334,4.097999572753906,0.01870039477944374,4.097999572753906,14.002857889980078,6.192990064620972,5069.117242981756,2.2102832794189453,0.0003774310228571429,16,2048,,4389.2495901584625
adammini-galore2-r8,adammini,galore2,8,1.1B,sdpa,666,679,22282240,2.4801464080810547,11.943012843446583,nan,nan,nan,nan,22.217557430267334,4.097999572753906,0.01870039477944374,4.097999572753906,14.002857889980078,6.190803527832031,5069.397299507549,1.6953915357589722,0.00037714531428571427,16,2048,,4395.4712862968445
adammini-galore2-r8,adammini,galore2,8,1.1B,sdpa,666,680,22315008,2.3421149253845215,10.40321533700248,nan,nan,nan,nan,22.217557430267334,4.097999572753906,0.01870039477944374,4.097999572753906,14.002857889980078,6.158157587051392,5069.713718817629,1.8376564979553223,0.00037685960571428575,16,2048,,4401.660537481308
adammini-galore2-r8,adammini,galore2,8,1.1B,sdpa,666,681,22347776,2.503122568130493,12.220594082250031,nan,nan,nan,nan,22.217557430267334,4.097999572753906,0.01870039477944374,4.097999572753906,14.002857889980078,6.185908079147339,5069.996886166804,1.7536052465438843,0.00037657389714285713,16,2048,,4407.8776252269745
adammini-galore2-r8,adammini,galore2,8,1.1B,sdpa,666,682,22380544,2.3099095821380615,10.073513788255953,nan,nan,nan,nan,22.217557430267334,4.097999572753906,0.01870039477944374,4.097999572753906,14.002857889980078,6.178719997406006,5070.288088740187,1.6904305219650269,0.0003762881885714286,16,2048,,4414.086450338364
adammini-galore2-r8,adammini,galore2,8,1.1B,sdpa,666,683,22413312,2.513930320739746,12.353387546681224,nan,nan,nan,nan,22.217557430267334,4.097999572753906,0.01870039477944374,4.097999572753906,14.002857889980078,6.174798965454102,5070.583985444381,1.5797429084777832,0.00037600248000000004,16,2048,,4420.291749238968
adammini-galore2-r8,adammini,galore2,8,1.1B,sdpa,666,684,22446080,2.436685085296631,11.435071558417171,nan,nan,nan,nan,22.217557430267334,4.097999572753906,0.01870039477944374,4.097999572753906,14.002857889980078,6.167598724365234,5070.886639562571,1.811051845550537,0.00037571677142857147,16,2048,,4426.4901349544525
adammini-galore2-r8,adammini,galore2,8,1.1B,sdpa,666,685,22478848,2.2890398502349854,9.865460812413778,nan,nan,nan,nan,22.217557430267334,4.097999572753906,0.01870039477944374,4.097999572753906,14.002857889980078,6.172123670578003,5071.183067854066,1.8165440559387207,0.0003754310628571429,16,2048,,4432.692901849747
adammini-galore2-r8,adammini,galore2,8,1.1B,sdpa,666,686,22511616,2.042295217514038,7.708281092467728,nan,nan,nan,nan,22.217557430267334,4.097999572753906,0.01870039477944374,4.097999572753906,14.002857889980078,6.169661521911621,5071.481603859532,2.0233967304229736,0.0003751453542857143,16,2048,,4438.89342880249
adammini-galore2-r8,adammini,galore2,8,1.1B,sdpa,666,687,22544384,2.4241397380828857,11.292510722643348,nan,nan,nan,nan,22.217557430267334,4.097999572753906,0.01870039477944374,4.097999572753906,14.002857889980078,6.185784578323364,5071.760591188869,2.003255605697632,0.00037485964571428576,16,2048,,4445.109940767288
adammini-galore2-r8,adammini,galore2,8,1.1B,sdpa,666,688,22577152,2.5251553058624268,12.492835323515644,nan,nan,nan,nan,22.217557430267334,4.097999572753906,0.01870039477944374,4.097999572753906,14.002857889980078,6.190199136734009,5072.034029604424,1.6549072265625,0.00037457393714285714,16,2048,,4451.331009626389
adammini-galore2-r8,adammini,galore2,8,1.1B,sdpa,666,689,22609920,2.34958815574646,10.481252192227853,nan,nan,nan,nan,22.217557430267334,4.097999572753906,0.01870039477944374,4.097999572753906,14.002857889980078,6.210399389266968,5072.283436199702,1.7306945323944092,0.00037428822857142857,16,2048,,4457.572444677353
adammini-galore2-r8,adammini,galore2,8,1.1B,sdpa,666,690,22642688,2.1180319786071777,8.314757754005234,nan,nan,nan,nan,22.217557430267334,4.097999572753906,0.01870039477944374,4.097999572753906,14.002857889980078,6.161405563354492,5072.587649536414,1.6191847324371338,0.00037400252,16,2048,,4463.764621257782
adammini-galore2-r8,adammini,galore2,8,1.1B,sdpa,666,691,22675456,2.386775255203247,10.87835739388547,nan,nan,nan,nan,22.217557430267334,4.097999572753906,0.01870039477944374,4.097999572753906,14.002857889980078,6.180401563644409,5072.869323642263,1.8690252304077148,0.0003737168114285714,16,2048,,4469.976152896881
adammini-galore2-r8,adammini,galore2,8,1.1B,sdpa,666,692,22708224,2.227029800415039,9.272284602636828,nan,nan,nan,nan,22.217557430267334,4.097999572753906,0.01870039477944374,4.097999572753906,14.002857889980078,6.175863742828369,5073.156005386103,2.2247347831726074,0.00037343110285714286,16,2048,,4476.182754278183
adammini-galore2-r8,adammini,galore2,8,1.1B,sdpa,666,693,22740992,2.3148880004882812,10.123788995820808,nan,nan,nan,nan,22.217557430267334,4.097999572753906,0.01870039477944374,4.097999572753906,14.002857889980078,6.181877613067627,5073.435006173054,1.4981902837753296,0.00037314539428571423,16,2048,,4482.3954339027405
adammini-galore2-r8,adammini,galore2,8,1.1B,sdpa,666,694,22773760,2.3304343223571777,10.2824064423718,nan,nan,nan,nan,22.217557430267334,4.097999572753906,0.01870039477944374,4.097999572753906,14.002857889980078,6.187045097351074,5073.707221581949,1.9104785919189453,0.00037285968571428577,16,2048,,4488.613140821457
adammini-galore2-r8,adammini,galore2,8,1.1B,sdpa,666,695,22806528,2.1878983974456787,8.91645456640429,nan,nan,nan,nan,22.217557430267334,4.097999572753906,0.01870039477944374,4.097999572753906,14.002857889980078,6.18334698677063,5073.982745713545,1.7238081693649292,0.00037257397714285715,16,2048,,4494.827650785446
adammini-galore2-r8,adammini,galore2,8,1.1B,sdpa,666,696,22839296,2.1776301860809326,8.825366979913433,nan,nan,nan,nan,22.217557430267334,4.097999572753906,0.01870039477944374,4.097999572753906,14.002857889980078,6.183655500411987,5074.257084095813,1.5464202165603638,0.0003722882685714286,16,2048,,4501.042292833328
adammini-galore2-r8,adammini,galore2,8,1.1B,sdpa,666,697,22872064,2.3199570178985596,10.175236943607533,nan,nan,nan,nan,22.217557430267334,4.097999572753906,0.01870039477944374,4.097999572753906,14.002857889980078,6.157347917556763,5074.560368663928,1.535862922668457,0.00037200256,16,2048,,4507.230490207672
adammini-galore2-r8,adammini,galore2,8,1.1B,sdpa,666,698,22904832,2.3656537532806396,10.650999667897683,nan,nan,nan,nan,22.217557430267334,4.097999572753906,0.01870039477944374,4.097999572753906,14.002857889980078,6.168534517288208,5074.8500814465815,1.5308650732040405,0.00037171685142857144,16,2048,,4513.43000626564
adammini-galore2-r8,adammini,galore2,8,1.1B,sdpa,666,699,22937600,2.533580780029297,12.598538057324609,nan,nan,nan,nan,22.217557430267334,4.097999572753906,0.01870039477944374,4.097999572753906,14.002857889980078,6.385999441146851,5074.895354041257,1.7304774522781372,0.00037143114285714287,16,2048,,4519.84672498703
adammini-galore2-r8,adammini,galore2,8,1.1B,sdpa,666,700,22970368,2.3306632041931152,10.284760167788408,2.490801543694742,12.070947635822879,nan,nan,22.217557430267334,4.097999572753906,0.01870039477944374,4.097999572753906,14.002857889980078,6.185606241226196,5075.165194700642,1.4933834075927734,0.00037114543428571424,16,2048,,4538.619899988174
adammini-galore2-r8,adammini,galore2,8,1.1B,sdpa,666,701,23003136,2.4337847232818604,11.401953761249262,nan,nan,nan,nan,22.217557430267334,4.097999572753906,0.01870039477944374,4.097999572753906,14.002857889980078,6.187192440032959,5061.408073471835,1.7922697067260742,0.0003708597257142858,16,2048,,4544.839148044586
adammini-galore2-r8,adammini,galore2,8,1.1B,sdpa,666,702,23035904,2.4611282348632812,11.718024768839516,nan,nan,nan,nan,22.217557430267334,4.097999572753906,0.01870039477944374,4.097999572753906,14.002857889980078,6.174656629562378,5061.706897287192,1.5662988424301147,0.00037057401714285715,16,2048,,4551.0446989536285
adammini-galore2-r8,adammini,galore2,8,1.1B,sdpa,666,703,23068672,3.0135793685913086,20.36014612239132,nan,nan,nan,nan,22.217557430267334,4.097999572753906,0.01870039477944374,4.097999572753906,14.002857889980078,6.177332401275635,5062.001534470764,3.5288960933685303,0.0003702883085714286,16,2048,,4557.252923488617
adammini-galore2-r8,adammini,galore2,8,1.1B,sdpa,666,704,23101440,3.0617847442626953,21.365655384988667,nan,nan,nan,nan,22.217557430267334,4.097999572753906,0.01870039477944374,4.097999572753906,14.002857889980078,6.15622878074646,5062.319053635662,2.378300666809082,0.0003700026,16,2048,,4563.440145730972
adammini-galore2-r8,adammini,galore2,8,1.1B,sdpa,666,705,23134208,2.3551766872406006,10.539990979106491,nan,nan,nan,nan,22.217557430267334,4.097999572753906,0.01870039477944374,4.097999572753906,14.002857889980078,6.164644479751587,5062.626410414768,1.7920951843261719,0.00036971689142857144,16,2048,,4569.63551235199
adammini-galore2-r8,adammini,galore2,8,1.1B,sdpa,666,706,23166976,2.458603620529175,11.688478587590192,nan,nan,nan,nan,22.217557430267334,4.097999572753906,0.01870039477944374,4.097999572753906,14.002857889980078,6.18082332611084,5062.915031628602,2.5536158084869385,0.0003694311828571429,16,2048,,4575.8471603393555
adammini-galore2-r8,adammini,galore2,8,1.1B,sdpa,666,707,23199744,2.2144010066986084,9.155923132116154,nan,nan,nan,nan,22.217557430267334,4.097999572753906,0.01870039477944374,4.097999572753906,14.002857889980078,6.183347463607788,5063.200220200252,1.6060142517089844,0.00036914547428571425,16,2048,,4582.061287641525
adammini-galore2-r8,adammini,galore2,8,1.1B,sdpa,666,708,23232512,2.4224982261657715,11.273989137578253,nan,nan,nan,nan,22.217557430267334,4.097999572753906,0.01870039477944374,4.097999572753906,14.002857889980078,6.192654371261597,5063.470320064313,1.6525487899780273,0.00036885976571428573,16,2048,,4588.288295030594
adammini-galore2-r8,adammini,galore2,8,1.1B,sdpa,666,709,23265280,2.036484479904175,7.6636201757140245,nan,nan,nan,nan,22.217557430267334,4.097999572753906,0.01870039477944374,4.097999572753906,14.002857889980078,6.1934380531311035,5063.742725395334,1.5170117616653442,0.0003685740571428571,16,2048,,4594.512483358383
adammini-galore2-r8,adammini,galore2,8,1.1B,sdpa,666,710,23298048,2.316732883453369,10.142483440910631,nan,nan,nan,nan,22.217557430267334,4.097999572753906,0.01870039477944374,4.097999572753906,14.002857889980078,6.188036918640137,5064.020394343689,1.499341607093811,0.00036828834857142865,16,2048,,4600.731468677521
adammini-galore2-r8,adammini,galore2,8,1.1B,sdpa,666,711,23330816,2.1357944011688232,8.463767463705933,nan,nan,nan,nan,22.217557430267334,4.097999572753906,0.01870039477944374,4.097999572753906,14.002857889980078,6.1773176193237305,5064.308619924764,1.624488353729248,0.00036800264,16,2048,,4606.9398555755615
adammini-galore2-r8,adammini,galore2,8,1.1B,sdpa,666,712,23363584,2.48176646232605,11.96237685323958,nan,nan,nan,nan,22.217557430267334,4.097999572753906,0.01870039477944374,4.097999572753906,14.002857889980078,6.177977800369263,5064.595628640034,1.6630603075027466,0.00036771693142857145,16,2048,,4613.1487691402435
adammini-galore2-r8,adammini,galore2,8,1.1B,sdpa,666,713,23396352,2.6298606395721436,13.871836582337629,nan,nan,nan,nan,22.217557430267334,4.097999572753906,0.01870039477944374,4.097999572753906,14.002857889980078,6.181862831115723,5064.87792183998,1.6817688941955566,0.0003674312228571429,16,2048,,4619.361318588257
adammini-galore2-r8,adammini,galore2,8,1.1B,sdpa,666,714,23429120,2.3447470664978027,10.430634137046592,nan,nan,nan,nan,22.217557430267334,4.097999572753906,0.01870039477944374,4.097999572753906,14.002857889980078,6.182727336883545,5065.158142481081,1.5976465940475464,0.00036714551428571426,16,2048,,4625.575076580048
adammini-galore2-r8,adammini,galore2,8,1.1B,sdpa,666,715,23461888,2.4746639728546143,11.877715207707723,nan,nan,nan,nan,22.217557430267334,4.097999572753906,0.01870039477944374,4.097999572753906,14.002857889980078,6.18687891960144,5065.433392459082,1.496186375617981,0.00036685980571428574,16,2048,,4631.792685747147
adammini-galore2-r8,adammini,galore2,8,1.1B,sdpa,666,716,23494656,2.4524142742156982,11.616357965719455,nan,nan,nan,nan,22.217557430267334,4.097999572753906,0.01870039477944374,4.097999572753906,14.002857889980078,6.184715747833252,5065.710177012242,1.9573103189468384,0.0003665740971428571,16,2048,,4638.007968664169
adammini-galore2-r8,adammini,galore2,8,1.1B,sdpa,666,717,23527424,2.397429943084717,10.99488256388969,nan,nan,nan,nan,22.217557430267334,4.097999572753906,0.01870039477944374,4.097999572753906,14.002857889980078,6.179305076599121,5065.9924413728195,1.5884239673614502,0.0003662883885714286,16,2048,,4644.218056201935
adammini-galore2-r8,adammini,galore2,8,1.1B,sdpa,666,718,23560192,2.320133686065674,10.177034742870587,nan,nan,nan,nan,22.217557430267334,4.097999572753906,0.01870039477944374,4.097999572753906,14.002857889980078,6.1968958377838135,5066.254496681343,1.481829285621643,0.00036600268,16,2048,,4650.445697784424
adammini-galore2-r8,adammini,galore2,8,1.1B,sdpa,666,719,23592960,2.644233226776123,14.072650413595394,nan,nan,nan,nan,22.217557430267334,4.097999572753906,0.01870039477944374,4.097999572753906,14.002857889980078,6.187981605529785,5066.52559506521,2.0689189434051514,0.00036571697142857146,16,2048,,4656.6646275520325
adammini-galore2-r8,adammini,galore2,8,1.1B,sdpa,666,720,23625728,2.0702524185180664,7.926823742443559,nan,nan,nan,nan,22.217557430267334,4.097999572753906,0.01870039477944374,4.097999572753906,14.002857889980078,6.207928419113159,5066.773863237558,1.782365083694458,0.0003654312628571429,16,2048,,4662.903526067734
adammini-galore2-r8,adammini,galore2,8,1.1B,sdpa,666,721,23658496,2.4516091346740723,11.607008940731461,nan,nan,nan,nan,22.217557430267334,4.097999572753906,0.01870039477944374,4.097999572753906,14.002857889980078,6.144697904586792,5067.09002223461,1.5962697267532349,0.00036514555428571427,16,2048,,4669.079439878464
adammini-galore2-r8,adammini,galore2,8,1.1B,sdpa,666,722,23691264,2.5644965171813965,12.994114409075076,nan,nan,nan,nan,22.217557430267334,4.097999572753906,0.01870039477944374,4.097999572753906,14.002857889980078,6.173310041427612,5067.374635455666,1.5297290086746216,0.00036485984571428575,16,2048,,4675.2835466861725
adammini-galore2-r8,adammini,galore2,8,1.1B,sdpa,666,723,23724032,2.5116429328918457,12.325162850845976,nan,nan,nan,nan,22.217557430267334,4.097999572753906,0.01870039477944374,4.097999572753906,14.002857889980078,6.19952392578125,5067.6301686209545,1.566745638847351,0.0003645741371428571,16,2048,,4681.513906955719
adammini-galore2-r8,adammini,galore2,8,1.1B,sdpa,666,724,23756800,2.3839149475097656,10.847286402021412,nan,nan,nan,nan,22.217557430267334,4.097999572753906,0.01870039477944374,4.097999572753906,14.002857889980078,6.174989700317383,5067.911828075518,1.5533384084701538,0.0003642884285714286,16,2048,,4687.71959900856
adammini-galore2-r8,adammini,galore2,8,1.1B,sdpa,666,725,23789568,2.3830130100250244,10.837507238567689,nan,nan,nan,nan,22.217557430267334,4.097999572753906,0.01870039477944374,4.097999572753906,14.002857889980078,6.182602167129517,5068.184230612117,1.5437155961990356,0.00036400272,16,2048,,4693.933055639267
adammini-galore2-r8,adammini,galore2,8,1.1B,sdpa,666,726,23822336,2.6530258655548096,14.196931724993444,nan,nan,nan,nan,22.217557430267334,4.097999572753906,0.01870039477944374,4.097999572753906,14.002857889980078,6.189376354217529,5068.448756988169,1.6263583898544312,0.00036371701142857147,16,2048,,4700.153202295303
adammini-galore2-r8,adammini,galore2,8,1.1B,sdpa,666,727,23855104,2.288604497909546,9.861166795880424,nan,nan,nan,nan,22.217557430267334,4.097999572753906,0.01870039477944374,4.097999572753906,14.002857889980078,6.167227029800415,5068.7364194711845,1.3822011947631836,0.0003634313028571429,16,2048,,4706.351336717606
adammini-galore2-r8,adammini,galore2,8,1.1B,sdpa,666,728,23887872,2.4606170654296875,11.712036403420665,nan,nan,nan,nan,22.217557430267334,4.097999572753906,0.01870039477944374,4.097999572753906,14.002857889980078,6.173208951950073,5069.016547949318,1.6519229412078857,0.00036314559428571433,16,2048,,4712.555509328842
adammini-galore2-r8,adammini,galore2,8,1.1B,sdpa,666,729,23920640,2.3843154907226562,10.851632079225679,nan,nan,nan,nan,22.217557430267334,4.097999572753906,0.01870039477944374,4.097999572753906,14.002857889980078,6.185830116271973,5069.282533658869,1.5446557998657227,0.00036285988571428576,16,2048,,4718.772421360016
adammini-galore2-r8,adammini,galore2,8,1.1B,sdpa,666,730,23953408,2.2882535457611084,9.857706605423461,nan,nan,nan,nan,22.217557430267334,4.097999572753906,0.01870039477944374,4.097999572753906,14.002857889980078,6.1851372718811035,5069.548473790987,1.8957679271697998,0.00036257417714285713,16,2048,,4724.988492488861
adammini-galore2-r8,adammini,galore2,8,1.1B,sdpa,666,731,23986176,2.6218016147613525,13.760492372653742,nan,nan,nan,nan,22.217557430267334,4.097999572753906,0.01870039477944374,4.097999572753906,14.002857889980078,6.186124324798584,5069.812199061523,1.7226930856704712,0.0003622884685714286,16,2048,,4731.205897092819
adammini-galore2-r8,adammini,galore2,8,1.1B,sdpa,666,732,24018944,2.421947956085205,11.267787105220133,nan,nan,nan,nan,22.217557430267334,4.097999572753906,0.01870039477944374,4.097999572753906,14.002857889980078,6.183096408843994,5070.078178432713,1.6351357698440552,0.00036200276,16,2048,,4737.420942783356
adammini-galore2-r8,adammini,galore2,8,1.1B,sdpa,666,733,24051712,2.4469850063323975,11.553460544471745,nan,nan,nan,nan,22.217557430267334,4.097999572753906,0.01870039477944374,4.097999572753906,14.002857889980078,6.183023452758789,5070.3429098946835,1.5009535551071167,0.0003617170514285714,16,2048,,4743.636059999466
adammini-galore2-r8,adammini,galore2,8,1.1B,sdpa,666,734,24084480,2.3898696899414062,10.912071897662214,nan,nan,nan,nan,22.217557430267334,4.097999572753906,0.01870039477944374,4.097999572753906,14.002857889980078,6.191803693771362,5070.598558025343,2.3044321537017822,0.00036143134285714285,16,2048,,4749.858865737915
adammini-galore2-r8,adammini,galore2,8,1.1B,sdpa,666,735,24117248,2.4121503829956055,11.15792918678408,nan,nan,nan,nan,22.217557430267334,4.097999572753906,0.01870039477944374,4.097999572753906,14.002857889980078,6.189828157424927,5070.856655147465,1.6494472026824951,0.0003611456342857143,16,2048,,4756.079502820969
adammini-galore2-r8,adammini,galore2,8,1.1B,sdpa,666,736,24150016,2.381934642791748,10.825826724944717,nan,nan,nan,nan,22.217557430267334,4.097999572753906,0.01870039477944374,4.097999572753906,14.002857889980078,6.173701763153076,5071.130447294763,1.694248914718628,0.0003608599257142857,16,2048,,4762.2844433784485
adammini-galore2-r8,adammini,galore2,8,1.1B,sdpa,666,737,24182784,2.358267068862915,10.572613956288562,nan,nan,nan,nan,22.217557430267334,4.097999572753906,0.01870039477944374,4.097999572753906,14.002857889980078,6.177504062652588,5071.399958480758,1.6332114934921265,0.0003605742171428571,16,2048,,4768.492787361145
adammini-galore2-r8,adammini,galore2,8,1.1B,sdpa,666,738,24215552,2.373734712600708,10.737418666863002,nan,nan,nan,nan,22.217557430267334,4.097999572753906,0.01870039477944374,4.097999572753906,14.002857889980078,6.186157703399658,5071.659388231384,3.024689197540283,0.0003602885085714286,16,2048,,4774.7097816467285
adammini-galore2-r8,adammini,galore2,8,1.1B,sdpa,666,739,24248320,2.24983286857605,9.486150270060799,nan,nan,nan,nan,22.217557430267334,4.097999572753906,0.01870039477944374,4.097999572753906,14.002857889980078,6.162683963775635,5071.943289324965,1.8437139987945557,0.0003600028,16,2048,,4780.903160572052
adammini-galore2-r8,adammini,galore2,8,1.1B,sdpa,666,740,24281088,2.47977614402771,11.938591593667462,nan,nan,nan,nan,22.217557430267334,4.097999572753906,0.01870039477944374,4.097999572753906,14.002857889980078,6.198139429092407,5072.188767836812,1.642389178276062,0.00035971709142857143,16,2048,,4787.132448196411
adammini-galore2-r8,adammini,galore2,8,1.1B,sdpa,666,741,24313856,2.4701828956604004,11.824609323618184,nan,nan,nan,nan,22.217557430267334,4.097999572753906,0.01870039477944374,4.097999572753906,14.002857889980078,6.198390960693359,5072.432333724236,2.3700854778289795,0.00035943138285714286,16,2048,,4793.3622398376465
adammini-galore2-r8,adammini,galore2,8,1.1B,sdpa,666,742,24346624,2.4130606651306152,11.168090674595263,nan,nan,nan,nan,22.217557430267334,4.097999572753906,0.01870039477944374,4.097999572753906,14.002857889980078,6.187676906585693,5072.687531947798,1.6217765808105469,0.00035914567428571435,16,2048,,4799.580718040466
adammini-galore2-r8,adammini,galore2,8,1.1B,sdpa,666,743,24379392,2.4866220951080322,12.020603010456853,nan,nan,nan,nan,22.217557430267334,4.097999572753906,0.01870039477944374,4.097999572753906,14.002857889980078,6.176560878753662,5072.9539907650405,2.017350673675537,0.0003588599657142858,16,2048,,4805.787879228592
adammini-galore2-r8,adammini,galore2,8,1.1B,sdpa,666,744,24412160,2.5324597358703613,12.584422453410282,nan,nan,nan,nan,22.217557430267334,4.097999572753906,0.01870039477944374,4.097999572753906,14.002857889980078,6.188514471054077,5073.207290797243,1.7879316806793213,0.00035857425714285715,16,2048,,4812.006871938705
adammini-galore2-r8,adammini,galore2,8,1.1B,sdpa,666,745,24444928,2.39068865776062,10.921012193795066,nan,nan,nan,nan,22.217557430267334,4.097999572753906,0.01870039477944374,4.097999572753906,14.002857889980078,6.16855525970459,5073.48062753686,1.558741569519043,0.00035828854857142863,16,2048,,4818.2066905498505
adammini-galore2-r8,adammini,galore2,8,1.1B,sdpa,666,746,24477696,2.3286681175231934,10.264261634848532,nan,nan,nan,nan,22.217557430267334,4.097999572753906,0.01870039477944374,4.097999572753906,14.002857889980078,6.178252220153809,5073.743119769304,1.6927986145019531,0.00035800284,16,2048,,4824.415833473206
adammini-galore2-r8,adammini,galore2,8,1.1B,sdpa,666,747,24510464,2.7354633808135986,15.416885670039335,nan,nan,nan,nan,22.217557430267334,4.097999572753906,0.01870039477944374,4.097999572753906,14.002857889980078,6.170025825500488,5074.013365267568,2.0286359786987305,0.00035771713142857144,16,2048,,4830.6166706085205
adammini-galore2-r8,adammini,galore2,8,1.1B,sdpa,666,748,24543232,2.059053659439087,7.838548363009412,nan,nan,nan,nan,22.217557430267334,4.097999572753906,0.01870039477944374,4.097999572753906,14.002857889980078,6.180555820465088,5074.272020886475,1.8203119039535522,0.00035743142285714287,16,2048,,4836.828083515167
adammini-galore2-r8,adammini,galore2,8,1.1B,sdpa,666,749,24576000,2.504777669906616,12.24083715677405,nan,nan,nan,nan,22.217557430267334,4.097999572753906,0.01870039477944374,4.097999572753906,14.002857889980078,6.197383642196655,5074.512529949051,1.7503129243850708,0.0003571457142857143,16,2048,,4843.0560846328735
adammini-galore2-r8,adammini,galore2,8,1.1B,sdpa,666,750,24608768,2.270024061203003,9.679633714902701,2.5032454104744972,12.22209538088185,nan,nan,22.217557430267334,4.097999572753906,0.01870039477944374,4.097999572753906,14.002857889980078,6.189346075057983,5074.761017191847,1.6259186267852783,0.00035686000571428573,16,2048,,4861.942712545395
adammini-galore2-r8,adammini,galore2,8,1.1B,sdpa,666,751,24641536,2.3051233291625977,10.025414602171976,nan,nan,nan,nan,22.217557430267334,4.097999572753906,0.01870039477944374,4.097999572753906,14.002857889980078,6.1936399936676025,5061.798110775821,1.9301769733428955,0.0003565742971428571,16,2048,,4868.1684827804565
adammini-galore2-r8,adammini,galore2,8,1.1B,sdpa,666,752,24674304,2.613743305206299,13.650051645900959,nan,nan,nan,nan,22.217557430267334,4.097999572753906,0.01870039477944374,4.097999572753906,14.002857889980078,6.1845152378082275,5062.066058513845,1.5819021463394165,0.0003562885885714286,16,2048,,4874.383876800537
adammini-galore2-r8,adammini,galore2,8,1.1B,sdpa,666,753,24707072,2.4455883502960205,11.537335597184923,nan,nan,nan,nan,22.217557430267334,4.097999572753906,0.01870039477944374,4.097999572753906,14.002857889980078,6.1724889278411865,5062.346024277714,1.9588217735290527,0.00035600287999999996,16,2048,,4880.587378025055
adammini-galore2-r8,adammini,galore2,8,1.1B,sdpa,666,754,24739840,2.4907991886138916,12.070919207798733,nan,nan,nan,nan,22.217557430267334,4.097999572753906,0.01870039477944374,4.097999572753906,14.002857889980078,6.171940565109253,5062.625699649025,1.7072027921676636,0.0003557171714285714,16,2048,,4886.789935350418
adammini-galore2-r8,adammini,galore2,8,1.1B,sdpa,666,755,24772608,2.2216970920562744,9.22296982057361,nan,nan,nan,nan,22.217557430267334,4.097999572753906,0.01870039477944374,4.097999572753906,14.002857889980078,6.167834758758545,5062.909438321457,1.4835031032562256,0.0003554314628571428,16,2048,,4892.988600730896
adammini-galore2-r8,adammini,galore2,8,1.1B,sdpa,666,756,24805376,2.2464938163757324,9.454528342143119,nan,nan,nan,nan,22.217557430267334,4.097999572753906,0.01870039477944374,4.097999572753906,14.002857889980078,6.172619104385376,5063.187045109062,1.7594563961029053,0.0003551457542857143,16,2048,,4899.1921536922455
adammini-galore2-r8,adammini,galore2,8,1.1B,sdpa,666,757,24838144,2.569913864135742,13.064699053322911,nan,nan,nan,nan,22.217557430267334,4.097999572753906,0.01870039477944374,4.097999572753906,14.002857889980078,6.164945363998413,5063.471970249471,1.6978956460952759,0.00035486004571428574,16,2048,,4905.387775421143
adammini-galore2-r8,adammini,galore2,8,1.1B,sdpa,666,758,24870912,2.2368650436401367,9.36392971418721,nan,nan,nan,nan,22.217557430267334,4.097999572753906,0.01870039477944374,4.097999572753906,14.002857889980078,6.180772304534912,5063.7398771430135,1.5916526317596436,0.0003545743371428571,16,2048,,4911.599625110626
adammini-galore2-r8,adammini,galore2,8,1.1B,sdpa,666,759,24903680,2.0646309852600098,7.882388643313333,nan,nan,nan,nan,22.217557430267334,4.097999572753906,0.01870039477944374,4.097999572753906,14.002857889980078,6.167659044265747,5064.020464141457,1.6428062915802002,0.00035428862857142865,16,2048,,4917.798086643219
adammini-galore2-r8,adammini,galore2,8,1.1B,sdpa,666,760,24936448,2.3331356048583984,10.310219675752741,nan,nan,nan,nan,22.217557430267334,4.097999572753906,0.01870039477944374,4.097999572753906,14.002857889980078,6.188899993896484,5064.278673310057,1.516409993171692,0.00035400292,16,2048,,4924.0176866054535
adammini-galore2-r8,adammini,galore2,8,1.1B,sdpa,666,761,24969216,2.3870058059692383,10.880865696649808,nan,nan,nan,nan,22.217557430267334,4.097999572753906,0.01870039477944374,4.097999572753906,14.002857889980078,6.2011048793792725,5064.523268190554,1.6035740375518799,0.00035371721142857146,16,2048,,4930.249953746796
adammini-galore2-r8,adammini,galore2,8,1.1B,sdpa,666,762,25001984,2.346355438232422,10.447423972695903,nan,nan,nan,nan,22.217557430267334,4.097999572753906,0.01870039477944374,4.097999572753906,14.002857889980078,6.180191278457642,5064.789194697713,1.605082392692566,0.0003534315028571429,16,2048,,4936.460802078247
adammini-galore2-r8,adammini,galore2,8,1.1B,sdpa,666,763,25034752,2.399573564529419,11.01847670935891,nan,nan,nan,nan,22.217557430267334,4.097999572753906,0.01870039477944374,4.097999572753906,14.002857889980078,6.176743507385254,5065.0580033904025,1.4866422414779663,0.0003531457942857143,16,2048,,4942.6684856414795
adammini-galore2-r8,adammini,galore2,8,1.1B,sdpa,666,764,25067520,2.3173673152923584,10.148920196957551,nan,nan,nan,nan,22.217557430267334,4.097999572753906,0.01870039477944374,4.097999572753906,14.002857889980078,6.186377048492432,5065.316061264071,1.4242979288101196,0.00035286008571428575,16,2048,,4948.885694742203
adammini-galore2-r8,adammini,galore2,8,1.1B,sdpa,666,765,25100288,1.8684844970703125,6.47847081431689,nan,nan,nan,nan,22.217557430267334,4.097999572753906,0.01870039477944374,4.097999572753906,14.002857889980078,6.144542694091797,5065.616290618806,1.6230039596557617,0.0003525743771428571,16,2048,,4955.0612461566925
adammini-galore2-r8,adammini,galore2,8,1.1B,sdpa,666,766,25133056,2.3925232887268066,10.941066611550767,nan,nan,nan,nan,22.217557430267334,4.097999572753906,0.01870039477944374,4.097999572753906,14.002857889980078,6.162440538406372,5065.897352672961,1.4985800981521606,0.0003522886685714286,16,2048,,4961.2543795108795
adammini-galore2-r8,adammini,galore2,8,1.1B,sdpa,666,767,25165824,2.6724298000335693,14.475098091248398,nan,nan,nan,nan,22.217557430267334,4.097999572753906,0.01870039477944374,4.097999572753906,14.002857889980078,6.183144807815552,5066.156760966759,1.7901252508163452,0.00035200296,16,2048,,4967.468257665634
adammini-galore2-r8,adammini,galore2,8,1.1B,sdpa,666,768,25198592,3.139211893081665,23.085665714576425,nan,nan,nan,nan,22.217557430267334,4.097999572753906,0.01870039477944374,4.097999572753906,14.002857889980078,6.150755167007446,5066.448775365117,2.0623743534088135,0.0003517172514285714,16,2048,,4973.649933338165
adammini-galore2-r8,adammini,galore2,8,1.1B,sdpa,666,769,25231360,2.2957746982574463,9.932127434451207,nan,nan,nan,nan,22.217557430267334,4.097999572753906,0.01870039477944374,4.097999572753906,14.002857889980078,6.162230014801025,5066.728025555237,1.6525455713272095,0.00035143154285714284,16,2048,,4979.842979669571
adammini-galore2-r8,adammini,galore2,8,1.1B,sdpa,666,770,25264128,2.5257773399353027,12.500608710158732,nan,nan,nan,nan,22.217557430267334,4.097999572753906,0.01870039477944374,4.097999572753906,14.002857889980078,6.177394151687622,5066.99124306318,1.6034295558929443,0.00035114583428571427,16,2048,,4986.0513207912445
adammini-galore2-r8,adammini,galore2,8,1.1B,sdpa,666,771,25296896,2.3981714248657227,11.003038092209287,nan,nan,nan,nan,22.217557430267334,4.097999572753906,0.01870039477944374,4.097999572753906,14.002857889980078,6.19586706161499,5067.234255157079,1.4928101301193237,0.0003508601257142857,16,2048,,4992.278701782227
adammini-galore2-r8,adammini,galore2,8,1.1B,sdpa,666,772,25329664,2.4433817863464355,11.51190579494233,nan,nan,nan,nan,22.217557430267334,4.097999572753906,0.01870039477944374,4.097999572753906,14.002857889980078,6.203443765640259,5067.468999049663,1.552051067352295,0.0003505744171428571,16,2048,,4998.513897895813
adammini-galore2-r8,adammini,galore2,8,1.1B,sdpa,666,773,25362432,2.4438631534576416,11.517448581729921,nan,nan,nan,nan,22.217557430267334,4.097999572753906,0.01870039477944374,4.097999572753906,14.002857889980078,6.145244121551514,5067.762262453275,1.6181608438491821,0.00035028870857142856,16,2048,,5004.690696716309
adammini-galore2-r8,adammini,galore2,8,1.1B,sdpa,666,774,25395200,2.3889245986938477,10.901763865801607,nan,nan,nan,nan,22.217557430267334,4.097999572753906,0.01870039477944374,4.097999572753906,14.002857889980078,6.170629501342773,5068.02957987989,1.8097909688949585,0.000350003,16,2048,,5010.892250537872
adammini-galore2-r8,adammini,galore2,8,1.1B,sdpa,666,775,25427968,2.349306106567383,10.478296380513063,nan,nan,nan,nan,22.217557430267334,4.097999572753906,0.01870039477944374,4.097999572753906,14.002857889980078,6.187680006027222,5068.279186497171,1.4804885387420654,0.00034971729142857153,16,2048,,5017.11065030098
adammini-galore2-r8,adammini,galore2,8,1.1B,sdpa,666,776,25460736,2.3707275390625,10.70517788668621,nan,nan,nan,nan,22.217557430267334,4.097999572753906,0.01870039477944374,4.097999572753906,14.002857889980078,6.173676252365112,5068.542366343287,1.6848498582839966,0.0003494315828571429,16,2048,,5023.315227270126
adammini-galore2-r8,adammini,galore2,8,1.1B,sdpa,666,777,25493504,2.377847909927368,10.781674743211115,nan,nan,nan,nan,22.217557430267334,4.097999572753906,0.01870039477944374,4.097999572753906,14.002857889980078,6.175575017929077,5068.80288930533,1.5151621103286743,0.00034914587428571433,16,2048,,5029.521372318268
adammini-galore2-r8,adammini,galore2,8,1.1B,sdpa,666,778,25526272,2.330231189727783,10.28031796224107,nan,nan,nan,nan,22.217557430267334,4.097999572753906,0.01870039477944374,4.097999572753906,14.002857889980078,6.181279897689819,5069.057259968923,1.9624518156051636,0.00034886016571428576,16,2048,,5035.7337284088135
adammini-galore2-r8,adammini,galore2,8,1.1B,sdpa,666,779,25559040,2.363377094268799,10.626778555587315,nan,nan,nan,nan,22.217557430267334,4.097999572753906,0.01870039477944374,4.097999572753906,14.002857889980078,6.17083215713501,5069.320222292678,1.5675663948059082,0.00034857445714285714,16,2048,,5041.936277389526
adammini-galore2-r8,adammini,galore2,8,1.1B,sdpa,666,780,25591808,2.4491100311279297,11.57803803924708,nan,nan,nan,nan,22.217557430267334,4.097999572753906,0.01870039477944374,4.097999572753906,14.002857889980078,6.193035840988159,5069.560965360064,1.5114543437957764,0.0003482887485714286,16,2048,,5048.160795927048
adammini-galore2-r8,adammini,galore2,8,1.1B,sdpa,666,781,25624576,2.317782163619995,10.153131332959548,nan,nan,nan,nan,22.217557430267334,4.097999572753906,0.01870039477944374,4.097999572753906,14.002857889980078,6.166852235794067,5069.8258558697335,1.476629614830017,0.00034800304,16,2048,,5054.360270738602
adammini-galore2-r8,adammini,galore2,8,1.1B,sdpa,666,782,25657344,2.3529562950134277,10.516614027666952,nan,nan,nan,nan,22.217557430267334,4.097999572753906,0.01870039477944374,4.097999572753906,14.002857889980078,6.180744409561157,5070.077604535646,1.7295911312103271,0.0003477173314285715,16,2048,,5060.5722596645355
adammini-galore2-r8,adammini,galore2,8,1.1B,sdpa,666,783,25690112,2.4035165309906006,11.062007958206044,nan,nan,nan,nan,22.217557430267334,4.097999572753906,0.01870039477944374,4.097999572753906,14.002857889980078,6.1877710819244385,5070.3221294343375,1.6994781494140625,0.00034743162285714286,16,2048,,5066.790784835815
adammini-galore2-r8,adammini,galore2,8,1.1B,sdpa,666,784,25722880,2.4549667835235596,11.64604670181876,nan,nan,nan,nan,22.217557430267334,4.097999572753906,0.01870039477944374,4.097999572753906,14.002857889980078,6.168076992034912,5070.58591240483,1.7705193758010864,0.0003471459142857143,16,2048,,5072.989746570587
adammini-galore2-r8,adammini,galore2,8,1.1B,sdpa,666,785,25755648,2.2378804683685303,9.373442909123217,nan,nan,nan,nan,22.217557430267334,4.097999572753906,0.01870039477944374,4.097999572753906,14.002857889980078,6.1618993282318115,5070.855091257778,1.6371253728866577,0.0003468602057142857,16,2048,,5079.182575941086
adammini-galore2-r8,adammini,galore2,8,1.1B,sdpa,666,786,25788416,2.376433849334717,10.76643957609732,nan,nan,nan,nan,22.217557430267334,4.097999572753906,0.01870039477944374,4.097999572753906,14.002857889980078,6.1666295528411865,5071.118756779444,1.527130365371704,0.0003465744971428571,16,2048,,5085.380043029785
adammini-galore2-r8,adammini,galore2,8,1.1B,sdpa,666,787,25821184,2.492898464202881,12.096286010467264,nan,nan,nan,nan,22.217557430267334,4.097999572753906,0.01870039477944374,4.097999572753906,14.002857889980078,6.171542644500732,5071.377041383605,1.5352725982666016,0.0003462887885714286,16,2048,,5091.582450628281
adammini-galore2-r8,adammini,galore2,8,1.1B,sdpa,666,788,25853952,2.4636480808258057,11.74758962003369,nan,nan,nan,nan,22.217557430267334,4.097999572753906,0.01870039477944374,4.097999572753906,14.002857889980078,6.162853240966797,5071.643282843318,1.491689920425415,0.00034600307999999995,16,2048,,5097.776131153107
adammini-galore2-r8,adammini,galore2,8,1.1B,sdpa,666,789,25886720,2.375028610229492,10.751320779431019,nan,nan,nan,nan,22.217557430267334,4.097999572753906,0.01870039477944374,4.097999572753906,14.002857889980078,6.179217100143433,5071.892513716243,1.7288193702697754,0.00034571737142857144,16,2048,,5103.986226081848
adammini-galore2-r8,adammini,galore2,8,1.1B,sdpa,666,790,25919488,2.11348032951355,8.276997894416647,nan,nan,nan,nan,22.217557430267334,4.097999572753906,0.01870039477944374,4.097999572753906,14.002857889980078,6.1820387840271,5072.138535265426,2.1223416328430176,0.0003454316628571428,16,2048,,5110.19929766655
adammini-galore2-r8,adammini,galore2,8,1.1B,sdpa,666,791,25952256,2.370058059692383,10.698013389446784,nan,nan,nan,nan,22.217557430267334,4.097999572753906,0.01870039477944374,4.097999572753906,14.002857889980078,6.176570415496826,5072.388759498202,1.5198109149932861,0.0003451459542857143,16,2048,,5116.407345056534
adammini-galore2-r8,adammini,galore2,8,1.1B,sdpa,666,792,25985024,2.6986358165740967,14.85944688074179,nan,nan,nan,nan,22.217557430267334,4.097999572753906,0.01870039477944374,4.097999572753906,14.002857889980078,6.184886455535889,5072.630469527982,1.8948272466659546,0.0003448602457142857,16,2048,,5122.623157262802
adammini-galore2-r8,adammini,galore2,8,1.1B,sdpa,666,793,26017792,3.0450305938720703,21.010673990918963,nan,nan,nan,nan,22.217557430267334,4.097999572753906,0.01870039477944374,4.097999572753906,14.002857889980078,6.169293403625488,5072.887159840572,1.9241958856582642,0.0003445745371428572,16,2048,,5128.823470830917
adammini-galore2-r8,adammini,galore2,8,1.1B,sdpa,666,794,26050560,2.2772507667541504,9.749838948337997,nan,nan,nan,nan,22.217557430267334,4.097999572753906,0.01870039477944374,4.097999572753906,14.002857889980078,6.176914930343628,5073.1357768756625,1.4227803945541382,0.00034428882857142864,16,2048,,5135.030924797058
adammini-galore2-r8,adammini,galore2,8,1.1B,sdpa,666,795,26083328,2.339864730834961,10.37983239650227,nan,nan,nan,nan,22.217557430267334,4.097999572753906,0.01870039477944374,4.097999572753906,14.002857889980078,6.161123752593994,5073.399559937599,1.4594275951385498,0.00034400312,16,2048,,5141.223140001297
adammini-galore2-r8,adammini,galore2,8,1.1B,sdpa,666,796,26116096,2.4178144931793213,11.22130825067614,nan,nan,nan,nan,22.217557430267334,4.097999572753906,0.01870039477944374,4.097999572753906,14.002857889980078,6.175518274307251,5073.648141950834,1.4378653764724731,0.0003437174114285715,16,2048,,5147.429843425751
adammini-galore2-r8,adammini,galore2,8,1.1B,sdpa,666,797,26148864,2.396785259246826,10.987796625141758,nan,nan,nan,nan,22.217557430267334,4.097999572753906,0.01870039477944374,4.097999572753906,14.002857889980078,6.166353225708008,5073.9050302256355,1.573371410369873,0.0003434317028571429,16,2048,,5153.6267647743225
adammini-galore2-r8,adammini,galore2,8,1.1B,sdpa,666,798,26181632,2.5115394592285156,12.323887587073905,nan,nan,nan,nan,22.217557430267334,4.097999572753906,0.01870039477944374,4.097999572753906,14.002857889980078,6.186466217041016,5074.142008550656,1.7402361631393433,0.0003431459942857143,16,2048,,5159.844217538834
adammini-galore2-r8,adammini,galore2,8,1.1B,sdpa,666,799,26214400,2.445539951324463,11.536777215520162,nan,nan,nan,nan,22.217557430267334,4.097999572753906,0.01870039477944374,4.097999572753906,14.002857889980078,6.166337251663208,5074.397906208396,1.53469979763031,0.00034286028571428573,16,2048,,5166.041472434998
adammini-galore2-r8,adammini,galore2,8,1.1B,sdpa,666,800,26247168,2.326395273208618,10.240959057744808,2.486413147145356,12.018091592334667,nan,nan,22.217557430267334,4.097999572753906,0.01870039477944374,4.097999572753906,14.002857889980078,6.17092752456665,5074.648772094297,1.5317529439926147,0.00034257457714285716,16,2048,,5184.61736702919
adammini-galore2-r8,adammini,galore2,8,1.1B,sdpa,666,801,26279936,2.326209783554077,10.239059641953455,nan,nan,nan,nan,22.217557430267334,4.097999572753906,0.01870039477944374,4.097999572753906,14.002857889980078,6.18750786781311,5062.784180696104,1.7764909267425537,0.0003422888685714286,16,2048,,5190.8366804122925
adammini-galore2-r8,adammini,galore2,8,1.1B,sdpa,666,802,26312704,2.1409499645233154,8.507515629401164,nan,nan,nan,nan,22.217557430267334,4.097999572753906,0.01870039477944374,4.097999572753906,14.002857889980078,6.189143657684326,5063.030077065654,1.4718074798583984,0.00034200315999999997,16,2048,,5197.056966304779
adammini-galore2-r8,adammini,galore2,8,1.1B,sdpa,666,803,26345472,2.2232203483581543,9.237029472983352,nan,nan,nan,nan,22.217557430267334,4.097999572753906,0.01870039477944374,4.097999572753906,14.002857889980078,6.197652339935303,5063.266659396567,1.4750266075134277,0.00034171745142857145,16,2048,,5203.285432100296
adammini-galore2-r8,adammini,galore2,8,1.1B,sdpa,666,804,26378240,2.303800344467163,10.01215990190401,nan,nan,nan,nan,22.217557430267334,4.097999572753906,0.01870039477944374,4.097999572753906,14.002857889980078,6.171202898025513,5063.528699073068,1.3561575412750244,0.00034143174285714283,16,2048,,5209.487540483475
adammini-galore2-r8,adammini,galore2,8,1.1B,sdpa,666,805,26411008,2.212190628051758,9.135707425546565,nan,nan,nan,nan,22.217557430267334,4.097999572753906,0.01870039477944374,4.097999572753906,14.002857889980078,6.171534299850464,5063.789633385232,1.511946201324463,0.00034114603428571426,16,2048,,5215.690163612366
adammini-galore2-r8,adammini,galore2,8,1.1B,sdpa,666,806,26443776,2.261967420578003,9.601961692602194,nan,nan,nan,nan,22.217557430267334,4.097999572753906,0.01870039477944374,4.097999572753906,14.002857889980078,6.175412654876709,5064.046241469957,1.7894688844680786,0.0003408603257142857,16,2048,,5221.896769523621
adammini-galore2-r8,adammini,galore2,8,1.1B,sdpa,666,807,26476544,2.2641749382019043,9.623181605310991,nan,nan,nan,nan,22.217557430267334,4.097999572753906,0.01870039477944374,4.097999572753906,14.002857889980078,6.164585590362549,5064.312724296826,1.6371934413909912,0.00034057461714285717,16,2048,,5228.092139005661
adammini-galore2-r8,adammini,galore2,8,1.1B,sdpa,666,808,26509312,2.6072616577148438,13.561862935704832,nan,nan,nan,nan,22.217557430267334,4.097999572753906,0.01870039477944374,4.097999572753906,14.002857889980078,6.1786816120147705,5064.5650189030075,2.182758331298828,0.0003402889085714286,16,2048,,5234.30170083046
adammini-galore2-r8,adammini,galore2,8,1.1B,sdpa,666,809,26542080,2.49617600440979,12.135997116044493,nan,nan,nan,nan,22.217557430267334,4.097999572753906,0.01870039477944374,4.097999572753906,14.002857889980078,6.199896574020386,5064.7962127905585,1.5747361183166504,0.0003400032,16,2048,,5240.532428264618
adammini-galore2-r8,adammini,galore2,8,1.1B,sdpa,666,810,26574848,2.2883851528167725,9.859004034538941,nan,nan,nan,nan,22.217557430267334,4.097999572753906,0.01870039477944374,4.097999572753906,14.002857889980078,6.1576902866363525,5065.067711571709,1.4692009687423706,0.00033971749142857146,16,2048,,5246.721172809601
adammini-galore2-r8,adammini,galore2,8,1.1B,sdpa,666,811,26607616,2.5358827114105225,12.627572432184818,nan,nan,nan,nan,22.217557430267334,4.097999572753906,0.01870039477944374,4.097999572753906,14.002857889980078,6.176417827606201,5065.320099564328,1.6058870553970337,0.0003394317828571429,16,2048,,5252.928876399994
adammini-galore2-r8,adammini,galore2,8,1.1B,sdpa,666,812,26640384,2.331343173980713,10.291755872139447,nan,nan,nan,nan,22.217557430267334,4.097999572753906,0.01870039477944374,4.097999572753906,14.002857889980078,6.188513994216919,5065.560428584707,1.5118314027786255,0.0003391460742857143,16,2048,,5259.1485414505005
adammini-galore2-r8,adammini,galore2,8,1.1B,sdpa,666,813,26673152,2.4325361251831055,11.387726187569994,nan,nan,nan,nan,22.217557430267334,4.097999572753906,0.01870039477944374,4.097999572753906,14.002857889980078,6.18552303314209,5065.803142691898,1.4946318864822388,0.00033886036571428575,16,2048,,5265.365098953247
adammini-galore2-r8,adammini,galore2,8,1.1B,sdpa,666,814,26705920,2.4267239570617676,11.321730782427139,nan,nan,nan,nan,22.217557430267334,4.097999572753906,0.01870039477944374,4.097999572753906,14.002857889980078,6.167343854904175,5066.062588322276,1.6379799842834473,0.0003385746571428572,16,2048,,5271.56351685524
adammini-galore2-r8,adammini,galore2,8,1.1B,sdpa,666,815,26738688,2.4036574363708496,11.063566764463227,nan,nan,nan,nan,22.217557430267334,4.097999572753906,0.01870039477944374,4.097999572753906,14.002857889980078,6.165494918823242,5066.3233866232595,1.4683502912521362,0.0003382889485714286,16,2048,,5277.759916782379
adammini-galore2-r8,adammini,galore2,8,1.1B,sdpa,666,816,26771456,2.2610650062561035,9.593300653363148,nan,nan,nan,nan,22.217557430267334,4.097999572753906,0.01870039477944374,4.097999572753906,14.002857889980078,6.1732659339904785,5066.576041646978,1.5085906982421875,0.00033800324,16,2048,,5283.963812112808
adammini-galore2-r8,adammini,galore2,8,1.1B,sdpa,666,817,26804224,2.422232151031494,11.270989808445776,nan,nan,nan,nan,22.217557430267334,4.097999572753906,0.01870039477944374,4.097999572753906,14.002857889980078,6.184614896774292,5066.817602048124,1.4996066093444824,0.00033771753142857147,16,2048,,5290.179329156876
adammini-galore2-r8,adammini,galore2,8,1.1B,sdpa,666,818,26836992,2.3835954666137695,10.843821454764267,nan,nan,nan,nan,22.217557430267334,4.097999572753906,0.01870039477944374,4.097999572753906,14.002857889980078,6.184118747711182,5067.058750386184,1.628662109375,0.00033743182285714285,16,2048,,5296.394468307495
adammini-galore2-r8,adammini,galore2,8,1.1B,sdpa,666,819,26869760,2.331709861755371,10.295530425196464,nan,nan,nan,nan,22.217557430267334,4.097999572753906,0.01870039477944374,4.097999572753906,14.002857889980078,6.168883562088013,5067.313896301861,1.6734524965286255,0.0003371461142857143,16,2048,,5302.594605922699
adammini-galore2-r8,adammini,galore2,8,1.1B,sdpa,666,820,26902528,2.4272663593292236,11.327873380604048,nan,nan,nan,nan,22.217557430267334,4.097999572753906,0.01870039477944374,4.097999572753906,14.002857889980078,6.148848056793213,5067.587465280234,1.4966470003128052,0.0003368604057142857,16,2048,,5308.774483919144
adammini-galore2-r8,adammini,galore2,8,1.1B,sdpa,666,821,26935296,2.2911601066589355,9.886400309783996,nan,nan,nan,nan,22.217557430267334,4.097999572753906,0.01870039477944374,4.097999572753906,14.002857889980078,6.179474592208862,5067.830964409534,1.6043493747711182,0.00033657469714285713,16,2048,,5314.985239028931
adammini-galore2-r8,adammini,galore2,8,1.1B,sdpa,666,822,26968064,2.342711925506592,10.40942791209812,nan,nan,nan,nan,22.217557430267334,4.097999572753906,0.01870039477944374,4.097999572753906,14.002857889980078,6.188310623168945,5068.0657734396245,1.5239351987838745,0.00033628898857142856,16,2048,,5321.204686164856
adammini-galore2-r8,adammini,galore2,8,1.1B,sdpa,666,823,27000832,2.2420217990875244,9.412341927440078,nan,nan,nan,nan,22.217557430267334,4.097999572753906,0.01870039477944374,4.097999572753906,14.002857889980078,6.166780710220337,5068.320504880425,1.4885950088500977,0.00033600327999999994,16,2048,,5327.402512311935
adammini-galore2-r8,adammini,galore2,8,1.1B,sdpa,666,824,27033600,2.4561586380004883,11.659935369710256,nan,nan,nan,nan,22.217557430267334,4.097999572753906,0.01870039477944374,4.097999572753906,14.002857889980078,6.164784908294678,5068.576567003457,1.5902268886566162,0.0003357175714285715,16,2048,,5333.598274469376
adammini-galore2-r8,adammini,galore2,8,1.1B,sdpa,666,825,27066368,2.5360326766967773,12.629466271700858,nan,nan,nan,nan,22.217557430267334,4.097999572753906,0.01870039477944374,4.097999572753906,14.002857889980078,6.176685571670532,5068.82071884997,2.0055840015411377,0.00033543186285714285,16,2048,,5339.806111574173
adammini-galore2-r8,adammini,galore2,8,1.1B,sdpa,666,826,27099136,2.314596176147461,10.120835058806824,nan,nan,nan,nan,22.217557430267334,4.097999572753906,0.01870039477944374,4.097999572753906,14.002857889980078,6.1732800006866455,5069.067528100479,1.4623692035675049,0.0003351461542857143,16,2048,,5346.010078668594
adammini-galore2-r8,adammini,galore2,8,1.1B,sdpa,666,827,27131904,2.361323833465576,10.60498139300223,nan,nan,nan,nan,22.217557430267334,4.097999572753906,0.01870039477944374,4.097999572753906,14.002857889980078,6.161933898925781,5069.324696102549,1.6476589441299438,0.0003348604457142857,16,2048,,5352.202702760696
adammini-galore2-r8,adammini,galore2,8,1.1B,sdpa,666,828,27164672,2.346421241760254,10.448111472669778,nan,nan,nan,nan,22.217557430267334,4.097999572753906,0.01870039477944374,4.097999572753906,14.002857889980078,6.171762466430664,5069.572162786696,1.5452395677566528,0.00033457473714285714,16,2048,,5358.405385971069
adammini-galore2-r8,adammini,galore2,8,1.1B,sdpa,666,829,27197440,2.590096950531006,13.33106399427888,nan,nan,nan,nan,22.217557430267334,4.097999572753906,0.01870039477944374,4.097999572753906,14.002857889980078,6.160611391067505,5069.829213269998,1.6282683610916138,0.00033428902857142857,16,2048,,5364.596994876862
adammini-galore2-r8,adammini,galore2,8,1.1B,sdpa,666,830,27230208,2.263123035430908,9.6130642760708,nan,nan,nan,nan,22.217557430267334,4.097999572753906,0.01870039477944374,4.097999572753906,14.002857889980078,6.156358003616333,5070.089805859003,1.5647119283676147,0.00033400332,16,2048,,5370.784175395966
adammini-galore2-r8,adammini,galore2,8,1.1B,sdpa,666,831,27262976,2.428039789199829,11.336638085252318,nan,nan,nan,nan,22.217557430267334,4.097999572753906,0.01870039477944374,4.097999572753906,14.002857889980078,6.1691343784332275,5070.337411844568,1.4261763095855713,0.0003337176114285715,16,2048,,5376.98481297493
adammini-galore2-r8,adammini,galore2,8,1.1B,sdpa,666,832,27295744,2.4276909828186035,11.332684483107451,nan,nan,nan,nan,22.217557430267334,4.097999572753906,0.01870039477944374,4.097999572753906,14.002857889980078,6.183946371078491,5070.570578402932,1.5499682426452637,0.00033343190285714286,16,2048,,5383.199741840363
adammini-galore2-r8,adammini,galore2,8,1.1B,sdpa,666,833,27328512,2.356436252593994,10.553275150953874,nan,nan,nan,nan,22.217557430267334,4.097999572753906,0.01870039477944374,4.097999572753906,14.002857889980078,6.175056457519531,5070.811756889839,1.4862903356552124,0.0003331461942857143,16,2048,,5389.405804634094
adammini-galore2-r8,adammini,galore2,8,1.1B,sdpa,666,834,27361280,2.2656171321868896,9.637070112492099,nan,nan,nan,nan,22.217557430267334,4.097999572753906,0.01870039477944374,4.097999572753906,14.002857889980078,6.189516067504883,5071.038973769748,1.4536640644073486,0.0003328604857142857,16,2048,,5395.625643968582
adammini-galore2-r8,adammini,galore2,8,1.1B,sdpa,666,835,27394048,2.3449714183807373,10.432974531981628,nan,nan,nan,nan,22.217557430267334,4.097999572753906,0.01870039477944374,4.097999572753906,14.002857889980078,6.2162322998046875,5071.240893624306,1.5358259677886963,0.00033257477714285715,16,2048,,5401.872336626053
adammini-galore2-r8,adammini,galore2,8,1.1B,sdpa,666,836,27426816,2.512129783630371,12.33116482639692,nan,nan,nan,nan,22.217557430267334,4.097999572753906,0.01870039477944374,4.097999572753906,14.002857889980078,6.218543767929077,5071.440151712921,1.6674870252609253,0.0003322890685714286,16,2048,,5408.121474742889
adammini-galore2-r8,adammini,galore2,8,1.1B,sdpa,666,837,27459584,2.3794374465942383,10.798826238399677,nan,nan,nan,nan,22.217557430267334,4.097999572753906,0.01870039477944374,4.097999572753906,14.002857889980078,6.21952748298645,5071.637962962866,1.4420270919799805,0.00033200335999999996,16,2048,,5414.371495246887
adammini-galore2-r8,adammini,galore2,8,1.1B,sdpa,666,838,27492352,2.311199188232422,10.08651303318008,nan,nan,nan,nan,22.217557430267334,4.097999572753906,0.01870039477944374,4.097999572753906,14.002857889980078,6.221409559249878,5071.833468279455,1.4853851795196533,0.00033171765142857144,16,2048,,5420.623820066452
adammini-galore2-r8,adammini,galore2,8,1.1B,sdpa,666,839,27525120,2.4686501026153564,11.806498528283019,nan,nan,nan,nan,22.217557430267334,4.097999572753906,0.01870039477944374,4.097999572753906,14.002857889980078,6.1759796142578125,5072.070943463486,1.512279748916626,0.0003314319428571428,16,2048,,5426.830619573593
adammini-galore2-r8,adammini,galore2,8,1.1B,sdpa,666,840,27557888,2.2787506580352783,9.764473619233046,nan,nan,nan,nan,22.217557430267334,4.097999572753906,0.01870039477944374,4.097999572753906,14.002857889980078,6.178528547286987,5072.305373263636,1.5552407503128052,0.00033114623428571435,16,2048,,5433.039868593216
adammini-galore2-r8,adammini,galore2,8,1.1B,sdpa,666,841,27590656,3.736052989959717,41.932156464073195,nan,nan,nan,nan,22.217557430267334,4.097999572753906,0.01870039477944374,4.097999572753906,14.002857889980078,6.170620918273926,5072.546361547721,2.2272346019744873,0.00033086052571428573,16,2048,,5439.241725921631
adammini-galore2-r8,adammini,galore2,8,1.1B,sdpa,666,842,27623424,2.528402328491211,12.533465770801897,nan,nan,nan,nan,22.217557430267334,4.097999572753906,0.01870039477944374,4.097999572753906,14.002857889980078,6.1829752922058105,5072.775663766951,1.7265186309814453,0.00033057481714285716,16,2048,,5445.455282688141
adammini-galore2-r8,adammini,galore2,8,1.1B,sdpa,666,843,27656192,2.356254816055298,10.55136057493085,nan,nan,nan,nan,22.217557430267334,4.097999572753906,0.01870039477944374,4.097999572753906,14.002857889980078,6.1700639724731445,5073.0165224482525,1.564887285232544,0.0003302891085714286,16,2048,,5451.656219244003
adammini-galore2-r8,adammini,galore2,8,1.1B,sdpa,666,844,27688960,2.3522863388061523,10.50957071643808,nan,nan,nan,nan,22.217557430267334,4.097999572753906,0.01870039477944374,4.097999572753906,14.002857889980078,6.174309730529785,5073.252672503959,1.923617959022522,0.00033000339999999996,16,2048,,5457.861543893814
adammini-galore2-r8,adammini,galore2,8,1.1B,sdpa,666,845,27721728,2.5565667152404785,12.89148112403782,nan,nan,nan,nan,22.217557430267334,4.097999572753906,0.01870039477944374,4.097999572753906,14.002857889980078,6.181156635284424,5073.481780365817,2.0969483852386475,0.00032971769142857145,16,2048,,5464.07354426384
adammini-galore2-r8,adammini,galore2,8,1.1B,sdpa,666,846,27754496,2.4584596157073975,11.686795511502782,nan,nan,nan,nan,22.217557430267334,4.097999572753906,0.01870039477944374,4.097999572753906,14.002857889980078,6.187758445739746,5073.704521050833,1.499459147453308,0.0003294319828571428,16,2048,,5470.292150735855
adammini-galore2-r8,adammini,galore2,8,1.1B,sdpa,666,847,27787264,2.442025661468506,11.496304793945162,nan,nan,nan,nan,22.217557430267334,4.097999572753906,0.01870039477944374,4.097999572753906,14.002857889980078,6.181639671325684,5073.932423582307,2.26863956451416,0.0003291462742857143,16,2048,,5476.504332304001
adammini-galore2-r8,adammini,galore2,8,1.1B,sdpa,666,848,27820032,2.317307949066162,10.148317711749305,nan,nan,nan,nan,22.217557430267334,4.097999572753906,0.01870039477944374,4.097999572753906,14.002857889980078,6.18721604347229,5074.154791768066,1.4227982759475708,0.00032886056571428574,16,2048,,5482.722359418869
adammini-galore2-r8,adammini,galore2,8,1.1B,sdpa,666,849,27852800,2.3820748329162598,10.827344505327654,nan,nan,nan,nan,22.217557430267334,4.097999572753906,0.01870039477944374,4.097999572753906,14.002857889980078,6.1844470500946045,5074.378973357405,1.559512734413147,0.00032857485714285717,16,2048,,5488.937655925751
adammini-galore2-r8,adammini,galore2,8,1.1B,sdpa,666,850,27885568,2.378387689590454,10.787496042939768,2.485131155775005,12.002694374284317,nan,nan,22.217557430267334,4.097999572753906,0.01870039477944374,4.097999572753906,14.002857889980078,6.191112041473389,5074.596564219144,1.5668638944625854,0.0003282891485714286,16,2048,,5507.4651935100555
adammini-galore2-r8,adammini,galore2,8,1.1B,sdpa,666,851,27918336,2.410524368286133,11.139800972165064,nan,nan,nan,nan,22.217557430267334,4.097999572753906,0.01870039477944374,4.097999572753906,14.002857889980078,6.177306890487671,5063.4992243370325,1.5841131210327148,0.00032800344000000003,16,2048,,5513.674200057983
adammini-galore2-r8,adammini,galore2,8,1.1B,sdpa,666,852,27951104,2.439460277557373,11.466850155970372,nan,nan,nan,nan,22.217557430267334,4.097999572753906,0.01870039477944374,4.097999572753906,14.002857889980078,6.171081781387329,5063.746540360194,1.541408658027649,0.00032771773142857146,16,2048,,5519.87592625618
adammini-galore2-r8,adammini,galore2,8,1.1B,sdpa,666,853,27983872,2.4212636947631836,11.260079631583038,nan,nan,nan,nan,22.217557430267334,4.097999572753906,0.01870039477944374,4.097999572753906,14.002857889980078,6.208740234375,5063.95897097512,1.4563062191009521,0.00032743202285714283,16,2048,,5526.115478277206
adammini-galore2-r8,adammini,galore2,8,1.1B,sdpa,666,854,28016640,2.449181318283081,11.578863434060805,nan,nan,nan,nan,22.217557430267334,4.097999572753906,0.01870039477944374,4.097999572753906,14.002857889980078,6.182366847991943,5064.19476933202,1.4783861637115479,0.0003271463142857143,16,2048,,5532.32864689827
adammini-galore2-r8,adammini,galore2,8,1.1B,sdpa,666,855,28049408,2.3232381343841553,10.208677913144916,nan,nan,nan,nan,22.217557430267334,4.097999572753906,0.01870039477944374,4.097999572753906,14.002857889980078,6.189262628555298,5064.423704134578,1.4564191102981567,0.0003268606057142857,16,2048,,5538.54878950119
adammini-galore2-r8,adammini,galore2,8,1.1B,sdpa,666,856,28082176,2.5642435550689697,12.990827806155576,nan,nan,nan,nan,22.217557430267334,4.097999572753906,0.01870039477944374,4.097999572753906,14.002857889980078,6.17818808555603,5064.662236184974,1.4854835271835327,0.0003265748971428572,16,2048,,5544.757884025574
adammini-galore2-r8,adammini,galore2,8,1.1B,sdpa,666,857,28114944,2.3650646209716797,10.644726667865532,nan,nan,nan,nan,22.217557430267334,4.097999572753906,0.01870039477944374,4.097999572753906,14.002857889980078,6.1805219650268555,5064.898149679562,1.4381057024002075,0.0003262891885714286,16,2048,,5550.9690845012665
adammini-galore2-r8,adammini,galore2,8,1.1B,sdpa,666,858,28147712,2.457139730453491,11.671380457730688,nan,nan,nan,nan,22.217557430267334,4.097999572753906,0.01870039477944374,4.097999572753906,14.002857889980078,6.176251173019409,5065.1374945326015,1.444118857383728,0.00032600348000000004,16,2048,,5557.176151514053
adammini-galore2-r8,adammini,galore2,8,1.1B,sdpa,666,859,28180480,2.3083465099334717,10.057780458219709,nan,nan,nan,nan,22.217557430267334,4.097999572753906,0.01870039477944374,4.097999572753906,14.002857889980078,6.183300733566284,5065.369921717889,1.5406712293624878,0.00032571777142857147,16,2048,,5563.390258073807
adammini-galore2-r8,adammini,galore2,8,1.1B,sdpa,666,860,28213248,2.8078722953796387,16.574614790001625,nan,nan,nan,nan,22.217557430267334,4.097999572753906,0.01870039477944374,4.097999572753906,14.002857889980078,6.178033113479614,5065.606513679773,2.377758264541626,0.00032543206285714284,16,2048,,5569.5991151332855
adammini-galore2-r8,adammini,galore2,8,1.1B,sdpa,666,861,28246016,2.3577773571014404,10.56743769042722,nan,nan,nan,nan,22.217557430267334,4.097999572753906,0.01870039477944374,4.097999572753906,14.002857889980078,6.2049431800842285,5065.817620602021,1.5595288276672363,0.0003251463542857143,16,2048,,5575.835376262665
adammini-galore2-r8,adammini,galore2,8,1.1B,sdpa,666,862,28278784,2.4712252616882324,11.836941320780369,nan,nan,nan,nan,22.217557430267334,4.097999572753906,0.01870039477944374,4.097999572753906,14.002857889980078,6.190999269485474,5066.041612698006,1.5021142959594727,0.0003248606457142857,16,2048,,5582.057089090347
adammini-galore2-r8,adammini,galore2,8,1.1B,sdpa,666,863,28311552,2.369338274002075,10.690315883104134,nan,nan,nan,nan,22.217557430267334,4.097999572753906,0.01870039477944374,4.097999572753906,14.002857889980078,6.182088613510132,5066.2727032332905,2.0795929431915283,0.00032457493714285713,16,2048,,5588.270531654358
adammini-galore2-r8,adammini,galore2,8,1.1B,sdpa,666,864,28344320,2.4376542568206787,11.446159476326287,nan,nan,nan,nan,22.217557430267334,4.097999572753906,0.01870039477944374,4.097999572753906,14.002857889980078,6.199458837509155,5066.486219905268,1.476041555404663,0.00032428922857142856,16,2048,,5594.502443552017
adammini-galore2-r8,adammini,galore2,8,1.1B,sdpa,666,865,28377088,2.4699466228485107,11.821815819951274,nan,nan,nan,nan,22.217557430267334,4.097999572753906,0.01870039477944374,4.097999572753906,14.002857889980078,6.198140621185303,5066.701397992009,1.483271837234497,0.00032400352,16,2048,,5600.732178688049
adammini-galore2-r8,adammini,galore2,8,1.1B,sdpa,666,866,28409856,2.3787155151367188,10.791033039450102,nan,nan,nan,nan,22.217557430267334,4.097999572753906,0.01870039477944374,4.097999572753906,14.002857889980078,6.2028748989105225,5066.9123873404005,1.5248017311096191,0.0003237178114285714,16,2048,,5606.966096162796
adammini-galore2-r8,adammini,galore2,8,1.1B,sdpa,666,867,28442624,2.502981424331665,12.218869342898321,nan,nan,nan,nan,22.217557430267334,4.097999572753906,0.01870039477944374,4.097999572753906,14.002857889980078,6.19286036491394,5067.132048254777,1.7534723281860352,0.00032343210285714285,16,2048,,5613.189606428146
adammini-galore2-r8,adammini,galore2,8,1.1B,sdpa,666,868,28475392,2.5527257919311523,12.842060904090896,nan,nan,nan,nan,22.217557430267334,4.097999572753906,0.01870039477944374,4.097999572753906,14.002857889980078,6.154359817504883,5067.386138784224,1.5756797790527344,0.00032314639428571433,16,2048,,5619.374502182007
adammini-galore2-r8,adammini,galore2,8,1.1B,sdpa,666,869,28508160,2.3394036293029785,10.375047343165015,nan,nan,nan,nan,22.217557430267334,4.097999572753906,0.01870039477944374,4.097999572753906,14.002857889980078,6.174361228942871,5067.621642071407,1.5490504503250122,0.0003228606857142857,16,2048,,5625.5797028541565
adammini-galore2-r8,adammini,galore2,8,1.1B,sdpa,666,870,28540928,2.4400599002838135,11.473728001774829,nan,nan,nan,nan,22.217557430267334,4.097999572753906,0.01870039477944374,4.097999572753906,14.002857889980078,6.175232648849487,5067.855597445737,1.7965152263641357,0.00032257497714285714,16,2048,,5631.785872459412
adammini-galore2-r8,adammini,galore2,8,1.1B,sdpa,666,871,28573696,2.489149808883667,12.051026088495943,nan,nan,nan,nan,22.217557430267334,4.097999572753906,0.01870039477944374,4.097999572753906,14.002857889980078,6.182666540145874,5068.082028222496,1.5316916704177856,0.00032228926857142857,16,2048,,5637.999821186066
adammini-galore2-r8,adammini,galore2,8,1.1B,sdpa,666,872,28606464,2.2598519325256348,9.581670327999367,nan,nan,nan,nan,22.217557430267334,4.097999572753906,0.01870039477944374,4.097999572753906,14.002857889980078,6.188254356384277,5068.30341181275,1.7878681421279907,0.00032200356000000005,16,2048,,5644.218834161758
adammini-galore2-r8,adammini,galore2,8,1.1B,sdpa,666,873,28639232,2.6632883548736572,14.343377750277059,nan,nan,nan,nan,22.217557430267334,4.097999572753906,0.01870039477944374,4.097999572753906,14.002857889980078,6.178999900817871,5068.532580003396,1.966145634651184,0.0003217178514285715,16,2048,,5650.42834687233
adammini-galore2-r8,adammini,galore2,8,1.1B,sdpa,666,874,28672000,2.350194215774536,10.487606385542541,nan,nan,nan,nan,22.217557430267334,4.097999572753906,0.01870039477944374,4.097999572753906,14.002857889980078,6.178808212280273,5068.761646681282,1.8144862651824951,0.00032143214285714286,16,2048,,5656.638064622879
adammini-galore2-r8,adammini,galore2,8,1.1B,sdpa,666,875,28704768,2.0033295154571533,7.4136990772490945,nan,nan,nan,nan,22.217557430267334,4.097999572753906,0.01870039477944374,4.097999572753906,14.002857889980078,6.170133590698242,5068.997697475905,1.4213505983352661,0.00032114643428571434,16,2048,,5662.838944911957
adammini-galore2-r8,adammini,galore2,8,1.1B,sdpa,666,876,28737536,2.5400960445404053,12.680888842488786,nan,nan,nan,nan,22.217557430267334,4.097999572753906,0.01870039477944374,4.097999572753906,14.002857889980078,6.20932149887085,5069.198258688427,1.5758975744247437,0.0003208607257142857,16,2048,,5669.078916788101
adammini-galore2-r8,adammini,galore2,8,1.1B,sdpa,666,877,28770304,2.249887228012085,9.48666594585542,nan,nan,nan,nan,22.217557430267334,4.097999572753906,0.01870039477944374,4.097999572753906,14.002857889980078,6.206545114517212,5069.400884820895,1.5965521335601807,0.00032057501714285715,16,2048,,5675.3163626194
adammini-galore2-r8,adammini,galore2,8,1.1B,sdpa,666,878,28803072,2.252976417541504,9.516017367674992,nan,nan,nan,nan,22.217557430267334,4.097999572753906,0.01870039477944374,4.097999572753906,14.002857889980078,6.169314622879028,5069.6361781966,1.5722824335098267,0.0003202893085714286,16,2048,,5681.516377687454
adammini-galore2-r8,adammini,galore2,8,1.1B,sdpa,666,879,28835840,2.3524177074432373,10.510951435109027,nan,nan,nan,nan,22.217557430267334,4.097999572753906,0.01870039477944374,4.097999572753906,14.002857889980078,6.181257963180542,5069.860409288679,1.5931522846221924,0.0003200036,16,2048,,5687.728559494019
adammini-galore2-r8,adammini,galore2,8,1.1B,sdpa,666,880,28868608,2.3239314556121826,10.215758260446112,nan,nan,nan,nan,22.217557430267334,4.097999572753906,0.01870039477944374,4.097999572753906,14.002857889980078,6.18431544303894,5070.081432008959,1.6336753368377686,0.00031971789142857144,16,2048,,5693.943695783615
adammini-galore2-r8,adammini,galore2,8,1.1B,sdpa,666,881,28901376,2.439225673675537,11.46416030394855,nan,nan,nan,nan,22.217557430267334,4.097999572753906,0.01870039477944374,4.097999572753906,14.002857889980078,6.181939363479614,5070.303591518491,1.5442261695861816,0.0003194321828571428,16,2048,,5700.156965970993
adammini-galore2-r8,adammini,galore2,8,1.1B,sdpa,666,882,28934144,2.520221471786499,12.431349551916599,nan,nan,nan,nan,22.217557430267334,4.097999572753906,0.01870039477944374,4.097999572753906,14.002857889980078,6.174722909927368,5070.5319543994565,1.7287930250167847,0.0003191464742857143,16,2048,,5706.36269402504
adammini-galore2-r8,adammini,galore2,8,1.1B,sdpa,666,883,28966912,2.4787468910217285,11.926310083857155,nan,nan,nan,nan,22.217557430267334,4.097999572753906,0.01870039477944374,4.097999572753906,14.002857889980078,6.170684099197388,5070.76339984549,1.6190176010131836,0.00031886076571428567,16,2048,,5712.564621448517
adammini-galore2-r8,adammini,galore2,8,1.1B,sdpa,666,884,28999680,2.2732958793640137,9.71135558207561,nan,nan,nan,nan,22.217557430267334,4.097999572753906,0.01870039477944374,4.097999572753906,14.002857889980078,6.173599004745483,5070.991620302018,1.517350435256958,0.0003185750571428571,16,2048,,5718.768960237503
adammini-galore2-r8,adammini,galore2,8,1.1B,sdpa,666,885,29032448,2.355506658554077,10.543469447639751,nan,nan,nan,nan,22.217557430267334,4.097999572753906,0.01870039477944374,4.097999572753906,14.002857889980078,6.174534320831299,5071.218953875804,1.5288596153259277,0.0003182893485714286,16,2048,,5724.974353790283
adammini-galore2-r8,adammini,galore2,8,1.1B,sdpa,666,886,29065216,2.3871097564697266,10.881996826874477,nan,nan,nan,nan,22.217557430267334,4.097999572753906,0.01870039477944374,4.097999572753906,14.002857889980078,6.19791316986084,5071.424890212318,1.5471848249435425,0.00031800364,16,2048,,5731.202912330627
adammini-galore2-r8,adammini,galore2,8,1.1B,sdpa,666,887,29097984,2.4480152130126953,11.56536912980406,nan,nan,nan,nan,22.217557430267334,4.097999572753906,0.01870039477944374,4.097999572753906,14.002857889980078,6.189754247665405,5071.637820441559,1.4351691007614136,0.00031771793142857145,16,2048,,5737.423508644104
adammini-galore2-r8,adammini,galore2,8,1.1B,sdpa,666,888,29130752,2.361389636993408,10.605679261151325,nan,nan,nan,nan,22.217557430267334,4.097999572753906,0.01870039477944374,4.097999572753906,14.002857889980078,6.169578313827515,5071.867928228549,1.6221104860305786,0.0003174322228571429,16,2048,,5743.623996257782
adammini-galore2-r8,adammini,galore2,8,1.1B,sdpa,666,889,29163520,2.374833583831787,10.749224192520376,nan,nan,nan,nan,22.217557430267334,4.097999572753906,0.01870039477944374,4.097999572753906,14.002857889980078,6.18499231338501,5072.083853778922,1.5519683361053467,0.00031714651428571436,16,2048,,5749.839966058731
adammini-galore2-r8,adammini,galore2,8,1.1B,sdpa,666,890,29196288,2.4894564151763916,12.054721575429289,nan,nan,nan,nan,22.217557430267334,4.097999572753906,0.01870039477944374,4.097999572753906,14.002857889980078,6.195159673690796,5072.285876391427,1.4712467193603516,0.00031686080571428573,16,2048,,5756.071024894714
adammini-galore2-r8,adammini,galore2,8,1.1B,sdpa,666,891,29229056,2.6184639930725098,13.714641613669139,nan,nan,nan,nan,22.217557430267334,4.097999572753906,0.01870039477944374,4.097999572753906,14.002857889980078,6.191030502319336,5072.494752626728,1.7492783069610596,0.00031657509714285716,16,2048,,5762.29399728775
adammini-galore2-r8,adammini,galore2,8,1.1B,sdpa,666,892,29261824,2.133270740509033,8.442434716353908,nan,nan,nan,nan,22.217557430267334,4.097999572753906,0.01870039477944374,4.097999572753906,14.002857889980078,6.1800408363342285,5072.712023812078,1.504822015762329,0.0003162893885714286,16,2048,,5768.506457090378
adammini-galore2-r8,adammini,galore2,8,1.1B,sdpa,666,893,29294592,2.4990594387054443,12.171040965379262,nan,nan,nan,nan,22.217557430267334,4.097999572753906,0.01870039477944374,4.097999572753906,14.002857889980078,6.202083587646484,5072.90895750566,1.5102015733718872,0.00031600368,16,2048,,5774.7424058914185
adammini-galore2-r8,adammini,galore2,8,1.1B,sdpa,666,894,29327360,2.274740695953369,9.725396850812137,nan,nan,nan,nan,22.217557430267334,4.097999572753906,0.01870039477944374,4.097999572753906,14.002857889980078,6.1930742263793945,5073.113553575708,1.4658637046813965,0.00031571797142857145,16,2048,,5780.968659877777
adammini-galore2-r8,adammini,galore2,8,1.1B,sdpa,666,895,29360128,2.3912525177001953,10.927171851499672,nan,nan,nan,nan,22.217557430267334,4.097999572753906,0.01870039477944374,4.097999572753906,14.002857889980078,6.177583694458008,5073.329392444236,1.6233384609222412,0.00031543226285714283,16,2048,,5787.181453466415
adammini-galore2-r8,adammini,galore2,8,1.1B,sdpa,666,896,29392896,2.312953233718872,10.104220761380235,nan,nan,nan,nan,22.217557430267334,4.097999572753906,0.01870039477944374,4.097999572753906,14.002857889980078,6.196569442749023,5073.532031890971,1.503979206085205,0.0003151465542857143,16,2048,,5793.408891201019
adammini-galore2-r8,adammini,galore2,8,1.1B,sdpa,666,897,29425664,2.3935353755950928,10.952145526860015,nan,nan,nan,nan,22.217557430267334,4.097999572753906,0.01870039477944374,4.097999572753906,14.002857889980078,6.2090959548950195,5073.723490641876,1.4334254264831543,0.0003148608457142857,16,2048,,5799.648847579956
adammini-galore2-r8,adammini,galore2,8,1.1B,sdpa,666,898,29458432,2.47078537940979,11.831735605097375,nan,nan,nan,nan,22.217557430267334,4.097999572753906,0.01870039477944374,4.097999572753906,14.002857889980078,6.196669578552246,5073.9251336702055,1.761397361755371,0.00031457513714285717,16,2048,,5805.876377820969
adammini-galore2-r8,adammini,galore2,8,1.1B,sdpa,666,899,29491200,2.358363628387451,10.573634892155033,nan,nan,nan,nan,22.217557430267334,4.097999572753906,0.01870039477944374,4.097999572753906,14.002857889980078,6.1793859004974365,5074.1414646307885,1.5387537479400635,0.00031428942857142855,16,2048,,5812.086575508118
adammini-galore2-r8,adammini,galore2,8,1.1B,sdpa,666,900,29523968,2.440647602081299,11.480473114208538,2.490028351119035,12.06161807596711,nan,nan,22.217557430267334,4.097999572753906,0.01870039477944374,4.097999572753906,14.002857889980078,6.541799545288086,5074.041496732617,2.209568500518799,0.00031400372,16,2048,,5831.390995979309
adammini-galore2-r8,adammini,galore2,8,1.1B,sdpa,666,901,29556736,2.563901424407959,12.986384005874688,nan,nan,nan,nan,22.217557430267334,4.097999572753906,0.01870039477944374,4.097999572753906,14.002857889980078,6.179352521896362,5063.189377389911,1.7492419481277466,0.0003137180114285714,16,2048,,5837.602153301239
adammini-galore2-r8,adammini,galore2,8,1.1B,sdpa,666,902,29589504,2.699054002761841,14.865662195673686,nan,nan,nan,nan,22.217557430267334,4.097999572753906,0.01870039477944374,4.097999572753906,14.002857889980078,6.177052974700928,5063.418131320615,2.703176498413086,0.0003134323028571428,16,2048,,5843.810071229935
adammini-galore2-r8,adammini,galore2,8,1.1B,sdpa,666,903,29622272,2.25015926361084,9.489247007760632,nan,nan,nan,nan,22.217557430267334,4.097999572753906,0.01870039477944374,4.097999572753906,14.002857889980078,6.193430423736572,5063.6320623893025,1.8840413093566895,0.0003131465942857143,16,2048,,5850.034389734268
adammini-galore2-r8,adammini,galore2,8,1.1B,sdpa,666,904,29655040,2.4074599742889404,11.105716483759437,nan,nan,nan,nan,22.217557430267334,4.097999572753906,0.01870039477944374,4.097999572753906,14.002857889980078,6.189692497253418,5063.848866110185,1.6255316734313965,0.00031286088571428575,16,2048,,5856.2549521923065
adammini-galore2-r8,adammini,galore2,8,1.1B,sdpa,666,905,29687808,2.5303471088409424,12.557864325972353,nan,nan,nan,nan,22.217557430267334,4.097999572753906,0.01870039477944374,4.097999572753906,14.002857889980078,6.1954505443573,5064.060111261952,1.772791862487793,0.00031257517714285724,16,2048,,5862.481260061264
adammini-galore2-r8,adammini,galore2,8,1.1B,sdpa,666,906,29720576,2.6050755977630615,13.532248271778615,nan,nan,nan,nan,22.217557430267334,4.097999572753906,0.01870039477944374,4.097999572753906,14.002857889980078,6.223116397857666,5064.247148713109,1.8381303548812866,0.0003122894685714286,16,2048,,5868.735268115997
adammini-galore2-r8,adammini,galore2,8,1.1B,sdpa,666,907,29753344,2.3154890537261963,10.129875761028439,nan,nan,nan,nan,22.217557430267334,4.097999572753906,0.01870039477944374,4.097999572753906,14.002857889980078,6.15458869934082,5064.492849536192,1.8101379871368408,0.00031200376000000004,16,2048,,5874.92088842392
adammini-galore2-r8,adammini,galore2,8,1.1B,sdpa,666,908,29786112,2.5322396755218506,12.581653425707152,nan,nan,nan,nan,22.217557430267334,4.097999572753906,0.01870039477944374,4.097999572753906,14.002857889980078,6.184507131576538,5064.711997108451,1.6345511674880981,0.00031171805142857147,16,2048,,5881.136209487915
adammini-galore2-r8,adammini,galore2,8,1.1B,sdpa,666,909,29818880,2.5814414024353027,13.216174262787572,nan,nan,nan,nan,22.217557430267334,4.097999572753906,0.01870039477944374,4.097999572753906,14.002857889980078,6.202318906784058,5064.915636447738,1.517749309539795,0.00031143234285714285,16,2048,,5887.369247198105
adammini-galore2-r8,adammini,galore2,8,1.1B,sdpa,666,910,29851648,2.2421131134033203,9.413201448245898,nan,nan,nan,nan,22.217557430267334,4.097999572753906,0.01870039477944374,4.097999572753906,14.002857889980078,6.157209634780884,5065.157796008643,1.4709192514419556,0.00031114663428571433,16,2048,,5893.557388782501
adammini-galore2-r8,adammini,galore2,8,1.1B,sdpa,666,911,29884416,2.5361428260803223,12.630857476243943,nan,nan,nan,nan,22.217557430267334,4.097999572753906,0.01870039477944374,4.097999572753906,14.002857889980078,6.178805828094482,5065.3801890749955,1.629542589187622,0.0003108609257142857,16,2048,,5899.767769098282
adammini-galore2-r8,adammini,galore2,8,1.1B,sdpa,666,912,29917184,2.3529343605041504,10.51638335342887,nan,nan,nan,nan,22.217557430267334,4.097999572753906,0.01870039477944374,4.097999572753906,14.002857889980078,6.187526702880859,5065.5950035615115,1.717560052871704,0.0003105752171428572,16,2048,,5905.986018657684
adammini-galore2-r8,adammini,galore2,8,1.1B,sdpa,666,913,29949952,2.4241087436676025,11.29216072330046,nan,nan,nan,nan,22.217557430267334,4.097999572753906,0.01870039477944374,4.097999572753906,14.002857889980078,6.172210693359375,5065.82276519916,1.6290764808654785,0.00031028950857142856,16,2048,,5912.189048528671
adammini-galore2-r8,adammini,galore2,8,1.1B,sdpa,666,914,29982720,2.172307252883911,8.778514946785311,nan,nan,nan,nan,22.217557430267334,4.097999572753906,0.01870039477944374,4.097999572753906,14.002857889980078,6.172698736190796,5066.049487570451,1.6385704278945923,0.0003100038,16,2048,,5918.392593383789
adammini-galore2-r8,adammini,galore2,8,1.1B,sdpa,666,915,30015488,2.331090211868286,10.289152777089543,nan,nan,nan,nan,22.217557430267334,4.097999572753906,0.01870039477944374,4.097999572753906,14.002857889980078,6.177777528762817,5066.2713654100635,1.5876727104187012,0.0003097180914285714,16,2048,,5924.601416349411
adammini-galore2-r8,adammini,galore2,8,1.1B,sdpa,666,916,30048256,2.338956117630005,10.370405427104574,nan,nan,nan,nan,22.217557430267334,4.097999572753906,0.01870039477944374,4.097999572753906,14.002857889980078,6.184948682785034,5066.4866660430735,1.5003607273101807,0.00030943238285714285,16,2048,,5930.817283153534
adammini-galore2-r8,adammini,galore2,8,1.1B,sdpa,666,917,30081024,2.3870456218719482,10.88129893676465,nan,nan,nan,nan,22.217557430267334,4.097999572753906,0.01870039477944374,4.097999572753906,14.002857889980078,6.201899528503418,5066.687039688516,1.6629209518432617,0.0003091466742857143,16,2048,,5937.050110578537
adammini-galore2-r8,adammini,galore2,8,1.1B,sdpa,666,918,30113792,2.575253486633301,13.134646193782475,nan,nan,nan,nan,22.217557430267334,4.097999572753906,0.01870039477944374,4.097999572753906,14.002857889980078,6.234473705291748,5066.856583561912,1.7878992557525635,0.00030886096571428566,16,2048,,5943.318309307098
adammini-galore2-r8,adammini,galore2,8,1.1B,sdpa,666,919,30146560,2.520695209503174,12.437240146256698,nan,nan,nan,nan,22.217557430267334,4.097999572753906,0.01870039477944374,4.097999572753906,14.002857889980078,6.16882848739624,5067.084470516327,1.518162488937378,0.00030857525714285714,16,2048,,5949.51788687706
adammini-galore2-r8,adammini,galore2,8,1.1B,sdpa,666,920,30179328,2.480450391769409,11.946643876400232,nan,nan,nan,nan,22.217557430267334,4.097999572753906,0.01870039477944374,4.097999572753906,14.002857889980078,6.188421964645386,5067.295157286827,1.4756040573120117,0.0003082895485714286,16,2048,,5955.737219810486
adammini-galore2-r8,adammini,galore2,8,1.1B,sdpa,666,921,30212096,2.450089931488037,11.589388923350521,nan,nan,nan,nan,22.217557430267334,4.097999572753906,0.01870039477944374,4.097999572753906,14.002857889980078,6.185061454772949,5067.507772675241,1.6390798091888428,0.00030800384,16,2048,,5961.9536163806915
adammini-galore2-r8,adammini,galore2,8,1.1B,sdpa,666,922,30244864,2.411463975906372,11.150272933043137,nan,nan,nan,nan,22.217557430267334,4.097999572753906,0.01870039477944374,4.097999572753906,14.002857889980078,6.1906092166900635,5067.715548582123,1.5557962656021118,0.0003077181314285715,16,2048,,5968.174945354462
adammini-galore2-r8,adammini,galore2,8,1.1B,sdpa,666,923,30277632,2.3772008419036865,10.774700522883869,nan,nan,nan,nan,22.217557430267334,4.097999572753906,0.01870039477944374,4.097999572753906,14.002857889980078,6.199367523193359,5067.91571953054,1.482120394706726,0.0003074324228571429,16,2048,,5974.405071973801
adammini-galore2-r8,adammini,galore2,8,1.1B,sdpa,666,924,30310400,2.3425967693328857,10.408229271226068,nan,nan,nan,nan,22.217557430267334,4.097999572753906,0.01870039477944374,4.097999572753906,14.002857889980078,6.184073209762573,5068.12837768605,1.5984090566635132,0.00030714671428571435,16,2048,,5980.619996547699
adammini-galore2-r8,adammini,galore2,8,1.1B,sdpa,666,925,30343168,2.344679832458496,10.429932866955903,nan,nan,nan,nan,22.217557430267334,4.097999572753906,0.01870039477944374,4.097999572753906,14.002857889980078,6.179922342300415,5068.34396972656,1.5150729417800903,0.0003068610057142857,16,2048,,5986.830814838409
adammini-galore2-r8,adammini,galore2,8,1.1B,sdpa,666,926,30375936,2.5594329833984375,12.92848457146066,nan,nan,nan,nan,22.217557430267334,4.097999572753906,0.01870039477944374,4.097999572753906,14.002857889980078,6.175614595413208,5068.562922708236,1.647945523262024,0.0003065752971428572,16,2048,,5993.037150859833
adammini-galore2-r8,adammini,galore2,8,1.1B,sdpa,666,927,30408704,2.730926036834717,15.347092414414318,nan,nan,nan,nan,22.217557430267334,4.097999572753906,0.01870039477944374,4.097999572753906,14.002857889980078,6.208327054977417,5068.753573105105,1.8056108951568604,0.0003062895885714286,16,2048,,5999.276336669922
adammini-galore2-r8,adammini,galore2,8,1.1B,sdpa,666,928,30441472,2.1578845977783203,8.652814102275032,nan,nan,nan,nan,22.217557430267334,4.097999572753906,0.01870039477944374,4.097999572753906,14.002857889980078,6.208076238632202,5068.944107278091,1.5770480632781982,0.00030600388,16,2048,,6005.515310764313
adammini-galore2-r8,adammini,galore2,8,1.1B,sdpa,666,929,30474240,2.1575629711151123,8.65003157403958,nan,nan,nan,nan,22.217557430267334,4.097999572753906,0.01870039477944374,4.097999572753906,14.002857889980078,6.199199676513672,5069.141820440352,1.4727213382720947,0.00030571817142857144,16,2048,,6011.74526309967
adammini-galore2-r8,adammini,galore2,8,1.1B,sdpa,666,930,30507008,2.2325439453125,9.323554548512934,nan,nan,nan,nan,22.217557430267334,4.097999572753906,0.01870039477944374,4.097999572753906,14.002857889980078,6.172948360443115,5069.361229637536,1.8429062366485596,0.00030543246285714287,16,2048,,6017.949010372162
adammini-galore2-r8,adammini,galore2,8,1.1B,sdpa,666,931,30539776,2.4305105209350586,11.364682507596036,nan,nan,nan,nan,22.217557430267334,4.097999572753906,0.01870039477944374,4.097999572753906,14.002857889980078,6.418829441070557,5069.37298710649,1.529937744140625,0.0003051467542857143,16,2048,,6024.399214744568
adammini-galore2-r8,adammini,galore2,8,1.1B,sdpa,666,932,30572544,2.6351025104522705,13.944741871693015,nan,nan,nan,nan,22.217557430267334,4.097999572753906,0.01870039477944374,4.097999572753906,14.002857889980078,6.180336952209473,5069.585285093508,1.9509391784667969,0.0003048610457142857,16,2048,,6030.610481023788
adammini-galore2-r8,adammini,galore2,8,1.1B,sdpa,666,933,30605312,2.399998188018799,11.023156406871319,nan,nan,nan,nan,22.217557430267334,4.097999572753906,0.01870039477944374,4.097999572753906,14.002857889980078,6.189151763916016,5069.789945622973,1.564673900604248,0.00030457533714285716,16,2048,,6036.8304002285
adammini-galore2-r8,adammini,galore2,8,1.1B,sdpa,666,934,30638080,2.4190266132354736,11.234918070164298,nan,nan,nan,nan,22.217557430267334,4.097999572753906,0.01870039477944374,4.097999572753906,14.002857889980078,6.18402624130249,5069.998250445432,1.5263434648513794,0.00030428962857142854,16,2048,,6043.045562982559
adammini-galore2-r8,adammini,galore2,8,1.1B,sdpa,666,935,30670848,2.430898427963257,11.369091802957016,nan,nan,nan,nan,22.217557430267334,4.097999572753906,0.01870039477944374,4.097999572753906,14.002857889980078,6.180272579193115,5070.209100141311,1.528417706489563,0.00030400391999999997,16,2048,,6049.256987333298
adammini-galore2-r8,adammini,galore2,8,1.1B,sdpa,666,936,30703616,2.5773212909698486,13.161834172163235,nan,nan,nan,nan,22.217557430267334,4.097999572753906,0.01870039477944374,4.097999572753906,14.002857889980078,6.241222381591797,5070.3688909396715,1.6297420263290405,0.00030371821142857145,16,2048,,6055.529155492783
adammini-galore2-r8,adammini,galore2,8,1.1B,sdpa,666,937,30736384,2.8122572898864746,16.647453967792273,nan,nan,nan,nan,22.217557430267334,4.097999572753906,0.01870039477944374,4.097999572753906,14.002857889980078,6.10411524772644,5070.642903723014,2.2086877822875977,0.0003034325028571429,16,2048,,6061.664054632187
adammini-galore2-r8,adammini,galore2,8,1.1B,sdpa,666,938,30769152,2.6625871658325195,14.333323856237756,nan,nan,nan,nan,22.217557430267334,4.097999572753906,0.01870039477944374,4.097999572753906,14.002857889980078,6.160648584365845,5070.8690432557405,1.7562350034713745,0.0003031467942857143,16,2048,,6067.85595536232
adammini-galore2-r8,adammini,galore2,8,1.1B,sdpa,666,939,30801920,2.4781858921051025,11.919621313192737,nan,nan,nan,nan,22.217557430267334,4.097999572753906,0.01870039477944374,4.097999572753906,14.002857889980078,6.1934404373168945,5071.067216941809,1.5568650960922241,0.0003028610857142857,16,2048,,6074.080631494522
adammini-galore2-r8,adammini,galore2,8,1.1B,sdpa,666,940,30834688,2.418729066848755,11.231575658173405,nan,nan,nan,nan,22.217557430267334,4.097999572753906,0.01870039477944374,4.097999572753906,14.002857889980078,6.201196193695068,5071.258464474189,1.6142432689666748,0.0003025753771428572,16,2048,,6080.313184499741
adammini-galore2-r8,adammini,galore2,8,1.1B,sdpa,666,941,30867456,2.1397268772125244,8.497116555772354,nan,nan,nan,nan,22.217557430267334,4.097999572753906,0.01870039477944374,4.097999572753906,14.002857889980078,6.168262243270874,5071.475285513483,1.4680051803588867,0.0003022896685714286,16,2048,,6086.514101266861
adammini-galore2-r8,adammini,galore2,8,1.1B,sdpa,666,942,30900224,2.2709083557128906,9.688197147594737,nan,nan,nan,nan,22.217557430267334,4.097999572753906,0.01870039477944374,4.097999572753906,14.002857889980078,6.190362453460693,5071.67471850118,1.5635716915130615,0.00030200396000000003,16,2048,,6092.735651254654
adammini-galore2-r8,adammini,galore2,8,1.1B,sdpa,666,943,30932992,2.4461727142333984,11.54407957031678,nan,nan,nan,nan,22.217557430267334,4.097999572753906,0.01870039477944374,4.097999572753906,14.002857889980078,6.19167160987854,5071.873127980523,1.5843435525894165,0.00030171825142857146,16,2048,,6098.9580335617065
adammini-galore2-r8,adammini,galore2,8,1.1B,sdpa,666,944,30965760,2.250821113586426,9.495529544480098,nan,nan,nan,nan,22.217557430267334,4.097999572753906,0.01870039477944374,4.097999572753906,14.002857889980078,6.189635515213013,5072.072815270023,1.4859427213668823,0.0003014325428571429,16,2048,,6105.178609609604
adammini-galore2-r8,adammini,galore2,8,1.1B,sdpa,666,945,30998528,2.4108641147613525,11.143586323273444,nan,nan,nan,nan,22.217557430267334,4.097999572753906,0.01870039477944374,4.097999572753906,14.002857889980078,6.176733732223511,5072.282593869401,1.5046004056930542,0.0003011468342857143,16,2048,,6111.386225700378
adammini-galore2-r8,adammini,galore2,8,1.1B,sdpa,666,946,31031296,2.404015064239502,11.067524111851572,nan,nan,nan,nan,22.217557430267334,4.097999572753906,0.01870039477944374,4.097999572753906,14.002857889980078,6.188068628311157,5072.4826205611225,1.439689040184021,0.0003008611257142857,16,2048,,6117.60537481308
adammini-galore2-r8,adammini,galore2,8,1.1B,sdpa,666,947,31064064,2.4118378162384033,11.154442134037852,nan,nan,nan,nan,22.217557430267334,4.097999572753906,0.01870039477944374,4.097999572753906,14.002857889980078,6.177734136581421,5072.690593277236,1.6221048831939697,0.0003005754171428572,16,2048,,6123.814172506332
adammini-galore2-r8,adammini,galore2,8,1.1B,sdpa,666,948,31096832,2.2092127799987793,9.108543142603805,nan,nan,nan,nan,22.217557430267334,4.097999572753906,0.01870039477944374,4.097999572753906,14.002857889980078,6.194511890411377,5072.884291021876,1.4741398096084595,0.00030028970857142855,16,2048,,6130.039633512497
adammini-galore2-r8,adammini,galore2,8,1.1B,sdpa,666,949,31129600,2.154932737350464,8.627309863732398,nan,nan,nan,nan,22.217557430267334,4.097999572753906,0.01870039477944374,4.097999572753906,14.002857889980078,6.191118001937866,5073.080736684503,1.471491813659668,0.000300004,16,2048,,6136.261726856232
adammini-galore2-r8,adammini,galore2,8,1.1B,sdpa,666,950,31162368,2.368044376373291,10.67649265358252,2.4854515613613435,12.006540720775499,nan,nan,22.217557430267334,4.097999572753906,0.01870039477944374,4.097999572753906,14.002857889980078,6.22385311126709,5073.249457343673,1.5324066877365112,0.0002997182914285714,16,2048,,6154.87340593338
adammini-galore2-r8,adammini,galore2,8,1.1B,sdpa,666,951,31195136,2.3630173206329346,10.622956008495912,nan,nan,nan,nan,22.217557430267334,4.097999572753906,0.01870039477944374,4.097999572753906,14.002857889980078,6.148994207382202,5063.303745698663,1.7362349033355713,0.00029943258285714284,16,2048,,6161.053856372833
adammini-galore2-r8,adammini,galore2,8,1.1B,sdpa,666,952,31227904,2.4437339305877686,11.515960360128778,nan,nan,nan,nan,22.217557430267334,4.097999572753906,0.01870039477944374,4.097999572753906,14.002857889980078,6.173473119735718,5063.52312271765,1.5707576274871826,0.00029914687428571427,16,2048,,6167.258078575134
adammini-galore2-r8,adammini,galore2,8,1.1B,sdpa,666,953,31260672,2.276883840560913,9.7462621333017,nan,nan,nan,nan,22.217557430267334,4.097999572753906,0.01870039477944374,4.097999572753906,14.002857889980078,6.190415620803833,5063.728222789123,1.4969158172607422,0.0002988611657142857,16,2048,,6173.47966003418
adammini-galore2-r8,adammini,galore2,8,1.1B,sdpa,666,954,31293440,2.527376174926758,12.520611106783875,nan,nan,nan,nan,22.217557430267334,4.097999572753906,0.01870039477944374,4.097999572753906,14.002857889980078,6.140296459197998,5063.973798101769,1.7817051410675049,0.0002985754571428572,16,2048,,6179.651026964188
adammini-galore2-r8,adammini,galore2,8,1.1B,sdpa,666,955,31326208,2.490783452987671,12.07072926582037,nan,nan,nan,nan,22.217557430267334,4.097999572753906,0.01870039477944374,4.097999572753906,14.002857889980078,6.179858684539795,5064.186598039684,1.5872644186019897,0.00029828974857142856,16,2048,,6185.861762046814
adammini-galore2-r8,adammini,galore2,8,1.1B,sdpa,666,956,31358976,2.2415924072265625,9.408301212011088,nan,nan,nan,nan,22.217557430267334,4.097999572753906,0.01870039477944374,4.097999572753906,14.002857889980078,6.18754243850708,5064.392800714598,1.513598084449768,0.00029800404,16,2048,,6192.080220937729
adammini-galore2-r8,adammini,galore2,8,1.1B,sdpa,666,957,31391744,2.3738207817077637,10.738342866671697,nan,nan,nan,nan,22.217557430267334,4.097999572753906,0.01870039477944374,4.097999572753906,14.002857889980078,6.188151836395264,5064.598092485104,1.5027250051498413,0.0002977183314285714,16,2048,,6198.29941868782
adammini-galore2-r8,adammini,galore2,8,1.1B,sdpa,666,958,31424512,2.1943204402923584,8.973900682945484,nan,nan,nan,nan,22.217557430267334,4.097999572753906,0.01870039477944374,4.097999572753906,14.002857889980078,6.203556299209595,5064.790189830624,1.415113925933838,0.00029743262285714285,16,2048,,6204.533906698227
adammini-galore2-r8,adammini,galore2,8,1.1B,sdpa,666,959,31457280,2.3583343029022217,10.573324819727715,nan,nan,nan,nan,22.217557430267334,4.097999572753906,0.01870039477944374,4.097999572753906,14.002857889980078,6.1948113441467285,5064.989265352857,1.569865345954895,0.00029714691428571433,16,2048,,6210.75967669487
adammini-galore2-r8,adammini,galore2,8,1.1B,sdpa,666,960,31490048,2.3498077392578125,10.483553955092932,nan,nan,nan,nan,22.217557430267334,4.097999572753906,0.01870039477944374,4.097999572753906,14.002857889980078,6.157223224639893,5065.218347500831,1.715960144996643,0.0002968612057142857,16,2048,,6216.94819021225
adammini-galore2-r8,adammini,galore2,8,1.1B,sdpa,666,961,31522816,2.560504198074341,12.94234117424389,nan,nan,nan,nan,22.217557430267334,4.097999572753906,0.01870039477944374,4.097999572753906,14.002857889980078,6.192071199417114,5065.418170272564,1.4959335327148438,0.0002965754971428572,16,2048,,6223.171676874161
adammini-galore2-r8,adammini,galore2,8,1.1B,sdpa,666,962,31555584,2.3042585849761963,10.016748930513081,nan,nan,nan,nan,22.217557430267334,4.097999572753906,0.01870039477944374,4.097999572753906,14.002857889980078,6.175222873687744,5065.631825420617,1.5085372924804688,0.00029628978857142857,16,2048,,6229.377455472946
adammini-galore2-r8,adammini,galore2,8,1.1B,sdpa,666,963,31588352,2.300111770629883,9.975297337774686,nan,nan,nan,nan,22.217557430267334,4.097999572753906,0.01870039477944374,4.097999572753906,14.002857889980078,6.177942514419556,5065.843198128375,1.4602469205856323,0.00029600408000000005,16,2048,,6235.586240530014
adammini-galore2-r8,adammini,galore2,8,1.1B,sdpa,666,964,31621120,2.640007972717285,14.013315331489608,nan,nan,nan,nan,22.217557430267334,4.097999572753906,0.01870039477944374,4.097999572753906,14.002857889980078,6.182963609695435,5066.049855401931,1.5380862951278687,0.00029571837142857143,16,2048,,6241.800122499466
adammini-galore2-r8,adammini,galore2,8,1.1B,sdpa,666,965,31653888,2.4557042121887207,11.654637997837135,nan,nan,nan,nan,22.217557430267334,4.097999572753906,0.01870039477944374,4.097999572753906,14.002857889980078,6.178229331970215,5066.259859277563,1.3744776248931885,0.00029543266285714286,16,2048,,6248.009253501892
adammini-galore2-r8,adammini,galore2,8,1.1B,sdpa,666,966,31686656,2.383955240249634,10.847723477716114,nan,nan,nan,nan,22.217557430267334,4.097999572753906,0.01870039477944374,4.097999572753906,14.002857889980078,6.175589561462402,5066.471629050445,1.3747637271881104,0.0002951469542857143,16,2048,,6254.2157282829285
adammini-galore2-r8,adammini,galore2,8,1.1B,sdpa,666,967,31719424,2.488370180130005,12.04163442352795,nan,nan,nan,nan,22.217557430267334,4.097999572753906,0.01870039477944374,4.097999572753906,14.002857889980078,6.188908815383911,5066.672133378313,1.3684794902801514,0.00029486124571428566,16,2048,,6260.435323238373
adammini-galore2-r8,adammini,galore2,8,1.1B,sdpa,666,968,31752192,2.4025163650512695,11.050949645621266,nan,nan,nan,nan,22.217557430267334,4.097999572753906,0.01870039477944374,4.097999572753906,14.002857889980078,6.22691011428833,5066.841702311504,1.4755874872207642,0.00029457553714285715,16,2048,,6266.693021535873
adammini-galore2-r8,adammini,galore2,8,1.1B,sdpa,666,969,31784960,2.2616686820983887,9.599093645584164,nan,nan,nan,nan,22.217557430267334,4.097999572753906,0.01870039477944374,4.097999572753906,14.002857889980078,6.214465379714966,5067.02079040791,1.4539438486099243,0.0002942898285714286,16,2048,,6272.9384932518005
adammini-galore2-r8,adammini,galore2,8,1.1B,sdpa,666,970,31817728,2.373331069946289,10.733085461282837,nan,nan,nan,nan,22.217557430267334,4.097999572753906,0.01870039477944374,4.097999572753906,14.002857889980078,6.189242601394653,5067.220066895827,1.5044549703598022,0.00029400412000000006,16,2048,,6279.158890008926
adammini-galore2-r8,adammini,galore2,8,1.1B,sdpa,666,971,31850496,2.400211811065674,11.025511458666848,nan,nan,nan,nan,22.217557430267334,4.097999572753906,0.01870039477944374,4.097999572753906,14.002857889980078,6.187422513961792,5067.4197180469,1.5024937391281128,0.00029371841142857144,16,2048,,6285.377439260483
adammini-galore2-r8,adammini,galore2,8,1.1B,sdpa,666,972,31883264,2.4471242427825928,11.555069319302879,nan,nan,nan,nan,22.217557430267334,4.097999572753906,0.01870039477944374,4.097999572753906,14.002857889980078,6.161442995071411,5067.640479678446,1.6137962341308594,0.00029343270285714287,16,2048,,6291.569750785828
adammini-galore2-r8,adammini,galore2,8,1.1B,sdpa,666,973,31916032,2.029691219329834,7.6117356390384945,nan,nan,nan,nan,22.217557430267334,4.097999572753906,0.01870039477944374,4.097999572753906,14.002857889980078,6.165161848068237,5067.857869061149,1.664618730545044,0.0002931469942857143,16,2048,,6297.765738487244
adammini-galore2-r8,adammini,galore2,8,1.1B,sdpa,666,974,31948800,2.0063905715942383,7.4364275951953775,nan,nan,nan,nan,22.217557430267334,4.097999572753906,0.01870039477944374,4.097999572753906,14.002857889980078,6.210216760635376,5068.035368814374,1.7096999883651733,0.00029286128571428567,16,2048,,6304.010856628418
adammini-galore2-r8,adammini,galore2,8,1.1B,sdpa,666,975,31981568,2.310516834259033,10.079632808575507,nan,nan,nan,nan,22.217557430267334,4.097999572753906,0.01870039477944374,4.097999572753906,14.002857889980078,6.161701202392578,5068.2517729561505,1.4789406061172485,0.00029257557714285716,16,2048,,6310.207134246826
adammini-galore2-r8,adammini,galore2,8,1.1B,sdpa,666,976,32014336,2.4027292728424072,11.053302729386333,nan,nan,nan,nan,22.217557430267334,4.097999572753906,0.01870039477944374,4.097999572753906,14.002857889980078,6.19185733795166,5068.443747966387,1.522539496421814,0.00029228986857142853,16,2048,,6316.432930469513
adammini-galore2-r8,adammini,galore2,8,1.1B,sdpa,666,977,32047104,2.4347338676452637,11.412780998886491,nan,nan,nan,nan,22.217557430267334,4.097999572753906,0.01870039477944374,4.097999572753906,14.002857889980078,6.185983657836914,5068.6396895140815,1.5382200479507446,0.00029200416000000007,16,2048,,6322.653795719147
adammini-galore2-r8,adammini,galore2,8,1.1B,sdpa,666,978,32079872,2.3087289333343506,10.061627524385012,nan,nan,nan,nan,22.217557430267334,4.097999572753906,0.01870039477944374,4.097999572753906,14.002857889980078,6.174786567687988,5068.847374783863,1.4174749851226807,0.00029171845142857145,16,2048,,6328.8595933914185
adammini-galore2-r8,adammini,galore2,8,1.1B,sdpa,666,979,32112640,2.3977272510528564,10.998151916062836,nan,nan,nan,nan,22.217557430267334,4.097999572753906,0.01870039477944374,4.097999572753906,14.002857889980078,6.184283018112183,5069.0467952264025,1.3578951358795166,0.0002914327428571429,16,2048,,6335.074841976166
adammini-galore2-r8,adammini,galore2,8,1.1B,sdpa,666,980,32145408,2.4915032386779785,12.0794207316386,nan,nan,nan,nan,22.217557430267334,4.097999572753906,0.01870039477944374,4.097999572753906,14.002857889980078,6.190087556838989,5069.241235643586,1.484623908996582,0.0002911470342857143,16,2048,,6341.296051740646
adammini-galore2-r8,adammini,galore2,8,1.1B,sdpa,666,981,32178176,2.4833850860595703,11.981755119153283,nan,nan,nan,nan,22.217557430267334,4.097999572753906,0.01870039477944374,4.097999572753906,14.002857889980078,6.188750267028809,5069.436024207627,1.6603602170944214,0.00029086132571428574,16,2048,,6347.516211032867
adammini-galore2-r8,adammini,galore2,8,1.1B,sdpa,666,982,32210944,2.562685966491699,12.970609191384796,nan,nan,nan,nan,22.217557430267334,4.097999572753906,0.01870039477944374,4.097999572753906,14.002857889980078,6.183079242706299,5069.635329734302,1.5869334936141968,0.00029057561714285716,16,2048,,6353.730080127716
adammini-galore2-r8,adammini,galore2,8,1.1B,sdpa,666,983,32243712,2.0251524448394775,7.577265971690385,nan,nan,nan,nan,22.217557430267334,4.097999572753906,0.01870039477944374,4.097999572753906,14.002857889980078,6.170166730880737,5069.844590775787,1.622069239616394,0.00029028990857142854,16,2048,,6359.931056022644
adammini-galore2-r8,adammini,galore2,8,1.1B,sdpa,666,984,32276480,2.488532543182373,12.04358969877639,nan,nan,nan,nan,22.217557430267334,4.097999572753906,0.01870039477944374,4.097999572753906,14.002857889980078,6.18355131149292,5070.042778423685,1.9723762273788452,0.0002900042,16,2048,,6366.145327329636
adammini-galore2-r8,adammini,galore2,8,1.1B,sdpa,666,985,32309248,2.416250228881836,11.203768880490276,nan,nan,nan,nan,22.217557430267334,4.097999572753906,0.01870039477944374,4.097999572753906,14.002857889980078,6.207072734832764,5070.222018447494,1.5116541385650635,0.00028971849142857145,16,2048,,6372.383410215378
adammini-galore2-r8,adammini,galore2,8,1.1B,sdpa,666,986,32342016,2.56152081489563,12.955505266273416,nan,nan,nan,nan,22.217557430267334,4.097999572753906,0.01870039477944374,4.097999572753906,14.002857889980078,6.156991958618164,5070.440433789484,1.4826703071594238,0.0002894327828571429,16,2048,,6378.571476459503
adammini-galore2-r8,adammini,galore2,8,1.1B,sdpa,666,987,32374784,2.3121089935302734,10.095693971974603,nan,nan,nan,nan,22.217557430267334,4.097999572753906,0.01870039477944374,4.097999572753906,14.002857889980078,6.1857688426971436,5070.635673929253,1.5145026445388794,0.0002891470742857143,16,2048,,6384.788242816925
adammini-galore2-r8,adammini,galore2,8,1.1B,sdpa,666,988,32407552,2.320523738861084,10.18100509799475,nan,nan,nan,nan,22.217557430267334,4.097999572753906,0.01870039477944374,4.097999572753906,14.002857889980078,6.1866655349731445,5070.829787961152,1.4341689348220825,0.00028886136571428574,16,2048,,6391.005865573883
adammini-galore2-r8,adammini,galore2,8,1.1B,sdpa,666,989,32440320,2.5119824409484863,12.32934805334803,nan,nan,nan,nan,22.217557430267334,4.097999572753906,0.01870039477944374,4.097999572753906,14.002857889980078,6.195005416870117,5071.016877022512,1.4846748113632202,0.0002885756571428572,16,2048,,6397.232031822205
adammini-galore2-r8,adammini,galore2,8,1.1B,sdpa,666,990,32473088,2.3749425411224365,10.75039546267303,nan,nan,nan,nan,22.217557430267334,4.097999572753906,0.01870039477944374,4.097999572753906,14.002857889980078,6.1979660987854,5071.20120752053,1.4485582113265991,0.00028828994857142855,16,2048,,6403.460962057114
adammini-galore2-r8,adammini,galore2,8,1.1B,sdpa,666,991,32505856,2.2230615615844727,9.23556287131649,nan,nan,nan,nan,22.217557430267334,4.097999572753906,0.01870039477944374,4.097999572753906,14.002857889980078,6.19807505607605,5071.384824915127,1.660271406173706,0.00028800424000000003,16,2048,,6409.690597295761
adammini-galore2-r8,adammini,galore2,8,1.1B,sdpa,666,992,32538624,2.362705945968628,10.61964880405138,nan,nan,nan,nan,22.217557430267334,4.097999572753906,0.01870039477944374,4.097999572753906,14.002857889980078,6.200105905532837,5071.566735973722,1.4840668439865112,0.0002877185314285714,16,2048,,6415.921706676483
adammini-galore2-r8,adammini,galore2,8,1.1B,sdpa,666,993,32571392,2.4528145790100098,11.621008980355192,nan,nan,nan,nan,22.217557430267334,4.097999572753906,0.01870039477944374,4.097999572753906,14.002857889980078,6.17293381690979,5071.769726955554,1.8098288774490356,0.00028743282285714284,16,2048,,6422.12574338913
adammini-galore2-r8,adammini,galore2,8,1.1B,sdpa,666,994,32604160,2.333292007446289,10.311832346901433,nan,nan,nan,nan,22.217557430267334,4.097999572753906,0.01870039477944374,4.097999572753906,14.002857889980078,6.190473794937134,5071.958622433989,1.468558430671692,0.00028714711428571427,16,2048,,6428.347121477127
adammini-galore2-r8,adammini,galore2,8,1.1B,sdpa,666,995,32636928,2.348628044128418,10.471193849564951,nan,nan,nan,nan,22.217557430267334,4.097999572753906,0.01870039477944374,4.097999572753906,14.002857889980078,6.172121047973633,5072.161703583497,1.5611820220947266,0.0002868614057142857,16,2048,,6434.549981355667
adammini-galore2-r8,adammini,galore2,8,1.1B,sdpa,666,996,32669696,2.4291069507598877,11.34874256720737,nan,nan,nan,nan,22.217557430267334,4.097999572753906,0.01870039477944374,4.097999572753906,14.002857889980078,6.184496641159058,5072.354640664059,1.6024261713027954,0.0002865756971428572,16,2048,,6440.765705108643
adammini-galore2-r8,adammini,galore2,8,1.1B,sdpa,666,997,32702464,2.4247827529907227,11.299774310432259,nan,nan,nan,nan,22.217557430267334,4.097999572753906,0.01870039477944374,4.097999572753906,14.002857889980078,6.32461142539978,5072.436770922604,1.482122778892517,0.00028628998857142856,16,2048,,6447.121148347855
adammini-galore2-r8,adammini,galore2,8,1.1B,sdpa,666,998,32735232,2.4043691158294678,11.071443280113296,nan,nan,nan,nan,22.217557430267334,4.097999572753906,0.01870039477944374,4.097999572753906,14.002857889980078,6.168191194534302,5072.641884744036,1.5579713582992554,0.00028600428000000004,16,2048,,6453.32008266449
adammini-galore2-r8,adammini,galore2,8,1.1B,sdpa,666,999,32768000,2.2509348392486572,9.49660949127345,nan,nan,nan,nan,22.217557430267334,4.097999572753906,0.01870039477944374,4.097999572753906,14.002857889980078,6.179843187332153,5072.837441473812,1.496384859085083,0.0002857185714285714,16,2048,,6459.531071662903
adammini-galore2-r8,adammini,galore2,8,1.1B,sdpa,666,1000,32800768,2.597222328186035,13.42639208076525,2.4823806132900543,11.969725814970756,nan,nan,22.217557430267334,4.097999572753906,0.01870039477944374,4.097999572753906,14.002857889980078,6.175837278366089,5073.035629577914,1.5237479209899902,0.00028543286285714285,16,2048,,6478.255565404892
adammini-galore2-r8,adammini,galore2,8,1.1B,sdpa,666,1001,32833536,2.3250410556793213,10.227099957708127,nan,nan,nan,nan,22.217557430267334,4.097999572753906,0.01870039477944374,4.097999572753906,14.002857889980078,6.178317546844482,5063.4373605492165,1.437421441078186,0.00028514715428571433,16,2048,,6484.465806722641
adammini-galore2-r8,adammini,galore2,8,1.1B,sdpa,666,1002,32866304,2.4442880153656006,11.52234294655014,nan,nan,nan,nan,22.217557430267334,4.097999572753906,0.01870039477944374,4.097999572753906,14.002857889980078,6.175715923309326,5063.643943455887,1.4123106002807617,0.00028486144571428576,16,2048,,6490.6724445819855
adammini-galore2-r8,adammini,galore2,8,1.1B,sdpa,666,1003,32899072,2.333667516708374,10.315705262569105,nan,nan,nan,nan,22.217557430267334,4.097999572753906,0.01870039477944374,4.097999572753906,14.002857889980078,6.191223382949829,5063.838092617978,1.4306262731552124,0.0002845757371428572,16,2048,,6496.894234895706
adammini-galore2-r8,adammini,galore2,8,1.1B,sdpa,666,1004,32931840,2.5509722232818604,12.819561201848973,nan,nan,nan,nan,22.217557430267334,4.097999572753906,0.01870039477944374,4.097999572753906,14.002857889980078,6.200443983078003,5064.025006438808,1.5499677658081055,0.00028429002857142857,16,2048,,6503.125339508057
adammini-galore2-r8,adammini,galore2,8,1.1B,sdpa,666,1005,32964608,2.3761537075042725,10.763423868439757,nan,nan,nan,nan,22.217557430267334,4.097999572753906,0.01870039477944374,4.097999572753906,14.002857889980078,6.173430681228638,5064.232410431115,1.465275764465332,0.00028400432000000005,16,2048,,6509.329752922058
adammini-galore2-r8,adammini,galore2,8,1.1B,sdpa,666,1006,32997376,2.5620386600494385,12.962215949288073,nan,nan,nan,nan,22.217557430267334,4.097999572753906,0.01870039477944374,4.097999572753906,14.002857889980078,6.209318161010742,5064.411343353422,1.7726049423217773,0.0002837186114285714,16,2048,,6515.569798946381
adammini-galore2-r8,adammini,galore2,8,1.1B,sdpa,666,1007,33030144,2.5026590824127197,12.2149313238354,nan,nan,nan,nan,22.217557430267334,4.097999572753906,0.01870039477944374,4.097999572753906,14.002857889980078,6.137871265411377,5064.645479316808,1.7991156578063965,0.00028343290285714285,16,2048,,6521.738877534866
adammini-galore2-r8,adammini,galore2,8,1.1B,sdpa,666,1008,33062912,2.3936471939086914,10.953370245774842,nan,nan,nan,nan,22.217557430267334,4.097999572753906,0.01870039477944374,4.097999572753906,14.002857889980078,6.17173433303833,5064.852770329257,1.4629441499710083,0.0002831471942857143,16,2048,,6527.9414830207825
adammini-galore2-r8,adammini,galore2,8,1.1B,sdpa,666,1009,33095680,2.346095085144043,10.444704307650968,nan,nan,nan,nan,22.217557430267334,4.097999572753906,0.01870039477944374,4.097999572753906,14.002857889980078,6.177541255950928,5065.055232774378,1.3980605602264404,0.0002828614857142857,16,2048,,6534.150089025497
adammini-galore2-r8,adammini,galore2,8,1.1B,sdpa,666,1010,33128448,2.2668819427490234,9.649266892240348,nan,nan,nan,nan,22.217557430267334,4.097999572753906,0.01870039477944374,4.097999572753906,14.002857889980078,6.197906732559204,5065.241541673676,1.5424261093139648,0.00028257577714285714,16,2048,,6540.378972530365
adammini-galore2-r8,adammini,galore2,8,1.1B,sdpa,666,1011,33161216,2.4167449474334717,11.20931296407112,nan,nan,nan,nan,22.217557430267334,4.097999572753906,0.01870039477944374,4.097999572753906,14.002857889980078,6.187645196914673,5065.43487770664,1.4153791666030884,0.0002822900685714285,16,2048,,6546.598151683807
adammini-galore2-r8,adammini,galore2,8,1.1B,sdpa,666,1012,33193984,2.344405174255371,10.42706859370203,nan,nan,nan,nan,22.217557430267334,4.097999572753906,0.01870039477944374,4.097999572753906,14.002857889980078,6.1717424392700195,5065.64069332148,1.5038044452667236,0.00028200436,16,2048,,6552.800718784332
adammini-galore2-r8,adammini,galore2,8,1.1B,sdpa,666,1013,33226752,2.316990852355957,10.145100223743183,nan,nan,nan,nan,22.217557430267334,4.097999572753906,0.01870039477944374,4.097999572753906,14.002857889980078,6.18412971496582,5065.836714004858,1.5480238199234009,0.0002817186514285714,16,2048,,6559.015771150589
adammini-galore2-r8,adammini,galore2,8,1.1B,sdpa,666,1014,33259520,2.5309064388275146,12.56489028078761,nan,nan,nan,nan,22.217557430267334,4.097999572753906,0.01870039477944374,4.097999572753906,14.002857889980078,6.1693809032440186,5066.0435434158835,1.4810256958007812,0.00028143294285714286,16,2048,,6565.215934038162
adammini-galore2-r8,adammini,galore2,8,1.1B,sdpa,666,1015,33292288,2.3384292125701904,10.364942647322243,nan,nan,nan,nan,22.217557430267334,4.097999572753906,0.01870039477944374,4.097999572753906,14.002857889980078,6.184556722640991,5066.238528781141,1.4517173767089844,0.0002811472342857143,16,2048,,6571.431438922882
adammini-galore2-r8,adammini,galore2,8,1.1B,sdpa,666,1016,33325056,2.3117377758026123,10.091946966919544,nan,nan,nan,nan,22.217557430267334,4.097999572753906,0.01870039477944374,4.097999572753906,14.002857889980078,6.176159858703613,5066.439253258824,1.485207438468933,0.0002808615257142857,16,2048,,6577.638731479645
adammini-galore2-r8,adammini,galore2,8,1.1B,sdpa,666,1017,33357824,2.4139792919158936,11.178354695509835,nan,nan,nan,nan,22.217557430267334,4.097999572753906,0.01870039477944374,4.097999572753906,14.002857889980078,6.174471378326416,5066.641031286019,1.6511261463165283,0.0002805758171428572,16,2048,,6583.844018697739
adammini-galore2-r8,adammini,galore2,8,1.1B,sdpa,666,1018,33390592,2.421501874923706,11.262761878573512,nan,nan,nan,nan,22.217557430267334,4.097999572753906,0.01870039477944374,4.097999572753906,14.002857889980078,6.188110828399658,5066.832036641002,1.3862688541412354,0.0002802901085714286,16,2048,,6590.062947750092
adammini-galore2-r8,adammini,galore2,8,1.1B,sdpa,666,1019,33423360,2.3061182498931885,10.035394058553265,nan,nan,nan,nan,22.217557430267334,4.097999572753906,0.01870039477944374,4.097999572753906,14.002857889980078,6.171984910964966,5067.035095634512,1.842986822128296,0.00028000440000000007,16,2048,,6596.265855073929
adammini-galore2-r8,adammini,galore2,8,1.1B,sdpa,666,1020,33456128,2.2169790267944336,9.179557738101174,nan,nan,nan,nan,22.217557430267334,4.097999572753906,0.01870039477944374,4.097999572753906,14.002857889980078,6.192987442016602,5067.221530981199,1.4427779912948608,0.00027971869142857144,16,2048,,6602.489594697952
adammini-galore2-r8,adammini,galore2,8,1.1B,sdpa,666,1021,33488896,2.2881033420562744,9.856226052565207,nan,nan,nan,nan,22.217557430267334,4.097999572753906,0.01870039477944374,4.097999572753906,14.002857889980078,6.208994150161743,5067.394033900994,1.5001250505447388,0.00027943298285714287,16,2048,,6608.731009244919
adammini-galore2-r8,adammini,galore2,8,1.1B,sdpa,666,1022,33521664,2.3271822929382324,10.249022067030934,nan,nan,nan,nan,22.217557430267334,4.097999572753906,0.01870039477944374,4.097999572753906,14.002857889980078,6.212473154067993,5067.564539511955,1.5622243881225586,0.0002791472742857143,16,2048,,6614.975023031235
adammini-galore2-r8,adammini,galore2,8,1.1B,sdpa,666,1023,33554432,2.661123275756836,14.312356796172946,nan,nan,nan,nan,22.217557430267334,4.097999572753906,0.01870039477944374,4.097999572753906,14.002857889980078,6.202833652496338,5067.74235929685,1.7920588254928589,0.00027886156571428573,16,2048,,6621.208800792694
adammini-galore2-r8,adammini,galore2,8,1.1B,sdpa,666,1024,33587200,2.2949841022491455,9.92427823732839,nan,nan,nan,nan,22.217557430267334,4.097999572753906,0.01870039477944374,4.097999572753906,14.002857889980078,6.2051801681518555,5067.917669890312,1.408178687095642,0.00027857585714285716,16,2048,,6627.445536375046
adammini-galore2-r8,adammini,galore2,8,1.1B,sdpa,666,1025,33619968,2.499455451965332,12.175861813485072,nan,nan,nan,nan,22.217557430267334,4.097999572753906,0.01870039477944374,4.097999572753906,14.002857889980078,6.200792074203491,5068.096647787483,1.4323182106018066,0.00027829014857142854,16,2048,,6633.677496910095
adammini-galore2-r8,adammini,galore2,8,1.1B,sdpa,666,1026,33652736,2.2499477863311768,9.48724045979451,nan,nan,nan,nan,22.217557430267334,4.097999572753906,0.01870039477944374,4.097999572753906,14.002857889980078,6.164849042892456,5068.3026217754505,2.0942811965942383,0.00027800444,16,2048,,6639.873236179352
adammini-galore2-r8,adammini,galore2,8,1.1B,sdpa,666,1027,33685504,2.401280641555786,11.03730216149182,nan,nan,nan,nan,22.217557430267334,4.097999572753906,0.01870039477944374,4.097999572753906,14.002857889980078,6.169697523117065,5068.504417921145,1.5151138305664062,0.0002777187314285714,16,2048,,6646.073559999466
adammini-galore2-r8,adammini,galore2,8,1.1B,sdpa,666,1028,33718272,2.5341556072235107,12.605782121450357,nan,nan,nan,nan,22.217557430267334,4.097999572753906,0.01870039477944374,4.097999572753906,14.002857889980078,6.17130446434021,5068.704792032204,1.5254098176956177,0.0002774330228571429,16,2048,,6652.275427341461
adammini-galore2-r8,adammini,galore2,8,1.1B,sdpa,666,1029,33751040,2.355804204940796,10.546607085650654,nan,nan,nan,nan,22.217557430267334,4.097999572753906,0.01870039477944374,4.097999572753906,14.002857889980078,6.200350284576416,5068.881540216918,1.5940427780151367,0.00027714731428571426,16,2048,,6658.508258342743
adammini-galore2-r8,adammini,galore2,8,1.1B,sdpa,666,1030,33783808,2.3344459533691406,10.323738512009433,nan,nan,nan,nan,22.217557430267334,4.097999572753906,0.01870039477944374,4.097999572753906,14.002857889980078,6.203586101531982,5069.055268238957,4.371807098388672,0.0002768616057142857,16,2048,,6664.7441947460175
adammini-galore2-r8,adammini,galore2,8,1.1B,sdpa,666,1031,33816576,2.3718855381011963,10.71758165277659,nan,nan,nan,nan,22.217557430267334,4.097999572753906,0.01870039477944374,4.097999572753906,14.002857889980078,6.21622371673584,5069.216963698257,1.4979667663574219,0.0002765758971428571,16,2048,,6670.994071483612
adammini-galore2-r8,adammini,galore2,8,1.1B,sdpa,666,1032,33849344,2.337847948074341,10.358919624813991,nan,nan,nan,nan,22.217557430267334,4.097999572753906,0.01870039477944374,4.097999572753906,14.002857889980078,6.244920492172241,5069.358984915475,1.5736873149871826,0.00027629018857142855,16,2048,,6677.273103952408
adammini-galore2-r8,adammini,galore2,8,1.1B,sdpa,666,1033,33882112,2.476485252380371,11.89936755873492,nan,nan,nan,nan,22.217557430267334,4.097999572753906,0.01870039477944374,4.097999572753906,14.002857889980078,6.178858041763306,5069.551771584445,1.672430396080017,0.0002760044800000001,16,2048,,6683.482593297958
adammini-galore2-r8,adammini,galore2,8,1.1B,sdpa,666,1034,33914880,2.214075803756714,9.15294608307662,nan,nan,nan,nan,22.217557430267334,4.097999572753906,0.01870039477944374,4.097999572753906,14.002857889980078,6.151402950286865,5069.765276058737,1.61851167678833,0.00027571877142857146,16,2048,,6689.664748668671
adammini-galore2-r8,adammini,galore2,8,1.1B,sdpa,666,1035,33947648,2.488481283187866,12.042972360257108,nan,nan,nan,nan,22.217557430267334,4.097999572753906,0.01870039477944374,4.097999572753906,14.002857889980078,6.173208236694336,5069.961716107533,1.6511266231536865,0.00027543306285714294,16,2048,,6695.868588924408
adammini-galore2-r8,adammini,galore2,8,1.1B,sdpa,666,1036,33980416,2.382845640182495,10.835693518473017,nan,nan,nan,nan,22.217557430267334,4.097999572753906,0.01870039477944374,4.097999572753906,14.002857889980078,6.175830364227295,5070.155842719497,1.4976415634155273,0.0002751473542857143,16,2048,,6702.07515835762
adammini-galore2-r8,adammini,galore2,8,1.1B,sdpa,666,1037,34013184,2.176619529724121,8.816452072386795,nan,nan,nan,nan,22.217557430267334,4.097999572753906,0.01870039477944374,4.097999572753906,14.002857889980078,6.180500507354736,5070.3459950106635,1.6544893980026245,0.00027486164571428575,16,2048,,6708.28672170639
adammini-galore2-r8,adammini,galore2,8,1.1B,sdpa,666,1038,34045952,2.519456148147583,12.421839185959032,nan,nan,nan,nan,22.217557430267334,4.097999572753906,0.01870039477944374,4.097999572753906,14.002857889980078,6.177570581436157,5070.537881323005,1.6592694520950317,0.0002745759371428572,16,2048,,6714.495104551315
adammini-galore2-r8,adammini,galore2,8,1.1B,sdpa,666,1039,34078720,2.3794350624084473,10.798800492022293,nan,nan,nan,nan,22.217557430267334,4.097999572753906,0.01870039477944374,4.097999572753906,14.002857889980078,6.179922580718994,5070.727866804937,1.4546852111816406,0.0002742902285714286,16,2048,,6720.70583319664
adammini-galore2-r8,adammini,galore2,8,1.1B,sdpa,666,1040,34111488,2.5125832557678223,12.336757934131423,nan,nan,nan,nan,22.217557430267334,4.097999572753906,0.01870039477944374,4.097999572753906,14.002857889980078,6.172844648361206,5070.922666647563,1.7259435653686523,0.00027400452000000004,16,2048,,6726.909697294235
adammini-galore2-r8,adammini,galore2,8,1.1B,sdpa,666,1041,34144256,2.3067760467529297,10.041997480868373,nan,nan,nan,nan,22.217557430267334,4.097999572753906,0.01870039477944374,4.097999572753906,14.002857889980078,6.1830432415008545,5071.109130388192,1.4575170278549194,0.0002737188114285714,16,2048,,6733.124235391617
adammini-galore2-r8,adammini,galore2,8,1.1B,sdpa,666,1042,34177024,2.3662877082824707,10.657754063176768,nan,nan,nan,nan,22.217557430267334,4.097999572753906,0.01870039477944374,4.097999572753906,14.002857889980078,6.1872148513793945,5071.292231699584,1.6374021768569946,0.0002734331028571429,16,2048,,6739.342240095139
adammini-galore2-r8,adammini,galore2,8,1.1B,sdpa,666,1043,34209792,2.496720552444458,12.142607549108588,nan,nan,nan,nan,22.217557430267334,4.097999572753906,0.01870039477944374,4.097999572753906,14.002857889980078,6.1684489250183105,5071.489351031869,1.5033326148986816,0.00027314739428571427,16,2048,,6745.541839361191
adammini-galore2-r8,adammini,galore2,8,1.1B,sdpa,666,1044,34242560,2.250418186187744,9.49170430616005,nan,nan,nan,nan,22.217557430267334,4.097999572753906,0.01870039477944374,4.097999572753906,14.002857889980078,6.208275318145752,5071.655976702411,1.5983484983444214,0.0002728616857142857,16,2048,,6751.777312994003
adammini-galore2-r8,adammini,galore2,8,1.1B,sdpa,666,1045,34275328,2.190810203552246,8.942455389566595,nan,nan,nan,nan,22.217557430267334,4.097999572753906,0.01870039477944374,4.097999572753906,14.002857889980078,6.178406476974487,5071.847627569793,1.6953728199005127,0.00027257597714285713,16,2048,,6757.98676776886
adammini-galore2-r8,adammini,galore2,8,1.1B,sdpa,666,1046,34308096,2.2917022705078125,9.89176181190247,nan,nan,nan,nan,22.217557430267334,4.097999572753906,0.01870039477944374,4.097999572753906,14.002857889980078,6.1762213706970215,5072.037761525286,3.015316963195801,0.00027229026857142856,16,2048,,6764.193915843964
adammini-galore2-r8,adammini,galore2,8,1.1B,sdpa,666,1047,34340864,2.3512020111083984,10.498181073987096,nan,nan,nan,nan,22.217557430267334,4.097999572753906,0.01870039477944374,4.097999572753906,14.002857889980078,6.189615488052368,5072.2174867161875,1.5824750661849976,0.00027200456,16,2048,,6770.414465427399
adammini-galore2-r8,adammini,galore2,8,1.1B,sdpa,666,1048,34373632,2.3618056774139404,10.610092570405024,nan,nan,nan,nan,22.217557430267334,4.097999572753906,0.01870039477944374,4.097999572753906,14.002857889980078,6.178560733795166,5072.405312595524,1.654458999633789,0.00027171885142857137,16,2048,,6776.623945474625
adammini-galore2-r8,adammini,galore2,8,1.1B,sdpa,666,1049,34406400,2.3472483158111572,10.456756409058249,nan,nan,nan,nan,22.217557430267334,4.097999572753906,0.01870039477944374,4.097999572753906,14.002857889980078,6.182915210723877,5072.589351536455,1.3479267358779907,0.0002714331428571429,16,2048,,6782.837855100632
adammini-galore2-r8,adammini,galore2,8,1.1B,sdpa,666,1050,34439168,2.2135820388793945,9.148427795354488,2.481597464042418,11.960355402898857,nan,nan,22.217557430267334,4.097999572753906,0.01870039477944374,4.097999572753906,14.002857889980078,6.186707973480225,5072.695301122355,1.5172351598739624,0.0002711474342857143,16,2048,,6802.150239706039
adammini-galore2-r8,adammini,galore2,8,1.1B,sdpa,666,1051,34471936,2.340508460998535,10.386516358812004,nan,nan,nan,nan,22.217557430267334,4.097999572753906,0.01870039477944374,4.097999572753906,14.002857889980078,6.1885340213775635,5063.1917353287645,1.4286768436431885,0.00027086172571428576,16,2048,,6808.370930433273
adammini-galore2-r8,adammini,galore2,8,1.1B,sdpa,666,1052,34504704,2.0945093631744385,8.121455307485123,nan,nan,nan,nan,22.217557430267334,4.097999572753906,0.01870039477944374,4.097999572753906,14.002857889980078,6.205943822860718,5063.366146363299,1.396641492843628,0.0002705760171428572,16,2048,,6814.607899904251
adammini-galore2-r8,adammini,galore2,8,1.1B,sdpa,666,1053,34537472,2.4059689044952393,11.089169424848693,nan,nan,nan,nan,22.217557430267334,4.097999572753906,0.01870039477944374,4.097999572753906,14.002857889980078,6.2139177322387695,5063.534410737645,1.5975574254989624,0.0002702903085714286,16,2048,,6820.852800130844
adammini-galore2-r8,adammini,galore2,8,1.1B,sdpa,666,1054,34570240,2.2497875690460205,9.485720561644646,nan,nan,nan,nan,22.217557430267334,4.097999572753906,0.01870039477944374,4.097999572753906,14.002857889980078,6.176278352737427,5063.73027555299,3.0613996982574463,0.00027000460000000005,16,2048,,6827.0599229335785
adammini-galore2-r8,adammini,galore2,8,1.1B,sdpa,666,1055,34603008,2.26153564453125,9.597816690462205,nan,nan,nan,nan,22.217557430267334,4.097999572753906,0.01870039477944374,4.097999572753906,14.002857889980078,6.184119701385498,5063.92017034698,1.490256667137146,0.00026971889142857143,16,2048,,6833.275084733963
adammini-galore2-r8,adammini,galore2,8,1.1B,sdpa,666,1056,34635776,2.5456414222717285,12.751404498359786,nan,nan,nan,nan,22.217557430267334,4.097999572753906,0.01870039477944374,4.097999572753906,14.002857889980078,6.185447454452515,5064.108403818584,1.5071417093276978,0.0002694331828571429,16,2048,,6839.491215229034
adammini-galore2-r8,adammini,galore2,8,1.1B,sdpa,666,1057,34668544,2.296410083770752,9.938440169637227,nan,nan,nan,nan,22.217557430267334,4.097999572753906,0.01870039477944374,4.097999572753906,14.002857889980078,6.19065523147583,5064.292809673707,1.5001906156539917,0.0002691474742857143,16,2048,,6845.712715148926
adammini-galore2-r8,adammini,galore2,8,1.1B,sdpa,666,1058,34701312,2.3646788597106934,10.640621136611651,nan,nan,nan,nan,22.217557430267334,4.097999572753906,0.01870039477944374,4.097999572753906,14.002857889980078,6.178568363189697,5064.485757217738,1.5819684267044067,0.0002688617657142857,16,2048,,6851.922109127045
adammini-galore2-r8,adammini,galore2,8,1.1B,sdpa,666,1059,34734080,2.489849328994751,12.059458972746237,nan,nan,nan,nan,22.217557430267334,4.097999572753906,0.01870039477944374,4.097999572753906,14.002857889980078,6.171995162963867,5064.68322814312,1.559661865234375,0.00026857605714285715,16,2048,,6858.124947547913
adammini-galore2-r8,adammini,galore2,8,1.1B,sdpa,666,1060,34766848,2.620664119720459,13.744848779761027,nan,nan,nan,nan,22.217557430267334,4.097999572753906,0.01870039477944374,4.097999572753906,14.002857889980078,6.171822547912598,5064.880414844014,2.826277256011963,0.0002682903485714286,16,2048,,6864.327595949173
adammini-galore2-r8,adammini,galore2,8,1.1B,sdpa,666,1061,34799616,2.7682552337646484,15.930814200600727,nan,nan,nan,nan,22.217557430267334,4.097999572753906,0.01870039477944374,4.097999572753906,14.002857889980078,6.172835350036621,5065.076225178555,1.8190333843231201,0.00026800464,16,2048,,6870.53120470047
adammini-galore2-r8,adammini,galore2,8,1.1B,sdpa,666,1062,34832384,2.327547788619995,10.252768724990668,nan,nan,nan,nan,22.217557430267334,4.097999572753906,0.01870039477944374,4.097999572753906,14.002857889980078,6.191829442977905,5065.258251879264,1.483894944190979,0.0002677189314285714,16,2048,,6876.753724575043
adammini-galore2-r8,adammini,galore2,8,1.1B,sdpa,666,1063,34865152,2.4786288738250732,11.924902657226522,nan,nan,nan,nan,22.217557430267334,4.097999572753906,0.01870039477944374,4.097999572753906,14.002857889980078,6.203447103500366,5065.431115505499,1.3324986696243286,0.00026743322285714287,16,2048,,6882.9879784584045
adammini-galore2-r8,adammini,galore2,8,1.1B,sdpa,666,1064,34897920,2.3209288120269775,10.18512998534596,nan,nan,nan,nan,22.217557430267334,4.097999572753906,0.01870039477944374,4.097999572753906,14.002857889980078,6.199328184127808,5065.6067043692165,1.5761992931365967,0.00026714751428571424,16,2048,,6889.218150377274
adammini-galore2-r8,adammini,galore2,8,1.1B,sdpa,666,1065,34930688,2.235438823699951,9.350584209984621,nan,nan,nan,nan,22.217557430267334,4.097999572753906,0.01870039477944374,4.097999572753906,14.002857889980078,6.164555311203003,5065.807507209356,1.6865860223770142,0.0002668618057142857,16,2048,,6895.413649082184
adammini-galore2-r8,adammini,galore2,8,1.1B,sdpa,666,1066,34963456,2.2963624000549316,9.937966279179,nan,nan,nan,nan,22.217557430267334,4.097999572753906,0.01870039477944374,4.097999572753906,14.002857889980078,6.200273752212524,5065.981443165573,1.4704906940460205,0.00026657609714285716,16,2048,,6901.645226478577
adammini-galore2-r8,adammini,galore2,8,1.1B,sdpa,666,1067,34996224,2.1438708305358887,8.532401268771071,nan,nan,nan,nan,22.217557430267334,4.097999572753906,0.01870039477944374,4.097999572753906,14.002857889980078,6.165116786956787,5066.181061180157,1.7139735221862793,0.0002662903885714286,16,2048,,6907.841412782669
adammini-galore2-r8,adammini,galore2,8,1.1B,sdpa,666,1068,35028992,2.408853054046631,11.121198413865553,nan,nan,nan,nan,22.217557430267334,4.097999572753906,0.01870039477944374,4.097999572753906,14.002857889980078,6.163672924041748,5066.381275660579,1.5942292213439941,0.00026600468,16,2048,,6914.0359053611755
adammini-galore2-r8,adammini,galore2,8,1.1B,sdpa,666,1069,35061760,2.4329843521118164,11.392831617214098,nan,nan,nan,nan,22.217557430267334,4.097999572753906,0.01870039477944374,4.097999572753906,14.002857889980078,6.173779010772705,5066.573849894955,1.6043102741241455,0.00026571897142857145,16,2048,,6920.240725517273
adammini-galore2-r8,adammini,galore2,8,1.1B,sdpa,666,1070,35094528,1.5998375415802002,4.9522278279327345,nan,nan,nan,nan,22.217557430267334,4.097999572753906,0.01870039477944374,4.097999572753906,14.002857889980078,6.160637140274048,5066.775642879704,1.2871007919311523,0.00026543326285714293,16,2048,,6926.432316541672
adammini-galore2-r8,adammini,galore2,8,1.1B,sdpa,666,1071,35127296,2.3267204761505127,10.24428998934323,nan,nan,nan,nan,22.217557430267334,4.097999572753906,0.01870039477944374,4.097999572753906,14.002857889980078,6.183209657669067,5066.960275236297,1.3959755897521973,0.0002651475542857143,16,2048,,6932.646676301956
adammini-galore2-r8,adammini,galore2,8,1.1B,sdpa,666,1072,35160064,2.5340709686279297,12.604715230906091,nan,nan,nan,nan,22.217557430267334,4.097999572753906,0.01870039477944374,4.097999572753906,14.002857889980078,6.199170112609863,5067.133443427182,1.497515082359314,0.00026486184571428574,16,2048,,6938.876756668091
adammini-galore2-r8,adammini,galore2,8,1.1B,sdpa,666,1073,35192832,2.358603000640869,10.576166229919911,nan,nan,nan,nan,22.217557430267334,4.097999572753906,0.01870039477944374,4.097999572753906,14.002857889980078,6.190117835998535,5067.312737514135,1.5322033166885376,0.00026457613714285717,16,2048,,6945.097741127014
adammini-galore2-r8,adammini,galore2,8,1.1B,sdpa,666,1074,35225600,2.2982373237609863,9.956616686327509,nan,nan,nan,nan,22.217557430267334,4.097999572753906,0.01870039477944374,4.097999572753906,14.002857889980078,6.181811809539795,5067.497761789209,1.4450764656066895,0.0002642904285714286,16,2048,,6951.310635328293
adammini-galore2-r8,adammini,galore2,8,1.1B,sdpa,666,1075,35258368,2.5329787731170654,12.590955932804762,nan,nan,nan,nan,22.217557430267334,4.097999572753906,0.01870039477944374,4.097999572753906,14.002857889980078,6.176078796386719,5067.686522197795,1.57865309715271,0.00026400472,16,2048,,6957.517585992813
adammini-galore2-r8,adammini,galore2,8,1.1B,sdpa,666,1076,35291136,2.618910312652588,13.72076409294463,nan,nan,nan,nan,22.217557430267334,4.097999572753906,0.01870039477944374,4.097999572753906,14.002857889980078,6.1800010204315186,5067.872213481728,1.6107544898986816,0.0002637190114285714,16,2048,,6963.72870182991
adammini-galore2-r8,adammini,galore2,8,1.1B,sdpa,666,1077,35323904,2.3840622901916504,10.848884788043408,nan,nan,nan,nan,22.217557430267334,4.097999572753906,0.01870039477944374,4.097999572753906,14.002857889980078,6.179124593734741,5068.058098420016,1.50560462474823,0.0002634333028571429,16,2048,,6969.938835144043
adammini-galore2-r8,adammini,galore2,8,1.1B,sdpa,666,1078,35356672,2.4086759090423584,11.119228523608275,nan,nan,nan,nan,22.217557430267334,4.097999572753906,0.01870039477944374,4.097999572753906,14.002857889980078,6.183362245559692,5068.240656840758,1.4983267784118652,0.00026314759428571426,16,2048,,6976.152940750122
adammini-galore2-r8,adammini,galore2,8,1.1B,sdpa,666,1079,35389440,2.3687405586242676,10.683928026157524,nan,nan,nan,nan,22.217557430267334,4.097999572753906,0.01870039477944374,4.097999572753906,14.002857889980078,6.18019962310791,5068.4252270463385,1.4676460027694702,0.0002628618857142857,16,2048,,6982.364111423492
adammini-galore2-r8,adammini,galore2,8,1.1B,sdpa,666,1080,35422208,2.3609774112701416,10.601308228335142,nan,nan,nan,nan,22.217557430267334,4.097999572753906,0.01870039477944374,4.097999572753906,14.002857889980078,6.174197673797607,5068.6138329593605,1.402804970741272,0.0002625761771428571,16,2048,,6988.569245100021
adammini-galore2-r8,adammini,galore2,8,1.1B,sdpa,666,1081,35454976,2.5383565425872803,12.658849585802262,nan,nan,nan,nan,22.217557430267334,4.097999572753906,0.01870039477944374,4.097999572753906,14.002857889980078,6.181047439575195,5068.79678632702,1.517864465713501,0.00026229046857142855,16,2048,,6994.781841278076
adammini-galore2-r8,adammini,galore2,8,1.1B,sdpa,666,1082,35487744,2.3436830043792725,10.419541197224282,nan,nan,nan,nan,22.217557430267334,4.097999572753906,0.01870039477944374,4.097999572753906,14.002857889980078,6.170169830322266,5068.987456387962,1.3890799283981323,0.00026200476000000003,16,2048,,7000.982808589935
adammini-galore2-r8,adammini,galore2,8,1.1B,sdpa,666,1083,35520512,2.4891905784606934,12.0515174137478,nan,nan,nan,nan,22.217557430267334,4.097999572753906,0.01870039477944374,4.097999572753906,14.002857889980078,6.1783270835876465,5069.172127696667,2.0772979259490967,0.0002617190514285714,16,2048,,7007.191668748856
adammini-galore2-r8,adammini,galore2,8,1.1B,sdpa,666,1084,35553280,2.457721710205078,11.678174941764446,nan,nan,nan,nan,22.217557430267334,4.097999572753906,0.01870039477944374,4.097999572753906,14.002857889980078,6.196060419082642,5069.343825804301,1.7240878343582153,0.0002614333428571429,16,2048,,7013.418823719025
adammini-galore2-r8,adammini,galore2,8,1.1B,sdpa,666,1085,35586048,2.535491704940796,12.622635934830988,nan,nan,nan,nan,22.217557430267334,4.097999572753906,0.01870039477944374,4.097999572753906,14.002857889980078,6.187549591064453,5069.521078914564,1.4596805572509766,0.00026114763428571427,16,2048,,7019.637021303177
adammini-galore2-r8,adammini,galore2,8,1.1B,sdpa,666,1086,35618816,2.208422899246216,9.101351320406456,nan,nan,nan,nan,22.217557430267334,4.097999572753906,0.01870039477944374,4.097999572753906,14.002857889980078,6.179649353027344,5069.703829709777,1.4873689413070679,0.00026086192571428575,16,2048,,7025.847720623016
adammini-galore2-r8,adammini,galore2,8,1.1B,sdpa,666,1087,35651584,2.521562337875366,12.448029507263758,nan,nan,nan,nan,22.217557430267334,4.097999572753906,0.01870039477944374,4.097999572753906,14.002857889980078,6.167971611022949,5069.894432597309,1.4899470806121826,0.00026057621714285713,16,2048,,7032.046790838242
adammini-galore2-r8,adammini,galore2,8,1.1B,sdpa,666,1088,35684352,2.557673215866089,12.905753450679605,nan,nan,nan,nan,22.217557430267334,4.097999572753906,0.01870039477944374,4.097999572753906,14.002857889980078,6.185788631439209,5070.071951389961,1.645732045173645,0.0002602905085714286,16,2048,,7038.263514280319
adammini-galore2-r8,adammini,galore2,8,1.1B,sdpa,666,1089,35717120,2.216414451599121,9.174376650192782,nan,nan,nan,nan,22.217557430267334,4.097999572753906,0.01870039477944374,4.097999572753906,14.002857889980078,6.177105188369751,5070.2553525543335,1.4052348136901855,0.00026000480000000004,16,2048,,7044.471957683563
adammini-galore2-r8,adammini,galore2,8,1.1B,sdpa,666,1090,35749888,2.414862632751465,11.18823335515626,nan,nan,nan,nan,22.217557430267334,4.097999572753906,0.01870039477944374,4.097999572753906,14.002857889980078,6.17872428894043,5070.437296038365,1.418440818786621,0.0002597190914285714,16,2048,,7050.681460618973
adammini-galore2-r8,adammini,galore2,8,1.1B,sdpa,666,1091,35782656,2.574007272720337,13.118287810093712,nan,nan,nan,nan,22.217557430267334,4.097999572753906,0.01870039477944374,4.097999572753906,14.002857889980078,6.187907457351685,5070.612209863499,3.3204526901245117,0.0002594333828571429,16,2048,,7056.900702953339
adammini-galore2-r8,adammini,galore2,8,1.1B,sdpa,666,1092,35815424,2.479370594024658,11.933750879452395,nan,nan,nan,nan,22.217557430267334,4.097999572753906,0.01870039477944374,4.097999572753906,14.002857889980078,6.166230916976929,5070.802529036482,1.503745198249817,0.0002591476742857143,16,2048,,7063.097857952118
adammini-galore2-r8,adammini,galore2,8,1.1B,sdpa,666,1093,35848192,2.362485885620117,10.617312097552151,nan,nan,nan,nan,22.217557430267334,4.097999572753906,0.01870039477944374,4.097999572753906,14.002857889980078,6.18093729019165,5070.982015683863,1.5183508396148682,0.00025886196571428576,16,2048,,7069.309860467911
adammini-galore2-r8,adammini,galore2,8,1.1B,sdpa,666,1094,35880960,2.4964230060577393,12.13899509756961,nan,nan,nan,nan,22.217557430267334,4.097999572753906,0.01870039477944374,4.097999572753906,14.002857889980078,6.192908525466919,5071.152567324829,1.5193644762039185,0.00025857625714285714,16,2048,,7075.533285856247
adammini-galore2-r8,adammini,galore2,8,1.1B,sdpa,666,1095,35913728,2.3100759983062744,10.075190323318434,nan,nan,nan,nan,22.217557430267334,4.097999572753906,0.01870039477944374,4.097999572753906,14.002857889980078,6.1962502002716064,5071.3207498761885,1.47175133228302,0.00025829054857142857,16,2048,,7081.760145664215
adammini-galore2-r8,adammini,galore2,8,1.1B,sdpa,666,1096,35946496,2.6498188972473145,14.15147554211504,nan,nan,nan,nan,22.217557430267334,4.097999572753906,0.01870039477944374,4.097999572753906,14.002857889980078,6.193504571914673,5071.490460200386,1.6068476438522339,0.00025800484,16,2048,,7087.984622001648
adammini-galore2-r8,adammini,galore2,8,1.1B,sdpa,666,1097,35979264,2.3737123012542725,10.737178029549948,nan,nan,nan,nan,22.217557430267334,4.097999572753906,0.01870039477944374,4.097999572753906,14.002857889980078,6.191110134124756,5071.6614718557585,1.5659587383270264,0.00025771913142857137,16,2048,,7094.206506729126
adammini-galore2-r8,adammini,galore2,8,1.1B,sdpa,666,1098,36012032,2.791958808898926,16.31294246324934,nan,nan,nan,nan,22.217557430267334,4.097999572753906,0.01870039477944374,4.097999572753906,14.002857889980078,6.199568271636963,5071.826231718174,1.8181824684143066,0.0002574334228571429,16,2048,,7100.436696052551
adammini-galore2-r8,adammini,galore2,8,1.1B,sdpa,666,1099,36044800,2.7482850551605225,15.615828622988886,nan,nan,nan,nan,22.217557430267334,4.097999572753906,0.01870039477944374,4.097999572753906,14.002857889980078,6.254976987838745,5071.95121186957,1.953335165977478,0.0002571477142857143,16,2048,,7106.722487449646
adammini-galore2-r8,adammini,galore2,8,1.1B,sdpa,666,1100,36077568,2.5565273761749268,12.890973995191874,2.4816775795291024,11.96131365097762,nan,nan,22.217557430267334,4.097999572753906,0.01870039477944374,4.097999572753906,14.002857889980078,6.176150798797607,5072.1321464436805,1.503008246421814,0.00025686200571428577,16,2048,,7125.403554439545
adammini-galore2-r8,adammini,galore2,8,1.1B,sdpa,666,1101,36110336,2.447697877883911,11.561699614165718,nan,nan,nan,nan,22.217557430267334,4.097999572753906,0.01870039477944374,4.097999572753906,14.002857889980078,6.175516605377197,5063.440423190703,1.4292807579040527,0.00025657629714285714,16,2048,,7131.610636472702
adammini-galore2-r8,adammini,galore2,8,1.1B,sdpa,666,1102,36143104,2.586087942123413,13.277726633045615,nan,nan,nan,nan,22.217557430267334,4.097999572753906,0.01870039477944374,4.097999572753906,14.002857889980078,6.188272953033447,5063.619423597202,1.6302212476730347,0.0002562905885714286,16,2048,,7137.829777240753
adammini-galore2-r8,adammini,galore2,8,1.1B,sdpa,666,1103,36175872,2.383887529373169,10.846988993718348,nan,nan,nan,nan,22.217557430267334,4.097999572753906,0.01870039477944374,4.097999572753906,14.002857889980078,6.214672088623047,5063.779385407027,1.5102883577346802,0.00025600488,16,2048,,7144.075250387192
adammini-galore2-r8,adammini,galore2,8,1.1B,sdpa,666,1104,36208640,2.2829768657684326,9.805827636936126,nan,nan,nan,nan,22.217557430267334,4.097999572753906,0.01870039477944374,4.097999572753906,14.002857889980078,6.178287982940674,5063.964992683409,1.5353022813796997,0.00025571917142857143,16,2048,,7150.284587144852
adammini-galore2-r8,adammini,galore2,8,1.1B,sdpa,666,1105,36241408,2.374721050262451,10.748014612014883,nan,nan,nan,nan,22.217557430267334,4.097999572753906,0.01870039477944374,4.097999572753906,14.002857889980078,6.183199405670166,5064.146472577002,1.7340927124023438,0.00025543346285714286,16,2048,,7156.498820543289
adammini-galore2-r8,adammini,galore2,8,1.1B,sdpa,666,1106,36274176,2.473696231842041,11.866226215646606,nan,nan,nan,nan,22.217557430267334,4.097999572753906,0.01870039477944374,4.097999572753906,14.002857889980078,6.181275844573975,5064.329144097255,1.4239050149917603,0.0002551477542857143,16,2048,,7162.71137046814
adammini-galore2-r8,adammini,galore2,8,1.1B,sdpa,666,1107,36306944,2.304245710372925,10.016619969674693,nan,nan,nan,nan,22.217557430267334,4.097999572753906,0.01870039477944374,4.097999572753906,14.002857889980078,6.317958831787109,5064.414717457037,1.4269063472747803,0.0002548620457142858,16,2048,,7169.060316562653
adammini-galore2-r8,adammini,galore2,8,1.1B,sdpa,666,1108,36339712,2.3175718784332275,10.150996504310207,nan,nan,nan,nan,22.217557430267334,4.097999572753906,0.01870039477944374,4.097999572753906,14.002857889980078,6.179214715957642,5064.598314491368,1.5720371007919312,0.00025457633714285715,16,2048,,7175.270382165909
adammini-galore2-r8,adammini,galore2,8,1.1B,sdpa,666,1109,36372480,2.3162639141082764,10.137728042248986,nan,nan,nan,nan,22.217557430267334,4.097999572753906,0.01870039477944374,4.097999572753906,14.002857889980078,6.172041654586792,5064.786720125175,1.400481104850769,0.0002542906285714286,16,2048,,7181.473022937775
adammini-galore2-r8,adammini,galore2,8,1.1B,sdpa,666,1110,36405248,2.4029531478881836,11.055777565057491,nan,nan,nan,nan,22.217557430267334,4.097999572753906,0.01870039477944374,4.097999572753906,14.002857889980078,6.1627891063690186,5064.981290911274,1.3893187046051025,0.00025400492,16,2048,,7187.667012691498
adammini-galore2-r8,adammini,galore2,8,1.1B,sdpa,666,1111,36438016,2.3150248527526855,10.125174554075468,nan,nan,nan,nan,22.217557430267334,4.097999572753906,0.01870039477944374,4.097999572753906,14.002857889980078,6.176539897918701,5065.165680402678,1.4119569063186646,0.00025371921142857144,16,2048,,7193.8746218681335
adammini-galore2-r8,adammini,galore2,8,1.1B,sdpa,666,1112,36470784,2.386831760406494,10.878972095047748,nan,nan,nan,nan,22.217557430267334,4.097999572753906,0.01870039477944374,4.097999572753906,14.002857889980078,6.165836572647095,5065.3573872496845,1.5003576278686523,0.00025343350285714287,16,2048,,7200.071428060532
adammini-galore2-r8,adammini,galore2,8,1.1B,sdpa,666,1113,36503552,2.393125534057617,10.947657802389397,nan,nan,nan,nan,22.217557430267334,4.097999572753906,0.01870039477944374,4.097999572753906,14.002857889980078,6.187095403671265,5065.533778868532,1.543578028678894,0.00025314779428571425,16,2048,,7206.289480447769
adammini-galore2-r8,adammini,galore2,8,1.1B,sdpa,666,1114,36536320,2.391573905944824,10.93068428047624,nan,nan,nan,nan,22.217557430267334,4.097999572753906,0.01870039477944374,4.097999572753906,14.002857889980078,6.187621116638184,5065.7094483767405,1.395517349243164,0.0002528620857142858,16,2048,,7212.508009195328
adammini-galore2-r8,adammini,galore2,8,1.1B,sdpa,666,1115,36569088,2.3178858757019043,10.154184389954409,nan,nan,nan,nan,22.217557430267334,4.097999572753906,0.01870039477944374,4.097999572753906,14.002857889980078,6.191752672195435,5065.882114241705,1.5269546508789062,0.00025257637714285716,16,2048,,7218.730592489243
adammini-galore2-r8,adammini,galore2,8,1.1B,sdpa,666,1116,36601856,2.4488484859466553,11.57501025515773,nan,nan,nan,nan,22.217557430267334,4.097999572753906,0.01870039477944374,4.097999572753906,14.002857889980078,6.187189817428589,5066.057659052425,1.428564429283142,0.0002522906685714286,16,2048,,7224.948463439941
adammini-galore2-r8,adammini,galore2,8,1.1B,sdpa,666,1117,36634624,2.4954333305358887,12.126987374116757,nan,nan,nan,nan,22.217557430267334,4.097999572753906,0.01870039477944374,4.097999572753906,14.002857889980078,6.183154821395874,5066.235741466012,1.4827048778533936,0.00025200496,16,2048,,7231.162374258041
adammini-galore2-r8,adammini,galore2,8,1.1B,sdpa,666,1118,36667392,2.26374888420105,9.619082483572715,nan,nan,nan,nan,22.217557430267334,4.097999572753906,0.01870039477944374,4.097999572753906,14.002857889980078,6.1868979930877686,5066.410927928301,1.3732898235321045,0.00025171925142857145,16,2048,,7237.380250453949
adammini-galore2-r8,adammini,galore2,8,1.1B,sdpa,666,1119,36700160,2.411064863204956,11.145823605441946,nan,nan,nan,nan,22.217557430267334,4.097999572753906,0.01870039477944374,4.097999572753906,14.002857889980078,6.182213068008423,5066.589016517354,1.4117240905761719,0.0002514335428571429,16,2048,,7243.593371391296
adammini-galore2-r8,adammini,galore2,8,1.1B,sdpa,666,1120,36732928,2.3348324298858643,10.327729165606398,nan,nan,nan,nan,22.217557430267334,4.097999572753906,0.01870039477944374,4.097999572753906,14.002857889980078,6.182505369186401,5066.7662724860165,1.4220497608184814,0.00025114783428571426,16,2048,,7249.806932210922
adammini-galore2-r8,adammini,galore2,8,1.1B,sdpa,666,1121,36765696,2.219852924346924,9.205976791260209,nan,nan,nan,nan,22.217557430267334,4.097999572753906,0.01870039477944374,4.097999572753906,14.002857889980078,6.214733362197876,5066.920774885378,1.4203604459762573,0.00025086212571428574,16,2048,,7256.052827358246
adammini-galore2-r8,adammini,galore2,8,1.1B,sdpa,666,1122,36798464,2.554068088531494,12.859310333118867,nan,nan,nan,nan,22.217557430267334,4.097999572753906,0.01870039477944374,4.097999572753906,14.002857889980078,6.206953763961792,5067.080198181358,1.6038856506347656,0.0002505764171428571,16,2048,,7262.291403770447
adammini-galore2-r8,adammini,galore2,8,1.1B,sdpa,666,1123,36831232,2.4701390266418457,11.824090600990372,nan,nan,nan,nan,22.217557430267334,4.097999572753906,0.01870039477944374,4.097999572753906,14.002857889980078,6.195705890655518,5067.247405031077,1.5473839044570923,0.00025029070857142855,16,2048,,7268.51868391037
adammini-galore2-r8,adammini,galore2,8,1.1B,sdpa,666,1124,36864000,2.3400485515594482,10.381740600191769,nan,nan,nan,nan,22.217557430267334,4.097999572753906,0.01870039477944374,4.097999572753906,14.002857889980078,6.205587863922119,5067.40747694086,1.4696587324142456,0.000250005,16,2048,,7274.755423069
adammini-galore2-r8,adammini,galore2,8,1.1B,sdpa,666,1125,36896768,2.4423134326934814,11.499613575721668,nan,nan,nan,nan,22.217557430267334,4.097999572753906,0.01870039477944374,4.097999572753906,14.002857889980078,6.195478916168213,5067.57453317103,1.591288685798645,0.00024971929142857146,16,2048,,7280.981640815735
adammini-galore2-r8,adammini,galore2,8,1.1B,sdpa,666,1126,36929536,2.2617437839508057,9.599814582369977,nan,nan,nan,nan,22.217557430267334,4.097999572753906,0.01870039477944374,4.097999572753906,14.002857889980078,6.189631462097168,5067.745507392676,1.8936339616775513,0.0002494335828571429,16,2048,,7287.202396154404
adammini-galore2-r8,adammini,galore2,8,1.1B,sdpa,666,1127,36962304,2.270287275314331,9.682181866428959,nan,nan,nan,nan,22.217557430267334,4.097999572753906,0.01870039477944374,4.097999572753906,14.002857889980078,6.187620639801025,5067.917329443332,1.4834487438201904,0.0002491478742857143,16,2048,,7293.420966386795
adammini-galore2-r8,adammini,galore2,8,1.1B,sdpa,666,1128,36995072,2.385087728500366,10.86001535599196,nan,nan,nan,nan,22.217557430267334,4.097999572753906,0.01870039477944374,4.097999572753906,14.002857889980078,6.186451196670532,5068.089827269449,1.4011553525924683,0.0002488621657142857,16,2048,,7299.638140678406
adammini-galore2-r8,adammini,galore2,8,1.1B,sdpa,666,1129,37027840,2.745457172393799,15.571731270795905,nan,nan,nan,nan,22.217557430267334,4.097999572753906,0.01870039477944374,4.097999572753906,14.002857889980078,6.201643228530884,5068.251535707137,2.0717859268188477,0.0002485764571428571,16,2048,,7305.8704833984375
adammini-galore2-r8,adammini,galore2,8,1.1B,sdpa,666,1130,37060608,2.1365089416503906,8.46981732936488,nan,nan,nan,nan,22.217557430267334,4.097999572753906,0.01870039477944374,4.097999572753906,14.002857889980078,6.129859685897827,5068.46265498595,2.4282331466674805,0.0002482907485714286,16,2048,,7312.031373977661
adammini-galore2-r8,adammini,galore2,8,1.1B,sdpa,666,1131,37093376,2.331226348876953,10.290553606920561,nan,nan,nan,nan,22.217557430267334,4.097999572753906,0.01870039477944374,4.097999572753906,14.002857889980078,6.179753541946411,5068.638741068379,1.4449175596237183,0.00024800504000000004,16,2048,,7318.242151260376
adammini-galore2-r8,adammini,galore2,8,1.1B,sdpa,666,1132,37126144,2.338451385498047,10.365172470995722,nan,nan,nan,nan,22.217557430267334,4.097999572753906,0.01870039477944374,4.097999572753906,14.002857889980078,6.174540758132935,5068.818368968867,1.4988011121749878,0.00024771933142857147,16,2048,,7324.447465419769
adammini-galore2-r8,adammini,galore2,8,1.1B,sdpa,666,1133,37158912,2.2573440074920654,9.557670324804155,nan,nan,nan,nan,22.217557430267334,4.097999572753906,0.01870039477944374,4.097999572753906,14.002857889980078,6.17798376083374,5068.995248516844,1.3885859251022339,0.0002474336228571429,16,2048,,7330.656038045883
adammini-galore2-r8,adammini,galore2,8,1.1B,sdpa,666,1134,37191680,2.908048629760742,18.321012583813122,nan,nan,nan,nan,22.217557430267334,4.097999572753906,0.01870039477944374,4.097999572753906,14.002857889980078,6.2099997997283936,5069.1498136717555,3.0389249324798584,0.00024714791428571433,16,2048,,7336.8971247673035
adammini-galore2-r8,adammini,galore2,8,1.1B,sdpa,666,1135,37224448,2.5959413051605225,13.409203575146522,nan,nan,nan,nan,22.217557430267334,4.097999572753906,0.01870039477944374,4.097999572753906,14.002857889980078,6.178706407546997,5069.325503764985,2.198246955871582,0.0002468622057142857,16,2048,,7343.10690164566
adammini-galore2-r8,adammini,galore2,8,1.1B,sdpa,666,1136,37257216,2.316164493560791,10.136720193878016,nan,nan,nan,nan,22.217557430267334,4.097999572753906,0.01870039477944374,4.097999572753906,14.002857889980078,6.203216075897217,5069.483982809288,1.5137557983398438,0.00024657649714285713,16,2048,,7349.341101408005
adammini-galore2-r8,adammini,galore2,8,1.1B,sdpa,666,1137,37289984,2.266382932662964,9.644453011925346,nan,nan,nan,nan,22.217557430267334,4.097999572753906,0.01870039477944374,4.097999572753906,14.002857889980078,6.207708835601807,5069.639117553413,1.679028034210205,0.00024629078857142856,16,2048,,7355.579727172852
adammini-galore2-r8,adammini,galore2,8,1.1B,sdpa,666,1138,37322752,2.4600207805633545,11.705054775085886,nan,nan,nan,nan,22.217557430267334,4.097999572753906,0.01870039477944374,4.097999572753906,14.002857889980078,6.184069871902466,5069.810327811258,1.5935964584350586,0.00024600508000000005,16,2048,,7361.794575214386
adammini-galore2-r8,adammini,galore2,8,1.1B,sdpa,666,1139,37355520,2.4238877296447754,11.289665273207483,nan,nan,nan,nan,22.217557430267334,4.097999572753906,0.01870039477944374,4.097999572753906,14.002857889980078,6.175230979919434,5069.987371238536,1.4231635332107544,0.0002457193714285715,16,2048,,7368.000883579254
adammini-galore2-r8,adammini,galore2,8,1.1B,sdpa,666,1140,37388288,2.4739885330200195,11.869695234522052,nan,nan,nan,nan,22.217557430267334,4.097999572753906,0.01870039477944374,4.097999572753906,14.002857889980078,6.16792368888855,5070.168798734953,1.6061360836029053,0.0002454336628571429,16,2048,,7374.200283050537
adammini-galore2-r8,adammini,galore2,8,1.1B,sdpa,666,1141,37421056,2.4839346408843994,11.988341560128378,nan,nan,nan,nan,22.217557430267334,4.097999572753906,0.01870039477944374,4.097999572753906,14.002857889980078,6.184715270996094,5070.338375909388,1.6389375925064087,0.00024514795428571434,16,2048,,7380.415933609009
adammini-galore2-r8,adammini,galore2,8,1.1B,sdpa,666,1142,37453824,2.3806166648864746,10.811567922971939,nan,nan,nan,nan,22.217557430267334,4.097999572753906,0.01870039477944374,4.097999572753906,14.002857889980078,6.191016435623169,5070.503645530334,1.4553570747375488,0.00024486224571428577,16,2048,,7386.637878656387
adammini-galore2-r8,adammini,galore2,8,1.1B,sdpa,666,1143,37486592,2.707132577896118,14.986241965220007,nan,nan,nan,nan,22.217557430267334,4.097999572753906,0.01870039477944374,4.097999572753906,14.002857889980078,6.177799940109253,5070.677719868222,1.8506907224655151,0.00024457653714285714,16,2048,,7392.846731185913
adammini-galore2-r8,adammini,galore2,8,1.1B,sdpa,666,1144,37519360,2.4017751216888428,11.042761237724358,nan,nan,nan,nan,22.217557430267334,4.097999572753906,0.01870039477944374,4.097999572753906,14.002857889980078,6.18564248085022,5070.8460610867705,1.4824594259262085,0.00024429082857142857,16,2048,,7399.0631148815155
adammini-galore2-r8,adammini,galore2,8,1.1B,sdpa,666,1145,37552128,2.192847728729248,8.96069444252189,nan,nan,nan,nan,22.217557430267334,4.097999572753906,0.01870039477944374,4.097999572753906,14.002857889980078,6.1770570278167725,5071.020000015357,1.5218852758407593,0.00024400512,16,2048,,7405.271022081375
adammini-galore2-r8,adammini,galore2,8,1.1B,sdpa,666,1146,37584896,2.31185245513916,10.093104371066087,nan,nan,nan,nan,22.217557430267334,4.097999572753906,0.01870039477944374,4.097999572753906,14.002857889980078,6.189622402191162,5071.185190974565,1.542222023010254,0.00024371941142857143,16,2048,,7411.491684436798
adammini-galore2-r8,adammini,galore2,8,1.1B,sdpa,666,1147,37617664,2.4386699199676514,11.4577908244467,nan,nan,nan,nan,22.217557430267334,4.097999572753906,0.01870039477944374,4.097999572753906,14.002857889980078,6.18949556350708,5071.35006070544,1.7153005599975586,0.00024343370285714286,16,2048,,7417.712193727493
adammini-galore2-r8,adammini,galore2,8,1.1B,sdpa,666,1148,37650432,2.5477733612060547,12.778618713291618,nan,nan,nan,nan,22.217557430267334,4.097999572753906,0.01870039477944374,4.097999572753906,14.002857889980078,6.178429365158081,5071.522139741532,1.6085103750228882,0.00024314799428571432,16,2048,,7423.9213354587555
adammini-galore2-r8,adammini,galore2,8,1.1B,sdpa,666,1149,37683200,2.267237901687622,9.652702246427806,nan,nan,nan,nan,22.217557430267334,4.097999572753906,0.01870039477944374,4.097999572753906,14.002857889980078,6.188760280609131,5071.6871303608605,1.5205554962158203,0.00024286228571428575,16,2048,,7430.140539884567
adammini-galore2-r8,adammini,galore2,8,1.1B,sdpa,666,1150,37715968,2.4158177375793457,11.198924395568664,2.4802161638003986,11.943845965955802,nan,nan,22.217557430267334,4.097999572753906,0.01870039477944374,4.097999572753906,14.002857889980078,6.1751697063446045,5071.861058836367,1.755859136581421,0.00024257657714285712,16,2048,,7448.369474649429
adammini-galore2-r8,adammini,galore2,8,1.1B,sdpa,666,1151,37748736,2.5996484756469727,13.459006034954962,nan,nan,nan,nan,22.217557430267334,4.097999572753906,0.01870039477944374,4.097999572753906,14.002857889980078,6.194406747817993,5063.8409771390225,1.9439774751663208,0.00024229086857142858,16,2048,,7454.595395565033
adammini-galore2-r8,adammini,galore2,8,1.1B,sdpa,666,1152,37781504,2.5148041248321533,12.364186704761742,nan,nan,nan,nan,22.217557430267334,4.097999572753906,0.01870039477944374,4.097999572753906,14.002857889980078,6.147858381271362,5064.039459131879,1.5297259092330933,0.00024200516,16,2048,,7460.7741940021515
adammini-galore2-r8,adammini,galore2,8,1.1B,sdpa,666,1153,37814272,2.413800001144409,11.17635069932693,nan,nan,nan,nan,22.217557430267334,4.097999572753906,0.01870039477944374,4.097999572753906,14.002857889980078,6.16206693649292,5064.227717871119,1.5667638778686523,0.00024171945142857144,16,2048,,7466.967225313187
adammini-galore2-r8,adammini,galore2,8,1.1B,sdpa,666,1154,37847040,2.3668205738067627,10.663434726263757,nan,nan,nan,nan,22.217557430267334,4.097999572753906,0.01870039477944374,4.097999572753906,14.002857889980078,6.1767919063568115,5064.405832120423,1.3919707536697388,0.00024143374285714287,16,2048,,7473.174580574036
adammini-galore2-r8,adammini,galore2,8,1.1B,sdpa,666,1155,37879808,2.461137533187866,11.718133727343877,nan,nan,nan,nan,22.217557430267334,4.097999572753906,0.01870039477944374,4.097999572753906,14.002857889980078,6.173214435577393,5064.586213300065,1.4788521528244019,0.0002411480342857143,16,2048,,7479.378390312195
adammini-galore2-r8,adammini,galore2,8,1.1B,sdpa,666,1156,37912576,2.680100917816162,14.586565265917482,nan,nan,nan,nan,22.217557430267334,4.097999572753906,0.01870039477944374,4.097999572753906,14.002857889980078,6.226756811141968,5064.730078843649,1.7154314517974854,0.00024086232571428573,16,2048,,7485.635999917984
adammini-galore2-r8,adammini,galore2,8,1.1B,sdpa,666,1157,37945344,2.3269338607788086,10.246476196597978,nan,nan,nan,nan,22.217557430267334,4.097999572753906,0.01870039477944374,4.097999572753906,14.002857889980078,6.170540809631348,5064.911561689494,1.6045902967453003,0.00024057661714285713,16,2048,,7491.837334394455
adammini-galore2-r8,adammini,galore2,8,1.1B,sdpa,666,1158,37978112,2.4613711833953857,11.720871991606561,nan,nan,nan,nan,22.217557430267334,4.097999572753906,0.01870039477944374,4.097999572753906,14.002857889980078,6.190642595291138,5065.079114059172,1.7347145080566406,0.00024029090857142856,16,2048,,7498.059082746506
adammini-galore2-r8,adammini,galore2,8,1.1B,sdpa,666,1159,38010880,2.4993526935577393,12.174610705596077,nan,nan,nan,nan,22.217557430267334,4.097999572753906,0.01870039477944374,4.097999572753906,14.002857889980078,6.199791431427002,5065.240128486679,1.5167652368545532,0.00024000520000000002,16,2048,,7504.289782047272
adammini-galore2-r8,adammini,galore2,8,1.1B,sdpa,666,1160,38043648,2.2933433055877686,9.908007866565297,nan,nan,nan,nan,22.217557430267334,4.097999572753906,0.01870039477944374,4.097999572753906,14.002857889980078,6.160106182098389,5065.427864540238,1.5386412143707275,0.00023971949142857145,16,2048,,7510.480661869049
adammini-galore2-r8,adammini,galore2,8,1.1B,sdpa,666,1161,38076416,2.4714763164520264,11.839913414351216,nan,nan,nan,nan,22.217557430267334,4.097999572753906,0.01870039477944374,4.097999572753906,14.002857889980078,6.1901535987854,5065.594892930326,1.48177170753479,0.00023943378285714288,16,2048,,7516.7013285160065
adammini-galore2-r8,adammini,galore2,8,1.1B,sdpa,666,1162,38109184,2.6236963272094727,13.786589264089823,nan,nan,nan,nan,22.217557430267334,4.097999572753906,0.01870039477944374,4.097999572753906,14.002857889980078,6.259791851043701,5065.714880971714,2.684072971343994,0.0002391480742857143,16,2048,,7522.992017030716
adammini-galore2-r8,adammini,galore2,8,1.1B,sdpa,666,1163,38141952,1.479055643081665,4.388799130493063,nan,nan,nan,nan,22.217557430267334,4.097999572753906,0.01870039477944374,4.097999572753906,14.002857889980078,6.092504024505615,5065.947276202338,1.779207468032837,0.00023886236571428574,16,2048,,7529.115483999252
adammini-galore2-r8,adammini,galore2,8,1.1B,sdpa,666,1164,38174720,2.1468780040740967,8.558098298432649,nan,nan,nan,nan,22.217557430267334,4.097999572753906,0.01870039477944374,4.097999572753906,14.002857889980078,6.185852289199829,5066.116294924137,1.4860097169876099,0.0002385766571428571,16,2048,,7535.33252620697
adammini-galore2-r8,adammini,galore2,8,1.1B,sdpa,666,1165,38207488,2.4024035930633545,11.049703478329082,nan,nan,nan,nan,22.217557430267334,4.097999572753906,0.01870039477944374,4.097999572753906,14.002857889980078,6.200967073440552,5066.274789973693,1.5444648265838623,0.00023829094857142854,16,2048,,7541.564531803131
adammini-galore2-r8,adammini,galore2,8,1.1B,sdpa,666,1166,38240256,2.506059169769287,12.256533843412171,nan,nan,nan,nan,22.217557430267334,4.097999572753906,0.01870039477944374,4.097999572753906,14.002857889980078,6.192882537841797,5066.438516927533,1.4979323148727417,0.00023800524,16,2048,,7547.788345336914
adammini-galore2-r8,adammini,galore2,8,1.1B,sdpa,666,1167,38273024,2.7953038215637207,16.36760082788509,nan,nan,nan,nan,22.217557430267334,4.097999572753906,0.01870039477944374,4.097999572753906,14.002857889980078,6.2011878490448,5066.596592091958,2.1337993144989014,0.00023771953142857146,16,2048,,7554.020574092865
adammini-galore2-r8,adammini,galore2,8,1.1B,sdpa,666,1168,38305792,2.2026126384735107,9.048623425597548,nan,nan,nan,nan,22.217557430267334,4.097999572753906,0.01870039477944374,4.097999572753906,14.002857889980078,6.193623781204224,5066.759140438064,1.5602799654006958,0.00023743382285714289,16,2048,,7560.245114803314
adammini-galore2-r8,adammini,galore2,8,1.1B,sdpa,666,1169,38338560,2.33659029006958,10.345899835564376,nan,nan,nan,nan,22.217557430267334,4.097999572753906,0.01870039477944374,4.097999572753906,14.002857889980078,6.178034543991089,5066.932245572776,1.9780157804489136,0.00023714811428571432,16,2048,,7566.4538288116455
adammini-galore2-r8,adammini,galore2,8,1.1B,sdpa,666,1170,38371328,2.450147867202759,11.590060382331522,nan,nan,nan,nan,22.217557430267334,4.097999572753906,0.01870039477944374,4.097999572753906,14.002857889980078,6.1916184425354,5067.095991461463,1.4442603588104248,0.00023686240571428574,16,2048,,7572.676308393478
adammini-galore2-r8,adammini,galore2,8,1.1B,sdpa,666,1171,38404096,2.4999661445617676,12.182081524013322,nan,nan,nan,nan,22.217557430267334,4.097999572753906,0.01870039477944374,4.097999572753906,14.002857889980078,6.1627585887908936,5067.278523965458,1.5595660209655762,0.00023657669714285717,16,2048,,7578.869803190231
adammini-galore2-r8,adammini,galore2,8,1.1B,sdpa,666,1172,38436864,2.5243449211120605,12.482715421341661,nan,nan,nan,nan,22.217557430267334,4.097999572753906,0.01870039477944374,4.097999572753906,14.002857889980078,6.182071685791016,5067.448237216108,1.544225811958313,0.00023629098857142855,16,2048,,7585.08265376091
adammini-galore2-r8,adammini,galore2,8,1.1B,sdpa,666,1173,38469632,2.3324131965637207,10.302774177207782,nan,nan,nan,nan,22.217557430267334,4.097999572753906,0.01870039477944374,4.097999572753906,14.002857889980078,6.180527448654175,5067.618516067355,1.785070776939392,0.00023600527999999998,16,2048,,7591.293660402298
adammini-galore2-r8,adammini,galore2,8,1.1B,sdpa,666,1174,38502400,2.490326404571533,12.065213618682709,nan,nan,nan,nan,22.217557430267334,4.097999572753906,0.01870039477944374,4.097999572753906,14.002857889980078,6.173460006713867,5067.7933449248685,2.4837958812713623,0.0002357195714285714,16,2048,,7597.497931480408
adammini-galore2-r8,adammini,galore2,8,1.1B,sdpa,666,1175,38535168,2.567821741104126,13.037394667558706,nan,nan,nan,nan,22.217557430267334,4.097999572753906,0.01870039477944374,4.097999572753906,14.002857889980078,6.184445858001709,5067.960512860512,1.619399905204773,0.0002354338628571429,16,2048,,7603.713117361069
adammini-galore2-r8,adammini,galore2,8,1.1B,sdpa,666,1176,38567936,2.145887613296509,8.549626632626502,nan,nan,nan,nan,22.217557430267334,4.097999572753906,0.01870039477944374,4.097999572753906,14.002857889980078,6.170102596282959,5068.136862752683,1.5179070234298706,0.00023514815428571432,16,2048,,7609.913845539093
adammini-galore2-r8,adammini,galore2,8,1.1B,sdpa,666,1177,38600704,2.4981508255004883,12.159987219390318,nan,nan,nan,nan,22.217557430267334,4.097999572753906,0.01870039477944374,4.097999572753906,14.002857889980078,6.210988759994507,5068.285697083173,1.5409009456634521,0.00023486244571428575,16,2048,,7616.15553855896
adammini-galore2-r8,adammini,galore2,8,1.1B,sdpa,666,1178,38633472,2.381660223007202,10.822856311496077,nan,nan,nan,nan,22.217557430267334,4.097999572753906,0.01870039477944374,4.097999572753906,14.002857889980078,6.196277618408203,5068.444055942956,1.506188154220581,0.00023457673714285718,16,2048,,7622.382945775986
adammini-galore2-r8,adammini,galore2,8,1.1B,sdpa,666,1179,38666240,2.214149236679077,9.153618235334484,nan,nan,nan,nan,22.217557430267334,4.097999572753906,0.01870039477944374,4.097999572753906,14.002857889980078,6.167847633361816,5068.62101196677,1.3673512935638428,0.00023429102857142856,16,2048,,7628.581807613373
adammini-galore2-r8,adammini,galore2,8,1.1B,sdpa,666,1180,38699008,2.2707324028015137,9.686492631062345,nan,nan,nan,nan,22.217557430267334,4.097999572753906,0.01870039477944374,4.097999572753906,14.002857889980078,6.20068097114563,5068.775950218421,2.308509588241577,0.00023400532,16,2048,,7634.813204050064
adammini-galore2-r8,adammini,galore2,8,1.1B,sdpa,666,1181,38731776,2.2892966270446777,9.867994359231448,nan,nan,nan,nan,22.217557430267334,4.097999572753906,0.01870039477944374,4.097999572753906,14.002857889980078,6.178359270095825,5068.945317927914,1.3462646007537842,0.00023371961142857142,16,2048,,7641.02262878418
adammini-galore2-r8,adammini,galore2,8,1.1B,sdpa,666,1182,38764544,2.5156776905059814,12.374992352886302,nan,nan,nan,nan,22.217557430267334,4.097999572753906,0.01870039477944374,4.097999572753906,14.002857889980078,6.18461275100708,5069.110339144225,1.897495985031128,0.00023343390285714285,16,2048,,7647.238023519516
adammini-galore2-r8,adammini,galore2,8,1.1B,sdpa,666,1183,38797312,2.3519058227539062,10.505572416835095,nan,nan,nan,nan,22.217557430267334,4.097999572753906,0.01870039477944374,4.097999572753906,14.002857889980078,6.17897367477417,5069.278921511963,1.6371867656707764,0.0002331481942857143,16,2048,,7653.447891712189
adammini-galore2-r8,adammini,galore2,8,1.1B,sdpa,666,1184,38830080,2.455634355545044,11.653823872379705,nan,nan,nan,nan,22.217557430267334,4.097999572753906,0.01870039477944374,4.097999572753906,14.002857889980078,6.183061122894287,5069.444478122185,1.5800046920776367,0.00023286248571428576,16,2048,,7659.661751747131
adammini-galore2-r8,adammini,galore2,8,1.1B,sdpa,666,1185,38862848,2.3745739459991455,10.746433649529395,nan,nan,nan,nan,22.217557430267334,4.097999572753906,0.01870039477944374,4.097999572753906,14.002857889980078,6.18299412727356,5069.609749778784,1.4764742851257324,0.0002325767771428572,16,2048,,7665.875478744507
adammini-galore2-r8,adammini,galore2,8,1.1B,sdpa,666,1186,38895616,2.2788500785827637,9.765444456805978,nan,nan,nan,nan,22.217557430267334,4.097999572753906,0.01870039477944374,4.097999572753906,14.002857889980078,6.181013107299805,5069.776150233538,1.7189228534698486,0.00023229106857142857,16,2048,,7672.087302684784
adammini-galore2-r8,adammini,galore2,8,1.1B,sdpa,666,1187,38928384,2.334172487258911,10.320915705384092,nan,nan,nan,nan,22.217557430267334,4.097999572753906,0.01870039477944374,4.097999572753906,14.002857889980078,6.18854022026062,5069.937318246965,1.430275559425354,0.00023200536,16,2048,,7678.306530237198
adammini-galore2-r8,adammini,galore2,8,1.1B,sdpa,666,1188,38961152,2.3675804138183594,10.671540309713148,nan,nan,nan,nan,22.217557430267334,4.097999572753906,0.01870039477944374,4.097999572753906,14.002857889980078,6.204965829849243,5070.087084004588,1.3919602632522583,0.00023171965142857143,16,2048,,7684.542961359024
adammini-galore2-r8,adammini,galore2,8,1.1B,sdpa,666,1189,38993920,2.556091785430908,12.885360029022802,nan,nan,nan,nan,22.217557430267334,4.097999572753906,0.01870039477944374,4.097999572753906,14.002857889980078,6.1769585609436035,5070.255159162775,1.770289421081543,0.00023143394285714286,16,2048,,7690.751034259796
adammini-galore2-r8,adammini,galore2,8,1.1B,sdpa,666,1190,39026688,2.494659662246704,12.117608736986941,nan,nan,nan,nan,22.217557430267334,4.097999572753906,0.01870039477944374,4.097999572753906,14.002857889980078,6.185991525650024,5070.416728531619,1.6472887992858887,0.00023114823428571429,16,2048,,7696.968442440033
adammini-galore2-r8,adammini,galore2,8,1.1B,sdpa,666,1191,39059456,2.341346502304077,10.395224336854376,nan,nan,nan,nan,22.217557430267334,4.097999572753906,0.01870039477944374,4.097999572753906,14.002857889980078,6.180861234664917,5070.581798738584,1.425736665725708,0.00023086252571428574,16,2048,,7703.180130243301
adammini-galore2-r8,adammini,galore2,8,1.1B,sdpa,666,1192,39092224,2.4507992267608643,11.597612138127735,nan,nan,nan,nan,22.217557430267334,4.097999572753906,0.01870039477944374,4.097999572753906,14.002857889980078,6.18009614944458,5070.747322883111,1.4406381845474243,0.00023057681714285717,16,2048,,7709.391041278839
adammini-galore2-r8,adammini,galore2,8,1.1B,sdpa,666,1193,39124992,2.2478373050689697,9.467238930424656,nan,nan,nan,nan,22.217557430267334,4.097999572753906,0.01870039477944374,4.097999572753906,14.002857889980078,6.181320905685425,5070.91158740828,1.49677312374115,0.00023029110857142855,16,2048,,7715.603089570999
adammini-galore2-r8,adammini,galore2,8,1.1B,sdpa,666,1194,39157760,2.434317111968994,11.408025648601624,nan,nan,nan,nan,22.217557430267334,4.097999572753906,0.01870039477944374,4.097999572753906,14.002857889980078,6.164271354675293,5071.086965647632,1.9696964025497437,0.0002300054,16,2048,,7721.7981243133545
adammini-galore2-r8,adammini,galore2,8,1.1B,sdpa,666,1195,39190528,2.1391873359680176,8.492533247484248,nan,nan,nan,nan,22.217557430267334,4.097999572753906,0.01870039477944374,4.097999572753906,14.002857889980078,6.169642686843872,5071.258366922024,1.541337013244629,0.00022971969142857144,16,2048,,7727.998581409454
adammini-galore2-r8,adammini,galore2,8,1.1B,sdpa,666,1196,39223296,2.3070337772369385,10.04458594328804,nan,nan,nan,nan,22.217557430267334,4.097999572753906,0.01870039477944374,4.097999572753906,14.002857889980078,6.180077791213989,5071.422732818963,2.0592539310455322,0.00022943398285714286,16,2048,,7734.209560394287
adammini-galore2-r8,adammini,galore2,8,1.1B,sdpa,666,1197,39256064,2.322023630142212,10.196286956472564,nan,nan,nan,nan,22.217557430267334,4.097999572753906,0.01870039477944374,4.097999572753906,14.002857889980078,6.1844799518585205,5071.5823861176095,1.557457685470581,0.0002291482742857143,16,2048,,7740.4269461631775
adammini-galore2-r8,adammini,galore2,8,1.1B,sdpa,666,1198,39288832,2.299856662750244,9.972752885390808,nan,nan,nan,nan,22.217557430267334,4.097999572753906,0.01870039477944374,4.097999572753906,14.002857889980078,6.2012200355529785,5071.729390419606,1.495827078819275,0.00022886256571428572,16,2048,,7746.66378235817
adammini-galore2-r8,adammini,galore2,8,1.1B,sdpa,666,1199,39321600,2.497925281524658,12.157244916793355,nan,nan,nan,nan,22.217557430267334,4.097999572753906,0.01870039477944374,4.097999572753906,14.002857889980078,6.299057722091675,5071.814068613692,2.4359593391418457,0.00022857685714285718,16,2048,,7752.994880199432
adammini-galore2-r8,adammini,galore2,8,1.1B,sdpa,666,1200,39354368,2.4631199836730957,11.7413873892385,2.4869798436958748,12.024904133523338,nan,nan,22.217557430267334,4.097999572753906,0.01870039477944374,4.097999572753906,14.002857889980078,6.46677041053772,5071.788723667416,2.055121421813965,0.00022829114857142856,16,2048,,7772.284917831421
adammini-galore2-r8,adammini,galore2,8,1.1B,sdpa,666,1201,39387136,2.4937918186187744,12.107097109343075,nan,nan,nan,nan,22.217557430267334,4.097999572753906,0.01870039477944374,4.097999572753906,14.002857889980078,6.18632698059082,5063.607454228687,1.7514746189117432,0.00022800544,16,2048,,7778.502981901169
adammini-galore2-r8,adammini,galore2,8,1.1B,sdpa,666,1202,39419904,2.4313199520111084,11.373885158740586,nan,nan,nan,nan,22.217557430267334,4.097999572753906,0.01870039477944374,4.097999572753906,14.002857889980078,6.174342155456543,5063.780541347711,1.8366081714630127,0.00022771973142857142,16,2048,,7784.7079973220825
adammini-galore2-r8,adammini,galore2,8,1.1B,sdpa,666,1203,39452672,2.420234441757202,11.248496122977759,nan,nan,nan,nan,22.217557430267334,4.097999572753906,0.01870039477944374,4.097999572753906,14.002857889980078,6.197745323181152,5063.938211611295,1.8156713247299194,0.00022743402285714287,16,2048,,7790.936450481415
adammini-galore2-r8,adammini,galore2,8,1.1B,sdpa,666,1204,39485440,2.400543451309204,11.029168568360902,nan,nan,nan,nan,22.217557430267334,4.097999572753906,0.01870039477944374,4.097999572753906,14.002857889980078,6.179240942001343,5064.107707256219,1.5405951738357544,0.0002271483142857143,16,2048,,7797.146584272385
adammini-galore2-r8,adammini,galore2,8,1.1B,sdpa,666,1205,39518208,2.353936195373535,10.526924312240558,nan,nan,nan,nan,22.217557430267334,4.097999572753906,0.01870039477944374,4.097999572753906,14.002857889980078,6.18540096282959,5064.272757096934,1.492377519607544,0.00022686260571428573,16,2048,,7803.362815618515
adammini-galore2-r8,adammini,galore2,8,1.1B,sdpa,666,1206,39550976,2.5522501468658447,12.835954093645745,nan,nan,nan,nan,22.217557430267334,4.097999572753906,0.01870039477944374,4.097999572753906,14.002857889980078,6.183751106262207,5064.4385525668,1.6696724891662598,0.00022657689714285716,16,2048,,7809.577642917633
adammini-galore2-r8,adammini,galore2,8,1.1B,sdpa,666,1207,39583744,2.297919750213623,9.953455230270672,nan,nan,nan,nan,22.217557430267334,4.097999572753906,0.01870039477944374,4.097999572753906,14.002857889980078,6.198619604110718,5064.594510028362,1.693627953529358,0.00022629118857142862,16,2048,,7815.807150363922
adammini-galore2-r8,adammini,galore2,8,1.1B,sdpa,666,1208,39616512,2.451284646987915,11.60324322025508,nan,nan,nan,nan,22.217557430267334,4.097999572753906,0.01870039477944374,4.097999572753906,14.002857889980078,6.203418016433716,5064.7471764818165,1.7139891386032104,0.00022600548,16,2048,,7822.04137468338
adammini-galore2-r8,adammini,galore2,8,1.1B,sdpa,666,1209,39649280,2.2411787509918213,9.404410214379615,nan,nan,nan,nan,22.217557430267334,4.097999572753906,0.01870039477944374,4.097999572753906,14.002857889980078,6.164308309555054,5064.924829188625,1.5755586624145508,0.00022571977142857142,16,2048,,7828.236604452133
adammini-galore2-r8,adammini,galore2,8,1.1B,sdpa,666,1210,39682048,2.6970651149749756,14.836125444067793,nan,nan,nan,nan,22.217557430267334,4.097999572753906,0.01870039477944374,4.097999572753906,14.002857889980078,6.179810047149658,5065.092182148181,1.7686703205108643,0.00022543406285714285,16,2048,,7834.447447061539
adammini-galore2-r8,adammini,galore2,8,1.1B,sdpa,666,1211,39714816,2.453306198120117,11.626723495015877,nan,nan,nan,nan,22.217557430267334,4.097999572753906,0.01870039477944374,4.097999572753906,14.002857889980078,6.174637794494629,5065.262525144011,2.0467965602874756,0.00022514835428571428,16,2048,,7840.652944326401
adammini-galore2-r8,adammini,galore2,8,1.1B,sdpa,666,1212,39747584,2.3623046875,10.615388434846674,nan,nan,nan,nan,22.217557430267334,4.097999572753906,0.01870039477944374,4.097999572753906,14.002857889980078,6.1803083419799805,5065.429084210291,1.416334867477417,0.00022486264571428574,16,2048,,7846.8639793396
adammini-galore2-r8,adammini,galore2,8,1.1B,sdpa,666,1213,39780352,2.5704636573791504,13.071883911501848,nan,nan,nan,nan,22.217557430267334,4.097999572753906,0.01870039477944374,4.097999572753906,14.002857889980078,6.181437015533447,5065.594667290385,1.5003535747528076,0.00022457693714285717,16,2048,,7853.076157331467
adammini-galore2-r8,adammini,galore2,8,1.1B,sdpa,666,1214,39813120,2.4318485260009766,11.379898687756747,nan,nan,nan,nan,22.217557430267334,4.097999572753906,0.01870039477944374,4.097999572753906,14.002857889980078,6.185157537460327,5065.75768870645,1.4498590230941772,0.0002242912285714286,16,2048,,7859.292010307312
adammini-galore2-r8,adammini,galore2,8,1.1B,sdpa,666,1215,39845888,2.410513401031494,11.139678799801128,nan,nan,nan,nan,22.217557430267334,4.097999572753906,0.01870039477944374,4.097999572753906,14.002857889980078,6.187171936035156,5065.919002872379,2.9094855785369873,0.00022400552,16,2048,,7865.510168790817
adammini-galore2-r8,adammini,galore2,8,1.1B,sdpa,666,1216,39878656,2.3964946269989014,10.984603681117576,nan,nan,nan,nan,22.217557430267334,4.097999572753906,0.01870039477944374,4.097999572753906,14.002857889980078,6.171632766723633,5066.088025213856,1.5405359268188477,0.00022371981142857143,16,2048,,7871.715907335281
adammini-galore2-r8,adammini,galore2,8,1.1B,sdpa,666,1217,39911424,2.5085179805755615,12.28670742163209,nan,nan,nan,nan,22.217557430267334,4.097999572753906,0.01870039477944374,4.097999572753906,14.002857889980078,6.183281898498535,5066.250982157016,1.5188497304916382,0.00022343410285714286,16,2048,,7877.93067574501
adammini-galore2-r8,adammini,galore2,8,1.1B,sdpa,666,1218,39944192,2.122612714767456,8.352932833744308,nan,nan,nan,nan,22.217557430267334,4.097999572753906,0.01870039477944374,4.097999572753906,14.002857889980078,6.202680826187134,5066.401318314688,1.4194626808166504,0.0002231483942857143,16,2048,,7884.164707899094
adammini-galore2-r8,adammini,galore2,8,1.1B,sdpa,666,1219,39976960,2.370628833770752,10.704121281126827,nan,nan,nan,nan,22.217557430267334,4.097999572753906,0.01870039477944374,4.097999572753906,14.002857889980078,6.15934157371521,5066.579236055109,1.5153323411941528,0.00022286268571428572,16,2048,,7890.355181455612
adammini-galore2-r8,adammini,galore2,8,1.1B,sdpa,666,1220,40009728,2.277395009994507,9.751245398133857,nan,nan,nan,nan,22.217557430267334,4.097999572753906,0.01870039477944374,4.097999572753906,14.002857889980078,6.198875665664673,5066.731770174847,2.803851842880249,0.00022257697714285715,16,2048,,7896.585000276566
adammini-galore2-r8,adammini,galore2,8,1.1B,sdpa,666,1221,40042496,2.35994553565979,10.590374638958753,nan,nan,nan,nan,22.217557430267334,4.097999572753906,0.01870039477944374,4.097999572753906,14.002857889980078,6.18212366104126,5066.894505714387,1.4277074337005615,0.0002222912685714286,16,2048,,7902.7983474731445
adammini-galore2-r8,adammini,galore2,8,1.1B,sdpa,666,1222,40075264,2.1532437801361084,8.612751004603501,nan,nan,nan,nan,22.217557430267334,4.097999572753906,0.01870039477944374,4.097999572753906,14.002857889980078,6.180409669876099,5067.058435898924,1.7352834939956665,0.00022200555999999998,16,2048,,7909.0094656944275
adammini-galore2-r8,adammini,galore2,8,1.1B,sdpa,666,1223,40108032,2.7441017627716064,15.550639493625173,nan,nan,nan,nan,22.217557430267334,4.097999572753906,0.01870039477944374,4.097999572753906,14.002857889980078,6.176049470901489,5067.224774390611,1.8387939929962158,0.00022171985142857144,16,2048,,7915.216598033905
adammini-galore2-r8,adammini,galore2,8,1.1B,sdpa,666,1224,40140800,2.6552412509918213,14.228418265320878,nan,nan,nan,nan,22.217557430267334,4.097999572753906,0.01870039477944374,4.097999572753906,14.002857889980078,6.222997426986694,5067.360925328706,3.713035821914673,0.00022143414285714287,16,2048,,7921.470436811447
adammini-galore2-r8,adammini,galore2,8,1.1B,sdpa,666,1225,40173568,2.636425733566284,13.96320608990264,nan,nan,nan,nan,22.217557430267334,4.097999572753906,0.01870039477944374,4.097999572753906,14.002857889980078,6.132188081741333,5067.554869143501,2.8301541805267334,0.0002211484342857143,16,2048,,7927.633656978607
adammini-galore2-r8,adammini,galore2,8,1.1B,sdpa,666,1226,40206336,2.5668387413024902,13.024585208066188,nan,nan,nan,nan,22.217557430267334,4.097999572753906,0.01870039477944374,4.097999572753906,14.002857889980078,6.2072062492370605,5067.700310312458,1.9145976305007935,0.00022086272571428573,16,2048,,7933.872135400772
adammini-galore2-r8,adammini,galore2,8,1.1B,sdpa,666,1227,40239104,2.1195945739746094,8.32776051233218,nan,nan,nan,nan,22.217557430267334,4.097999572753906,0.01870039477944374,4.097999572753906,14.002857889980078,6.199835538864136,5067.850430377172,1.6761549711227417,0.00022057701714285716,16,2048,,7940.102590560913
adammini-galore2-r8,adammini,galore2,8,1.1B,sdpa,666,1228,40271872,2.274158239364624,9.719733878716024,nan,nan,nan,nan,22.217557430267334,4.097999572753906,0.01870039477944374,4.097999572753906,14.002857889980078,6.155247688293457,5068.02886376152,1.5332293510437012,0.0002202913085714286,16,2048,,7946.289016485214
adammini-galore2-r8,adammini,galore2,8,1.1B,sdpa,666,1229,40304640,2.4111647605895996,11.146937099686482,nan,nan,nan,nan,22.217557430267334,4.097999572753906,0.01870039477944374,4.097999572753906,14.002857889980078,6.179135322570801,5068.191704492414,1.4237091541290283,0.00022000559999999997,16,2048,,7952.499153137207
adammini-galore2-r8,adammini,galore2,8,1.1B,sdpa,666,1230,40337408,2.37113094329834,10.7094972719617,nan,nan,nan,nan,22.217557430267334,4.097999572753906,0.01870039477944374,4.097999572753906,14.002857889980078,6.392591714859009,5068.218369174922,1.457816243171692,0.00021971989142857142,16,2048,,7958.922735452652
adammini-galore2-r8,adammini,galore2,8,1.1B,sdpa,666,1231,40370176,2.641822099685669,14.038760338006782,nan,nan,nan,nan,22.217557430267334,4.097999572753906,0.01870039477944374,4.097999572753906,14.002857889980078,6.099696159362793,5068.431182685924,7.526759147644043,0.00021943418285714288,16,2048,,7965.053716182709
adammini-galore2-r8,adammini,galore2,8,1.1B,sdpa,666,1232,40402944,2.621764898300171,13.759987145344837,nan,nan,nan,nan,22.217557430267334,4.097999572753906,0.01870039477944374,4.097999572753906,14.002857889980078,6.106089353561401,5068.63972910033,6.218087673187256,0.0002191484742857143,16,2048,,7971.190598011017
adammini-galore2-r8,adammini,galore2,8,1.1B,sdpa,666,1233,40435712,2.4450016021728516,11.530568072787181,nan,nan,nan,nan,22.217557430267334,4.097999572753906,0.01870039477944374,4.097999572753906,14.002857889980078,6.156038284301758,5068.816442853395,2.0937068462371826,0.00021886276571428574,16,2048,,7977.377448558807
adammini-galore2-r8,adammini,galore2,8,1.1B,sdpa,666,1234,40468480,2.2702629566192627,9.681946411263546,nan,nan,nan,nan,22.217557430267334,4.097999572753906,0.01870039477944374,4.097999572753906,14.002857889980078,6.1862757205963135,5068.973577239568,1.6387876272201538,0.00021857705714285717,16,2048,,7983.594500541687
adammini-galore2-r8,adammini,galore2,8,1.1B,sdpa,666,1235,40501248,2.7802257537841797,16.122660288785852,nan,nan,nan,nan,22.217557430267334,4.097999572753906,0.01870039477944374,4.097999572753906,14.002857889980078,6.189729690551758,5069.128313068489,1.857060194015503,0.0002182913485714286,16,2048,,7989.814897060394
adammini-galore2-r8,adammini,galore2,8,1.1B,sdpa,666,1236,40534016,2.4193851947784424,11.23894742680431,nan,nan,nan,nan,22.217557430267334,4.097999572753906,0.01870039477944374,4.097999572753906,14.002857889980078,6.198989152908325,5069.276834628007,1.5576246976852417,0.00021800564000000003,16,2048,,7996.044951200485
adammini-galore2-r8,adammini,galore2,8,1.1B,sdpa,666,1237,40566784,2.397890329360962,10.999945622322912,nan,nan,nan,nan,22.217557430267334,4.097999572753906,0.01870039477944374,4.097999572753906,14.002857889980078,6.185713291168213,5069.433670992538,1.4561630487442017,0.0002177199314285714,16,2048,,8002.261350393295
adammini-galore2-r8,adammini,galore2,8,1.1B,sdpa,666,1238,40599552,2.317561626434326,10.15089243683865,nan,nan,nan,nan,22.217557430267334,4.097999572753906,0.01870039477944374,4.097999572753906,14.002857889980078,6.1761956214904785,5069.596372013144,1.886035680770874,0.00021743422285714283,16,2048,,8008.468152046204
adammini-galore2-r8,adammini,galore2,8,1.1B,sdpa,666,1239,40632320,2.1605002880096436,8.67547680998619,nan,nan,nan,nan,22.217557430267334,4.097999572753906,0.01870039477944374,4.097999572753906,14.002857889980078,6.195270776748657,5069.746638266097,1.671871304512024,0.00021714851428571426,16,2048,,8014.694466590881
adammini-galore2-r8,adammini,galore2,8,1.1B,sdpa,666,1240,40665088,2.4378139972686768,11.447988037012555,nan,nan,nan,nan,22.217557430267334,4.097999572753906,0.01870039477944374,4.097999572753906,14.002857889980078,6.232551336288452,5069.873048185888,1.4849491119384766,0.00021686280571428575,16,2048,,8020.957922935486
adammini-galore2-r8,adammini,galore2,8,1.1B,sdpa,666,1241,40697856,2.4239001274108887,11.289805240704677,nan,nan,nan,nan,22.217557430267334,4.097999572753906,0.01870039477944374,4.097999572753906,14.002857889980078,6.16064190864563,5070.044433700374,1.3776090145111084,0.00021657709714285718,16,2048,,8027.14940071106
adammini-galore2-r8,adammini,galore2,8,1.1B,sdpa,666,1242,40730624,2.530041456222534,12.55402656839971,nan,nan,nan,nan,22.217557430267334,4.097999572753906,0.01870039477944374,4.097999572753906,14.002857889980078,6.183429718017578,5070.20154784406,1.8771823644638062,0.0002162913885714286,16,2048,,8033.363836526871
adammini-galore2-r8,adammini,galore2,8,1.1B,sdpa,666,1243,40763392,2.536428928375244,12.634471710550438,nan,nan,nan,nan,22.217557430267334,4.097999572753906,0.01870039477944374,4.097999572753906,14.002857889980078,6.1893839836120605,5070.354414435983,1.5034955739974976,0.00021600568000000004,16,2048,,8039.584547996521
adammini-galore2-r8,adammini,galore2,8,1.1B,sdpa,666,1244,40796160,2.5325660705566406,12.585760685172836,nan,nan,nan,nan,22.217557430267334,4.097999572753906,0.01870039477944374,4.097999572753906,14.002857889980078,6.183938980102539,5070.5104986768165,1.5201103687286377,0.0002157199714285714,16,2048,,8045.799388170242
adammini-galore2-r8,adammini,galore2,8,1.1B,sdpa,666,1245,40828928,2.3059725761413574,10.03393227152424,nan,nan,nan,nan,22.217557430267334,4.097999572753906,0.01870039477944374,4.097999572753906,14.002857889980078,6.174343109130859,5070.672461913322,1.6582564115524292,0.00021543426285714284,16,2048,,8052.004474878311
adammini-galore2-r8,adammini,galore2,8,1.1B,sdpa,666,1246,40861696,2.4047021865844727,11.075131468265308,nan,nan,nan,nan,22.217557430267334,4.097999572753906,0.01870039477944374,4.097999572753906,14.002857889980078,6.182667016983032,5070.828882000777,1.4537532329559326,0.00021514855428571427,16,2048,,8058.217823982239
adammini-galore2-r8,adammini,galore2,8,1.1B,sdpa,666,1247,40894464,2.2975735664367676,9.950010101904477,nan,nan,nan,nan,22.217557430267334,4.097999572753906,0.01870039477944374,4.097999572753906,14.002857889980078,6.1944499015808105,5070.9780483836785,1.4692983627319336,0.0002148628457142857,16,2048,,8064.442917108536
adammini-galore2-r8,adammini,galore2,8,1.1B,sdpa,666,1248,40927232,2.404418468475342,11.071989698616303,nan,nan,nan,nan,22.217557430267334,4.097999572753906,0.01870039477944374,4.097999572753906,14.002857889980078,6.175869464874268,5071.138438754838,1.7639693021774292,0.00021457713714285716,16,2048,,8070.649584770203
adammini-galore2-r8,adammini,galore2,8,1.1B,sdpa,666,1249,40960000,2.56898832321167,13.052612733742857,nan,nan,nan,nan,22.217557430267334,4.097999572753906,0.01870039477944374,4.097999572753906,14.002857889980078,6.181905508041382,5071.294778927756,1.5124423503875732,0.00021429142857142862,16,2048,,8076.862181901932
adammini-galore2-r8,adammini,galore2,8,1.1B,sdpa,666,1250,40992768,2.4461276531219482,11.543559392980644,2.4779748319792514,11.91710582188757,nan,nan,22.217557430267334,4.097999572753906,0.01870039477944374,4.097999572753906,14.002857889980078,6.178507328033447,5071.453044960749,1.493629813194275,0.00021400572000000005,16,2048,,8095.785368442535
adammini-galore2-r8,adammini,galore2,8,1.1B,sdpa,666,1251,41025536,2.435009241104126,11.4159242086238,nan,nan,nan,nan,22.217557430267334,4.097999572753906,0.01870039477944374,4.097999572753906,14.002857889980078,6.1842827796936035,5063.647896907919,1.6685770750045776,0.00021372001142857142,16,2048,,8102.001796722412
adammini-galore2-r8,adammini,galore2,8,1.1B,sdpa,666,1252,41058304,2.4680662155151367,11.799606878262157,nan,nan,nan,nan,22.217557430267334,4.097999572753906,0.01870039477944374,4.097999572753906,14.002857889980078,6.183037281036377,5063.808761920076,2.0101821422576904,0.00021343430285714285,16,2048,,8108.2156002521515
adammini-galore2-r8,adammini,galore2,8,1.1B,sdpa,666,1253,41091072,2.340020179748535,10.381446055588913,nan,nan,nan,nan,22.217557430267334,4.097999572753906,0.01870039477944374,4.097999572753906,14.002857889980078,6.187928676605225,5063.966096169952,1.4599416255950928,0.00021314859428571428,16,2048,,8114.434442996979
adammini-galore2-r8,adammini,galore2,8,1.1B,sdpa,666,1254,41123840,2.372912883758545,10.728597971559557,nan,nan,nan,nan,22.217557430267334,4.097999572753906,0.01870039477944374,4.097999572753906,14.002857889980078,6.182220935821533,5064.126742023846,1.6014131307601929,0.0002128628857142857,16,2048,,8120.647830724716
adammini-galore2-r8,adammini,galore2,8,1.1B,sdpa,666,1255,41156608,2.571150779724121,13.080868981596005,nan,nan,nan,nan,22.217557430267334,4.097999572753906,0.01870039477944374,4.097999572753906,14.002857889980078,6.177728891372681,5064.289900779741,1.5062811374664307,0.00021257717714285714,16,2048,,8126.85658621788
adammini-galore2-r8,adammini,galore2,8,1.1B,sdpa,666,1256,41189376,2.319453716278076,10.170117018906291,nan,nan,nan,nan,22.217557430267334,4.097999572753906,0.01870039477944374,4.097999572753906,14.002857889980078,6.170257091522217,5064.4575464168765,1.4606544971466064,0.0002122914685714286,16,2048,,8133.057813882828
adammini-galore2-r8,adammini,galore2,8,1.1B,sdpa,666,1257,41222144,2.4986300468444824,12.165815941320977,nan,nan,nan,nan,22.217557430267334,4.097999572753906,0.01870039477944374,4.097999572753906,14.002857889980078,6.17842435836792,5064.619800680871,1.487266182899475,0.00021200576000000003,16,2048,,8139.267281532288
adammini-galore2-r8,adammini,galore2,8,1.1B,sdpa,666,1258,41254912,2.3023624420166016,9.997773738074452,nan,nan,nan,nan,22.217557430267334,4.097999572753906,0.01870039477944374,4.097999572753906,14.002857889980078,6.180980682373047,5064.780235258786,1.5107203722000122,0.00021172005142857143,16,2048,,8145.478861093521
adammini-galore2-r8,adammini,galore2,8,1.1B,sdpa,666,1259,41287680,2.4612457752227783,11.719402190633183,nan,nan,nan,nan,22.217557430267334,4.097999572753906,0.01870039477944374,4.097999572753906,14.002857889980078,6.192760229110718,5064.933393336662,1.479830265045166,0.00021143434285714286,16,2048,,8151.702267885208
adammini-galore2-r8,adammini,galore2,8,1.1B,sdpa,666,1260,41320448,2.257812261581421,9.562146790998463,nan,nan,nan,nan,22.217557430267334,4.097999572753906,0.01870039477944374,4.097999572753906,14.002857889980078,6.1950623989105225,5065.084617768292,1.4770992994308472,0.0002111486342857143,16,2048,,8157.928502559662
adammini-galore2-r8,adammini,galore2,8,1.1B,sdpa,666,1261,41353216,2.3045973777770996,10.020143107868156,nan,nan,nan,nan,22.217557430267334,4.097999572753906,0.01870039477944374,4.097999572753906,14.002857889980078,6.199442148208618,5065.232794838727,1.680652379989624,0.00021086292571428572,16,2048,,8164.1587171554565
adammini-galore2-r8,adammini,galore2,8,1.1B,sdpa,666,1262,41385984,2.405686378479004,11.086036888520074,nan,nan,nan,nan,22.217557430267334,4.097999572753906,0.01870039477944374,4.097999572753906,14.002857889980078,6.20667028427124,5065.376575538647,1.4559988975524902,0.00021057721714285715,16,2048,,8170.396231651306
adammini-galore2-r8,adammini,galore2,8,1.1B,sdpa,666,1263,41418752,2.293757200241089,9.912109586827812,nan,nan,nan,nan,22.217557430267334,4.097999572753906,0.01870039477944374,4.097999572753906,14.002857889980078,6.1430816650390625,5065.559363134074,1.361175775527954,0.00021029150857142858,16,2048,,8176.570349693298
adammini-galore2-r8,adammini,galore2,8,1.1B,sdpa,666,1264,41451520,2.3198654651641846,10.174305415485057,nan,nan,nan,nan,22.217557430267334,4.097999572753906,0.01870039477944374,4.097999572753906,14.002857889980078,6.177163600921631,5065.720574861948,2.638833522796631,0.00021000580000000003,16,2048,,8182.778564453125
adammini-galore2-r8,adammini,galore2,8,1.1B,sdpa,666,1265,41484288,2.3736085891723633,10.736064512206273,nan,nan,nan,nan,22.217557430267334,4.097999572753906,0.01870039477944374,4.097999572753906,14.002857889980078,6.188660383224487,5065.874613014536,1.384884238243103,0.00020972009142857146,16,2048,,8188.99804019928
adammini-galore2-r8,adammini,galore2,8,1.1B,sdpa,666,1266,41517056,2.3531551361083984,10.51870537063117,nan,nan,nan,nan,22.217557430267334,4.097999572753906,0.01870039477944374,4.097999572753906,14.002857889980078,6.190431356430054,5066.027445070467,1.4593095779418945,0.00020943438285714284,16,2048,,8195.219307661057
adammini-galore2-r8,adammini,galore2,8,1.1B,sdpa,666,1267,41549824,2.5371816158294678,12.643985098752545,nan,nan,nan,nan,22.217557430267334,4.097999572753906,0.01870039477944374,4.097999572753906,14.002857889980078,6.175416707992554,5066.1891818476,1.4907773733139038,0.0002091486742857143,16,2048,,8201.425412893295
adammini-galore2-r8,adammini,galore2,8,1.1B,sdpa,666,1268,41582592,2.5581188201904297,12.911505591720385,nan,nan,nan,nan,22.217557430267334,4.097999572753906,0.01870039477944374,4.097999572753906,14.002857889980078,6.177384853363037,5066.349513000326,1.6808741092681885,0.00020886296571428573,16,2048,,8207.633719205856
adammini-galore2-r8,adammini,galore2,8,1.1B,sdpa,666,1269,41615360,2.2269859313964844,9.271877845533634,nan,nan,nan,nan,22.217557430267334,4.097999572753906,0.01870039477944374,4.097999572753906,14.002857889980078,6.190028190612793,5066.501919361676,1.3885538578033447,0.00020857725714285716,16,2048,,8213.854599952698
adammini-galore2-r8,adammini,galore2,8,1.1B,sdpa,666,1270,41648128,2.3180925846099854,10.156283567273961,nan,nan,nan,nan,22.217557430267334,4.097999572753906,0.01870039477944374,4.097999572753906,14.002857889980078,6.18395209312439,5066.65767298849,1.4756076335906982,0.0002082915485714286,16,2048,,8220.069439888
adammini-galore2-r8,adammini,galore2,8,1.1B,sdpa,666,1271,41680896,2.410698175430298,11.14173731742905,nan,nan,nan,nan,22.217557430267334,4.097999572753906,0.01870039477944374,4.097999572753906,14.002857889980078,6.187357187271118,5066.811008648695,1.397166132926941,0.00020800584000000002,16,2048,,8226.287729978561
adammini-galore2-r8,adammini,galore2,8,1.1B,sdpa,666,1272,41713664,2.3405251502990723,10.38668970395155,nan,nan,nan,nan,22.217557430267334,4.097999572753906,0.01870039477944374,4.097999572753906,14.002857889980078,6.191657304763794,5066.961632561561,1.7378045320510864,0.00020772013142857147,16,2048,,8232.510385751724
adammini-galore2-r8,adammini,galore2,8,1.1B,sdpa,666,1273,41746432,2.3689687252044678,10.686366019602094,nan,nan,nan,nan,22.217557430267334,4.097999572753906,0.01870039477944374,4.097999572753906,14.002857889980078,6.182384014129639,5067.117613456947,1.5115389823913574,0.00020743442285714285,16,2048,,8238.7236328125
adammini-galore2-r8,adammini,galore2,8,1.1B,sdpa,666,1274,41779200,2.2818267345428467,9.794556131475865,nan,nan,nan,nan,22.217557430267334,4.097999572753906,0.01870039477944374,4.097999572753906,14.002857889980078,6.176332950592041,5067.277077037336,1.3526880741119385,0.00020714871428571428,16,2048,,8244.930925130844
adammini-galore2-r8,adammini,galore2,8,1.1B,sdpa,666,1275,41811968,2.3759443759918213,10.761170980450675,nan,nan,nan,nan,22.217557430267334,4.097999572753906,0.01870039477944374,4.097999572753906,14.002857889980078,6.169018507003784,5067.440851736682,1.5210257768630981,0.0002068630057142857,16,2048,,8251.130697965622
adammini-galore2-r8,adammini,galore2,8,1.1B,sdpa,666,1276,41844736,2.1987996101379395,9.0141864643561,nan,nan,nan,nan,22.217557430267334,4.097999572753906,0.01870039477944374,4.097999572753906,14.002857889980078,6.1994383335113525,5067.585880994488,1.6153427362442017,0.00020657729714285717,16,2048,,8257.360799074173
adammini-galore2-r8,adammini,galore2,8,1.1B,sdpa,666,1277,41877504,2.3461921215057373,10.445717872931503,nan,nan,nan,nan,22.217557430267334,4.097999572753906,0.01870039477944374,4.097999572753906,14.002857889980078,6.252856016159058,5067.697912409187,1.5507837533950806,0.0002062915885714286,16,2048,,8263.644451618195
adammini-galore2-r8,adammini,galore2,8,1.1B,sdpa,666,1278,41910272,2.8605263233184814,17.470719764370607,nan,nan,nan,nan,22.217557430267334,4.097999572753906,0.01870039477944374,4.097999572753906,14.002857889980078,6.124921798706055,5067.888022784093,2.4156808853149414,0.00020600588000000002,16,2048,,8269.800407648087
adammini-galore2-r8,adammini,galore2,8,1.1B,sdpa,666,1279,41943040,2.5206987857818604,12.437284625373088,nan,nan,nan,nan,22.217557430267334,4.097999572753906,0.01870039477944374,4.097999572753906,14.002857889980078,6.191264629364014,5068.03718515604,1.465763807296753,0.00020572017142857145,16,2048,,8276.022499084473
adammini-galore2-r8,adammini,galore2,8,1.1B,sdpa,666,1280,41975808,2.5576932430267334,12.906011918865383,nan,nan,nan,nan,22.217557430267334,4.097999572753906,0.01870039477944374,4.097999572753906,14.002857889980078,6.172973871231079,5068.197394112471,1.558451533317566,0.00020543446285714286,16,2048,,8282.22636270523
adammini-galore2-r8,adammini,galore2,8,1.1B,sdpa,666,1281,42008576,2.468108892440796,11.800110459953292,nan,nan,nan,nan,22.217557430267334,4.097999572753906,0.01870039477944374,4.097999572753906,14.002857889980078,6.191237211227417,5068.345941988501,1.5629265308380127,0.0002051487542857143,16,2048,,8288.448559045792
adammini-galore2-r8,adammini,galore2,8,1.1B,sdpa,666,1282,42041344,2.2592973709106445,9.576358174522314,nan,nan,nan,nan,22.217557430267334,4.097999572753906,0.01870039477944374,4.097999572753906,14.002857889980078,6.210344076156616,5068.482891174433,1.456542730331421,0.00020486304571428572,16,2048,,8294.689681053162
adammini-galore2-r8,adammini,galore2,8,1.1B,sdpa,666,1283,42074112,2.3106276988983154,10.080750345377439,nan,nan,nan,nan,22.217557430267334,4.097999572753906,0.01870039477944374,4.097999572753906,14.002857889980078,6.1949944496154785,5068.629113803165,1.3943438529968262,0.00020457733714285715,16,2048,,8300.915395021439
adammini-galore2-r8,adammini,galore2,8,1.1B,sdpa,666,1284,42106880,1.960263729095459,7.101199611173474,nan,nan,nan,nan,22.217557430267334,4.097999572753906,0.01870039477944374,4.097999572753906,14.002857889980078,6.1626877784729,5068.794586761778,2.980816125869751,0.00020429162857142858,16,2048,,8307.109142303467
adammini-galore2-r8,adammini,galore2,8,1.1B,sdpa,666,1285,42139648,2.4134674072265625,11.17263413114886,nan,nan,nan,nan,22.217557430267334,4.097999572753906,0.01870039477944374,4.097999572753906,14.002857889980078,6.1837546825408936,5068.947089177468,1.5867764949798584,0.00020400592,16,2048,,8313.32356262207
adammini-galore2-r8,adammini,galore2,8,1.1B,sdpa,666,1286,42172416,2.151451587677002,8.597329120820664,nan,nan,nan,nan,22.217557430267334,4.097999572753906,0.01870039477944374,4.097999572753906,14.002857889980078,6.177619218826294,5069.103072046423,1.5982657670974731,0.00020372021142857146,16,2048,,8319.531828641891
adammini-galore2-r8,adammini,galore2,8,1.1B,sdpa,666,1287,42205184,2.2959742546081543,9.934109651332198,nan,nan,nan,nan,22.217557430267334,4.097999572753906,0.01870039477944374,4.097999572753906,14.002857889980078,6.179293870925903,5069.257958839908,1.433816909790039,0.00020343450285714284,16,2048,,8325.742195606232
adammini-galore2-r8,adammini,galore2,8,1.1B,sdpa,666,1288,42237952,2.429687738418579,11.355335691249278,nan,nan,nan,nan,22.217557430267334,4.097999572753906,0.01870039477944374,4.097999572753906,14.002857889980078,6.180495500564575,5069.411561898933,1.5665018558502197,0.0002031487942857143,16,2048,,8331.953663110733
adammini-galore2-r8,adammini,galore2,8,1.1B,sdpa,666,1289,42270720,2.230520725250244,9.304710015645542,nan,nan,nan,nan,22.217557430267334,4.097999572753906,0.01870039477944374,4.097999572753906,14.002857889980078,6.169022798538208,5069.571981643566,1.435111165046692,0.00020286308571428573,16,2048,,8338.153516292572
adammini-galore2-r8,adammini,galore2,8,1.1B,sdpa,666,1290,42303488,2.1258041858673096,8.379633562120375,nan,nan,nan,nan,22.217557430267334,4.097999572753906,0.01870039477944374,4.097999572753906,14.002857889980078,6.180755615234375,5069.725132607402,1.4399147033691406,0.00020257737714285715,16,2048,,8344.365259885788
adammini-galore2-r8,adammini,galore2,8,1.1B,sdpa,666,1291,42336256,2.262768030166626,9.609652193336412,nan,nan,nan,nan,22.217557430267334,4.097999572753906,0.01870039477944374,4.097999572753906,14.002857889980078,6.188327789306641,5069.873356668307,1.4215738773345947,0.00020229166857142858,16,2048,,8350.584447145462
adammini-galore2-r8,adammini,galore2,8,1.1B,sdpa,666,1292,42369024,2.3068325519561768,10.042564922008573,nan,nan,nan,nan,22.217557430267334,4.097999572753906,0.01870039477944374,4.097999572753906,14.002857889980078,6.19907283782959,5070.015025416284,1.818746566772461,0.00020200596000000001,16,2048,,8356.814260959625
adammini-galore2-r8,adammini,galore2,8,1.1B,sdpa,666,1293,42401792,2.4466488361358643,11.54957726812733,nan,nan,nan,nan,22.217557430267334,4.097999572753906,0.01870039477944374,4.097999572753906,14.002857889980078,6.173287630081177,5070.1721067131,1.541322112083435,0.00020172025142857144,16,2048,,8363.018354654312
adammini-galore2-r8,adammini,galore2,8,1.1B,sdpa,666,1294,42434560,2.3726541996002197,10.725823012157768,nan,nan,nan,nan,22.217557430267334,4.097999572753906,0.01870039477944374,4.097999572753906,14.002857889980078,6.202932357788086,5070.250155444193,1.4877885580062866,0.00020143454285714282,16,2048,,8369.35247373581
adammini-galore2-r8,adammini,galore2,8,1.1B,sdpa,666,1295,42467328,2.301736831665039,9.991520983429288,nan,nan,nan,nan,22.217557430267334,4.097999572753906,0.01870039477944374,4.097999572753906,14.002857889980078,6.187829971313477,5070.397758169813,1.3630783557891846,0.00020114883428571428,16,2048,,8375.571052312851
adammini-galore2-r8,adammini,galore2,8,1.1B,sdpa,666,1296,42500096,2.3110687732696533,10.085197686730686,nan,nan,nan,nan,22.217557430267334,4.097999572753906,0.01870039477944374,4.097999572753906,14.002857889980078,6.194069147109985,5070.541775507232,1.4307925701141357,0.00020086312571428573,16,2048,,8381.795892000198
adammini-galore2-r8,adammini,galore2,8,1.1B,sdpa,666,1297,42532864,2.361539125442505,10.607264806203073,nan,nan,nan,nan,22.217557430267334,4.097999572753906,0.01870039477944374,4.097999572753906,14.002857889980078,6.174480438232422,5070.697214161049,1.6111817359924316,0.00020057741714285716,16,2048,,8388.000930309296
adammini-galore2-r8,adammini,galore2,8,1.1B,sdpa,666,1298,42565632,2.2702181339263916,9.681512450078886,nan,nan,nan,nan,22.217557430267334,4.097999572753906,0.01870039477944374,4.097999572753906,14.002857889980078,6.185148239135742,5070.846061640234,1.4607020616531372,0.0002002917085714286,16,2048,,8394.217102527618
adammini-galore2-r8,adammini,galore2,8,1.1B,sdpa,666,1299,42598400,2.332728147506714,10.306019556691178,nan,nan,nan,nan,22.217557430267334,4.097999572753906,0.01870039477944374,4.097999572753906,14.002857889980078,6.186614513397217,5070.993628122655,1.383885383605957,0.00020000600000000002,16,2048,,8400.434794664383
adammini-galore2-r8,adammini,galore2,8,1.1B,sdpa,666,1300,42631168,2.5033438205718994,12.223298217663414,2.4739045783293308,11.868698759760019,nan,nan,22.217557430267334,4.097999572753906,0.01870039477944374,4.097999572753906,14.002857889980078,6.326669692993164,5071.0564799299045,1.5680596828460693,0.00019972029142857145,16,2048,,8419.926169157028
adammini-galore2-r8,adammini,galore2,8,1.1B,sdpa,666,1301,42663936,2.5062036514282227,12.258304815688094,nan,nan,nan,nan,22.217557430267334,4.097999572753906,0.01870039477944374,4.097999572753906,14.002857889980078,6.189886093139648,5063.296624574903,1.494213581085205,0.00019943458285714288,16,2048,,8426.147795200348
adammini-galore2-r8,adammini,galore2,8,1.1B,sdpa,666,1302,42696704,2.396181583404541,10.981165559467671,nan,nan,nan,nan,22.217557430267334,4.097999572753906,0.01870039477944374,4.097999572753906,14.002857889980078,6.200056076049805,5063.4411281771845,1.6280688047409058,0.00019914887428571426,16,2048,,8432.378844499588
adammini-galore2-r8,adammini,galore2,8,1.1B,sdpa,666,1303,42729472,2.174999475479126,8.802180505258985,nan,nan,nan,nan,22.217557430267334,4.097999572753906,0.01870039477944374,4.097999572753906,14.002857889980078,6.180553197860718,5063.597218711834,1.6302815675735474,0.0001988631657142857,16,2048,,8438.590115785599
adammini-galore2-r8,adammini,galore2,8,1.1B,sdpa,666,1304,42762240,2.494622230529785,12.11715516257605,nan,nan,nan,nan,22.217557430267334,4.097999572753906,0.01870039477944374,4.097999572753906,14.002857889980078,6.1821887493133545,5063.752133211912,1.940219759941101,0.00019857745714285717,16,2048,,8444.803138494492
adammini-galore2-r8,adammini,galore2,8,1.1B,sdpa,666,1305,42795008,2.574045419692993,13.118788242605033,nan,nan,nan,nan,22.217557430267334,4.097999572753906,0.01870039477944374,4.097999572753906,14.002857889980078,6.1637864112854,5063.9177642292325,1.662953495979309,0.0001982917485714286,16,2048,,8450.998046398163
adammini-galore2-r8,adammini,galore2,8,1.1B,sdpa,666,1306,42827776,2.1085846424102783,8.23657533141779,nan,nan,nan,nan,22.217557430267334,4.097999572753906,0.01870039477944374,4.097999572753906,14.002857889980078,6.185476541519165,5064.069965318528,2.0392813682556152,0.00019800604000000003,16,2048,,8457.214550495148
adammini-galore2-r8,adammini,galore2,8,1.1B,sdpa,666,1307,42860544,2.284214735031128,9.817973485498536,nan,nan,nan,nan,22.217557430267334,4.097999572753906,0.01870039477944374,4.097999572753906,14.002857889980078,6.1756908893585205,5064.167950440196,1.5455175638198853,0.00019772033142857146,16,2048,,8463.521121740341
adammini-galore2-r8,adammini,galore2,8,1.1B,sdpa,666,1308,42893312,2.390949249267578,10.923858487664052,nan,nan,nan,nan,22.217557430267334,4.097999572753906,0.01870039477944374,4.097999572753906,14.002857889980078,6.186836242675781,5064.319284234818,1.5085266828536987,0.0001974346228571429,16,2048,,8469.738964796066
adammini-galore2-r8,adammini,galore2,8,1.1B,sdpa,666,1309,42926080,2.423161506652832,11.281469435077986,nan,nan,nan,nan,22.217557430267334,4.097999572753906,0.01870039477944374,4.097999572753906,14.002857889980078,6.1683595180511475,5064.480643179123,1.7023485898971558,0.00019714891428571427,16,2048,,8475.939145326614
adammini-galore2-r8,adammini,galore2,8,1.1B,sdpa,666,1310,42958848,2.467822313308716,11.796729279050314,nan,nan,nan,nan,22.217557430267334,4.097999572753906,0.01870039477944374,4.097999572753906,14.002857889980078,6.189451456069946,5064.629820905389,1.780362844467163,0.0001968632057142857,16,2048,,8482.159543991089
adammini-galore2-r8,adammini,galore2,8,1.1B,sdpa,666,1311,42991616,2.2360267639160156,9.356083410927653,nan,nan,nan,nan,22.217557430267334,4.097999572753906,0.01870039477944374,4.097999572753906,14.002857889980078,6.203036069869995,5064.770052896704,1.5651353597640991,0.00019657749714285713,16,2048,,8488.394372463226
adammini-galore2-r8,adammini,galore2,8,1.1B,sdpa,666,1312,43024384,3.2879817485809326,26.78874264151136,nan,nan,nan,nan,22.217557430267334,4.097999572753906,0.01870039477944374,4.097999572753906,14.002857889980078,6.304738283157349,5064.849418287318,7.849908351898193,0.00019629178857142858,16,2048,,8494.731146812439
adammini-galore2-r8,adammini,galore2,8,1.1B,sdpa,666,1313,43057152,3.4390478134155273,31.157276498617527,nan,nan,nan,nan,22.217557430267334,4.097999572753906,0.01870039477944374,4.097999572753906,14.002857889980078,6.119718790054321,5065.039521390411,6.5019989013671875,0.00019600608000000004,16,2048,,8500.881807088852
adammini-galore2-r8,adammini,galore2,8,1.1B,sdpa,666,1314,43089920,2.271794319152832,9.696784339473782,nan,nan,nan,nan,22.217557430267334,4.097999572753906,0.01870039477944374,4.097999572753906,14.002857889980078,6.1932806968688965,5065.185507677452,1.5574301481246948,0.00019572037142857147,16,2048,,8507.106294631958
adammini-galore2-r8,adammini,galore2,8,1.1B,sdpa,666,1315,43122688,2.518775701522827,12.413389662462572,nan,nan,nan,nan,22.217557430267334,4.097999572753906,0.01870039477944374,4.097999572753906,14.002857889980078,6.184401988983154,5065.336416425765,1.76274836063385,0.0001954346628571429,16,2048,,8513.321763753891
adammini-galore2-r8,adammini,galore2,8,1.1B,sdpa,666,1316,43155456,2.291903495788574,9.89375248473043,nan,nan,nan,nan,22.217557430267334,4.097999572753906,0.01870039477944374,4.097999572753906,14.002857889980078,6.176288366317749,5065.492052042377,1.7747642993927002,0.00019514895428571427,16,2048,,8519.528888463974
adammini-galore2-r8,adammini,galore2,8,1.1B,sdpa,666,1317,43188224,2.262110471725464,9.603335362490382,nan,nan,nan,nan,22.217557430267334,4.097999572753906,0.01870039477944374,4.097999572753906,14.002857889980078,6.181822299957275,5065.644237013291,1.8468139171600342,0.0001948632457142857,16,2048,,8525.741561174393
adammini-galore2-r8,adammini,galore2,8,1.1B,sdpa,666,1318,43220992,2.4444527626037598,11.524241377104008,nan,nan,nan,nan,22.217557430267334,4.097999572753906,0.01870039477944374,4.097999572753906,14.002857889980078,6.184742212295532,5065.794578921303,1.3815441131591797,0.00019457753714285713,16,2048,,8531.957136154175
adammini-galore2-r8,adammini,galore2,8,1.1B,sdpa,666,1319,43253760,2.3527514934539795,10.514460429251656,nan,nan,nan,nan,22.217557430267334,4.097999572753906,0.01870039477944374,4.097999572753906,14.002857889980078,6.1736860275268555,5065.951033609025,1.7592912912368774,0.00019429182857142856,16,2048,,8538.161900043488
adammini-galore2-r8,adammini,galore2,8,1.1B,sdpa,666,1320,43286528,2.414283275604248,11.181753249526233,nan,nan,nan,nan,22.217557430267334,4.097999572753906,0.01870039477944374,4.097999572753906,14.002857889980078,6.1882593631744385,5066.098649381148,1.4793299436569214,0.00019400612000000002,16,2048,,8544.381279945374
adammini-galore2-r8,adammini,galore2,8,1.1B,sdpa,666,1321,43319296,2.3033254146575928,10.007405957692677,nan,nan,nan,nan,22.217557430267334,4.097999572753906,0.01870039477944374,4.097999572753906,14.002857889980078,6.18506932258606,5066.247841359453,1.6032195091247559,0.00019372041142857145,16,2048,,8550.597545862198
adammini-galore2-r8,adammini,galore2,8,1.1B,sdpa,666,1322,43352064,2.4474804401397705,11.559185937577169,nan,nan,nan,nan,22.217557430267334,4.097999572753906,0.01870039477944374,4.097999572753906,14.002857889980078,6.184443235397339,5066.397198281037,1.3945449590682983,0.00019343470285714288,16,2048,,8556.813277959824
adammini-galore2-r8,adammini,galore2,8,1.1B,sdpa,666,1323,43384832,2.37253999710083,10.724598166303329,nan,nan,nan,nan,22.217557430267334,4.097999572753906,0.01870039477944374,4.097999572753906,14.002857889980078,6.181471347808838,5066.548293003197,1.359419584274292,0.00019314899428571428,16,2048,,8563.025543689728
adammini-galore2-r8,adammini,galore2,8,1.1B,sdpa,666,1324,43417600,2.557159662246704,12.899127355857239,nan,nan,nan,nan,22.217557430267334,4.097999572753906,0.01870039477944374,4.097999572753906,14.002857889980078,6.18962287902832,5066.694310711759,1.7133162021636963,0.0001928632857142857,16,2048,,8569.245854616165
adammini-galore2-r8,adammini,galore2,8,1.1B,sdpa,666,1325,43450368,2.4027552604675293,11.053589982206518,nan,nan,nan,nan,22.217557430267334,4.097999572753906,0.01870039477944374,4.097999572753906,14.002857889980078,6.184271812438965,5066.843495087194,1.4288105964660645,0.00019257757714285714,16,2048,,8575.460849523544
adammini-galore2-r8,adammini,galore2,8,1.1B,sdpa,666,1326,43483136,2.560269355773926,12.939302121932759,nan,nan,nan,nan,22.217557430267334,4.097999572753906,0.01870039477944374,4.097999572753906,14.002857889980078,6.182168483734131,5066.993540016762,1.5533791780471802,0.00019229186857142857,16,2048,,8581.673843383789
adammini-galore2-r8,adammini,galore2,8,1.1B,sdpa,666,1327,43515904,2.3650543689727783,10.644617538698824,nan,nan,nan,nan,22.217557430267334,4.097999572753906,0.01870039477944374,4.097999572753906,14.002857889980078,6.184682607650757,5067.141835464073,1.4043734073638916,0.00019200616,16,2048,,8587.88952422142
adammini-galore2-r8,adammini,galore2,8,1.1B,sdpa,666,1328,43548672,2.278352975845337,9.760591234009421,nan,nan,nan,nan,22.217557430267334,4.097999572753906,0.01870039477944374,4.097999572753906,14.002857889980078,6.175238132476807,5067.295522089697,1.395851731300354,0.00019172045142857146,16,2048,,8594.095352172852
adammini-galore2-r8,adammini,galore2,8,1.1B,sdpa,666,1329,43581440,2.2257795333862305,9.260699014964745,nan,nan,nan,nan,22.217557430267334,4.097999572753906,0.01870039477944374,4.097999572753906,14.002857889980078,6.186706066131592,5067.44241255227,1.7019681930541992,0.0001914347428571429,16,2048,,8600.312555074692
adammini-galore2-r8,adammini,galore2,8,1.1B,sdpa,666,1330,43614208,2.623685359954834,13.78643806388389,nan,nan,nan,nan,22.217557430267334,4.097999572753906,0.01870039477944374,4.097999572753906,14.002857889980078,6.202698707580566,5067.579643585224,1.5043644905090332,0.00019114903428571432,16,2048,,8606.546011209488
adammini-galore2-r8,adammini,galore2,8,1.1B,sdpa,666,1331,43646976,2.4645960330963135,11.758731054226596,nan,nan,nan,nan,22.217557430267334,4.097999572753906,0.01870039477944374,4.097999572753906,14.002857889980078,6.190667152404785,5067.723590628502,1.398632526397705,0.0001908633257142857,16,2048,,8612.76755285263
adammini-galore2-r8,adammini,galore2,8,1.1B,sdpa,666,1332,43679744,2.3024661540985107,9.99881068177415,nan,nan,nan,nan,22.217557430267334,4.097999572753906,0.01870039477944374,4.097999572753906,14.002857889980078,6.1636223793029785,5067.883131323799,1.5004794597625732,0.00019057761714285715,16,2048,,8618.962549686432
adammini-galore2-r8,adammini,galore2,8,1.1B,sdpa,666,1333,43712512,2.2754087448120117,9.731896061731675,nan,nan,nan,nan,22.217557430267334,4.097999572753906,0.01870039477944374,4.097999572753906,14.002857889980078,6.204544544219971,5068.0184735612675,1.6025422811508179,0.00019029190857142858,16,2048,,8625.197724103928
adammini-galore2-r8,adammini,galore2,8,1.1B,sdpa,666,1334,43745280,2.651516914367676,14.175525402622865,nan,nan,nan,nan,22.217557430267334,4.097999572753906,0.01870039477944374,4.097999572753906,14.002857889980078,6.142204284667969,5068.188436359488,4.240397930145264,0.0001900062,16,2048,,8631.373967647552
adammini-galore2-r8,adammini,galore2,8,1.1B,sdpa,666,1335,43778048,2.400448799133301,11.028124682961293,nan,nan,nan,nan,22.217557430267334,4.097999572753906,0.01870039477944374,4.097999572753906,14.002857889980078,6.181715726852417,5068.336474598666,1.4314360618591309,0.00018972049142857144,16,2048,,8637.587027788162
adammini-galore2-r8,adammini,galore2,8,1.1B,sdpa,666,1336,43810816,2.245192289352417,9.442231022396044,nan,nan,nan,nan,22.217557430267334,4.097999572753906,0.01870039477944374,4.097999572753906,14.002857889980078,6.167648077011108,5068.492800165091,1.531760334968567,0.0001894347828571429,16,2048,,8643.785828828812
adammini-galore2-r8,adammini,galore2,8,1.1B,sdpa,666,1337,43843584,1.980065941810608,7.243220600494459,nan,nan,nan,nan,22.217557430267334,4.097999572753906,0.01870039477944374,4.097999572753906,14.002857889980078,6.181225538253784,5068.640478337028,2.1946372985839844,0.00018914907428571433,16,2048,,8649.998675823212
adammini-galore2-r8,adammini,galore2,8,1.1B,sdpa,666,1338,43876352,2.2948668003082275,9.923114168504044,nan,nan,nan,nan,22.217557430267334,4.097999572753906,0.01870039477944374,4.097999572753906,14.002857889980078,6.207149267196655,5068.773146133873,2.2212958335876465,0.0001888633657142857,16,2048,,8656.236952066422
adammini-galore2-r8,adammini,galore2,8,1.1B,sdpa,666,1339,43909120,2.05464768409729,7.804087883964307,nan,nan,nan,nan,22.217557430267334,4.097999572753906,0.01870039477944374,4.097999572753906,14.002857889980078,6.130493640899658,5068.950527504643,1.7155230045318604,0.00018857765714285713,16,2048,,8662.398720264435
adammini-galore2-r8,adammini,galore2,8,1.1B,sdpa,666,1340,43941888,2.3067123889923096,10.041358250142801,nan,nan,nan,nan,22.217557430267334,4.097999572753906,0.01870039477944374,4.097999572753906,14.002857889980078,6.191361665725708,5069.092099198103,2.3297579288482666,0.00018829194857142856,16,2048,,8668.62103152275
adammini-galore2-r8,adammini,galore2,8,1.1B,sdpa,666,1341,43974656,2.3706934452056885,10.70481291210593,nan,nan,nan,nan,22.217557430267334,4.097999572753906,0.01870039477944374,4.097999572753906,14.002857889980078,6.173821687698364,5069.243714034226,1.4182558059692383,0.00018800624000000002,16,2048,,8674.825508117676
adammini-galore2-r8,adammini,galore2,8,1.1B,sdpa,666,1342,44007424,2.5083563327789307,12.284721462966782,nan,nan,nan,nan,22.217557430267334,4.097999572753906,0.01870039477944374,4.097999572753906,14.002857889980078,6.19075608253479,5069.385330554516,1.4329482316970825,0.00018772053142857145,16,2048,,8681.047263383865
adammini-galore2-r8,adammini,galore2,8,1.1B,sdpa,666,1343,44040192,2.2614357471466064,9.59685794156559,nan,nan,nan,nan,22.217557430267334,4.097999572753906,0.01870039477944374,4.097999572753906,14.002857889980078,6.172984600067139,5069.5371117813165,2.1595511436462402,0.00018743482285714288,16,2048,,8687.251131772995
adammini-galore2-r8,adammini,galore2,8,1.1B,sdpa,666,1344,44072960,2.4374313354492188,11.44360816713911,nan,nan,nan,nan,22.217557430267334,4.097999572753906,0.01870039477944374,4.097999572753906,14.002857889980078,6.178035259246826,5069.685718508142,2.0900866985321045,0.00018714911428571434,16,2048,,8693.45984840393
adammini-galore2-r8,adammini,galore2,8,1.1B,sdpa,666,1345,44105728,2.4289157390594482,11.3465727622959,nan,nan,nan,nan,22.217557430267334,4.097999572753906,0.01870039477944374,4.097999572753906,14.002857889980078,6.197889566421509,5069.822501506945,1.4137192964553833,0.0001868634057142857,16,2048,,8699.688575267792
adammini-galore2-r8,adammini,galore2,8,1.1B,sdpa,666,1346,44138496,2.3845012187957764,10.853647719116625,nan,nan,nan,nan,22.217557430267334,4.097999572753906,0.01870039477944374,4.097999572753906,14.002857889980078,6.187791585922241,5069.965113841833,1.3983992338180542,0.00018657769714285714,16,2048,,8705.907205820084
adammini-galore2-r8,adammini,galore2,8,1.1B,sdpa,666,1347,44171264,2.5992302894592285,13.453378841219733,nan,nan,nan,nan,22.217557430267334,4.097999572753906,0.01870039477944374,4.097999572753906,14.002857889980078,6.168961763381958,5070.11834765225,1.449845552444458,0.00018629198857142857,16,2048,,8712.10721039772
adammini-galore2-r8,adammini,galore2,8,1.1B,sdpa,666,1348,44204032,2.383619785308838,10.84408516555814,nan,nan,nan,nan,22.217557430267334,4.097999572753906,0.01870039477944374,4.097999572753906,14.002857889980078,6.173476457595825,5070.268675111817,1.3442440032958984,0.00018600628,16,2048,,8718.311080217361
adammini-galore2-r8,adammini,galore2,8,1.1B,sdpa,666,1349,44236800,2.333315372467041,10.312073285892971,nan,nan,nan,nan,22.217557430267334,4.097999572753906,0.01870039477944374,4.097999572753906,14.002857889980078,6.180227994918823,5070.415200421988,1.4561229944229126,0.00018572057142857143,16,2048,,8724.52233839035
adammini-galore2-r8,adammini,galore2,8,1.1B,sdpa,666,1350,44269568,2.425295829772949,11.305573449850021,2.4696077389507467,11.817810275673123,nan,nan,22.217557430267334,4.097999572753906,0.01870039477944374,4.097999572753906,14.002857889980078,6.168564319610596,5070.567904907242,1.4581178426742554,0.0001854348628571429,16,2048,,8743.300291776657
adammini-galore2-r8,adammini,galore2,8,1.1B,sdpa,666,1351,44302336,2.4402995109558105,11.4764775588501,nan,nan,nan,nan,22.217557430267334,4.097999572753906,0.01870039477944374,4.097999572753906,14.002857889980078,6.173126220703125,5063.42752140422,1.6759274005889893,0.00018514915428571432,16,2048,,8749.504925966263
adammini-galore2-r8,adammini,galore2,8,1.1B,sdpa,666,1352,44335104,2.341370105743408,10.395469702797072,nan,nan,nan,nan,22.217557430267334,4.097999572753906,0.01870039477944374,4.097999572753906,14.002857889980078,6.182559967041016,5063.576945817047,1.3152697086334229,0.0001848634457142857,16,2048,,8755.718361616135
adammini-galore2-r8,adammini,galore2,8,1.1B,sdpa,666,1353,44367872,2.325385093688965,10.230619074142199,nan,nan,nan,nan,22.217557430267334,4.097999572753906,0.01870039477944374,4.097999572753906,14.002857889980078,6.1756041049957275,5063.730046699284,1.4090580940246582,0.00018457773714285715,16,2048,,8761.924911260605
adammini-galore2-r8,adammini,galore2,8,1.1B,sdpa,666,1354,44400640,2.361544609069824,10.60732297264963,nan,nan,nan,nan,22.217557430267334,4.097999572753906,0.01870039477944374,4.097999572753906,14.002857889980078,6.317859649658203,5063.800633114011,1.5394103527069092,0.00018429202857142858,16,2048,,8768.27368235588
adammini-galore2-r8,adammini,galore2,8,1.1B,sdpa,666,1355,44433408,2.3659677505493164,10.654344577820886,nan,nan,nan,nan,22.217557430267334,4.097999572753906,0.01870039477944374,4.097999572753906,14.002857889980078,6.171182155609131,5063.955857537674,1.31480872631073,0.00018400632,16,2048,,8774.476012468338
adammini-galore2-r8,adammini,galore2,8,1.1B,sdpa,666,1356,44466176,2.5589137077331543,12.92177286679698,nan,nan,nan,nan,22.217557430267334,4.097999572753906,0.01870039477944374,4.097999572753906,14.002857889980078,6.161161422729492,5064.116517007548,1.3328030109405518,0.00018372061142857144,16,2048,,8780.667955160141
adammini-galore2-r8,adammini,galore2,8,1.1B,sdpa,666,1357,44498944,2.3999903202056885,11.023069679078002,nan,nan,nan,nan,22.217557430267334,4.097999572753906,0.01870039477944374,4.097999572753906,14.002857889980078,6.167994737625122,5064.273230429487,1.6295324563980103,0.00018343490285714287,16,2048,,8786.866841554642
adammini-galore2-r8,adammini,galore2,8,1.1B,sdpa,666,1358,44531712,2.5336802005767822,12.599790673142627,nan,nan,nan,nan,22.217557430267334,4.097999572753906,0.01870039477944374,4.097999572753906,14.002857889980078,6.175383567810059,5064.425276639119,1.4083319902420044,0.0001831491942857143,16,2048,,8793.073389530182
adammini-galore2-r8,adammini,galore2,8,1.1B,sdpa,666,1359,44564480,2.5300076007843018,12.553601553523228,nan,nan,nan,nan,22.217557430267334,4.097999572753906,0.01870039477944374,4.097999572753906,14.002857889980078,6.176506757736206,5064.576447067516,1.5473477840423584,0.00018286348571428575,16,2048,,8799.280729532242
adammini-galore2-r8,adammini,galore2,8,1.1B,sdpa,666,1360,44597248,2.5718719959259033,13.090306519082313,nan,nan,nan,nan,22.217557430267334,4.097999572753906,0.01870039477944374,4.097999572753906,14.002857889980078,6.1739654541015625,5064.728976867502,2.0252506732940674,0.00018257777714285713,16,2048,,8805.485499858856
adammini-galore2-r8,adammini,galore2,8,1.1B,sdpa,666,1361,44630016,2.3230884075164795,10.207149514201918,nan,nan,nan,nan,22.217557430267334,4.097999572753906,0.01870039477944374,4.097999572753906,14.002857889980078,6.170085430145264,5064.88331979442,1.3929427862167358,0.0001822920685714286,16,2048,,8811.686667442322
adammini-galore2-r8,adammini,galore2,8,1.1B,sdpa,666,1362,44662784,2.176910877227783,8.819021097910657,nan,nan,nan,nan,22.217557430267334,4.097999572753906,0.01870039477944374,4.097999572753906,14.002857889980078,6.164853096008301,5065.04073351201,1.4338929653167725,0.00018200636000000002,16,2048,,8817.882458686829
adammini-galore2-r8,adammini,galore2,8,1.1B,sdpa,666,1363,44695552,2.5675225257873535,13.033494262942867,nan,nan,nan,nan,22.217557430267334,4.097999572753906,0.01870039477944374,4.097999572753906,14.002857889980078,6.242547035217285,5065.153262305789,1.3947798013687134,0.00018172065142857145,16,2048,,8824.155995607376
adammini-galore2-r8,adammini,galore2,8,1.1B,sdpa,666,1364,44728320,2.6749768257141113,14.512013530143696,nan,nan,nan,nan,22.217557430267334,4.097999572753906,0.01870039477944374,4.097999572753906,14.002857889980078,6.123286008834839,5065.3339494008305,1.523388385772705,0.00018143494285714288,16,2048,,8830.310136318207
adammini-galore2-r8,adammini,galore2,8,1.1B,sdpa,666,1365,44761088,2.4417929649353027,11.493629954899921,nan,nan,nan,nan,22.217557430267334,4.097999572753906,0.01870039477944374,4.097999572753906,14.002857889980078,6.184220552444458,5065.47961923022,2.37819766998291,0.0001811492342857143,16,2048,,8836.525124311447
adammini-galore2-r8,adammini,galore2,8,1.1B,sdpa,666,1366,44793856,2.408085346221924,11.112663859264455,nan,nan,nan,nan,22.217557430267334,4.097999572753906,0.01870039477944374,4.097999572753906,14.002857889980078,6.184360504150391,5065.624944438377,1.513581395149231,0.00018086352571428574,16,2048,,8842.740113735199
adammini-galore2-r8,adammini,galore2,8,1.1B,sdpa,666,1367,44826624,2.3811721801757812,10.817575582773468,nan,nan,nan,nan,22.217557430267334,4.097999572753906,0.01870039477944374,4.097999572753906,14.002857889980078,6.23462986946106,5065.741436043131,1.5388352870941162,0.0001805778171428571,16,2048,,8849.005667448044
adammini-galore2-r8,adammini,galore2,8,1.1B,sdpa,666,1368,44859392,3.159367561340332,23.55569368584525,nan,nan,nan,nan,22.217557430267334,4.097999572753906,0.01870039477944374,4.097999572753906,14.002857889980078,6.106628179550171,5065.930780456961,2.879732847213745,0.00018029210857142854,16,2048,,8855.14321565628
adammini-galore2-r8,adammini,galore2,8,1.1B,sdpa,666,1369,44892160,2.407853603363037,11.110088877150243,nan,nan,nan,nan,22.217557430267334,4.097999572753906,0.01870039477944374,4.097999572753906,14.002857889980078,6.17585015296936,5066.080222690823,1.4424077272415161,0.00018000640000000003,16,2048,,8861.349887371063
adammini-galore2-r8,adammini,galore2,8,1.1B,sdpa,666,1370,44924928,2.203110694885254,9.053131273000082,nan,nan,nan,nan,22.217557430267334,4.097999572753906,0.01870039477944374,4.097999572753906,14.002857889980078,6.166684865951538,5066.234890943125,1.610478162765503,0.00017972069142857146,16,2048,,8867.547366857529
adammini-galore2-r8,adammini,galore2,8,1.1B,sdpa,666,1371,44957696,2.3888888359069824,10.90137399531549,nan,nan,nan,nan,22.217557430267334,4.097999572753906,0.01870039477944374,4.097999572753906,14.002857889980078,6.176396369934082,5066.383373737537,1.7268309593200684,0.00017943498285714288,16,2048,,8873.755310297012
adammini-galore2-r8,adammini,galore2,8,1.1B,sdpa,666,1372,44990464,2.4166786670684814,11.20857003133777,nan,nan,nan,nan,22.217557430267334,4.097999572753906,0.01870039477944374,4.097999572753906,14.002857889980078,6.1739490032196045,5066.532972655099,1.4603853225708008,0.00017914927428571431,16,2048,,8879.960717201233
adammini-galore2-r8,adammini,galore2,8,1.1B,sdpa,666,1373,45023232,2.3700788021087646,10.698235294396381,nan,nan,nan,nan,22.217557430267334,4.097999572753906,0.01870039477944374,4.097999572753906,14.002857889980078,6.164227485656738,5066.688204707064,1.6097394227981567,0.00017886356571428574,16,2048,,8886.156096696854
adammini-galore2-r8,adammini,galore2,8,1.1B,sdpa,666,1374,45056000,2.3225440979003906,10.201595176345368,nan,nan,nan,nan,22.217557430267334,4.097999572753906,0.01870039477944374,4.097999572753906,14.002857889980078,6.188174486160278,5066.829442909418,1.4296222925186157,0.00017857785714285712,16,2048,,8892.375437259674
adammini-galore2-r8,adammini,galore2,8,1.1B,sdpa,666,1375,45088768,2.278332233428955,9.760388777861634,nan,nan,nan,nan,22.217557430267334,4.097999572753906,0.01870039477944374,4.097999572753906,14.002857889980078,6.169480085372925,5066.981279663121,1.857047200202942,0.00017829214857142855,16,2048,,8898.576009750366
adammini-galore2-r8,adammini,galore2,8,1.1B,sdpa,666,1376,45121536,2.284776449203491,9.82348992953658,nan,nan,nan,nan,22.217557430267334,4.097999572753906,0.01870039477944374,4.097999572753906,14.002857889980078,6.178393363952637,5067.127935276316,1.4133208990097046,0.00017800643999999998,16,2048,,8904.785162687302
adammini-galore2-r8,adammini,galore2,8,1.1B,sdpa,666,1377,45154304,2.38108491897583,10.816631669331661,nan,nan,nan,nan,22.217557430267334,4.097999572753906,0.01870039477944374,4.097999572753906,14.002857889980078,6.18383526802063,5067.271314172679,1.5211338996887207,0.00017772073142857144,16,2048,,8910.99975347519
adammini-galore2-r8,adammini,galore2,8,1.1B,sdpa,666,1378,45187072,2.5061447620391846,12.257582952862094,nan,nan,nan,nan,22.217557430267334,4.097999572753906,0.01870039477944374,4.097999572753906,14.002857889980078,6.171642065048218,5067.421444272112,1.6480003595352173,0.0001774350228571429,16,2048,,8917.202179670334
adammini-galore2-r8,adammini,galore2,8,1.1B,sdpa,666,1379,45219840,2.3703699111938477,10.701350101237223,nan,nan,nan,nan,22.217557430267334,4.097999572753906,0.01870039477944374,4.097999572753906,14.002857889980078,6.169981002807617,5067.572317919737,1.493422031402588,0.00017714931428571432,16,2048,,8923.403151035309
adammini-galore2-r8,adammini,galore2,8,1.1B,sdpa,666,1380,45252608,2.5889015197753906,13.315137151990292,nan,nan,nan,nan,22.217557430267334,4.097999572753906,0.01870039477944374,4.097999572753906,14.002857889980078,6.180567502975464,5067.716847464099,1.6344232559204102,0.00017686360571428575,16,2048,,8929.614846467972
adammini-galore2-r8,adammini,galore2,8,1.1B,sdpa,666,1381,45285376,2.4003958702087402,11.027540991629118,nan,nan,nan,nan,22.217557430267334,4.097999572753906,0.01870039477944374,4.097999572753906,14.002857889980078,6.193035125732422,5067.85383095885,1.5188487768173218,0.00017657789714285713,16,2048,,8935.838905334473
adammini-galore2-r8,adammini,galore2,8,1.1B,sdpa,666,1382,45318144,2.291912317276001,9.893839762728538,nan,nan,nan,nan,22.217557430267334,4.097999572753906,0.01870039477944374,4.097999572753906,14.002857889980078,6.17419958114624,5068.000680534981,1.531204342842102,0.00017629218857142856,16,2048,,8942.04587650299
adammini-galore2-r8,adammini,galore2,8,1.1B,sdpa,666,1383,45350912,3.6038625240325928,36.73986936181609,nan,nan,nan,nan,22.217557430267334,4.097999572753906,0.01870039477944374,4.097999572753906,14.002857889980078,6.176393508911133,5068.146564784847,2.739793539047241,0.00017600648,16,2048,,8948.253930568695
adammini-galore2-r8,adammini,galore2,8,1.1B,sdpa,666,1384,45383680,2.254629135131836,9.531757660515028,nan,nan,nan,nan,22.217557430267334,4.097999572753906,0.01870039477944374,4.097999572753906,14.002857889980078,6.167352676391602,5068.297282174846,1.4587682485580444,0.00017572077142857142,16,2048,,8954.452910661697
adammini-galore2-r8,adammini,galore2,8,1.1B,sdpa,666,1385,45416448,2.2783524990081787,9.760586579797945,nan,nan,nan,nan,22.217557430267334,4.097999572753906,0.01870039477944374,4.097999572753906,14.002857889980078,6.198330402374268,5068.430056038813,1.5377001762390137,0.00017543506285714287,16,2048,,8960.683645963669
adammini-galore2-r8,adammini,galore2,8,1.1B,sdpa,666,1386,45449216,2.528841018676758,12.538965285429782,nan,nan,nan,nan,22.217557430267334,4.097999572753906,0.01870039477944374,4.097999572753906,14.002857889980078,6.190280914306641,5068.567909526252,1.5201148986816406,0.0001751493542857143,16,2048,,8966.904769420624
adammini-galore2-r8,adammini,galore2,8,1.1B,sdpa,666,1387,45481984,2.344189405441284,10.424819000181955,nan,nan,nan,nan,22.217557430267334,4.097999572753906,0.01870039477944374,4.097999572753906,14.002857889980078,6.1807310581207275,5068.7110653587215,1.5105600357055664,0.00017486364571428576,16,2048,,8973.11639881134
adammini-galore2-r8,adammini,galore2,8,1.1B,sdpa,666,1388,45514752,2.219609022140503,9.203731707010192,nan,nan,nan,nan,22.217557430267334,4.097999572753906,0.01870039477944374,4.097999572753906,14.002857889980078,6.1657326221466064,5068.862368162662,1.5246669054031372,0.00017457793714285714,16,2048,,8979.313151359558
adammini-galore2-r8,adammini,galore2,8,1.1B,sdpa,666,1389,45547520,2.4581968784332275,11.683725358045844,nan,nan,nan,nan,22.217557430267334,4.097999572753906,0.01870039477944374,4.097999572753906,14.002857889980078,6.176236391067505,5069.007559215241,1.4805611371994019,0.00017429222857142857,16,2048,,8985.520370006561
adammini-galore2-r8,adammini,galore2,8,1.1B,sdpa,666,1390,45580288,2.3601455688476562,10.592493277250403,nan,nan,nan,nan,22.217557430267334,4.097999572753906,0.01870039477944374,4.097999572753906,14.002857889980078,6.181887149810791,5069.149342235699,1.428938388824463,0.00017400652,16,2048,,8991.733266115189
adammini-galore2-r8,adammini,galore2,8,1.1B,sdpa,666,1391,45613056,2.3165595531463623,10.140725593490522,nan,nan,nan,nan,22.217557430267334,4.097999572753906,0.01870039477944374,4.097999572753906,14.002857889980078,6.18593692779541,5069.288483198568,1.4439390897750854,0.00017372081142857143,16,2048,,8997.950397014618
adammini-galore2-r8,adammini,galore2,8,1.1B,sdpa,666,1392,45645824,2.3195548057556152,10.171145162688626,nan,nan,nan,nan,22.217557430267334,4.097999572753906,0.01870039477944374,4.097999572753906,14.002857889980078,6.1822404861450195,5069.429722417878,1.3657054901123047,0.00017343510285714286,16,2048,,9004.163364887238
adammini-galore2-r8,adammini,galore2,8,1.1B,sdpa,666,1393,45678592,2.320129632949829,10.176993494253411,nan,nan,nan,nan,22.217557430267334,4.097999572753906,0.01870039477944374,4.097999572753906,14.002857889980078,6.187281131744385,5069.568079555922,1.3627737760543823,0.0001731493942857143,16,2048,,9010.381276845932
adammini-galore2-r8,adammini,galore2,8,1.1B,sdpa,666,1394,45711360,2.3897705078125,10.910989668810394,nan,nan,nan,nan,22.217557430267334,4.097999572753906,0.01870039477944374,4.097999572753906,14.002857889980078,6.192837238311768,5069.703082719578,1.5245134830474854,0.00017286368571428574,16,2048,,9016.604814052582
adammini-galore2-r8,adammini,galore2,8,1.1B,sdpa,666,1395,45744128,2.354353666305542,10.531319914598622,nan,nan,nan,nan,22.217557430267334,4.097999572753906,0.01870039477944374,4.097999572753906,14.002857889980078,6.197436332702637,5069.835399715502,1.5334281921386719,0.00017257797714285717,16,2048,,9022.832960367203
adammini-galore2-r8,adammini,galore2,8,1.1B,sdpa,666,1396,45776896,2.216109037399292,9.171575093128665,nan,nan,nan,nan,22.217557430267334,4.097999572753906,0.01870039477944374,4.097999572753906,14.002857889980078,6.195076942443848,5069.968659271144,1.3508232831954956,0.00017229226857142857,16,2048,,9029.058732032776
adammini-galore2-r8,adammini,galore2,8,1.1B,sdpa,666,1397,45809664,2.381222724914551,10.818122368123865,nan,nan,nan,nan,22.217557430267334,4.097999572753906,0.01870039477944374,4.097999572753906,14.002857889980078,6.198569059371948,5070.099832178019,1.7515320777893066,0.00017200656,16,2048,,9035.28850722313
adammini-galore2-r8,adammini,galore2,8,1.1B,sdpa,666,1398,45842432,2.528459310531616,12.53417997360304,nan,nan,nan,nan,22.217557430267334,4.097999572753906,0.01870039477944374,4.097999572753906,14.002857889980078,6.172779560089111,5070.245171472567,1.575135350227356,0.00017172085142857143,16,2048,,9041.492468118668
adammini-galore2-r8,adammini,galore2,8,1.1B,sdpa,666,1399,45875200,2.4425833225250244,11.502717623349032,nan,nan,nan,nan,22.217557430267334,4.097999572753906,0.01870039477944374,4.097999572753906,14.002857889980078,6.177865505218506,5070.387452430221,1.4668689966201782,0.00017143514285714286,16,2048,,9047.701274871826
adammini-galore2-r8,adammini,galore2,8,1.1B,sdpa,666,1400,45907968,2.377626657485962,10.779289535228006,2.469121949589392,11.812070703391143,nan,nan,22.217557430267334,4.097999572753906,0.01870039477944374,4.097999572753906,14.002857889980078,6.172617197036743,5070.532461213966,1.4298534393310547,0.0001711494342857143,16,2048,,9066.44186758995
adammini-galore2-r8,adammini,galore2,8,1.1B,sdpa,666,1401,45940736,2.6418745517730713,14.039496719603259,nan,nan,nan,nan,22.217557430267334,4.097999572753906,0.01870039477944374,4.097999572753906,14.002857889980078,6.196923494338989,5063.65598581614,1.7100067138671875,0.00017086372571428575,16,2048,,9072.670928239822
adammini-galore2-r8,adammini,galore2,8,1.1B,sdpa,666,1402,45973504,2.3920786380767822,10.936202740611806,nan,nan,nan,nan,22.217557430267334,4.097999572753906,0.01870039477944374,4.097999572753906,14.002857889980078,6.198063373565674,5063.789765841619,1.3465559482574463,0.00017057801714285718,16,2048,,9078.902267932892
adammini-galore2-r8,adammini,galore2,8,1.1B,sdpa,666,1403,46006272,2.318617820739746,10.16161941551506,nan,nan,nan,nan,22.217557430267334,4.097999572753906,0.01870039477944374,4.097999572753906,14.002857889980078,6.187621831893921,5063.930539301334,1.4000606536865234,0.00017029230857142856,16,2048,,9085.12125301361
adammini-galore2-r8,adammini,galore2,8,1.1B,sdpa,666,1404,46039040,2.400723934173584,11.031159323939079,nan,nan,nan,nan,22.217557430267334,4.097999572753906,0.01870039477944374,4.097999572753906,14.002857889980078,6.184608697891235,5064.072716495241,1.5326281785964966,0.00017000659999999999,16,2048,,9091.336909532547
adammini-galore2-r8,adammini,galore2,8,1.1B,sdpa,666,1405,46071808,2.2450320720672607,9.44071833495839,nan,nan,nan,nan,22.217557430267334,4.097999572753906,0.01870039477944374,4.097999572753906,14.002857889980078,6.175106048583984,5064.21996844595,2.0143179893493652,0.00016972089142857144,16,2048,,9097.543117284775
adammini-galore2-r8,adammini,galore2,8,1.1B,sdpa,666,1406,46104576,2.259758710861206,9.580777150375782,nan,nan,nan,nan,22.217557430267334,4.097999572753906,0.01870039477944374,4.097999572753906,14.002857889980078,6.182661533355713,5064.362791077531,1.612428903579712,0.00016943518285714287,16,2048,,9103.7568526268
adammini-galore2-r8,adammini,galore2,8,1.1B,sdpa,666,1407,46137344,2.8305442333221436,16.95468561897338,nan,nan,nan,nan,22.217557430267334,4.097999572753906,0.01870039477944374,4.097999572753906,14.002857889980078,6.180849075317383,5064.506418260417,5.4551873207092285,0.0001691494742857143,16,2048,,9109.968551158905
adammini-galore2-r8,adammini,galore2,8,1.1B,sdpa,666,1408,46170112,2.3142073154449463,10.116900228875771,nan,nan,nan,nan,22.217557430267334,4.097999572753906,0.01870039477944374,4.097999572753906,14.002857889980078,6.19562029838562,5064.641793224881,1.4209773540496826,0.00016886376571428573,16,2048,,9116.193995714188
adammini-galore2-r8,adammini,galore2,8,1.1B,sdpa,666,1409,46202880,2.57369065284729,13.1141349569453,nan,nan,nan,nan,22.217557430267334,4.097999572753906,0.01870039477944374,4.097999572753906,14.002857889980078,6.175846338272095,5064.733075234809,1.5489994287490845,0.0001685780571428572,16,2048,,9122.500699996948
adammini-galore2-r8,adammini,galore2,8,1.1B,sdpa,666,1410,46235648,2.3424034118652344,10.406216956925716,nan,nan,nan,nan,22.217557430267334,4.097999572753906,0.01870039477944374,4.097999572753906,14.002857889980078,6.190876245498657,5064.870648507628,1.7727956771850586,0.00016829234857142856,16,2048,,9128.722484350204
adammini-galore2-r8,adammini,galore2,8,1.1B,sdpa,666,1411,46268416,2.807800054550171,16.573417469329325,nan,nan,nan,nan,22.217557430267334,4.097999572753906,0.01870039477944374,4.097999572753906,14.002857889980078,6.183581829071045,5065.011936913585,2.3575258255004883,0.00016800664,16,2048,,9134.937376260757
adammini-galore2-r8,adammini,galore2,8,1.1B,sdpa,666,1412,46301184,2.4096837043762207,11.13044007875808,nan,nan,nan,nan,22.217557430267334,4.097999572753906,0.01870039477944374,4.097999572753906,14.002857889980078,6.178119897842407,5065.156228794168,1.4405794143676758,0.00016772093142857142,16,2048,,9141.146465063095
adammini-galore2-r8,adammini,galore2,8,1.1B,sdpa,666,1413,46333952,2.3711752891540527,10.709972204313043,nan,nan,nan,nan,22.217557430267334,4.097999572753906,0.01870039477944374,4.097999572753906,14.002857889980078,6.175414323806763,5065.301796058365,1.6635466814041138,0.00016743522285714285,16,2048,,9147.352806329727
adammini-galore2-r8,adammini,galore2,8,1.1B,sdpa,666,1414,46366720,2.4563472270965576,11.66213451374263,nan,nan,nan,nan,22.217557430267334,4.097999572753906,0.01870039477944374,4.097999572753906,14.002857889980078,6.180378198623657,5065.444491413072,1.4749871492385864,0.00016714951428571428,16,2048,,9153.56423163414
adammini-galore2-r8,adammini,galore2,8,1.1B,sdpa,666,1415,46399488,2.339237689971924,10.37332585758426,nan,nan,nan,nan,22.217557430267334,4.097999572753906,0.01870039477944374,4.097999572753906,14.002857889980078,6.353132247924805,5065.491337667613,3.060655355453491,0.00016686380571428574,16,2048,,9159.948363542557
adammini-galore2-r8,adammini,galore2,8,1.1B,sdpa,666,1416,46432256,2.41837215423584,11.227567682449184,nan,nan,nan,nan,22.217557430267334,4.097999572753906,0.01870039477944374,4.097999572753906,14.002857889980078,6.1855692863464355,5065.630782743118,1.412270188331604,0.00016657809714285717,16,2048,,9166.164817810059
adammini-galore2-r8,adammini,galore2,8,1.1B,sdpa,666,1417,46465024,2.2306149005889893,9.305586331126197,nan,nan,nan,nan,22.217557430267334,4.097999572753906,0.01870039477944374,4.097999572753906,14.002857889980078,6.186477899551392,5065.769597688703,1.3686693906784058,0.00016629238857142857,16,2048,,9172.3822453022
adammini-galore2-r8,adammini,galore2,8,1.1B,sdpa,666,1418,46497792,2.2969443798065186,9.943751657648706,nan,nan,nan,nan,22.217557430267334,4.097999572753906,0.01870039477944374,4.097999572753906,14.002857889980078,6.18117880821228,5065.911078760109,1.3931642770767212,0.00016600668,16,2048,,9178.594180822372
adammini-galore2-r8,adammini,galore2,8,1.1B,sdpa,666,1419,46530560,2.8702120780944824,17.64075902170866,nan,nan,nan,nan,22.217557430267334,4.097999572753906,0.01870039477944374,4.097999572753906,14.002857889980078,6.169670104980469,5066.05885834387,1.6888452768325806,0.00016572097142857143,16,2048,,9184.7947473526
adammini-galore2-r8,adammini,galore2,8,1.1B,sdpa,666,1420,46563328,2.222691535949707,9.232146108486516,nan,nan,nan,nan,22.217557430267334,4.097999572753906,0.01870039477944374,4.097999572753906,14.002857889980078,6.163374423980713,5066.209785416087,2.012437105178833,0.00016543526285714286,16,2048,,9190.98919081688
adammini-galore2-r8,adammini,galore2,8,1.1B,sdpa,666,1421,46596096,2.3370285034179688,10.35043454048496,nan,nan,nan,nan,22.217557430267334,4.097999572753906,0.01870039477944374,4.097999572753906,14.002857889980078,6.189413547515869,5066.3458999738905,1.3541163206100464,0.0001651495542857143,16,2048,,9197.209876060486
adammini-galore2-r8,adammini,galore2,8,1.1B,sdpa,666,1422,46628864,2.4395253658294678,11.467596537723479,nan,nan,nan,nan,22.217557430267334,4.097999572753906,0.01870039477944374,4.097999572753906,14.002857889980078,6.182702541351318,5066.48572798614,1.4753742218017578,0.00016486384571428572,16,2048,,9203.42355799675
adammini-galore2-r8,adammini,galore2,8,1.1B,sdpa,666,1423,46661632,2.2111353874206543,9.126072140543469,nan,nan,nan,nan,22.217557430267334,4.097999572753906,0.01870039477944374,4.097999572753906,14.002857889980078,6.176280975341797,5066.628950872824,1.5697839260101318,0.00016457813714285715,16,2048,,9209.630875110626
adammini-galore2-r8,adammini,galore2,8,1.1B,sdpa,666,1424,46694400,2.465940237045288,11.7745478150392,nan,nan,nan,nan,22.217557430267334,4.097999572753906,0.01870039477944374,4.097999572753906,14.002857889980078,6.188901424407959,5066.7651035665385,1.5018510818481445,0.0001642924285714286,16,2048,,9215.850703954697
adammini-galore2-r8,adammini,galore2,8,1.1B,sdpa,666,1425,46727168,2.36443829536438,10.638061690411647,nan,nan,nan,nan,22.217557430267334,4.097999572753906,0.01870039477944374,4.097999572753906,14.002857889980078,6.1669416427612305,5066.913063674911,1.410485029220581,0.00016400672,16,2048,,9222.048641443253
adammini-galore2-r8,adammini,galore2,8,1.1B,sdpa,666,1426,46759936,2.355083465576172,10.539008469400661,nan,nan,nan,nan,22.217557430267334,4.097999572753906,0.01870039477944374,4.097999572753906,14.002857889980078,6.194821834564209,5067.045551221279,1.462906837463379,0.00016372101142857144,16,2048,,9228.274608135223
adammini-galore2-r8,adammini,galore2,8,1.1B,sdpa,666,1427,46792704,2.467472791671753,11.792606787413874,nan,nan,nan,nan,22.217557430267334,4.097999572753906,0.01870039477944374,4.097999572753906,14.002857889980078,6.191951274871826,5067.179328778683,1.4987698793411255,0.00016343530285714287,16,2048,,9234.497366666794
adammini-galore2-r8,adammini,galore2,8,1.1B,sdpa,666,1428,46825472,2.3445050716400146,10.428110282614172,nan,nan,nan,nan,22.217557430267334,4.097999572753906,0.01870039477944374,4.097999572753906,14.002857889980078,6.186991214752197,5067.3154322067285,1.6263108253479004,0.0001631495942857143,16,2048,,9240.715917825699
adammini-galore2-r8,adammini,galore2,8,1.1B,sdpa,666,1429,46858240,2.4898016452789307,12.058883946641433,nan,nan,nan,nan,22.217557430267334,4.097999572753906,0.01870039477944374,4.097999572753906,14.002857889980078,6.177869558334351,5067.456499691015,1.4206315279006958,0.00016286388571428573,16,2048,,9246.925293207169
adammini-galore2-r8,adammini,galore2,8,1.1B,sdpa,666,1430,46891008,2.14717698097229,8.56065735464663,nan,nan,nan,nan,22.217557430267334,4.097999572753906,0.01870039477944374,4.097999572753906,14.002857889980078,6.1729936599731445,5067.600141702814,1.468106985092163,0.00016257817714285716,16,2048,,9253.129228830338
adammini-galore2-r8,adammini,galore2,8,1.1B,sdpa,666,1431,46923776,2.495892286300659,12.132554402293524,nan,nan,nan,nan,22.217557430267334,4.097999572753906,0.01870039477944374,4.097999572753906,14.002857889980078,6.181525468826294,5067.738775373558,1.6450872421264648,0.0001622924685714286,16,2048,,9259.342093467712
adammini-galore2-r8,adammini,galore2,8,1.1B,sdpa,666,1432,46956544,2.38456130027771,10.85429984194603,nan,nan,nan,nan,22.217557430267334,4.097999572753906,0.01870039477944374,4.097999572753906,14.002857889980078,6.198094129562378,5067.868394945615,1.6059205532073975,0.00016200675999999997,16,2048,,9265.571073055267
adammini-galore2-r8,adammini,galore2,8,1.1B,sdpa,666,1433,46989312,2.442140579223633,11.497625999397867,nan,nan,nan,nan,22.217557430267334,4.097999572753906,0.01870039477944374,4.097999572753906,14.002857889980078,6.142388343811035,5068.028328445177,1.4618061780929565,0.00016172105142857145,16,2048,,9271.744121789932
adammini-galore2-r8,adammini,galore2,8,1.1B,sdpa,666,1434,47022080,2.3850996494293213,10.860144818235124,nan,nan,nan,nan,22.217557430267334,4.097999572753906,0.01870039477944374,4.097999572753906,14.002857889980078,6.17156720161438,5068.172125526468,1.4549610614776611,0.00016143534285714288,16,2048,,9277.946813821793
adammini-galore2-r8,adammini,galore2,8,1.1B,sdpa,666,1435,47054848,2.391983985900879,10.93516765421365,nan,nan,nan,nan,22.217557430267334,4.097999572753906,0.01870039477944374,4.097999572753906,14.002857889980078,6.186903715133667,5068.252749978714,1.3727596998214722,0.0001611496342857143,16,2048,,9284.26429772377
adammini-galore2-r8,adammini,galore2,8,1.1B,sdpa,666,1436,47087616,2.499887466430664,12.181123098310128,nan,nan,nan,nan,22.217557430267334,4.097999572753906,0.01870039477944374,4.097999572753906,14.002857889980078,6.183046579360962,5068.389934379654,1.6556000709533691,0.00016086392571428574,16,2048,,9290.478311300278
adammini-galore2-r8,adammini,galore2,8,1.1B,sdpa,666,1437,47120384,2.375061273574829,10.751671959269789,nan,nan,nan,nan,22.217557430267334,4.097999572753906,0.01870039477944374,4.097999572753906,14.002857889980078,6.1784751415252686,5068.529356243324,1.469034194946289,0.00016057821714285717,16,2048,,9296.687795877457
adammini-galore2-r8,adammini,galore2,8,1.1B,sdpa,666,1438,47153152,2.3474388122558594,10.458748573721408,nan,nan,nan,nan,22.217557430267334,4.097999572753906,0.01870039477944374,4.097999572753906,14.002857889980078,6.189605951309204,5068.662311472416,1.7515357732772827,0.0001602925085714286,16,2048,,9302.908865213394
adammini-galore2-r8,adammini,galore2,8,1.1B,sdpa,666,1439,47185920,2.411430835723877,11.149903417086213,nan,nan,nan,nan,22.217557430267334,4.097999572753906,0.01870039477944374,4.097999572753906,14.002857889980078,6.188733339309692,5068.795397321708,1.392533779144287,0.00016000679999999997,16,2048,,9309.129149198532
adammini-galore2-r8,adammini,galore2,8,1.1B,sdpa,666,1440,47218688,2.4763338565826416,11.89756618085485,nan,nan,nan,nan,22.217557430267334,4.097999572753906,0.01870039477944374,4.097999572753906,14.002857889980078,6.176766872406006,5068.935109673591,1.435399055480957,0.0001597210914285714,16,2048,,9315.336881637573
adammini-galore2-r8,adammini,galore2,8,1.1B,sdpa,666,1441,47251456,2.351238489151001,10.498564034068336,nan,nan,nan,nan,22.217557430267334,4.097999572753906,0.01870039477944374,4.097999572753906,14.002857889980078,6.180183172225952,5069.072282995781,1.4863686561584473,0.00015943538285714283,16,2048,,9321.549159765244
adammini-galore2-r8,adammini,galore2,8,1.1B,sdpa,666,1442,47284224,2.4931557178497314,12.09939822445384,nan,nan,nan,nan,22.217557430267334,4.097999572753906,0.01870039477944374,4.097999572753906,14.002857889980078,6.174047946929932,5069.213218882872,1.398046851158142,0.00015914967428571432,16,2048,,9327.754180431366
adammini-galore2-r8,adammini,galore2,8,1.1B,sdpa,666,1443,47316992,2.2199389934539795,9.206769175561623,nan,nan,nan,nan,22.217557430267334,4.097999572753906,0.01870039477944374,4.097999572753906,14.002857889980078,6.179736137390137,5069.350814238025,1.3140171766281128,0.00015886396571428575,16,2048,,9333.965044498444
adammini-galore2-r8,adammini,galore2,8,1.1B,sdpa,666,1444,47349760,2.4632928371429443,11.74341710420615,nan,nan,nan,nan,22.217557430267334,4.097999572753906,0.01870039477944374,4.097999572753906,14.002857889980078,6.161088466644287,5069.498311402844,1.4720784425735474,0.00015857825714285718,16,2048,,9340.157252788544
adammini-galore2-r8,adammini,galore2,8,1.1B,sdpa,666,1445,47382528,2.4214212894439697,11.261854300073686,nan,nan,nan,nan,22.217557430267334,4.097999572753906,0.01870039477944374,4.097999572753906,14.002857889980078,6.17501425743103,5069.637999611072,1.4697489738464355,0.0001582925485714286,16,2048,,9346.363258838654
adammini-galore2-r8,adammini,galore2,8,1.1B,sdpa,666,1446,47415296,2.4212398529052734,11.259811173564685,nan,nan,nan,nan,22.217557430267334,4.097999572753906,0.01870039477944374,4.097999572753906,14.002857889980078,6.162813186645508,5069.784268190483,2.0747172832489014,0.00015800683999999998,16,2048,,9352.557143211365
adammini-galore2-r8,adammini,galore2,8,1.1B,sdpa,666,1447,47448064,2.189911127090454,8.934419051597704,nan,nan,nan,nan,22.217557430267334,4.097999572753906,0.01870039477944374,4.097999572753906,14.002857889980078,6.186877727508545,5069.917312319167,4.93351411819458,0.0001577211314285714,16,2048,,9358.774983644485
adammini-galore2-r8,adammini,galore2,8,1.1B,sdpa,666,1448,47480832,2.3375298976898193,10.35562549032223,nan,nan,nan,nan,22.217557430267334,4.097999572753906,0.01870039477944374,4.097999572753906,14.002857889980078,6.190841436386108,5069.993951569186,1.9023324251174927,0.00015743542285714284,16,2048,,9365.096584320068
adammini-galore2-r8,adammini,galore2,8,1.1B,sdpa,666,1449,47513600,2.542097330093384,12.706292333469213,nan,nan,nan,nan,22.217557430267334,4.097999572753906,0.01870039477944374,4.097999572753906,14.002857889980078,6.180962085723877,5070.129793430815,1.8019654750823975,0.00015714971428571427,16,2048,,9371.30856513977
adammini-galore2-r8,adammini,galore2,8,1.1B,sdpa,666,1450,47546368,2.218663454055786,9.19503306527487,2.468681349207388,11.806867446889548,nan,nan,22.217557430267334,4.097999572753906,0.01870039477944374,4.097999572753906,14.002857889980078,6.175159692764282,5070.2687365765805,1.4834915399551392,0.00015686400571428573,16,2048,,9389.928466796875
adammini-galore2-r8,adammini,galore2,8,1.1B,sdpa,666,1451,47579136,2.2717087268829346,9.695954405209946,nan,nan,nan,nan,22.217557430267334,4.097999572753906,0.01870039477944374,4.097999572753906,14.002857889980078,6.186972618103027,5063.70161143679,1.5402261018753052,0.00015657829714285719,16,2048,,9396.147389411926
adammini-galore2-r8,adammini,galore2,8,1.1B,sdpa,666,1452,47611904,2.375458002090454,10.755938300360302,nan,nan,nan,nan,22.217557430267334,4.097999572753906,0.01870039477944374,4.097999572753906,14.002857889980078,6.192955017089844,5063.834754152301,1.7669744491577148,0.00015629258857142862,16,2048,,9402.371448516846
adammini-galore2-r8,adammini,galore2,8,1.1B,sdpa,666,1453,47644672,2.099910259246826,8.165437107210895,nan,nan,nan,nan,22.217557430267334,4.097999572753906,0.01870039477944374,4.097999572753906,14.002857889980078,6.1618006229400635,5063.984440093722,2.036147117614746,0.00015600688000000004,16,2048,,9408.564146280289
adammini-galore2-r8,adammini,galore2,8,1.1B,sdpa,666,1454,47677440,2.229605197906494,9.296195197569695,nan,nan,nan,nan,22.217557430267334,4.097999572753906,0.01870039477944374,4.097999572753906,14.002857889980078,6.178890705108643,5064.124802763069,1.7954574823379517,0.00015572117142857142,16,2048,,9414.774136781693
adammini-galore2-r8,adammini,galore2,8,1.1B,sdpa,666,1455,47710208,2.4322335720062256,11.384281315989204,nan,nan,nan,nan,22.217557430267334,4.097999572753906,0.01870039477944374,4.097999572753906,14.002857889980078,6.17451810836792,5064.267284886293,1.4983073472976685,0.00015543546285714285,16,2048,,9420.979660749435
adammini-galore2-r8,adammini,galore2,8,1.1B,sdpa,666,1456,47742976,2.0728511810302734,7.94745046519455,nan,nan,nan,nan,22.217557430267334,4.097999572753906,0.01870039477944374,4.097999572753906,14.002857889980078,6.17333459854126,5064.410215739681,1.3858941793441772,0.00015514975428571428,16,2048,,9427.18407034874
adammini-galore2-r8,adammini,galore2,8,1.1B,sdpa,666,1457,47775744,2.372710943222046,10.72643165147058,nan,nan,nan,nan,22.217557430267334,4.097999572753906,0.01870039477944374,4.097999572753906,14.002857889980078,6.187084436416626,5064.545573931865,1.544439673423767,0.0001548640457142857,16,2048,,9433.401991128922
adammini-galore2-r8,adammini,galore2,8,1.1B,sdpa,666,1458,47808512,2.3576366901397705,10.56595130561974,nan,nan,nan,nan,22.217557430267334,4.097999572753906,0.01870039477944374,4.097999572753906,14.002857889980078,6.188164710998535,5064.680261686792,1.4929853677749634,0.00015457833714285717,16,2048,,9439.621133089066
adammini-galore2-r8,adammini,galore2,8,1.1B,sdpa,666,1459,47841280,2.4012629985809326,11.03710743236514,nan,nan,nan,nan,22.217557430267334,4.097999572753906,0.01870039477944374,4.097999572753906,14.002857889980078,6.18510627746582,5064.8163110174155,1.5745261907577515,0.0001542926285714286,16,2048,,9445.837258815765
adammini-galore2-r8,adammini,galore2,8,1.1B,sdpa,666,1460,47874048,2.4639885425567627,11.751589905663744,nan,nan,nan,nan,22.217557430267334,4.097999572753906,0.01870039477944374,4.097999572753906,14.002857889980078,6.183069944381714,5064.953260834949,1.4185129404067993,0.00015400692000000003,16,2048,,9452.051600933075
adammini-galore2-r8,adammini,galore2,8,1.1B,sdpa,666,1461,47906816,2.440443515777588,11.478130345957394,nan,nan,nan,nan,22.217557430267334,4.097999572753906,0.01870039477944374,4.097999572753906,14.002857889980078,6.162830591201782,5065.100561626655,1.3639379739761353,0.00015372121142857143,16,2048,,9458.24583029747
adammini-galore2-r8,adammini,galore2,8,1.1B,sdpa,666,1462,47939584,2.434805393218994,11.413597333789362,nan,nan,nan,nan,22.217557430267334,4.097999572753906,0.01870039477944374,4.097999572753906,14.002857889980078,6.180643320083618,5065.238527150155,1.665594458580017,0.00015343550285714286,16,2048,,9464.457612514496
adammini-galore2-r8,adammini,galore2,8,1.1B,sdpa,666,1463,47972352,2.535911798477173,12.627939736567663,nan,nan,nan,nan,22.217557430267334,4.097999572753906,0.01870039477944374,4.097999572753906,14.002857889980078,6.181312322616577,5065.375856966693,1.593693494796753,0.0001531497942857143,16,2048,,9470.669838666916
adammini-galore2-r8,adammini,galore2,8,1.1B,sdpa,666,1464,48005120,2.402364730834961,11.04927407057275,nan,nan,nan,nan,22.217557430267334,4.097999572753906,0.01870039477944374,4.097999572753906,14.002857889980078,6.187772035598755,5065.509420372401,1.984300971031189,0.00015286408571428572,16,2048,,9476.889222621918
adammini-galore2-r8,adammini,galore2,8,1.1B,sdpa,666,1465,48037888,3.1409871578216553,23.12668528244197,nan,nan,nan,nan,22.217557430267334,4.097999572753906,0.01870039477944374,4.097999572753906,14.002857889980078,6.188049077987671,5065.642394298054,2.006531238555908,0.00015257837714285715,16,2048,,9483.108916282654
adammini-galore2-r8,adammini,galore2,8,1.1B,sdpa,666,1466,48070656,3.893991708755493,49.106514723348894,nan,nan,nan,nan,22.217557430267334,4.097999572753906,0.01870039477944374,4.097999572753906,14.002857889980078,6.142570495605469,5065.799747775383,2.280799388885498,0.0001522926685714286,16,2048,,9489.282704353333
adammini-galore2-r8,adammini,galore2,8,1.1B,sdpa,666,1467,48103424,2.412825345993042,11.165462918322174,nan,nan,nan,nan,22.217557430267334,4.097999572753906,0.01870039477944374,4.097999572753906,14.002857889980078,6.2311625480651855,5065.90987301081,1.502718210220337,0.00015200696000000003,16,2048,,9495.545042276382
adammini-galore2-r8,adammini,galore2,8,1.1B,sdpa,666,1468,48136192,2.7091078758239746,15.015873513853867,nan,nan,nan,nan,22.217557430267334,4.097999572753906,0.01870039477944374,4.097999572753906,14.002857889980078,6.141529560089111,5066.067383437848,1.5534236431121826,0.0001517212514285714,16,2048,,9501.717752695084
adammini-galore2-r8,adammini,galore2,8,1.1B,sdpa,666,1469,48168960,2.1261680126190186,8.38268285165271,nan,nan,nan,nan,22.217557430267334,4.097999572753906,0.01870039477944374,4.097999572753906,14.002857889980078,6.193934440612793,5066.196995581941,2.015303611755371,0.00015143554285714284,16,2048,,9507.942587137222
adammini-galore2-r8,adammini,galore2,8,1.1B,sdpa,666,1470,48201728,1.1951274871826172,3.3039789586219186,nan,nan,nan,nan,22.217557430267334,4.097999572753906,0.01870039477944374,4.097999572753906,14.002857889980078,6.146114110946655,5066.351930874875,1.832659125328064,0.0001511498342857143,16,2048,,9514.119394302368
adammini-galore2-r8,adammini,galore2,8,1.1B,sdpa,666,1471,48234496,2.1883347034454346,8.920345717832792,nan,nan,nan,nan,22.217557430267334,4.097999572753906,0.01870039477944374,4.097999572753906,14.002857889980078,6.184962511062622,5066.485851625044,1.3403100967407227,0.00015086412571428573,16,2048,,9520.335512638092
adammini-galore2-r8,adammini,galore2,8,1.1B,sdpa,666,1472,48267264,2.3714890480041504,10.713333080101135,nan,nan,nan,nan,22.217557430267334,4.097999572753906,0.01870039477944374,4.097999572753906,14.002857889980078,6.1874425411224365,5066.618524613801,1.41315495967865,0.00015057841714285716,16,2048,,9526.553976297379
adammini-galore2-r8,adammini,galore2,8,1.1B,sdpa,666,1473,48300032,2.2397661209106445,9.39113464056016,nan,nan,nan,nan,22.217557430267334,4.097999572753906,0.01870039477944374,4.097999572753906,14.002857889980078,6.168527841567993,5066.760879450249,1.888444185256958,0.00015029270857142859,16,2048,,9532.753577947617
adammini-galore2-r8,adammini,galore2,8,1.1B,sdpa,666,1474,48332800,2.329589605331421,10.273724386040831,nan,nan,nan,nan,22.217557430267334,4.097999572753906,0.01870039477944374,4.097999572753906,14.002857889980078,6.182792901992798,5066.895551195232,1.3639154434204102,0.00015000700000000004,16,2048,,9538.966959953308
adammini-galore2-r8,adammini,galore2,8,1.1B,sdpa,666,1475,48365568,2.136634111404419,8.470877560669722,nan,nan,nan,nan,22.217557430267334,4.097999572753906,0.01870039477944374,4.097999572753906,14.002857889980078,6.178062677383423,5067.032745192899,1.593915343284607,0.00014972129142857142,16,2048,,9545.176005840302
adammini-galore2-r8,adammini,galore2,8,1.1B,sdpa,666,1476,48398336,2.497964859008789,12.157726079482666,nan,nan,nan,nan,22.217557430267334,4.097999572753906,0.01870039477944374,4.097999572753906,14.002857889980078,6.174072265625,5067.171583740273,1.5478193759918213,0.00014943558285714285,16,2048,,9551.381068229675
adammini-galore2-r8,adammini,galore2,8,1.1B,sdpa,666,1477,48431104,2.4558064937591553,11.655830113479091,nan,nan,nan,nan,22.217557430267334,4.097999572753906,0.01870039477944374,4.097999572753906,14.002857889980078,6.169950008392334,5067.312538821397,1.5271912813186646,0.00014914987428571428,16,2048,,9557.581690788269
adammini-galore2-r8,adammini,galore2,8,1.1B,sdpa,666,1478,48463872,2.3730385303497314,10.729946068012984,nan,nan,nan,nan,22.217557430267334,4.097999572753906,0.01870039477944374,4.097999572753906,14.002857889980078,6.173199415206909,5067.451675671361,1.5638757944107056,0.0001488641657142857,16,2048,,9563.785899400711
adammini-galore2-r8,adammini,galore2,8,1.1B,sdpa,666,1479,48496640,2.091618299484253,8.098009570823605,nan,nan,nan,nan,22.217557430267334,4.097999572753906,0.01870039477944374,4.097999572753906,14.002857889980078,6.189029693603516,5067.582129956203,1.7167799472808838,0.00014857845714285716,16,2048,,9570.005859136581
adammini-galore2-r8,adammini,galore2,8,1.1B,sdpa,666,1480,48529408,2.270113229751587,9.680496872274556,nan,nan,nan,nan,22.217557430267334,4.097999572753906,0.01870039477944374,4.097999572753906,14.002857889980078,6.175842046737671,5067.719402503548,1.559138536453247,0.0001482927485714286,16,2048,,9576.212896108627
adammini-galore2-r8,adammini,galore2,8,1.1B,sdpa,666,1481,48562176,2.1850786209106445,8.891347571735228,nan,nan,nan,nan,22.217557430267334,4.097999572753906,0.01870039477944374,4.097999572753906,14.002857889980078,6.195008993148804,5067.845938854369,1.7267529964447021,0.00014800704000000002,16,2048,,9582.43952536583
adammini-galore2-r8,adammini,galore2,8,1.1B,sdpa,666,1482,48594944,2.2622623443603516,9.604793957093092,nan,nan,nan,nan,22.217557430267334,4.097999572753906,0.01870039477944374,4.097999572753906,14.002857889980078,6.175757884979248,5067.982836297613,1.5776021480560303,0.00014772133142857143,16,2048,,9588.646194458008
adammini-galore2-r8,adammini,galore2,8,1.1B,sdpa,666,1483,48627712,2.3299927711486816,10.27786723560079,nan,nan,nan,nan,22.217557430267334,4.097999572753906,0.01870039477944374,4.097999572753906,14.002857889980078,6.18207049369812,5068.116368933696,1.4054101705551147,0.00014743562285714286,16,2048,,9594.859259843826
adammini-galore2-r8,adammini,galore2,8,1.1B,sdpa,666,1484,48660480,2.3047170639038086,10.021342451756787,nan,nan,nan,nan,22.217557430267334,4.097999572753906,0.01870039477944374,4.097999572753906,14.002857889980078,6.170668840408325,5068.2556083246845,1.4998732805252075,0.00014714991428571429,16,2048,,9601.060870885849
adammini-galore2-r8,adammini,galore2,8,1.1B,sdpa,666,1485,48693248,2.402921199798584,11.055424359727398,nan,nan,nan,nan,22.217557430267334,4.097999572753906,0.01870039477944374,4.097999572753906,14.002857889980078,6.184729099273682,5068.3873352275,1.415895938873291,0.00014686420571428572,16,2048,,9607.276606082916
adammini-galore2-r8,adammini,galore2,8,1.1B,sdpa,666,1486,48726016,2.4365196228027344,11.43317963948436,nan,nan,nan,nan,22.217557430267334,4.097999572753906,0.01870039477944374,4.097999572753906,14.002857889980078,6.179428815841675,5068.521534924767,1.567670464515686,0.00014657849714285715,16,2048,,9613.487208843231
adammini-galore2-r8,adammini,galore2,8,1.1B,sdpa,666,1487,48758784,2.555743932723999,12.880878601140804,nan,nan,nan,nan,22.217557430267334,4.097999572753906,0.01870039477944374,4.097999572753906,14.002857889980078,6.178361654281616,5068.656284305093,1.5633870363235474,0.00014629278857142858,16,2048,,9619.696303129196
adammini-galore2-r8,adammini,galore2,8,1.1B,sdpa,666,1488,48791552,2.390894889831543,10.92326468901676,nan,nan,nan,nan,22.217557430267334,4.097999572753906,0.01870039477944374,4.097999572753906,14.002857889980078,6.179753065109253,5068.790193568258,1.4835563898086548,0.00014600708000000003,16,2048,,9625.906993865967
adammini-galore2-r8,adammini,galore2,8,1.1B,sdpa,666,1489,48824320,2.283097267150879,9.807008343217552,nan,nan,nan,nan,22.217557430267334,4.097999572753906,0.01870039477944374,4.097999572753906,14.002857889980078,6.185042381286621,5068.920976742621,1.823919415473938,0.00014572137142857146,16,2048,,9632.123030900955
adammini-galore2-r8,adammini,galore2,8,1.1B,sdpa,666,1490,48857088,2.149594306945801,8.581376286136766,nan,nan,nan,nan,22.217557430267334,4.097999572753906,0.01870039477944374,4.097999572753906,14.002857889980078,6.183525800704956,5069.052510462968,1.499746561050415,0.00014543566285714286,16,2048,,9638.33760547638
adammini-galore2-r8,adammini,galore2,8,1.1B,sdpa,666,1491,48889856,2.597590923309326,13.431341895592377,nan,nan,nan,nan,22.217557430267334,4.097999572753906,0.01870039477944374,4.097999572753906,14.002857889980078,6.191461086273193,5069.1793731744065,1.5191004276275635,0.0001451499542857143,16,2048,,9644.560398101807
adammini-galore2-r8,adammini,galore2,8,1.1B,sdpa,666,1492,48922624,2.2839925289154053,9.815792114112062,nan,nan,nan,nan,22.217557430267334,4.097999572753906,0.01870039477944374,4.097999572753906,14.002857889980078,6.173335075378418,5069.315966528164,1.5655921697616577,0.00014486424571428572,16,2048,,9650.764509916306
adammini-galore2-r8,adammini,galore2,8,1.1B,sdpa,666,1493,48955392,2.2235829830169678,9.24037974744084,nan,nan,nan,nan,22.217557430267334,4.097999572753906,0.01870039477944374,4.097999572753906,14.002857889980078,6.175670862197876,5069.451038039009,1.459222674369812,0.00014457853714285715,16,2048,,9656.971129179
adammini-galore2-r8,adammini,galore2,8,1.1B,sdpa,666,1494,48988160,2.69321870803833,14.779169276766744,nan,nan,nan,nan,22.217557430267334,4.097999572753906,0.01870039477944374,4.097999572753906,14.002857889980078,6.179696083068848,5069.583840292031,1.4829167127609253,0.00014429282857142858,16,2048,,9663.18201494217
adammini-galore2-r8,adammini,galore2,8,1.1B,sdpa,666,1495,49020928,2.3861517906188965,10.871577237127907,nan,nan,nan,nan,22.217557430267334,4.097999572753906,0.01870039477944374,4.097999572753906,14.002857889980078,6.184231281280518,5069.713984481265,1.3443948030471802,0.00014400712000000001,16,2048,,9669.397264957428
adammini-galore2-r8,adammini,galore2,8,1.1B,sdpa,666,1496,49053696,2.197023868560791,8.998193802287073,nan,nan,nan,nan,22.217557430267334,4.097999572753906,0.01870039477944374,4.097999572753906,14.002857889980078,6.16173529624939,5069.855879313816,1.316219449043274,0.00014372141142857144,16,2048,,9675.589843988419
adammini-galore2-r8,adammini,galore2,8,1.1B,sdpa,666,1497,49086464,2.629908323287964,13.87249805882183,nan,nan,nan,nan,22.217557430267334,4.097999572753906,0.01870039477944374,4.097999572753906,14.002857889980078,6.176123142242432,5069.990106042073,1.4375094175338745,0.00014343570285714282,16,2048,,9681.796890497208
adammini-galore2-r8,adammini,galore2,8,1.1B,sdpa,666,1498,49119232,2.4901742935180664,12.063378505902877,nan,nan,nan,nan,22.217557430267334,4.097999572753906,0.01870039477944374,4.097999572753906,14.002857889980078,6.171042442321777,5070.126779667966,1.5923513174057007,0.0001431499942857143,16,2048,,9687.998939752579
adammini-galore2-r8,adammini,galore2,8,1.1B,sdpa,666,1499,49152000,2.3636114597320557,10.629269397338662,nan,nan,nan,nan,22.217557430267334,4.097999572753906,0.01870039477944374,4.097999572753906,14.002857889980078,6.190380811691284,5070.253102571174,1.3932511806488037,0.00014286428571428573,16,2048,,9694.220383167267
