run_name,opt,proj,rank,size,attention,seed,step,tokens_seen,train_loss,train_ppl_capped,val_loss,val_perplexity,test_loss,test_perplexity,vram_total_peak_gb,vram_model_gb,vram_optimizer_gb,vram_gradients_gb,vram_activations_gb,iter_time,tokens_per_sec,grad_norm,lr,batch_size,sequence_length,max_projected_params,wall_time_sec
adammini-stochastic_old-r8,adammini,stochastic_old,8,1.1B,sdpa,666,0,32768,2.5204966068267822,12.434770322341665,nan,nan,nan,nan,22.17638635635376,4.097999572753906,0.01870039477944374,4.097999572753906,13.961686816066504,12.878675699234009,2544.269044431062,2.5158324241638184,2e-06,16,2048,,12.882482290267944
adammini-stochastic_old-r8,adammini,stochastic_old,8,1.1B,sdpa,666,1,65536,2.550102472305298,12.808416223355094,nan,nan,nan,nan,22.21038579940796,4.097999572753906,0.01870039477944374,4.097999572753906,13.995686259120703,6.190216302871704,3435.8886697095995,3.142854928970337,4e-06,16,2048,,19.10387873649597
adammini-stochastic_old-r8,adammini,stochastic_old,8,1.1B,sdpa,666,2,98304,2.6538777351379395,14.209030811994163,nan,nan,nan,nan,22.21038579940796,4.097999572753906,0.01870039477944374,4.097999572753906,13.995686259120703,6.170551061630249,3889.244912857782,2.6467435359954834,6e-06,16,2048,,25.305665731430054
adammini-stochastic_old-r8,adammini,stochastic_old,8,1.1B,sdpa,666,3,131072,2.364269256591797,10.636263597498829,nan,nan,nan,nan,22.21038579940796,4.097999572753906,0.01870039477944374,4.097999572753906,13.995686259120703,6.169376373291016,4164.053488256047,2.6398682594299316,8e-06,16,2048,,31.506710529327393
adammini-stochastic_old-r8,adammini,stochastic_old,8,1.1B,sdpa,666,4,163840,2.521864175796509,12.451787361715509,nan,nan,nan,nan,22.21038579940796,4.097999572753906,0.01870039477944374,4.097999572753906,13.995686259120703,6.202407598495483,4344.644888896683,3.0797603130340576,1e-05,16,2048,,37.740803956985474
adammini-stochastic_old-r8,adammini,stochastic_old,8,1.1B,sdpa,666,5,196608,2.3492016792297363,10.477202217050259,nan,nan,nan,nan,22.21038579940796,4.097999572753906,0.01870039477944374,4.097999572753906,13.995686259120703,6.178522348403931,4476.428001432029,2.0068557262420654,1.2e-05,16,2048,,43.950613498687744
adammini-stochastic_old-r8,adammini,stochastic_old,8,1.1B,sdpa,666,6,229376,2.3110885620117188,10.085397262081052,nan,nan,nan,nan,22.21038579940796,4.097999572753906,0.01870039477944374,4.097999572753906,13.995686259120703,6.1887664794921875,4574.579568001733,2.403482437133789,1.4e-05,16,2048,,50.17149996757507
adammini-stochastic_old-r8,adammini,stochastic_old,8,1.1B,sdpa,666,7,262144,2.5055975914001465,12.25087779796395,nan,nan,nan,nan,22.21038579940796,4.097999572753906,0.01870039477944374,4.097999572753906,13.995686259120703,6.1938581466674805,4650.679652213883,2.549088478088379,1.6e-05,16,2048,,56.39679741859436
adammini-stochastic_old-r8,adammini,stochastic_old,8,1.1B,sdpa,666,8,294912,2.613459348678589,13.646176174891213,nan,nan,nan,nan,22.21038579940796,4.097999572753906,0.01870039477944374,4.097999572753906,13.995686259120703,6.20002818107605,4711.188498396715,2.5883827209472656,1.8e-05,16,2048,,62.62838006019592
adammini-stochastic_old-r8,adammini,stochastic_old,8,1.1B,sdpa,666,9,327680,2.3820343017578125,10.82690566940527,nan,nan,nan,nan,22.21038579940796,4.097999572753906,0.01870039477944374,4.097999572753906,13.995686259120703,6.208430767059326,4760.1637767875845,2.331786870956421,2e-05,16,2048,,68.86822032928467
adammini-stochastic_old-r8,adammini,stochastic_old,8,1.1B,sdpa,666,10,360448,2.4735400676727295,11.864373280971545,nan,nan,nan,nan,22.21038579940796,4.097999572753906,0.01870039477944374,4.097999572753906,13.995686259120703,6.205235958099365,4801.195425566396,2.0413153171539307,2.2e-05,16,2048,,75.10460686683655
adammini-stochastic_old-r8,adammini,stochastic_old,8,1.1B,sdpa,666,11,393216,2.033153533935547,7.638135538522485,nan,nan,nan,nan,22.21038579940796,4.097999572753906,0.01870039477944374,4.097999572753906,13.995686259120703,6.200683355331421,4836.211971370198,2.380918264389038,2.4e-05,16,2048,,81.33645510673523
adammini-stochastic_old-r8,adammini,stochastic_old,8,1.1B,sdpa,666,12,425984,2.297062873840332,9.94493000270591,nan,nan,nan,nan,22.21038579940796,4.097999572753906,0.01870039477944374,4.097999572753906,13.995686259120703,6.220004081726074,4865.173805856391,2.437464952468872,2.6e-05,16,2048,,87.58769750595093
adammini-stochastic_old-r8,adammini,stochastic_old,8,1.1B,sdpa,666,13,458752,2.567723035812378,13.036107871222258,nan,nan,nan,nan,22.21038579940796,4.097999572753906,0.01870039477944374,4.097999572753906,13.995686259120703,6.220076560974121,4890.269681248165,2.4621965885162354,2.8e-05,16,2048,,93.83895206451416
adammini-stochastic_old-r8,adammini,stochastic_old,8,1.1B,sdpa,666,14,491520,2.3733880519866943,10.733697071817506,nan,nan,nan,nan,22.21038579940796,4.097999572753906,0.01870039477944374,4.097999572753906,13.995686259120703,6.206111669540405,4912.912849912675,2.0333094596862793,3e-05,16,2048,,100.07685804367065
adammini-stochastic_old-r8,adammini,stochastic_old,8,1.1B,sdpa,666,15,524288,2.5029027462005615,12.21790802291215,nan,nan,nan,nan,22.21038579940796,4.097999572753906,0.01870039477944374,4.097999572753906,13.995686259120703,6.2151405811309814,4932.456643451334,2.2545833587646484,3.2e-05,16,2048,,106.32347846031189
adammini-stochastic_old-r8,adammini,stochastic_old,8,1.1B,sdpa,666,16,557056,2.411055564880371,11.145719968438122,nan,nan,nan,nan,22.21038579940796,4.097999572753906,0.01870039477944374,4.097999572753906,13.995686259120703,6.205566644668579,4950.275639945767,2.1171257495880127,3.4000000000000007e-05,16,2048,,112.56015300750732
adammini-stochastic_old-r8,adammini,stochastic_old,8,1.1B,sdpa,666,17,589824,2.419295072555542,11.237934593519226,nan,nan,nan,nan,22.21038579940796,4.097999572753906,0.01870039477944374,4.097999572753906,13.995686259120703,6.210284948348999,4966.034195859738,3.3025500774383545,3.6e-05,16,2048,,118.80149722099304
adammini-stochastic_old-r8,adammini,stochastic_old,8,1.1B,sdpa,666,18,622592,2.5031635761260986,12.221095234594008,nan,nan,nan,nan,22.21038579940796,4.097999572753906,0.01870039477944374,4.097999572753906,13.995686259120703,6.211087226867676,4980.185934755116,2.143193483352661,3.8e-05,16,2048,,125.04111361503601
adammini-stochastic_old-r8,adammini,stochastic_old,8,1.1B,sdpa,666,19,655360,2.3678741455078125,10.674675339683672,nan,nan,nan,nan,22.21038579940796,4.097999572753906,0.01870039477944374,4.097999572753906,13.995686259120703,6.2021729946136475,4993.429732245292,2.0930967330932617,4e-05,16,2048,,131.27434134483337
adammini-stochastic_old-r8,adammini,stochastic_old,8,1.1B,sdpa,666,20,688128,2.3732101917266846,10.731788143431729,nan,nan,nan,nan,22.21038579940796,4.097999572753906,0.01870039477944374,4.097999572753906,13.995686259120703,6.2519471645355225,5003.566996248941,2.1872012615203857,4.2000000000000004e-05,16,2048,,137.5460569858551
adammini-stochastic_old-r8,adammini,stochastic_old,8,1.1B,sdpa,666,21,720896,2.43900728225708,11.461656903088935,nan,nan,nan,nan,22.21038579940796,4.097999572753906,0.01870039477944374,4.097999572753906,13.995686259120703,6.2508769035339355,5013.225900111761,2.3839893341064453,4.4e-05,16,2048,,143.82570815086365
adammini-stochastic_old-r8,adammini,stochastic_old,8,1.1B,sdpa,666,22,753664,2.4747512340545654,11.878751716612273,nan,nan,nan,nan,22.21038579940796,4.097999572753906,0.01870039477944374,4.097999572753906,13.995686259120703,6.254592657089233,5021.669426413635,1.912073016166687,4.6e-05,16,2048,,150.10678386688232
adammini-stochastic_old-r8,adammini,stochastic_old,8,1.1B,sdpa,666,23,786432,2.615020513534546,13.667496743684735,nan,nan,nan,nan,22.21038579940796,4.097999572753906,0.01870039477944374,4.097999572753906,13.995686259120703,6.232333421707153,5030.227310278794,1.8221793174743652,4.8e-05,16,2048,,156.36987900733948
adammini-stochastic_old-r8,adammini,stochastic_old,8,1.1B,sdpa,666,24,819200,2.298004150390625,9.954295339106057,nan,nan,nan,nan,22.21038579940796,4.097999572753906,0.01870039477944374,4.097999572753906,13.995686259120703,6.217962265014648,5038.468393190486,2.2126340866088867,5e-05,16,2048,,162.61893272399902
adammini-stochastic_old-r8,adammini,stochastic_old,8,1.1B,sdpa,666,25,851968,2.536313056945801,12.633007821066196,nan,nan,nan,nan,22.21038579940796,4.097999572753906,0.01870039477944374,4.097999572753906,13.995686259120703,6.210421562194824,5046.2910751562395,2.0149166584014893,5.2e-05,16,2048,,168.86064910888672
adammini-stochastic_old-r8,adammini,stochastic_old,8,1.1B,sdpa,666,26,884736,2.227022171020508,9.272213860989247,nan,nan,nan,nan,22.21038579940796,4.097999572753906,0.01870039477944374,4.097999572753906,13.995686259120703,6.207813024520874,5053.620151463251,1.9643675088882446,5.4e-05,16,2048,,175.09987235069275
adammini-stochastic_old-r8,adammini,stochastic_old,8,1.1B,sdpa,666,27,917504,2.4193224906921387,11.238242720969096,nan,nan,nan,nan,22.21038579940796,4.097999572753906,0.01870039477944374,4.097999572753906,13.995686259120703,6.209962844848633,5060.386644923708,2.095801830291748,5.6e-05,16,2048,,181.34079265594482
adammini-stochastic_old-r8,adammini,stochastic_old,8,1.1B,sdpa,666,28,950272,2.5086090564727783,12.287826495493912,nan,nan,nan,nan,22.21038579940796,4.097999572753906,0.01870039477944374,4.097999572753906,13.995686259120703,6.206708192825317,5066.801210535066,1.8712040185928345,5.800000000000001e-05,16,2048,,187.5787079334259
adammini-stochastic_old-r8,adammini,stochastic_old,8,1.1B,sdpa,666,29,983040,2.28293514251709,9.805418514460026,nan,nan,nan,nan,22.21038579940796,4.097999572753906,0.01870039477944374,4.097999572753906,13.995686259120703,6.203521490097046,5072.8788526182725,1.798682689666748,6e-05,16,2048,,193.8133509159088
adammini-stochastic_old-r8,adammini,stochastic_old,8,1.1B,sdpa,666,30,1015808,2.232800006866455,9.325942258066275,nan,nan,nan,nan,22.21038579940796,4.097999572753906,0.01870039477944374,4.097999572753906,13.995686259120703,6.221257925033569,5078.116016950451,4.095450401306152,6.2e-05,16,2048,,200.06492829322815
adammini-stochastic_old-r8,adammini,stochastic_old,8,1.1B,sdpa,666,31,1048576,2.361546277999878,10.607340675544501,nan,nan,nan,nan,22.21038579940796,4.097999572753906,0.01870039477944374,4.097999572753906,13.995686259120703,6.1938230991363525,5083.7459055677045,1.957387089729309,6.4e-05,16,2048,,206.29053282737732
adammini-stochastic_old-r8,adammini,stochastic_old,8,1.1B,sdpa,666,32,1081344,2.337538003921509,10.355709435761986,nan,nan,nan,nan,22.21038579940796,4.097999572753906,0.01870039477944374,4.097999572753906,13.995686259120703,6.205102920532227,5088.741055807412,2.2434492111206055,6.6e-05,16,2048,,212.5270562171936
adammini-stochastic_old-r8,adammini,stochastic_old,8,1.1B,sdpa,666,33,1114112,2.4354679584503174,11.421162092343314,nan,nan,nan,nan,22.21038579940796,4.097999572753906,0.01870039477944374,4.097999572753906,13.995686259120703,6.2097327709198,5093.36288782298,1.8160169124603271,6.800000000000001e-05,16,2048,,218.76786994934082
adammini-stochastic_old-r8,adammini,stochastic_old,8,1.1B,sdpa,666,34,1146880,2.4276254177093506,11.331941478769034,nan,nan,nan,nan,22.21038579940796,4.097999572753906,0.01870039477944374,4.097999572753906,13.995686259120703,6.222762823104858,5097.424133649036,2.2285802364349365,7.000000000000001e-05,16,2048,,225.02193689346313
adammini-stochastic_old-r8,adammini,stochastic_old,8,1.1B,sdpa,666,35,1179648,2.6384449005126953,13.99142861751406,nan,nan,nan,nan,22.21038579940796,4.097999572753906,0.01870039477944374,4.097999572753906,13.995686259120703,6.23095178604126,5101.0908708238885,2.0388290882110596,7.2e-05,16,2048,,231.28395652770996
adammini-stochastic_old-r8,adammini,stochastic_old,8,1.1B,sdpa,666,36,1212416,2.4141767024993896,11.180561638862622,nan,nan,nan,nan,22.21038579940796,4.097999572753906,0.01870039477944374,4.097999572753906,13.995686259120703,6.1963160037994385,5105.307926111746,2.1938421726226807,7.4e-05,16,2048,,237.51141333580017
adammini-stochastic_old-r8,adammini,stochastic_old,8,1.1B,sdpa,666,37,1245184,2.689831256866455,14.729190261010267,nan,nan,nan,nan,22.21038579940796,4.097999572753906,0.01870039477944374,4.097999572753906,13.995686259120703,6.251662731170654,5108.148473483024,1.9356662034988403,7.6e-05,16,2048,,243.79416298866272
adammini-stochastic_old-r8,adammini,stochastic_old,8,1.1B,sdpa,666,38,1277952,2.2185475826263428,9.193967685374556,nan,nan,nan,nan,22.21038579940796,4.097999572753906,0.01870039477944374,4.097999572753906,13.995686259120703,6.166399002075195,5112.590684070731,1.5813069343566895,7.8e-05,16,2048,,249.991623878479
adammini-stochastic_old-r8,adammini,stochastic_old,8,1.1B,sdpa,666,39,1310720,2.4742496013641357,11.872794440736808,nan,nan,nan,nan,22.21038579940796,4.097999572753906,0.01870039477944374,4.097999572753906,13.995686259120703,6.225224256515503,5115.643258723552,1.8276928663253784,8e-05,16,2048,,256.2479200363159
adammini-stochastic_old-r8,adammini,stochastic_old,8,1.1B,sdpa,666,40,1343488,2.2066478729248047,9.08521051167043,nan,nan,nan,nan,22.21038579940796,4.097999572753906,0.01870039477944374,4.097999572753906,13.995686259120703,6.1990807056427,5119.059531704304,3.069936752319336,8.2e-05,16,2048,,262.4782280921936
adammini-stochastic_old-r8,adammini,stochastic_old,8,1.1B,sdpa,666,41,1376256,2.3035967350006104,10.010121538889388,nan,nan,nan,nan,22.21038579940796,4.097999572753906,0.01870039477944374,4.097999572753906,13.995686259120703,6.207454681396484,5122.147240463201,1.8055661916732788,8.400000000000001e-05,16,2048,,268.71704626083374
adammini-stochastic_old-r8,adammini,stochastic_old,8,1.1B,sdpa,666,42,1409024,2.420596122741699,11.252565225943856,nan,nan,nan,nan,22.21038579940796,4.097999572753906,0.01870039477944374,4.097999572753906,13.995686259120703,6.218672513961792,5124.895823272622,1.827462911605835,8.599999999999999e-05,16,2048,,274.96709728240967
adammini-stochastic_old-r8,adammini,stochastic_old,8,1.1B,sdpa,666,43,1441792,2.3227317333221436,10.20350953655411,nan,nan,nan,nan,22.21038579940796,4.097999572753906,0.01870039477944374,4.097999572753906,13.995686259120703,6.237087249755859,5127.182544080014,1.8831026554107666,8.8e-05,16,2048,,281.2356164455414
adammini-stochastic_old-r8,adammini,stochastic_old,8,1.1B,sdpa,666,44,1474560,2.462411403656006,11.733070623656502,nan,nan,nan,nan,22.21038579940796,4.097999572753906,0.01870039477944374,4.097999572753906,13.995686259120703,6.208829879760742,5129.859367776049,1.7289330959320068,8.999999999999999e-05,16,2048,,287.4765055179596
adammini-stochastic_old-r8,adammini,stochastic_old,8,1.1B,sdpa,666,45,1507328,2.539353132247925,12.671471552831377,nan,nan,nan,nan,22.21038579940796,4.097999572753906,0.01870039477944374,4.097999572753906,13.995686259120703,6.2284557819366455,5132.096316517183,3.7125067710876465,9.2e-05,16,2048,,293.7359902858734
adammini-stochastic_old-r8,adammini,stochastic_old,8,1.1B,sdpa,666,46,1540096,2.4968481063842773,12.144156485325516,nan,nan,nan,nan,22.21038579940796,4.097999572753906,0.01870039477944374,4.097999572753906,13.995686259120703,6.221660614013672,5134.3578588262435,3.559352397918701,9.400000000000001e-05,16,2048,,299.98877024650574
adammini-stochastic_old-r8,adammini,stochastic_old,8,1.1B,sdpa,666,47,1572864,2.3555102348327637,10.543507154092243,nan,nan,nan,nan,22.21038579940796,4.097999572753906,0.01870039477944374,4.097999572753906,13.995686259120703,6.195019960403442,5136.969722173454,1.7554574012756348,9.6e-05,16,2048,,306.21514892578125
adammini-stochastic_old-r8,adammini,stochastic_old,8,1.1B,sdpa,666,48,1605632,2.257722854614258,9.561291906671189,nan,nan,nan,nan,22.21038579940796,4.097999572753906,0.01870039477944374,4.097999572753906,13.995686259120703,6.204513788223267,5139.325554194575,2.1237633228302,9.800000000000001e-05,16,2048,,312.450799703598
adammini-stochastic_old-r8,adammini,stochastic_old,8,1.1B,sdpa,666,49,1638400,2.442582607269287,11.5027093959672,nan,nan,nan,nan,22.21038579940796,4.097999572753906,0.01870039477944374,4.097999572753906,13.995686259120703,6.213719844818115,5141.439229831678,1.7627650499343872,0.0001,16,2048,,318.6953728199005
adammini-stochastic_old-r8,adammini,stochastic_old,8,1.1B,sdpa,666,50,1671168,2.631608724594116,13.896106939237704,2.4624099615389907,11.733053703207917,nan,nan,22.21038579940796,4.097999572753906,0.01870039477944374,4.097999572753906,13.995686259120703,6.2127485275268555,5143.486932825587,2.078827381134033,0.000102,16,2048,,337.30743384361267
adammini-stochastic_old-r8,adammini,stochastic_old,8,1.1B,sdpa,666,51,1703936,2.502025604248047,12.207195881934222,nan,nan,nan,nan,22.21038579940796,4.097999572753906,0.01870039477944374,4.097999572753906,13.995686259120703,6.212321043014526,4960.204437468597,1.9262382984161377,0.000104,16,2048,,343.551109790802
adammini-stochastic_old-r8,adammini,stochastic_old,8,1.1B,sdpa,666,52,1736704,2.4736995697021484,11.86626582351582,nan,nan,nan,nan,22.21038579940796,4.097999572753906,0.01870039477944374,4.097999572753906,13.995686259120703,6.221853733062744,4965.216444902289,1.8318946361541748,0.000106,16,2048,,349.80386662483215
adammini-stochastic_old-r8,adammini,stochastic_old,8,1.1B,sdpa,666,53,1769472,2.164198875427246,8.707623230885533,nan,nan,nan,nan,22.21038579940796,4.097999572753906,0.01870039477944374,4.097999572753906,13.995686259120703,6.204298257827759,4970.296392060015,1.628416657447815,0.000108,16,2048,,356.0395748615265
adammini-stochastic_old-r8,adammini,stochastic_old,8,1.1B,sdpa,666,54,1802240,2.493227005004883,12.100260786876749,nan,nan,nan,nan,22.21038579940796,4.097999572753906,0.01870039477944374,4.097999572753906,13.995686259120703,6.2083563804626465,4975.139118423106,2.097766399383545,0.00011,16,2048,,362.27900671958923
adammini-stochastic_old-r8,adammini,stochastic_old,8,1.1B,sdpa,666,55,1835008,1.9478665590286255,7.01370827494368,nan,nan,nan,nan,22.21038579940796,4.097999572753906,0.01870039477944374,4.097999572753906,13.995686259120703,6.2195000648498535,4979.673515981759,3.7993853092193604,0.000112,16,2048,,368.52944827079773
adammini-stochastic_old-r8,adammini,stochastic_old,8,1.1B,sdpa,666,56,1867776,2.1297245025634766,8.412548856514872,nan,nan,nan,nan,22.21038579940796,4.097999572753906,0.01870039477944374,4.097999572753906,13.995686259120703,6.189126253128052,4984.4602937212785,1.7858974933624268,0.000114,16,2048,,374.74985337257385
adammini-stochastic_old-r8,adammini,stochastic_old,8,1.1B,sdpa,666,57,1900544,2.2904272079467773,9.879157234273645,nan,nan,nan,nan,22.21038579940796,4.097999572753906,0.01870039477944374,4.097999572753906,13.995686259120703,6.212363243103027,4988.783657200263,1.9857689142227173,0.00011600000000000001,16,2048,,380.9934253692627
adammini-stochastic_old-r8,adammini,stochastic_old,8,1.1B,sdpa,666,58,1933312,2.5109097957611084,12.316130127834537,nan,nan,nan,nan,22.21038579940796,4.097999572753906,0.01870039477944374,4.097999572753906,13.995686259120703,6.216273069381714,4992.917406285882,1.803377389907837,0.000118,16,2048,,387.24084067344666
adammini-stochastic_old-r8,adammini,stochastic_old,8,1.1B,sdpa,666,59,1966080,2.507965087890625,12.279916068594428,nan,nan,nan,nan,22.21038579940796,4.097999572753906,0.01870039477944374,4.097999572753906,13.995686259120703,6.206228971481323,4997.046020823421,2.2544286251068115,0.00012,16,2048,,393.4781150817871
adammini-stochastic_old-r8,adammini,stochastic_old,8,1.1B,sdpa,666,60,1998848,2.1686558723449707,8.74651969711208,nan,nan,nan,nan,22.21038579940796,4.097999572753906,0.01870039477944374,4.097999572753906,13.995686259120703,6.2029030323028564,5001.093974845318,2.0677006244659424,0.000122,16,2048,,399.7106029987335
adammini-stochastic_old-r8,adammini,stochastic_old,8,1.1B,sdpa,666,61,2031616,2.3226099014282227,10.202266499384955,nan,nan,nan,nan,22.21038579940796,4.097999572753906,0.01870039477944374,4.097999572753906,13.995686259120703,6.228100299835205,5004.72171636964,1.906456470489502,0.000124,16,2048,,405.9695725440979
adammini-stochastic_old-r8,adammini,stochastic_old,8,1.1B,sdpa,666,62,2064384,2.3989744186401367,11.011877011620658,nan,nan,nan,nan,22.21038579940796,4.097999572753906,0.01870039477944374,4.097999572753906,13.995686259120703,6.2365617752075195,5008.120879793692,3.0061395168304443,0.000126,16,2048,,412.2371952533722
adammini-stochastic_old-r8,adammini,stochastic_old,8,1.1B,sdpa,666,63,2097152,2.4404215812683105,11.477878581562008,nan,nan,nan,nan,22.21038579940796,4.097999572753906,0.01870039477944374,4.097999572753906,13.995686259120703,6.253895044326782,5011.208339499549,1.9517548084259033,0.000128,16,2048,,418.522043466568
adammini-stochastic_old-r8,adammini,stochastic_old,8,1.1B,sdpa,666,64,2129920,2.6347599029541016,13.939965116890473,nan,nan,nan,nan,22.21038579940796,4.097999572753906,0.01870039477944374,4.097999572753906,13.995686259120703,6.172713279724121,5015.165470210087,1.6233526468276978,0.00013000000000000002,16,2048,,424.7254807949066
adammini-stochastic_old-r8,adammini,stochastic_old,8,1.1B,sdpa,666,65,2162688,2.4330849647521973,11.393977937750721,nan,nan,nan,nan,22.21038579940796,4.097999572753906,0.01870039477944374,4.097999572753906,13.995686259120703,6.215021848678589,5018.51682580032,1.702802300453186,0.000132,16,2048,,430.97126603126526
adammini-stochastic_old-r8,adammini,stochastic_old,8,1.1B,sdpa,666,66,2195456,2.43546462059021,11.42112397016561,nan,nan,nan,nan,22.21038579940796,4.097999572753906,0.01870039477944374,4.097999572753906,13.995686259120703,6.218730449676514,5021.73032944535,1.7902652025222778,0.000134,16,2048,,437.22106099128723
adammini-stochastic_old-r8,adammini,stochastic_old,8,1.1B,sdpa,666,67,2228224,2.4677186012268066,11.795505879138837,nan,nan,nan,nan,22.21038579940796,4.097999572753906,0.01870039477944374,4.097999572753906,13.995686259120703,6.214030504226685,5024.8996115684395,1.6592004299163818,0.00013600000000000003,16,2048,,443.46584272384644
adammini-stochastic_old-r8,adammini,stochastic_old,8,1.1B,sdpa,666,68,2260992,2.419412851333618,11.239258261672228,nan,nan,nan,nan,22.21038579940796,4.097999572753906,0.01870039477944374,4.097999572753906,13.995686259120703,6.213658332824707,5027.944627540829,2.553053379058838,0.00013800000000000002,16,2048,,449.7148413658142
adammini-stochastic_old-r8,adammini,stochastic_old,8,1.1B,sdpa,666,69,2293760,2.418379306793213,11.227647988558388,nan,nan,nan,nan,22.21038579940796,4.097999572753906,0.01870039477944374,4.097999572753906,13.995686259120703,6.209864854812622,5030.982412223946,1.971016764640808,0.00014000000000000001,16,2048,,455.9564197063446
adammini-stochastic_old-r8,adammini,stochastic_old,8,1.1B,sdpa,666,70,2326528,2.18412446975708,8.882867928267038,nan,nan,nan,nan,22.21038579940796,4.097999572753906,0.01870039477944374,4.097999572753906,13.995686259120703,6.206640005111694,5033.972771359029,1.767482876777649,0.00014199999999999998,16,2048,,462.19375705718994
adammini-stochastic_old-r8,adammini,stochastic_old,8,1.1B,sdpa,666,71,2359296,2.3787615299224854,10.791529597948042,nan,nan,nan,nan,22.21038579940796,4.097999572753906,0.01870039477944374,4.097999572753906,13.995686259120703,6.209934949874878,5036.841429346062,1.5928817987442017,0.000144,16,2048,,468.4378490447998
adammini-stochastic_old-r8,adammini,stochastic_old,8,1.1B,sdpa,666,72,2392064,2.625537395477295,13.811994695496189,nan,nan,nan,nan,22.21038579940796,4.097999572753906,0.01870039477944374,4.097999572753906,13.995686259120703,6.21584939956665,5039.585001364718,1.8150314092636108,0.000146,16,2048,,474.68479228019714
adammini-stochastic_old-r8,adammini,stochastic_old,8,1.1B,sdpa,666,73,2424832,2.4690816402435303,11.81159457614407,nan,nan,nan,nan,22.21038579940796,4.097999572753906,0.01870039477944374,4.097999572753906,13.995686259120703,6.231629371643066,5042.09478013309,2.6306118965148926,0.000148,16,2048,,480.94727897644043
adammini-stochastic_old-r8,adammini,stochastic_old,8,1.1B,sdpa,666,74,2457600,2.4377551078796387,11.447313891841533,nan,nan,nan,nan,22.21038579940796,4.097999572753906,0.01870039477944374,4.097999572753906,13.995686259120703,6.225554943084717,5044.604211025609,1.6754472255706787,0.00015,16,2048,,487.2035598754883
adammini-stochastic_old-r8,adammini,stochastic_old,8,1.1B,sdpa,666,75,2490368,2.3646719455718994,10.640547566134597,nan,nan,nan,nan,22.21038579940796,4.097999572753906,0.01870039477944374,4.097999572753906,13.995686259120703,6.224705696105957,5047.0598260743955,1.9800333976745605,0.000152,16,2048,,493.4592878818512
adammini-stochastic_old-r8,adammini,stochastic_old,8,1.1B,sdpa,666,76,2523136,2.417532205581665,11.21814106157763,nan,nan,nan,nan,22.21038579940796,4.097999572753906,0.01870039477944374,4.097999572753906,13.995686259120703,6.219977140426636,5049.499279834617,2.989952802658081,0.000154,16,2048,,499.71027541160583
adammini-stochastic_old-r8,adammini,stochastic_old,8,1.1B,sdpa,666,77,2555904,2.235016345977783,9.346634630829994,nan,nan,nan,nan,22.21038579940796,4.097999572753906,0.01870039477944374,4.097999572753906,13.995686259120703,6.202088117599487,5052.056441241341,1.7295259237289429,0.000156,16,2048,,505.94316124916077
adammini-stochastic_old-r8,adammini,stochastic_old,8,1.1B,sdpa,666,78,2588672,2.348452568054199,10.469356566780146,nan,nan,nan,nan,22.21038579940796,4.097999572753906,0.01870039477944374,4.097999572753906,13.995686259120703,6.207494497299194,5054.500883641507,1.7100101709365845,0.000158,16,2048,,512.1812448501587
adammini-stochastic_old-r8,adammini,stochastic_old,8,1.1B,sdpa,666,79,2621440,2.3808932304382324,10.814558443738374,nan,nan,nan,nan,22.21038579940796,4.097999572753906,0.01870039477944374,4.097999572753906,13.995686259120703,6.227151393890381,5056.69721562749,1.6650784015655518,0.00016,16,2048,,518.4392611980438
adammini-stochastic_old-r8,adammini,stochastic_old,8,1.1B,sdpa,666,80,2654208,2.447237968444824,11.556383501940076,nan,nan,nan,nan,22.21038579940796,4.097999572753906,0.01870039477944374,4.097999572753906,13.995686259120703,6.22310996055603,5058.87696806316,1.749269723892212,0.000162,16,2048,,524.6915717124939
adammini-stochastic_old-r8,adammini,stochastic_old,8,1.1B,sdpa,666,81,2686976,2.4721546173095703,11.847947162114393,nan,nan,nan,nan,22.21038579940796,4.097999572753906,0.01870039477944374,4.097999572753906,13.995686259120703,6.227636814117432,5060.977153946533,1.8870853185653687,0.000164,16,2048,,530.9501748085022
adammini-stochastic_old-r8,adammini,stochastic_old,8,1.1B,sdpa,666,82,2719744,2.3190388679504395,10.165898837882295,nan,nan,nan,nan,22.21038579940796,4.097999572753906,0.01870039477944374,4.097999572753906,13.995686259120703,6.2299885749816895,5062.990591069102,1.721919298171997,0.00016600000000000002,16,2048,,537.2109861373901
adammini-stochastic_old-r8,adammini,stochastic_old,8,1.1B,sdpa,666,83,2752512,2.3428444862365723,10.41080788492391,nan,nan,nan,nan,22.21038579940796,4.097999572753906,0.01870039477944374,4.097999572753906,13.995686259120703,6.227849721908569,5064.978067326242,1.6086817979812622,0.00016800000000000002,16,2048,,543.4701685905457
adammini-stochastic_old-r8,adammini,stochastic_old,8,1.1B,sdpa,666,84,2785280,2.3603901863098145,10.595084703014887,nan,nan,nan,nan,22.21038579940796,4.097999572753906,0.01870039477944374,4.097999572753906,13.995686259120703,6.222733497619629,5066.963032675311,1.5915275812149048,0.00017,16,2048,,549.723849773407
adammini-stochastic_old-r8,adammini,stochastic_old,8,1.1B,sdpa,666,85,2818048,2.329101800918579,10.268714040082786,nan,nan,nan,nan,22.21038579940796,4.097999572753906,0.01870039477944374,4.097999572753906,13.995686259120703,6.236239433288574,5068.781960800851,1.7600780725479126,0.00017199999999999998,16,2048,,555.9912331104279
adammini-stochastic_old-r8,adammini,stochastic_old,8,1.1B,sdpa,666,86,2850816,2.387050151824951,10.88134822864909,nan,nan,nan,nan,22.21038579940796,4.097999572753906,0.01870039477944374,4.097999572753906,13.995686259120703,6.213782787322998,5070.76447762016,1.642681360244751,0.000174,16,2048,,562.2360482215881
adammini-stochastic_old-r8,adammini,stochastic_old,8,1.1B,sdpa,666,87,2883584,2.3795313835144043,10.799840694524617,nan,nan,nan,nan,22.21038579940796,4.097999572753906,0.01870039477944374,4.097999572753906,13.995686259120703,6.226257085800171,5072.592887247937,1.6164242029190063,0.000176,16,2048,,568.4930784702301
adammini-stochastic_old-r8,adammini,stochastic_old,8,1.1B,sdpa,666,88,2916352,2.4396097660064697,11.46856444574628,nan,nan,nan,nan,22.21038579940796,4.097999572753906,0.01870039477944374,4.097999572753906,13.995686259120703,6.237167596817017,5074.288085828974,1.7255243062973022,0.000178,16,2048,,574.7610554695129
adammini-stochastic_old-r8,adammini,stochastic_old,8,1.1B,sdpa,666,89,2949120,2.462458848953247,11.733627315885903,nan,nan,nan,nan,22.21038579940796,4.097999572753906,0.01870039477944374,4.097999572753906,13.995686259120703,6.218160152435303,5076.107237925309,2.60404109954834,0.00017999999999999998,16,2048,,581.010195016861
adammini-stochastic_old-r8,adammini,stochastic_old,8,1.1B,sdpa,666,90,2981888,2.2157061100006104,9.167880358639442,nan,nan,nan,nan,22.21038579940796,4.097999572753906,0.01870039477944374,4.097999572753906,13.995686259120703,6.23779821395874,5077.72127631478,1.8593748807907104,0.000182,16,2048,,587.2792596817017
adammini-stochastic_old-r8,adammini,stochastic_old,8,1.1B,sdpa,666,91,3014656,2.5101332664489746,12.306570004116761,nan,nan,nan,nan,22.21038579940796,4.097999572753906,0.01870039477944374,4.097999572753906,13.995686259120703,6.213607549667358,5079.505586610287,1.6896764039993286,0.000184,16,2048,,593.5237588882446
adammini-stochastic_old-r8,adammini,stochastic_old,8,1.1B,sdpa,666,92,3047424,2.467573881149292,11.79379895612968,nan,nan,nan,nan,22.21038579940796,4.097999572753906,0.01870039477944374,4.097999572753906,13.995686259120703,6.203893423080444,5081.336345571591,1.6649510860443115,0.000186,16,2048,,599.7587349414825
adammini-stochastic_old-r8,adammini,stochastic_old,8,1.1B,sdpa,666,93,3080192,2.521576404571533,12.448204611144277,nan,nan,nan,nan,22.21038579940796,4.097999572753906,0.01870039477944374,4.097999572753906,13.995686259120703,6.216319799423218,5083.023828028876,1.8282833099365234,0.00018800000000000002,16,2048,,606.0059835910797
adammini-stochastic_old-r8,adammini,stochastic_old,8,1.1B,sdpa,666,94,3112960,2.3188393115997314,10.163870370612035,nan,nan,nan,nan,22.21038579940796,4.097999572753906,0.01870039477944374,4.097999572753906,13.995686259120703,6.2235026359558105,5084.618796041742,2.41856050491333,0.00019,16,2048,,612.2605044841766
adammini-stochastic_old-r8,adammini,stochastic_old,8,1.1B,sdpa,666,95,3145728,2.3702969551086426,10.700569401106186,nan,nan,nan,nan,22.21038579940796,4.097999572753906,0.01870039477944374,4.097999572753906,13.995686259120703,6.220798015594482,5086.203726013294,1.7869725227355957,0.000192,16,2048,,618.5124189853668
adammini-stochastic_old-r8,adammini,stochastic_old,8,1.1B,sdpa,666,96,3178496,2.2199766635894775,9.20711600233643,nan,nan,nan,nan,22.21038579940796,4.097999572753906,0.01870039477944374,4.097999572753906,13.995686259120703,6.2126219272613525,5087.821886030467,1.8184932470321655,0.000194,16,2048,,624.7563216686249
adammini-stochastic_old-r8,adammini,stochastic_old,8,1.1B,sdpa,666,97,3211264,2.445054292678833,11.531175640259567,nan,nan,nan,nan,22.21038579940796,4.097999572753906,0.01870039477944374,4.097999572753906,13.995686259120703,6.220850467681885,5089.341094659264,1.7744877338409424,0.00019600000000000002,16,2048,,631.0073499679565
adammini-stochastic_old-r8,adammini,stochastic_old,8,1.1B,sdpa,666,98,3244032,2.446129560470581,11.543581410593868,nan,nan,nan,nan,22.21038579940796,4.097999572753906,0.01870039477944374,4.097999572753906,13.995686259120703,6.2305991649627686,5090.759929054906,1.747868299484253,0.00019800000000000002,16,2048,,637.2688031196594
adammini-stochastic_old-r8,adammini,stochastic_old,8,1.1B,sdpa,666,99,3276800,2.4159369468688965,11.200259490965898,nan,nan,nan,nan,22.21038579940796,4.097999572753906,0.01870039477944374,4.097999572753906,13.995686259120703,6.216437816619873,5092.2601885731365,1.6949353218078613,0.0002,16,2048,,643.5160629749298
adammini-stochastic_old-r8,adammini,stochastic_old,8,1.1B,sdpa,666,100,3309568,2.401395559310913,11.038570616361474,2.4572397889894364,11.67254833739894,nan,nan,22.21038579940796,4.097999572753906,0.01870039477944374,4.097999572753906,13.995686259120703,6.219635963439941,5093.704770831001,1.6587733030319214,0.000202,16,2048,,662.5353071689606
adammini-stochastic_old-r8,adammini,stochastic_old,8,1.1B,sdpa,666,101,3342336,2.4938204288482666,12.107443501125008,nan,nan,nan,nan,22.21038579940796,4.097999572753906,0.01870039477944374,4.097999572753906,13.995686259120703,6.223048686981201,4997.8095019712155,1.6718569993972778,0.000204,16,2048,,668.7898604869843
adammini-stochastic_old-r8,adammini,stochastic_old,8,1.1B,sdpa,666,102,3375104,2.295132637023926,9.925752447244239,nan,nan,nan,nan,22.21038579940796,4.097999572753906,0.01870039477944374,4.097999572753906,13.995686259120703,6.227112293243408,5000.018911421264,1.6781190633773804,0.000206,16,2048,,675.0479674339294
adammini-stochastic_old-r8,adammini,stochastic_old,8,1.1B,sdpa,666,103,3407872,2.447878837585449,11.563792005190688,nan,nan,nan,nan,22.21038579940796,4.097999572753906,0.01870039477944374,4.097999572753906,13.995686259120703,6.217253923416138,5002.260227472119,1.7008529901504517,0.000208,16,2048,,681.2956142425537
adammini-stochastic_old-r8,adammini,stochastic_old,8,1.1B,sdpa,666,104,3440640,2.3698678016662598,10.69597820014756,nan,nan,nan,nan,22.21038579940796,4.097999572753906,0.01870039477944374,4.097999572753906,13.995686259120703,6.227463483810425,5004.390929271797,2.9791691303253174,0.00021,16,2048,,687.5540616512299
adammini-stochastic_old-r8,adammini,stochastic_old,8,1.1B,sdpa,666,105,3473408,2.3590383529663086,10.580771590886906,nan,nan,nan,nan,22.21038579940796,4.097999572753906,0.01870039477944374,4.097999572753906,13.995686259120703,6.2240519523620605,5006.502549458524,2.089505910873413,0.000212,16,2048,,693.809061050415
adammini-stochastic_old-r8,adammini,stochastic_old,8,1.1B,sdpa,666,106,3506176,2.375516414642334,10.756566600514418,nan,nan,nan,nan,22.21038579940796,4.097999572753906,0.01870039477944374,4.097999572753906,13.995686259120703,6.222578525543213,5008.586717638355,1.7849103212356567,0.000214,16,2048,,700.0627484321594
adammini-stochastic_old-r8,adammini,stochastic_old,8,1.1B,sdpa,666,107,3538944,2.4482929706573486,11.568581945664526,nan,nan,nan,nan,22.21038579940796,4.097999572753906,0.01870039477944374,4.097999572753906,13.995686259120703,6.21380615234375,5010.696913332755,1.7450181245803833,0.000216,16,2048,,706.3075444698334
adammini-stochastic_old-r8,adammini,stochastic_old,8,1.1B,sdpa,666,108,3571712,2.4106216430664062,11.140884646563162,nan,nan,nan,nan,22.21038579940796,4.097999572753906,0.01870039477944374,4.097999572753906,13.995686259120703,6.228709936141968,5012.666426109295,1.9467600584030151,0.000218,16,2048,,712.5670466423035
adammini-stochastic_old-r8,adammini,stochastic_old,8,1.1B,sdpa,666,109,3604480,2.4266164302825928,11.320513458630046,nan,nan,nan,nan,22.21038579940796,4.097999572753906,0.01870039477944374,4.097999572753906,13.995686259120703,6.213778972625732,5014.704808029763,1.6247007846832275,0.00022,16,2048,,718.8116519451141
adammini-stochastic_old-r8,adammini,stochastic_old,8,1.1B,sdpa,666,110,3637248,2.345453977584839,10.438010274792495,nan,nan,nan,nan,22.21038579940796,4.097999572753906,0.01870039477944374,4.097999572753906,13.995686259120703,6.228188753128052,5016.6078458174625,1.6705998182296753,0.000222,16,2048,,725.0694379806519
adammini-stochastic_old-r8,adammini,stochastic_old,8,1.1B,sdpa,666,111,3670016,2.5212221145629883,12.44379511779207,nan,nan,nan,nan,22.21038579940796,4.097999572753906,0.01870039477944374,4.097999572753906,13.995686259120703,6.231445550918579,5018.466954187322,1.6520140171051025,0.000224,16,2048,,731.332123041153
adammini-stochastic_old-r8,adammini,stochastic_old,8,1.1B,sdpa,666,112,3702784,2.549513816833496,12.800878697780593,nan,nan,nan,nan,22.21038579940796,4.097999572753906,0.01870039477944374,4.097999572753906,13.995686259120703,6.237825393676758,5020.240365004903,1.7242130041122437,0.00022600000000000002,16,2048,,737.6008114814758
adammini-stochastic_old-r8,adammini,stochastic_old,8,1.1B,sdpa,666,113,3735552,2.482104778289795,11.966424600963594,nan,nan,nan,nan,22.21038579940796,4.097999572753906,0.01870039477944374,4.097999572753906,13.995686259120703,6.2227256298065186,5022.086256405623,1.5813853740692139,0.000228,16,2048,,743.8544719219208
adammini-stochastic_old-r8,adammini,stochastic_old,8,1.1B,sdpa,666,114,3768320,2.285625457763672,9.831833698041853,nan,nan,nan,nan,22.21038579940796,4.097999572753906,0.01870039477944374,4.097999572753906,13.995686259120703,6.234799385070801,5023.821109728202,1.8472201824188232,0.00023,16,2048,,750.1201548576355
adammini-stochastic_old-r8,adammini,stochastic_old,8,1.1B,sdpa,666,115,3801088,2.458254337310791,11.684396711078088,nan,nan,nan,nan,22.21038579940796,4.097999572753906,0.01870039477944374,4.097999572753906,13.995686259120703,6.234169960021973,5025.531248443797,1.6492291688919067,0.00023200000000000003,16,2048,,756.3853087425232
adammini-stochastic_old-r8,adammini,stochastic_old,8,1.1B,sdpa,666,116,3833856,2.4215853214263916,11.263701755877051,nan,nan,nan,nan,22.21038579940796,4.097999572753906,0.01870039477944374,4.097999572753906,13.995686259120703,6.253730297088623,5027.0828115034155,1.705743432044983,0.00023400000000000002,16,2048,,762.6701107025146
adammini-stochastic_old-r8,adammini,stochastic_old,8,1.1B,sdpa,666,117,3866624,2.2372405529022217,9.367446616797826,nan,nan,nan,nan,22.21038579940796,4.097999572753906,0.01870039477944374,4.097999572753906,13.995686259120703,6.204364538192749,5028.93272017324,1.7101176977157593,0.000236,16,2048,,768.9055683612823
adammini-stochastic_old-r8,adammini,stochastic_old,8,1.1B,sdpa,666,118,3899392,2.4431638717651367,11.509397456122802,nan,nan,nan,nan,22.21038579940796,4.097999572753906,0.01870039477944374,4.097999572753906,13.995686259120703,6.2080724239349365,5030.726426643107,1.5652861595153809,0.00023799999999999998,16,2048,,775.1449835300446
adammini-stochastic_old-r8,adammini,stochastic_old,8,1.1B,sdpa,666,119,3932160,2.8520891666412354,17.323936651251948,nan,nan,nan,nan,22.21038579940796,4.097999572753906,0.01870039477944374,4.097999572753906,13.995686259120703,6.224637269973755,5032.386131620484,1.9253594875335693,0.00024,16,2048,,781.4005661010742
adammini-stochastic_old-r8,adammini,stochastic_old,8,1.1B,sdpa,666,120,3964928,2.6105029582977295,13.60589232764239,nan,nan,nan,nan,22.21038579940796,4.097999572753906,0.01870039477944374,4.097999572753906,13.995686259120703,6.184535980224609,5034.277460785022,1.912482738494873,0.000242,16,2048,,787.6142995357513
adammini-stochastic_old-r8,adammini,stochastic_old,8,1.1B,sdpa,666,121,3997696,2.4791691303253174,11.931346904018232,nan,nan,nan,nan,22.21038579940796,4.097999572753906,0.01870039477944374,4.097999572753906,13.995686259120703,6.22580099105835,5035.887005945587,1.8199489116668701,0.000244,16,2048,,793.8710625171661
adammini-stochastic_old-r8,adammini,stochastic_old,8,1.1B,sdpa,666,122,4030464,2.401923418045044,11.044398960409465,nan,nan,nan,nan,22.21038579940796,4.097999572753906,0.01870039477944374,4.097999572753906,13.995686259120703,6.225828170776367,5037.461533975579,2.288119077682495,0.000246,16,2048,,800.1279332637787
adammini-stochastic_old-r8,adammini,stochastic_old,8,1.1B,sdpa,666,123,4063232,2.324662208557129,10.22322618415109,nan,nan,nan,nan,22.21038579940796,4.097999572753906,0.01870039477944374,4.097999572753906,13.995686259120703,6.225586414337158,5039.00626839364,1.6948856115341187,0.000248,16,2048,,806.3854873180389
adammini-stochastic_old-r8,adammini,stochastic_old,8,1.1B,sdpa,666,124,4096000,2.2663753032684326,9.644379430868971,nan,nan,nan,nan,22.21038579940796,4.097999572753906,0.01870039477944374,4.097999572753906,13.995686259120703,6.2327728271484375,5040.480247846397,1.6812350749969482,0.00025,16,2048,,812.6507480144501
adammini-stochastic_old-r8,adammini,stochastic_old,8,1.1B,sdpa,666,125,4128768,2.7199857234954834,15.18010552456181,nan,nan,nan,nan,22.21038579940796,4.097999572753906,0.01870039477944374,4.097999572753906,13.995686259120703,6.235255002975464,5041.92286374008,1.6134999990463257,0.000252,16,2048,,818.917445898056
adammini-stochastic_old-r8,adammini,stochastic_old,8,1.1B,sdpa,666,126,4161536,2.4776453971862793,11.913180559192861,nan,nan,nan,nan,22.21038579940796,4.097999572753906,0.01870039477944374,4.097999572753906,13.995686259120703,6.232766151428223,5043.35362558325,1.6863036155700684,0.000254,16,2048,,825.182457447052
adammini-stochastic_old-r8,adammini,stochastic_old,8,1.1B,sdpa,666,127,4194304,2.353752374649048,10.524989423228659,nan,nan,nan,nan,22.21038579940796,4.097999572753906,0.01870039477944374,4.097999572753906,13.995686259120703,6.224309921264648,5044.8203009093595,1.7970260381698608,0.000256,16,2048,,831.4377374649048
adammini-stochastic_old-r8,adammini,stochastic_old,8,1.1B,sdpa,666,128,4227072,2.5109951496124268,12.31718140183879,nan,nan,nan,nan,22.21038579940796,4.097999572753906,0.01870039477944374,4.097999572753906,13.995686259120703,6.2159857749938965,5046.316721410622,1.935804009437561,0.00025800000000000004,16,2048,,837.6846227645874
adammini-stochastic_old-r8,adammini,stochastic_old,8,1.1B,sdpa,666,129,4259840,2.5196635723114014,12.424416042807215,nan,nan,nan,nan,22.21038579940796,4.097999572753906,0.01870039477944374,4.097999572753906,13.995686259120703,6.2178895473480225,5047.779337909657,1.737007737159729,0.00026000000000000003,16,2048,,843.9334845542908
adammini-stochastic_old-r8,adammini,stochastic_old,8,1.1B,sdpa,666,130,4292608,2.442227363586426,11.49862385684244,nan,nan,nan,nan,22.21038579940796,4.097999572753906,0.01870039477944374,4.097999572753906,13.995686259120703,6.224833965301514,5049.179312615846,1.65132737159729,0.000262,16,2048,,850.1893792152405
adammini-stochastic_old-r8,adammini,stochastic_old,8,1.1B,sdpa,666,131,4325376,2.223907947540283,9.243383030994597,nan,nan,nan,nan,22.21038579940796,4.097999572753906,0.01870039477944374,4.097999572753906,13.995686259120703,6.228398084640503,5050.537138401463,1.8669509887695312,0.000264,16,2048,,856.4439280033112
adammini-stochastic_old-r8,adammini,stochastic_old,8,1.1B,sdpa,666,132,4358144,2.565382719039917,13.005634921409975,nan,nan,nan,nan,22.21038579940796,4.097999572753906,0.01870039477944374,4.097999572753906,13.995686259120703,6.255592107772827,5051.734493160658,2.4599053859710693,0.000266,16,2048,,862.7320868968964
adammini-stochastic_old-r8,adammini,stochastic_old,8,1.1B,sdpa,666,133,4390912,2.355262041091919,10.540890646323904,nan,nan,nan,nan,22.21038579940796,4.097999572753906,0.01870039477944374,4.097999572753906,13.995686259120703,6.1966071128845215,5053.235478804608,1.8163589239120483,0.000268,16,2048,,868.9604353904724
adammini-stochastic_old-r8,adammini,stochastic_old,8,1.1B,sdpa,666,134,4423680,2.4301390647888184,11.360461810379014,nan,nan,nan,nan,22.21038579940796,4.097999572753906,0.01870039477944374,4.097999572753906,13.995686259120703,6.23319411277771,5054.497889423095,1.6485815048217773,0.00027,16,2048,,875.226476430893
adammini-stochastic_old-r8,adammini,stochastic_old,8,1.1B,sdpa,666,135,4456448,2.3778719902038574,10.781934372045903,nan,nan,nan,nan,22.21038579940796,4.097999572753906,0.01870039477944374,4.097999572753906,13.995686259120703,6.234532117843628,5055.725829030386,1.6581025123596191,0.00027200000000000005,16,2048,,881.4953272342682
adammini-stochastic_old-r8,adammini,stochastic_old,8,1.1B,sdpa,666,136,4489216,1.97002112865448,7.1708279966931014,nan,nan,nan,nan,22.21038579940796,4.097999572753906,0.01870039477944374,4.097999572753906,13.995686259120703,6.221540212631226,5057.018821911295,1.6786364316940308,0.00027400000000000005,16,2048,,887.7496695518494
adammini-stochastic_old-r8,adammini,stochastic_old,8,1.1B,sdpa,666,137,4521984,2.4615397453308105,11.722847850996997,nan,nan,nan,nan,22.21038579940796,4.097999572753906,0.01870039477944374,4.097999572753906,13.995686259120703,6.23253321647644,5058.24200873621,1.6377700567245483,0.00027600000000000004,16,2048,,894.0129923820496
adammini-stochastic_old-r8,adammini,stochastic_old,8,1.1B,sdpa,666,138,4554752,2.0629303455352783,7.868994932227389,nan,nan,nan,nan,22.21038579940796,4.097999572753906,0.01870039477944374,4.097999572753906,13.995686259120703,6.216432809829712,5059.539156354867,1.5804734230041504,0.00027800000000000004,16,2048,,900.2602183818817
adammini-stochastic_old-r8,adammini,stochastic_old,8,1.1B,sdpa,666,139,4587520,2.24273943901062,9.419099024068192,nan,nan,nan,nan,22.21038579940796,4.097999572753906,0.01870039477944374,4.097999572753906,13.995686259120703,6.22011661529541,5060.797637190865,1.5852512121200562,0.00028000000000000003,16,2048,,906.5111544132233
adammini-stochastic_old-r8,adammini,stochastic_old,8,1.1B,sdpa,666,140,4620288,2.4380393028259277,11.450567622923245,nan,nan,nan,nan,22.21038579940796,4.097999572753906,0.01870039477944374,4.097999572753906,13.995686259120703,6.227614641189575,5061.997823856503,1.6346476078033447,0.00028199999999999997,16,2048,,912.7678873538971
adammini-stochastic_old-r8,adammini,stochastic_old,8,1.1B,sdpa,666,141,4653056,2.4422595500946045,11.49899396334944,nan,nan,nan,nan,22.21038579940796,4.097999572753906,0.01870039477944374,4.097999572753906,13.995686259120703,6.232303142547607,5063.16508424331,1.742729902267456,0.00028399999999999996,16,2048,,919.0312168598175
adammini-stochastic_old-r8,adammini,stochastic_old,8,1.1B,sdpa,666,142,4685824,2.2783114910125732,9.760186325913233,nan,nan,nan,nan,22.21038579940796,4.097999572753906,0.01870039477944374,4.097999572753906,13.995686259120703,6.216636896133423,5064.391968862843,1.5990233421325684,0.00028599999999999996,16,2048,,925.2786686420441
adammini-stochastic_old-r8,adammini,stochastic_old,8,1.1B,sdpa,666,143,4718592,2.2933878898620605,9.908449617753211,nan,nan,nan,nan,22.21038579940796,4.097999572753906,0.01870039477944374,4.097999572753906,13.995686259120703,6.223863363265991,5065.5641076332295,1.711457371711731,0.000288,16,2048,,931.5336964130402
adammini-stochastic_old-r8,adammini,stochastic_old,8,1.1B,sdpa,666,144,4751360,1.9409229755401611,6.965176692509137,nan,nan,nan,nan,22.21038579940796,4.097999572753906,0.01870039477944374,4.097999572753906,13.995686259120703,6.202857494354248,5066.832169216719,1.5943228006362915,0.00029,16,2048,,937.7674126625061
adammini-stochastic_old-r8,adammini,stochastic_old,8,1.1B,sdpa,666,145,4784128,2.4038071632385254,11.065223401678647,nan,nan,nan,nan,22.21038579940796,4.097999572753906,0.01870039477944374,4.097999572753906,13.995686259120703,6.214816331863403,5068.020753079475,1.8353749513626099,0.000292,16,2048,,944.0130944252014
adammini-stochastic_old-r8,adammini,stochastic_old,8,1.1B,sdpa,666,146,4816896,2.419461250305176,11.239802243377136,nan,nan,nan,nan,22.21038579940796,4.097999572753906,0.01870039477944374,4.097999572753906,13.995686259120703,6.224163293838501,5069.144353024273,1.6154742240905762,0.000294,16,2048,,950.2683489322662
adammini-stochastic_old-r8,adammini,stochastic_old,8,1.1B,sdpa,666,147,4849664,2.5067455768585205,12.264949703154183,nan,nan,nan,nan,22.21038579940796,4.097999572753906,0.01870039477944374,4.097999572753906,13.995686259120703,6.223947048187256,5070.25194433609,1.6141111850738525,0.000296,16,2048,,956.5235631465912
adammini-stochastic_old-r8,adammini,stochastic_old,8,1.1B,sdpa,666,148,4882432,2.4558815956115723,11.656705520784014,nan,nan,nan,nan,22.21038579940796,4.097999572753906,0.01870039477944374,4.097999572753906,13.995686259120703,6.229464292526245,5071.316022999085,3.1267197132110596,0.000298,16,2048,,962.7844440937042
adammini-stochastic_old-r8,adammini,stochastic_old,8,1.1B,sdpa,666,149,4915200,2.133596420288086,8.445184694408812,nan,nan,nan,nan,22.21038579940796,4.097999572753906,0.01870039477944374,4.097999572753906,13.995686259120703,6.196317911148071,5072.539260290675,1.7988948822021484,0.0003,16,2048,,969.0120830535889
adammini-stochastic_old-r8,adammini,stochastic_old,8,1.1B,sdpa,666,150,4947968,2.5390093326568604,12.66711585487982,2.4549471321941243,11.645817843767095,nan,nan,22.21038579940796,4.097999572753906,0.01870039477944374,4.097999572753906,13.995686259120703,6.236053466796875,5073.53940671227,1.7507967948913574,0.000302,16,2048,,987.8483855724335
adammini-stochastic_old-r8,adammini,stochastic_old,8,1.1B,sdpa,666,151,4980736,2.630289077758789,13.877781080182416,nan,nan,nan,nan,22.21038579940796,4.097999572753906,0.01870039477944374,4.097999572753906,13.995686259120703,6.208263635635376,5010.505992773896,1.9283640384674072,0.000304,16,2048,,994.0881526470184
adammini-stochastic_old-r8,adammini,stochastic_old,8,1.1B,sdpa,666,152,5013504,2.4439666271209717,11.518640395986518,nan,nan,nan,nan,22.21038579940796,4.097999572753906,0.01870039477944374,4.097999572753906,13.995686259120703,6.219367265701294,5011.9563617378135,1.7646464109420776,0.000306,16,2048,,1000.3387026786804
adammini-stochastic_old-r8,adammini,stochastic_old,8,1.1B,sdpa,666,153,5046272,2.461332082748413,11.720413706888278,nan,nan,nan,nan,22.21038579940796,4.097999572753906,0.01870039477944374,4.097999572753906,13.995686259120703,6.211040735244751,5013.428914232306,1.7105050086975098,0.000308,16,2048,,1006.5808248519897
adammini-stochastic_old-r8,adammini,stochastic_old,8,1.1B,sdpa,666,154,5079040,2.577960968017578,13.170256188787373,nan,nan,nan,nan,22.21038579940796,4.097999572753906,0.01870039477944374,4.097999572753906,13.995686259120703,6.222127914428711,5014.828909211628,1.8539539575576782,0.00031,16,2048,,1012.8340735435486
adammini-stochastic_old-r8,adammini,stochastic_old,8,1.1B,sdpa,666,155,5111808,2.571470260620117,13.085048736979099,nan,nan,nan,nan,22.21038579940796,4.097999572753906,0.01870039477944374,4.097999572753906,13.995686259120703,6.243575572967529,5016.10170079897,1.5850924253463745,0.000312,16,2048,,1019.1096749305725
adammini-stochastic_old-r8,adammini,stochastic_old,8,1.1B,sdpa,666,156,5144576,2.425082206726074,11.303158576748453,nan,nan,nan,nan,22.21038579940796,4.097999572753906,0.01870039477944374,4.097999572753906,13.995686259120703,6.221576929092407,5017.470820060816,1.5780911445617676,0.000314,16,2048,,1025.3624711036682
adammini-stochastic_old-r8,adammini,stochastic_old,8,1.1B,sdpa,666,157,5177344,2.355377674102783,10.542109591720333,nan,nan,nan,nan,22.21038579940796,4.097999572753906,0.01870039477944374,4.097999572753906,13.995686259120703,6.231393575668335,5018.774968330152,1.697346568107605,0.000316,16,2048,,1031.6247289180756
adammini-stochastic_old-r8,adammini,stochastic_old,8,1.1B,sdpa,666,158,5210112,2.4373559951782227,11.442746035075665,nan,nan,nan,nan,22.21038579940796,4.097999572753906,0.01870039477944374,4.097999572753906,13.995686259120703,6.22042179107666,5020.11826215792,1.638916015625,0.00031800000000000003,16,2048,,1037.8759739398956
adammini-stochastic_old-r8,adammini,stochastic_old,8,1.1B,sdpa,666,159,5242880,2.484555959701538,11.995792456777423,nan,nan,nan,nan,22.21038579940796,4.097999572753906,0.01870039477944374,4.097999572753906,13.995686259120703,6.236781120300293,5021.366879918834,1.9337692260742188,0.00032,16,2048,,1044.1439707279205
adammini-stochastic_old-r8,adammini,stochastic_old,8,1.1B,sdpa,666,160,5275648,2.262857437133789,9.61051140160354,nan,nan,nan,nan,22.21038579940796,4.097999572753906,0.01870039477944374,4.097999572753906,13.995686259120703,6.196075201034546,5022.794082085851,1.6453088521957397,0.000322,16,2048,,1050.370884180069
adammini-stochastic_old-r8,adammini,stochastic_old,8,1.1B,sdpa,666,161,5308416,2.4095208644866943,11.128627746689256,nan,nan,nan,nan,22.21038579940796,4.097999572753906,0.01870039477944374,4.097999572753906,13.995686259120703,6.221178770065308,5024.085747533595,1.6114352941513062,0.000324,16,2048,,1056.6231889724731
adammini-stochastic_old-r8,adammini,stochastic_old,8,1.1B,sdpa,666,162,5341184,2.1806411743164062,8.851980101855906,nan,nan,nan,nan,22.21038579940796,4.097999572753906,0.01870039477944374,4.097999572753906,13.995686259120703,6.220094203948975,5025.366706662628,1.6557981967926025,0.000326,16,2048,,1062.8743631839752
adammini-stochastic_old-r8,adammini,stochastic_old,8,1.1B,sdpa,666,163,5373952,2.5941359996795654,13.385017704448245,nan,nan,nan,nan,22.21038579940796,4.097999572753906,0.01870039477944374,4.097999572753906,13.995686259120703,6.223580598831177,5026.616348583387,1.7747918367385864,0.000328,16,2048,,1069.1291222572327
adammini-stochastic_old-r8,adammini,stochastic_old,8,1.1B,sdpa,666,164,5406720,2.412879228591919,11.166064558690705,nan,nan,nan,nan,22.21038579940796,4.097999572753906,0.01870039477944374,4.097999572753906,13.995686259120703,6.219419240951538,5027.871486671474,1.7485262155532837,0.00033,16,2048,,1075.3793473243713
adammini-stochastic_old-r8,adammini,stochastic_old,8,1.1B,sdpa,666,165,5439488,2.275667428970337,9.734413874718438,nan,nan,nan,nan,22.21038579940796,4.097999572753906,0.01870039477944374,4.097999572753906,13.995686259120703,6.222063779830933,5029.100420649165,1.876394271850586,0.00033200000000000005,16,2048,,1081.6324961185455
adammini-stochastic_old-r8,adammini,stochastic_old,8,1.1B,sdpa,666,166,5472256,2.3540239334106445,10.527847964435637,nan,nan,nan,nan,22.21038579940796,4.097999572753906,0.01870039477944374,4.097999572753906,13.995686259120703,6.218482732772827,5030.330756355004,1.7947572469711304,0.00033400000000000004,16,2048,,1087.8819353580475
adammini-stochastic_old-r8,adammini,stochastic_old,8,1.1B,sdpa,666,167,5505024,2.3657846450805664,10.652393887659208,nan,nan,nan,nan,22.21038579940796,4.097999572753906,0.01870039477944374,4.097999572753906,13.995686259120703,6.228851318359375,5031.499214858426,1.6213397979736328,0.00033600000000000004,16,2048,,1094.1418359279633
adammini-stochastic_old-r8,adammini,stochastic_old,8,1.1B,sdpa,666,168,5537792,2.5013158321380615,12.198534628877637,nan,nan,nan,nan,22.21038579940796,4.097999572753906,0.01870039477944374,4.097999572753906,13.995686259120703,6.21301531791687,5032.727230371992,1.9535173177719116,0.00033800000000000003,16,2048,,1100.385772228241
adammini-stochastic_old-r8,adammini,stochastic_old,8,1.1B,sdpa,666,169,5570560,2.3434770107269287,10.41739505893034,nan,nan,nan,nan,22.21038579940796,4.097999572753906,0.01870039477944374,4.097999572753906,13.995686259120703,6.226523399353027,5033.880442098857,1.6261835098266602,0.00034,16,2048,,1106.6429679393768
adammini-stochastic_old-r8,adammini,stochastic_old,8,1.1B,sdpa,666,170,5603328,2.2907071113586426,9.881922831121813,nan,nan,nan,nan,22.21038579940796,4.097999572753906,0.01870039477944374,4.097999572753906,13.995686259120703,6.209845542907715,5035.0971958228265,1.6509292125701904,0.000342,16,2048,,1112.8839399814606
adammini-stochastic_old-r8,adammini,stochastic_old,8,1.1B,sdpa,666,171,5636096,2.3546619415283203,10.53456696005756,nan,nan,nan,nan,22.21038579940796,4.097999572753906,0.01870039477944374,4.097999572753906,13.995686259120703,6.225545644760132,5036.227734354855,1.7402464151382446,0.00034399999999999996,16,2048,,1119.1402113437653
adammini-stochastic_old-r8,adammini,stochastic_old,8,1.1B,sdpa,666,172,5668864,2.5104830265045166,12.310875103556954,nan,nan,nan,nan,22.21038579940796,4.097999572753906,0.01870039477944374,4.097999572753906,13.995686259120703,6.210128307342529,5037.41594967038,1.598055362701416,0.000346,16,2048,,1125.3812944889069
adammini-stochastic_old-r8,adammini,stochastic_old,8,1.1B,sdpa,666,173,5701632,2.1701643466949463,8.759723554062719,nan,nan,nan,nan,22.21038579940796,4.097999572753906,0.01870039477944374,4.097999572753906,13.995686259120703,6.210444927215576,5038.589499033568,1.6243529319763184,0.000348,16,2048,,1131.6227254867554
adammini-stochastic_old-r8,adammini,stochastic_old,8,1.1B,sdpa,666,174,5734400,2.4051060676574707,11.07960540765521,nan,nan,nan,nan,22.21038579940796,4.097999572753906,0.01870039477944374,4.097999572753906,13.995686259120703,6.211673021316528,5039.744014256826,1.6360726356506348,0.00035,16,2048,,1137.865417957306
adammini-stochastic_old-r8,adammini,stochastic_old,8,1.1B,sdpa,666,175,5767168,2.4560306072235107,11.658442634685416,nan,nan,nan,nan,22.21038579940796,4.097999572753906,0.01870039477944374,4.097999572753906,13.995686259120703,6.230178117752075,5040.80454808323,1.593361258506775,0.000352,16,2048,,1144.126606464386
adammini-stochastic_old-r8,adammini,stochastic_old,8,1.1B,sdpa,666,176,5799936,2.514554262161255,12.36109774197252,nan,nan,nan,nan,22.21038579940796,4.097999572753906,0.01870039477944374,4.097999572753906,13.995686259120703,6.226802110671997,5041.867912854973,1.9115606546401978,0.000354,16,2048,,1150.3842334747314
adammini-stochastic_old-r8,adammini,stochastic_old,8,1.1B,sdpa,666,177,5832704,2.509526491165161,12.299104946644963,nan,nan,nan,nan,22.21038579940796,4.097999572753906,0.01870039477944374,4.097999572753906,13.995686259120703,6.2381432056427,5042.871138309139,1.6026790142059326,0.000356,16,2048,,1156.6534020900726
adammini-stochastic_old-r8,adammini,stochastic_old,8,1.1B,sdpa,666,178,5865472,2.5201833248138428,12.430875342610044,nan,nan,nan,nan,22.21038579940796,4.097999572753906,0.01870039477944374,4.097999572753906,13.995686259120703,6.230905294418335,5043.894640792701,2.6279239654541016,0.000358,16,2048,,1162.9153294563293
adammini-stochastic_old-r8,adammini,stochastic_old,8,1.1B,sdpa,666,179,5898240,2.437941551208496,11.449448366123066,nan,nan,nan,nan,22.21038579940796,4.097999572753906,0.01870039477944374,4.097999572753906,13.995686259120703,6.230065822601318,5044.910478981476,1.6052542924880981,0.00035999999999999997,16,2048,,1169.17653298378
adammini-stochastic_old-r8,adammini,stochastic_old,8,1.1B,sdpa,666,180,5931008,2.2791473865509033,9.768348232891908,nan,nan,nan,nan,22.21038579940796,4.097999572753906,0.01870039477944374,4.097999572753906,13.995686259120703,6.22504997253418,5045.936619224957,1.5285180807113647,0.000362,16,2048,,1175.4324443340302
adammini-stochastic_old-r8,adammini,stochastic_old,8,1.1B,sdpa,666,181,5963776,2.1482481956481934,8.56983256987553,nan,nan,nan,nan,22.21038579940796,4.097999572753906,0.01870039477944374,4.097999572753906,13.995686259120703,6.197955369949341,5047.069068659941,1.6988639831542969,0.000364,16,2048,,1181.6614899635315
adammini-stochastic_old-r8,adammini,stochastic_old,8,1.1B,sdpa,666,182,5996544,2.240931272506714,9.40208311315205,nan,nan,nan,nan,22.21038579940796,4.097999572753906,0.01870039477944374,4.097999572753906,13.995686259120703,6.226362228393555,5048.067041170264,1.6043106317520142,0.000366,16,2048,,1187.918848991394
adammini-stochastic_old-r8,adammini,stochastic_old,8,1.1B,sdpa,666,183,6029312,2.472198009490967,11.848461281541127,nan,nan,nan,nan,22.21038579940796,4.097999572753906,0.01870039477944374,4.097999572753906,13.995686259120703,6.2076029777526855,5049.135410377653,1.7435535192489624,0.000368,16,2048,,1194.1573059558868
adammini-stochastic_old-r8,adammini,stochastic_old,8,1.1B,sdpa,666,184,6062080,2.213794469833374,9.150371411033225,nan,nan,nan,nan,22.21038579940796,4.097999572753906,0.01870039477944374,4.097999572753906,13.995686259120703,6.21900200843811,5050.145048998904,2.0788345336914062,0.00037,16,2048,,1200.4070253372192
adammini-stochastic_old-r8,adammini,stochastic_old,8,1.1B,sdpa,666,185,6094848,2.6388466358184814,13.997050597566428,nan,nan,nan,nan,22.21038579940796,4.097999572753906,0.01870039477944374,4.097999572753906,13.995686259120703,6.2290637493133545,5051.102134822432,1.6537688970565796,0.000372,16,2048,,1206.6667063236237
adammini-stochastic_old-r8,adammini,stochastic_old,8,1.1B,sdpa,666,186,6127616,2.3675949573516846,10.671695512743872,nan,nan,nan,nan,22.21038579940796,4.097999572753906,0.01870039477944374,4.097999572753906,13.995686259120703,6.235575437545776,5052.019649579727,1.56815505027771,0.000374,16,2048,,1212.92253947258
adammini-stochastic_old-r8,adammini,stochastic_old,8,1.1B,sdpa,666,187,6160384,2.2876107692718506,9.851372339356235,nan,nan,nan,nan,22.21038579940796,4.097999572753906,0.01870039477944374,4.097999572753906,13.995686259120703,6.272866725921631,5052.81167329596,1.6957566738128662,0.00037600000000000003,16,2048,,1219.2221202850342
adammini-stochastic_old-r8,adammini,stochastic_old,8,1.1B,sdpa,666,188,6193152,2.652209997177124,14.185353621085525,nan,nan,nan,nan,22.21038579940796,4.097999572753906,0.01870039477944374,4.097999572753906,13.995686259120703,6.251830577850342,5053.672529999205,1.638266921043396,0.000378,16,2048,,1225.505134344101
adammini-stochastic_old-r8,adammini,stochastic_old,8,1.1B,sdpa,666,189,6225920,2.385514259338379,10.864648475456505,nan,nan,nan,nan,22.21038579940796,4.097999572753906,0.01870039477944374,4.097999572753906,13.995686259120703,6.227978467941284,5054.596565145025,1.5922356843948364,0.00038,16,2048,,1231.7641167640686
adammini-stochastic_old-r8,adammini,stochastic_old,8,1.1B,sdpa,666,190,6258688,2.4279563426971436,11.335692121921108,nan,nan,nan,nan,22.21038579940796,4.097999572753906,0.01870039477944374,4.097999572753906,13.995686259120703,6.224238157272339,5055.5180598629595,1.6480517387390137,0.000382,16,2048,,1238.020961523056
adammini-stochastic_old-r8,adammini,stochastic_old,8,1.1B,sdpa,666,191,6291456,2.3017072677612305,9.991225599430406,nan,nan,nan,nan,22.21038579940796,4.097999572753906,0.01870039477944374,4.097999572753906,13.995686259120703,6.23095178604126,5056.411008455743,1.6083632707595825,0.000384,16,2048,,1244.282814502716
adammini-stochastic_old-r8,adammini,stochastic_old,8,1.1B,sdpa,666,192,6324224,2.6037566661834717,13.514411927234804,nan,nan,nan,nan,22.21038579940796,4.097999572753906,0.01870039477944374,4.097999572753906,13.995686259120703,6.219415187835693,5057.342523064074,1.6797442436218262,0.000386,16,2048,,1250.5332598686218
adammini-stochastic_old-r8,adammini,stochastic_old,8,1.1B,sdpa,666,193,6356992,2.1391427516937256,8.492154622492931,nan,nan,nan,nan,22.21038579940796,4.097999572753906,0.01870039477944374,4.097999572753906,13.995686259120703,6.214648008346558,5058.28268538758,1.4938958883285522,0.000388,16,2048,,1256.7772164344788
adammini-stochastic_old-r8,adammini,stochastic_old,8,1.1B,sdpa,666,194,6389760,2.3191123008728027,10.166645376952347,nan,nan,nan,nan,22.21038579940796,4.097999572753906,0.01870039477944374,4.097999572753906,13.995686259120703,6.219662666320801,5059.200200718625,1.554081678390503,0.00039000000000000005,16,2048,,1263.0277910232544
adammini-stochastic_old-r8,adammini,stochastic_old,8,1.1B,sdpa,666,195,6422528,2.4929656982421875,12.09709931997709,nan,nan,nan,nan,22.21038579940796,4.097999572753906,0.01870039477944374,4.097999572753906,13.995686259120703,6.203273296356201,5060.167723655873,1.5913441181182861,0.00039200000000000004,16,2048,,1269.2621593475342
adammini-stochastic_old-r8,adammini,stochastic_old,8,1.1B,sdpa,666,196,6455296,2.4159696102142334,11.200625334884325,nan,nan,nan,nan,22.21038579940796,4.097999572753906,0.01870039477944374,4.097999572753906,13.995686259120703,6.217156410217285,5061.069761653938,1.579925298690796,0.00039400000000000004,16,2048,,1275.5103521347046
adammini-stochastic_old-r8,adammini,stochastic_old,8,1.1B,sdpa,666,197,6488064,1.9643760919570923,7.1304624491917235,nan,nan,nan,nan,22.21038579940796,4.097999572753906,0.01870039477944374,4.097999572753906,13.995686259120703,6.256616115570068,5061.8072854433085,1.9330689907073975,0.00039600000000000003,16,2048,,1281.7936205863953
adammini-stochastic_old-r8,adammini,stochastic_old,8,1.1B,sdpa,666,198,6520832,2.407470703125,11.105835635810095,nan,nan,nan,nan,22.21038579940796,4.097999572753906,0.01870039477944374,4.097999572753906,13.995686259120703,6.250649690628052,5062.579138244879,1.5185993909835815,0.000398,16,2048,,1288.0751185417175
adammini-stochastic_old-r8,adammini,stochastic_old,8,1.1B,sdpa,666,199,6553600,2.3198177814483643,10.173820278363618,nan,nan,nan,nan,22.21038579940796,4.097999572753906,0.01870039477944374,4.097999572753906,13.995686259120703,6.235749006271362,5063.384734099152,1.5811024904251099,0.0004,16,2048,,1294.3417432308197
adammini-stochastic_old-r8,adammini,stochastic_old,8,1.1B,sdpa,666,200,6586368,2.5191261768341064,12.417741011544226,2.4521642392718257,11.613453833389906,nan,nan,22.21038579940796,4.097999572753906,0.01870039477944374,4.097999572753906,13.995686259120703,6.22960901260376,5064.206531284418,2.480494976043701,0.000402,16,2048,,1313.2472805976868
adammini-stochastic_old-r8,adammini,stochastic_old,8,1.1B,sdpa,666,201,6619136,2.3691837787628174,10.688664407769854,nan,nan,nan,nan,22.21038579940796,4.097999572753906,0.01870039477944374,4.097999572753906,13.995686259120703,6.204735994338989,5016.572116903283,1.8646186590194702,0.000404,16,2048,,1319.4836745262146
adammini-stochastic_old-r8,adammini,stochastic_old,8,1.1B,sdpa,666,202,6651904,2.1839258670806885,8.881103942094436,nan,nan,nan,nan,22.21038579940796,4.097999572753906,0.01870039477944374,4.097999572753906,13.995686259120703,6.217984914779663,5017.643463569131,1.6331309080123901,0.00040600000000000006,16,2048,,1325.7325019836426
adammini-stochastic_old-r8,adammini,stochastic_old,8,1.1B,sdpa,666,203,6684672,2.401883363723755,11.043956593364474,nan,nan,nan,nan,22.21038579940796,4.097999572753906,0.01870039477944374,4.097999572753906,13.995686259120703,6.2103986740112305,5018.733505034576,1.5604113340377808,0.000408,16,2048,,1331.9736652374268
adammini-stochastic_old-r8,adammini,stochastic_old,8,1.1B,sdpa,666,204,6717440,2.2339789867401123,9.33694384033912,nan,nan,nan,nan,22.21038579940796,4.097999572753906,0.01870039477944374,4.097999572753906,13.995686259120703,6.197899103164673,5019.858051436342,2.081448554992676,0.00041,16,2048,,1338.2030625343323
adammini-stochastic_old-r8,adammini,stochastic_old,8,1.1B,sdpa,666,205,6750208,2.18125319480896,8.857399353255218,nan,nan,nan,nan,22.21038579940796,4.097999572753906,0.01870039477944374,4.097999572753906,13.995686259120703,6.21641993522644,5020.899850946824,1.6664178371429443,0.000412,16,2048,,1344.4518864154816
adammini-stochastic_old-r8,adammini,stochastic_old,8,1.1B,sdpa,666,206,6782976,2.40336275100708,11.060306973596571,nan,nan,nan,nan,22.21038579940796,4.097999572753906,0.01870039477944374,4.097999572753906,13.995686259120703,6.224327325820923,5021.902362498342,1.6590861082077026,0.000414,16,2048,,1350.7084040641785
adammini-stochastic_old-r8,adammini,stochastic_old,8,1.1B,sdpa,666,207,6815744,2.301375389099121,9.987910275018779,nan,nan,nan,nan,22.21038579940796,4.097999572753906,0.01870039477944374,4.097999572753906,13.995686259120703,6.23365044593811,5022.8636284258155,1.6933358907699585,0.000416,16,2048,,1356.9735679626465
adammini-stochastic_old-r8,adammini,stochastic_old,8,1.1B,sdpa,666,208,6848512,2.425715923309326,11.310323845916818,nan,nan,nan,nan,22.21038579940796,4.097999572753906,0.01870039477944374,4.097999572753906,13.995686259120703,6.234314918518066,5023.816477552124,1.6412922143936157,0.00041799999999999997,16,2048,,1363.2386317253113
adammini-stochastic_old-r8,adammini,stochastic_old,8,1.1B,sdpa,666,209,6881280,2.4468798637390137,11.552245847526855,nan,nan,nan,nan,22.21038579940796,4.097999572753906,0.01870039477944374,4.097999572753906,13.995686259120703,6.210374593734741,5024.848755925239,1.531883716583252,0.00042,16,2048,,1369.4803297519684
adammini-stochastic_old-r8,adammini,stochastic_old,8,1.1B,sdpa,666,210,6914048,2.417835235595703,11.221541010138212,nan,nan,nan,nan,22.21038579940796,4.097999572753906,0.01870039477944374,4.097999572753906,13.995686259120703,6.226217746734619,5025.811237861188,1.6399667263031006,0.000422,16,2048,,1375.7371897697449
adammini-stochastic_old-r8,adammini,stochastic_old,8,1.1B,sdpa,666,211,6946816,2.2149910926818848,9.161327508386897,nan,nan,nan,nan,22.21038579940796,4.097999572753906,0.01870039477944374,4.097999572753906,13.995686259120703,6.234492778778076,5026.738622536369,1.6599922180175781,0.000424,16,2048,,1382.0027499198914
adammini-stochastic_old-r8,adammini,stochastic_old,8,1.1B,sdpa,666,212,6979584,2.5289480686187744,12.540307652785428,nan,nan,nan,nan,22.21038579940796,4.097999572753906,0.01870039477944374,4.097999572753906,13.995686259120703,6.216877222061157,5027.714517052403,1.5715759992599487,0.000426,16,2048,,1388.2515845298767
adammini-stochastic_old-r8,adammini,stochastic_old,8,1.1B,sdpa,666,213,7012352,2.4115583896636963,11.151325721904032,nan,nan,nan,nan,22.21038579940796,4.097999572753906,0.01870039477944374,4.097999572753906,13.995686259120703,6.2199482917785645,5028.670524680589,1.6889277696609497,0.000428,16,2048,,1394.5041403770447
adammini-stochastic_old-r8,adammini,stochastic_old,8,1.1B,sdpa,666,214,7045120,2.411212921142578,11.147473955268747,nan,nan,nan,nan,22.21038579940796,4.097999572753906,0.01870039477944374,4.097999572753906,13.995686259120703,6.236985921859741,5029.557932349289,1.6732757091522217,0.00043,16,2048,,1400.7678499221802
adammini-stochastic_old-r8,adammini,stochastic_old,8,1.1B,sdpa,666,215,7077888,2.237009048461914,9.365278262313224,nan,nan,nan,nan,22.21038579940796,4.097999572753906,0.01870039477944374,4.097999572753906,13.995686259120703,6.248927593231201,5030.4141530228,1.751388430595398,0.000432,16,2048,,1407.048522233963
adammini-stochastic_old-r8,adammini,stochastic_old,8,1.1B,sdpa,666,216,7110656,2.3105499744415283,10.079966854981416,nan,nan,nan,nan,22.21038579940796,4.097999572753906,0.01870039477944374,4.097999572753906,13.995686259120703,6.201096057891846,5031.413680307709,1.6072182655334473,0.00043400000000000003,16,2048,,1413.2819318771362
adammini-stochastic_old-r8,adammini,stochastic_old,8,1.1B,sdpa,666,217,7143424,1.9173204898834229,6.802706106683314,nan,nan,nan,nan,22.21038579940796,4.097999572753906,0.01870039477944374,4.097999572753906,13.995686259120703,6.221556186676025,5032.335725157747,1.8175252676010132,0.000436,16,2048,,1419.534286737442
adammini-stochastic_old-r8,adammini,stochastic_old,8,1.1B,sdpa,666,218,7176192,2.356355905532837,10.552427260373126,nan,nan,nan,nan,22.21038579940796,4.097999572753906,0.01870039477944374,4.097999572753906,13.995686259120703,6.22901725769043,5033.223964048881,1.6261212825775146,0.000438,16,2048,,1425.7945578098297
adammini-stochastic_old-r8,adammini,stochastic_old,8,1.1B,sdpa,666,219,7208960,2.636570453643799,13.96522699239938,nan,nan,nan,nan,22.21038579940796,4.097999572753906,0.01870039477944374,4.097999572753906,13.995686259120703,6.23699426651001,5034.075299934997,1.6208888292312622,0.00044,16,2048,,1432.0623631477356
adammini-stochastic_old-r8,adammini,stochastic_old,8,1.1B,sdpa,666,220,7241728,2.659071207046509,14.283016970585308,nan,nan,nan,nan,22.21038579940796,4.097999572753906,0.01870039477944374,4.097999572753906,13.995686259120703,6.208173990249634,5035.020790330221,1.583648681640625,0.000442,16,2048,,1438.3013565540314
adammini-stochastic_old-r8,adammini,stochastic_old,8,1.1B,sdpa,666,221,7274496,2.354753017425537,10.53552644888773,nan,nan,nan,nan,22.21038579940796,4.097999572753906,0.01870039477944374,4.097999572753906,13.995686259120703,6.225858688354492,5035.89693491477,1.5562394857406616,0.000444,16,2048,,1444.55832529068
adammini-stochastic_old-r8,adammini,stochastic_old,8,1.1B,sdpa,666,222,7307264,2.403834104537964,11.065521517191458,nan,nan,nan,nan,22.21038579940796,4.097999572753906,0.01870039477944374,4.097999572753906,13.995686259120703,6.218648672103882,5036.788931723168,1.6159226894378662,0.000446,16,2048,,1450.8080203533173
adammini-stochastic_old-r8,adammini,stochastic_old,8,1.1B,sdpa,666,223,7340032,2.445533514022827,11.536702950044356,nan,nan,nan,nan,22.21038579940796,4.097999572753906,0.01870039477944374,4.097999572753906,13.995686259120703,6.227071523666382,5037.6451129603975,1.7717243432998657,0.000448,16,2048,,1457.0659930706024
adammini-stochastic_old-r8,adammini,stochastic_old,8,1.1B,sdpa,666,224,7372800,2.2988808155059814,9.963025748841495,nan,nan,nan,nan,22.21038579940796,4.097999572753906,0.01870039477944374,4.097999572753906,13.995686259120703,6.210342884063721,5038.552448522115,1.6262307167053223,0.00045000000000000004,16,2048,,1463.3071444034576
adammini-stochastic_old-r8,adammini,stochastic_old,8,1.1B,sdpa,666,225,7405568,2.377596855163574,10.778968292153085,nan,nan,nan,nan,22.21038579940796,4.097999572753906,0.01870039477944374,4.097999572753906,13.995686259120703,6.2125842571258545,5039.443274721896,1.7608318328857422,0.00045200000000000004,16,2048,,1469.550898551941
adammini-stochastic_old-r8,adammini,stochastic_old,8,1.1B,sdpa,666,226,7438336,2.2652058601379395,9.633107469838993,nan,nan,nan,nan,22.21038579940796,4.097999572753906,0.01870039477944374,4.097999572753906,13.995686259120703,6.225291728973389,5040.283547566889,1.6700142621994019,0.00045400000000000003,16,2048,,1475.8070566654205
adammini-stochastic_old-r8,adammini,stochastic_old,8,1.1B,sdpa,666,227,7471104,2.239746570587158,9.39095104263474,nan,nan,nan,nan,22.21038579940796,4.097999572753906,0.01870039477944374,4.097999572753906,13.995686259120703,6.216458320617676,5041.146716307238,1.5593889951705933,0.000456,16,2048,,1482.0544803142548
adammini-stochastic_old-r8,adammini,stochastic_old,8,1.1B,sdpa,666,228,7503872,2.3368868827819824,10.348968809153952,nan,nan,nan,nan,22.21038579940796,4.097999572753906,0.01870039477944374,4.097999572753906,13.995686259120703,6.215844392776489,5042.004589738129,1.618491768836975,0.000458,16,2048,,1488.3012793064117
adammini-stochastic_old-r8,adammini,stochastic_old,8,1.1B,sdpa,666,229,7536640,2.676560401916504,14.53501261501431,nan,nan,nan,nan,22.21038579940796,4.097999572753906,0.01870039477944374,4.097999572753906,13.995686259120703,6.221959114074707,5042.834804818849,1.823872685432434,0.00046,16,2048,,1494.5543925762177
adammini-stochastic_old-r8,adammini,stochastic_old,8,1.1B,sdpa,666,230,7569408,2.4813809394836426,11.957765972570192,nan,nan,nan,nan,22.21038579940796,4.097999572753906,0.01870039477944374,4.097999572753906,13.995686259120703,6.2155420780181885,5043.679116339592,1.6245099306106567,0.000462,16,2048,,1500.8016362190247
adammini-stochastic_old-r8,adammini,stochastic_old,8,1.1B,sdpa,666,231,7602176,2.200221538543701,9.027013109268816,nan,nan,nan,nan,22.21038579940796,4.097999572753906,0.01870039477944374,4.097999572753906,13.995686259120703,6.228635311126709,5044.470951597075,1.63312828540802,0.00046400000000000006,16,2048,,1507.0611493587494
adammini-stochastic_old-r8,adammini,stochastic_old,8,1.1B,sdpa,666,232,7634944,2.5586321353912354,12.91813496513941,nan,nan,nan,nan,22.21038579940796,4.097999572753906,0.01870039477944374,4.097999572753906,13.995686259120703,6.215309381484985,5045.302520859687,1.612239956855774,0.00046600000000000005,16,2048,,1513.3075923919678
adammini-stochastic_old-r8,adammini,stochastic_old,8,1.1B,sdpa,666,233,7667712,2.545286178588867,12.746875446970211,nan,nan,nan,nan,22.21038579940796,4.097999572753906,0.01870039477944374,4.097999572753906,13.995686259120703,6.247342348098755,5046.020899217133,1.7390437126159668,0.00046800000000000005,16,2048,,1519.5861020088196
adammini-stochastic_old-r8,adammini,stochastic_old,8,1.1B,sdpa,666,234,7700480,2.233537197113037,9.332819786451067,nan,nan,nan,nan,22.21038579940796,4.097999572753906,0.01870039477944374,4.097999572753906,13.995686259120703,6.180134296417236,5046.955267076822,1.8477544784545898,0.00047,16,2048,,1525.7972586154938
adammini-stochastic_old-r8,adammini,stochastic_old,8,1.1B,sdpa,666,235,7733248,2.4885430335998535,12.043716041722988,nan,nan,nan,nan,22.21038579940796,4.097999572753906,0.01870039477944374,4.097999572753906,13.995686259120703,6.219906806945801,5047.751533330335,1.6913259029388428,0.000472,16,2048,,1532.0481247901917
adammini-stochastic_old-r8,adammini,stochastic_old,8,1.1B,sdpa,666,236,7766016,2.186583995819092,8.904742462908965,nan,nan,nan,nan,22.21038579940796,4.097999572753906,0.01870039477944374,4.097999572753906,13.995686259120703,6.220602035522461,5048.538968200373,1.7573469877243042,0.000474,16,2048,,1538.2996447086334
adammini-stochastic_old-r8,adammini,stochastic_old,8,1.1B,sdpa,666,237,7798784,2.5665929317474365,13.021384034027136,nan,nan,nan,nan,22.21038579940796,4.097999572753906,0.01870039477944374,4.097999572753906,13.995686259120703,6.224749565124512,5049.306742408969,1.7369526624679565,0.00047599999999999997,16,2048,,1544.555359363556
adammini-stochastic_old-r8,adammini,stochastic_old,8,1.1B,sdpa,666,238,7831552,1.8879499435424805,6.6058125017480025,nan,nan,nan,nan,22.21038579940796,4.097999572753906,0.01870039477944374,4.097999572753906,13.995686259120703,6.216368198394775,5050.095559477458,1.801664113998413,0.00047799999999999996,16,2048,,1550.8028218746185
adammini-stochastic_old-r8,adammini,stochastic_old,8,1.1B,sdpa,666,239,7864320,2.555112361907959,12.872745982563975,nan,nan,nan,nan,22.21038579940796,4.097999572753906,0.01870039477944374,4.097999572753906,13.995686259120703,6.225466251373291,5050.848609715289,1.6076221466064453,0.00048,16,2048,,1557.059189081192
adammini-stochastic_old-r8,adammini,stochastic_old,8,1.1B,sdpa,666,240,7897088,2.3319356441497803,10.297855237148505,nan,nan,nan,nan,22.21038579940796,4.097999572753906,0.01870039477944374,4.097999572753906,13.995686259120703,6.23243522644043,5051.57316075045,1.5223422050476074,0.000482,16,2048,,1563.3228085041046
adammini-stochastic_old-r8,adammini,stochastic_old,8,1.1B,sdpa,666,241,7929856,2.450742483139038,11.596954066281349,nan,nan,nan,nan,22.21038579940796,4.097999572753906,0.01870039477944374,4.097999572753906,13.995686259120703,6.227230787277222,5052.30788448936,1.6310703754425049,0.000484,16,2048,,1569.5811219215393
adammini-stochastic_old-r8,adammini,stochastic_old,8,1.1B,sdpa,666,242,7962624,2.368795394897461,10.684513909017214,nan,nan,nan,nan,22.21038579940796,4.097999572753906,0.01870039477944374,4.097999572753906,13.995686259120703,6.222387313842773,5053.0527721650515,1.5324678421020508,0.000486,16,2048,,1575.8346519470215
adammini-stochastic_old-r8,adammini,stochastic_old,8,1.1B,sdpa,666,243,7995392,2.5772480964660645,13.160870833498093,nan,nan,nan,nan,22.21038579940796,4.097999572753906,0.01870039477944374,4.097999572753906,13.995686259120703,6.196223497390747,5053.875366581484,1.8898345232009888,0.000488,16,2048,,1582.0615439414978
adammini-stochastic_old-r8,adammini,stochastic_old,8,1.1B,sdpa,666,244,8028160,2.529412031173706,12.546127235893573,nan,nan,nan,nan,22.21038579940796,4.097999572753906,0.01870039477944374,4.097999572753906,13.995686259120703,6.215712547302246,5054.630118744058,1.7398908138275146,0.00049,16,2048,,1588.3081901073456
adammini-stochastic_old-r8,adammini,stochastic_old,8,1.1B,sdpa,666,245,8060928,2.3027617931365967,10.001767157549407,nan,nan,nan,nan,22.21038579940796,4.097999572753906,0.01870039477944374,4.097999572753906,13.995686259120703,6.221033811569214,5055.361787296082,1.625372290611267,0.000492,16,2048,,1594.560142993927
adammini-stochastic_old-r8,adammini,stochastic_old,8,1.1B,sdpa,666,246,8093696,2.500279188156128,12.18589564356209,nan,nan,nan,nan,22.21038579940796,4.097999572753906,0.01870039477944374,4.097999572753906,13.995686259120703,6.2232818603515625,5056.080213992594,1.5776395797729492,0.000494,16,2048,,1600.8145186901093
adammini-stochastic_old-r8,adammini,stochastic_old,8,1.1B,sdpa,666,247,8126464,2.246337890625,9.453054252640792,nan,nan,nan,nan,22.21038579940796,4.097999572753906,0.01870039477944374,4.097999572753906,13.995686259120703,6.2186760902404785,5056.807707282183,1.586639642715454,0.000496,16,2048,,1607.064038991928
adammini-stochastic_old-r8,adammini,stochastic_old,8,1.1B,sdpa,666,248,8159232,2.289217233657837,9.867210936837633,nan,nan,nan,nan,22.21038579940796,4.097999572753906,0.01870039477944374,4.097999572753906,13.995686259120703,6.211654424667358,5057.551726115191,1.5923612117767334,0.000498,16,2048,,1613.3066737651825
adammini-stochastic_old-r8,adammini,stochastic_old,8,1.1B,sdpa,666,249,8192000,2.2331225872039795,9.32895110893959,nan,nan,nan,nan,22.21038579940796,4.097999572753906,0.01870039477944374,4.097999572753906,13.995686259120703,6.219179391860962,5058.266861519401,1.5235439538955688,0.0005,16,2048,,1619.556758403778
adammini-stochastic_old-r8,adammini,stochastic_old,8,1.1B,sdpa,666,250,8224768,2.5561561584472656,12.886189525213021,2.451111297778,11.601231981538756,nan,nan,22.21038579940796,4.097999572753906,0.01870039477944374,4.097999572753906,13.995686259120703,6.240343809127808,5058.910501217629,1.7524253129959106,0.0004997142914285714,16,2048,,1638.0874242782593
adammini-stochastic_old-r8,adammini,stochastic_old,8,1.1B,sdpa,666,251,8257536,2.2179975509643555,9.188912102541083,nan,nan,nan,nan,22.21038579940796,4.097999572753906,0.01870039477944374,4.097999572753906,13.995686259120703,6.209897041320801,5021.917156545855,1.6049615144729614,0.0004994285828571429,16,2048,,1644.3292212486267
adammini-stochastic_old-r8,adammini,stochastic_old,8,1.1B,sdpa,666,252,8290304,2.2436511516571045,9.42769045162839,nan,nan,nan,nan,22.21038579940796,4.097999572753906,0.01870039477944374,4.097999572753906,13.995686259120703,6.203805923461914,5022.799854994027,1.6913959980010986,0.0004991428742857143,16,2048,,1650.5638618469238
adammini-stochastic_old-r8,adammini,stochastic_old,8,1.1B,sdpa,666,253,8323072,2.3688552379608154,10.685153322192015,nan,nan,nan,nan,22.21038579940796,4.097999572753906,0.01870039477944374,4.097999572753906,13.995686259120703,6.218554496765137,5023.632453026326,1.5206067562103271,0.0004988571657142857,16,2048,,1656.8133568763733
adammini-stochastic_old-r8,adammini,stochastic_old,8,1.1B,sdpa,666,254,8355840,2.489368200302124,12.053658216583905,nan,nan,nan,nan,22.21038579940796,4.097999572753906,0.01870039477944374,4.097999572753906,13.995686259120703,6.2272350788116455,5024.4317283629425,1.755318522453308,0.0004985714571428572,16,2048,,1663.071584224701
adammini-stochastic_old-r8,adammini,stochastic_old,8,1.1B,sdpa,666,255,8388608,2.4396610260009766,11.469152339364353,nan,nan,nan,nan,22.21038579940796,4.097999572753906,0.01870039477944374,4.097999572753906,13.995686259120703,6.224074602127075,5025.234503479829,1.7340869903564453,0.0004982857485714286,16,2048,,1669.3265342712402
adammini-stochastic_old-r8,adammini,stochastic_old,8,1.1B,sdpa,666,256,8421376,2.4421515464782715,11.497752097481415,nan,nan,nan,nan,22.21038579940796,4.097999572753906,0.01870039477944374,4.097999572753906,13.995686259120703,6.233466148376465,5026.003033103903,1.5704543590545654,0.00049800004,16,2048,,1675.5909278392792
adammini-stochastic_old-r8,adammini,stochastic_old,8,1.1B,sdpa,666,257,8454144,2.308122158050537,10.055524229339827,nan,nan,nan,nan,22.21038579940796,4.097999572753906,0.01870039477944374,4.097999572753906,13.995686259120703,6.235438823699951,5026.760108901161,1.4539990425109863,0.0004977143314285714,16,2048,,1681.8571953773499
adammini-stochastic_old-r8,adammini,stochastic_old,8,1.1B,sdpa,666,258,8486912,2.2855942249298096,9.831526626808778,nan,nan,nan,nan,22.21038579940796,4.097999572753906,0.01870039477944374,4.097999572753906,13.995686259120703,6.228461980819702,5027.532674276856,1.5844128131866455,0.0004974286228571429,16,2048,,1688.1169602870941
adammini-stochastic_old-r8,adammini,stochastic_old,8,1.1B,sdpa,666,259,8519680,2.318368911743164,10.159090411781644,nan,nan,nan,nan,22.21038579940796,4.097999572753906,0.01870039477944374,4.097999572753906,13.995686259120703,6.235736608505249,5028.2766048752155,1.5195671319961548,0.0004971429142857143,16,2048,,1694.3836765289307
adammini-stochastic_old-r8,adammini,stochastic_old,8,1.1B,sdpa,666,260,8552448,2.31292724609375,10.103958180090883,nan,nan,nan,nan,22.21038579940796,4.097999572753906,0.01870039477944374,4.097999572753906,13.995686259120703,6.224584102630615,5029.048669898317,1.6811320781707764,0.0004968572057142857,16,2048,,1700.6397705078125
adammini-stochastic_old-r8,adammini,stochastic_old,8,1.1B,sdpa,666,261,8585216,2.44480299949646,11.528278298492788,nan,nan,nan,nan,22.21038579940796,4.097999572753906,0.01870039477944374,4.097999572753906,13.995686259120703,6.222701549530029,5029.819344567455,1.581386685371399,0.0004965714971428572,16,2048,,1706.89333319664
adammini-stochastic_old-r8,adammini,stochastic_old,8,1.1B,sdpa,666,262,8617984,2.1486597061157227,8.57335987139398,nan,nan,nan,nan,22.21038579940796,4.097999572753906,0.01870039477944374,4.097999572753906,13.995686259120703,6.226078271865845,5030.576198675744,1.6158981323242188,0.0004962857885714286,16,2048,,1713.1504480838776
adammini-stochastic_old-r8,adammini,stochastic_old,8,1.1B,sdpa,666,263,8650752,2.221323013305664,9.21952034877349,nan,nan,nan,nan,22.21038579940796,4.097999572753906,0.01870039477944374,4.097999572753906,13.995686259120703,6.214662313461304,5031.359739252682,1.678219199180603,0.00049600008,16,2048,,1719.3962171077728
adammini-stochastic_old-r8,adammini,stochastic_old,8,1.1B,sdpa,666,264,8683520,2.236226797103882,9.35795512531454,nan,nan,nan,nan,22.21038579940796,4.097999572753906,0.01870039477944374,4.097999572753906,13.995686259120703,6.228397846221924,5032.098957593502,1.6184343099594116,0.0004957143714285715,16,2048,,1725.6555030345917
adammini-stochastic_old-r8,adammini,stochastic_old,8,1.1B,sdpa,666,265,8716288,2.6267895698547363,13.829300554070377,nan,nan,nan,nan,22.21038579940796,4.097999572753906,0.01870039477944374,4.097999572753906,13.995686259120703,6.223140001296997,5032.8477496138785,1.648511290550232,0.0004954286628571429,16,2048,,1731.9096739292145
adammini-stochastic_old-r8,adammini,stochastic_old,8,1.1B,sdpa,666,266,8749056,2.2829787731170654,9.8058463400859,nan,nan,nan,nan,22.21038579940796,4.097999572753906,0.01870039477944374,4.097999572753906,13.995686259120703,6.234230995178223,5033.558861447581,1.6257972717285156,0.0004951429542857143,16,2048,,1738.1747875213623
adammini-stochastic_old-r8,adammini,stochastic_old,8,1.1B,sdpa,666,267,8781824,2.5630135536193848,12.974858892029742,nan,nan,nan,nan,22.21038579940796,4.097999572753906,0.01870039477944374,4.097999572753906,13.995686259120703,6.2182700634002686,5034.311189403777,1.5562220811843872,0.0004948572457142857,16,2048,,1744.424099445343
adammini-stochastic_old-r8,adammini,stochastic_old,8,1.1B,sdpa,666,268,8814592,2.3344807624816895,10.324097878439797,nan,nan,nan,nan,22.21038579940796,4.097999572753906,0.01870039477944374,4.097999572753906,13.995686259120703,6.226409912109375,5035.03454869007,1.4636245965957642,0.0004945715371428572,16,2048,,1750.6813337802887
adammini-stochastic_old-r8,adammini,stochastic_old,8,1.1B,sdpa,666,269,8847360,2.540175676345825,12.68189868476889,nan,nan,nan,nan,22.21038579940796,4.097999572753906,0.01870039477944374,4.097999572753906,13.995686259120703,6.1984663009643555,5035.83321034415,1.7358179092407227,0.0004942858285714286,16,2048,,1756.9111139774323
adammini-stochastic_old-r8,adammini,stochastic_old,8,1.1B,sdpa,666,270,8880128,2.436389446258545,11.431691404538537,nan,nan,nan,nan,22.21038579940796,4.097999572753906,0.01870039477944374,4.097999572753906,13.995686259120703,6.231991767883301,5036.529331188979,1.6375360488891602,0.00049400012,16,2048,,1763.1729640960693
adammini-stochastic_old-r8,adammini,stochastic_old,8,1.1B,sdpa,666,271,8912896,2.4228310585021973,11.277742110244438,nan,nan,nan,nan,22.21038579940796,4.097999572753906,0.01870039477944374,4.097999572753906,13.995686259120703,6.220595359802246,5037.256804790161,2.2289390563964844,0.0004937144114285715,16,2048,,1769.424663066864
adammini-stochastic_old-r8,adammini,stochastic_old,8,1.1B,sdpa,666,272,8945664,2.2665624618530273,9.646184628196366,nan,nan,nan,nan,22.21038579940796,4.097999572753906,0.01870039477944374,4.097999572753906,13.995686259120703,6.211048126220703,5038.002748343408,1.5561963319778442,0.0004934287028571429,16,2048,,1775.6671209335327
adammini-stochastic_old-r8,adammini,stochastic_old,8,1.1B,sdpa,666,273,8978432,2.2986652851104736,9.960878645352736,nan,nan,nan,nan,22.21038579940796,4.097999572753906,0.01870039477944374,4.097999572753906,13.995686259120703,6.210444450378418,5038.744512620415,1.5527701377868652,0.0004931429942857143,16,2048,,1781.9086406230927
adammini-stochastic_old-r8,adammini,stochastic_old,8,1.1B,sdpa,666,274,9011200,2.366553783416748,10.66059020381674,nan,nan,nan,nan,22.21038579940796,4.097999572753906,0.01870039477944374,4.097999572753906,13.995686259120703,6.225247383117676,5039.440318749859,1.5322185754776,0.0004928572857142858,16,2048,,1788.1649198532104
adammini-stochastic_old-r8,adammini,stochastic_old,8,1.1B,sdpa,666,275,9043968,2.1718945503234863,8.774892778680483,nan,nan,nan,nan,22.21038579940796,4.097999572753906,0.01870039477944374,4.097999572753906,13.995686259120703,6.210912227630615,5040.171415629421,1.514353632926941,0.0004925715771428571,16,2048,,1794.4068582057953
adammini-stochastic_old-r8,adammini,stochastic_old,8,1.1B,sdpa,666,276,9076736,2.308711290359497,10.061450008909569,nan,nan,nan,nan,22.21038579940796,4.097999572753906,0.01870039477944374,4.097999572753906,13.995686259120703,6.2229063510894775,5040.863666375106,1.5649924278259277,0.0004922858685714285,16,2048,,1800.660676240921
adammini-stochastic_old-r8,adammini,stochastic_old,8,1.1B,sdpa,666,277,9109504,2.458160400390625,11.683299166387844,nan,nan,nan,nan,22.21038579940796,4.097999572753906,0.01870039477944374,4.097999572753906,13.995686259120703,6.20165491104126,5041.611286089448,1.5602202415466309,0.00049200016,16,2048,,1806.8932750225067
adammini-stochastic_old-r8,adammini,stochastic_old,8,1.1B,sdpa,666,278,9142272,2.206231117248535,9.081424987493723,nan,nan,nan,nan,22.21038579940796,4.097999572753906,0.01870039477944374,4.097999572753906,13.995686259120703,6.212347507476807,5042.3240278892235,1.6199917793273926,0.0004917144514285715,16,2048,,1813.1368117332458
adammini-stochastic_old-r8,adammini,stochastic_old,8,1.1B,sdpa,666,279,9175040,2.325955390930176,10.236455231990243,nan,nan,nan,nan,22.21038579940796,4.097999572753906,0.01870039477944374,4.097999572753906,13.995686259120703,6.247540712356567,5042.932876513737,1.5623854398727417,0.0004914287428571429,16,2048,,1819.4152436256409
adammini-stochastic_old-r8,adammini,stochastic_old,8,1.1B,sdpa,666,280,9207808,2.4950361251831055,12.122171426342058,nan,nan,nan,nan,22.21038579940796,4.097999572753906,0.01870039477944374,4.097999572753906,13.995686259120703,6.22715950012207,5043.595493732855,1.6345235109329224,0.0004911430342857143,16,2048,,1825.6731340885162
adammini-stochastic_old-r8,adammini,stochastic_old,8,1.1B,sdpa,666,281,9240576,2.36578369140625,10.652383728749594,nan,nan,nan,nan,22.21038579940796,4.097999572753906,0.01870039477944374,4.097999572753906,13.995686259120703,6.224513053894043,5044.259898069945,1.5516116619110107,0.0004908573257142858,16,2048,,1831.929045677185
adammini-stochastic_old-r8,adammini,stochastic_old,8,1.1B,sdpa,666,282,9273344,2.295884370803833,9.933216775892314,nan,nan,nan,nan,22.21038579940796,4.097999572753906,0.01870039477944374,4.097999572753906,13.995686259120703,6.2234649658203125,5044.922177739824,1.5219608545303345,0.0004905716171428572,16,2048,,1838.1837503910065
adammini-stochastic_old-r8,adammini,stochastic_old,8,1.1B,sdpa,666,283,9306112,2.365156888961792,10.645708880713178,nan,nan,nan,nan,22.21038579940796,4.097999572753906,0.01870039477944374,4.097999572753906,13.995686259120703,6.214817523956299,5045.604412187004,1.6733896732330322,0.0004902859085714286,16,2048,,1844.429613828659
adammini-stochastic_old-r8,adammini,stochastic_old,8,1.1B,sdpa,666,284,9338880,2.119856595993042,8.329942854849055,nan,nan,nan,nan,22.21038579940796,4.097999572753906,0.01870039477944374,4.097999572753906,13.995686259120703,6.210132837295532,5046.294973696256,1.52628493309021,0.0004900002,16,2048,,1850.6706607341766
adammini-stochastic_old-r8,adammini,stochastic_old,8,1.1B,sdpa,666,285,9371648,2.445725917816162,11.53892286900809,nan,nan,nan,nan,22.21038579940796,4.097999572753906,0.01870039477944374,4.097999572753906,13.995686259120703,6.199794292449951,5047.0087056393795,1.5285017490386963,0.0004897144914285715,16,2048,,1856.9014642238617
adammini-stochastic_old-r8,adammini,stochastic_old,8,1.1B,sdpa,666,286,9404416,2.46030592918396,11.708392931221804,nan,nan,nan,nan,22.21038579940796,4.097999572753906,0.01870039477944374,4.097999572753906,13.995686259120703,6.213081359863281,5047.6819164369435,1.5506447553634644,0.0004894287828571429,16,2048,,1863.145521402359
adammini-stochastic_old-r8,adammini,stochastic_old,8,1.1B,sdpa,666,287,9437184,2.5238192081451416,12.476154820629834,nan,nan,nan,nan,22.21038579940796,4.097999572753906,0.01870039477944374,4.097999572753906,13.995686259120703,6.224561452865601,5048.319549962817,1.5437017679214478,0.0004891430742857143,16,2048,,1869.4010577201843
adammini-stochastic_old-r8,adammini,stochastic_old,8,1.1B,sdpa,666,288,9469952,2.4403696060180664,11.477282031453514,nan,nan,nan,nan,22.21038579940796,4.097999572753906,0.01870039477944374,4.097999572753906,13.995686259120703,6.212098598480225,5048.986267118683,1.5461288690567017,0.0004888573657142858,16,2048,,1875.6440906524658
adammini-stochastic_old-r8,adammini,stochastic_old,8,1.1B,sdpa,666,289,9502720,2.32979154586792,10.275799276950432,nan,nan,nan,nan,22.21038579940796,4.097999572753906,0.01870039477944374,4.097999572753906,13.995686259120703,6.233975410461426,5049.590592894006,1.6201227903366089,0.0004885716571428571,16,2048,,1881.908961057663
adammini-stochastic_old-r8,adammini,stochastic_old,8,1.1B,sdpa,666,290,9535488,2.170550584793091,8.763107546499846,nan,nan,nan,nan,22.21038579940796,4.097999572753906,0.01870039477944374,4.097999572753906,13.995686259120703,6.207645416259766,5050.260425747536,1.461890697479248,0.0004882859485714285,16,2048,,1888.146892786026
adammini-stochastic_old-r8,adammini,stochastic_old,8,1.1B,sdpa,666,291,9568256,2.3040904998779297,10.015065405776458,nan,nan,nan,nan,22.21038579940796,4.097999572753906,0.01870039477944374,4.097999572753906,13.995686259120703,6.232469320297241,5050.86241260545,1.59182870388031,0.00048800024,16,2048,,1894.41042470932
adammini-stochastic_old-r8,adammini,stochastic_old,8,1.1B,sdpa,666,292,9601024,2.2967941761016846,9.942258181475413,nan,nan,nan,nan,22.21038579940796,4.097999572753906,0.01870039477944374,4.097999572753906,13.995686259120703,6.244975566864014,5051.424676475064,1.596061110496521,0.00048771453142857144,16,2048,,1900.6864218711853
adammini-stochastic_old-r8,adammini,stochastic_old,8,1.1B,sdpa,666,293,9633792,2.278395652770996,9.76100779492461,nan,nan,nan,nan,22.21038579940796,4.097999572753906,0.01870039477944374,4.097999572753906,13.995686259120703,6.201142072677612,5052.099387175536,1.6124359369277954,0.00048742882285714287,16,2048,,1906.9185094833374
adammini-stochastic_old-r8,adammini,stochastic_old,8,1.1B,sdpa,666,294,9666560,2.0334112644195557,7.640104372595135,nan,nan,nan,nan,22.21038579940796,4.097999572753906,0.01870039477944374,4.097999572753906,13.995686259120703,6.205819606781006,5052.757263754936,1.5630251169204712,0.0004871431142857143,16,2048,,1913.1554996967316
adammini-stochastic_old-r8,adammini,stochastic_old,8,1.1B,sdpa,666,295,9699328,2.2302942276000977,9.302602759345012,nan,nan,nan,nan,22.21038579940796,4.097999572753906,0.01870039477944374,4.097999572753906,13.995686259120703,6.217719554901123,5053.37971117331,1.5165497064590454,0.0004868574057142857,16,2048,,1919.4041848182678
adammini-stochastic_old-r8,adammini,stochastic_old,8,1.1B,sdpa,666,296,9732096,2.5699939727783203,13.065745690551548,nan,nan,nan,nan,22.21038579940796,4.097999572753906,0.01870039477944374,4.097999572753906,13.995686259120703,6.214973211288452,5054.005048470669,1.6664206981658936,0.00048657169714285716,16,2048,,1925.6503348350525
adammini-stochastic_old-r8,adammini,stochastic_old,8,1.1B,sdpa,666,297,9764864,2.16668963432312,8.72933885387359,nan,nan,nan,nan,22.21038579940796,4.097999572753906,0.01870039477944374,4.097999572753906,13.995686259120703,6.217829704284668,5054.618991767032,1.4947818517684937,0.0004862859885714286,16,2048,,1931.8989930152893
adammini-stochastic_old-r8,adammini,stochastic_old,8,1.1B,sdpa,666,298,9797632,2.342686414718628,10.409162362777032,nan,nan,nan,nan,22.21038579940796,4.097999572753906,0.01870039477944374,4.097999572753906,13.995686259120703,6.210676193237305,5055.248218745581,1.63327956199646,0.00048600028,16,2048,,1938.1405415534973
adammini-stochastic_old-r8,adammini,stochastic_old,8,1.1B,sdpa,666,299,9830400,2.2748329639434814,9.726294235031888,nan,nan,nan,nan,22.21038579940796,4.097999572753906,0.01870039477944374,4.097999572753906,13.995686259120703,7.018543243408203,5053.773339359173,1.5370688438415527,0.00048571457142857144,16,2048,,1945.163608789444
adammini-stochastic_old-r8,adammini,stochastic_old,8,1.1B,sdpa,666,300,9863168,2.3040590286254883,10.014750224084462,2.563748402133747,12.984396951895958,nan,nan,22.21038579940796,4.097999572753906,0.01870039477944374,4.097999572753906,13.995686259120703,6.248224496841431,5054.371566177847,1.8147989511489868,0.0004854288628571429,16,2048,,1964.4211225509644
adammini-stochastic_old-r8,adammini,stochastic_old,8,1.1B,sdpa,666,301,9895936,2.390899419784546,10.923314171004515,nan,nan,nan,nan,22.21038579940796,4.097999572753906,0.01870039477944374,4.097999572753906,13.995686259120703,6.227724313735962,5021.6588438756235,2.3226146697998047,0.0004851431542857143,16,2048,,1970.6805925369263
adammini-stochastic_old-r8,adammini,stochastic_old,8,1.1B,sdpa,666,302,9928704,2.391608953475952,10.93106738068713,nan,nan,nan,nan,22.21038579940796,4.097999572753906,0.01870039477944374,4.097999572753906,13.995686259120703,6.214430332183838,5022.369736485094,2.8129284381866455,0.00048485744571428573,16,2048,,1976.9260275363922
adammini-stochastic_old-r8,adammini,stochastic_old,8,1.1B,sdpa,666,303,9961472,2.359318971633911,10.583741169553065,nan,nan,nan,nan,22.21038579940796,4.097999572753906,0.01870039477944374,4.097999572753906,13.995686259120703,6.2082319259643555,5023.092141277439,3.8432040214538574,0.00048457173714285716,16,2048,,1983.1648516654968
adammini-stochastic_old-r8,adammini,stochastic_old,8,1.1B,sdpa,666,304,9994240,2.4132025241851807,11.169675081758257,nan,nan,nan,nan,22.21038579940796,4.097999572753906,0.01870039477944374,4.097999572753906,13.995686259120703,6.217029094696045,5023.78853315081,2.4251351356506348,0.00048428602857142854,16,2048,,1989.412700176239
adammini-stochastic_old-r8,adammini,stochastic_old,8,1.1B,sdpa,666,305,10027008,2.35859751701355,10.576108234324852,nan,nan,nan,nan,22.21038579940796,4.097999572753906,0.01870039477944374,4.097999572753906,13.995686259120703,6.242793798446655,5024.415048989735,2.2583532333374023,0.00048400031999999997,16,2048,,1995.6862163543701
adammini-stochastic_old-r8,adammini,stochastic_old,8,1.1B,sdpa,666,306,10059776,2.439182758331299,11.463668326119478,nan,nan,nan,nan,22.21038579940796,4.097999572753906,0.01870039477944374,4.097999572753906,13.995686259120703,6.210340261459351,5025.118608323151,2.503647565841675,0.00048371461142857145,16,2048,,2001.9278531074524
adammini-stochastic_old-r8,adammini,stochastic_old,8,1.1B,sdpa,666,307,10092544,2.2095701694488525,9.111799021602256,nan,nan,nan,nan,22.21038579940796,4.097999572753906,0.01870039477944374,4.097999572753906,13.995686259120703,6.232132911682129,5025.763570695854,1.9166074991226196,0.0004834289028571429,16,2048,,2008.190960407257
adammini-stochastic_old-r8,adammini,stochastic_old,8,1.1B,sdpa,666,308,10125312,2.1814799308776855,8.859407872857021,nan,nan,nan,nan,22.21038579940796,4.097999572753906,0.01870039477944374,4.097999572753906,13.995686259120703,6.22214937210083,5026.428634086979,1.90677809715271,0.0004831431942857143,16,2048,,2014.4443397521973
adammini-stochastic_old-r8,adammini,stochastic_old,8,1.1B,sdpa,666,309,10158080,2.315462112426758,10.129602852688556,nan,nan,nan,nan,22.21038579940796,4.097999572753906,0.01870039477944374,4.097999572753906,13.995686259120703,6.232698917388916,5027.063516600419,2.171329975128174,0.00048285748571428574,16,2048,,2020.708431482315
adammini-stochastic_old-r8,adammini,stochastic_old,8,1.1B,sdpa,666,310,10190848,2.4234938621520996,11.285219516630146,nan,nan,nan,nan,22.21038579940796,4.097999572753906,0.01870039477944374,4.097999572753906,13.995686259120703,6.227741241455078,5027.707367270486,2.2898781299591064,0.00048257177714285717,16,2048,,2026.9645550251007
adammini-stochastic_old-r8,adammini,stochastic_old,8,1.1B,sdpa,666,311,10223616,2.2564620971679688,9.549245032392653,nan,nan,nan,nan,22.21038579940796,4.097999572753906,0.01870039477944374,4.097999572753906,13.995686259120703,6.230740547180176,5028.346392593604,2.0676372051239014,0.00048228606857142855,16,2048,,2033.226324558258
adammini-stochastic_old-r8,adammini,stochastic_old,8,1.1B,sdpa,666,312,10256384,2.5479629039764404,12.78104103764402,nan,nan,nan,nan,22.21038579940796,4.097999572753906,0.01870039477944374,4.097999572753906,13.995686259120703,6.234395265579224,5028.965164870852,1.9756485223770142,0.00048200036,16,2048,,2039.492194890976
adammini-stochastic_old-r8,adammini,stochastic_old,8,1.1B,sdpa,666,313,10289152,2.406493902206421,11.09499274189595,nan,nan,nan,nan,22.21038579940796,4.097999572753906,0.01870039477944374,4.097999572753906,13.995686259120703,6.224958658218384,5029.602563797642,2.2922987937927246,0.0004817146514285714,16,2048,,2045.7453427314758
adammini-stochastic_old-r8,adammini,stochastic_old,8,1.1B,sdpa,666,314,10321920,2.481041193008423,11.953704053779877,nan,nan,nan,nan,22.21038579940796,4.097999572753906,0.01870039477944374,4.097999572753906,13.995686259120703,6.240490198135376,5030.207048080352,2.123797655105591,0.0004814289428571429,16,2048,,2052.0164263248444
adammini-stochastic_old-r8,adammini,stochastic_old,8,1.1B,sdpa,666,315,10354688,2.363612413406372,10.629279534204722,nan,nan,nan,nan,22.21038579940796,4.097999572753906,0.01870039477944374,4.097999572753906,13.995686259120703,6.1880717277526855,5030.929425648821,2.1186935901641846,0.0004811432342857143,16,2048,,2058.235979795456
adammini-stochastic_old-r8,adammini,stochastic_old,8,1.1B,sdpa,666,316,10387456,2.267056941986084,9.650955654346413,nan,nan,nan,nan,22.21038579940796,4.097999572753906,0.01870039477944374,4.097999572753906,13.995686259120703,6.221168041229248,5031.5644626682515,1.9211292266845703,0.00048085752571428575,16,2048,,2064.4882957935333
adammini-stochastic_old-r8,adammini,stochastic_old,8,1.1B,sdpa,666,317,10420224,2.3842427730560303,10.850843002552049,nan,nan,nan,nan,22.21038579940796,4.097999572753906,0.01870039477944374,4.097999572753906,13.995686259120703,6.216513156890869,5032.208136176014,1.927047848701477,0.0004805718171428572,16,2048,,2070.735692501068
adammini-stochastic_old-r8,adammini,stochastic_old,8,1.1B,sdpa,666,318,10452992,2.5910937786102295,13.344359398709601,nan,nan,nan,nan,22.21038579940796,4.097999572753906,0.01870039477944374,4.097999572753906,13.995686259120703,6.228228807449341,5032.819029420234,1.9105396270751953,0.00048028610857142856,16,2048,,2076.9952170848846
adammini-stochastic_old-r8,adammini,stochastic_old,8,1.1B,sdpa,666,319,10485760,2.4094431400299072,11.127762813756515,nan,nan,nan,nan,22.21038579940796,4.097999572753906,0.01870039477944374,4.097999572753906,13.995686259120703,6.220973968505859,5033.444232152703,2.131808280944824,0.0004800004,16,2048,,2083.247584104538
adammini-stochastic_old-r8,adammini,stochastic_old,8,1.1B,sdpa,666,320,10518528,2.499053716659546,12.170971322323476,nan,nan,nan,nan,22.21038579940796,4.097999572753906,0.01870039477944374,4.097999572753906,13.995686259120703,6.2260355949401855,5034.053086872542,2.1037752628326416,0.0004797146914285714,16,2048,,2089.5033552646637
adammini-stochastic_old-r8,adammini,stochastic_old,8,1.1B,sdpa,666,321,10551296,2.2653820514678955,9.634804889386627,nan,nan,nan,nan,22.21038579940796,4.097999572753906,0.01870039477944374,4.097999572753906,13.995686259120703,6.222638845443726,5034.6702181653245,1.7949802875518799,0.00047942898285714285,16,2048,,2095.7569789886475
adammini-stochastic_old-r8,adammini,stochastic_old,8,1.1B,sdpa,666,322,10584064,2.3245463371276855,10.222041672946437,nan,nan,nan,nan,22.21038579940796,4.097999572753906,0.01870039477944374,4.097999572753906,13.995686259120703,6.2320849895477295,5035.258286935725,1.7072081565856934,0.00047914327428571433,16,2048,,2102.020104408264
adammini-stochastic_old-r8,adammini,stochastic_old,8,1.1B,sdpa,666,323,10616832,2.5324342250823975,12.584101418972363,nan,nan,nan,nan,22.21038579940796,4.097999572753906,0.01870039477944374,4.097999572753906,13.995686259120703,6.216624021530151,5035.879081882799,2.365947723388672,0.00047885756571428576,16,2048,,2108.268059492111
adammini-stochastic_old-r8,adammini,stochastic_old,8,1.1B,sdpa,666,324,10649600,2.4861557483673096,12.0149985483343,nan,nan,nan,nan,22.21038579940796,4.097999572753906,0.01870039477944374,4.097999572753906,13.995686259120703,6.2140021324157715,5036.501960395966,1.8163607120513916,0.0004785718571428572,16,2048,,2114.513422727585
adammini-stochastic_old-r8,adammini,stochastic_old,8,1.1B,sdpa,666,325,10682368,2.2423958778381348,9.415863543188355,nan,nan,nan,nan,22.21038579940796,4.097999572753906,0.01870039477944374,4.097999572753906,13.995686259120703,6.212660551071167,5037.1242871087015,1.9471421241760254,0.0004782861485714286,16,2048,,2120.7571635246277
adammini-stochastic_old-r8,adammini,stochastic_old,8,1.1B,sdpa,666,326,10715136,2.5154366493225098,12.372009829554028,nan,nan,nan,nan,22.21038579940796,4.097999572753906,0.01870039477944374,4.097999572753906,13.995686259120703,6.216257095336914,5037.735454022989,1.7716399431228638,0.00047800044,16,2048,,2127.0045795440674
adammini-stochastic_old-r8,adammini,stochastic_old,8,1.1B,sdpa,666,327,10747904,2.22599458694458,9.262690775400625,nan,nan,nan,nan,22.21038579940796,4.097999572753906,0.01870039477944374,4.097999572753906,13.995686259120703,6.214258432388306,5038.347471821098,1.6972216367721558,0.0004777147314285714,16,2048,,2133.249673604965
adammini-stochastic_old-r8,adammini,stochastic_old,8,1.1B,sdpa,666,328,10780672,2.295855760574341,9.932932588346114,nan,nan,nan,nan,22.21038579940796,4.097999572753906,0.01870039477944374,4.097999572753906,13.995686259120703,6.224512338638306,5038.9325456146225,1.705399513244629,0.00047742902285714285,16,2048,,2139.505019903183
adammini-stochastic_old-r8,adammini,stochastic_old,8,1.1B,sdpa,666,329,10813440,2.485813617706299,12.010888552056876,nan,nan,nan,nan,22.21038579940796,4.097999572753906,0.01870039477944374,4.097999572753906,13.995686259120703,6.208979606628418,5039.550326684494,1.6849700212478638,0.0004771433142857143,16,2048,,2145.745066165924
adammini-stochastic_old-r8,adammini,stochastic_old,8,1.1B,sdpa,666,330,10846208,2.4035160541534424,11.062002683430862,nan,nan,nan,nan,22.21038579940796,4.097999572753906,0.01870039477944374,4.097999572753906,13.995686259120703,6.227646350860596,5040.120830024884,1.8140090703964233,0.0004768576057142857,16,2048,,2152.0011916160583
adammini-stochastic_old-r8,adammini,stochastic_old,8,1.1B,sdpa,666,331,10878976,2.420795202255249,11.254805604154527,nan,nan,nan,nan,22.21038579940796,4.097999572753906,0.01870039477944374,4.097999572753906,13.995686259120703,6.218463659286499,5040.7147977045715,1.868762493133545,0.00047657189714285714,16,2048,,2158.2510018348694
adammini-stochastic_old-r8,adammini,stochastic_old,8,1.1B,sdpa,666,332,10911744,2.7041656970977783,14.941845463824114,nan,nan,nan,nan,22.21038579940796,4.097999572753906,0.01870039477944374,4.097999572753906,13.995686259120703,6.226196050643921,5041.281231069994,2.0383872985839844,0.00047628618857142863,16,2048,,2164.50838971138
adammini-stochastic_old-r8,adammini,stochastic_old,8,1.1B,sdpa,666,333,10944512,2.282930850982666,9.805376434259225,nan,nan,nan,nan,22.21038579940796,4.097999572753906,0.01870039477944374,4.097999572753906,13.995686259120703,6.212455987930298,5041.875710311282,1.8920670747756958,0.00047600048,16,2048,,2170.7522552013397
adammini-stochastic_old-r8,adammini,stochastic_old,8,1.1B,sdpa,666,334,10977280,2.3131299018859863,10.106006013236208,nan,nan,nan,nan,22.21038579940796,4.097999572753906,0.01870039477944374,4.097999572753906,13.995686259120703,6.218596696853638,5042.4532875399655,1.7111700773239136,0.00047571477142857143,16,2048,,2177.001962184906
adammini-stochastic_old-r8,adammini,stochastic_old,8,1.1B,sdpa,666,335,11010048,2.3061676025390625,10.035889344024168,nan,nan,nan,nan,22.21038579940796,4.097999572753906,0.01870039477944374,4.097999572753906,13.995686259120703,6.207964897155762,5043.051886300193,1.7055855989456177,0.00047542906285714286,16,2048,,2183.24108338356
adammini-stochastic_old-r8,adammini,stochastic_old,8,1.1B,sdpa,666,336,11042816,2.485347270965576,12.005288619184153,nan,nan,nan,nan,22.21038579940796,4.097999572753906,0.01870039477944374,4.097999572753906,13.995686259120703,6.254177570343018,5043.5409836679655,1.6609331369400024,0.0004751433542857143,16,2048,,2189.527247905731
adammini-stochastic_old-r8,adammini,stochastic_old,8,1.1B,sdpa,666,337,11075584,4.1646037101745605,64.36716933420401,nan,nan,nan,nan,22.21038579940796,4.097999572753906,0.01870039477944374,4.097999572753906,13.995686259120703,6.172756671905518,5044.212604717489,4.1353864669799805,0.0004748576457142857,16,2048,,2195.7310082912445
adammini-stochastic_old-r8,adammini,stochastic_old,8,1.1B,sdpa,666,338,11108352,2.3190078735351562,10.16558375667489,nan,nan,nan,nan,22.21038579940796,4.097999572753906,0.01870039477944374,4.097999572753906,13.995686259120703,6.233976602554321,5044.741673845789,1.5341929197311401,0.0004745719371428572,16,2048,,2201.9961307048798
adammini-stochastic_old-r8,adammini,stochastic_old,8,1.1B,sdpa,666,339,11141120,2.204761505126953,9.068088617296793,nan,nan,nan,nan,22.21038579940796,4.097999572753906,0.01870039477944374,4.097999572753906,13.995686259120703,6.2141664028167725,5045.313600796786,1.8048895597457886,0.00047428622857142864,16,2048,,2208.227015018463
adammini-stochastic_old-r8,adammini,stochastic_old,8,1.1B,sdpa,666,340,11173888,2.431713819503784,11.378365844710391,nan,nan,nan,nan,22.21038579940796,4.097999572753906,0.01870039477944374,4.097999572753906,13.995686259120703,6.2302961349487305,5045.878447989344,1.8102134466171265,0.00047400052,16,2048,,2214.4877157211304
adammini-stochastic_old-r8,adammini,stochastic_old,8,1.1B,sdpa,666,341,11206656,2.1868338584899902,8.906967703635129,nan,nan,nan,nan,22.21038579940796,4.097999572753906,0.01870039477944374,4.097999572753906,13.995686259120703,6.222425937652588,5046.426321696923,1.921875,0.00047371481142857144,16,2048,,2220.7408304214478
adammini-stochastic_old-r8,adammini,stochastic_old,8,1.1B,sdpa,666,342,11239424,2.3437066078186035,10.41978713713529,nan,nan,nan,nan,22.21038579940796,4.097999572753906,0.01870039477944374,4.097999572753906,13.995686259120703,6.227392196655273,5046.959537925408,1.781481146812439,0.00047342910285714287,16,2048,,2226.999173641205
adammini-stochastic_old-r8,adammini,stochastic_old,8,1.1B,sdpa,666,343,11272192,2.3770618438720703,10.773202964801158,nan,nan,nan,nan,22.21038579940796,4.097999572753906,0.01870039477944374,4.097999572753906,13.995686259120703,6.222257137298584,5047.500246242778,1.714357614517212,0.0004731433942857143,16,2048,,2233.2522237300873
adammini-stochastic_old-r8,adammini,stochastic_old,8,1.1B,sdpa,666,344,11304960,2.2216928005218506,9.222930239966066,nan,nan,nan,nan,22.21038579940796,4.097999572753906,0.01870039477944374,4.097999572753906,13.995686259120703,6.238274097442627,5047.9999737552425,1.9793356657028198,0.00047285768571428573,16,2048,,2239.522478580475
adammini-stochastic_old-r8,adammini,stochastic_old,8,1.1B,sdpa,666,345,11337728,2.4002747535705566,11.026205453816338,nan,nan,nan,nan,22.21038579940796,4.097999572753906,0.01870039477944374,4.097999572753906,13.995686259120703,6.221339225769043,5048.537302124629,1.812863826751709,0.00047257197714285716,16,2048,,2245.774969100952
adammini-stochastic_old-r8,adammini,stochastic_old,8,1.1B,sdpa,666,346,11370496,2.5122945308685303,12.33319651909864,nan,nan,nan,nan,22.21038579940796,4.097999572753906,0.01870039477944374,4.097999572753906,13.995686259120703,6.237988471984863,5049.033618647516,2.3094515800476074,0.0004722862685714286,16,2048,,2252.0440316200256
adammini-stochastic_old-r8,adammini,stochastic_old,8,1.1B,sdpa,666,347,11403264,2.3450052738189697,10.433327750885633,nan,nan,nan,nan,22.21038579940796,4.097999572753906,0.01870039477944374,4.097999572753906,13.995686259120703,6.240642547607422,5049.5208046756425,1.9219838380813599,0.00047200055999999997,16,2048,,2258.315848350525
adammini-stochastic_old-r8,adammini,stochastic_old,8,1.1B,sdpa,666,348,11436032,2.422260284423828,11.271306904084518,nan,nan,nan,nan,22.21038579940796,4.097999572753906,0.01870039477944374,4.097999572753906,13.995686259120703,6.230733871459961,5050.027232863833,1.834127426147461,0.0004717148514285714,16,2048,,2264.578349351883
adammini-stochastic_old-r8,adammini,stochastic_old,8,1.1B,sdpa,666,349,11468800,2.3607583045959473,10.598985665400933,nan,nan,nan,nan,22.21038579940796,4.097999572753906,0.01870039477944374,4.097999572753906,13.995686259120703,6.200558662414551,5050.599211473814,2.100966453552246,0.0004714291428571428,16,2048,,2270.809894800186
adammini-stochastic_old-r8,adammini,stochastic_old,8,1.1B,sdpa,666,350,11501568,2.560133695602417,12.937546893047712,2.472559377793377,11.85274371360161,nan,nan,22.21038579940796,4.097999572753906,0.01870039477944374,4.097999572753906,13.995686259120703,6.2083234786987305,5051.150560046813,2.06562876701355,0.00047114343428571425,16,2048,,2289.840333223343
adammini-stochastic_old-r8,adammini,stochastic_old,8,1.1B,sdpa,666,351,11534336,2.391338586807251,10.928112383898386,nan,nan,nan,nan,22.21038579940796,4.097999572753906,0.01870039477944374,4.097999572753906,13.995686259120703,6.2251057624816895,5023.518428068361,1.906731128692627,0.00047085772571428574,16,2048,,2296.096896648407
adammini-stochastic_old-r8,adammini,stochastic_old,8,1.1B,sdpa,666,352,11567104,2.679093360900879,14.571875872656145,nan,nan,nan,nan,22.21038579940796,4.097999572753906,0.01870039477944374,4.097999572753906,13.995686259120703,6.209830284118652,5024.134159233649,2.6119046211242676,0.00047057201714285717,16,2048,,2302.3374330997467
adammini-stochastic_old-r8,adammini,stochastic_old,8,1.1B,sdpa,666,353,11599872,2.2968716621398926,9.943028597520595,nan,nan,nan,nan,22.21038579940796,4.097999572753906,0.01870039477944374,4.097999572753906,13.995686259120703,6.224653720855713,5024.714703470975,1.542492389678955,0.0004702863085714286,16,2048,,2308.5930461883545
adammini-stochastic_old-r8,adammini,stochastic_old,8,1.1B,sdpa,666,354,11632640,2.5067505836486816,12.265011111337412,nan,nan,nan,nan,22.21038579940796,4.097999572753906,0.01870039477944374,4.097999572753906,13.995686259120703,6.229471683502197,5025.281128956356,1.787917137145996,0.0004700006,16,2048,,2314.853598356247
adammini-stochastic_old-r8,adammini,stochastic_old,8,1.1B,sdpa,666,355,11665408,2.4238953590393066,11.28975140684655,nan,nan,nan,nan,22.21038579940796,4.097999572753906,0.01870039477944374,4.097999572753906,13.995686259120703,6.226782560348511,5025.850262317663,1.5648577213287354,0.00046971489142857146,16,2048,,2321.1113407611847
adammini-stochastic_old-r8,adammini,stochastic_old,8,1.1B,sdpa,666,356,11698176,2.397634267807007,10.997129319742234,nan,nan,nan,nan,22.21038579940796,4.097999572753906,0.01870039477944374,4.097999572753906,13.995686259120703,6.216701984405518,5026.438151798152,1.6569201946258545,0.0004694291828571429,16,2048,,2327.3590490818024
adammini-stochastic_old-r8,adammini,stochastic_old,8,1.1B,sdpa,666,357,11730944,2.3297007083892822,10.274865891646952,nan,nan,nan,nan,22.21038579940796,4.097999572753906,0.01870039477944374,4.097999572753906,13.995686259120703,6.194169282913208,5027.071095115212,1.852986454963684,0.0004691434742857143,16,2048,,2333.5842669010162
adammini-stochastic_old-r8,adammini,stochastic_old,8,1.1B,sdpa,666,358,11763712,2.3932313919067383,10.948816759238529,nan,nan,nan,nan,22.21038579940796,4.097999572753906,0.01870039477944374,4.097999572753906,13.995686259120703,6.197027921676636,5027.694883822372,2.0649020671844482,0.00046885776571428575,16,2048,,2339.8120243549347
adammini-stochastic_old-r8,adammini,stochastic_old,8,1.1B,sdpa,666,359,11796480,2.458918809890747,11.692163252347028,nan,nan,nan,nan,22.21038579940796,4.097999572753906,0.01870039477944374,4.097999572753906,13.995686259120703,6.245651960372925,5028.211280449332,2.284048557281494,0.0004685720571428572,16,2048,,2346.0888352394104
adammini-stochastic_old-r8,adammini,stochastic_old,8,1.1B,sdpa,666,360,11829248,2.5453202724456787,12.747310044525006,nan,nan,nan,nan,22.21038579940796,4.097999572753906,0.01870039477944374,4.097999572753906,13.995686259120703,6.18197774887085,5028.860676098858,2.0157041549682617,0.0004682863485714286,16,2048,,2352.301761865616
adammini-stochastic_old-r8,adammini,stochastic_old,8,1.1B,sdpa,666,361,11862016,2.3723599910736084,10.722667847733565,nan,nan,nan,nan,22.21038579940796,4.097999572753906,0.01870039477944374,4.097999572753906,13.995686259120703,6.216979503631592,5029.4321723045,1.8703389167785645,0.00046800064,16,2048,,2358.549869298935
adammini-stochastic_old-r8,adammini,stochastic_old,8,1.1B,sdpa,666,362,11894784,2.3162477016448975,10.137563686036668,nan,nan,nan,nan,22.21038579940796,4.097999572753906,0.01870039477944374,4.097999572753906,13.995686259120703,6.234781980514526,5029.962579125712,1.6098772287368774,0.0004677149314285714,16,2048,,2364.8156793117523
adammini-stochastic_old-r8,adammini,stochastic_old,8,1.1B,sdpa,666,363,11927552,2.3840789794921875,10.849065849853023,nan,nan,nan,nan,22.21038579940796,4.097999572753906,0.01870039477944374,4.097999572753906,13.995686259120703,6.224828004837036,5030.511380224878,2.2091898918151855,0.00046742922285714284,16,2048,,2371.071332216263
adammini-stochastic_old-r8,adammini,stochastic_old,8,1.1B,sdpa,666,364,11960320,2.3166699409484863,10.141845067687742,nan,nan,nan,nan,22.21038579940796,4.097999572753906,0.01870039477944374,4.097999572753906,13.995686259120703,6.228478193283081,5031.049997507628,1.8653205633163452,0.00046714351428571427,16,2048,,2377.3304958343506
adammini-stochastic_old-r8,adammini,stochastic_old,8,1.1B,sdpa,666,365,11993088,2.3622243404388428,10.61453555384659,nan,nan,nan,nan,22.21038579940796,4.097999572753906,0.01870039477944374,4.097999572753906,13.995686259120703,6.218970060348511,5031.605981558486,1.6639511585235596,0.0004668578057142857,16,2048,,2383.5804450511932
adammini-stochastic_old-r8,adammini,stochastic_old,8,1.1B,sdpa,666,366,12025856,2.4335007667541504,11.398716561683834,nan,nan,nan,nan,22.21038579940796,4.097999572753906,0.01870039477944374,4.097999572753906,13.995686259120703,6.231697082519531,5032.131927364944,1.607129454612732,0.00046657209714285713,16,2048,,2389.8426382541656
adammini-stochastic_old-r8,adammini,stochastic_old,8,1.1B,sdpa,666,367,12058624,2.3648741245269775,10.642699078410901,nan,nan,nan,nan,22.21038579940796,4.097999572753906,0.01870039477944374,4.097999572753906,13.995686259120703,6.23013973236084,5032.659235649936,1.921389102935791,0.00046628638857142856,16,2048,,2396.1036422252655
adammini-stochastic_old-r8,adammini,stochastic_old,8,1.1B,sdpa,666,368,12091392,2.3090522289276123,10.064880930102214,nan,nan,nan,nan,22.21038579940796,4.097999572753906,0.01870039477944374,4.097999572753906,13.995686259120703,6.222282648086548,5033.199638719195,1.7760188579559326,0.00046600067999999994,16,2048,,2402.356789588928
adammini-stochastic_old-r8,adammini,stochastic_old,8,1.1B,sdpa,666,369,12124160,2.170740842819214,8.7647749566584,nan,nan,nan,nan,22.21038579940796,4.097999572753906,0.01870039477944374,4.097999572753906,13.995686259120703,6.243517637252808,5033.692839367637,1.631154179573059,0.0004657149714285714,16,2048,,2408.6261217594147
adammini-stochastic_old-r8,adammini,stochastic_old,8,1.1B,sdpa,666,370,12156928,2.4634244441986084,11.744962722459574,nan,nan,nan,nan,22.21038579940796,4.097999572753906,0.01870039477944374,4.097999572753906,13.995686259120703,6.221745729446411,5034.239390084433,1.6625244617462158,0.00046542926285714285,16,2048,,2414.8780670166016
adammini-stochastic_old-r8,adammini,stochastic_old,8,1.1B,sdpa,666,371,12189696,2.260258913040161,9.585570674748206,nan,nan,nan,nan,22.21038579940796,4.097999572753906,0.01870039477944374,4.097999572753906,13.995686259120703,6.235400199890137,5034.742529073618,1.76073157787323,0.00046514355428571433,16,2048,,2421.1456365585327
adammini-stochastic_old-r8,adammini,stochastic_old,8,1.1B,sdpa,666,372,12222464,2.36834716796875,10.67972589530151,nan,nan,nan,nan,22.21038579940796,4.097999572753906,0.01870039477944374,4.097999572753906,13.995686259120703,6.284761905670166,5035.142218658341,1.6104868650436401,0.00046485784571428576,16,2048,,2427.461398601532
adammini-stochastic_old-r8,adammini,stochastic_old,8,1.1B,sdpa,666,373,12255232,2.2340762615203857,9.337852133675915,nan,nan,nan,nan,22.21038579940796,4.097999572753906,0.01870039477944374,4.097999572753906,13.995686259120703,6.248563289642334,5035.6139156634335,1.7951630353927612,0.0004645721371428572,16,2048,,2433.741247653961
adammini-stochastic_old-r8,adammini,stochastic_old,8,1.1B,sdpa,666,374,12288000,2.4349639415740967,11.415407084335131,nan,nan,nan,nan,22.21038579940796,4.097999572753906,0.01870039477944374,4.097999572753906,13.995686259120703,6.249051570892334,5036.082955809719,1.6609004735946655,0.0004642864285714286,16,2048,,2440.0210251808167
adammini-stochastic_old-r8,adammini,stochastic_old,8,1.1B,sdpa,666,375,12320768,2.3543097972869873,10.53085792606345,nan,nan,nan,nan,22.21038579940796,4.097999572753906,0.01870039477944374,4.097999572753906,13.995686259120703,6.232003450393677,5036.584716291718,1.6276227235794067,0.00046400072000000005,16,2048,,2446.284067630768
adammini-stochastic_old-r8,adammini,stochastic_old,8,1.1B,sdpa,666,376,12353536,2.407802104949951,11.109516739936032,nan,nan,nan,nan,22.21038579940796,4.097999572753906,0.01870039477944374,4.097999572753906,13.995686259120703,6.221100807189941,5037.106642442331,2.0132133960723877,0.0004637150114285715,16,2048,,2452.536348104477
adammini-stochastic_old-r8,adammini,stochastic_old,8,1.1B,sdpa,666,377,12386304,2.4114575386047363,11.150201155603973,nan,nan,nan,nan,22.21038579940796,4.097999572753906,0.01870039477944374,4.097999572753906,13.995686259120703,6.217653036117554,5037.632109363785,1.8552943468093872,0.00046342930285714286,16,2048,,2458.7846693992615
adammini-stochastic_old-r8,adammini,stochastic_old,8,1.1B,sdpa,666,378,12419072,2.2809298038482666,9.785775032049248,nan,nan,nan,nan,22.21038579940796,4.097999572753906,0.01870039477944374,4.097999572753906,13.995686259120703,6.232961416244507,5038.1248036934,1.5024433135986328,0.0004631435942857143,16,2048,,2465.04838180542
adammini-stochastic_old-r8,adammini,stochastic_old,8,1.1B,sdpa,666,379,12451840,2.505157947540283,12.245492958554665,nan,nan,nan,nan,22.21038579940796,4.097999572753906,0.01870039477944374,4.097999572753906,13.995686259120703,6.2018890380859375,5038.677826800567,1.5324841737747192,0.0004628578857142857,16,2048,,2471.2811229228973
adammini-stochastic_old-r8,adammini,stochastic_old,8,1.1B,sdpa,666,380,12484608,2.746105909347534,15.581836505770175,nan,nan,nan,nan,22.21038579940796,4.097999572753906,0.01870039477944374,4.097999572753906,13.995686259120703,6.225155591964722,5039.180742433825,1.8524891138076782,0.00046257217714285715,16,2048,,2477.5359518527985
adammini-stochastic_old-r8,adammini,stochastic_old,8,1.1B,sdpa,666,381,12517376,2.39652419090271,10.984928433684633,nan,nan,nan,nan,22.21038579940796,4.097999572753906,0.01870039477944374,4.097999572753906,13.995686259120703,6.219272136688232,5039.695457596514,1.8403793573379517,0.0004622864685714286,16,2048,,2483.7861366271973
adammini-stochastic_old-r8,adammini,stochastic_old,8,1.1B,sdpa,666,382,12550144,2.3945629596710205,10.963405561526002,nan,nan,nan,nan,22.21038579940796,4.097999572753906,0.01870039477944374,4.097999572753906,13.995686259120703,6.228912591934204,5040.185558165892,1.9149094820022583,0.00046200076,16,2048,,2490.0458719730377
adammini-stochastic_old-r8,adammini,stochastic_old,8,1.1B,sdpa,666,383,12582912,2.2906370162963867,9.881230181401703,nan,nan,nan,nan,22.21038579940796,4.097999572753906,0.01870039477944374,4.097999572753906,13.995686259120703,6.262727499008179,5040.605105320024,1.7891345024108887,0.00046171505142857144,16,2048,,2496.3393864631653
adammini-stochastic_old-r8,adammini,stochastic_old,8,1.1B,sdpa,666,384,12615680,2.397660493850708,10.997417734718336,nan,nan,nan,nan,22.21038579940796,4.097999572753906,0.01870039477944374,4.097999572753906,13.995686259120703,6.191404819488525,5041.166197130798,1.8582249879837036,0.0004614293428571428,16,2048,,2502.561637878418
adammini-stochastic_old-r8,adammini,stochastic_old,8,1.1B,sdpa,666,385,12648448,2.3821094036102295,10.827718820611185,nan,nan,nan,nan,22.21038579940796,4.097999572753906,0.01870039477944374,4.097999572753906,13.995686259120703,6.2339982986450195,5041.63875668751,1.5350134372711182,0.00046114363428571424,16,2048,,2508.8266956806183
adammini-stochastic_old-r8,adammini,stochastic_old,8,1.1B,sdpa,666,386,12681216,2.333571434020996,10.314714149500444,nan,nan,nan,nan,22.21038579940796,4.097999572753906,0.01870039477944374,4.097999572753906,13.995686259120703,6.220571994781494,5042.135834274987,1.6106209754943848,0.00046085792571428567,16,2048,,2515.0777230262756
adammini-stochastic_old-r8,adammini,stochastic_old,8,1.1B,sdpa,666,387,12713984,2.33862042427063,10.366924735123947,nan,nan,nan,nan,22.21038579940796,4.097999572753906,0.01870039477944374,4.097999572753906,13.995686259120703,6.222227334976196,5042.628087951421,1.6248526573181152,0.00046057221714285716,16,2048,,2521.330865383148
adammini-stochastic_old-r8,adammini,stochastic_old,8,1.1B,sdpa,666,388,12746752,2.389057159423828,10.903209107366756,nan,nan,nan,nan,22.21038579940796,4.097999572753906,0.01870039477944374,4.097999572753906,13.995686259120703,6.2773597240448,5043.007123267184,1.7756403684616089,0.00046028650857142864,16,2048,,2527.63902926445
adammini-stochastic_old-r8,adammini,stochastic_old,8,1.1B,sdpa,666,389,12779520,2.4781124591827393,11.918746052703106,nan,nan,nan,nan,22.21038579940796,4.097999572753906,0.01870039477944374,4.097999572753906,13.995686259120703,6.171565532684326,5043.5945757487625,2.0673909187316895,0.00046000080000000007,16,2048,,2533.841680288315
adammini-stochastic_old-r8,adammini,stochastic_old,8,1.1B,sdpa,666,390,12812288,2.5332021713256836,12.593769044015245,nan,nan,nan,nan,22.21038579940796,4.097999572753906,0.01870039477944374,4.097999572753906,13.995686259120703,6.2163779735565186,5044.090342117834,1.8981406688690186,0.0004597150914285715,16,2048,,2540.0889682769775
adammini-stochastic_old-r8,adammini,stochastic_old,8,1.1B,sdpa,666,391,12845056,2.4407947063446045,11.482162064971286,nan,nan,nan,nan,22.21038579940796,4.097999572753906,0.01870039477944374,4.097999572753906,13.995686259120703,6.2178215980529785,5044.58070241668,1.623909831047058,0.0004594293828571429,16,2048,,2546.3376848697662
adammini-stochastic_old-r8,adammini,stochastic_old,8,1.1B,sdpa,666,392,12877824,2.417161703109741,11.213985482457629,nan,nan,nan,nan,22.21038579940796,4.097999572753906,0.01870039477944374,4.097999572753906,13.995686259120703,6.218452453613281,5045.067461175881,1.589445948600769,0.0004591436742857143,16,2048,,2552.586988925934
adammini-stochastic_old-r8,adammini,stochastic_old,8,1.1B,sdpa,666,393,12910592,2.227076768875122,9.272720117793723,nan,nan,nan,nan,22.21038579940796,4.097999572753906,0.01870039477944374,4.097999572753906,13.995686259120703,6.2259204387664795,5045.537183454006,1.57844877243042,0.00045885796571428573,16,2048,,2558.843889951706
adammini-stochastic_old-r8,adammini,stochastic_old,8,1.1B,sdpa,666,394,12943360,2.128514051437378,8.402372037791569,nan,nan,nan,nan,22.21038579940796,4.097999572753906,0.01870039477944374,4.097999572753906,13.995686259120703,6.215161085128784,5046.025483190084,1.6581060886383057,0.00045857225714285716,16,2048,,2565.089975833893
adammini-stochastic_old-r8,adammini,stochastic_old,8,1.1B,sdpa,666,395,12976128,2.464627265930176,11.759098318455365,nan,nan,nan,nan,22.21038579940796,4.097999572753906,0.01870039477944374,4.097999572753906,13.995686259120703,6.223947286605835,5046.494532059382,1.6169838905334473,0.0004582865485714286,16,2048,,2571.3448038101196
adammini-stochastic_old-r8,adammini,stochastic_old,8,1.1B,sdpa,666,396,13008896,2.3181822299957275,10.157194072042723,nan,nan,nan,nan,22.21038579940796,4.097999572753906,0.01870039477944374,4.097999572753906,13.995686259120703,6.220961570739746,5046.966626390286,1.5419255495071411,0.00045800084,16,2048,,2577.5968821048737
adammini-stochastic_old-r8,adammini,stochastic_old,8,1.1B,sdpa,666,397,13041664,2.237584114074707,9.37066546064391,nan,nan,nan,nan,22.21038579940796,4.097999572753906,0.01870039477944374,4.097999572753906,13.995686259120703,6.244297504425049,5047.391416089232,1.717492699623108,0.00045771513142857145,16,2048,,2583.8719696998596
adammini-stochastic_old-r8,adammini,stochastic_old,8,1.1B,sdpa,666,398,13074432,2.659297227859497,14.286245594547287,nan,nan,nan,nan,22.21038579940796,4.097999572753906,0.01870039477944374,4.097999572753906,13.995686259120703,6.221123456954956,5047.859359067338,1.6335397958755493,0.00045742942285714283,16,2048,,2590.1239693164825
adammini-stochastic_old-r8,adammini,stochastic_old,8,1.1B,sdpa,666,399,13107200,2.235837936401367,9.354316891739286,nan,nan,nan,nan,22.21038579940796,4.097999572753906,0.01870039477944374,4.097999572753906,13.995686259120703,6.229393243789673,5048.30846485808,1.729474425315857,0.00045714371428571426,16,2048,,2596.3845846652985
adammini-stochastic_old-r8,adammini,stochastic_old,8,1.1B,sdpa,666,400,13139968,2.452045440673828,11.612074253304302,2.458640692674009,11.688911912593378,nan,nan,22.21038579940796,4.097999572753906,0.01870039477944374,4.097999572753906,13.995686259120703,6.235126256942749,5048.744113898018,1.7012667655944824,0.0004568580057142857,16,2048,,2615.5901095867157
adammini-stochastic_old-r8,adammini,stochastic_old,8,1.1B,sdpa,666,401,13172736,2.4406468868255615,11.480464902737213,nan,nan,nan,nan,22.21038579940796,4.097999572753906,0.01870039477944374,4.097999572753906,13.995686259120703,6.2208192348480225,5024.285609324005,1.7297762632369995,0.0004565722971428571,16,2048,,2621.8426423072815
adammini-stochastic_old-r8,adammini,stochastic_old,8,1.1B,sdpa,666,402,13205504,2.316287040710449,10.137962496163405,nan,nan,nan,nan,22.21038579940796,4.097999572753906,0.01870039477944374,4.097999572753906,13.995686259120703,6.204021215438843,5024.833968360972,1.7954007387161255,0.00045628658857142855,16,2048,,2628.077537059784
adammini-stochastic_old-r8,adammini,stochastic_old,8,1.1B,sdpa,666,403,13238272,2.458582639694214,11.68823335612259,nan,nan,nan,nan,22.21038579940796,4.097999572753906,0.01870039477944374,4.097999572753906,13.995686259120703,6.221982479095459,5025.345702530904,1.610007405281067,0.00045600088000000003,16,2048,,2634.3306148052216
adammini-stochastic_old-r8,adammini,stochastic_old,8,1.1B,sdpa,666,404,13271040,2.4690630435943604,11.81137492210602,nan,nan,nan,nan,22.21038579940796,4.097999572753906,0.01870039477944374,4.097999572753906,13.995686259120703,6.243572473526001,5025.813590105912,1.6977146863937378,0.00045571517142857146,16,2048,,2640.6049954891205
adammini-stochastic_old-r8,adammini,stochastic_old,8,1.1B,sdpa,666,405,13303808,2.385312080383301,10.862452094218959,nan,nan,nan,nan,22.21038579940796,4.097999572753906,0.01870039477944374,4.097999572753906,13.995686259120703,6.217614650726318,5026.329356013916,1.679760217666626,0.00045542946285714284,16,2048,,2646.853321313858
adammini-stochastic_old-r8,adammini,stochastic_old,8,1.1B,sdpa,666,406,13336576,2.4100871086120605,11.134931051210364,nan,nan,nan,nan,22.21038579940796,4.097999572753906,0.01870039477944374,4.097999572753906,13.995686259120703,6.214017152786255,5026.849378263624,1.7807860374450684,0.0004551437542857143,16,2048,,2653.098235607147
adammini-stochastic_old-r8,adammini,stochastic_old,8,1.1B,sdpa,666,407,13369344,2.384992837905884,10.858984891570207,nan,nan,nan,nan,22.21038579940796,4.097999572753906,0.01870039477944374,4.097999572753906,13.995686259120703,6.222900867462158,5027.3499839808455,1.7774864435195923,0.00045485804571428575,16,2048,,2659.3518760204315
adammini-stochastic_old-r8,adammini,stochastic_old,8,1.1B,sdpa,666,408,13402112,2.196373701095581,8.992345370867108,nan,nan,nan,nan,22.21038579940796,4.097999572753906,0.01870039477944374,4.097999572753906,13.995686259120703,6.266856908798218,5027.76501724395,1.6547719240188599,0.0004545723371428572,16,2048,,2665.649718284607
adammini-stochastic_old-r8,adammini,stochastic_old,8,1.1B,sdpa,666,409,13434880,2.2723171710968018,9.701855647672076,nan,nan,nan,nan,22.21038579940796,4.097999572753906,0.01870039477944374,4.097999572753906,13.995686259120703,6.225962162017822,5028.255582386215,1.5507421493530273,0.0004542866285714286,16,2048,,2671.90651011467
adammini-stochastic_old-r8,adammini,stochastic_old,8,1.1B,sdpa,666,410,13467648,2.3160805702209473,10.13586952216039,nan,nan,nan,nan,22.21038579940796,4.097999572753906,0.01870039477944374,4.097999572753906,13.995686259120703,6.228453636169434,5028.739032991116,1.720530390739441,0.00045400092000000004,16,2048,,2678.164699316025
adammini-stochastic_old-r8,adammini,stochastic_old,8,1.1B,sdpa,666,411,13500416,2.3073108196258545,10.047369104882508,nan,nan,nan,nan,22.21038579940796,4.097999572753906,0.01870039477944374,4.097999572753906,13.995686259120703,6.235448122024536,5029.209291719974,1.7148493528366089,0.00045371521142857147,16,2048,,2684.4311158657074
adammini-stochastic_old-r8,adammini,stochastic_old,8,1.1B,sdpa,666,412,13533184,2.4212658405303955,11.260103793118637,nan,nan,nan,nan,22.21038579940796,4.097999572753906,0.01870039477944374,4.097999572753906,13.995686259120703,6.217329263687134,5029.708718082641,1.6142388582229614,0.00045342950285714285,16,2048,,2690.6793582439423
adammini-stochastic_old-r8,adammini,stochastic_old,8,1.1B,sdpa,666,413,13565952,2.3494131565093994,10.479418141574188,nan,nan,nan,nan,22.21038579940796,4.097999572753906,0.01870039477944374,4.097999572753906,13.995686259120703,6.223485708236694,5030.194671112821,1.7935771942138672,0.0004531437942857143,16,2048,,2696.9334032535553
adammini-stochastic_old-r8,adammini,stochastic_old,8,1.1B,sdpa,666,414,13598720,2.3246452808380127,10.223053129714495,nan,nan,nan,nan,22.21038579940796,4.097999572753906,0.01870039477944374,4.097999572753906,13.995686259120703,6.22105598449707,5030.683096912664,1.7876434326171875,0.0004528580857142857,16,2048,,2703.185737848282
adammini-stochastic_old-r8,adammini,stochastic_old,8,1.1B,sdpa,666,415,13631488,2.410975217819214,11.144824478569648,nan,nan,nan,nan,22.21038579940796,4.097999572753906,0.01870039477944374,4.097999572753906,13.995686259120703,6.234531879425049,5031.142436558239,1.5762608051300049,0.00045257237714285714,16,2048,,2709.4519169330597
adammini-stochastic_old-r8,adammini,stochastic_old,8,1.1B,sdpa,666,416,13664256,2.3120105266571045,10.094699929497642,nan,nan,nan,nan,22.21038579940796,4.097999572753906,0.01870039477944374,4.097999572753906,13.995686259120703,6.235712766647339,5031.598592273143,1.6232141256332397,0.00045228666857142857,16,2048,,2715.7181775569916
adammini-stochastic_old-r8,adammini,stochastic_old,8,1.1B,sdpa,666,417,13697024,2.4690141677856445,11.810797645712197,nan,nan,nan,nan,22.21038579940796,4.097999572753906,0.01870039477944374,4.097999572753906,13.995686259120703,6.2259604930877686,5032.071666952258,1.7958831787109375,0.00045200096,16,2048,,2721.9751501083374
adammini-stochastic_old-r8,adammini,stochastic_old,8,1.1B,sdpa,666,418,13729792,2.5324530601501465,12.58433844360733,nan,nan,nan,nan,22.21038579940796,4.097999572753906,0.01870039477944374,4.097999572753906,13.995686259120703,6.207980632781982,5032.574659552659,2.033590793609619,0.0004517152514285714,16,2048,,2728.2143008708954
adammini-stochastic_old-r8,adammini,stochastic_old,8,1.1B,sdpa,666,419,13762560,2.321871757507324,10.194738537090656,nan,nan,nan,nan,22.21038579940796,4.097999572753906,0.01870039477944374,4.097999572753906,13.995686259120703,6.212528944015503,5033.067189970739,1.7432458400726318,0.00045142954285714285,16,2048,,2734.457620382309
adammini-stochastic_old-r8,adammini,stochastic_old,8,1.1B,sdpa,666,420,13795328,2.332764148712158,10.30639059249738,nan,nan,nan,nan,22.21038579940796,4.097999572753906,0.01870039477944374,4.097999572753906,13.995686259120703,6.2229323387146,5033.5387214079055,1.6880347728729248,0.0004511438342857143,16,2048,,2740.7097084522247
adammini-stochastic_old-r8,adammini,stochastic_old,8,1.1B,sdpa,666,421,13828096,2.2760121822357178,9.737770424245776,nan,nan,nan,nan,22.21038579940796,4.097999572753906,0.01870039477944374,4.097999572753906,13.995686259120703,6.2227113246917725,5034.01156495918,1.627151370048523,0.0004508581257142857,16,2048,,2746.96337723732
adammini-stochastic_old-r8,adammini,stochastic_old,8,1.1B,sdpa,666,422,13860864,2.4837100505828857,11.985649397210896,nan,nan,nan,nan,22.21038579940796,4.097999572753906,0.01870039477944374,4.097999572753906,13.995686259120703,6.218651533126831,5034.486496538847,1.7051187753677368,0.00045057241714285714,16,2048,,2753.2130224704742
adammini-stochastic_old-r8,adammini,stochastic_old,8,1.1B,sdpa,666,423,13893632,2.296391248703003,9.938252980206181,nan,nan,nan,nan,22.21038579940796,4.097999572753906,0.01870039477944374,4.097999572753906,13.995686259120703,6.215136289596558,5034.965467741997,1.623224139213562,0.0004502867085714286,16,2048,,2759.4591505527496
adammini-stochastic_old-r8,adammini,stochastic_old,8,1.1B,sdpa,666,424,13926400,2.409040927886963,11.123287992403087,nan,nan,nan,nan,22.21038579940796,4.097999572753906,0.01870039477944374,4.097999572753906,13.995686259120703,6.222866535186768,5035.428046144418,1.7014645338058472,0.000450001,16,2048,,2765.7132906913757
adammini-stochastic_old-r8,adammini,stochastic_old,8,1.1B,sdpa,666,425,13959168,2.9471428394317627,19.05144286085386,nan,nan,nan,nan,22.21038579940796,4.097999572753906,0.01870039477944374,4.097999572753906,13.995686259120703,6.2285521030426025,5035.878269555602,2.2962543964385986,0.0004497152914285715,16,2048,,2771.972902774811
adammini-stochastic_old-r8,adammini,stochastic_old,8,1.1B,sdpa,666,426,13991936,2.6142373085021973,13.656796482251744,nan,nan,nan,nan,22.21038579940796,4.097999572753906,0.01870039477944374,4.097999572753906,13.995686259120703,6.2211878299713135,5036.339560429573,1.6208140850067139,0.00044942958285714286,16,2048,,2778.225286245346
adammini-stochastic_old-r8,adammini,stochastic_old,8,1.1B,sdpa,666,427,14024704,2.4071710109710693,11.102507802694843,nan,nan,nan,nan,22.21038579940796,4.097999572753906,0.01870039477944374,4.097999572753906,13.995686259120703,6.204219579696655,5036.829959839961,1.6430962085723877,0.0004491438742857143,16,2048,,2784.4605016708374
adammini-stochastic_old-r8,adammini,stochastic_old,8,1.1B,sdpa,666,428,14057472,2.412036895751953,11.15666297600655,nan,nan,nan,nan,22.21038579940796,4.097999572753906,0.01870039477944374,4.097999572753906,13.995686259120703,6.214136123657227,5037.299997267642,1.585067868232727,0.0004488581657142857,16,2048,,2790.705753326416
adammini-stochastic_old-r8,adammini,stochastic_old,8,1.1B,sdpa,666,429,14090240,2.334376811981201,10.323024739075898,nan,nan,nan,nan,22.21038579940796,4.097999572753906,0.01870039477944374,4.097999572753906,13.995686259120703,6.20642614364624,5037.781979040956,1.6382265090942383,0.00044857245714285715,16,2048,,2796.9429726600647
adammini-stochastic_old-r8,adammini,stochastic_old,8,1.1B,sdpa,666,430,14123008,2.407111406326294,11.101846061382773,nan,nan,nan,nan,22.21038579940796,4.097999572753906,0.01870039477944374,4.097999572753906,13.995686259120703,6.236117839813232,5038.208827361293,1.557790756225586,0.0004482867485714286,16,2048,,2803.209963798523
adammini-stochastic_old-r8,adammini,stochastic_old,8,1.1B,sdpa,666,431,14155776,2.2595250606536865,9.578538861304935,nan,nan,nan,nan,22.21038579940796,4.097999572753906,0.01870039477944374,4.097999572753906,13.995686259120703,6.221320152282715,5038.660335383747,1.6404000520706177,0.00044800104,16,2048,,2809.4621920585632
adammini-stochastic_old-r8,adammini,stochastic_old,8,1.1B,sdpa,666,432,14188544,2.5137476921081543,12.351131670418118,nan,nan,nan,nan,22.21038579940796,4.097999572753906,0.01870039477944374,4.097999572753906,13.995686259120703,6.2072484493255615,5039.134675892965,1.6100486516952515,0.00044771533142857144,16,2048,,2815.700605392456
adammini-stochastic_old-r8,adammini,stochastic_old,8,1.1B,sdpa,666,433,14221312,2.288686752319336,9.861977953695256,nan,nan,nan,nan,22.21038579940796,4.097999572753906,0.01870039477944374,4.097999572753906,13.995686259120703,6.23468542098999,5039.557686629664,1.5813161134719849,0.0004474296228571428,16,2048,,2821.9662897586823
adammini-stochastic_old-r8,adammini,stochastic_old,8,1.1B,sdpa,666,434,14254080,2.3681328296661377,10.677437066281373,nan,nan,nan,nan,22.21038579940796,4.097999572753906,0.01870039477944374,4.097999572753906,13.995686259120703,6.220824480056763,5040.003761448333,1.6094682216644287,0.00044714391428571425,16,2048,,2828.2181198596954
adammini-stochastic_old-r8,adammini,stochastic_old,8,1.1B,sdpa,666,435,14286848,2.252747058868408,9.513835036836205,nan,nan,nan,nan,22.21038579940796,4.097999572753906,0.01870039477944374,4.097999572753906,13.995686259120703,6.243377923965454,5040.407663949094,1.5698329210281372,0.0004468582057142857,16,2048,,2834.492299079895
adammini-stochastic_old-r8,adammini,stochastic_old,8,1.1B,sdpa,666,436,14319616,2.507256269454956,12.271214921827466,nan,nan,nan,nan,22.21038579940796,4.097999572753906,0.01870039477944374,4.097999572753906,13.995686259120703,6.267771005630493,5040.766525244757,1.6241453886032104,0.00044657249714285716,16,2048,,2840.7912998199463
adammini-stochastic_old-r8,adammini,stochastic_old,8,1.1B,sdpa,666,437,14352384,2.418837547302246,11.232794130683255,nan,nan,nan,nan,22.21038579940796,4.097999572753906,0.01870039477944374,4.097999572753906,13.995686259120703,6.274573087692261,5041.111751259737,1.8385001420974731,0.0004462867885714286,16,2048,,2847.0960478782654
adammini-stochastic_old-r8,adammini,stochastic_old,8,1.1B,sdpa,666,438,14385152,2.3597450256347656,10.588251375549792,nan,nan,nan,nan,22.21038579940796,4.097999572753906,0.01870039477944374,4.097999572753906,13.995686259120703,6.228006839752197,5041.539565910883,1.6713778972625732,0.00044600108,16,2048,,2853.3543288707733
adammini-stochastic_old-r8,adammini,stochastic_old,8,1.1B,sdpa,666,439,14417920,2.4193809032440186,11.238899194578035,nan,nan,nan,nan,22.21038579940796,4.097999572753906,0.01870039477944374,4.097999572753906,13.995686259120703,6.226760149002075,5041.9666624257625,1.7009721994400024,0.00044571537142857145,16,2048,,2859.6122422218323
adammini-stochastic_old-r8,adammini,stochastic_old,8,1.1B,sdpa,666,440,14450688,2.3978099822998047,10.999061844524219,nan,nan,nan,nan,22.21038579940796,4.097999572753906,0.01870039477944374,4.097999572753906,13.995686259120703,6.219158411026001,5042.402071633673,1.6650623083114624,0.0004454296628571429,16,2048,,2865.862937927246
adammini-stochastic_old-r8,adammini,stochastic_old,8,1.1B,sdpa,666,441,14483456,2.50590181350708,12.254605352792975,nan,nan,nan,nan,22.21038579940796,4.097999572753906,0.01870039477944374,4.097999572753906,13.995686259120703,6.2134716510772705,5042.849666861198,1.8416656255722046,0.0004451439542857143,16,2048,,2872.1075072288513
adammini-stochastic_old-r8,adammini,stochastic_old,8,1.1B,sdpa,666,442,14516224,2.2318661212921143,9.317236960632867,nan,nan,nan,nan,22.21038579940796,4.097999572753906,0.01870039477944374,4.097999572753906,13.995686259120703,6.219310283660889,5043.283522658268,1.7707633972167969,0.0004448582457142857,16,2048,,2878.3575563430786
adammini-stochastic_old-r8,adammini,stochastic_old,8,1.1B,sdpa,666,443,14548992,2.3090145587921143,10.064501791814946,nan,nan,nan,nan,22.21038579940796,4.097999572753906,0.01870039477944374,4.097999572753906,13.995686259120703,6.216625452041626,5043.720532104864,1.673348069190979,0.00044457253714285717,16,2048,,2884.6047530174255
adammini-stochastic_old-r8,adammini,stochastic_old,8,1.1B,sdpa,666,444,14581760,2.780200481414795,16.12225283610824,nan,nan,nan,nan,22.21038579940796,4.097999572753906,0.01870039477944374,4.097999572753906,13.995686259120703,6.220031023025513,5044.149755299826,2.045072317123413,0.0004442868285714286,16,2048,,2890.856135368347
adammini-stochastic_old-r8,adammini,stochastic_old,8,1.1B,sdpa,666,445,14614528,2.6946218013763428,14.799920385186986,nan,nan,nan,nan,22.21038579940796,4.097999572753906,0.01870039477944374,4.097999572753906,13.995686259120703,6.213623523712158,5044.587527066227,1.7317692041397095,0.00044400112000000003,16,2048,,2897.100744009018
adammini-stochastic_old-r8,adammini,stochastic_old,8,1.1B,sdpa,666,446,14647296,2.2507333755493164,9.494696461903601,nan,nan,nan,nan,22.21038579940796,4.097999572753906,0.01870039477944374,4.097999572753906,13.995686259120703,6.222351551055908,5045.008282721952,1.6705118417739868,0.00044371541142857146,16,2048,,2903.3542025089264
adammini-stochastic_old-r8,adammini,stochastic_old,8,1.1B,sdpa,666,447,14680064,2.581263303756714,13.213820689205763,nan,nan,nan,nan,22.21038579940796,4.097999572753906,0.01870039477944374,4.097999572753906,13.995686259120703,6.223213195800781,5045.426008439972,1.6762579679489136,0.0004434297028571429,16,2048,,2909.6083505153656
adammini-stochastic_old-r8,adammini,stochastic_old,8,1.1B,sdpa,666,448,14712832,2.3042798042297363,10.016961480703355,nan,nan,nan,nan,22.21038579940796,4.097999572753906,0.01870039477944374,4.097999572753906,13.995686259120703,6.232300043106079,5045.82655041728,1.5412650108337402,0.0004431439942857143,16,2048,,2915.871448278427
adammini-stochastic_old-r8,adammini,stochastic_old,8,1.1B,sdpa,666,449,14745600,2.1577601432800293,8.65173728764573,nan,nan,nan,nan,22.21038579940796,4.097999572753906,0.01870039477944374,4.097999572753906,13.995686259120703,6.2219250202178955,5046.2431036535945,1.501443862915039,0.0004428582857142857,16,2048,,2922.123736858368
adammini-stochastic_old-r8,adammini,stochastic_old,8,1.1B,sdpa,666,450,14778368,2.6115336418151855,13.619922925915896,2.458316524366844,11.6851233519049,nan,nan,22.21038579940796,4.097999572753906,0.01870039477944374,4.097999572753906,13.995686259120703,6.25405478477478,5046.603623524187,1.7572382688522339,0.0004425725771428571,16,2048,,2941.788920879364
adammini-stochastic_old-r8,adammini,stochastic_old,8,1.1B,sdpa,666,451,14811136,2.350050687789917,10.486101228553204,nan,nan,nan,nan,22.21038579940796,4.097999572753906,0.01870039477944374,4.097999572753906,13.995686259120703,6.22451639175415,5024.103724921798,1.6507636308670044,0.00044228686857142855,16,2048,,2948.045140504837
adammini-stochastic_old-r8,adammini,stochastic_old,8,1.1B,sdpa,666,452,14843904,2.330374002456665,10.281786227344007,nan,nan,nan,nan,22.21038579940796,4.097999572753906,0.01870039477944374,4.097999572753906,13.995686259120703,6.230738162994385,5024.546948823899,1.6325228214263916,0.00044200116000000004,16,2048,,2954.3068475723267
adammini-stochastic_old-r8,adammini,stochastic_old,8,1.1B,sdpa,666,453,14876672,2.142869234085083,8.523859524347957,nan,nan,nan,nan,22.21038579940796,4.097999572753906,0.01870039477944374,4.097999572753906,13.995686259120703,6.211908578872681,5025.0200912397695,1.5886117219924927,0.00044171545142857147,16,2048,,2960.549015045166
adammini-stochastic_old-r8,adammini,stochastic_old,8,1.1B,sdpa,666,454,14909440,2.3708996772766113,10.707020815504055,nan,nan,nan,nan,22.21038579940796,4.097999572753906,0.01870039477944374,4.097999572753906,13.995686259120703,6.2296812534332275,5025.462265723169,1.7039257287979126,0.0004414297428571429,16,2048,,2966.8096430301666
adammini-stochastic_old-r8,adammini,stochastic_old,8,1.1B,sdpa,666,455,14942208,2.489638328552246,12.05691468999845,nan,nan,nan,nan,22.21038579940796,4.097999572753906,0.01870039477944374,4.097999572753906,13.995686259120703,6.2196204662323,5025.918266730684,1.7728272676467896,0.0004411440342857143,16,2048,,2973.06037068367
adammini-stochastic_old-r8,adammini,stochastic_old,8,1.1B,sdpa,666,456,14974976,2.251800060272217,9.504829713099397,nan,nan,nan,nan,22.21038579940796,4.097999572753906,0.01870039477944374,4.097999572753906,13.995686259120703,6.22357964515686,5026.3655713954395,1.6220426559448242,0.0004408583257142857,16,2048,,2979.3152618408203
adammini-stochastic_old-r8,adammini,stochastic_old,8,1.1B,sdpa,666,457,15007744,2.223663091659546,9.241120011369688,nan,nan,nan,nan,22.21038579940796,4.097999572753906,0.01870039477944374,4.097999572753906,13.995686259120703,6.217794895172119,5026.8200834375075,1.853212594985962,0.00044057261714285713,16,2048,,2985.5641667842865
adammini-stochastic_old-r8,adammini,stochastic_old,8,1.1B,sdpa,666,458,15040512,2.3549585342407227,10.537691899240416,nan,nan,nan,nan,22.21038579940796,4.097999572753906,0.01870039477944374,4.097999572753906,13.995686259120703,6.219104528427124,5027.271204762986,1.64192795753479,0.00044028690857142856,16,2048,,2991.8139913082123
adammini-stochastic_old-r8,adammini,stochastic_old,8,1.1B,sdpa,666,459,15073280,2.360164165496826,10.592690263963355,nan,nan,nan,nan,22.21038579940796,4.097999572753906,0.01870039477944374,4.097999572753906,13.995686259120703,6.227288007736206,5027.707233217821,1.5145220756530762,0.0004400012,16,2048,,2998.0722091197968
adammini-stochastic_old-r8,adammini,stochastic_old,8,1.1B,sdpa,666,460,15106048,2.3267483711242676,10.24457575752935,nan,nan,nan,nan,22.21038579940796,4.097999572753906,0.01870039477944374,4.097999572753906,13.995686259120703,6.2038938999176025,5028.180221877505,1.5694677829742432,0.0004397154914285714,16,2048,,3004.3056547641754
adammini-stochastic_old-r8,adammini,stochastic_old,8,1.1B,sdpa,666,461,15138816,2.2667362689971924,9.647861349707549,nan,nan,nan,nan,22.21038579940796,4.097999572753906,0.01870039477944374,4.097999572753906,13.995686259120703,6.2162065505981445,5028.633025738998,1.5316823720932007,0.0004394297828571429,16,2048,,3010.5527856349945
adammini-stochastic_old-r8,adammini,stochastic_old,8,1.1B,sdpa,666,462,15171584,2.5707480907440186,13.075602520251092,nan,nan,nan,nan,22.21038579940796,4.097999572753906,0.01870039477944374,4.097999572753906,13.995686259120703,6.216120719909668,5029.081886326699,1.5957015752792358,0.00043914407428571433,16,2048,,3016.79988694191
adammini-stochastic_old-r8,adammini,stochastic_old,8,1.1B,sdpa,666,463,15204352,2.316553831100464,10.140667567959246,nan,nan,nan,nan,22.21038579940796,4.097999572753906,0.01870039477944374,4.097999572753906,13.995686259120703,6.206789016723633,5029.544211936702,1.6267203092575073,0.0004388583657142857,16,2048,,3023.0375623703003
adammini-stochastic_old-r8,adammini,stochastic_old,8,1.1B,sdpa,666,464,15237120,2.3638668060302734,10.631983888484916,nan,nan,nan,nan,22.21038579940796,4.097999572753906,0.01870039477944374,4.097999572753906,13.995686259120703,6.217090368270874,5029.987868836573,1.7368088960647583,0.00043857265714285714,16,2048,,3029.2853977680206
adammini-stochastic_old-r8,adammini,stochastic_old,8,1.1B,sdpa,666,465,15269888,2.132953643798828,8.439758072479142,nan,nan,nan,nan,22.21038579940796,4.097999572753906,0.01870039477944374,4.097999572753906,13.995686259120703,6.2263288497924805,5030.414230627865,1.605026125907898,0.00043828694857142857,16,2048,,3035.542671442032
adammini-stochastic_old-r8,adammini,stochastic_old,8,1.1B,sdpa,666,466,15302656,2.4273011684417725,11.328267700686418,nan,nan,nan,nan,22.21038579940796,4.097999572753906,0.01870039477944374,4.097999572753906,13.995686259120703,6.24133825302124,5030.814101619617,1.5001264810562134,0.00043800124,16,2048,,3041.8149938583374
adammini-stochastic_old-r8,adammini,stochastic_old,8,1.1B,sdpa,666,467,15335424,2.3384652137756348,10.365315804468922,nan,nan,nan,nan,22.21038579940796,4.097999572753906,0.01870039477944374,4.097999572753906,13.995686259120703,6.228997707366943,5031.232325172243,1.5770896673202515,0.00043771553142857143,16,2048,,3048.0750370025635
adammini-stochastic_old-r8,adammini,stochastic_old,8,1.1B,sdpa,666,468,15368192,2.2266685962677,9.268936019780464,nan,nan,nan,nan,22.21038579940796,4.097999572753906,0.01870039477944374,4.097999572753906,13.995686259120703,6.2224836349487305,5031.659636720906,1.740322232246399,0.0004374298228571429,16,2048,,3054.32852768898
adammini-stochastic_old-r8,adammini,stochastic_old,8,1.1B,sdpa,666,469,15400960,2.3887948989868164,10.900350001912937,nan,nan,nan,nan,22.21038579940796,4.097999572753906,0.01870039477944374,4.097999572753906,13.995686259120703,6.221467018127441,5032.086869235695,1.8239634037017822,0.00043714411428571434,16,2048,,3060.5805106163025
adammini-stochastic_old-r8,adammini,stochastic_old,8,1.1B,sdpa,666,470,15433728,2.4589319229125977,11.692316572944481,nan,nan,nan,nan,22.21038579940796,4.097999572753906,0.01870039477944374,4.097999572753906,13.995686259120703,6.2146008014678955,5032.524734916413,1.6829371452331543,0.0004368584057142857,16,2048,,3066.824655532837
adammini-stochastic_old-r8,adammini,stochastic_old,8,1.1B,sdpa,666,471,15466496,2.391960382461548,10.934909549693439,nan,nan,nan,nan,22.21038579940796,4.097999572753906,0.01870039477944374,4.097999572753906,13.995686259120703,6.224987030029297,5032.945117982077,1.7313578128814697,0.00043657269714285715,16,2048,,3073.080505847931
adammini-stochastic_old-r8,adammini,stochastic_old,8,1.1B,sdpa,666,472,15499264,2.4666178226470947,11.782528782695488,nan,nan,nan,nan,22.21038579940796,4.097999572753906,0.01870039477944374,4.097999572753906,13.995686259120703,6.2224156856536865,5033.365660051659,1.687753438949585,0.0004362869885714286,16,2048,,3079.333862066269
adammini-stochastic_old-r8,adammini,stochastic_old,8,1.1B,sdpa,666,473,15532032,2.5636420249938965,12.983015782349266,nan,nan,nan,nan,22.21038579940796,4.097999572753906,0.01870039477944374,4.097999572753906,13.995686259120703,6.2228710651397705,5033.783028823547,1.8890576362609863,0.00043600128,16,2048,,3085.588194847107
adammini-stochastic_old-r8,adammini,stochastic_old,8,1.1B,sdpa,666,474,15564800,2.6860713958740234,14.673914532742408,nan,nan,nan,nan,22.21038579940796,4.097999572753906,0.01870039477944374,4.097999572753906,13.995686259120703,6.211644172668457,5034.217890926953,2.043252468109131,0.00043571557142857144,16,2048,,3091.8307433128357
adammini-stochastic_old-r8,adammini,stochastic_old,8,1.1B,sdpa,666,475,15597568,2.310075283050537,10.075183116983329,nan,nan,nan,nan,22.21038579940796,4.097999572753906,0.01870039477944374,4.097999572753906,13.995686259120703,6.2247841358184814,5034.6296607445975,1.6739119291305542,0.00043542986285714287,16,2048,,3098.0864300727844
adammini-stochastic_old-r8,adammini,stochastic_old,8,1.1B,sdpa,666,476,15630336,2.430474042892456,11.364267953784463,nan,nan,nan,nan,22.21038579940796,4.097999572753906,0.01870039477944374,4.097999572753906,13.995686259120703,6.229020357131958,5035.032526522787,1.7093313932418823,0.0004351441542857143,16,2048,,3104.345484018326
adammini-stochastic_old-r8,adammini,stochastic_old,8,1.1B,sdpa,666,477,15663104,2.4403579235076904,11.477147948770307,nan,nan,nan,nan,22.21038579940796,4.097999572753906,0.01870039477944374,4.097999572753906,13.995686259120703,6.237372398376465,5035.421965198218,1.751467227935791,0.00043485844571428567,16,2048,,3110.6139266490936
adammini-stochastic_old-r8,adammini,stochastic_old,8,1.1B,sdpa,666,478,15695872,2.458319902420044,11.6851628249399,nan,nan,nan,nan,22.21038579940796,4.097999572753906,0.01870039477944374,4.097999572753906,13.995686259120703,6.221120834350586,5035.834630075199,1.7134472131729126,0.0004345727371428571,16,2048,,3116.8657324314117
adammini-stochastic_old-r8,adammini,stochastic_old,8,1.1B,sdpa,666,479,15728640,2.4519364833831787,11.610809102079818,nan,nan,nan,nan,22.21038579940796,4.097999572753906,0.01870039477944374,4.097999572753906,13.995686259120703,6.214588642120361,5036.256743185605,1.7774338722229004,0.00043428702857142853,16,2048,,3123.111067533493
adammini-stochastic_old-r8,adammini,stochastic_old,8,1.1B,sdpa,666,480,15761408,2.325014114379883,10.226824430057333,nan,nan,nan,nan,22.21038579940796,4.097999572753906,0.01870039477944374,4.097999572753906,13.995686259120703,6.227615118026733,5036.655625906434,1.653266429901123,0.00043400132,16,2048,,3129.36772608757
adammini-stochastic_old-r8,adammini,stochastic_old,8,1.1B,sdpa,666,481,15794176,2.385288953781128,10.862200885515568,nan,nan,nan,nan,22.21038579940796,4.097999572753906,0.01870039477944374,4.097999572753906,13.995686259120703,6.238773584365845,5037.038267839409,1.6119637489318848,0.00043371561142857145,16,2048,,3135.6373002529144
adammini-stochastic_old-r8,adammini,stochastic_old,8,1.1B,sdpa,666,482,15826944,2.4088025093078613,11.120636310002736,nan,nan,nan,nan,22.21038579940796,4.097999572753906,0.01870039477944374,4.097999572753906,13.995686259120703,6.209559679031372,5037.46321002933,1.890241026878357,0.0004334299028571429,16,2048,,3141.877774000168
adammini-stochastic_old-r8,adammini,stochastic_old,8,1.1B,sdpa,666,483,15859712,2.488145589828491,12.038930292894177,nan,nan,nan,nan,22.21038579940796,4.097999572753906,0.01870039477944374,4.097999572753906,13.995686259120703,6.23573637008667,5037.8443331236,1.6768471002578735,0.0004331441942857143,16,2048,,3148.1444046497345
adammini-stochastic_old-r8,adammini,stochastic_old,8,1.1B,sdpa,666,484,15892480,2.4438536167144775,11.517338743304643,nan,nan,nan,nan,22.21038579940796,4.097999572753906,0.01870039477944374,4.097999572753906,13.995686259120703,6.221654415130615,5038.246351262534,1.8061238527297974,0.00043285848571428574,16,2048,,3154.3970651626587
adammini-stochastic_old-r8,adammini,stochastic_old,8,1.1B,sdpa,666,485,15925248,2.3953754901885986,10.972317283153924,nan,nan,nan,nan,22.21038579940796,4.097999572753906,0.01870039477944374,4.097999572753906,13.995686259120703,6.2258241176605225,5038.640201399865,1.9223344326019287,0.00043257277714285717,16,2048,,3160.6538100242615
adammini-stochastic_old-r8,adammini,stochastic_old,8,1.1B,sdpa,666,486,15958016,2.328986167907715,10.267526706409434,nan,nan,nan,nan,22.21038579940796,4.097999572753906,0.01870039477944374,4.097999572753906,13.995686259120703,6.2179107666015625,5039.04529655865,1.654780626296997,0.0004322870685714286,16,2048,,3166.902523756027
adammini-stochastic_old-r8,adammini,stochastic_old,8,1.1B,sdpa,666,487,15990784,2.4605836868286133,11.711645478554088,nan,nan,nan,nan,22.21038579940796,4.097999572753906,0.01870039477944374,4.097999572753906,13.995686259120703,6.243601083755493,5039.408127046835,1.6733980178833008,0.00043200136,16,2048,,3173.1768696308136
adammini-stochastic_old-r8,adammini,stochastic_old,8,1.1B,sdpa,666,488,16023552,2.3203980922698975,10.179725969770068,nan,nan,nan,nan,22.21038579940796,4.097999572753906,0.01870039477944374,4.097999572753906,13.995686259120703,6.244267463684082,5039.768328619698,1.5783872604370117,0.00043171565142857145,16,2048,,3179.452045440674
adammini-stochastic_old-r8,adammini,stochastic_old,8,1.1B,sdpa,666,489,16056320,2.3065664768218994,10.039893200653532,nan,nan,nan,nan,22.21038579940796,4.097999572753906,0.01870039477944374,4.097999572753906,13.995686259120703,6.2143754959106445,5040.174329331458,1.502130150794983,0.0004314299428571429,16,2048,,3185.69725894928
adammini-stochastic_old-r8,adammini,stochastic_old,8,1.1B,sdpa,666,490,16089088,2.436326742172241,11.430974613247216,nan,nan,nan,nan,22.21038579940796,4.097999572753906,0.01870039477944374,4.097999572753906,13.995686259120703,6.226836204528809,5040.558970774357,1.6395282745361328,0.0004311442342857143,16,2048,,3191.9539272785187
adammini-stochastic_old-r8,adammini,stochastic_old,8,1.1B,sdpa,666,491,16121856,2.3554093837738037,10.542443883847469,nan,nan,nan,nan,22.21038579940796,4.097999572753906,0.01870039477944374,4.097999572753906,13.995686259120703,6.2212255001068115,5040.952770132808,1.6521743535995483,0.0004308585257142857,16,2048,,3198.2058215141296
adammini-stochastic_old-r8,adammini,stochastic_old,8,1.1B,sdpa,666,492,16154624,2.3594045639038086,10.584647094753318,nan,nan,nan,nan,22.21038579940796,4.097999572753906,0.01870039477944374,4.097999572753906,13.995686259120703,6.224176645278931,5041.339112669036,1.5391007661819458,0.0004305728171428572,16,2048,,3204.4608132839203
adammini-stochastic_old-r8,adammini,stochastic_old,8,1.1B,sdpa,666,493,16187392,2.26855206489563,9.665395811459145,nan,nan,nan,nan,22.21038579940796,4.097999572753906,0.01870039477944374,4.097999572753906,13.995686259120703,6.238305568695068,5041.701283115216,1.5564719438552856,0.00043028710857142855,16,2048,,3210.729919910431
adammini-stochastic_old-r8,adammini,stochastic_old,8,1.1B,sdpa,666,494,16220160,2.2847437858581543,9.823169066732852,nan,nan,nan,nan,22.21038579940796,4.097999572753906,0.01870039477944374,4.097999572753906,13.995686259120703,6.24440598487854,5042.05278403545,1.594218373298645,0.0004300014,16,2048,,3217.0052070617676
adammini-stochastic_old-r8,adammini,stochastic_old,8,1.1B,sdpa,666,495,16252928,2.239718437194824,9.390686847041044,nan,nan,nan,nan,22.21038579940796,4.097999572753906,0.01870039477944374,4.097999572753906,13.995686259120703,6.202404737472534,5042.468427467103,1.4635859727859497,0.0004297156914285714,16,2048,,3223.2383897304535
adammini-stochastic_old-r8,adammini,stochastic_old,8,1.1B,sdpa,666,496,16285696,2.308344841003418,10.057763672501636,nan,nan,nan,nan,22.21038579940796,4.097999572753906,0.01870039477944374,4.097999572753906,13.995686259120703,6.21602201461792,5042.861250687555,1.6320449113845825,0.00042942998285714284,16,2048,,3229.4853343963623
adammini-stochastic_old-r8,adammini,stochastic_old,8,1.1B,sdpa,666,497,16318464,2.4093637466430664,11.12687937804871,nan,nan,nan,nan,22.21038579940796,4.097999572753906,0.01870039477944374,4.097999572753906,13.995686259120703,6.22227144241333,5043.242287473905,1.6465333700180054,0.00042914427428571427,16,2048,,3235.7385544776917
adammini-stochastic_old-r8,adammini,stochastic_old,8,1.1B,sdpa,666,498,16351232,2.4003841876983643,11.027412163019585,nan,nan,nan,nan,22.21038579940796,4.097999572753906,0.01870039477944374,4.097999572753906,13.995686259120703,6.228589773178101,5043.456683373333,1.881069540977478,0.0004288585657142857,16,2048,,3242.098099708557
adammini-stochastic_old-r8,adammini,stochastic_old,8,1.1B,sdpa,666,499,16384000,2.275585174560547,9.73361320918011,nan,nan,nan,nan,22.21038579940796,4.097999572753906,0.01870039477944374,4.097999572753906,13.995686259120703,6.243988275527954,5043.8019949291565,1.5567748546600342,0.0004285728571428572,16,2048,,3248.3592689037323
adammini-stochastic_old-r8,adammini,stochastic_old,8,1.1B,sdpa,666,500,16416768,2.092362403869629,8.104037577713113,2.4531019792162208,11.624349340719663,nan,nan,22.21038579940796,4.097999572753906,0.01870039477944374,4.097999572753906,13.995686259120703,6.230528116226196,5044.187574926769,1.6092188358306885,0.0004282871485714286,16,2048,,3267.0612604618073
adammini-stochastic_old-r8,adammini,stochastic_old,8,1.1B,sdpa,666,501,16449536,2.4230411052703857,11.280111212329565,nan,nan,nan,nan,22.21038579940796,4.097999572753906,0.01870039477944374,4.097999572753906,13.995686259120703,6.212497234344482,5025.405193961589,1.4993300437927246,0.00042800144000000004,16,2048,,3273.305238008499
adammini-stochastic_old-r8,adammini,stochastic_old,8,1.1B,sdpa,666,502,16482304,2.2347412109375,9.344063397868691,nan,nan,nan,nan,22.21038579940796,4.097999572753906,0.01870039477944374,4.097999572753906,13.995686259120703,6.227566957473755,5025.806756997373,1.5882484912872314,0.00042771573142857147,16,2048,,3279.5635285377502
adammini-stochastic_old-r8,adammini,stochastic_old,8,1.1B,sdpa,666,503,16515072,2.244624137878418,9.436867928591921,nan,nan,nan,nan,22.21038579940796,4.097999572753906,0.01870039477944374,4.097999572753906,13.995686259120703,6.205491304397583,5026.240666436365,1.5096772909164429,0.0004274300228571429,16,2048,,3285.7996668815613
adammini-stochastic_old-r8,adammini,stochastic_old,8,1.1B,sdpa,666,504,16547840,2.2288386821746826,9.28907224797998,nan,nan,nan,nan,22.21038579940796,4.097999572753906,0.01870039477944374,4.097999572753906,13.995686259120703,6.218219041824341,5026.653892209102,1.548360824584961,0.00042714431428571433,16,2048,,3292.0485458374023
adammini-stochastic_old-r8,adammini,stochastic_old,8,1.1B,sdpa,666,505,16580608,2.3450992107391357,10.434307871595674,nan,nan,nan,nan,22.21038579940796,4.097999572753906,0.01870039477944374,4.097999572753906,13.995686259120703,6.199319124221802,5027.094132007974,1.5109020471572876,0.0004268586057142857,16,2048,,3298.2786762714386
adammini-stochastic_old-r8,adammini,stochastic_old,8,1.1B,sdpa,666,506,16613376,2.423367500305176,11.283793585542625,nan,nan,nan,nan,22.21038579940796,4.097999572753906,0.01870039477944374,4.097999572753906,13.995686259120703,6.228801965713501,5027.487585192114,1.6664623022079468,0.0004265728971428572,16,2048,,3304.5382878780365
adammini-stochastic_old-r8,adammini,stochastic_old,8,1.1B,sdpa,666,507,16646144,2.4479520320892334,11.564638442185261,nan,nan,nan,nan,22.21038579940796,4.097999572753906,0.01870039477944374,4.097999572753906,13.995686259120703,6.226017236709595,5027.8836477997,1.6018344163894653,0.00042628718857142857,16,2048,,3310.7952687740326
adammini-stochastic_old-r8,adammini,stochastic_old,8,1.1B,sdpa,666,508,16678912,2.3052098751068115,10.026282298692122,nan,nan,nan,nan,22.21038579940796,4.097999572753906,0.01870039477944374,4.097999572753906,13.995686259120703,6.228275775909424,5028.2748821218265,1.6446592807769775,0.00042600148,16,2048,,3317.054162979126
adammini-stochastic_old-r8,adammini,stochastic_old,8,1.1B,sdpa,666,509,16711680,2.387666940689087,10.88806179327642,nan,nan,nan,nan,22.21038579940796,4.097999572753906,0.01870039477944374,4.097999572753906,13.995686259120703,6.219472169876099,5028.678236776859,1.698957920074463,0.0004257157714285714,16,2048,,3323.304589033127
adammini-stochastic_old-r8,adammini,stochastic_old,8,1.1B,sdpa,666,510,16744448,2.205963373184204,9.078993815338134,nan,nan,nan,nan,22.21038579940796,4.097999572753906,0.01870039477944374,4.097999572753906,13.995686259120703,6.209524393081665,5029.094718133861,1.6180447340011597,0.00042543006285714286,16,2048,,3329.543452978134
adammini-stochastic_old-r8,adammini,stochastic_old,8,1.1B,sdpa,666,511,16777216,2.317338705062866,10.148629838175255,nan,nan,nan,nan,22.21038579940796,4.097999572753906,0.01870039477944374,4.097999572753906,13.995686259120703,6.222710371017456,5029.492182525364,1.5464754104614258,0.0004251443542857143,16,2048,,3335.796978712082
adammini-stochastic_old-r8,adammini,stochastic_old,8,1.1B,sdpa,666,512,16809984,2.3173229694366455,10.148470144385913,nan,nan,nan,nan,22.21038579940796,4.097999572753906,0.01870039477944374,4.097999572753906,13.995686259120703,6.4136786460876465,5029.598704249193,1.8107903003692627,0.0004248586457142857,16,2048,,3342.2414236068726
adammini-stochastic_old-r8,adammini,stochastic_old,8,1.1B,sdpa,666,513,16842752,2.4563610553741455,11.662295782090984,nan,nan,nan,nan,22.21038579940796,4.097999572753906,0.01870039477944374,4.097999572753906,13.995686259120703,6.220497369766235,5029.994714056197,1.6557703018188477,0.00042457293714285714,16,2048,,3348.4926402568817
adammini-stochastic_old-r8,adammini,stochastic_old,8,1.1B,sdpa,666,514,16875520,2.4893665313720703,12.053638099888236,nan,nan,nan,nan,22.21038579940796,4.097999572753906,0.01870039477944374,4.097999572753906,13.995686259120703,6.237146377563477,5030.364612545457,1.742889165878296,0.0004242872285714285,16,2048,,3354.7606043815613
adammini-stochastic_old-r8,adammini,stochastic_old,8,1.1B,sdpa,666,515,16908288,2.563258171081543,12.978033157308301,nan,nan,nan,nan,22.21038579940796,4.097999572753906,0.01870039477944374,4.097999572753906,13.995686259120703,6.214962720870972,5030.76607697584,1.816577672958374,0.00042400151999999995,16,2048,,3361.0064544677734
adammini-stochastic_old-r8,adammini,stochastic_old,8,1.1B,sdpa,666,516,16941056,2.3532626628875732,10.51983647395162,nan,nan,nan,nan,22.21038579940796,4.097999572753906,0.01870039477944374,4.097999572753906,13.995686259120703,6.222322940826416,5031.155113173601,1.730393409729004,0.00042371581142857143,16,2048,,3367.259587287903
adammini-stochastic_old-r8,adammini,stochastic_old,8,1.1B,sdpa,666,517,16973824,2.367077112197876,10.666170657572877,nan,nan,nan,nan,22.21038579940796,4.097999572753906,0.01870039477944374,4.097999572753906,13.995686259120703,6.229356527328491,5031.532270265335,1.6619491577148438,0.0004234301028571429,16,2048,,3373.51971578598
adammini-stochastic_old-r8,adammini,stochastic_old,8,1.1B,sdpa,666,518,17006592,2.136429786682129,8.469146927776148,nan,nan,nan,nan,22.21038579940796,4.097999572753906,0.01870039477944374,4.097999572753906,13.995686259120703,6.227962970733643,5031.910071599317,1.6210823059082031,0.00042314439428571435,16,2048,,3379.778418302536
adammini-stochastic_old-r8,adammini,stochastic_old,8,1.1B,sdpa,666,519,17039360,2.5069727897644043,12.26773677463407,nan,nan,nan,nan,22.21038579940796,4.097999572753906,0.01870039477944374,4.097999572753906,13.995686259120703,6.224619626998901,5032.2913597531115,1.8042676448822021,0.0004228586857142858,16,2048,,3386.0337719917297
adammini-stochastic_old-r8,adammini,stochastic_old,8,1.1B,sdpa,666,520,17072128,2.3383564949035645,10.364188960281732,nan,nan,nan,nan,22.21038579940796,4.097999572753906,0.01870039477944374,4.097999572753906,13.995686259120703,6.228594779968262,5032.665436219071,1.6025017499923706,0.0004225729771428572,16,2048,,3392.293303966522
adammini-stochastic_old-r8,adammini,stochastic_old,8,1.1B,sdpa,666,521,17104896,2.2920048236846924,9.89475504864741,nan,nan,nan,nan,22.21038579940796,4.097999572753906,0.01870039477944374,4.097999572753906,13.995686259120703,6.225301027297974,5033.042931767424,1.4765608310699463,0.0004222872685714286,16,2048,,3398.5495851039886
adammini-stochastic_old-r8,adammini,stochastic_old,8,1.1B,sdpa,666,522,17137664,2.300353765487671,9.97771160054314,nan,nan,nan,nan,22.21038579940796,4.097999572753906,0.01870039477944374,4.097999572753906,13.995686259120703,6.209636449813843,5033.4420112839325,1.5941236019134521,0.00042200156,16,2048,,3404.7901134490967
adammini-stochastic_old-r8,adammini,stochastic_old,8,1.1B,sdpa,666,523,17170432,2.2831950187683105,9.807967041001632,nan,nan,nan,nan,22.21038579940796,4.097999572753906,0.01870039477944374,4.097999572753906,13.995686259120703,6.22130274772644,5033.822435321469,1.769257664680481,0.00042171585142857144,16,2048,,3411.042378425598
adammini-stochastic_old-r8,adammini,stochastic_old,8,1.1B,sdpa,666,524,17203200,2.217085361480713,9.180533895392207,nan,nan,nan,nan,22.21038579940796,4.097999572753906,0.01870039477944374,4.097999572753906,13.995686259120703,6.217017650604248,5034.207632107785,1.5665284395217896,0.00042143014285714287,16,2048,,3417.290436267853
adammini-stochastic_old-r8,adammini,stochastic_old,8,1.1B,sdpa,666,525,17235968,2.396625280380249,10.986038950490634,nan,nan,nan,nan,22.21038579940796,4.097999572753906,0.01870039477944374,4.097999572753906,13.995686259120703,6.221020936965942,5034.585662609142,1.7411887645721436,0.0004211444342857143,16,2048,,3423.5421850681305
adammini-stochastic_old-r8,adammini,stochastic_old,8,1.1B,sdpa,666,526,17268736,2.480166435241699,11.943252030478488,nan,nan,nan,nan,22.21038579940796,4.097999572753906,0.01870039477944374,4.097999572753906,13.995686259120703,6.229348421096802,5034.950245084647,1.6418256759643555,0.00042085872571428573,16,2048,,3429.8023130893707
adammini-stochastic_old-r8,adammini,stochastic_old,8,1.1B,sdpa,666,527,17301504,2.438443660736084,11.4551986867579,nan,nan,nan,nan,22.21038579940796,4.097999572753906,0.01870039477944374,4.097999572753906,13.995686259120703,6.22365665435791,5035.322297402967,1.8082778453826904,0.00042057301714285716,16,2048,,3436.0563452243805
adammini-stochastic_old-r8,adammini,stochastic_old,8,1.1B,sdpa,666,528,17334272,2.377894401550293,10.782176012420093,nan,nan,nan,nan,22.21038579940796,4.097999572753906,0.01870039477944374,4.097999572753906,13.995686259120703,6.217452764511108,5035.702043428514,1.787222981452942,0.00042028730857142854,16,2048,,3442.3048322200775
adammini-stochastic_old-r8,adammini,stochastic_old,8,1.1B,sdpa,666,529,17367040,2.56701397895813,13.026867805836428,nan,nan,nan,nan,22.21038579940796,4.097999572753906,0.01870039477944374,4.097999572753906,13.995686259120703,6.221749544143677,5036.073599601637,2.650818109512329,0.00042000159999999997,16,2048,,3448.5575478076935
adammini-stochastic_old-r8,adammini,stochastic_old,8,1.1B,sdpa,666,530,17399808,2.313626766204834,10.111028574692705,nan,nan,nan,nan,22.21038579940796,4.097999572753906,0.01870039477944374,4.097999572753906,13.995686259120703,6.230573415756226,5036.431019563021,1.7723268270492554,0.0004197158914285714,16,2048,,3454.8179836273193
adammini-stochastic_old-r8,adammini,stochastic_old,8,1.1B,sdpa,666,531,17432576,2.3773932456970215,10.776773815584814,nan,nan,nan,nan,22.21038579940796,4.097999572753906,0.01870039477944374,4.097999572753906,13.995686259120703,6.203794240951538,5036.827638825922,1.626694917678833,0.0004194301828571428,16,2048,,3461.0526514053345
adammini-stochastic_old-r8,adammini,stochastic_old,8,1.1B,sdpa,666,532,17465344,2.096548318862915,8.138031488289364,nan,nan,nan,nan,22.21038579940796,4.097999572753906,0.01870039477944374,4.097999572753906,13.995686259120703,6.205337285995483,5037.2187759215185,1.6867196559906006,0.0004191444742857143,16,2048,,3467.288710832596
adammini-stochastic_old-r8,adammini,stochastic_old,8,1.1B,sdpa,666,533,17498112,2.325110673904419,10.227811975039483,nan,nan,nan,nan,22.21038579940796,4.097999572753906,0.01870039477944374,4.097999572753906,13.995686259120703,6.232702970504761,5037.569625334913,1.5325747728347778,0.00041885876571428574,16,2048,,3473.5522158145905
adammini-stochastic_old-r8,adammini,stochastic_old,8,1.1B,sdpa,666,534,17530880,2.357346773147583,10.562888500798648,nan,nan,nan,nan,22.21038579940796,4.097999572753906,0.01870039477944374,4.097999572753906,13.995686259120703,6.2075488567352295,5037.955204409407,1.6169841289520264,0.00041857305714285717,16,2048,,3479.790726661682
adammini-stochastic_old-r8,adammini,stochastic_old,8,1.1B,sdpa,666,535,17563648,2.4257893562316895,11.311154426545306,nan,nan,nan,nan,22.21038579940796,4.097999572753906,0.01870039477944374,4.097999572753906,13.995686259120703,6.225720643997192,5038.312512292309,2.6865897178649902,0.0004182873485714286,16,2048,,3486.047444343567
adammini-stochastic_old-r8,adammini,stochastic_old,8,1.1B,sdpa,666,536,17596416,2.404371976852417,11.071474955811913,nan,nan,nan,nan,22.21038579940796,4.097999572753906,0.01870039477944374,4.097999572753906,13.995686259120703,6.19779109954834,5038.709664662364,2.2639293670654297,0.00041800164000000003,16,2048,,3492.2760949134827
adammini-stochastic_old-r8,adammini,stochastic_old,8,1.1B,sdpa,666,537,17629184,2.383159637451172,10.839096430866675,nan,nan,nan,nan,22.21038579940796,4.097999572753906,0.01870039477944374,4.097999572753906,13.995686259120703,6.215434551239014,5039.07989030378,1.8983118534088135,0.00041771593142857146,16,2048,,3498.5221848487854
adammini-stochastic_old-r8,adammini,stochastic_old,8,1.1B,sdpa,666,538,17661952,2.4442861080169678,11.522320969446033,nan,nan,nan,nan,22.21038579940796,4.097999572753906,0.01870039477944374,4.097999572753906,13.995686259120703,6.222137689590454,5039.439194246029,1.7364531755447388,0.0004174302228571429,16,2048,,3504.7755105495453
adammini-stochastic_old-r8,adammini,stochastic_old,8,1.1B,sdpa,666,539,17694720,2.2996370792388916,9.97056327370449,nan,nan,nan,nan,22.21038579940796,4.097999572753906,0.01870039477944374,4.097999572753906,13.995686259120703,6.245257377624512,5039.763267345305,1.6528444290161133,0.0004171445142857143,16,2048,,3511.0517230033875
adammini-stochastic_old-r8,adammini,stochastic_old,8,1.1B,sdpa,666,540,17727488,2.4730327129364014,11.858355361732883,nan,nan,nan,nan,22.21038579940796,4.097999572753906,0.01870039477944374,4.097999572753906,13.995686259120703,6.2291412353515625,5040.109780352695,1.6671421527862549,0.00041685880571428575,16,2048,,3517.3114585876465
adammini-stochastic_old-r8,adammini,stochastic_old,8,1.1B,sdpa,666,541,17760256,2.3537042140960693,10.524482546123782,nan,nan,nan,nan,22.21038579940796,4.097999572753906,0.01870039477944374,4.097999572753906,13.995686259120703,6.226512432098389,5040.459380946004,1.5351976156234741,0.0004165730971428572,16,2048,,3523.568660736084
adammini-stochastic_old-r8,adammini,stochastic_old,8,1.1B,sdpa,666,542,17793024,2.30727481842041,10.04700739399424,nan,nan,nan,nan,22.21038579940796,4.097999572753906,0.01870039477944374,4.097999572753906,13.995686259120703,6.220840930938721,5040.815572123414,1.5679311752319336,0.00041628738857142855,16,2048,,3529.8202753067017
adammini-stochastic_old-r8,adammini,stochastic_old,8,1.1B,sdpa,666,543,17825792,2.5369653701782227,12.641251187569386,nan,nan,nan,nan,22.21038579940796,4.097999572753906,0.01870039477944374,4.097999572753906,13.995686259120703,6.15954852104187,5041.257776614187,inf,0.00041600168,16,2048,,3535.981879234314
adammini-stochastic_old-r8,adammini,stochastic_old,8,1.1B,sdpa,666,544,17858560,2.3446919918060303,10.430059688905425,nan,nan,nan,nan,22.21038579940796,4.097999572753906,0.01870039477944374,4.097999572753906,13.995686259120703,6.236887454986572,5041.629366579548,1.6062633991241455,0.0004157159714285714,16,2048,,3542.249509334564
adammini-stochastic_old-r8,adammini,stochastic_old,8,1.1B,sdpa,666,545,17891328,2.098581552505493,8.154594840572134,nan,nan,nan,nan,22.21038579940796,4.097999572753906,0.01870039477944374,4.097999572753906,13.995686259120703,6.2241058349609375,5041.976752966076,1.51460862159729,0.00041543026285714284,16,2048,,3548.5044326782227
adammini-stochastic_old-r8,adammini,stochastic_old,8,1.1B,sdpa,666,546,17924096,2.115070104598999,8.29016692457593,nan,nan,nan,nan,22.21038579940796,4.097999572753906,0.01870039477944374,4.097999572753906,13.995686259120703,6.200133323669434,5042.3569727047125,1.6219162940979004,0.00041514455428571427,16,2048,,3554.735691308975
adammini-stochastic_old-r8,adammini,stochastic_old,8,1.1B,sdpa,666,547,17956864,2.317821979522705,10.15353559709692,nan,nan,nan,nan,22.21038579940796,4.097999572753906,0.01870039477944374,4.097999572753906,13.995686259120703,6.223163366317749,5042.702962611546,1.564360499382019,0.0004148588457142857,16,2048,,3560.989859342575
adammini-stochastic_old-r8,adammini,stochastic_old,8,1.1B,sdpa,666,548,17989632,2.2882301807403564,9.857476282594819,nan,nan,nan,nan,22.21038579940796,4.097999572753906,0.01870039477944374,4.097999572753906,13.995686259120703,6.217793941497803,5043.054758201834,1.470759391784668,0.0004145731371428572,16,2048,,3567.2390983104706
adammini-stochastic_old-r8,adammini,stochastic_old,8,1.1B,sdpa,666,549,18022400,2.2358434200286865,9.35436818746759,nan,nan,nan,nan,22.21038579940796,4.097999572753906,0.01870039477944374,4.097999572753906,13.995686259120703,6.271576881408691,5043.329900056848,1.6121811866760254,0.00041428742857142856,16,2048,,3573.539400100708
adammini-stochastic_old-r8,adammini,stochastic_old,8,1.1B,sdpa,666,550,18055168,1.8980698585510254,6.673002166253378,2.4513334451168998,11.603809450629765,nan,nan,22.21038579940796,4.097999572753906,0.01870039477944374,4.097999572753906,13.995686259120703,6.185694694519043,5043.728502230066,1.7274587154388428,0.00041400172000000005,16,2048,,3592.1559858322144
adammini-stochastic_old-r8,adammini,stochastic_old,8,1.1B,sdpa,666,551,18087936,2.317913055419922,10.154460381573497,nan,nan,nan,nan,22.21038579940796,4.097999572753906,0.01870039477944374,4.097999572753906,13.995686259120703,6.234508991241455,5026.671426588521,1.5637400150299072,0.0004137160114285714,16,2048,,3598.4220130443573
adammini-stochastic_old-r8,adammini,stochastic_old,8,1.1B,sdpa,666,552,18120704,2.333221912384033,10.311109563703168,nan,nan,nan,nan,22.21038579940796,4.097999572753906,0.01870039477944374,4.097999572753906,13.995686259120703,6.235244512557983,5027.023734321586,1.5010430812835693,0.00041343030285714285,16,2048,,3604.6857998371124
adammini-stochastic_old-r8,adammini,stochastic_old,8,1.1B,sdpa,666,553,18153472,2.4203922748565674,11.250271648098677,nan,nan,nan,nan,22.21038579940796,4.097999572753906,0.01870039477944374,4.097999572753906,13.995686259120703,6.223684310913086,5027.39396084683,1.5606814622879028,0.00041314459428571434,16,2048,,3610.940524339676
adammini-stochastic_old-r8,adammini,stochastic_old,8,1.1B,sdpa,666,554,18186240,2.472614288330078,11.853394571989634,nan,nan,nan,nan,22.21038579940796,4.097999572753906,0.01870039477944374,4.097999572753906,13.995686259120703,6.228024959564209,5027.753543235908,3.0122852325439453,0.00041285888571428577,16,2048,,3617.199879169464
adammini-stochastic_old-r8,adammini,stochastic_old,8,1.1B,sdpa,666,555,18219008,2.571061372756958,13.0796995130526,nan,nan,nan,nan,22.21038579940796,4.097999572753906,0.01870039477944374,4.097999572753906,13.995686259120703,6.199646711349487,5028.151150363471,1.6395782232284546,0.0004125731771428572,16,2048,,3623.4306252002716
adammini-stochastic_old-r8,adammini,stochastic_old,8,1.1B,sdpa,666,556,18251776,2.4836792945861816,11.98528077228628,nan,nan,nan,nan,22.21038579940796,4.097999572753906,0.01870039477944374,4.097999572753906,13.995686259120703,6.225827217102051,5028.510819202632,1.5272802114486694,0.00041228746857142857,16,2048,,3629.687871694565
adammini-stochastic_old-r8,adammini,stochastic_old,8,1.1B,sdpa,666,557,18284544,2.263298988342285,9.614755871533637,nan,nan,nan,nan,22.21038579940796,4.097999572753906,0.01870039477944374,4.097999572753906,13.995686259120703,6.233367919921875,5028.858312336183,1.6010934114456177,0.00041200176000000005,16,2048,,3635.9531066417694
adammini-stochastic_old-r8,adammini,stochastic_old,8,1.1B,sdpa,666,558,18317312,2.378690242767334,10.790760327923135,nan,nan,nan,nan,22.21038579940796,4.097999572753906,0.01870039477944374,4.097999572753906,13.995686259120703,6.22629189491272,5029.21536439902,1.6503695249557495,0.00041171605142857143,16,2048,,3642.210555791855
adammini-stochastic_old-r8,adammini,stochastic_old,8,1.1B,sdpa,666,559,18350080,2.078343152999878,7.991217714624711,nan,nan,nan,nan,22.21038579940796,4.097999572753906,0.01870039477944374,4.097999572753906,13.995686259120703,6.226680517196655,5029.570729267134,1.6707450151443481,0.00041143034285714286,16,2048,,3648.468108177185
adammini-stochastic_old-r8,adammini,stochastic_old,8,1.1B,sdpa,666,560,18382848,2.4004323482513428,11.027943262076187,nan,nan,nan,nan,22.21038579940796,4.097999572753906,0.01870039477944374,4.097999572753906,13.995686259120703,6.2262139320373535,5029.92574051168,1.5063213109970093,0.0004111446342857143,16,2048,,3654.7253680229187
adammini-stochastic_old-r8,adammini,stochastic_old,8,1.1B,sdpa,666,561,18415616,2.505802631378174,12.253389975218044,nan,nan,nan,nan,22.21038579940796,4.097999572753906,0.01870039477944374,4.097999572753906,13.995686259120703,6.289492607116699,5030.1922689205285,1.74674654006958,0.0004108589257142857,16,2048,,3661.04603767395
adammini-stochastic_old-r8,adammini,stochastic_old,8,1.1B,sdpa,666,562,18448384,2.190236806869507,8.937329285096771,nan,nan,nan,nan,22.21038579940796,4.097999572753906,0.01870039477944374,4.097999572753906,13.995686259120703,6.145912408828735,5030.655020929108,1.8461488485336304,0.00041057321714285715,16,2048,,3667.2228920459747
adammini-stochastic_old-r8,adammini,stochastic_old,8,1.1B,sdpa,666,563,18481152,2.399625539779663,11.01904941232625,nan,nan,nan,nan,22.21038579940796,4.097999572753906,0.01870039477944374,4.097999572753906,13.995686259120703,6.249444484710693,5030.974477367139,1.556573510169983,0.0004102875085714285,16,2048,,3673.5032107830048
adammini-stochastic_old-r8,adammini,stochastic_old,8,1.1B,sdpa,666,564,18513920,2.3792457580566406,10.796756425576302,nan,nan,nan,nan,22.21038579940796,4.097999572753906,0.01870039477944374,4.097999572753906,13.995686259120703,6.233974933624268,5031.314101078108,1.5333354473114014,0.00041000180000000006,16,2048,,3679.7681028842926
adammini-stochastic_old-r8,adammini,stochastic_old,8,1.1B,sdpa,666,565,18546688,2.2799105644226074,9.775806065570807,nan,nan,nan,nan,22.21038579940796,4.097999572753906,0.01870039477944374,4.097999572753906,13.995686259120703,6.24311089515686,5031.639915891089,1.6482722759246826,0.00040971609142857144,16,2048,,3686.0422949790955
adammini-stochastic_old-r8,adammini,stochastic_old,8,1.1B,sdpa,666,566,18579456,2.2722556591033936,9.70125888554563,nan,nan,nan,nan,22.21038579940796,4.097999572753906,0.01870039477944374,4.097999572753906,13.995686259120703,6.538405179977417,5031.562287149592,1.640212893486023,0.00040943038285714287,16,2048,,3692.611426591873
adammini-stochastic_old-r8,adammini,stochastic_old,8,1.1B,sdpa,666,567,18612224,2.1953306198120117,8.982970513934267,nan,nan,nan,nan,22.21038579940796,4.097999572753906,0.01870039477944374,4.097999572753906,13.995686259120703,6.213856935501099,5031.926685061896,1.748600959777832,0.0004091446742857143,16,2048,,3698.8563299179077
adammini-stochastic_old-r8,adammini,stochastic_old,8,1.1B,sdpa,666,568,18644992,2.3742473125457764,10.742924077997985,nan,nan,nan,nan,22.21038579940796,4.097999572753906,0.01870039477944374,4.097999572753906,13.995686259120703,6.2156267166137695,5032.287119627936,1.7624499797821045,0.00040885896571428573,16,2048,,3705.102649450302
adammini-stochastic_old-r8,adammini,stochastic_old,8,1.1B,sdpa,666,569,18677760,2.328422784805298,10.261743784512626,nan,nan,nan,nan,22.21038579940796,4.097999572753906,0.01870039477944374,4.097999572753906,13.995686259120703,6.228639125823975,5032.629052051092,1.6495757102966309,0.00040857325714285716,16,2048,,3711.3621439933777
adammini-stochastic_old-r8,adammini,stochastic_old,8,1.1B,sdpa,666,570,18710528,2.3512516021728516,10.49870170287054,nan,nan,nan,nan,22.21038579940796,4.097999572753906,0.01870039477944374,4.097999572753906,13.995686259120703,6.2359678745269775,5032.959802115109,1.5512075424194336,0.00040828754857142853,16,2048,,3717.62806558609
adammini-stochastic_old-r8,adammini,stochastic_old,8,1.1B,sdpa,666,571,18743296,2.1755259037017822,8.806815441371418,nan,nan,nan,nan,22.21038579940796,4.097999572753906,0.01870039477944374,4.097999572753906,13.995686259120703,6.23499321937561,5033.291866176195,1.8218578100204468,0.00040800184,16,2048,,3723.893974304199
adammini-stochastic_old-r8,adammini,stochastic_old,8,1.1B,sdpa,666,572,18776064,2.2644147872924805,9.625489993488811,nan,nan,nan,nan,22.21038579940796,4.097999572753906,0.01870039477944374,4.097999572753906,13.995686259120703,6.233694791793823,5033.623144569221,1.6243871450424194,0.00040771613142857145,16,2048,,3730.1587195396423
adammini-stochastic_old-r8,adammini,stochastic_old,8,1.1B,sdpa,666,573,18808832,2.189002275466919,8.926302679185124,nan,nan,nan,nan,22.21038579940796,4.097999572753906,0.01870039477944374,4.097999572753906,13.995686259120703,6.224898099899292,5033.965354466933,1.64083993434906,0.0004074304228571429,16,2048,,3736.4146180152893
adammini-stochastic_old-r8,adammini,stochastic_old,8,1.1B,sdpa,666,574,18841600,2.2248668670654297,9.252250942588688,nan,nan,nan,nan,22.21038579940796,4.097999572753906,0.01870039477944374,4.097999572753906,13.995686259120703,6.222923755645752,5034.309143762624,1.5272175073623657,0.0004071447142857143,16,2048,,3742.6686568260193
adammini-stochastic_old-r8,adammini,stochastic_old,8,1.1B,sdpa,666,575,18874368,2.4063944816589355,11.093889726475313,nan,nan,nan,nan,22.21038579940796,4.097999572753906,0.01870039477944374,4.097999572753906,13.995686259120703,6.209104061126709,5034.669835186545,1.5888407230377197,0.00040685900571428574,16,2048,,3748.9085755348206
adammini-stochastic_old-r8,adammini,stochastic_old,8,1.1B,sdpa,666,576,18907136,2.3702125549316406,10.699666309265803,nan,nan,nan,nan,22.21038579940796,4.097999572753906,0.01870039477944374,4.097999572753906,13.995686259120703,6.222830772399902,5035.011368122311,1.6305354833602905,0.00040657329714285717,16,2048,,3755.1622562408447
adammini-stochastic_old-r8,adammini,stochastic_old,8,1.1B,sdpa,666,577,18939904,2.1755895614624023,8.807376081364964,nan,nan,nan,nan,22.21038579940796,4.097999572753906,0.01870039477944374,4.097999572753906,13.995686259120703,6.224431037902832,5035.3497009925195,1.5471235513687134,0.0004062875885714286,16,2048,,3761.417863368988
adammini-stochastic_old-r8,adammini,stochastic_old,8,1.1B,sdpa,666,578,18972672,2.331843614578247,10.296907573550527,nan,nan,nan,nan,22.21038579940796,4.097999572753906,0.01870039477944374,4.097999572753906,13.995686259120703,6.2163779735565186,5035.6973746342865,2.0771126747131348,0.00040600188,16,2048,,3767.6654036045074
adammini-stochastic_old-r8,adammini,stochastic_old,8,1.1B,sdpa,666,579,19005440,2.2402241230010986,9.395436784977637,nan,nan,nan,nan,22.21038579940796,4.097999572753906,0.01870039477944374,4.097999572753906,13.995686259120703,6.2218499183654785,5036.035760321542,1.5616066455841064,0.0004057161714285714,16,2048,,3773.918703317642
adammini-stochastic_old-r8,adammini,stochastic_old,8,1.1B,sdpa,666,580,19038208,2.2903201580047607,9.878099727668562,nan,nan,nan,nan,22.21038579940796,4.097999572753906,0.01870039477944374,4.097999572753906,13.995686259120703,6.239880323410034,5036.349941257415,1.6448938846588135,0.00040543046285714283,16,2048,,3780.1886508464813
adammini-stochastic_old-r8,adammini,stochastic_old,8,1.1B,sdpa,666,581,19070976,2.3418593406677246,10.400556773915314,nan,nan,nan,nan,22.21038579940796,4.097999572753906,0.01870039477944374,4.097999572753906,13.995686259120703,6.240975856781006,5036.663222346433,1.5401912927627563,0.0004051447542857143,16,2048,,3786.460303544998
adammini-stochastic_old-r8,adammini,stochastic_old,8,1.1B,sdpa,666,582,19103744,2.5572891235351562,12.900797401605441,nan,nan,nan,nan,22.21038579940796,4.097999572753906,0.01870039477944374,4.097999572753906,13.995686259120703,6.228197336196899,5036.990993504229,1.811265468597412,0.00040485904571428574,16,2048,,3792.719347715378
adammini-stochastic_old-r8,adammini,stochastic_old,8,1.1B,sdpa,666,583,19136512,2.393864870071411,10.955754792898908,nan,nan,nan,nan,22.21038579940796,4.097999572753906,0.01870039477944374,4.097999572753906,13.995686259120703,6.228512763977051,5037.31726666895,1.6042762994766235,0.0004045733371428572,16,2048,,3798.978816986084
adammini-stochastic_old-r8,adammini,stochastic_old,8,1.1B,sdpa,666,584,19169280,2.3192553520202637,10.168099831267547,nan,nan,nan,nan,22.21038579940796,4.097999572753906,0.01870039477944374,4.097999572753906,13.995686259120703,6.216639280319214,5037.657934933083,1.6506822109222412,0.0004042876285714286,16,2048,,3805.226727962494
adammini-stochastic_old-r8,adammini,stochastic_old,8,1.1B,sdpa,666,585,19202048,2.584150552749634,13.252027409298762,nan,nan,nan,nan,22.21038579940796,4.097999572753906,0.01870039477944374,4.097999572753906,13.995686259120703,6.215212345123291,5037.999243278367,1.8354461193084717,0.00040400192000000003,16,2048,,3811.4729056358337
adammini-stochastic_old-r8,adammini,stochastic_old,8,1.1B,sdpa,666,586,19234816,2.3153111934661865,10.128074218907841,nan,nan,nan,nan,22.21038579940796,4.097999572753906,0.01870039477944374,4.097999572753906,13.995686259120703,6.214482069015503,5038.340786797277,1.7497814893722534,0.0004037162114285714,16,2048,,3817.718269586563
adammini-stochastic_old-r8,adammini,stochastic_old,8,1.1B,sdpa,666,587,19267584,2.3505098819732666,10.490917490958584,nan,nan,nan,nan,22.21038579940796,4.097999572753906,0.01870039477944374,4.097999572753906,13.995686259120703,6.216759920120239,5038.678052378154,1.5581786632537842,0.00040343050285714284,16,2048,,3823.96586894989
adammini-stochastic_old-r8,adammini,stochastic_old,8,1.1B,sdpa,666,588,19300352,2.530714511871338,12.562478971046396,nan,nan,nan,nan,22.21038579940796,4.097999572753906,0.01870039477944374,4.097999572753906,13.995686259120703,6.218921184539795,5039.011711489156,1.6252427101135254,0.00040314479428571427,16,2048,,3830.215582370758
adammini-stochastic_old-r8,adammini,stochastic_old,8,1.1B,sdpa,666,589,19333120,2.530745506286621,12.56286834377077,nan,nan,nan,nan,22.21038579940796,4.097999572753906,0.01870039477944374,4.097999572753906,13.995686259120703,6.215489864349365,5039.348664833525,1.7008012533187866,0.0004028590857142857,16,2048,,3836.4620010852814
adammini-stochastic_old-r8,adammini,stochastic_old,8,1.1B,sdpa,666,590,19365888,2.3844947814941406,10.853577851137288,nan,nan,nan,nan,22.21038579940796,4.097999572753906,0.01870039477944374,4.097999572753906,13.995686259120703,6.228026390075684,5039.66801855946,1.7633752822875977,0.0004025733771428572,16,2048,,3842.720223903656
adammini-stochastic_old-r8,adammini,stochastic_old,8,1.1B,sdpa,666,591,19398656,2.5271694660186768,12.518023252408975,nan,nan,nan,nan,22.21038579940796,4.097999572753906,0.01870039477944374,4.097999572753906,13.995686259120703,6.218630313873291,5039.999739076182,1.5980623960494995,0.0004022876685714286,16,2048,,3848.9694368839264
adammini-stochastic_old-r8,adammini,stochastic_old,8,1.1B,sdpa,666,592,19431424,2.3498895168304443,10.484411309743647,nan,nan,nan,nan,22.21038579940796,4.097999572753906,0.01870039477944374,4.097999572753906,13.995686259120703,6.229250907897949,5040.315567383351,1.7372326850891113,0.00040200196000000004,16,2048,,3855.2295553684235
adammini-stochastic_old-r8,adammini,stochastic_old,8,1.1B,sdpa,666,593,19464192,2.412971258163452,11.167092214114373,nan,nan,nan,nan,22.21038579940796,4.097999572753906,0.01870039477944374,4.097999572753906,13.995686259120703,6.219606161117554,5040.642804808621,1.63413405418396,0.0004017162514285714,16,2048,,3861.4802021980286
adammini-stochastic_old-r8,adammini,stochastic_old,8,1.1B,sdpa,666,594,19496960,1.7303866147994995,5.642835090319605,nan,nan,nan,nan,22.21038579940796,4.097999572753906,0.01870039477944374,4.097999572753906,13.995686259120703,6.231851100921631,5040.952871344034,1.6695761680603027,0.00040143054285714285,16,2048,,3867.7430713176727
adammini-stochastic_old-r8,adammini,stochastic_old,8,1.1B,sdpa,666,595,19529728,1.9214750528335571,6.831027167513768,nan,nan,nan,nan,22.21038579940796,4.097999572753906,0.01870039477944374,4.097999572753906,13.995686259120703,6.18445348739624,5041.323509819819,1.542704701423645,0.0004011448342857143,16,2048,,3873.958453655243
adammini-stochastic_old-r8,adammini,stochastic_old,8,1.1B,sdpa,666,596,19562496,2.300503969192505,9.979210402351281,nan,nan,nan,nan,22.21038579940796,4.097999572753906,0.01870039477944374,4.097999572753906,13.995686259120703,6.209058046340942,5041.661192624687,1.5029610395431519,0.0004008591257142857,16,2048,,3880.1984033584595
adammini-stochastic_old-r8,adammini,stochastic_old,8,1.1B,sdpa,666,597,19595264,2.155869483947754,8.635395253280349,nan,nan,nan,nan,22.21038579940796,4.097999572753906,0.01870039477944374,4.097999572753906,13.995686259120703,6.209436416625977,5041.997173686793,1.7744234800338745,0.0004005734171428572,16,2048,,3886.4388806819916
adammini-stochastic_old-r8,adammini,stochastic_old,8,1.1B,sdpa,666,598,19628032,2.3732645511627197,10.732371533239082,nan,nan,nan,nan,22.21038579940796,4.097999572753906,0.01870039477944374,4.097999572753906,13.995686259120703,6.226760387420654,5042.309947423607,1.4962772130966187,0.0004002877085714286,16,2048,,3892.6963856220245
adammini-stochastic_old-r8,adammini,stochastic_old,8,1.1B,sdpa,666,599,19660800,2.3989219665527344,11.011299430832974,nan,nan,nan,nan,22.21038579940796,4.097999572753906,0.01870039477944374,4.097999572753906,13.995686259120703,6.21419358253479,5042.637779175356,1.6858798265457153,0.00040000200000000005,16,2048,,3898.9414343833923
adammini-stochastic_old-r8,adammini,stochastic_old,8,1.1B,sdpa,666,600,19693568,2.366772413253784,10.662921181717083,2.450636482534337,11.595724847287764,nan,nan,22.21038579940796,4.097999572753906,0.01870039477944374,4.097999572753906,13.995686259120703,7.018188953399658,5041.926639819954,1.5125465393066406,0.0003997162914285714,16,2048,,3918.801134109497
adammini-stochastic_old-r8,adammini,stochastic_old,8,1.1B,sdpa,666,601,19726336,2.533461809158325,12.597039287435706,nan,nan,nan,nan,22.21038579940796,4.097999572753906,0.01870039477944374,4.097999572753906,13.995686259120703,6.224550008773804,5025.782801385745,1.7049578428268433,0.00039943058285714286,16,2048,,3925.0573205947876
adammini-stochastic_old-r8,adammini,stochastic_old,8,1.1B,sdpa,666,602,19759104,2.4813618659973145,11.95753789845949,nan,nan,nan,nan,22.21038579940796,4.097999572753906,0.01870039477944374,4.097999572753906,13.995686259120703,6.2157301902771,5026.132092286881,1.8348182439804077,0.0003991448742857143,16,2048,,3931.3041803836823
adammini-stochastic_old-r8,adammini,stochastic_old,8,1.1B,sdpa,666,603,19791872,2.374821424484253,10.749093489762329,nan,nan,nan,nan,22.21038579940796,4.097999572753906,0.01870039477944374,4.097999572753906,13.995686259120703,6.216013669967651,5026.479440062328,1.4796760082244873,0.0003988591657142857,16,2048,,3937.5514221191406
adammini-stochastic_old-r8,adammini,stochastic_old,8,1.1B,sdpa,666,604,19824640,2.181039333343506,8.855505299389206,nan,nan,nan,nan,22.21038579940796,4.097999572753906,0.01870039477944374,4.097999572753906,13.995686259120703,6.208590030670166,5026.835793681863,2.0096514225006104,0.00039857345714285715,16,2048,,3943.7908852100372
adammini-stochastic_old-r8,adammini,stochastic_old,8,1.1B,sdpa,666,605,19857408,2.285890817642212,9.834443018426951,nan,nan,nan,nan,22.21038579940796,4.097999572753906,0.01870039477944374,4.097999572753906,13.995686259120703,6.225771903991699,5027.169137121365,1.5399436950683594,0.0003982877485714286,16,2048,,3950.0477015972137
adammini-stochastic_old-r8,adammini,stochastic_old,8,1.1B,sdpa,666,606,19890176,2.441474676132202,11.489972243313495,nan,nan,nan,nan,22.21038579940796,4.097999572753906,0.01870039477944374,4.097999572753906,13.995686259120703,6.207805395126343,5027.524124559887,1.4595800638198853,0.00039800204,16,2048,,3956.2862269878387
adammini-stochastic_old-r8,adammini,stochastic_old,8,1.1B,sdpa,666,607,19922944,2.3676846027374268,10.672652223886363,nan,nan,nan,nan,22.21038579940796,4.097999572753906,0.01870039477944374,4.097999572753906,13.995686259120703,6.215872764587402,5027.8680366961935,1.5859042406082153,0.0003977163314285714,16,2048,,3962.5332040786743
adammini-stochastic_old-r8,adammini,stochastic_old,8,1.1B,sdpa,666,608,19955712,2.323554039001465,10.211903391079165,nan,nan,nan,nan,22.21038579940796,4.097999572753906,0.01870039477944374,4.097999572753906,13.995686259120703,6.212693452835083,5028.214484355463,1.6418018341064453,0.0003974306228571428,16,2048,,3968.7770104408264
adammini-stochastic_old-r8,adammini,stochastic_old,8,1.1B,sdpa,666,609,19988480,2.2520904541015625,9.507590257800237,nan,nan,nan,nan,22.21038579940796,4.097999572753906,0.01870039477944374,4.097999572753906,13.995686259120703,6.214832782745361,5028.557089622729,1.5193930864334106,0.0003971449142857143,16,2048,,3975.0229918956757
adammini-stochastic_old-r8,adammini,stochastic_old,8,1.1B,sdpa,666,610,20021248,2.3992021083831787,11.014384588531783,nan,nan,nan,nan,22.21038579940796,4.097999572753906,0.01870039477944374,4.097999572753906,13.995686259120703,6.226815223693848,5028.883705981764,1.6289645433425903,0.0003968592057142857,16,2048,,3981.2793142795563
adammini-stochastic_old-r8,adammini,stochastic_old,8,1.1B,sdpa,666,611,20054016,2.230412483215332,9.303702909405779,nan,nan,nan,nan,22.21038579940796,4.097999572753906,0.01870039477944374,4.097999572753906,13.995686259120703,6.22438645362854,5029.21418091765,1.5407706499099731,0.00039657349714285715,16,2048,,3987.5345602035522
adammini-stochastic_old-r8,adammini,stochastic_old,8,1.1B,sdpa,666,612,20086784,2.4425790309906006,11.502668259146308,nan,nan,nan,nan,22.21038579940796,4.097999572753906,0.01870039477944374,4.097999572753906,13.995686259120703,6.215632438659668,5029.552906787687,1.6867432594299316,0.0003962877885714286,16,2048,,3993.780901670456
adammini-stochastic_old-r8,adammini,stochastic_old,8,1.1B,sdpa,666,613,20119552,2.4001376628875732,11.02469396738768,nan,nan,nan,nan,22.21038579940796,4.097999572753906,0.01870039477944374,4.097999572753906,13.995686259120703,6.2126569747924805,5029.894627191349,1.6202799081802368,0.00039600208000000007,16,2048,,4000.0243368148804
adammini-stochastic_old-r8,adammini,stochastic_old,8,1.1B,sdpa,666,614,20152320,2.230546712875366,9.304951826103323,nan,nan,nan,nan,22.21038579940796,4.097999572753906,0.01870039477944374,4.097999572753906,13.995686259120703,6.219147682189941,5030.226581380601,1.5695099830627441,0.00039571637142857144,16,2048,,4006.26509809494
adammini-stochastic_old-r8,adammini,stochastic_old,8,1.1B,sdpa,666,615,20185088,2.304385185241699,10.018017133862907,nan,nan,nan,nan,22.21038579940796,4.097999572753906,0.01870039477944374,4.097999572753906,13.995686259120703,6.218535900115967,5030.570503160647,1.5324681997299194,0.0003954306628571429,16,2048,,4012.5145955085754
adammini-stochastic_old-r8,adammini,stochastic_old,8,1.1B,sdpa,666,616,20217856,2.1899220943450928,8.934517038183813,nan,nan,nan,nan,22.21038579940796,4.097999572753906,0.01870039477944374,4.097999572753906,13.995686259120703,6.209105730056763,5030.913195154671,1.5382659435272217,0.0003951449542857143,16,2048,,4018.7538912296295
adammini-stochastic_old-r8,adammini,stochastic_old,8,1.1B,sdpa,666,617,20250624,2.162494659423828,8.692796197845796,nan,nan,nan,nan,22.21038579940796,4.097999572753906,0.01870039477944374,4.097999572753906,13.995686259120703,6.225318431854248,5031.235413021789,1.5871832370758057,0.00039485924571428573,16,2048,,4025.010143518448
adammini-stochastic_old-r8,adammini,stochastic_old,8,1.1B,sdpa,666,618,20283392,2.3176138401031494,10.15142246601187,nan,nan,nan,nan,22.21038579940796,4.097999572753906,0.01870039477944374,4.097999572753906,13.995686259120703,6.221486330032349,5031.560480376885,1.661180853843689,0.00039457353714285716,16,2048,,4031.26251745224
adammini-stochastic_old-r8,adammini,stochastic_old,8,1.1B,sdpa,666,619,20316160,3.321587562561035,27.704297970891574,nan,nan,nan,nan,22.21038579940796,4.097999572753906,0.01870039477944374,4.097999572753906,13.995686259120703,6.2214109897613525,5031.88474001558,2.0748190879821777,0.0003942878285714286,16,2048,,4037.514840364456
adammini-stochastic_old-r8,adammini,stochastic_old,8,1.1B,sdpa,666,620,20348928,2.548501968383789,12.787932699314146,nan,nan,nan,nan,22.21038579940796,4.097999572753906,0.01870039477944374,4.097999572753906,13.995686259120703,6.21218466758728,5032.219532905552,1.7379192113876343,0.00039400212,16,2048,,4043.7558314800262
adammini-stochastic_old-r8,adammini,stochastic_old,8,1.1B,sdpa,666,621,20381696,2.4739086627960205,11.868747237163754,nan,nan,nan,nan,22.21038579940796,4.097999572753906,0.01870039477944374,4.097999572753906,13.995686259120703,6.2295801639556885,5032.534412601402,1.701074242591858,0.0003937164114285714,16,2048,,4050.016299724579
adammini-stochastic_old-r8,adammini,stochastic_old,8,1.1B,sdpa,666,622,20414464,2.2304792404174805,9.30432401931318,nan,nan,nan,nan,22.21038579940796,4.097999572753906,0.01870039477944374,4.097999572753906,13.995686259120703,6.220592498779297,5032.85607771061,1.6121588945388794,0.0003934307028571429,16,2048,,4056.2679674625397
adammini-stochastic_old-r8,adammini,stochastic_old,8,1.1B,sdpa,666,623,20447232,2.3239493370056152,10.215940934072004,nan,nan,nan,nan,22.21038579940796,4.097999572753906,0.01870039477944374,4.097999572753906,13.995686259120703,6.221809148788452,5033.175365929873,1.5259062051773071,0.00039314499428571426,16,2048,,4062.5208439826965
adammini-stochastic_old-r8,adammini,stochastic_old,8,1.1B,sdpa,666,624,20480000,2.3626010417938232,10.618534816988843,nan,nan,nan,nan,22.21038579940796,4.097999572753906,0.01870039477944374,4.097999572753906,13.995686259120703,6.2336180210113525,5033.4786111426,1.496228575706482,0.0003928592857142857,16,2048,,4068.786543607712
adammini-stochastic_old-r8,adammini,stochastic_old,8,1.1B,sdpa,666,625,20512768,2.3625059127807617,10.61752473429639,nan,nan,nan,nan,22.21038579940796,4.097999572753906,0.01870039477944374,4.097999572753906,13.995686259120703,6.214613676071167,5033.805278168805,1.4447811841964722,0.0003925735771428571,16,2048,,4075.0318398475647
adammini-stochastic_old-r8,adammini,stochastic_old,8,1.1B,sdpa,666,626,20545536,2.3836753368377686,10.844687587801525,nan,nan,nan,nan,22.21038579940796,4.097999572753906,0.01870039477944374,4.097999572753906,13.995686259120703,6.220452308654785,5034.123764164732,1.6250723600387573,0.00039228786857142855,16,2048,,4081.283586740494
adammini-stochastic_old-r8,adammini,stochastic_old,8,1.1B,sdpa,666,627,20578304,2.398357391357422,11.005084478875107,nan,nan,nan,nan,22.21038579940796,4.097999572753906,0.01870039477944374,4.097999572753906,13.995686259120703,6.210919618606567,5034.452736958085,1.6162735223770142,0.00039200216000000003,16,2048,,4087.5256962776184
adammini-stochastic_old-r8,adammini,stochastic_old,8,1.1B,sdpa,666,628,20611072,2.281263589859009,9.789041932051644,nan,nan,nan,nan,22.21038579940796,4.097999572753906,0.01870039477944374,4.097999572753906,13.995686259120703,6.223764181137085,5034.764929618199,1.4306565523147583,0.0003917164514285714,16,2048,,4093.7804098129272
adammini-stochastic_old-r8,adammini,stochastic_old,8,1.1B,sdpa,666,629,20643840,2.5704572200775146,13.071799764113003,nan,nan,nan,nan,22.21038579940796,4.097999572753906,0.01870039477944374,4.097999572753906,13.995686259120703,6.197256088256836,5035.109033690539,1.8907127380371094,0.00039143074285714294,16,2048,,4100.0085191726685
adammini-stochastic_old-r8,adammini,stochastic_old,8,1.1B,sdpa,666,630,20676608,1.8623660802841187,6.438953843662488,nan,nan,nan,nan,22.21038579940796,4.097999572753906,0.01870039477944374,4.097999572753906,13.995686259120703,6.220243692398071,5035.423899052837,1.8597747087478638,0.0003911450342857143,16,2048,,4106.257948875427
adammini-stochastic_old-r8,adammini,stochastic_old,8,1.1B,sdpa,666,631,20709376,2.173438310623169,8.788449571312935,nan,nan,nan,nan,22.21038579940796,4.097999572753906,0.01870039477944374,4.097999572753906,13.995686259120703,6.221098184585571,5035.738881262619,1.7988080978393555,0.00039085932571428575,16,2048,,4112.5097761154175
adammini-stochastic_old-r8,adammini,stochastic_old,8,1.1B,sdpa,666,632,20742144,2.341440439224243,10.396200878078934,nan,nan,nan,nan,22.21038579940796,4.097999572753906,0.01870039477944374,4.097999572753906,13.995686259120703,6.227899551391602,5036.042470253357,1.708975911140442,0.0003905736171428572,16,2048,,4118.768768072128
adammini-stochastic_old-r8,adammini,stochastic_old,8,1.1B,sdpa,666,633,20774912,2.5689382553100586,13.051959233172571,nan,nan,nan,nan,22.21038579940796,4.097999572753906,0.01870039477944374,4.097999572753906,13.995686259120703,6.222080230712891,5036.352118696816,1.7229316234588623,0.0003902879085714286,16,2048,,4125.021623373032
adammini-stochastic_old-r8,adammini,stochastic_old,8,1.1B,sdpa,666,634,20807680,2.1816468238830566,8.860886569451358,nan,nan,nan,nan,22.21038579940796,4.097999572753906,0.01870039477944374,4.097999572753906,13.995686259120703,6.223991870880127,5036.658320117586,1.4963514804840088,0.00039000220000000004,16,2048,,4131.276626825333
adammini-stochastic_old-r8,adammini,stochastic_old,8,1.1B,sdpa,666,635,20840448,2.4635188579559326,11.74607166086853,nan,nan,nan,nan,22.21038579940796,4.097999572753906,0.01870039477944374,4.097999572753906,13.995686259120703,6.224409818649292,5036.963533297109,1.6441898345947266,0.0003897164914285714,16,2048,,4137.532128095627
adammini-stochastic_old-r8,adammini,stochastic_old,8,1.1B,sdpa,666,636,20873216,2.3237998485565186,10.214413883046795,nan,nan,nan,nan,22.21038579940796,4.097999572753906,0.01870039477944374,4.097999572753906,13.995686259120703,6.218827724456787,5037.2742722516505,1.711949110031128,0.0003894307828571429,16,2048,,4143.781753778458
adammini-stochastic_old-r8,adammini,stochastic_old,8,1.1B,sdpa,666,637,20905984,2.388073205947876,10.892486133185521,nan,nan,nan,nan,22.21038579940796,4.097999572753906,0.01870039477944374,4.097999572753906,13.995686259120703,6.2710630893707275,5037.52096636111,8.551335334777832,0.0003891450742857143,16,2048,,4150.083689212799
adammini-stochastic_old-r8,adammini,stochastic_old,8,1.1B,sdpa,666,638,20938752,2.3157100677490234,10.132114853047376,nan,nan,nan,nan,22.21038579940796,4.097999572753906,0.01870039477944374,4.097999572753906,13.995686259120703,6.16609525680542,5037.894065251663,2.3762905597686768,0.0003888593657142857,16,2048,,4156.280732631683
adammini-stochastic_old-r8,adammini,stochastic_old,8,1.1B,sdpa,666,639,20971520,2.434969663619995,11.415472404005298,nan,nan,nan,nan,22.21038579940796,4.097999572753906,0.01870039477944374,4.097999572753906,13.995686259120703,6.215327739715576,5038.206363771416,1.681058645248413,0.00038857365714285713,16,2048,,4162.526872396469
adammini-stochastic_old-r8,adammini,stochastic_old,8,1.1B,sdpa,666,640,21004288,2.253357410430908,9.519643593366762,nan,nan,nan,nan,22.21038579940796,4.097999572753906,0.01870039477944374,4.097999572753906,13.995686259120703,6.2147440910339355,5038.518224942336,1.736706256866455,0.00038828794857142856,16,2048,,4168.773103952408
adammini-stochastic_old-r8,adammini,stochastic_old,8,1.1B,sdpa,666,641,21037056,2.2246341705322266,9.250098226344539,nan,nan,nan,nan,22.21038579940796,4.097999572753906,0.01870039477944374,4.097999572753906,13.995686259120703,6.2268195152282715,5038.814614805403,1.6645796298980713,0.00038800224,16,2048,,4175.030719995499
adammini-stochastic_old-r8,adammini,stochastic_old,8,1.1B,sdpa,666,642,21069824,2.4259440898895264,11.312904778259753,nan,nan,nan,nan,22.21038579940796,4.097999572753906,0.01870039477944374,4.097999572753906,13.995686259120703,6.233193874359131,5039.102647385243,1.61270010471344,0.0003877165314285714,16,2048,,4181.294652938843
adammini-stochastic_old-r8,adammini,stochastic_old,8,1.1B,sdpa,666,643,21102592,2.415531635284424,11.195720815896037,nan,nan,nan,nan,22.21038579940796,4.097999572753906,0.01870039477944374,4.097999572753906,13.995686259120703,6.251837968826294,5039.367627394866,1.6094646453857422,0.00038743082285714285,16,2048,,4187.577515363693
adammini-stochastic_old-r8,adammini,stochastic_old,8,1.1B,sdpa,666,644,21135360,2.1960489749908447,8.989425795639184,nan,nan,nan,nan,22.21038579940796,4.097999572753906,0.01870039477944374,4.097999572753906,13.995686259120703,6.203087568283081,5039.6899237067755,1.7382433414459229,0.00038714511428571423,16,2048,,4193.811639070511
adammini-stochastic_old-r8,adammini,stochastic_old,8,1.1B,sdpa,666,645,21168128,2.215355634689331,9.164667805910069,nan,nan,nan,nan,22.21038579940796,4.097999572753906,0.01870039477944374,4.097999572753906,13.995686259120703,6.223857402801514,5039.986567043896,1.5180552005767822,0.00038685940571428566,16,2048,,4200.066714286804
adammini-stochastic_old-r8,adammini,stochastic_old,8,1.1B,sdpa,666,646,21200896,2.3175535202026367,10.150810151686212,nan,nan,nan,nan,22.21038579940796,4.097999572753906,0.01870039477944374,4.097999572753906,13.995686259120703,6.219995498657227,5040.286366113029,1.562718391418457,0.0003865736971428572,16,2048,,4206.317454338074
adammini-stochastic_old-r8,adammini,stochastic_old,8,1.1B,sdpa,666,647,21233664,2.413482427597046,11.172801949513127,nan,nan,nan,nan,22.21038579940796,4.097999572753906,0.01870039477944374,4.097999572753906,13.995686259120703,6.219366550445557,5040.587001918157,1.7632172107696533,0.0003862879885714286,16,2048,,4212.567641735077
adammini-stochastic_old-r8,adammini,stochastic_old,8,1.1B,sdpa,666,648,21266432,2.37630033493042,10.76500219728844,nan,nan,nan,nan,22.21038579940796,4.097999572753906,0.01870039477944374,4.097999572753906,13.995686259120703,6.226543664932251,5040.877851941186,1.5002349615097046,0.00038600228000000006,16,2048,,4218.825171709061
adammini-stochastic_old-r8,adammini,stochastic_old,8,1.1B,sdpa,666,649,21299200,2.349087715148926,10.476008260365507,nan,nan,nan,nan,22.21038579940796,4.097999572753906,0.01870039477944374,4.097999572753906,13.995686259120703,6.222862482070923,5041.172185762728,1.4801139831542969,0.0003857165714285715,16,2048,,4225.078843593597
adammini-stochastic_old-r8,adammini,stochastic_old,8,1.1B,sdpa,666,650,21331968,2.4776737689971924,11.913518562493921,2.4489536785547736,11.576227924719264,nan,nan,22.21038579940796,4.097999572753906,0.01870039477944374,4.097999572753906,13.995686259120703,6.222918748855591,5041.465463767934,1.677578091621399,0.0003854308628571429,16,2048,,4243.727962017059
adammini-stochastic_old-r8,adammini,stochastic_old,8,1.1B,sdpa,666,651,21364736,2.459528684616089,11.699296182074894,nan,nan,nan,nan,22.21038579940796,4.097999572753906,0.01870039477944374,4.097999572753906,13.995686259120703,6.2182395458221436,5027.058360401493,2.078002691268921,0.0003851451542857143,16,2048,,4249.9776566028595
adammini-stochastic_old-r8,adammini,stochastic_old,8,1.1B,sdpa,666,652,21397504,2.460810422897339,11.714301232074382,nan,nan,nan,nan,22.21038579940796,4.097999572753906,0.01870039477944374,4.097999572753906,13.995686259120703,6.2204201221466064,5027.3737380369275,1.672126293182373,0.0003848594457142857,16,2048,,4256.228893995285
adammini-stochastic_old-r8,adammini,stochastic_old,8,1.1B,sdpa,666,653,21430272,2.2920596599578857,9.895297655015558,nan,nan,nan,nan,22.21038579940796,4.097999572753906,0.01870039477944374,4.097999572753906,13.995686259120703,6.214626312255859,5027.695086457765,1.4466348886489868,0.00038457373714285715,16,2048,,4262.474498033524
adammini-stochastic_old-r8,adammini,stochastic_old,8,1.1B,sdpa,666,654,21463040,2.3200314044952393,10.17599387300653,nan,nan,nan,nan,22.21038579940796,4.097999572753906,0.01870039477944374,4.097999572753906,13.995686259120703,6.212123394012451,5028.018287685272,1.5780550241470337,0.0003842880285714286,16,2048,,4268.717372179031
adammini-stochastic_old-r8,adammini,stochastic_old,8,1.1B,sdpa,666,655,21495808,2.4367029666900635,11.435276035258797,nan,nan,nan,nan,22.21038579940796,4.097999572753906,0.01870039477944374,4.097999572753906,13.995686259120703,6.225111722946167,5028.32550987258,1.5594340562820435,0.00038400232,16,2048,,4274.973437786102
adammini-stochastic_old-r8,adammini,stochastic_old,8,1.1B,sdpa,666,656,21528576,2.4039604663848877,11.066919865274608,nan,nan,nan,nan,22.21038579940796,4.097999572753906,0.01870039477944374,4.097999572753906,13.995686259120703,6.2162766456604,5028.641954695877,1.495382308959961,0.00038371661142857144,16,2048,,4281.22100687027
adammini-stochastic_old-r8,adammini,stochastic_old,8,1.1B,sdpa,666,657,21561344,2.3813610076904297,10.819618431552243,nan,nan,nan,nan,22.21038579940796,4.097999572753906,0.01870039477944374,4.097999572753906,13.995686259120703,6.216348886489868,5028.957056173105,1.5072321891784668,0.00038343090285714287,16,2048,,4287.468027114868
adammini-stochastic_old-r8,adammini,stochastic_old,8,1.1B,sdpa,666,658,21594112,2.542714834213257,12.714140944358824,nan,nan,nan,nan,22.21038579940796,4.097999572753906,0.01870039477944374,4.097999572753906,13.995686259120703,6.2155702114105225,5029.272686969034,1.8267422914505005,0.00038314519428571424,16,2048,,4293.714515924454
adammini-stochastic_old-r8,adammini,stochastic_old,8,1.1B,sdpa,666,659,21626880,2.4461653232574463,11.543994248617592,nan,nan,nan,nan,22.21038579940796,4.097999572753906,0.01870039477944374,4.097999572753906,13.995686259120703,6.217679977416992,5029.584852662666,1.6040778160095215,0.0003828594857142857,16,2048,,4299.962888240814
adammini-stochastic_old-r8,adammini,stochastic_old,8,1.1B,sdpa,666,660,21659648,2.3168654441833496,10.14382802503693,nan,nan,nan,nan,22.21038579940796,4.097999572753906,0.01870039477944374,4.097999572753906,13.995686259120703,6.2298407554626465,5029.882250699703,1.4099048376083374,0.0003825737771428571,16,2048,,4306.222525596619
adammini-stochastic_old-r8,adammini,stochastic_old,8,1.1B,sdpa,666,661,21692416,2.3551156520843506,10.53934768874207,nan,nan,nan,nan,22.21038579940796,4.097999572753906,0.01870039477944374,4.097999572753906,13.995686259120703,6.23100209236145,5030.178490481583,1.6124320030212402,0.00038228806857142853,16,2048,,4312.484233856201
adammini-stochastic_old-r8,adammini,stochastic_old,8,1.1B,sdpa,666,662,21725184,2.342658042907715,10.40886704018015,nan,nan,nan,nan,22.21038579940796,4.097999572753906,0.01870039477944374,4.097999572753906,13.995686259120703,6.226537466049194,5030.477747950931,1.517814040184021,0.00038200236,16,2048,,4318.741806745529
adammini-stochastic_old-r8,adammini,stochastic_old,8,1.1B,sdpa,666,663,21757952,2.2346813678741455,9.343504237221895,nan,nan,nan,nan,22.21038579940796,4.097999572753906,0.01870039477944374,4.097999572753906,13.995686259120703,6.231976747512817,5030.769485594282,1.450805902481079,0.00038171665142857145,16,2048,,4325.0045347213745
adammini-stochastic_old-r8,adammini,stochastic_old,8,1.1B,sdpa,666,664,21790720,2.2823569774627686,9.799751002668478,nan,nan,nan,nan,22.21038579940796,4.097999572753906,0.01870039477944374,4.097999572753906,13.995686259120703,6.229553461074829,5031.063510617902,1.540656328201294,0.00038143094285714293,16,2048,,4331.265072584152
adammini-stochastic_old-r8,adammini,stochastic_old,8,1.1B,sdpa,666,665,21823488,2.357142448425293,10.560730462016986,nan,nan,nan,nan,22.21038579940796,4.097999572753906,0.01870039477944374,4.097999572753906,13.995686259120703,6.201706647872925,5031.388804608852,1.5663105249404907,0.0003811452342857143,16,2048,,4337.497806549072
adammini-stochastic_old-r8,adammini,stochastic_old,8,1.1B,sdpa,666,666,21856256,2.3936777114868164,10.953704521207662,nan,nan,nan,nan,22.21038579940796,4.097999572753906,0.01870039477944374,4.097999572753906,13.995686259120703,6.223759889602661,5031.687610604366,1.5721328258514404,0.00038085952571428574,16,2048,,4343.752534866333
adammini-stochastic_old-r8,adammini,stochastic_old,8,1.1B,sdpa,666,667,21889024,2.426227331161499,11.316109513634089,nan,nan,nan,nan,22.21038579940796,4.097999572753906,0.01870039477944374,4.097999572753906,13.995686259120703,6.213433504104614,5031.997489495472,1.5046122074127197,0.00038057381714285717,16,2048,,4349.997074127197
adammini-stochastic_old-r8,adammini,stochastic_old,8,1.1B,sdpa,666,668,21921792,2.356830358505249,10.557435078746188,nan,nan,nan,nan,22.21038579940796,4.097999572753906,0.01870039477944374,4.097999572753906,13.995686259120703,6.222004175186157,5032.296326039129,1.4949252605438232,0.0003802881085714286,16,2048,,4356.250294446945
adammini-stochastic_old-r8,adammini,stochastic_old,8,1.1B,sdpa,666,669,21954560,2.108677864074707,8.237343194469556,nan,nan,nan,nan,22.21038579940796,4.097999572753906,0.01870039477944374,4.097999572753906,13.995686259120703,6.224871873855591,5032.591204772935,1.5390750169754028,0.0003800024,16,2048,,4362.506049156189
adammini-stochastic_old-r8,adammini,stochastic_old,8,1.1B,sdpa,666,670,21987328,2.393791675567627,10.95495292120992,nan,nan,nan,nan,22.21038579940796,4.097999572753906,0.01870039477944374,4.097999572753906,13.995686259120703,6.223130464553833,5032.887399497092,1.5328067541122437,0.00037971669142857146,16,2048,,4368.758018016815
adammini-stochastic_old-r8,adammini,stochastic_old,8,1.1B,sdpa,666,671,22020096,2.459059476852417,11.693808069110059,nan,nan,nan,nan,22.21038579940796,4.097999572753906,0.01870039477944374,4.097999572753906,13.995686259120703,6.210899591445923,5033.1989943351655,1.4910086393356323,0.0003794309828571429,16,2048,,4375.000089168549
adammini-stochastic_old-r8,adammini,stochastic_old,8,1.1B,sdpa,666,672,22052864,2.513064384460449,12.342694930462642,nan,nan,nan,nan,22.21038579940796,4.097999572753906,0.01870039477944374,4.097999572753906,13.995686259120703,6.223021030426025,5033.493384767824,1.4859275817871094,0.00037914527428571426,16,2048,,4381.2542905807495
adammini-stochastic_old-r8,adammini,stochastic_old,8,1.1B,sdpa,666,673,22085632,2.3630855083465576,10.623680388274668,nan,nan,nan,nan,22.21038579940796,4.097999572753906,0.01870039477944374,4.097999572753906,13.995686259120703,6.227111577987671,5033.782283570703,1.7117102146148682,0.0003788595657142857,16,2048,,4387.512403964996
adammini-stochastic_old-r8,adammini,stochastic_old,8,1.1B,sdpa,666,674,22118400,3.368183135986328,29.02574329339611,nan,nan,nan,nan,22.21038579940796,4.097999572753906,0.01870039477944374,4.097999572753906,13.995686259120703,6.231957912445068,5034.064820435342,2.3050734996795654,0.0003785738571428571,16,2048,,4393.775274515152
adammini-stochastic_old-r8,adammini,stochastic_old,8,1.1B,sdpa,666,675,22151168,2.868267059326172,17.606480761060848,nan,nan,nan,nan,22.21038579940796,4.097999572753906,0.01870039477944374,4.097999572753906,13.995686259120703,6.194660663604736,5034.388679037816,1.7045011520385742,0.00037828814857142855,16,2048,,4400.001619577408
adammini-stochastic_old-r8,adammini,stochastic_old,8,1.1B,sdpa,666,676,22183936,2.5608482360839844,12.946794597571126,nan,nan,nan,nan,22.21038579940796,4.097999572753906,0.01870039477944374,4.097999572753906,13.995686259120703,6.211818218231201,5034.6923958959105,2.2878661155700684,0.00037800244,16,2048,,4406.244673252106
adammini-stochastic_old-r8,adammini,stochastic_old,8,1.1B,sdpa,666,677,22216704,2.5045969486236572,12.23862517686053,nan,nan,nan,nan,22.21038579940796,4.097999572753906,0.01870039477944374,4.097999572753906,13.995686259120703,6.228253602981567,5034.976620260922,1.9542677402496338,0.0003777167314285714,16,2048,,4412.503953695297
adammini-stochastic_old-r8,adammini,stochastic_old,8,1.1B,sdpa,666,678,22249472,2.353670597076416,10.524128750334,nan,nan,nan,nan,22.21038579940796,4.097999572753906,0.01870039477944374,4.097999572753906,13.995686259120703,6.215864181518555,5035.274103157451,1.9107285737991333,0.0003774310228571429,16,2048,,4418.750913143158
adammini-stochastic_old-r8,adammini,stochastic_old,8,1.1B,sdpa,666,679,22282240,2.4347546100616455,11.413017729997225,nan,nan,nan,nan,22.21038579940796,4.097999572753906,0.01870039477944374,4.097999572753906,13.995686259120703,6.21454381942749,5035.572507772509,1.6437861919403076,0.00037714531428571427,16,2048,,4424.996317863464
adammini-stochastic_old-r8,adammini,stochastic_old,8,1.1B,sdpa,666,680,22315008,2.293257474899292,9.907157491923321,nan,nan,nan,nan,22.21038579940796,4.097999572753906,0.01870039477944374,4.097999572753906,13.995686259120703,6.209849119186401,5035.875402755466,1.767411470413208,0.00037685960571428575,16,2048,,4431.236032962799
adammini-stochastic_old-r8,adammini,stochastic_old,8,1.1B,sdpa,666,681,22347776,2.4583563804626465,11.685589084581757,nan,nan,nan,nan,22.21038579940796,4.097999572753906,0.01870039477944374,4.097999572753906,13.995686259120703,6.218660354614258,5036.168630848637,1.561497449874878,0.00037657389714285713,16,2048,,4437.485544681549
adammini-stochastic_old-r8,adammini,stochastic_old,8,1.1B,sdpa,666,682,22380544,2.2672131061553955,9.652462905505487,nan,nan,nan,nan,22.21038579940796,4.097999572753906,0.01870039477944374,4.097999572753906,13.995686259120703,6.197079181671143,5036.484163226748,1.605305552482605,0.0003762881885714286,16,2048,,4443.713739156723
adammini-stochastic_old-r8,adammini,stochastic_old,8,1.1B,sdpa,666,683,22413312,2.4707448482513428,11.831256060865165,nan,nan,nan,nan,22.21038579940796,4.097999572753906,0.01870039477944374,4.097999572753906,13.995686259120703,6.217408895492554,5036.775805032311,1.489130973815918,0.00037600248000000004,16,2048,,4449.962010145187
adammini-stochastic_old-r8,adammini,stochastic_old,8,1.1B,sdpa,666,684,22446080,2.3888673782348633,10.901140079716301,nan,nan,nan,nan,22.21038579940796,4.097999572753906,0.01870039477944374,4.097999572753906,13.995686259120703,6.220139026641846,5037.063760696799,1.6017627716064453,0.00037571677142857147,16,2048,,4456.213447093964
adammini-stochastic_old-r8,adammini,stochastic_old,8,1.1B,sdpa,666,685,22478848,2.2453536987304688,9.443755210038569,nan,nan,nan,nan,22.21038579940796,4.097999572753906,0.01870039477944374,4.097999572753906,13.995686259120703,6.210432767868042,5037.361427448081,1.7334582805633545,0.0003754310628571429,16,2048,,4462.454876899719
adammini-stochastic_old-r8,adammini,stochastic_old,8,1.1B,sdpa,666,686,22511616,1.9970206022262573,7.367073924720852,nan,nan,nan,nan,22.21038579940796,4.097999572753906,0.01870039477944374,4.097999572753906,13.995686259120703,6.201937913894653,5037.6681187024715,1.6990739107131958,0.0003751453542857143,16,2048,,4468.687881708145
adammini-stochastic_old-r8,adammini,stochastic_old,8,1.1B,sdpa,666,687,22544384,2.3671443462371826,10.666887811418425,nan,nan,nan,nan,22.21038579940796,4.097999572753906,0.01870039477944374,4.097999572753906,13.995686259120703,6.210546255111694,5037.964094163608,1.6687244176864624,0.00037485964571428576,16,2048,,4474.929496765137
adammini-stochastic_old-r8,adammini,stochastic_old,8,1.1B,sdpa,666,688,22577152,2.475236654281616,11.884519302705854,nan,nan,nan,nan,22.21038579940796,4.097999572753906,0.01870039477944374,4.097999572753906,13.995686259120703,6.236835956573486,5038.22981738971,1.5988377332687378,0.00037457393714285714,16,2048,,4481.197335481644
adammini-stochastic_old-r8,adammini,stochastic_old,8,1.1B,sdpa,666,689,22609920,2.2973568439483643,9.94785394460788,nan,nan,nan,nan,22.21038579940796,4.097999572753906,0.01870039477944374,4.097999572753906,13.995686259120703,6.2270331382751465,5038.5057837993445,1.5306977033615112,0.00037428822857142857,16,2048,,4487.455344676971
adammini-stochastic_old-r8,adammini,stochastic_old,8,1.1B,sdpa,666,690,22642688,2.074026584625244,7.956797419187729,nan,nan,nan,nan,22.21038579940796,4.097999572753906,0.01870039477944374,4.097999572753906,13.995686259120703,6.191403865814209,5038.821167285935,1.6785993576049805,0.00037400252,16,2048,,4493.675752878189
adammini-stochastic_old-r8,adammini,stochastic_old,8,1.1B,sdpa,666,691,22675456,2.3317768573760986,10.296220203753833,nan,nan,nan,nan,22.21038579940796,4.097999572753906,0.01870039477944374,4.097999572753906,13.995686259120703,6.2096686363220215,5039.117144412888,1.6987086534500122,0.0003737168114285714,16,2048,,4499.916504859924
adammini-stochastic_old-r8,adammini,stochastic_old,8,1.1B,sdpa,666,692,22708224,2.1751716136932373,8.80369582731012,nan,nan,nan,nan,22.21038579940796,4.097999572753906,0.01870039477944374,4.097999572753906,13.995686259120703,6.205209732055664,5039.415010715291,1.718013882637024,0.00037343110285714286,16,2048,,4506.152661323547
adammini-stochastic_old-r8,adammini,stochastic_old,8,1.1B,sdpa,666,693,22740992,2.277163505554199,9.748988202811113,nan,nan,nan,nan,22.21038579940796,4.097999572753906,0.01870039477944374,4.097999572753906,13.995686259120703,6.24991512298584,5039.662061288074,1.5118919610977173,0.00037314539428571423,16,2048,,4512.433603286743
adammini-stochastic_old-r8,adammini,stochastic_old,8,1.1B,sdpa,666,694,22773760,2.287163257598877,9.846964721543333,nan,nan,nan,nan,22.21038579940796,4.097999572753906,0.01870039477944374,4.097999572753906,13.995686259120703,6.256113052368164,5039.90181056334,1.472801923751831,0.00037285968571428577,16,2048,,4518.720724821091
adammini-stochastic_old-r8,adammini,stochastic_old,8,1.1B,sdpa,666,695,22806528,2.1443700790405273,8.536662120869002,nan,nan,nan,nan,22.21038579940796,4.097999572753906,0.01870039477944374,4.097999572753906,13.995686259120703,6.244255065917969,5040.153893452551,1.750710368156433,0.00037257397714285715,16,2048,,4524.996141672134
adammini-stochastic_old-r8,adammini,stochastic_old,8,1.1B,sdpa,666,696,22839296,2.138854742050171,8.489709152243508,nan,nan,nan,nan,22.21038579940796,4.097999572753906,0.01870039477944374,4.097999572753906,13.995686259120703,6.240344047546387,5040.40944163472,1.4886503219604492,0.0003722882685714286,16,2048,,4531.267860174179
adammini-stochastic_old-r8,adammini,stochastic_old,8,1.1B,sdpa,666,697,22872064,2.27575421333313,9.735258706282274,nan,nan,nan,nan,22.21038579940796,4.097999572753906,0.01870039477944374,4.097999572753906,13.995686259120703,6.213011741638184,5040.695027831382,1.4640592336654663,0.00037200256,16,2048,,4537.51177406311
adammini-stochastic_old-r8,adammini,stochastic_old,8,1.1B,sdpa,666,698,22904832,2.3240184783935547,10.21664730282667,nan,nan,nan,nan,22.21038579940796,4.097999572753906,0.01870039477944374,4.097999572753906,13.995686259120703,6.2163379192352295,5040.976322247789,1.542171835899353,0.00037171685142857144,16,2048,,4543.758775472641
adammini-stochastic_old-r8,adammini,stochastic_old,8,1.1B,sdpa,666,699,22937600,2.4870731830596924,12.026026582808665,nan,nan,nan,nan,22.21038579940796,4.097999572753906,0.01870039477944374,4.097999572753906,13.995686259120703,6.231226921081543,5041.240356896932,1.6427081823349,0.00037143114285714287,16,2048,,4550.02096581459
adammini-stochastic_old-r8,adammini,stochastic_old,8,1.1B,sdpa,666,700,22970368,2.2937934398651123,9.912468804461435,2.448544092675854,11.571487436115014,nan,nan,22.21038579940796,4.097999572753906,0.01870039477944374,4.097999572753906,13.995686259120703,6.2230753898620605,5041.512429848446,1.4917184114456177,0.00037114543428571424,16,2048,,4568.812182426453
adammini-stochastic_old-r8,adammini,stochastic_old,8,1.1B,sdpa,666,701,23003136,2.3894834518432617,10.907858053591589,nan,nan,nan,nan,22.21038579940796,4.097999572753906,0.01870039477944374,4.097999572753906,13.995686259120703,6.255505800247192,5027.92711494252,1.5853567123413086,0.0003708597257142858,16,2048,,4575.102931499481
adammini-stochastic_old-r8,adammini,stochastic_old,8,1.1B,sdpa,666,702,23035904,2.4183266162872314,11.227056413690217,nan,nan,nan,nan,22.21038579940796,4.097999572753906,0.01870039477944374,4.097999572753906,13.995686259120703,6.234911918640137,5028.198915039359,1.61604642868042,0.00037057401714285715,16,2048,,4581.3728013038635
adammini-stochastic_old-r8,adammini,stochastic_old,8,1.1B,sdpa,666,703,23068672,2.938239336013794,18.882571164657357,nan,nan,nan,nan,22.21038579940796,4.097999572753906,0.01870039477944374,4.097999572753906,13.995686259120703,6.23751163482666,5028.467318173484,2.7007598876953125,0.0003702883085714286,16,2048,,4587.644260883331
adammini-stochastic_old-r8,adammini,stochastic_old,8,1.1B,sdpa,666,704,23101440,3.011897325515747,20.325928265610887,nan,nan,nan,nan,22.21038579940796,4.097999572753906,0.01870039477944374,4.097999572753906,13.995686259120703,6.21455717086792,5028.761707341025,2.1841256618499756,0.0003700026,16,2048,,4593.892334222794
adammini-stochastic_old-r8,adammini,stochastic_old,8,1.1B,sdpa,666,705,23134208,2.3110604286193848,10.085113529634231,nan,nan,nan,nan,22.21038579940796,4.097999572753906,0.01870039477944374,4.097999572753906,13.995686259120703,6.214736223220825,5029.057246796213,1.509056568145752,0.00036971689142857144,16,2048,,4600.138221740723
adammini-stochastic_old-r8,adammini,stochastic_old,8,1.1B,sdpa,666,706,23166976,2.409764051437378,11.13133441283587,nan,nan,nan,nan,22.21038579940796,4.097999572753906,0.01870039477944374,4.097999572753906,13.995686259120703,6.21631121635437,5029.350086608611,1.546732783317566,0.0003694311828571429,16,2048,,4606.3854393959045
adammini-stochastic_old-r8,adammini,stochastic_old,8,1.1B,sdpa,666,707,23199744,2.1683638095855713,8.743965537439816,nan,nan,nan,nan,22.21038579940796,4.097999572753906,0.01870039477944374,4.097999572753906,13.995686259120703,6.2140936851501465,5029.644945819143,1.4754587411880493,0.00036914547428571425,16,2048,,4612.630658149719
adammini-stochastic_old-r8,adammini,stochastic_old,8,1.1B,sdpa,666,708,23232512,2.373047351837158,10.730040722514808,nan,nan,nan,nan,22.21038579940796,4.097999572753906,0.01870039477944374,4.097999572753906,13.995686259120703,6.211889028549194,5029.940992636903,1.4800999164581299,0.00036885976571428573,16,2048,,4618.873653411865
adammini-stochastic_old-r8,adammini,stochastic_old,8,1.1B,sdpa,666,709,23265280,1.9969779253005981,7.366759527363445,nan,nan,nan,nan,22.21038579940796,4.097999572753906,0.01870039477944374,4.097999572753906,13.995686259120703,6.20170259475708,5030.247613308108,1.4756451845169067,0.0003685740571428571,16,2048,,4625.106292247772
adammini-stochastic_old-r8,adammini,stochastic_old,8,1.1B,sdpa,666,710,23298048,2.2750191688537598,9.728105487404072,nan,nan,nan,nan,22.21038579940796,4.097999572753906,0.01870039477944374,4.097999572753906,13.995686259120703,6.217958927154541,5030.534556418564,1.5827654600143433,0.00036828834857142865,16,2048,,4631.3564829826355
adammini-stochastic_old-r8,adammini,stochastic_old,8,1.1B,sdpa,666,711,23330816,2.093921661376953,8.116683715876539,nan,nan,nan,nan,22.21038579940796,4.097999572753906,0.01870039477944374,4.097999572753906,13.995686259120703,6.219343185424805,5030.8202284952695,1.4620929956436157,0.00036800264,16,2048,,4637.606597900391
adammini-stochastic_old-r8,adammini,stochastic_old,8,1.1B,sdpa,666,712,23363584,2.4320781230926514,11.382511779366647,nan,nan,nan,nan,22.21038579940796,4.097999572753906,0.01870039477944374,4.097999572753906,13.995686259120703,6.234822511672974,5031.088601848053,1.5760281085968018,0.00036771693142857145,16,2048,,4643.8725233078
adammini-stochastic_old-r8,adammini,stochastic_old,8,1.1B,sdpa,666,713,23396352,2.5885064601898193,13.309877918348937,nan,nan,nan,nan,22.21038579940796,4.097999572753906,0.01870039477944374,4.097999572753906,13.995686259120703,6.222674369812012,5031.369015632165,1.6514557600021362,0.0003674312228571429,16,2048,,4650.126622438431
adammini-stochastic_old-r8,adammini,stochastic_old,8,1.1B,sdpa,666,714,23429120,2.300522565841675,9.979395983951719,nan,nan,nan,nan,22.21038579940796,4.097999572753906,0.01870039477944374,4.097999572753906,13.995686259120703,6.219210386276245,5031.652653284659,1.4977542161941528,0.00036714551428571426,16,2048,,4656.376915931702
adammini-stochastic_old-r8,adammini,stochastic_old,8,1.1B,sdpa,666,715,23461888,2.4328935146331787,11.391796768117699,nan,nan,nan,nan,22.21038579940796,4.097999572753906,0.01870039477944374,4.097999572753906,13.995686259120703,6.232013940811157,5031.921506933303,1.5689219236373901,0.00036685980571428574,16,2048,,4662.640161752701
adammini-stochastic_old-r8,adammini,stochastic_old,8,1.1B,sdpa,666,716,23494656,2.4104957580566406,11.139482264461925,nan,nan,nan,nan,22.21038579940796,4.097999572753906,0.01870039477944374,4.097999572753906,13.995686259120703,6.216465950012207,5032.206327297159,1.6234798431396484,0.0003665740971428571,16,2048,,4668.887708425522
adammini-stochastic_old-r8,adammini,stochastic_old,8,1.1B,sdpa,666,717,23527424,2.3571624755859375,10.560941965580373,nan,nan,nan,nan,22.21038579940796,4.097999572753906,0.01870039477944374,4.097999572753906,13.995686259120703,6.214635610580444,5032.492727766992,1.6061762571334839,0.0003662883885714286,16,2048,,4675.133325338364
adammini-stochastic_old-r8,adammini,stochastic_old,8,1.1B,sdpa,666,718,23560192,2.286393880844116,9.839391609443403,nan,nan,nan,nan,22.21038579940796,4.097999572753906,0.01870039477944374,4.097999572753906,13.995686259120703,6.21879506111145,5032.773770336076,1.4518885612487793,0.00036600268,16,2048,,4681.3832540512085
adammini-stochastic_old-r8,adammini,stochastic_old,8,1.1B,sdpa,666,719,23592960,2.5933964252471924,13.375122147278761,nan,nan,nan,nan,22.21038579940796,4.097999572753906,0.01870039477944374,4.097999572753906,13.995686259120703,6.204078674316406,5033.069775874051,2.1303184032440186,0.00036571697142857146,16,2048,,4687.618481636047
adammini-stochastic_old-r8,adammini,stochastic_old,8,1.1B,sdpa,666,720,23625728,2.0283963680267334,7.60188595154397,nan,nan,nan,nan,22.21038579940796,4.097999572753906,0.01870039477944374,4.097999572753906,13.995686259120703,6.231672286987305,5033.334453658877,1.720165491104126,0.0003654312628571429,16,2048,,4693.881974697113
adammini-stochastic_old-r8,adammini,stochastic_old,8,1.1B,sdpa,666,721,23658496,2.409778118133545,11.131490995036282,nan,nan,nan,nan,22.21038579940796,4.097999572753906,0.01870039477944374,4.097999572753906,13.995686259120703,6.171802997589111,5033.661702588821,1.5148676633834839,0.00036514555428571427,16,2048,,4700.086768388748
adammini-stochastic_old-r8,adammini,stochastic_old,8,1.1B,sdpa,666,722,23691264,2.519789695739746,12.425983151576203,nan,nan,nan,nan,22.21038579940796,4.097999572753906,0.01870039477944374,4.097999572753906,13.995686259120703,6.195491313934326,5033.964034398558,1.6049987077713013,0.00036485984571428575,16,2048,,4706.313848733902
adammini-stochastic_old-r8,adammini,stochastic_old,8,1.1B,sdpa,666,723,23724032,2.4716219902038574,11.841638304592205,nan,nan,nan,nan,22.21038579940796,4.097999572753906,0.01870039477944374,4.097999572753906,13.995686259120703,6.227140426635742,5034.231728899475,1.8062626123428345,0.0003645741371428571,16,2048,,4712.572679042816
adammini-stochastic_old-r8,adammini,stochastic_old,8,1.1B,sdpa,666,724,23756800,2.3478691577911377,10.463250418079541,nan,nan,nan,nan,22.21038579940796,4.097999572753906,0.01870039477944374,4.097999572753906,13.995686259120703,6.1970298290252686,5034.531305068187,1.5474445819854736,0.0003642884285714286,16,2048,,4718.800925016403
adammini-stochastic_old-r8,adammini,stochastic_old,8,1.1B,sdpa,666,725,23789568,2.3501787185668945,10.487443858188085,nan,nan,nan,nan,22.21038579940796,4.097999572753906,0.01870039477944374,4.097999572753906,13.995686259120703,6.228968858718872,5034.7961061007045,1.5386805534362793,0.00036400272,16,2048,,4725.060646057129
adammini-stochastic_old-r8,adammini,stochastic_old,8,1.1B,sdpa,666,726,23822336,2.607374429702759,13.563392420187805,nan,nan,nan,nan,22.21038579940796,4.097999572753906,0.01870039477944374,4.097999572753906,13.995686259120703,6.243520259857178,5035.045083609996,1.6134355068206787,0.00036371701142857147,16,2048,,4731.335338354111
adammini-stochastic_old-r8,adammini,stochastic_old,8,1.1B,sdpa,666,727,23855104,2.2553677558898926,9.538800615299955,nan,nan,nan,nan,22.21038579940796,4.097999572753906,0.01870039477944374,4.097999572753906,13.995686259120703,6.216523170471191,5035.321800451053,1.4677009582519531,0.0003634313028571429,16,2048,,4737.583024024963
adammini-stochastic_old-r8,adammini,stochastic_old,8,1.1B,sdpa,666,728,23887872,2.413621187210083,11.174352390755008,nan,nan,nan,nan,22.21038579940796,4.097999572753906,0.01870039477944374,4.097999572753906,13.995686259120703,6.217020750045776,5035.597142292743,1.5310543775558472,0.00036314559428571433,16,2048,,4743.830841779709
adammini-stochastic_old-r8,adammini,stochastic_old,8,1.1B,sdpa,666,729,23920640,2.3452250957489014,10.435621477223881,nan,nan,nan,nan,22.21038579940796,4.097999572753906,0.01870039477944374,4.097999572753906,13.995686259120703,6.225522041320801,5035.863181951504,1.5277189016342163,0.00036285988571428576,16,2048,,4750.087486505508
adammini-stochastic_old-r8,adammini,stochastic_old,8,1.1B,sdpa,666,730,23953408,2.241135358810425,9.40400214535923,nan,nan,nan,nan,22.21038579940796,4.097999572753906,0.01870039477944374,4.097999572753906,13.995686259120703,6.208474397659302,5036.1463166238445,1.558414340019226,0.00036257417714285713,16,2048,,4756.326870203018
adammini-stochastic_old-r8,adammini,stochastic_old,8,1.1B,sdpa,666,731,23986176,2.5775411128997803,13.164727749976679,nan,nan,nan,nan,22.21038579940796,4.097999572753906,0.01870039477944374,4.097999572753906,13.995686259120703,6.211005210876465,5036.426108946233,1.7190760374069214,0.0003622884685714286,16,2048,,4762.568838357925
adammini-stochastic_old-r8,adammini,stochastic_old,8,1.1B,sdpa,666,732,24018944,2.3750267028808594,10.751300272933586,nan,nan,nan,nan,22.21038579940796,4.097999572753906,0.01870039477944374,4.097999572753906,13.995686259120703,6.21824312210083,5036.697499086924,1.5823559761047363,0.00036200276,16,2048,,4768.818132400513
adammini-stochastic_old-r8,adammini,stochastic_old,8,1.1B,sdpa,666,733,24051712,2.408297300338745,11.115019483751611,nan,nan,nan,nan,22.21038579940796,4.097999572753906,0.01870039477944374,4.097999572753906,13.995686259120703,6.218152284622192,5036.968129833159,1.5211142301559448,0.0003617170514285714,16,2048,,4775.06734251976
adammini-stochastic_old-r8,adammini,stochastic_old,8,1.1B,sdpa,666,734,24084480,2.3443195819854736,10.426176155426171,nan,nan,nan,nan,22.21038579940796,4.097999572753906,0.01870039477944374,4.097999572753906,13.995686259120703,6.219616413116455,5037.236751763716,1.5305782556533813,0.00036143134285714285,16,2048,,4781.317673444748
adammini-stochastic_old-r8,adammini,stochastic_old,8,1.1B,sdpa,666,735,24117248,2.376143217086792,10.763310956222107,nan,nan,nan,nan,22.21038579940796,4.097999572753906,0.01870039477944374,4.097999572753906,13.995686259120703,6.234829425811768,5037.488815286909,1.6486616134643555,0.0003611456342857143,16,2048,,4787.583558559418
adammini-stochastic_old-r8,adammini,stochastic_old,8,1.1B,sdpa,666,736,24150016,2.3366434574127197,10.346449914194002,nan,nan,nan,nan,22.21038579940796,4.097999572753906,0.01870039477944374,4.097999572753906,13.995686259120703,6.220843553543091,5037.754644608803,1.6112996339797974,0.0003608599257142857,16,2048,,4793.835351705551
adammini-stochastic_old-r8,adammini,stochastic_old,8,1.1B,sdpa,666,737,24182784,2.3110926151275635,10.085438139447337,nan,nan,nan,nan,22.21038579940796,4.097999572753906,0.01870039477944374,4.097999572753906,13.995686259120703,6.227056980133057,5038.013267277974,1.5608975887298584,0.0003605742171428571,16,2048,,4800.0933158397675
adammini-stochastic_old-r8,adammini,stochastic_old,8,1.1B,sdpa,666,738,24215552,2.315239667892456,10.127349828495078,nan,nan,nan,nan,22.21038579940796,4.097999572753906,0.01870039477944374,4.097999572753906,13.995686259120703,6.245012521743774,5038.252399224449,1.946367621421814,0.0003602885085714286,16,2048,,4806.369470834732
adammini-stochastic_old-r8,adammini,stochastic_old,8,1.1B,sdpa,666,739,24248320,2.1928346157073975,8.960576941510267,nan,nan,nan,nan,22.21038579940796,4.097999572753906,0.01870039477944374,4.097999572753906,13.995686259120703,6.216677188873291,5038.520306041916,1.5269155502319336,0.0003600028,16,2048,,4812.617202758789
adammini-stochastic_old-r8,adammini,stochastic_old,8,1.1B,sdpa,666,740,24281088,2.4328243732452393,11.391009150706822,nan,nan,nan,nan,22.21038579940796,4.097999572753906,0.01870039477944374,4.097999572753906,13.995686259120703,6.232033967971802,5038.771936128975,1.5230419635772705,0.00035971709142857143,16,2048,,4818.879534482956
adammini-stochastic_old-r8,adammini,stochastic_old,8,1.1B,sdpa,666,741,24313856,2.4042227268218994,11.069822661142467,nan,nan,nan,nan,22.21038579940796,4.097999572753906,0.01870039477944374,4.097999572753906,13.995686259120703,6.2360780239105225,5039.01919361667,1.5609852075576782,0.00035943138285714286,16,2048,,4825.14639377594
adammini-stochastic_old-r8,adammini,stochastic_old,8,1.1B,sdpa,666,742,24346624,2.3742775917053223,10.743249369634887,nan,nan,nan,nan,22.21038579940796,4.097999572753906,0.01870039477944374,4.097999572753906,13.995686259120703,6.227694988250732,5039.272820176026,1.526293158531189,0.00035914567428571435,16,2048,,4831.403826951981
adammini-stochastic_old-r8,adammini,stochastic_old,8,1.1B,sdpa,666,743,24379392,2.420600175857544,11.252610833986694,nan,nan,nan,nan,22.21038579940796,4.097999572753906,0.01870039477944374,4.097999572753906,13.995686259120703,6.233420133590698,5039.523292532223,1.6644834280014038,0.0003588599657142858,16,2048,,4837.668051958084
adammini-stochastic_old-r8,adammini,stochastic_old,8,1.1B,sdpa,666,744,24412160,2.470249891281128,11.825401547197139,nan,nan,nan,nan,22.21038579940796,4.097999572753906,0.01870039477944374,4.097999572753906,13.995686259120703,6.278055906295776,5039.724490397364,1.565300703048706,0.00035857425714285715,16,2048,,4843.977008104324
adammini-stochastic_old-r8,adammini,stochastic_old,8,1.1B,sdpa,666,745,24444928,2.3461029529571533,10.44478648495573,nan,nan,nan,nan,22.21038579940796,4.097999572753906,0.01870039477944374,4.097999572753906,13.995686259120703,6.223357677459717,5039.981784930595,1.5820125341415405,0.00035828854857142863,16,2048,,4850.231344938278
adammini-stochastic_old-r8,adammini,stochastic_old,8,1.1B,sdpa,666,746,24477696,2.2809810638427734,9.786276663680344,nan,nan,nan,nan,22.21038579940796,4.097999572753906,0.01870039477944374,4.097999572753906,13.995686259120703,6.229851245880127,5040.231747735076,1.593671202659607,0.00035800284,16,2048,,4856.49231004715
adammini-stochastic_old-r8,adammini,stochastic_old,8,1.1B,sdpa,666,747,24510464,2.681776523590088,14.611027087360062,nan,nan,nan,nan,22.21038579940796,4.097999572753906,0.01870039477944374,4.097999572753906,13.995686259120703,6.226257085800171,5040.484649096181,2.1145825386047363,0.00035771713142857144,16,2048,,4862.749582767487
adammini-stochastic_old-r8,adammini,stochastic_old,8,1.1B,sdpa,666,748,24543232,2.021949529647827,7.553035456255868,nan,nan,nan,nan,22.21038579940796,4.097999572753906,0.01870039477944374,4.097999572753906,13.995686259120703,6.214971542358398,5040.748578932643,1.810957670211792,0.00035743142285714287,16,2048,,4868.995199918747
adammini-stochastic_old-r8,adammini,stochastic_old,8,1.1B,sdpa,666,749,24576000,2.451916456222534,11.610576572869176,nan,nan,nan,nan,22.21038579940796,4.097999572753906,0.01870039477944374,4.097999572753906,13.995686259120703,6.226233005523682,5041.00053517015,1.7036665678024292,0.0003571457142857143,16,2048,,4875.252418994904
adammini-stochastic_old-r8,adammini,stochastic_old,8,1.1B,sdpa,666,750,24608768,2.227527141571045,9.276897238311621,2.4481685759181904,11.567142964433668,nan,nan,22.21038579940796,4.097999572753906,0.01870039477944374,4.097999572753906,13.995686259120703,6.214801073074341,5041.263460814824,1.5371474027633667,0.00035686000571428573,16,2048,,4894.102961778641
adammini-stochastic_old-r8,adammini,stochastic_old,8,1.1B,sdpa,666,751,24641536,2.2528464794158936,9.514780954545303,nan,nan,nan,nan,22.21038579940796,4.097999572753906,0.01870039477944374,4.097999572753906,13.995686259120703,6.234334707260132,5028.536738880465,1.741325855255127,0.0003565742971428571,16,2048,,4900.369302272797
adammini-stochastic_old-r8,adammini,stochastic_old,8,1.1B,sdpa,666,752,24674304,2.573953866958618,13.117587236648264,nan,nan,nan,nan,22.21038579940796,4.097999572753906,0.01870039477944374,4.097999572753906,13.995686259120703,6.233565330505371,5028.793311320203,1.5470918416976929,0.0003562885885714286,16,2048,,4906.631784200668
adammini-stochastic_old-r8,adammini,stochastic_old,8,1.1B,sdpa,666,753,24707072,2.398301362991333,11.00446789924622,nan,nan,nan,nan,22.21038579940796,4.097999572753906,0.01870039477944374,4.097999572753906,13.995686259120703,6.217341899871826,5029.070757846497,2.2032699584960938,0.00035600287999999996,16,2048,,4912.87992477417
adammini-stochastic_old-r8,adammini,stochastic_old,8,1.1B,sdpa,666,754,24739840,2.442422389984131,11.500866610722802,nan,nan,nan,nan,22.21038579940796,4.097999572753906,0.01870039477944374,4.097999572753906,13.995686259120703,6.222493410110474,5029.3391154762985,1.5131241083145142,0.0003557171714285714,16,2048,,4919.133392333984
adammini-stochastic_old-r8,adammini,stochastic_old,8,1.1B,sdpa,666,755,24772608,2.1816487312316895,8.86090347026736,nan,nan,nan,nan,22.21038579940796,4.097999572753906,0.01870039477944374,4.097999572753906,13.995686259120703,6.21718168258667,5029.611952668185,1.5253968238830566,0.0003554314628571428,16,2048,,4925.38160443306
adammini-stochastic_old-r8,adammini,stochastic_old,8,1.1B,sdpa,666,756,24805376,2.1952335834503174,8.982098881449096,nan,nan,nan,nan,22.21038579940796,4.097999572753906,0.01870039477944374,4.097999572753906,13.995686259120703,6.229523181915283,5029.871510838224,1.5966333150863647,0.0003551457542857143,16,2048,,4931.641948699951
adammini-stochastic_old-r8,adammini,stochastic_old,8,1.1B,sdpa,666,757,24838144,2.527625322341919,12.52373097331457,nan,nan,nan,nan,22.21038579940796,4.097999572753906,0.01870039477944374,4.097999572753906,13.995686259120703,6.214707136154175,5030.145446434084,1.6576030254364014,0.00035486004571428574,16,2048,,4937.887710571289
adammini-stochastic_old-r8,adammini,stochastic_old,8,1.1B,sdpa,666,758,24870912,2.195192575454712,8.981730551129932,nan,nan,nan,nan,22.21038579940796,4.097999572753906,0.01870039477944374,4.097999572753906,13.995686259120703,6.222048997879028,5030.411289513362,1.5077840089797974,0.0003545743371428571,16,2048,,4944.140748262405
adammini-stochastic_old-r8,adammini,stochastic_old,8,1.1B,sdpa,666,759,24903680,2.0244386196136475,7.571859058122207,nan,nan,nan,nan,22.21038579940796,4.097999572753906,0.01870039477944374,4.097999572753906,13.995686259120703,6.227499008178711,5030.670950436119,1.5984065532684326,0.00035428862857142865,16,2048,,4950.399235010147
adammini-stochastic_old-r8,adammini,stochastic_old,8,1.1B,sdpa,666,760,24936448,2.2908453941345215,9.883289425327963,nan,nan,nan,nan,22.21038579940796,4.097999572753906,0.01870039477944374,4.097999572753906,13.995686259120703,6.20831298828125,5030.949315847522,1.5307689905166626,0.00035400292,16,2048,,4956.638065576553
adammini-stochastic_old-r8,adammini,stochastic_old,8,1.1B,sdpa,666,761,24969216,2.348186731338501,10.466573797312495,nan,nan,nan,nan,22.21038579940796,4.097999572753906,0.01870039477944374,4.097999572753906,13.995686259120703,6.215981960296631,5031.219918518296,1.586421012878418,0.00035371721142857146,16,2048,,4962.885084629059
adammini-stochastic_old-r8,adammini,stochastic_old,8,1.1B,sdpa,666,762,25001984,2.308642864227295,10.060761566355113,nan,nan,nan,nan,22.21038579940796,4.097999572753906,0.01870039477944374,4.097999572753906,13.995686259120703,6.21950888633728,5031.485680624773,1.52120840549469,0.0003534315028571429,16,2048,,4969.135502099991
adammini-stochastic_old-r8,adammini,stochastic_old,8,1.1B,sdpa,666,763,25034752,2.360304355621338,10.594175358625744,nan,nan,nan,nan,22.21038579940796,4.097999572753906,0.01870039477944374,4.097999572753906,13.995686259120703,6.211181640625,5031.75912622663,1.4458415508270264,0.0003531457942857143,16,2048,,4975.377485513687
adammini-stochastic_old-r8,adammini,stochastic_old,8,1.1B,sdpa,666,764,25067520,2.273806095123291,9.716311732983165,nan,nan,nan,nan,22.21038579940796,4.097999572753906,0.01870039477944374,4.097999572753906,13.995686259120703,6.230797052383423,5032.012328114016,1.3992531299591064,0.00035286008571428575,16,2048,,4981.639319181442
adammini-stochastic_old-r8,adammini,stochastic_old,8,1.1B,sdpa,666,765,25100288,1.831214189529419,6.241460375466521,nan,nan,nan,nan,22.21038579940796,4.097999572753906,0.01870039477944374,4.097999572753906,13.995686259120703,6.198581695556641,5032.296821199074,1.5856249332427979,0.0003525743771428571,16,2048,,4987.868916511536
adammini-stochastic_old-r8,adammini,stochastic_old,8,1.1B,sdpa,666,766,25133056,2.3576724529266357,10.566329180241194,nan,nan,nan,nan,22.21038579940796,4.097999572753906,0.01870039477944374,4.097999572753906,13.995686259120703,6.217592000961304,5032.562262132116,1.5362902879714966,0.0003522886685714286,16,2048,,4994.116732597351
adammini-stochastic_old-r8,adammini,stochastic_old,8,1.1B,sdpa,666,767,25165824,2.630223512649536,13.876871211777843,nan,nan,nan,nan,22.21038579940796,4.097999572753906,0.01870039477944374,4.097999572753906,13.995686259120703,6.232034206390381,5032.812707672152,1.8073872327804565,0.00035200296,16,2048,,5000.379605293274
adammini-stochastic_old-r8,adammini,stochastic_old,8,1.1B,sdpa,666,768,25198592,3.0955142974853516,22.098600870342985,nan,nan,nan,nan,22.21038579940796,4.097999572753906,0.01870039477944374,4.097999572753906,13.995686259120703,6.198000192642212,5033.096153520926,2.0816593170166016,0.0003517172514285714,16,2048,,5006.608466863632
adammini-stochastic_old-r8,adammini,stochastic_old,8,1.1B,sdpa,666,769,25231360,2.255939245223999,9.544253496094965,nan,nan,nan,nan,22.21038579940796,4.097999572753906,0.01870039477944374,4.097999572753906,13.995686259120703,6.222107410430908,5033.3545680257175,1.585913896560669,0.00035143154285714284,16,2048,,5012.861392498016
adammini-stochastic_old-r8,adammini,stochastic_old,8,1.1B,sdpa,666,770,25264128,2.4846091270446777,11.996430258146157,nan,nan,nan,nan,22.21038579940796,4.097999572753906,0.01870039477944374,4.097999572753906,13.995686259120703,6.20733642578125,5033.627479034501,1.7328649759292603,0.00035114583428571427,16,2048,,5019.098077297211
adammini-stochastic_old-r8,adammini,stochastic_old,8,1.1B,sdpa,666,771,25296896,2.361083745956421,10.60243557505672,nan,nan,nan,nan,22.21038579940796,4.097999572753906,0.01870039477944374,4.097999572753906,13.995686259120703,6.231605052947998,5033.876773587711,1.561694622039795,0.0003508601257142857,16,2048,,5025.360615968704
adammini-stochastic_old-r8,adammini,stochastic_old,8,1.1B,sdpa,666,772,25329664,2.404850482940674,11.07677399169361,nan,nan,nan,nan,22.21038579940796,4.097999572753906,0.01870039477944374,4.097999572753906,13.995686259120703,6.230621337890625,5034.124854488588,1.4978017807006836,0.0003505744171428571,16,2048,,5031.621961116791
adammini-stochastic_old-r8,adammini,stochastic_old,8,1.1B,sdpa,666,773,25362432,2.400578022003174,11.029549860962957,nan,nan,nan,nan,22.21038579940796,4.097999572753906,0.01870039477944374,4.097999572753906,13.995686259120703,6.200445652008057,5034.402483731639,1.5028144121170044,0.00035028870857142856,16,2048,,5037.853293657303
adammini-stochastic_old-r8,adammini,stochastic_old,8,1.1B,sdpa,666,774,25395200,2.3437979221343994,10.420738656311457,nan,nan,nan,nan,22.21038579940796,4.097999572753906,0.01870039477944374,4.097999572753906,13.995686259120703,6.2202534675598145,5034.6598728911495,1.5546791553497314,0.000350003,16,2048,,5044.104430675507
adammini-stochastic_old-r8,adammini,stochastic_old,8,1.1B,sdpa,666,775,25427968,2.313587188720703,10.110628413538482,nan,nan,nan,nan,22.21038579940796,4.097999572753906,0.01870039477944374,4.097999572753906,13.995686259120703,6.228747367858887,5034.907934921477,1.535919427871704,0.00034971729142857153,16,2048,,5050.364152908325
adammini-stochastic_old-r8,adammini,stochastic_old,8,1.1B,sdpa,666,776,25460736,2.3317673206329346,10.296122011814406,nan,nan,nan,nan,22.21038579940796,4.097999572753906,0.01870039477944374,4.097999572753906,13.995686259120703,6.2275378704071045,5035.156508103854,1.4943103790283203,0.0003494315828571429,16,2048,,5056.623196601868
adammini-stochastic_old-r8,adammini,stochastic_old,8,1.1B,sdpa,666,777,25493504,2.34207820892334,10.402833374762588,nan,nan,nan,nan,22.21038579940796,4.097999572753906,0.01870039477944374,4.097999572753906,13.995686259120703,6.255951166152954,5035.375348768089,1.5822125673294067,0.00034914587428571433,16,2048,,5062.910453081131
adammini-stochastic_old-r8,adammini,stochastic_old,8,1.1B,sdpa,666,778,25526272,2.294039011001587,9.914903319602105,nan,nan,nan,nan,22.21038579940796,4.097999572753906,0.01870039477944374,4.097999572753906,13.995686259120703,6.231529235839844,5035.618702850643,1.6788192987442017,0.00034886016571428576,16,2048,,5069.172935009003
adammini-stochastic_old-r8,adammini,stochastic_old,8,1.1B,sdpa,666,779,25559040,2.3198719024658203,10.174370910768756,nan,nan,nan,nan,22.21038579940796,4.097999572753906,0.01870039477944374,4.097999572753906,13.995686259120703,6.211871385574341,5035.880991425856,1.5209976434707642,0.00034857445714285714,16,2048,,5075.41580080986
adammini-stochastic_old-r8,adammini,stochastic_old,8,1.1B,sdpa,666,780,25591808,2.4117751121520996,11.153742726863682,nan,nan,nan,nan,22.21038579940796,4.097999572753906,0.01870039477944374,4.097999572753906,13.995686259120703,6.217461109161377,5036.137080269457,1.539067029953003,0.0003482887485714286,16,2048,,5081.66290473938
adammini-stochastic_old-r8,adammini,stochastic_old,8,1.1B,sdpa,666,781,25624576,2.283236503601074,9.808373931313909,nan,nan,nan,nan,22.21038579940796,4.097999572753906,0.01870039477944374,4.097999572753906,13.995686259120703,6.2015540599823,5036.409808700182,1.5581233501434326,0.00034800304,16,2048,,5087.895419597626
adammini-stochastic_old-r8,adammini,stochastic_old,8,1.1B,sdpa,666,782,25657344,2.3127667903900146,10.102337072432048,nan,nan,nan,nan,22.21038579940796,4.097999572753906,0.01870039477944374,4.097999572753906,13.995686259120703,6.202000141143799,5036.679836515649,1.6232494115829468,0.0003477173314285715,16,2048,,5094.128529071808
adammini-stochastic_old-r8,adammini,stochastic_old,8,1.1B,sdpa,666,783,25690112,2.3685309886932373,10.681689230698248,nan,nan,nan,nan,22.21038579940796,4.097999572753906,0.01870039477944374,4.097999572753906,13.995686259120703,6.221223831176758,5036.930240563126,1.7977155447006226,0.00034743162285714286,16,2048,,5100.380807161331
adammini-stochastic_old-r8,adammini,stochastic_old,8,1.1B,sdpa,666,784,25722880,2.410884380340576,11.14381215679323,nan,nan,nan,nan,22.21038579940796,4.097999572753906,0.01870039477944374,4.097999572753906,13.995686259120703,6.206774711608887,5037.194384120869,1.7594045400619507,0.0003471459142857143,16,2048,,5106.618467330933
adammini-stochastic_old-r8,adammini,stochastic_old,8,1.1B,sdpa,666,785,25755648,2.1980903148651123,9.007795011490165,nan,nan,nan,nan,22.21038579940796,4.097999572753906,0.01870039477944374,4.097999572753906,13.995686259120703,6.221460342407227,5037.4433868016085,1.5866413116455078,0.0003468602057142857,16,2048,,5112.871218204498
adammini-stochastic_old-r8,adammini,stochastic_old,8,1.1B,sdpa,666,786,25788416,2.3372392654418945,10.35261624891979,nan,nan,nan,nan,22.21038579940796,4.097999572753906,0.01870039477944374,4.097999572753906,13.995686259120703,6.207481384277344,5037.704644460101,1.6208394765853882,0.0003465744971428571,16,2048,,5119.110467910767
adammini-stochastic_old-r8,adammini,stochastic_old,8,1.1B,sdpa,666,787,25821184,2.449551582336426,11.583151464771852,nan,nan,nan,nan,22.21038579940796,4.097999572753906,0.01870039477944374,4.097999572753906,13.995686259120703,6.231922626495361,5037.941944292758,1.5910489559173584,0.0003462887885714286,16,2048,,5125.373852014542
adammini-stochastic_old-r8,adammini,stochastic_old,8,1.1B,sdpa,666,788,25853952,2.435868740081787,11.42574040170983,nan,nan,nan,nan,22.21038579940796,4.097999572753906,0.01870039477944374,4.097999572753906,13.995686259120703,6.213591575622559,5038.196251673996,1.6653136014938354,0.00034600307999999995,16,2048,,5131.618764162064
adammini-stochastic_old-r8,adammini,stochastic_old,8,1.1B,sdpa,666,789,25886720,2.3307716846466064,10.285875923753219,nan,nan,nan,nan,22.21038579940796,4.097999572753906,0.01870039477944374,4.097999572753906,13.995686259120703,6.225604057312012,5038.438754359966,1.714478611946106,0.00034571737142857144,16,2048,,5137.875351667404
adammini-stochastic_old-r8,adammini,stochastic_old,8,1.1B,sdpa,666,790,25919488,2.070293426513672,7.927148812261939,nan,nan,nan,nan,22.21038579940796,4.097999572753906,0.01870039477944374,4.097999572753906,13.995686259120703,6.213002681732178,5038.6928748565815,1.626331090927124,0.0003454316628571428,16,2048,,5144.118714332581
adammini-stochastic_old-r8,adammini,stochastic_old,8,1.1B,sdpa,666,791,25952256,2.3366916179656982,10.346948216942407,nan,nan,nan,nan,22.21038579940796,4.097999572753906,0.01870039477944374,4.097999572753906,13.995686259120703,6.216780424118042,5038.943640209063,1.4987632036209106,0.0003451459542857143,16,2048,,5150.366603851318
adammini-stochastic_old-r8,adammini,stochastic_old,8,1.1B,sdpa,666,792,25985024,2.653872013092041,14.208949507500298,nan,nan,nan,nan,22.21038579940796,4.097999572753906,0.01870039477944374,4.097999572753906,13.995686259120703,6.2176353931427,5039.191930093348,1.9304249286651611,0.0003448602457142857,16,2048,,5156.615064620972
adammini-stochastic_old-r8,adammini,stochastic_old,8,1.1B,sdpa,666,793,26017792,2.9954519271850586,19.994393858488777,nan,nan,nan,nan,22.21038579940796,4.097999572753906,0.01870039477944374,4.097999572753906,13.995686259120703,6.19284200668335,5039.464274838529,1.9021520614624023,0.0003445745371428572,16,2048,,5162.838942050934
adammini-stochastic_old-r8,adammini,stochastic_old,8,1.1B,sdpa,666,794,26050560,2.2402141094207764,9.395342703487776,nan,nan,nan,nan,22.21038579940796,4.097999572753906,0.01870039477944374,4.097999572753906,13.995686259120703,6.218857526779175,5039.710319945261,1.3986663818359375,0.00034428882857142864,16,2048,,5169.0888085365295
adammini-stochastic_old-r8,adammini,stochastic_old,8,1.1B,sdpa,666,795,26083328,2.300246000289917,9.976636408414564,nan,nan,nan,nan,22.21038579940796,4.097999572753906,0.01870039477944374,4.097999572753906,13.995686259120703,6.208306789398193,5039.96598732456,1.4865939617156982,0.00034400312,16,2048,,5175.328310966492
adammini-stochastic_old-r8,adammini,stochastic_old,8,1.1B,sdpa,666,796,26116096,2.382380962371826,10.830659581801688,nan,nan,nan,nan,22.21038579940796,4.097999572753906,0.01870039477944374,4.097999572753906,13.995686259120703,6.229491472244263,5040.200490126296,1.4857522249221802,0.0003437174114285715,16,2048,,5181.5887842178345
adammini-stochastic_old-r8,adammini,stochastic_old,8,1.1B,sdpa,666,797,26148864,2.3628342151641846,10.621011065226774,nan,nan,nan,nan,22.21038579940796,4.097999572753906,0.01870039477944374,4.097999572753906,13.995686259120703,6.234743595123291,5040.429185745286,1.5276148319244385,0.0003434317028571429,16,2048,,5187.846168994904
adammini-stochastic_old-r8,adammini,stochastic_old,8,1.1B,sdpa,666,798,26181632,2.4723434448242188,11.850184591768192,nan,nan,nan,nan,22.21038579940796,4.097999572753906,0.01870039477944374,4.097999572753906,13.995686259120703,6.245614767074585,5040.655275896745,1.6812901496887207,0.0003431459942857143,16,2048,,5194.122472286224
adammini-stochastic_old-r8,adammini,stochastic_old,8,1.1B,sdpa,666,799,26214400,2.408259153366089,11.11459548749443,nan,nan,nan,nan,22.21038579940796,4.097999572753906,0.01870039477944374,4.097999572753906,13.995686259120703,6.236210107803345,5040.881358123075,1.5498487949371338,0.00034286028571428573,16,2048,,5200.390428543091
adammini-stochastic_old-r8,adammini,stochastic_old,8,1.1B,sdpa,666,800,26247168,2.293081045150757,9.90540972880156,2.44922509484499,11.579370327987716,nan,nan,22.21038579940796,4.097999572753906,0.01870039477944374,4.097999572753906,13.995686259120703,6.221502780914307,5041.12125936907,1.6570082902908325,0.00034257457714285716,16,2048,,5219.56730723381
adammini-stochastic_old-r8,adammini,stochastic_old,8,1.1B,sdpa,666,801,26279936,2.288339853286743,9.85855743640504,nan,nan,nan,nan,22.21038579940796,4.097999572753906,0.01870039477944374,4.097999572753906,13.995686259120703,6.2181196212768555,5028.89508858755,1.7700872421264648,0.0003422888685714286,16,2048,,5225.817296504974
adammini-stochastic_old-r8,adammini,stochastic_old,8,1.1B,sdpa,666,802,26312704,2.1073968410491943,8.226797724105676,nan,nan,nan,nan,22.21038579940796,4.097999572753906,0.01870039477944374,4.097999572753906,13.995686259120703,6.2132954597473145,5029.15602807089,1.4085490703582764,0.00034200315999999997,16,2048,,5232.061398506165
adammini-stochastic_old-r8,adammini,stochastic_old,8,1.1B,sdpa,666,803,26345472,2.2420806884765625,9.412896230826735,nan,nan,nan,nan,22.21038579940796,4.097999572753906,0.01870039477944374,4.097999572753906,13.995686259120703,6.207363605499268,5029.422179040724,14.168754577636719,0.00034171745142857145,16,2048,,5238.300060510635
adammini-stochastic_old-r8,adammini,stochastic_old,8,1.1B,sdpa,666,804,26378240,2.2698888778686523,9.67832527818324,nan,nan,nan,nan,22.21038579940796,4.097999572753906,0.01870039477944374,4.097999572753906,13.995686259120703,6.197988748550415,5029.696612017045,1.4435430765151978,0.00034143174285714283,16,2048,,5244.528641462326
adammini-stochastic_old-r8,adammini,stochastic_old,8,1.1B,sdpa,666,805,26411008,2.17452073097229,8.797967518246574,nan,nan,nan,nan,22.21038579940796,4.097999572753906,0.01870039477944374,4.097999572753906,13.995686259120703,6.209919452667236,5029.959394850868,1.5689005851745605,0.00034114603428571426,16,2048,,5250.768993377686
adammini-stochastic_old-r8,adammini,stochastic_old,8,1.1B,sdpa,666,806,26443776,2.222386598587036,9.229331311390615,nan,nan,nan,nan,22.21038579940796,4.097999572753906,0.01870039477944374,4.097999572753906,13.995686259120703,6.213277339935303,5030.218598760726,1.6231014728546143,0.0003408603257142857,16,2048,,5257.013194322586
adammini-stochastic_old-r8,adammini,stochastic_old,8,1.1B,sdpa,666,807,26476544,2.2308871746063232,9.308120345457697,nan,nan,nan,nan,22.21038579940796,4.097999572753906,0.01870039477944374,4.097999572753906,13.995686259120703,6.221341371536255,5030.46887003268,1.6065205335617065,0.00034057461714285717,16,2048,,5263.265580177307
adammini-stochastic_old-r8,adammini,stochastic_old,8,1.1B,sdpa,666,808,26509312,2.565897226333618,13.01232813714276,nan,nan,nan,nan,22.21038579940796,4.097999572753906,0.01870039477944374,4.097999572753906,13.995686259120703,6.221026659011841,5030.716848251221,2.0641427040100098,0.0003402889085714286,16,2048,,5269.519712924957
adammini-stochastic_old-r8,adammini,stochastic_old,8,1.1B,sdpa,666,809,26542080,2.461181640625,11.718650595589365,nan,nan,nan,nan,22.21038579940796,4.097999572753906,0.01870039477944374,4.097999572753906,13.995686259120703,6.234484910964966,5030.953353862304,1.6079068183898926,0.0003400032,16,2048,,5275.785203933716
adammini-stochastic_old-r8,adammini,stochastic_old,8,1.1B,sdpa,666,810,26574848,2.253246307373047,9.518585990606327,nan,nan,nan,nan,22.21038579940796,4.097999572753906,0.01870039477944374,4.097999572753906,13.995686259120703,6.199312925338745,5031.222901411433,1.4898024797439575,0.00033971749142857146,16,2048,,5282.013767957687
adammini-stochastic_old-r8,adammini,stochastic_old,8,1.1B,sdpa,666,811,26607616,2.4966142177581787,12.141316437390437,nan,nan,nan,nan,22.21038579940796,4.097999572753906,0.01870039477944374,4.097999572753906,13.995686259120703,6.22382926940918,5031.47009858132,1.637266993522644,0.0003394317828571429,16,2048,,5288.267781972885
adammini-stochastic_old-r8,adammini,stochastic_old,8,1.1B,sdpa,666,812,26640384,2.2987608909606934,9.961831009149611,nan,nan,nan,nan,22.21038579940796,4.097999572753906,0.01870039477944374,4.097999572753906,13.995686259120703,6.2410924434661865,5031.695428989825,1.5417817831039429,0.0003391460742857143,16,2048,,5294.543815374374
adammini-stochastic_old-r8,adammini,stochastic_old,8,1.1B,sdpa,666,813,26673152,2.400656223297119,11.030412419759886,nan,nan,nan,nan,22.21038579940796,4.097999572753906,0.01870039477944374,4.097999572753906,13.995686259120703,6.2334675788879395,5031.928672347231,1.4851617813110352,0.00033886036571428575,16,2048,,5300.810641288757
adammini-stochastic_old-r8,adammini,stochastic_old,8,1.1B,sdpa,666,814,26705920,2.3892271518707275,10.905062728108271,nan,nan,nan,nan,22.21038579940796,4.097999572753906,0.01870039477944374,4.097999572753906,13.995686259120703,6.2295122146606445,5032.16645912538,1.6014562845230103,0.0003385746571428572,16,2048,,5307.071812391281
adammini-stochastic_old-r8,adammini,stochastic_old,8,1.1B,sdpa,666,815,26738688,2.3695831298828125,10.692933790306958,nan,nan,nan,nan,22.21038579940796,4.097999572753906,0.01870039477944374,4.097999572753906,13.995686259120703,6.242058753967285,5032.391888309452,1.4960551261901855,0.0003382889485714286,16,2048,,5313.345761299133
adammini-stochastic_old-r8,adammini,stochastic_old,8,1.1B,sdpa,666,816,26771456,2.2293999195098877,9.294287085378803,nan,nan,nan,nan,22.21038579940796,4.097999572753906,0.01870039477944374,4.097999572753906,13.995686259120703,6.213682651519775,5032.644174148854,1.5237634181976318,0.00033800324,16,2048,,5319.590903759003
adammini-stochastic_old-r8,adammini,stochastic_old,8,1.1B,sdpa,666,817,26804224,2.3896124362945557,10.90926508841828,nan,nan,nan,nan,22.21038579940796,4.097999572753906,0.01870039477944374,4.097999572753906,13.995686259120703,6.220779180526733,5032.888845127758,1.5470354557037354,0.00033771753142857147,16,2048,,5325.842504739761
adammini-stochastic_old-r8,adammini,stochastic_old,8,1.1B,sdpa,666,818,26836992,2.342437744140625,10.406574232165058,nan,nan,nan,nan,22.21038579940796,4.097999572753906,0.01870039477944374,4.097999572753906,13.995686259120703,6.219543933868408,5033.134614686525,1.576084852218628,0.00033743182285714285,16,2048,,5332.092899560928
adammini-stochastic_old-r8,adammini,stochastic_old,8,1.1B,sdpa,666,819,26869760,2.291208267211914,9.886876455755518,nan,nan,nan,nan,22.21038579940796,4.097999572753906,0.01870039477944374,4.097999572753906,13.995686259120703,6.236403703689575,5033.363776960123,1.6064469814300537,0.0003371461142857143,16,2048,,5338.360196113586
adammini-stochastic_old-r8,adammini,stochastic_old,8,1.1B,sdpa,666,820,26902528,2.3935751914978027,10.952581605102145,nan,nan,nan,nan,22.21038579940796,4.097999572753906,0.01870039477944374,4.097999572753906,13.995686259120703,6.221384048461914,5033.606503006126,1.4846515655517578,0.0003368604057142857,16,2048,,5344.6104192733765
adammini-stochastic_old-r8,adammini,stochastic_old,8,1.1B,sdpa,666,821,26935296,2.253150463104248,9.517673732410117,nan,nan,nan,nan,22.21038579940796,4.097999572753906,0.01870039477944374,4.097999572753906,13.995686259120703,6.2118916511535645,5033.858629695983,1.616393804550171,0.00033657469714285713,16,2048,,5350.854489326477
adammini-stochastic_old-r8,adammini,stochastic_old,8,1.1B,sdpa,666,822,26968064,2.3033411502838135,10.00756343173124,nan,nan,nan,nan,22.21038579940796,4.097999572753906,0.01870039477944374,4.097999572753906,13.995686259120703,6.229596138000488,5034.0914537479675,1.520355224609375,0.00033628898857142856,16,2048,,5357.116449356079
adammini-stochastic_old-r8,adammini,stochastic_old,8,1.1B,sdpa,666,823,27000832,2.2059850692749023,9.07919079614825,nan,nan,nan,nan,22.21038579940796,4.097999572753906,0.01870039477944374,4.097999572753906,13.995686259120703,6.199919939041138,5034.352192867129,1.5212945938110352,0.00033600327999999994,16,2048,,5363.347721576691
adammini-stochastic_old-r8,adammini,stochastic_old,8,1.1B,sdpa,666,824,27033600,2.415884494781494,11.199672029383077,nan,nan,nan,nan,22.21038579940796,4.097999572753906,0.01870039477944374,4.097999572753906,13.995686259120703,6.207657098770142,5034.605416761651,1.464071273803711,0.0003357175714285715,16,2048,,5369.586607694626
adammini-stochastic_old-r8,adammini,stochastic_old,8,1.1B,sdpa,666,825,27066368,2.499218225479126,12.172973719150308,nan,nan,nan,nan,22.21038579940796,4.097999572753906,0.01870039477944374,4.097999572753906,13.995686259120703,6.21837306022644,5034.8481655191545,1.6194876432418823,0.00033543186285714285,16,2048,,5375.835921764374
adammini-stochastic_old-r8,adammini,stochastic_old,8,1.1B,sdpa,666,826,27099136,2.280031681060791,9.776990150041721,nan,nan,nan,nan,22.21038579940796,4.097999572753906,0.01870039477944374,4.097999572753906,13.995686259120703,6.21879768371582,5035.08989597036,1.4950724840164185,0.0003351461542857143,16,2048,,5382.0857355594635
adammini-stochastic_old-r8,adammini,stochastic_old,8,1.1B,sdpa,666,827,27131904,2.323308229446411,10.209393516138611,nan,nan,nan,nan,22.21038579940796,4.097999572753906,0.01870039477944374,4.097999572753906,13.995686259120703,6.2096076011657715,5035.339752661264,1.4943259954452515,0.0003348604457142857,16,2048,,5388.326533079147
adammini-stochastic_old-r8,adammini,stochastic_old,8,1.1B,sdpa,666,828,27164672,2.3066580295562744,10.040812422406876,nan,nan,nan,nan,22.21038579940796,4.097999572753906,0.01870039477944374,4.097999572753906,13.995686259120703,6.232136964797974,5035.567766287224,1.5408196449279785,0.00033457473714285714,16,2048,,5394.589838027954
adammini-stochastic_old-r8,adammini,stochastic_old,8,1.1B,sdpa,666,829,27197440,2.553826093673706,12.856198822643503,nan,nan,nan,nan,22.21038579940796,4.097999572753906,0.01870039477944374,4.097999572753906,13.995686259120703,6.221808671951294,5035.80483951391,1.6758612394332886,0.00033428902857142857,16,2048,,5400.8432331085205
adammini-stochastic_old-r8,adammini,stochastic_old,8,1.1B,sdpa,666,830,27230208,2.2256455421447754,9.259458245534962,nan,nan,nan,nan,22.21038579940796,4.097999572753906,0.01870039477944374,4.097999572753906,13.995686259120703,6.224725961685181,5036.0383122160365,1.54392409324646,0.00033400332,16,2048,,5407.097376346588
adammini-stochastic_old-r8,adammini,stochastic_old,8,1.1B,sdpa,666,831,27262976,2.3959641456604004,10.978778099171784,nan,nan,nan,nan,22.21038579940796,4.097999572753906,0.01870039477944374,4.097999572753906,13.995686259120703,6.223492383956909,5036.274306265091,1.4535527229309082,0.0003337176114285715,16,2048,,5413.352020740509
adammini-stochastic_old-r8,adammini,stochastic_old,8,1.1B,sdpa,666,832,27295744,2.3880841732025146,10.892605594509673,nan,nan,nan,nan,22.21038579940796,4.097999572753906,0.01870039477944374,4.097999572753906,13.995686259120703,6.218726634979248,5036.512594233859,1.4909257888793945,0.00033343190285714286,16,2048,,5419.60186290741
adammini-stochastic_old-r8,adammini,stochastic_old,8,1.1B,sdpa,666,833,27328512,2.3165462017059326,10.140590201100691,nan,nan,nan,nan,22.21038579940796,4.097999572753906,0.01870039477944374,4.097999572753906,13.995686259120703,6.215022087097168,5036.7540235664255,1.5155774354934692,0.0003331461942857143,16,2048,,5425.848120927811
adammini-stochastic_old-r8,adammini,stochastic_old,8,1.1B,sdpa,666,834,27361280,2.2315804958343506,9.314576100583668,nan,nan,nan,nan,22.21038579940796,4.097999572753906,0.01870039477944374,4.097999572753906,13.995686259120703,6.211938381195068,5036.997630443438,1.4757119417190552,0.0003328604857142857,16,2048,,5432.090948104858
adammini-stochastic_old-r8,adammini,stochastic_old,8,1.1B,sdpa,666,835,27394048,2.3149688243865967,10.124607272980903,nan,nan,nan,nan,22.21038579940796,4.097999572753906,0.01870039477944374,4.097999572753906,13.995686259120703,6.21891188621521,5037.23401805572,1.8293153047561646,0.00033257477714285715,16,2048,,5438.341087818146
adammini-stochastic_old-r8,adammini,stochastic_old,8,1.1B,sdpa,666,836,27426816,2.4708878993988037,11.832948656681577,nan,nan,nan,nan,22.21038579940796,4.097999572753906,0.01870039477944374,4.097999572753906,13.995686259120703,6.228853940963745,5037.459373807563,1.676588773727417,0.0003322890685714286,16,2048,,5444.602758646011
adammini-stochastic_old-r8,adammini,stochastic_old,8,1.1B,sdpa,666,837,27459584,2.3461155891418457,10.444918468040706,nan,nan,nan,nan,22.21038579940796,4.097999572753906,0.01870039477944374,4.097999572753906,13.995686259120703,6.241730690002441,5037.672955165711,1.5073086023330688,0.00033200335999999996,16,2048,,5450.87642288208
adammini-stochastic_old-r8,adammini,stochastic_old,8,1.1B,sdpa,666,838,27492352,2.2819063663482666,9.795336120719464,nan,nan,nan,nan,22.21038579940796,4.097999572753906,0.01870039477944374,4.097999572753906,13.995686259120703,6.247170686721802,5037.881726371176,1.6343088150024414,0.00033171765142857144,16,2048,,5457.155073165894
adammini-stochastic_old-r8,adammini,stochastic_old,8,1.1B,sdpa,666,839,27525120,2.434797763824463,11.413510255284459,nan,nan,nan,nan,22.21038579940796,4.097999572753906,0.01870039477944374,4.097999572753906,13.995686259120703,6.238355875015259,5038.098284427974,1.5021445751190186,0.0003314319428571428,16,2048,,5463.424437999725
adammini-stochastic_old-r8,adammini,stochastic_old,8,1.1B,sdpa,666,840,27557888,2.2437942028045654,9.42903919003239,nan,nan,nan,nan,22.21038579940796,4.097999572753906,0.01870039477944374,4.097999572753906,13.995686259120703,6.235494613647461,5038.317086629804,1.5149524211883545,0.00033114623428571435,16,2048,,5469.6912088394165
adammini-stochastic_old-r8,adammini,stochastic_old,8,1.1B,sdpa,666,841,27590656,3.68900990486145,40.00521837026331,nan,nan,nan,nan,22.21038579940796,4.097999572753906,0.01870039477944374,4.097999572753906,13.995686259120703,6.210844278335571,5038.558121741043,2.0734293460845947,0.00033086052571428573,16,2048,,5475.932941198349
adammini-stochastic_old-r8,adammini,stochastic_old,8,1.1B,sdpa,666,842,27623424,2.4818758964538574,11.96368601714932,nan,nan,nan,nan,22.21038579940796,4.097999572753906,0.01870039477944374,4.097999572753906,13.995686259120703,6.2189342975616455,5038.791035042676,1.6115727424621582,0.00033057481714285716,16,2048,,5482.182892084122
adammini-stochastic_old-r8,adammini,stochastic_old,8,1.1B,sdpa,666,843,27656192,2.318302631378174,10.158417085875572,nan,nan,nan,nan,22.21038579940796,4.097999572753906,0.01870039477944374,4.097999572753906,13.995686259120703,6.218532085418701,5039.023956143546,1.6434204578399658,0.0003302891085714286,16,2048,,5488.432600975037
adammini-stochastic_old-r8,adammini,stochastic_old,8,1.1B,sdpa,666,844,27688960,2.310993194580078,10.084435489508712,nan,nan,nan,nan,22.21038579940796,4.097999572753906,0.01870039477944374,4.097999572753906,13.995686259120703,6.220196962356567,5039.254320665524,1.612368106842041,0.00033000339999999996,16,2048,,5494.683888673782
adammini-stochastic_old-r8,adammini,stochastic_old,8,1.1B,sdpa,666,845,27721728,2.5052220821380615,12.246278343505065,nan,nan,nan,nan,22.21038579940796,4.097999572753906,0.01870039477944374,4.097999572753906,13.995686259120703,6.225758790969849,5039.47952322139,1.92774498462677,0.00032971769142857145,16,2048,,5500.940917491913
adammini-stochastic_old-r8,adammini,stochastic_old,8,1.1B,sdpa,666,846,27754496,2.418325424194336,11.227043030004006,nan,nan,nan,nan,22.21038579940796,4.097999572753906,0.01870039477944374,4.097999572753906,13.995686259120703,6.202477216720581,5039.725307675387,1.5252492427825928,0.0003294319828571428,16,2048,,5507.174445152283
adammini-stochastic_old-r8,adammini,stochastic_old,8,1.1B,sdpa,666,847,27787264,2.4023241996765137,11.048826239770282,nan,nan,nan,nan,22.21038579940796,4.097999572753906,0.01870039477944374,4.097999572753906,13.995686259120703,6.209017276763916,5039.9647487721295,1.6975040435791016,0.0003291462742857143,16,2048,,5513.414468765259
adammini-stochastic_old-r8,adammini,stochastic_old,8,1.1B,sdpa,666,848,27820032,2.282518148422241,9.801330565226557,nan,nan,nan,nan,22.21038579940796,4.097999572753906,0.01870039477944374,4.097999572753906,13.995686259120703,6.21562385559082,5040.197543684867,1.4335439205169678,0.00032886056571428574,16,2048,,5519.66104054451
adammini-stochastic_old-r8,adammini,stochastic_old,8,1.1B,sdpa,666,849,27852800,2.3443145751953125,10.42612395388066,nan,nan,nan,nan,22.21038579940796,4.097999572753906,0.01870039477944374,4.097999572753906,13.995686259120703,6.214127063751221,5040.431277395019,1.5688046216964722,0.00032857485714285717,16,2048,,5525.906091451645
adammini-stochastic_old-r8,adammini,stochastic_old,8,1.1B,sdpa,666,850,27885568,2.3415462970733643,10.397301455794286,2.4480667173108963,11.565964811364474,nan,nan,22.21038579940796,4.097999572753906,0.01870039477944374,4.097999572753906,13.995686259120703,6.244623899459839,5040.636538678145,1.5604171752929688,0.0003282891485714286,16,2048,,5544.721899032593
adammini-stochastic_old-r8,adammini,stochastic_old,8,1.1B,sdpa,666,851,27918336,2.372441530227661,10.723542200645571,nan,nan,nan,nan,22.21038579940796,4.097999572753906,0.01870039477944374,4.097999572753906,13.995686259120703,6.219326496124268,5029.476103180334,1.6282426118850708,0.00032800344000000003,16,2048,,5550.972728252411
adammini-stochastic_old-r8,adammini,stochastic_old,8,1.1B,sdpa,666,852,27951104,2.4054715633392334,11.083655695723653,nan,nan,nan,nan,22.21038579940796,4.097999572753906,0.01870039477944374,4.097999572753906,13.995686259120703,6.216997146606445,5029.718186838988,1.5518412590026855,0.00032771773142857146,16,2048,,5557.220457077026
adammini-stochastic_old-r8,adammini,stochastic_old,8,1.1B,sdpa,666,853,27983872,2.3896400928497314,10.909566805282331,nan,nan,nan,nan,22.21038579940796,4.097999572753906,0.01870039477944374,4.097999572753906,13.995686259120703,6.232844591140747,5029.945209086258,1.4415225982666016,0.00032743202285714283,16,2048,,5563.484510183334
adammini-stochastic_old-r8,adammini,stochastic_old,8,1.1B,sdpa,666,854,28016640,2.414581537246704,11.185088835029854,nan,nan,nan,nan,22.21038579940796,4.097999572753906,0.01870039477944374,4.097999572753906,13.995686259120703,6.2299089431762695,5030.174248814462,1.513264775276184,0.0003271463142857143,16,2048,,5569.7453763484955
adammini-stochastic_old-r8,adammini,stochastic_old,8,1.1B,sdpa,666,855,28049408,2.2955689430236816,9.930084057474113,nan,nan,nan,nan,22.21038579940796,4.097999572753906,0.01870039477944374,4.097999572753906,13.995686259120703,6.227097272872925,5030.4052744069295,1.646707534790039,0.0003268606057142857,16,2048,,5576.003368854523
adammini-stochastic_old-r8,adammini,stochastic_old,8,1.1B,sdpa,666,856,28082176,2.529109239578247,12.542328949084666,nan,nan,nan,nan,22.21038579940796,4.097999572753906,0.01870039477944374,4.097999572753906,13.995686259120703,6.210906744003296,5030.650197624924,1.5614757537841797,0.0003265748971428572,16,2048,,5582.245895147324
adammini-stochastic_old-r8,adammini,stochastic_old,8,1.1B,sdpa,666,857,28114944,2.337709426879883,10.357484794273782,nan,nan,nan,nan,22.21038579940796,4.097999572753906,0.01870039477944374,4.097999572753906,13.995686259120703,6.217024087905884,5030.88909501833,1.5319560766220093,0.0003262891885714286,16,2048,,5588.493935585022
adammini-stochastic_old-r8,adammini,stochastic_old,8,1.1B,sdpa,666,858,28147712,2.425710916519165,11.31026721764043,nan,nan,nan,nan,22.21038579940796,4.097999572753906,0.01870039477944374,4.097999572753906,13.995686259120703,6.219641447067261,5031.124315035317,1.5014382600784302,0.00032600348000000004,16,2048,,5594.745864868164
adammini-stochastic_old-r8,adammini,stochastic_old,8,1.1B,sdpa,666,859,28180480,2.2734568119049072,9.712918580970273,nan,nan,nan,nan,22.21038579940796,4.097999572753906,0.01870039477944374,4.097999572753906,13.995686259120703,6.231397867202759,5031.3458268512995,1.5737496614456177,0.00032571777142857147,16,2048,,5601.012279033661
adammini-stochastic_old-r8,adammini,stochastic_old,8,1.1B,sdpa,666,860,28213248,2.7623000144958496,15.836224639243403,nan,nan,nan,nan,22.21038579940796,4.097999572753906,0.01870039477944374,4.097999572753906,13.995686259120703,6.231337070465088,5031.569837448906,1.946005940437317,0.00032543206285714284,16,2048,,5607.274240493774
adammini-stochastic_old-r8,adammini,stochastic_old,8,1.1B,sdpa,666,861,28246016,2.3202083110809326,10.177794232581677,nan,nan,nan,nan,22.21038579940796,4.097999572753906,0.01870039477944374,4.097999572753906,13.995686259120703,6.212683200836182,5031.81127716644,1.598352313041687,0.0003251463542857143,16,2048,,5613.518613576889
adammini-stochastic_old-r8,adammini,stochastic_old,8,1.1B,sdpa,666,862,28278784,2.4356255531311035,11.422962148573381,nan,nan,nan,nan,22.21038579940796,4.097999572753906,0.01870039477944374,4.097999572753906,13.995686259120703,6.211334228515625,5032.052814920519,1.521058440208435,0.0003248606457142857,16,2048,,5619.761046409607
adammini-stochastic_old-r8,adammini,stochastic_old,8,1.1B,sdpa,666,863,28311552,2.3318159580230713,10.296622800496017,nan,nan,nan,nan,22.21038579940796,4.097999572753906,0.01870039477944374,4.097999572753906,13.995686259120703,6.243501424789429,5032.264681323779,1.9295734167099,0.00032457493714285713,16,2048,,5626.036071062088
adammini-stochastic_old-r8,adammini,stochastic_old,8,1.1B,sdpa,666,864,28344320,2.4031195640563965,11.057617578296213,nan,nan,nan,nan,22.21038579940796,4.097999572753906,0.01870039477944374,4.097999572753906,13.995686259120703,6.217443466186523,5032.499693784719,1.546510100364685,0.00032428922857142856,16,2048,,5632.284108638763
adammini-stochastic_old-r8,adammini,stochastic_old,8,1.1B,sdpa,666,865,28377088,2.434072256088257,11.405232668386732,nan,nan,nan,nan,22.21038579940796,4.097999572753906,0.01870039477944374,4.097999572753906,13.995686259120703,6.214277505874634,5032.737433187677,1.50102961063385,0.00032400352,16,2048,,5638.529279947281
adammini-stochastic_old-r8,adammini,stochastic_old,8,1.1B,sdpa,666,866,28409856,2.342790365219116,10.410244456655432,nan,nan,nan,nan,22.21038579940796,4.097999572753906,0.01870039477944374,4.097999572753906,13.995686259120703,6.221463441848755,5032.967845098708,1.6673998832702637,0.0003237178114285714,16,2048,,5644.78186249733
adammini-stochastic_old-r8,adammini,stochastic_old,8,1.1B,sdpa,666,867,28442624,2.4614360332489014,11.72163211308491,nan,nan,nan,nan,22.21038579940796,4.097999572753906,0.01870039477944374,4.097999572753906,13.995686259120703,6.229259490966797,5033.190906614306,1.6648610830307007,0.00032343210285714285,16,2048,,5651.042042970657
adammini-stochastic_old-r8,adammini,stochastic_old,8,1.1B,sdpa,666,868,28475392,2.52358078956604,12.473180628090315,nan,nan,nan,nan,22.21038579940796,4.097999572753906,0.01870039477944374,4.097999572753906,13.995686259120703,6.191812753677368,5033.4467635308165,1.5519949197769165,0.00032314639428571433,16,2048,,5657.265006303787
adammini-stochastic_old-r8,adammini,stochastic_old,8,1.1B,sdpa,666,869,28508160,2.300165891647339,9.975837225625542,nan,nan,nan,nan,22.21038579940796,4.097999572753906,0.01870039477944374,4.097999572753906,13.995686259120703,6.221979379653931,5033.67500964441,1.5319768190383911,0.0003228606857142857,16,2048,,5663.518090963364
adammini-stochastic_old-r8,adammini,stochastic_old,8,1.1B,sdpa,666,870,28540928,2.399095058441162,11.013205562408697,nan,nan,nan,nan,22.21038579940796,4.097999572753906,0.01870039477944374,4.097999572753906,13.995686259120703,6.24207067489624,5033.885130125914,1.701494574546814,0.00032257497714285714,16,2048,,5669.790174484253
adammini-stochastic_old-r8,adammini,stochastic_old,8,1.1B,sdpa,666,871,28573696,2.4579203128814697,11.680494488889758,nan,nan,nan,nan,22.21038579940796,4.097999572753906,0.01870039477944374,4.097999572753906,13.995686259120703,6.233804225921631,5034.103225950526,1.5495681762695312,0.00032228926857142857,16,2048,,5676.054446220398
adammini-stochastic_old-r8,adammini,stochastic_old,8,1.1B,sdpa,666,872,28606464,2.2258496284484863,9.261348166989642,nan,nan,nan,nan,22.21038579940796,4.097999572753906,0.01870039477944374,4.097999572753906,13.995686259120703,6.225356578826904,5034.327608602265,1.6751844882965088,0.00032200356000000005,16,2048,,5682.310733795166
adammini-stochastic_old-r8,adammini,stochastic_old,8,1.1B,sdpa,666,873,28639232,2.621635913848877,13.758212435410536,nan,nan,nan,nan,22.21038579940796,4.097999572753906,0.01870039477944374,4.097999572753906,13.995686259120703,6.221405506134033,5034.554619391657,2.0384602546691895,0.0003217178514285715,16,2048,,5688.562984228134
adammini-stochastic_old-r8,adammini,stochastic_old,8,1.1B,sdpa,666,874,28672000,2.320702075958252,10.182820910798759,nan,nan,nan,nan,22.21038579940796,4.097999572753906,0.01870039477944374,4.097999572753906,13.995686259120703,6.211684465408325,5034.789888642828,1.4627753496170044,0.00032143214285714286,16,2048,,5694.805573940277
adammini-stochastic_old-r8,adammini,stochastic_old,8,1.1B,sdpa,666,875,28704768,1.9683282375335693,7.15869883521953,nan,nan,nan,nan,22.21038579940796,4.097999572753906,0.01870039477944374,4.097999572753906,13.995686259120703,6.2088024616241455,5035.027103345241,1.416316270828247,0.00032114643428571434,16,2048,,5701.045182943344
adammini-stochastic_old-r8,adammini,stochastic_old,8,1.1B,sdpa,666,876,28737536,2.4965975284576416,12.141113809002364,nan,nan,nan,nan,22.21038579940796,4.097999572753906,0.01870039477944374,4.097999572753906,13.995686259120703,6.225618362426758,5035.249016257006,1.515661358833313,0.0003208607257142857,16,2048,,5707.30176281929
adammini-stochastic_old-r8,adammini,stochastic_old,8,1.1B,sdpa,666,877,28770304,2.214350938796997,9.155464725733433,nan,nan,nan,nan,22.21038579940796,4.097999572753906,0.01870039477944374,4.097999572753906,13.995686259120703,6.230084657669067,5035.466427490194,1.5439703464508057,0.00032057501714285715,16,2048,,5713.562774658203
adammini-stochastic_old-r8,adammini,stochastic_old,8,1.1B,sdpa,666,878,28803072,2.218749523162842,9.195824507619024,nan,nan,nan,nan,22.21038579940796,4.097999572753906,0.01870039477944374,4.097999572753906,13.995686259120703,6.203634738922119,5035.706610641925,1.5306308269500732,0.0003202893085714286,16,2048,,5719.797066926956
adammini-stochastic_old-r8,adammini,stochastic_old,8,1.1B,sdpa,666,879,28835840,2.313371181488037,10.108444680533912,nan,nan,nan,nan,22.21038579940796,4.097999572753906,0.01870039477944374,4.097999572753906,13.995686259120703,6.224855899810791,5035.927966905109,1.4884214401245117,0.0003200036,16,2048,,5726.05288028717
adammini-stochastic_old-r8,adammini,stochastic_old,8,1.1B,sdpa,666,880,28868608,2.2865662574768066,9.841087836827544,nan,nan,nan,nan,22.21038579940796,4.097999572753906,0.01870039477944374,4.097999572753906,13.995686259120703,6.238908529281616,5036.135705377009,1.602131962776184,0.00031971789142857144,16,2048,,5732.32186627388
adammini-stochastic_old-r8,adammini,stochastic_old,8,1.1B,sdpa,666,881,28901376,2.399371385574341,11.016249230433528,nan,nan,nan,nan,22.21038579940796,4.097999572753906,0.01870039477944374,4.097999572753906,13.995686259120703,6.223266124725342,5036.358317635757,1.493715524673462,0.0003194321828571428,16,2048,,5738.5763511657715
adammini-stochastic_old-r8,adammini,stochastic_old,8,1.1B,sdpa,666,882,28934144,2.4790401458740234,11.929808045031194,nan,nan,nan,nan,22.21038579940796,4.097999572753906,0.01870039477944374,4.097999572753906,13.995686259120703,6.2216081619262695,5036.580547504666,1.6125940084457397,0.0003191464742857143,16,2048,,5744.82915186882
adammini-stochastic_old-r8,adammini,stochastic_old,8,1.1B,sdpa,666,883,28966912,2.440978527069092,11.484272918324104,nan,nan,nan,nan,22.21038579940796,4.097999572753906,0.01870039477944374,4.097999572753906,13.995686259120703,6.21906852722168,5036.804538409586,1.7608293294906616,0.00031886076571428567,16,2048,,5751.077693462372
adammini-stochastic_old-r8,adammini,stochastic_old,8,1.1B,sdpa,666,884,28999680,2.2352166175842285,9.348506683815641,nan,nan,nan,nan,22.21038579940796,4.097999572753906,0.01870039477944374,4.097999572753906,13.995686259120703,6.217391729354858,5037.03093509306,1.5213128328323364,0.0003185750571428571,16,2048,,5757.326145172119
adammini-stochastic_old-r8,adammini,stochastic_old,8,1.1B,sdpa,666,885,29032448,2.315504789352417,10.130035162221212,nan,nan,nan,nan,22.21038579940796,4.097999572753906,0.01870039477944374,4.097999572753906,13.995686259120703,6.219584941864014,5037.253674758529,1.5334551334381104,0.0003182893485714286,16,2048,,5763.576626062393
adammini-stochastic_old-r8,adammini,stochastic_old,8,1.1B,sdpa,666,886,29065216,2.3565754890441895,10.554744653825635,nan,nan,nan,nan,22.21038579940796,4.097999572753906,0.01870039477944374,4.097999572753906,13.995686259120703,6.221712350845337,5037.474143127487,1.5259209871292114,0.00031800364,16,2048,,5769.829441785812
adammini-stochastic_old-r8,adammini,stochastic_old,8,1.1B,sdpa,666,887,29097984,2.416280746459961,11.204110797599597,nan,nan,nan,nan,22.21038579940796,4.097999572753906,0.01870039477944374,4.097999572753906,13.995686259120703,6.230837821960449,5037.685921967525,1.4852594137191772,0.00031771793142857145,16,2048,,5776.090955734253
adammini-stochastic_old-r8,adammini,stochastic_old,8,1.1B,sdpa,666,888,29130752,2.3240268230438232,10.216732557531039,nan,nan,nan,nan,22.21038579940796,4.097999572753906,0.01870039477944374,4.097999572753906,13.995686259120703,6.228560447692871,5037.89964942851,1.6980708837509155,0.0003174322228571429,16,2048,,5782.3505709171295
adammini-stochastic_old-r8,adammini,stochastic_old,8,1.1B,sdpa,666,889,29163520,2.3361899852752686,10.341759151081952,nan,nan,nan,nan,22.21038579940796,4.097999572753906,0.01870039477944374,4.097999572753906,13.995686259120703,6.221993923187256,5038.118428185422,1.4955087900161743,0.00031714651428571436,16,2048,,5788.603352546692
adammini-stochastic_old-r8,adammini,stochastic_old,8,1.1B,sdpa,666,890,29196288,2.4576656818389893,11.67752065103315,nan,nan,nan,nan,22.21038579940796,4.097999572753906,0.01870039477944374,4.097999572753906,13.995686259120703,6.221380710601807,5038.337307548502,1.464995265007019,0.00031686080571428573,16,2048,,5794.856410980225
adammini-stochastic_old-r8,adammini,stochastic_old,8,1.1B,sdpa,666,891,29229056,2.5771050453186035,13.158988290476955,nan,nan,nan,nan,22.21038579940796,4.097999572753906,0.01870039477944374,4.097999572753906,13.995686259120703,6.23578953742981,5038.542468462127,1.7315146923065186,0.00031657509714285716,16,2048,,5801.123216867447
adammini-stochastic_old-r8,adammini,stochastic_old,8,1.1B,sdpa,666,892,29261824,2.0964415073394775,8.137162299168851,nan,nan,nan,nan,22.21038579940796,4.097999572753906,0.01870039477944374,4.097999572753906,13.995686259120703,6.214155435562134,5038.766533316642,1.4792951345443726,0.0003162893885714286,16,2048,,5807.368319988251
adammini-stochastic_old-r8,adammini,stochastic_old,8,1.1B,sdpa,666,893,29294592,2.4664978981018066,11.781115853013048,nan,nan,nan,nan,22.21038579940796,4.097999572753906,0.01870039477944374,4.097999572753906,13.995686259120703,6.219512462615967,5038.985748150049,1.5519860982894897,0.00031600368,16,2048,,5813.618704795837
adammini-stochastic_old-r8,adammini,stochastic_old,8,1.1B,sdpa,666,894,29327360,2.2386093139648438,9.380277191975766,nan,nan,nan,nan,22.21038579940796,4.097999572753906,0.01870039477944374,4.097999572753906,13.995686259120703,6.220171213150024,5039.203668851661,1.5241224765777588,0.00031571797142857145,16,2048,,5819.869941473007
adammini-stochastic_old-r8,adammini,stochastic_old,8,1.1B,sdpa,666,895,29360128,2.3490047454833984,10.475139105521325,nan,nan,nan,nan,22.21038579940796,4.097999572753906,0.01870039477944374,4.097999572753906,13.995686259120703,6.203219890594482,5039.435783384817,1.7196000814437866,0.00031543226285714283,16,2048,,5826.104145288467
adammini-stochastic_old-r8,adammini,stochastic_old,8,1.1B,sdpa,666,896,29392896,2.280409097671509,9.780680844948144,nan,nan,nan,nan,22.21038579940796,4.097999572753906,0.01870039477944374,4.097999572753906,13.995686259120703,6.225618600845337,5039.648113292301,1.5553748607635498,0.0003151465542857143,16,2048,,5832.360691785812
adammini-stochastic_old-r8,adammini,stochastic_old,8,1.1B,sdpa,666,897,29425664,2.362760066986084,10.620223565802885,nan,nan,nan,nan,22.21038579940796,4.097999572753906,0.01870039477944374,4.097999572753906,13.995686259120703,6.232244253158569,5039.854281033912,1.4342913627624512,0.0003148608457142857,16,2048,,5838.624086856842
adammini-stochastic_old-r8,adammini,stochastic_old,8,1.1B,sdpa,666,898,29458432,2.4328320026397705,11.391096057541263,nan,nan,nan,nan,22.21038579940796,4.097999572753906,0.01870039477944374,4.097999572753906,13.995686259120703,6.235489130020142,5040.057108728224,1.729570984840393,0.00031457513714285717,16,2048,,5844.889935970306
adammini-stochastic_old-r8,adammini,stochastic_old,8,1.1B,sdpa,666,899,29491200,2.3211960792541504,10.187852500598883,nan,nan,nan,nan,22.21038579940796,4.097999572753906,0.01870039477944374,4.097999572753906,13.995686259120703,6.2129271030426025,5040.279512412945,1.5055882930755615,0.00031428942857142855,16,2048,,5851.133732318878
adammini-stochastic_old-r8,adammini,stochastic_old,8,1.1B,sdpa,666,900,29523968,2.3986191749572754,11.007965806632399,2.447941553124263,11.564517257379078,nan,nan,22.21038579940796,4.097999572753906,0.01870039477944374,4.097999572753906,13.995686259120703,7.001205682754517,5039.822355054289,1.6661043167114258,0.00031400372,16,2048,,5871.02475643158
adammini-stochastic_old-r8,adammini,stochastic_old,8,1.1B,sdpa,666,901,29556736,2.5239481925964355,12.477764154400916,nan,nan,nan,nan,22.21038579940796,4.097999572753906,0.01870039477944374,4.097999572753906,13.995686259120703,6.220999240875244,5029.009840251229,1.5726560354232788,0.0003137180114285714,16,2048,,5877.277268409729
adammini-stochastic_old-r8,adammini,stochastic_old,8,1.1B,sdpa,666,902,29589504,2.64401912689209,14.069637783287211,nan,nan,nan,nan,22.21038579940796,4.097999572753906,0.01870039477944374,4.097999572753906,13.995686259120703,6.199150085449219,5029.254035254168,3.074572801589966,0.0003134323028571428,16,2048,,5883.50753903389
adammini-stochastic_old-r8,adammini,stochastic_old,8,1.1B,sdpa,666,903,29622272,2.2111074924468994,9.125817572551224,nan,nan,nan,nan,22.21038579940796,4.097999572753906,0.01870039477944374,4.097999572753906,13.995686259120703,6.217306852340698,5029.480301083537,1.5222480297088623,0.0003131465942857143,16,2048,,5889.757921695709
adammini-stochastic_old-r8,adammini,stochastic_old,8,1.1B,sdpa,666,904,29655040,2.3758277893066406,10.759916444329928,nan,nan,nan,nan,22.21038579940796,4.097999572753906,0.01870039477944374,4.097999572753906,13.995686259120703,6.219630002975464,5029.705864256773,1.6142034530639648,0.00031286088571428575,16,2048,,5896.008551359177
adammini-stochastic_old-r8,adammini,stochastic_old,8,1.1B,sdpa,666,905,29687808,2.489274740219116,12.052531733327864,nan,nan,nan,nan,22.21038579940796,4.097999572753906,0.01870039477944374,4.097999572753906,13.995686259120703,6.219976425170898,5029.9308950081695,1.4668304920196533,0.00031257517714285724,16,2048,,5902.2599222660065
adammini-stochastic_old-r8,adammini,stochastic_old,8,1.1B,sdpa,666,906,29720576,2.562404155731201,12.96695444914148,nan,nan,nan,nan,22.21038579940796,4.097999572753906,0.01870039477944374,4.097999572753906,13.995686259120703,6.2254462242126465,5030.150035026506,1.5577890872955322,0.0003122894685714286,16,2048,,5908.5164160728455
adammini-stochastic_old-r8,adammini,stochastic_old,8,1.1B,sdpa,666,907,29753344,2.2680535316467285,9.66057849118028,nan,nan,nan,nan,22.21038579940796,4.097999572753906,0.01870039477944374,4.097999572753906,13.995686259120703,6.190013647079468,5030.399494312437,1.745041847229004,0.00031200376000000004,16,2048,,5914.737790107727
adammini-stochastic_old-r8,adammini,stochastic_old,8,1.1B,sdpa,666,908,29786112,2.490525960922241,12.067621548933863,nan,nan,nan,nan,22.21038579940796,4.097999572753906,0.01870039477944374,4.097999572753906,13.995686259120703,6.233624696731567,5030.611166998557,1.5081019401550293,0.00031171805142857147,16,2048,,5921.002660036087
adammini-stochastic_old-r8,adammini,stochastic_old,8,1.1B,sdpa,666,909,29818880,2.546295166015625,12.75974337472362,nan,nan,nan,nan,22.21038579940796,4.097999572753906,0.01870039477944374,4.097999572753906,13.995686259120703,6.28124213218689,5030.782029834265,1.4507824182510376,0.00031143234285714285,16,2048,,5927.315031051636
adammini-stochastic_old-r8,adammini,stochastic_old,8,1.1B,sdpa,666,910,29851648,2.2088589668273926,9.105320990121417,nan,nan,nan,nan,22.21038579940796,4.097999572753906,0.01870039477944374,4.097999572753906,13.995686259120703,6.200489282608032,5031.021187848269,1.4249850511550903,0.00031114663428571433,16,2048,,5933.545172929764
adammini-stochastic_old-r8,adammini,stochastic_old,8,1.1B,sdpa,666,911,29884416,2.495013952255249,12.121902645289401,nan,nan,nan,nan,22.21038579940796,4.097999572753906,0.01870039477944374,4.097999572753906,13.995686259120703,6.227338075637817,5031.238236667607,1.5114010572433472,0.0003108609257142857,16,2048,,5939.8032195568085
adammini-stochastic_old-r8,adammini,stochastic_old,8,1.1B,sdpa,666,912,29917184,2.3233370780944824,10.209688047587576,nan,nan,nan,nan,22.21038579940796,4.097999572753906,0.01870039477944374,4.097999572753906,13.995686259120703,6.232135534286499,5031.449754563933,1.6654117107391357,0.0003105752171428572,16,2048,,5946.066225767136
adammini-stochastic_old-r8,adammini,stochastic_old,8,1.1B,sdpa,666,913,29949952,2.390352725982666,10.917344094901734,nan,nan,nan,nan,22.21038579940796,4.097999572753906,0.01870039477944374,4.097999572753906,13.995686259120703,6.2129950523376465,5031.676935281749,1.5109494924545288,0.00031028950857142856,16,2048,,5952.310036897659
adammini-stochastic_old-r8,adammini,stochastic_old,8,1.1B,sdpa,666,914,29982720,2.1432833671569824,8.527390267525512,nan,nan,nan,nan,22.21038579940796,4.097999572753906,0.01870039477944374,4.097999572753906,13.995686259120703,6.210381746292114,5031.905937591141,1.5599620342254639,0.0003100038,16,2048,,5958.551403045654
adammini-stochastic_old-r8,adammini,stochastic_old,8,1.1B,sdpa,666,915,30015488,2.299562454223633,9.96981924802986,nan,nan,nan,nan,22.21038579940796,4.097999572753906,0.01870039477944374,4.097999572753906,13.995686259120703,6.215357303619385,5032.129987517128,1.667691946029663,0.0003097180914285714,16,2048,,5964.797930717468
adammini-stochastic_old-r8,adammini,stochastic_old,8,1.1B,sdpa,666,916,30048256,2.3064661026000977,10.038885504760735,nan,nan,nan,nan,22.21038579940796,4.097999572753906,0.01870039477944374,4.097999572753906,13.995686259120703,6.209169626235962,5032.358805536475,1.4810914993286133,0.00030943238285714285,16,2048,,5971.037958860397
adammini-stochastic_old-r8,adammini,stochastic_old,8,1.1B,sdpa,666,917,30081024,2.3463778495788574,10.447658116157639,nan,nan,nan,nan,22.21038579940796,4.097999572753906,0.01870039477944374,4.097999572753906,13.995686259120703,6.2125468254089355,5032.582741390341,1.6177748441696167,0.0003091466742857143,16,2048,,5977.282993793488
adammini-stochastic_old-r8,adammini,stochastic_old,8,1.1B,sdpa,666,918,30113792,2.534719228744507,12.612889014153694,nan,nan,nan,nan,22.21038579940796,4.097999572753906,0.01870039477944374,4.097999572753906,13.995686259120703,6.254950523376465,5032.7724000108155,1.756130337715149,0.00030886096571428566,16,2048,,5983.56911277771
adammini-stochastic_old-r8,adammini,stochastic_old,8,1.1B,sdpa,666,919,30146560,2.481971502304077,11.9648298702014,nan,nan,nan,nan,22.21038579940796,4.097999572753906,0.01870039477944374,4.097999572753906,13.995686259120703,6.20323371887207,5033.004763906111,1.562407374382019,0.00030857525714285714,16,2048,,5989.803229808807
adammini-stochastic_old-r8,adammini,stochastic_old,8,1.1B,sdpa,666,920,30179328,2.445035696029663,11.530961201025601,nan,nan,nan,nan,22.21038579940796,4.097999572753906,0.01870039477944374,4.097999572753906,13.995686259120703,6.217238903045654,5033.22526629201,1.439534068107605,0.0003082895485714286,16,2048,,5996.049648761749
adammini-stochastic_old-r8,adammini,stochastic_old,8,1.1B,sdpa,666,921,30212096,2.410733222961426,11.142127814657442,nan,nan,nan,nan,22.21038579940796,4.097999572753906,0.01870039477944374,4.097999572753906,13.995686259120703,6.228735685348511,5033.437003516344,1.6346428394317627,0.00030800384,16,2048,,6002.30944776535
adammini-stochastic_old-r8,adammini,stochastic_old,8,1.1B,sdpa,666,922,30244864,2.37178897857666,10.716546818150393,nan,nan,nan,nan,22.21038579940796,4.097999572753906,0.01870039477944374,4.097999572753906,13.995686259120703,6.228344678878784,5033.646999021975,1.530310869216919,0.0003077181314285715,16,2048,,6008.5687782764435
adammini-stochastic_old-r8,adammini,stochastic_old,8,1.1B,sdpa,666,923,30277632,2.33788800239563,10.359334552618622,nan,nan,nan,nan,22.21038579940796,4.097999572753906,0.01870039477944374,4.097999572753906,13.995686259120703,6.2149693965911865,5033.867743434763,1.4553765058517456,0.0003074324228571429,16,2048,,6014.81462264061
adammini-stochastic_old-r8,adammini,stochastic_old,8,1.1B,sdpa,666,924,30310400,2.3020315170288086,9.99446577229668,nan,nan,nan,nan,22.21038579940796,4.097999572753906,0.01870039477944374,4.097999572753906,13.995686259120703,6.21995997428894,5034.084035729573,1.5315940380096436,0.00030714671428571435,16,2048,,6021.065344333649
adammini-stochastic_old-r8,adammini,stochastic_old,8,1.1B,sdpa,666,925,30343168,2.3085641860961914,10.059970035576084,nan,nan,nan,nan,22.21038579940796,4.097999572753906,0.01870039477944374,4.097999572753906,13.995686259120703,6.217612028121948,5034.301780184978,1.587202548980713,0.0003068610057142857,16,2048,,6027.314257621765
adammini-stochastic_old-r8,adammini,stochastic_old,8,1.1B,sdpa,666,926,30375936,2.509514570236206,12.298958330762584,nan,nan,nan,nan,22.21038579940796,4.097999572753906,0.01870039477944374,4.097999572753906,13.995686259120703,6.207338571548462,5034.527470789342,1.5888184309005737,0.0003065752971428572,16,2048,,6033.552768945694
adammini-stochastic_old-r8,adammini,stochastic_old,8,1.1B,sdpa,666,927,30408704,2.688607692718506,14.711179172986403,nan,nan,nan,nan,22.21038579940796,4.097999572753906,0.01870039477944374,4.097999572753906,13.995686259120703,6.213635444641113,5034.747322466954,1.7363293170928955,0.0003062895885714286,16,2048,,6039.7972865104675
adammini-stochastic_old-r8,adammini,stochastic_old,8,1.1B,sdpa,666,928,30441472,2.118809461593628,8.321224850398368,nan,nan,nan,nan,22.21038579940796,4.097999572753906,0.01870039477944374,4.097999572753906,13.995686259120703,6.214143753051758,5034.96666339005,1.5099780559539795,0.00030600388,16,2048,,6046.042399406433
adammini-stochastic_old-r8,adammini,stochastic_old,8,1.1B,sdpa,666,929,30474240,2.1219074726104736,8.347044070121761,nan,nan,nan,nan,22.21038579940796,4.097999572753906,0.01870039477944374,4.097999572753906,13.995686259120703,6.210994482040405,5035.188050511686,1.4841558933258057,0.00030571817142857144,16,2048,,6052.284487724304
adammini-stochastic_old-r8,adammini,stochastic_old,8,1.1B,sdpa,666,930,30507008,2.193657398223877,8.967952581412998,nan,nan,nan,nan,22.21038579940796,4.097999572753906,0.01870039477944374,4.097999572753906,13.995686259120703,6.1918158531188965,5035.424859444968,1.7476242780685425,0.00030543246285714287,16,2048,,6058.506571769714
adammini-stochastic_old-r8,adammini,stochastic_old,8,1.1B,sdpa,666,931,30539776,2.395906448364258,10.978144671634215,nan,nan,nan,nan,22.21038579940796,4.097999572753906,0.01870039477944374,4.097999572753906,13.995686259120703,6.244806289672852,5035.617814705687,1.5391817092895508,0.0003051467542857143,16,2048,,6064.782397985458
adammini-stochastic_old-r8,adammini,stochastic_old,8,1.1B,sdpa,666,932,30572544,2.588993549346924,13.316362594744918,nan,nan,nan,nan,22.21038579940796,4.097999572753906,0.01870039477944374,4.097999572753906,13.995686259120703,6.209668159484863,5035.838899692512,1.8277570009231567,0.0003048610457142857,16,2048,,6071.023070812225
adammini-stochastic_old-r8,adammini,stochastic_old,8,1.1B,sdpa,666,933,30605312,2.368959665298462,10.68626920256899,nan,nan,nan,nan,22.21038579940796,4.097999572753906,0.01870039477944374,4.097999572753906,13.995686259120703,6.222344398498535,5036.049056960227,1.5194684267044067,0.00030457533714285716,16,2048,,6077.276281118393
adammini-stochastic_old-r8,adammini,stochastic_old,8,1.1B,sdpa,666,934,30638080,2.378100872039795,10.784402443417513,nan,nan,nan,nan,22.21038579940796,4.097999572753906,0.01870039477944374,4.097999572753906,13.995686259120703,6.2105934619903564,5036.268297502602,1.493865966796875,0.00030428962857142854,16,2048,,6083.518164396286
adammini-stochastic_old-r8,adammini,stochastic_old,8,1.1B,sdpa,666,935,30670848,2.393044948577881,10.946775615679599,nan,nan,nan,nan,22.21038579940796,4.097999572753906,0.01870039477944374,4.097999572753906,13.995686259120703,6.208587646484375,5036.488948442898,1.5694468021392822,0.00030400391999999997,16,2048,,6089.7578682899475
adammini-stochastic_old-r8,adammini,stochastic_old,8,1.1B,sdpa,666,936,30703616,2.5344741344451904,12.609798045763254,nan,nan,nan,nan,22.21038579940796,4.097999572753906,0.01870039477944374,4.097999572753906,13.995686259120703,6.285860300064087,5036.645029810769,1.6365728378295898,0.00030371821142857145,16,2048,,6096.074984788895
adammini-stochastic_old-r8,adammini,stochastic_old,8,1.1B,sdpa,666,937,30736384,2.7608749866485596,15.813673649846677,nan,nan,nan,nan,22.21038579940796,4.097999572753906,0.01870039477944374,4.097999572753906,13.995686259120703,6.13227391242981,5036.927848074564,2.3406598567962646,0.0003034325028571429,16,2048,,6102.238266706467
adammini-stochastic_old-r8,adammini,stochastic_old,8,1.1B,sdpa,666,938,30769152,2.6190426349639893,13.722579776288661,nan,nan,nan,nan,22.21038579940796,4.097999572753906,0.01870039477944374,4.097999572753906,13.995686259120703,6.190093517303467,5037.162435742125,1.7708353996276855,0.0003031467942857143,16,2048,,6108.45934677124
adammini-stochastic_old-r8,adammini,stochastic_old,8,1.1B,sdpa,666,939,30801920,2.4416322708129883,11.491783144511873,nan,nan,nan,nan,22.21038579940796,4.097999572753906,0.01870039477944374,4.097999572753906,13.995686259120703,6.210638523101807,5037.379581372747,1.5251197814941406,0.0003028610857142857,16,2048,,6114.700920581818
adammini-stochastic_old-r8,adammini,stochastic_old,8,1.1B,sdpa,666,940,30834688,2.3749639987945557,10.750626143608947,nan,nan,nan,nan,22.21038579940796,4.097999572753906,0.01870039477944374,4.097999572753906,13.995686259120703,6.2232136726379395,5037.586007245643,1.5444505214691162,0.0003025753771428572,16,2048,,6120.95493721962
adammini-stochastic_old-r8,adammini,stochastic_old,8,1.1B,sdpa,666,941,30867456,2.108065366744995,8.232299388575527,nan,nan,nan,nan,22.21038579940796,4.097999572753906,0.01870039477944374,4.097999572753906,13.995686259120703,6.206598997116089,5037.8056702468375,1.5574501752853394,0.0003022896685714286,16,2048,,6127.192433357239
adammini-stochastic_old-r8,adammini,stochastic_old,8,1.1B,sdpa,666,942,30900224,2.235015869140625,9.34663017400836,nan,nan,nan,nan,22.21038579940796,4.097999572753906,0.01870039477944374,4.097999572753906,13.995686259120703,6.239831924438477,5037.997794835527,1.5128730535507202,0.00030200396000000003,16,2048,,6133.46357011795
adammini-stochastic_old-r8,adammini,stochastic_old,8,1.1B,sdpa,666,943,30932992,2.41247296333313,11.161529095945967,nan,nan,nan,nan,22.21038579940796,4.097999572753906,0.01870039477944374,4.097999572753906,13.995686259120703,6.230061769485474,5038.1968783333205,1.6185808181762695,0.00030171825142857146,16,2048,,6139.724824428558
adammini-stochastic_old-r8,adammini,stochastic_old,8,1.1B,sdpa,666,944,30965760,2.2195885181427,9.203542995650169,nan,nan,nan,nan,22.21038579940796,4.097999572753906,0.01870039477944374,4.097999572753906,13.995686259120703,6.229455232620239,5038.396381183463,1.5014817714691162,0.0003014325428571429,16,2048,,6145.985468864441
adammini-stochastic_old-r8,adammini,stochastic_old,8,1.1B,sdpa,666,945,30998528,2.376044750213623,10.762251178824643,nan,nan,nan,nan,22.21038579940796,4.097999572753906,0.01870039477944374,4.097999572753906,13.995686259120703,6.215273857116699,5038.606923317486,1.5761669874191284,0.0003011468342857143,16,2048,,6152.232016086578
adammini-stochastic_old-r8,adammini,stochastic_old,8,1.1B,sdpa,666,946,31031296,2.3718719482421875,10.717436003342693,nan,nan,nan,nan,22.21038579940796,4.097999572753906,0.01870039477944374,4.097999572753906,13.995686259120703,6.22269344329834,5038.8111297800015,1.4610148668289185,0.0003008611257142857,16,2048,,6158.485556602478
adammini-stochastic_old-r8,adammini,stochastic_old,8,1.1B,sdpa,666,947,31064064,2.3797035217285156,10.80169991983173,nan,nan,nan,nan,22.21038579940796,4.097999572753906,0.01870039477944374,4.097999572753906,13.995686259120703,6.213486909866333,5039.022612397553,1.6809061765670776,0.0003005754171428572,16,2048,,6164.729928016663
adammini-stochastic_old-r8,adammini,stochastic_old,8,1.1B,sdpa,666,948,31096832,2.1796510219573975,8.84321963069248,nan,nan,nan,nan,22.21038579940796,4.097999572753906,0.01870039477944374,4.097999572753906,13.995686259120703,6.218324661254883,5039.229768657909,1.489688515663147,0.00030028970857142855,16,2048,,6170.979208707809
adammini-stochastic_old-r8,adammini,stochastic_old,8,1.1B,sdpa,666,949,31129600,2.1237192153930664,8.362180474467126,nan,nan,nan,nan,22.21038579940796,4.097999572753906,0.01870039477944374,4.097999572753906,13.995686259120703,6.207833766937256,5039.444915017505,1.4845739603042603,0.000300004,16,2048,,6177.218195915222
adammini-stochastic_old-r8,adammini,stochastic_old,8,1.1B,sdpa,666,950,31162368,2.3325045108795166,10.303715010937715,2.4480359677312706,11.565609168276524,nan,nan,22.21038579940796,4.097999572753906,0.01870039477944374,4.097999572753906,13.995686259120703,6.252052307128906,5039.623451386591,1.4155977964401245,0.0002997182914285714,16,2048,,6196.263236761093
adammini-stochastic_old-r8,adammini,stochastic_old,8,1.1B,sdpa,666,951,31195136,2.3214664459228516,10.19060732873076,nan,nan,nan,nan,22.21038579940796,4.097999572753906,0.01870039477944374,4.097999572753906,13.995686259120703,6.196563005447388,5029.476391148203,1.6040946245193481,0.00029943258285714284,16,2048,,6202.491752147675
adammini-stochastic_old-r8,adammini,stochastic_old,8,1.1B,sdpa,666,952,31227904,2.4077162742614746,11.10856324338582,nan,nan,nan,nan,22.21038579940796,4.097999572753906,0.01870039477944374,4.097999572753906,13.995686259120703,6.247732639312744,5029.667675616782,1.5993213653564453,0.00029914687428571427,16,2048,,6208.770734548569
adammini-stochastic_old-r8,adammini,stochastic_old,8,1.1B,sdpa,666,953,31260672,2.242274284362793,9.414718705220618,nan,nan,nan,nan,22.21038579940796,4.097999572753906,0.01870039477944374,4.097999572753906,13.995686259120703,6.259574890136719,5029.848904678369,1.4930009841918945,0.0002988611657142857,16,2048,,6215.061752319336
adammini-stochastic_old-r8,adammini,stochastic_old,8,1.1B,sdpa,666,954,31293440,2.4854326248168945,12.006313360536177,nan,nan,nan,nan,22.21038579940796,4.097999572753906,0.01870039477944374,4.097999572753906,13.995686259120703,6.188936948776245,5030.086512636688,1.6753605604171753,0.0002985754571428572,16,2048,,6221.282831668854
adammini-stochastic_old-r8,adammini,stochastic_old,8,1.1B,sdpa,666,955,31326208,2.452497959136963,11.617330120397975,nan,nan,nan,nan,22.21038579940796,4.097999572753906,0.01870039477944374,4.097999572753906,13.995686259120703,6.21269416809082,5030.304969761611,1.5524461269378662,0.00029828974857142856,16,2048,,6227.526375770569
adammini-stochastic_old-r8,adammini,stochastic_old,8,1.1B,sdpa,666,956,31358976,2.203969717025757,9.06091145440008,nan,nan,nan,nan,22.21038579940796,4.097999572753906,0.01870039477944374,4.097999572753906,13.995686259120703,6.225164175033569,5030.513205941666,1.5160188674926758,0.00029800404,16,2048,,6233.782600879669
adammini-stochastic_old-r8,adammini,stochastic_old,8,1.1B,sdpa,666,957,31391744,2.3358137607574463,10.337869059551693,nan,nan,nan,nan,22.21038579940796,4.097999572753906,0.01870039477944374,4.097999572753906,13.995686259120703,6.2159743309021,5030.728428097144,1.4698137044906616,0.0002977183314285714,16,2048,,6240.029419183731
adammini-stochastic_old-r8,adammini,stochastic_old,8,1.1B,sdpa,666,958,31424512,2.1681840419769287,8.742393796943347,nan,nan,nan,nan,22.21038579940796,4.097999572753906,0.01870039477944374,4.097999572753906,13.995686259120703,6.219935417175293,5030.94003782001,1.4672513008117676,0.00029743262285714285,16,2048,,6246.280340909958
adammini-stochastic_old-r8,adammini,stochastic_old,8,1.1B,sdpa,666,959,31457280,2.320711851119995,10.182920450006668,nan,nan,nan,nan,22.21038579940796,4.097999572753906,0.01870039477944374,4.097999572753906,13.995686259120703,6.223438739776611,5031.148400458975,1.5362809896469116,0.00029714691428571433,16,2048,,6252.534637928009
adammini-stochastic_old-r8,adammini,stochastic_old,8,1.1B,sdpa,666,960,31490048,2.3116753101348877,10.091316586402389,nan,nan,nan,nan,22.21038579940796,4.097999572753906,0.01870039477944374,4.097999572753906,13.995686259120703,6.199618577957153,5031.375471964065,1.6585218906402588,0.0002968612057142857,16,2048,,6258.764835596085
adammini-stochastic_old-r8,adammini,stochastic_old,8,1.1B,sdpa,666,961,31522816,2.5244345664978027,12.483834489339609,nan,nan,nan,nan,22.21038579940796,4.097999572753906,0.01870039477944374,4.097999572753906,13.995686259120703,6.2396087646484375,5031.570307754202,1.5430259704589844,0.0002965754971428572,16,2048,,6265.035368680954
adammini-stochastic_old-r8,adammini,stochastic_old,8,1.1B,sdpa,666,962,31555584,2.2764573097229004,9.742105938382153,nan,nan,nan,nan,22.21038579940796,4.097999572753906,0.01870039477944374,4.097999572753906,13.995686259120703,6.224493980407715,5031.776526290827,1.5576916933059692,0.00029628978857142857,16,2048,,6271.290593385696
adammini-stochastic_old-r8,adammini,stochastic_old,8,1.1B,sdpa,666,963,31588352,2.269089937210083,9.670595958656595,nan,nan,nan,nan,22.21038579940796,4.097999572753906,0.01870039477944374,4.097999572753906,13.995686259120703,6.23209023475647,5031.976296763214,1.471533179283142,0.00029600408000000005,16,2048,,6277.553844213486
adammini-stochastic_old-r8,adammini,stochastic_old,8,1.1B,sdpa,666,964,31621120,2.6001296043395996,13.465483106960265,nan,nan,nan,nan,22.21038579940796,4.097999572753906,0.01870039477944374,4.097999572753906,13.995686259120703,6.219147682189941,5032.18581353669,1.5831177234649658,0.00029571837142857143,16,2048,,6283.804073810577
adammini-stochastic_old-r8,adammini,stochastic_old,8,1.1B,sdpa,666,965,31653888,2.4243459701538086,11.29483984067676,nan,nan,nan,nan,22.21038579940796,4.097999572753906,0.01870039477944374,4.097999572753906,13.995686259120703,6.218342304229736,5032.395637624066,1.4564603567123413,0.00029543266285714286,16,2048,,6290.053558349609
adammini-stochastic_old-r8,adammini,stochastic_old,8,1.1B,sdpa,666,966,31686656,2.3526577949523926,10.513475286218373,nan,nan,nan,nan,22.21038579940796,4.097999572753906,0.01870039477944374,4.097999572753906,13.995686259120703,6.208922863006592,5032.612554329018,1.4765597581863403,0.0002951469542857143,16,2048,,6296.293530225754
adammini-stochastic_old-r8,adammini,stochastic_old,8,1.1B,sdpa,666,967,31719424,2.457339286804199,11.673709788231175,nan,nan,nan,nan,22.21038579940796,4.097999572753906,0.01870039477944374,4.097999572753906,13.995686259120703,6.218522548675537,5032.82141286386,1.4630563259124756,0.00029486124571428566,16,2048,,6302.543122768402
adammini-stochastic_old-r8,adammini,stochastic_old,8,1.1B,sdpa,666,968,31752192,2.3709864616394043,10.707950057804208,nan,nan,nan,nan,22.21038579940796,4.097999572753906,0.01870039477944374,4.097999572753906,13.995686259120703,6.216933012008667,5033.030927703002,1.5256073474884033,0.00029457553714285715,16,2048,,6308.791467666626
adammini-stochastic_old-r8,adammini,stochastic_old,8,1.1B,sdpa,666,969,31784960,2.2341063022613525,9.338132653886547,nan,nan,nan,nan,22.21038579940796,4.097999572753906,0.01870039477944374,4.097999572753906,13.995686259120703,6.213941335678101,5033.2425153891545,1.4953160285949707,0.0002942898285714286,16,2048,,6315.03634262085
adammini-stochastic_old-r8,adammini,stochastic_old,8,1.1B,sdpa,666,970,31817728,2.337900161743164,10.359460516133485,nan,nan,nan,nan,22.21038579940796,4.097999572753906,0.01870039477944374,4.097999572753906,13.995686259120703,6.209642648696899,5033.45730708542,1.5590227842330933,0.00029400412000000006,16,2048,,6321.277180671692
adammini-stochastic_old-r8,adammini,stochastic_old,8,1.1B,sdpa,666,971,31850496,2.367504596710205,10.670731255057794,nan,nan,nan,nan,22.21038579940796,4.097999572753906,0.01870039477944374,4.097999572753906,13.995686259120703,6.226890802383423,5033.657804919806,1.48384428024292,0.00029371841142857144,16,2048,,6327.535194635391
adammini-stochastic_old-r8,adammini,stochastic_old,8,1.1B,sdpa,666,972,31883264,2.415217161178589,11.192200605139854,nan,nan,nan,nan,22.21038579940796,4.097999572753906,0.01870039477944374,4.097999572753906,13.995686259120703,6.209242105484009,5033.871781583587,1.5228856801986694,0.00029343270285714287,16,2048,,6333.775386095047
adammini-stochastic_old-r8,adammini,stochastic_old,8,1.1B,sdpa,666,973,31916032,1.9941707849502563,7.346108997471354,nan,nan,nan,nan,22.21038579940796,4.097999572753906,0.01870039477944374,4.097999572753906,13.995686259120703,6.212993621826172,5034.082630261541,1.6466312408447266,0.0002931469942857143,16,2048,,6340.019734144211
adammini-stochastic_old-r8,adammini,stochastic_old,8,1.1B,sdpa,666,974,31948800,1.9750306606292725,7.206840616701394,nan,nan,nan,nan,22.21038579940796,4.097999572753906,0.01870039477944374,4.097999572753906,13.995686259120703,6.243571519851685,5034.268384277291,1.6546692848205566,0.00029286128571428567,16,2048,,6346.294542312622
adammini-stochastic_old-r8,adammini,stochastic_old,8,1.1B,sdpa,666,975,31981568,2.2778196334838867,9.75538688520473,nan,nan,nan,nan,22.21038579940796,4.097999572753906,0.01870039477944374,4.097999572753906,13.995686259120703,6.192392110824585,5034.494574470974,1.5239388942718506,0.00029257557714285716,16,2048,,6352.517765045166
adammini-stochastic_old-r8,adammini,stochastic_old,8,1.1B,sdpa,666,976,32014336,2.3638033866882324,10.631309636442653,nan,nan,nan,nan,22.21038579940796,4.097999572753906,0.01870039477944374,4.097999572753906,13.995686259120703,6.213134050369263,5034.704269589214,1.511016607284546,0.00029228986857142853,16,2048,,6358.762098312378
adammini-stochastic_old-r8,adammini,stochastic_old,8,1.1B,sdpa,666,977,32047104,2.4009194374084473,11.03331616209875,nan,nan,nan,nan,22.21038579940796,4.097999572753906,0.01870039477944374,4.097999572753906,13.995686259120703,6.224787473678589,5034.9039250504675,1.6145727634429932,0.00029200416000000007,16,2048,,6365.0179970264435
adammini-stochastic_old-r8,adammini,stochastic_old,8,1.1B,sdpa,666,978,32079872,2.2790567874908447,9.7674632698127,nan,nan,nan,nan,22.21038579940796,4.097999572753906,0.01870039477944374,4.097999572753906,13.995686259120703,6.2126829624176025,5035.112880138695,1.5584149360656738,0.00029171845142857145,16,2048,,6371.2616493701935
adammini-stochastic_old-r8,adammini,stochastic_old,8,1.1B,sdpa,666,979,32112640,2.367018222808838,10.665542551794042,nan,nan,nan,nan,22.21038579940796,4.097999572753906,0.01870039477944374,4.097999572753906,13.995686259120703,6.209335803985596,5035.323775351268,1.432613730430603,0.0002914327428571429,16,2048,,6377.502640724182
adammini-stochastic_old-r8,adammini,stochastic_old,8,1.1B,sdpa,666,980,32145408,2.4528002738952637,11.620842741677297,nan,nan,nan,nan,22.21038579940796,4.097999572753906,0.01870039477944374,4.097999572753906,13.995686259120703,6.211999177932739,5035.531662896312,1.5152229070663452,0.0002911470342857143,16,2048,,6383.745585680008
adammini-stochastic_old-r8,adammini,stochastic_old,8,1.1B,sdpa,666,981,32178176,2.44758939743042,11.560445463775077,nan,nan,nan,nan,22.21038579940796,4.097999572753906,0.01870039477944374,4.097999572753906,13.995686259120703,6.219424486160278,5035.734928648407,1.7659883499145508,0.00029086132571428574,16,2048,,6389.995899915695
adammini-stochastic_old-r8,adammini,stochastic_old,8,1.1B,sdpa,666,982,32210944,2.5318877696990967,12.577226647556962,nan,nan,nan,nan,22.21038579940796,4.097999572753906,0.01870039477944374,4.097999572753906,13.995686259120703,6.227559804916382,5035.9302450888545,1.6912922859191895,0.00029057561714285716,16,2048,,6396.254843950272
adammini-stochastic_old-r8,adammini,stochastic_old,8,1.1B,sdpa,666,983,32243712,1.9950368404388428,7.352473891266136,nan,nan,nan,nan,22.21038579940796,4.097999572753906,0.01870039477944374,4.097999572753906,13.995686259120703,6.215346097946167,5036.135241619171,1.7724334001541138,0.00029028990857142854,16,2048,,6402.501211166382
adammini-stochastic_old-r8,adammini,stochastic_old,8,1.1B,sdpa,666,984,32276480,2.4454119205474854,11.53530024752014,nan,nan,nan,nan,22.21038579940796,4.097999572753906,0.01870039477944374,4.097999572753906,13.995686259120703,6.228462219238281,5036.329432803792,2.025177478790283,0.0002900042,16,2048,,6408.760801315308
adammini-stochastic_old-r8,adammini,stochastic_old,8,1.1B,sdpa,666,985,32309248,2.379370927810669,10.798107937504838,nan,nan,nan,nan,22.21038579940796,4.097999572753906,0.01870039477944374,4.097999572753906,13.995686259120703,6.239664316177368,5036.514360222508,1.5363967418670654,0.00028971849142857145,16,2048,,6415.031362295151
adammini-stochastic_old-r8,adammini,stochastic_old,8,1.1B,sdpa,666,986,32342016,2.525808095932007,12.50099318475144,nan,nan,nan,nan,22.21038579940796,4.097999572753906,0.01870039477944374,4.097999572753906,13.995686259120703,6.191076278686523,5036.737120371809,1.5014718770980835,0.0002894327828571429,16,2048,,6421.253437995911
adammini-stochastic_old-r8,adammini,stochastic_old,8,1.1B,sdpa,666,987,32374784,2.2813470363616943,9.789858827448574,nan,nan,nan,nan,22.21038579940796,4.097999572753906,0.01870039477944374,4.097999572753906,13.995686259120703,6.2259461879730225,5036.932168858267,2.9677939414978027,0.0002891470742857143,16,2048,,6427.510344028473
adammini-stochastic_old-r8,adammini,stochastic_old,8,1.1B,sdpa,666,988,32407552,2.2863409519195557,9.838870834809327,nan,nan,nan,nan,22.21038579940796,4.097999572753906,0.01870039477944374,4.097999572753906,13.995686259120703,6.2209906578063965,5037.130721136226,1.4506332874298096,0.00028886136571428574,16,2048,,6433.762042999268
adammini-stochastic_old-r8,adammini,stochastic_old,8,1.1B,sdpa,666,989,32440320,2.475390911102295,11.886352712273114,nan,nan,nan,nan,22.21038579940796,4.097999572753906,0.01870039477944374,4.097999572753906,13.995686259120703,6.219894886016846,5037.329956679755,1.5422172546386719,0.0002885756571428572,16,2048,,6440.012994527817
adammini-stochastic_old-r8,adammini,stochastic_old,8,1.1B,sdpa,666,990,32473088,2.339435338973999,10.375376337719215,nan,nan,nan,nan,22.21038579940796,4.097999572753906,0.01870039477944374,4.097999572753906,13.995686259120703,6.213681936264038,5037.533301671198,1.4500294923782349,0.00028828994857142855,16,2048,,6446.25649189949
adammini-stochastic_old-r8,adammini,stochastic_old,8,1.1B,sdpa,666,991,32505856,2.183708906173706,8.879177298738856,nan,nan,nan,nan,22.21038579940796,4.097999572753906,0.01870039477944374,4.097999572753906,13.995686259120703,6.212617874145508,5037.738187099285,1.6234910488128662,0.00028800424000000003,16,2048,,6452.499795675278
adammini-stochastic_old-r8,adammini,stochastic_old,8,1.1B,sdpa,666,992,32538624,2.323883295059204,10.215266275726417,nan,nan,nan,nan,22.21038579940796,4.097999572753906,0.01870039477944374,4.097999572753906,13.995686259120703,6.2354936599731445,5037.923976148207,1.5870863199234009,0.0002877185314285714,16,2048,,6458.766272544861
adammini-stochastic_old-r8,adammini,stochastic_old,8,1.1B,sdpa,666,993,32571392,2.4162073135375977,11.203288077208997,nan,nan,nan,nan,22.21038579940796,4.097999572753906,0.01870039477944374,4.097999572753906,13.995686259120703,6.202740430831909,5038.134759598078,1.8642516136169434,0.00028743282285714284,16,2048,,6465.000653743744
adammini-stochastic_old-r8,adammini,stochastic_old,8,1.1B,sdpa,666,994,32604160,2.308081865310669,10.055119072880302,nan,nan,nan,nan,22.21038579940796,4.097999572753906,0.01870039477944374,4.097999572753906,13.995686259120703,6.219691753387451,5038.331456220029,1.5115004777908325,0.00028714711428571427,16,2048,,6471.251520872116
adammini-stochastic_old-r8,adammini,stochastic_old,8,1.1B,sdpa,666,995,32636928,2.3214526176452637,10.190466411158155,nan,nan,nan,nan,22.21038579940796,4.097999572753906,0.01870039477944374,4.097999572753906,13.995686259120703,6.225162029266357,5038.524079295411,1.568993330001831,0.0002868614057142857,16,2048,,6477.5077567100525
adammini-stochastic_old-r8,adammini,stochastic_old,8,1.1B,sdpa,666,996,32669696,2.3909003734588623,10.923324588293658,nan,nan,nan,nan,22.21038579940796,4.097999572753906,0.01870039477944374,4.097999572753906,13.995686259120703,6.201110363006592,5038.7348941901955,1.6085740327835083,0.0002865756971428572,16,2048,,6483.739872217178
adammini-stochastic_old-r8,adammini,stochastic_old,8,1.1B,sdpa,666,997,32702464,2.3899502754211426,10.91295128764356,nan,nan,nan,nan,22.21038579940796,4.097999572753906,0.01870039477944374,4.097999572753906,13.995686259120703,6.225168466567993,5038.9266423860245,1.5349678993225098,0.00028628998857142856,16,2048,,6489.995679855347
adammini-stochastic_old-r8,adammini,stochastic_old,8,1.1B,sdpa,666,998,32735232,2.3750994205474854,10.752082110828999,nan,nan,nan,nan,22.21038579940796,4.097999572753906,0.01870039477944374,4.097999572753906,13.995686259120703,6.225172996520996,5039.11839612812,1.5099109411239624,0.00028600428000000004,16,2048,,6496.2516486644745
adammini-stochastic_old-r8,adammini,stochastic_old,8,1.1B,sdpa,666,999,32768000,2.217458963394165,9.183964401203903,nan,nan,nan,nan,22.21038579940796,4.097999572753906,0.01870039477944374,4.097999572753906,13.995686259120703,6.21706223487854,5039.315874277568,1.5192036628723145,0.0002857185714285714,16,2048,,6502.499418020248
adammini-stochastic_old-r8,adammini,stochastic_old,8,1.1B,sdpa,666,1000,32800768,2.562525749206543,12.968531242059473,2.4473905628589203,11.558147076061982,nan,nan,22.21038579940796,4.097999572753906,0.01870039477944374,4.097999572753906,13.995686259120703,6.221049547195435,5039.509932188261,1.55782949924469,0.00028543286285714285,16,2048,,6521.4831483364105
adammini-stochastic_old-r8,adammini,stochastic_old,8,1.1B,sdpa,666,1001,32833536,2.2947001457214355,9.921460573806,nan,nan,nan,nan,22.21038579940796,4.097999572753906,0.01870039477944374,4.097999572753906,13.995686259120703,6.212639570236206,5029.880086426564,1.5843420028686523,0.00028514715428571433,16,2048,,6527.727344512939
adammini-stochastic_old-r8,adammini,stochastic_old,8,1.1B,sdpa,666,1002,32866304,2.4136462211608887,11.174632132444549,nan,nan,nan,nan,22.21038579940796,4.097999572753906,0.01870039477944374,4.097999572753906,13.995686259120703,6.212098598480225,5030.089182453413,1.472991943359375,0.00028486144571428576,16,2048,,6533.970375299454
adammini-stochastic_old-r8,adammini,stochastic_old,8,1.1B,sdpa,666,1003,32899072,2.306037425994873,10.034582991661559,nan,nan,nan,nan,22.21038579940796,4.097999572753906,0.01870039477944374,4.097999572753906,13.995686259120703,6.234119892120361,5030.2810039317055,1.4401874542236328,0.0002845757371428572,16,2048,,6540.235629081726
adammini-stochastic_old-r8,adammini,stochastic_old,8,1.1B,sdpa,666,1004,32931840,2.5130844116210938,12.342942122072065,nan,nan,nan,nan,22.21038579940796,4.097999572753906,0.01870039477944374,4.097999572753906,13.995686259120703,6.229172706604004,5030.475910064944,1.5080602169036865,0.00028429002857142857,16,2048,,6546.495762348175
adammini-stochastic_old-r8,adammini,stochastic_old,8,1.1B,sdpa,666,1005,32964608,2.3416903018951416,10.398798825149008,nan,nan,nan,nan,22.21038579940796,4.097999572753906,0.01870039477944374,4.097999572753906,13.995686259120703,6.222455978393555,5030.675651970769,1.5290035009384155,0.00028400432000000005,16,2048,,6552.749439954758
adammini-stochastic_old-r8,adammini,stochastic_old,8,1.1B,sdpa,666,1006,32997376,2.517336368560791,12.395535513665568,nan,nan,nan,nan,22.21038579940796,4.097999572753906,0.01870039477944374,4.097999572753906,13.995686259120703,6.262465476989746,5030.844604992769,1.7243452072143555,0.0002837186114285714,16,2048,,6559.043014287949
adammini-stochastic_old-r8,adammini,stochastic_old,8,1.1B,sdpa,666,1007,33030144,2.4669888019561768,11.786900667971882,nan,nan,nan,nan,22.21038579940796,4.097999572753906,0.01870039477944374,4.097999572753906,13.995686259120703,6.171273231506348,5031.082758034851,1.7786518335342407,0.00028343290285714285,16,2048,,6565.245473384857
adammini-stochastic_old-r8,adammini,stochastic_old,8,1.1B,sdpa,666,1008,33062912,2.3617734909057617,10.609751074069546,nan,nan,nan,nan,22.21038579940796,4.097999572753906,0.01870039477944374,4.097999572753906,13.995686259120703,6.217180252075195,5031.2855724785595,1.4431689977645874,0.0002831471942857143,16,2048,,6571.4937579631805
adammini-stochastic_old-r8,adammini,stochastic_old,8,1.1B,sdpa,666,1009,33095680,2.3174543380737305,10.149803422650836,nan,nan,nan,nan,22.21038579940796,4.097999572753906,0.01870039477944374,4.097999572753906,13.995686259120703,6.214837312698364,5031.489383275268,1.3963875770568848,0.0002828614857142857,16,2048,,6577.740144252777
adammini-stochastic_old-r8,adammini,stochastic_old,8,1.1B,sdpa,666,1010,33128448,2.237064838409424,9.365800765270963,nan,nan,nan,nan,22.21038579940796,4.097999572753906,0.01870039477944374,4.097999572753906,13.995686259120703,6.217442035675049,5031.691321990854,1.639358639717102,0.00028257577714285714,16,2048,,6583.988333702087
adammini-stochastic_old-r8,adammini,stochastic_old,8,1.1B,sdpa,666,1011,33161216,2.3835413455963135,10.843234591994973,nan,nan,nan,nan,22.21038579940796,4.097999572753906,0.01870039477944374,4.097999572753906,13.995686259120703,6.219275712966919,5031.891426357107,1.4251601696014404,0.0002822900685714285,16,2048,,6590.238991975784
adammini-stochastic_old-r8,adammini,stochastic_old,8,1.1B,sdpa,666,1012,33193984,2.3141286373138428,10.116104281385443,nan,nan,nan,nan,22.21038579940796,4.097999572753906,0.01870039477944374,4.097999572753906,13.995686259120703,6.214376926422119,5032.0946906664,1.5639047622680664,0.00028200436,16,2048,,6596.4841158390045
adammini-stochastic_old-r8,adammini,stochastic_old,8,1.1B,sdpa,666,1013,33226752,2.283484697341919,9.81080861045509,nan,nan,nan,nan,22.21038579940796,4.097999572753906,0.01870039477944374,4.097999572753906,13.995686259120703,6.2182042598724365,5032.294985756362,1.6135544776916504,0.0002817186514285714,16,2048,,6602.733176231384
adammini-stochastic_old-r8,adammini,stochastic_old,8,1.1B,sdpa,666,1014,33259520,2.4968419075012207,12.144081205352967,nan,nan,nan,nan,22.21038579940796,4.097999572753906,0.01870039477944374,4.097999572753906,13.995686259120703,6.205387115478516,5032.504631598991,1.5160179138183594,0.00028143294285714286,16,2048,,6608.969331026077
adammini-stochastic_old-r8,adammini,stochastic_old,8,1.1B,sdpa,666,1015,33292288,2.3119595050811768,10.094184895137765,nan,nan,nan,nan,22.21038579940796,4.097999572753906,0.01870039477944374,4.097999572753906,13.995686259120703,6.232579469680786,5032.693183526465,1.4877166748046875,0.0002811472342857143,16,2048,,6615.232745170593
adammini-stochastic_old-r8,adammini,stochastic_old,8,1.1B,sdpa,666,1016,33325056,2.2816171646118164,9.792503702094173,nan,nan,nan,nan,22.21038579940796,4.097999572753906,0.01870039477944374,4.097999572753906,13.995686259120703,6.221915006637573,5032.889479947527,1.577870488166809,0.0002808615257142857,16,2048,,6621.485708236694
adammini-stochastic_old-r8,adammini,stochastic_old,8,1.1B,sdpa,666,1017,33357824,2.3837785720825195,10.845807199569602,nan,nan,nan,nan,22.21038579940796,4.097999572753906,0.01870039477944374,4.097999572753906,13.995686259120703,6.216130971908569,5033.0897187241135,1.6306413412094116,0.0002805758171428572,16,2048,,6627.732756853104
adammini-stochastic_old-r8,adammini,stochastic_old,8,1.1B,sdpa,666,1018,33390592,2.388430118560791,10.896374492733463,nan,nan,nan,nan,22.21038579940796,4.097999572753906,0.01870039477944374,4.097999572753906,13.995686259120703,6.218111515045166,5033.288030131944,1.4723247289657593,0.0002802901085714286,16,2048,,6633.982003450394
adammini-stochastic_old-r8,adammini,stochastic_old,8,1.1B,sdpa,666,1019,33423360,2.281865358352661,9.79493444185495,nan,nan,nan,nan,22.21038579940796,4.097999572753906,0.01870039477944374,4.097999572753906,13.995686259120703,6.207773208618164,5033.493682160748,2.072220802307129,0.00028000440000000007,16,2048,,6640.220853090286
adammini-stochastic_old-r8,adammini,stochastic_old,8,1.1B,sdpa,666,1020,33456128,2.194305419921875,8.973765892644847,nan,nan,nan,nan,22.21038579940796,4.097999572753906,0.01870039477944374,4.097999572753906,13.995686259120703,6.231120347976685,5033.681272981088,1.6652963161468506,0.00027971869142857144,16,2048,,6646.482882976532
adammini-stochastic_old-r8,adammini,stochastic_old,8,1.1B,sdpa,666,1021,33488896,2.2591962814331055,9.575390154406874,nan,nan,nan,nan,22.21038579940796,4.097999572753906,0.01870039477944374,4.097999572753906,13.995686259120703,6.238326549530029,5033.86334246723,1.4683573246002197,0.00027943298285714287,16,2048,,6652.752222537994
adammini-stochastic_old-r8,adammini,stochastic_old,8,1.1B,sdpa,666,1022,33521664,2.2904562950134277,9.879444594157775,nan,nan,nan,nan,22.21038579940796,4.097999572753906,0.01870039477944374,4.097999572753906,13.995686259120703,6.211601495742798,5034.065156308136,1.5691415071487427,0.0002791472742857143,16,2048,,6658.994382381439
adammini-stochastic_old-r8,adammini,stochastic_old,8,1.1B,sdpa,666,1023,33554432,2.6252434253692627,13.807934978670348,nan,nan,nan,nan,22.21038579940796,4.097999572753906,0.01870039477944374,4.097999572753906,13.995686259120703,6.213916063308716,5034.265133838767,1.830019235610962,0.00027886156571428573,16,2048,,6665.239263057709
adammini-stochastic_old-r8,adammini,stochastic_old,8,1.1B,sdpa,666,1024,33587200,2.2689337730407715,9.669085875985436,nan,nan,nan,nan,22.21038579940796,4.097999572753906,0.01870039477944374,4.097999572753906,13.995686259120703,6.227893114089966,5034.453943976466,1.4781014919281006,0.00027857585714285716,16,2048,,6671.4980905056
adammini-stochastic_old-r8,adammini,stochastic_old,8,1.1B,sdpa,666,1025,33619968,2.4642109870910645,11.754204273372737,nan,nan,nan,nan,22.21038579940796,4.097999572753906,0.01870039477944374,4.097999572753906,13.995686259120703,6.228788375854492,5034.641689255593,1.450534701347351,0.00027829014857142854,16,2048,,6677.757646560669
adammini-stochastic_old-r8,adammini,stochastic_old,8,1.1B,sdpa,666,1026,33652736,2.2094366550445557,9.110582546394102,nan,nan,nan,nan,22.21038579940796,4.097999572753906,0.01870039477944374,4.097999572753906,13.995686259120703,6.215636491775513,5034.839121603097,1.7787244319915771,0.00027800444,16,2048,,6684.004087924957
adammini-stochastic_old-r8,adammini,stochastic_old,8,1.1B,sdpa,666,1027,33685504,2.3669862747192383,10.665201813527966,nan,nan,nan,nan,22.21038579940796,4.097999572753906,0.01870039477944374,4.097999572753906,13.995686259120703,6.230046510696411,5035.0252637582535,1.6048222780227661,0.0002777187314285714,16,2048,,6690.265090703964
adammini-stochastic_old-r8,adammini,stochastic_old,8,1.1B,sdpa,666,1028,33718272,2.506962776184082,12.267613931281556,nan,nan,nan,nan,22.21038579940796,4.097999572753906,0.01870039477944374,4.097999572753906,13.995686259120703,6.21717643737793,5035.220572494436,1.6313978433609009,0.0002774330228571429,16,2048,,6696.513424873352
adammini-stochastic_old-r8,adammini,stochastic_old,8,1.1B,sdpa,666,1029,33751040,2.3250370025634766,10.227058506171247,nan,nan,nan,nan,22.21038579940796,4.097999572753906,0.01870039477944374,4.097999572753906,13.995686259120703,6.211274862289429,5035.419901574056,1.6437679529190063,0.00027714731428571426,16,2048,,6702.7558217048645
adammini-stochastic_old-r8,adammini,stochastic_old,8,1.1B,sdpa,666,1030,33783808,2.2684824466705322,9.664722947179966,nan,nan,nan,nan,22.21038579940796,4.097999572753906,0.01870039477944374,4.097999572753906,13.995686259120703,6.2140796184539795,5035.616726429684,1.7401200532913208,0.0002768616057142857,16,2048,,6708.999936103821
adammini-stochastic_old-r8,adammini,stochastic_old,8,1.1B,sdpa,666,1031,33816576,2.3382620811462402,10.36321048445189,nan,nan,nan,nan,22.21038579940796,4.097999572753906,0.01870039477944374,4.097999572753906,13.995686259120703,6.212946653366089,5035.815204291012,1.467869758605957,0.0002765758971428571,16,2048,,6715.243749141693
adammini-stochastic_old-r8,adammini,stochastic_old,8,1.1B,sdpa,666,1032,33849344,2.3025121688842773,9.9992707854913,nan,nan,nan,nan,22.21038579940796,4.097999572753906,0.01870039477944374,4.097999572753906,13.995686259120703,6.216148376464844,5036.0098479859535,1.5189847946166992,0.00027629018857142855,16,2048,,6721.490845918655
adammini-stochastic_old-r8,adammini,stochastic_old,8,1.1B,sdpa,666,1033,33882112,2.435896396636963,11.426056402699404,nan,nan,nan,nan,22.21038579940796,4.097999572753906,0.01870039477944374,4.097999572753906,13.995686259120703,6.216875791549683,5036.20363153988,1.611868143081665,0.0002760044800000001,16,2048,,6727.738839387894
adammini-stochastic_old-r8,adammini,stochastic_old,8,1.1B,sdpa,666,1034,33914880,2.184142589569092,8.883028885622277,nan,nan,nan,nan,22.21038579940796,4.097999572753906,0.01870039477944374,4.097999572753906,13.995686259120703,6.2079174518585205,5036.403666390856,1.5775583982467651,0.00027571877142857146,16,2048,,6733.977800369263
adammini-stochastic_old-r8,adammini,stochastic_old,8,1.1B,sdpa,666,1035,33947648,2.452202081680298,11.613893322769258,nan,nan,nan,nan,22.21038579940796,4.097999572753906,0.01870039477944374,4.097999572753906,13.995686259120703,6.224642515182495,5036.590888735242,1.6786634922027588,0.00027543306285714294,16,2048,,6740.233609676361
adammini-stochastic_old-r8,adammini,stochastic_old,8,1.1B,sdpa,666,1036,33980416,2.348813772201538,10.473138824834562,nan,nan,nan,nan,22.21038579940796,4.097999572753906,0.01870039477944374,4.097999572753906,13.995686259120703,6.2377448081970215,5036.7679178925955,1.6485074758529663,0.0002751473542857143,16,2048,,6746.502555847168
adammini-stochastic_old-r8,adammini,stochastic_old,8,1.1B,sdpa,666,1037,34013184,2.1452484130859375,8.544163455700554,nan,nan,nan,nan,22.21038579940796,4.097999572753906,0.01870039477944374,4.097999572753906,13.995686259120703,6.218288898468018,5036.959066227115,1.6554617881774902,0.00027486164571428575,16,2048,,6752.751835346222
adammini-stochastic_old-r8,adammini,stochastic_old,8,1.1B,sdpa,666,1038,34045952,2.4782164096832275,11.919985076717946,nan,nan,nan,nan,22.21038579940796,4.097999572753906,0.01870039477944374,4.097999572753906,13.995686259120703,6.219200134277344,5037.149330877798,1.5905569791793823,0.0002745759371428572,16,2048,,6759.001924037933
adammini-stochastic_old-r8,adammini,stochastic_old,8,1.1B,sdpa,666,1039,34078720,2.3429083824157715,10.411473117022801,nan,nan,nan,nan,22.21038579940796,4.097999572753906,0.01870039477944374,4.097999572753906,13.995686259120703,6.228480339050293,5037.3323041750955,1.4396389722824097,0.0002742902285714286,16,2048,,6765.261212825775
adammini-stochastic_old-r8,adammini,stochastic_old,8,1.1B,sdpa,666,1040,34111488,2.4710934162139893,11.835380776515953,nan,nan,nan,nan,22.21038579940796,4.097999572753906,0.01870039477944374,4.097999572753906,13.995686259120703,6.21096658706665,5037.528149146722,1.7568687200546265,0.00027400452000000004,16,2048,,6771.501692056656
adammini-stochastic_old-r8,adammini,stochastic_old,8,1.1B,sdpa,666,1041,34144256,2.27567458152771,9.734483500921174,nan,nan,nan,nan,22.21038579940796,4.097999572753906,0.01870039477944374,4.097999572753906,13.995686259120703,6.216117858886719,5037.721005006605,1.5781686305999756,0.0002737188114285714,16,2048,,6777.747241258621
adammini-stochastic_old-r8,adammini,stochastic_old,8,1.1B,sdpa,666,1042,34177024,2.3308844566345215,10.28703594783647,nan,nan,nan,nan,22.21038579940796,4.097999572753906,0.01870039477944374,4.097999572753906,13.995686259120703,6.218580722808838,5037.911298619293,1.6363765001296997,0.0002734331028571429,16,2048,,6783.996687412262
adammini-stochastic_old-r8,adammini,stochastic_old,8,1.1B,sdpa,666,1043,34209792,2.462489604949951,11.733988200838617,nan,nan,nan,nan,22.21038579940796,4.097999572753906,0.01870039477944374,4.097999572753906,13.995686259120703,6.202733516693115,5038.112072636593,1.49611234664917,0.00027314739428571427,16,2048,,6790.230418920517
adammini-stochastic_old-r8,adammini,stochastic_old,8,1.1B,sdpa,666,1044,34242560,2.220672130584717,9.21352147477655,nan,nan,nan,nan,22.21038579940796,4.097999572753906,0.01870039477944374,4.097999572753906,13.995686259120703,6.235854864120483,5038.287928767446,1.5297842025756836,0.0002728616857142857,16,2048,,6796.497414112091
adammini-stochastic_old-r8,adammini,stochastic_old,8,1.1B,sdpa,666,1045,34275328,2.157029628753662,8.645419375822938,nan,nan,nan,nan,22.21038579940796,4.097999572753906,0.01870039477944374,4.097999572753906,13.995686259120703,6.239332914352417,5038.460665550373,1.6279480457305908,0.00027257597714285713,16,2048,,6802.767787694931
adammini-stochastic_old-r8,adammini,stochastic_old,8,1.1B,sdpa,666,1046,34308096,2.23173451423645,9.316010827195228,nan,nan,nan,nan,22.21038579940796,4.097999572753906,0.01870039477944374,4.097999572753906,13.995686259120703,6.22826886177063,5038.641503365145,1.6322054862976074,0.00027229026857142856,16,2048,,6809.027001857758
adammini-stochastic_old-r8,adammini,stochastic_old,8,1.1B,sdpa,666,1047,34340864,2.311732053756714,10.091889220501008,nan,nan,nan,nan,22.21038579940796,4.097999572753906,0.01870039477944374,4.097999572753906,13.995686259120703,6.231208801269531,5038.8197962542945,1.4930453300476074,0.00027200456,16,2048,,6815.288952589035
adammini-stochastic_old-r8,adammini,stochastic_old,8,1.1B,sdpa,666,1048,34373632,2.326709747314453,10.244180080624986,nan,nan,nan,nan,22.21038579940796,4.097999572753906,0.01870039477944374,4.097999572753906,13.995686259120703,6.221899032592773,5039.004793833715,1.5730839967727661,0.00027171885142857137,16,2048,,6821.541965484619
adammini-stochastic_old-r8,adammini,stochastic_old,8,1.1B,sdpa,666,1049,34406400,2.3224258422851562,10.20038885176015,nan,nan,nan,nan,22.21038579940796,4.097999572753906,0.01870039477944374,4.097999572753906,13.995686259120703,6.23034405708313,5039.182994559858,1.4381587505340576,0.0002714331428571429,16,2048,,6827.802095651627
adammini-stochastic_old-r8,adammini,stochastic_old,8,1.1B,sdpa,666,1050,34439168,2.1738243103027344,8.791842564836417,2.4475224910570708,11.559672022169169,nan,nan,22.21038579940796,4.097999572753906,0.01870039477944374,4.097999572753906,13.995686259120703,6.2274816036224365,5039.363905303089,1.551050066947937,0.0002711474342857143,16,2048,,6846.961179018021
adammini-stochastic_old-r8,adammini,stochastic_old,8,1.1B,sdpa,666,1051,34471936,2.325441598892212,10.231197173684988,nan,nan,nan,nan,22.21038579940796,4.097999572753906,0.01870039477944374,4.097999572753906,13.995686259120703,6.214767217636108,5030.065942685281,1.475899338722229,0.00027086172571428576,16,2048,,6853.207227468491
adammini-stochastic_old-r8,adammini,stochastic_old,8,1.1B,sdpa,666,1052,34504704,2.065734624862671,7.891092761805114,nan,nan,nan,nan,22.21038579940796,4.097999572753906,0.01870039477944374,4.097999572753906,13.995686259120703,6.215997219085693,5030.262261322954,1.4418606758117676,0.0002705760171428572,16,2048,,6859.45419716835
adammini-stochastic_old-r8,adammini,stochastic_old,8,1.1B,sdpa,666,1053,34537472,2.37306809425354,10.730263291795573,nan,nan,nan,nan,22.21038579940796,4.097999572753906,0.01870039477944374,4.097999572753906,13.995686259120703,6.233206510543823,5030.445450743263,1.5628527402877808,0.0002702903085714286,16,2048,,6865.718439817429
adammini-stochastic_old-r8,adammini,stochastic_old,8,1.1B,sdpa,666,1054,34570240,2.208925247192383,9.10592451412067,nan,nan,nan,nan,22.21038579940796,4.097999572753906,0.01870039477944374,4.097999572753906,13.995686259120703,6.208752393722534,5030.646137781062,4.244460582733154,0.00027000460000000005,16,2048,,6871.958088159561
adammini-stochastic_old-r8,adammini,stochastic_old,8,1.1B,sdpa,666,1055,34603008,2.230522394180298,9.304725544568687,nan,nan,nan,nan,22.21038579940796,4.097999572753906,0.01870039477944374,4.097999572753906,13.995686259120703,6.2297210693359375,5030.831171565814,1.6170313358306885,0.00026971889142857143,16,2048,,6878.218759298325
adammini-stochastic_old-r8,adammini,stochastic_old,8,1.1B,sdpa,666,1056,34635776,2.5088253021240234,12.290483971860315,nan,nan,nan,nan,22.21038579940796,4.097999572753906,0.01870039477944374,4.097999572753906,13.995686259120703,6.232375621795654,5031.013977879597,1.5618507862091064,0.0002694331828571429,16,2048,,6884.48192024231
adammini-stochastic_old-r8,adammini,stochastic_old,8,1.1B,sdpa,666,1057,34668544,2.2643344402313232,9.624716644724202,nan,nan,nan,nan,22.21038579940796,4.097999572753906,0.01870039477944374,4.097999572753906,13.995686259120703,6.227297782897949,5031.200205720027,1.513918161392212,0.0002691474742857143,16,2048,,6890.740216970444
adammini-stochastic_old-r8,adammini,stochastic_old,8,1.1B,sdpa,666,1058,34701312,2.333059072494507,10.309430640462468,nan,nan,nan,nan,22.21038579940796,4.097999572753906,0.01870039477944374,4.097999572753906,13.995686259120703,6.210606813430786,5031.398214761621,1.6877524852752686,0.0002688617657142857,16,2048,,6896.981607437134
adammini-stochastic_old-r8,adammini,stochastic_old,8,1.1B,sdpa,666,1059,34734080,2.455002546310425,11.646463204352381,nan,nan,nan,nan,22.21038579940796,4.097999572753906,0.01870039477944374,4.097999572753906,13.995686259120703,6.226105213165283,5031.584630994973,1.7562141418457031,0.00026857605714285715,16,2048,,6903.23877453804
adammini-stochastic_old-r8,adammini,stochastic_old,8,1.1B,sdpa,666,1060,34766848,2.5730459690093994,13.105683210735457,nan,nan,nan,nan,22.21038579940796,4.097999572753906,0.01870039477944374,4.097999572753906,13.995686259120703,6.252442359924316,5031.751419755982,2.6583383083343506,0.0002682903485714286,16,2048,,6909.52068066597
adammini-stochastic_old-r8,adammini,stochastic_old,8,1.1B,sdpa,666,1061,34799616,2.729344367980957,15.322837582958877,nan,nan,nan,nan,22.21038579940796,4.097999572753906,0.01870039477944374,4.097999572753906,13.995686259120703,6.203676223754883,5031.954178109849,1.707004189491272,0.00026800464,16,2048,,6915.755657196045
adammini-stochastic_old-r8,adammini,stochastic_old,8,1.1B,sdpa,666,1062,34832384,2.2941269874572754,9.91577563602575,nan,nan,nan,nan,22.21038579940796,4.097999572753906,0.01870039477944374,4.097999572753906,13.995686259120703,6.218013286590576,5032.145392775531,1.5440458059310913,0.0002677189314285714,16,2048,,6922.004528045654
adammini-stochastic_old-r8,adammini,stochastic_old,8,1.1B,sdpa,666,1063,34865152,2.45011830329895,11.589717739966192,nan,nan,nan,nan,22.21038579940796,4.097999572753906,0.01870039477944374,4.097999572753906,13.995686259120703,6.231173276901245,5032.326750310801,1.3765612840652466,0.00026743322285714287,16,2048,,6928.266823291779
adammini-stochastic_old-r8,adammini,stochastic_old,8,1.1B,sdpa,666,1064,34897920,2.2824137210845947,9.80030709181047,nan,nan,nan,nan,22.21038579940796,4.097999572753906,0.01870039477944374,4.097999572753906,13.995686259120703,6.2220470905303955,5032.514201106246,1.587257981300354,0.00026714751428571424,16,2048,,6934.519910097122
adammini-stochastic_old-r8,adammini,stochastic_old,8,1.1B,sdpa,666,1065,34930688,2.19958233833313,9.021244884310242,nan,nan,nan,nan,22.21038579940796,4.097999572753906,0.01870039477944374,4.097999572753906,13.995686259120703,6.21332859992981,5032.707740646678,1.5938740968704224,0.0002668618057142857,16,2048,,6940.764124155045
adammini-stochastic_old-r8,adammini,stochastic_old,8,1.1B,sdpa,666,1066,34963456,2.262031078338623,9.602572951436583,nan,nan,nan,nan,22.21038579940796,4.097999572753906,0.01870039477944374,4.097999572753906,13.995686259120703,6.250529527664185,5032.874077531116,1.4646776914596558,0.00026657609714285716,16,2048,,6947.045678853989
adammini-stochastic_old-r8,adammini,stochastic_old,8,1.1B,sdpa,666,1067,34996224,2.1125636100769043,8.269413686396344,nan,nan,nan,nan,22.21038579940796,4.097999572753906,0.01870039477944374,4.097999572753906,13.995686259120703,6.227732181549072,5033.0563452044535,1.704591989517212,0.0002662903885714286,16,2048,,6953.304484844208
adammini-stochastic_old-r8,adammini,stochastic_old,8,1.1B,sdpa,666,1068,35028992,2.3862111568450928,10.87222266079927,nan,nan,nan,nan,22.21038579940796,4.097999572753906,0.01870039477944374,4.097999572753906,13.995686259120703,6.204349756240845,5033.2554563241165,1.629844069480896,0.00026600468,16,2048,,6959.539361476898
adammini-stochastic_old-r8,adammini,stochastic_old,8,1.1B,sdpa,666,1069,35061760,2.397489547729492,10.99553792949048,nan,nan,nan,nan,22.21038579940796,4.097999572753906,0.01870039477944374,4.097999572753906,13.995686259120703,6.2223591804504395,5033.441373633439,1.5968763828277588,0.00026571897142857145,16,2048,,6965.792758464813
adammini-stochastic_old-r8,adammini,stochastic_old,8,1.1B,sdpa,666,1070,35094528,1.5751339197158813,4.83138859297565,nan,nan,nan,nan,22.21038579940796,4.097999572753906,0.01870039477944374,4.097999572753906,13.995686259120703,6.206449747085571,5033.638220794803,1.2766255140304565,0.00026543326285714293,16,2048,,6972.0288252830505
adammini-stochastic_old-r8,adammini,stochastic_old,8,1.1B,sdpa,666,1071,35127296,2.2941930294036865,9.916430514773424,nan,nan,nan,nan,22.21038579940796,4.097999572753906,0.01870039477944374,4.097999572753906,13.995686259120703,6.238506078720093,5033.812641570535,1.4171667098999023,0.0002651475542857143,16,2048,,6978.297930717468
adammini-stochastic_old-r8,adammini,stochastic_old,8,1.1B,sdpa,666,1072,35160064,2.502098560333252,12.208086503644841,nan,nan,nan,nan,22.21038579940796,4.097999572753906,0.01870039477944374,4.097999572753906,13.995686259120703,6.227043151855469,5033.994142725752,1.5748456716537476,0.00026486184571428574,16,2048,,6984.55589056015
adammini-stochastic_old-r8,adammini,stochastic_old,8,1.1B,sdpa,666,1073,35192832,2.3271210193634033,10.248394092049717,nan,nan,nan,nan,22.21038579940796,4.097999572753906,0.01870039477944374,4.097999572753906,13.995686259120703,6.2216222286224365,5034.178971800967,1.5845787525177002,0.00026457613714285717,16,2048,,6990.808360815048
adammini-stochastic_old-r8,adammini,stochastic_old,8,1.1B,sdpa,666,1074,35225600,2.267134428024292,9.651703497638323,nan,nan,nan,nan,22.21038579940796,4.097999572753906,0.01870039477944374,4.097999572753906,13.995686259120703,6.224795341491699,5034.361402260449,1.5093169212341309,0.0002642904285714286,16,2048,,6997.064158201218
adammini-stochastic_old-r8,adammini,stochastic_old,8,1.1B,sdpa,666,1075,35258368,2.4994847774505615,12.176218881776414,nan,nan,nan,nan,22.21038579940796,4.097999572753906,0.01870039477944374,4.097999572753906,13.995686259120703,6.231107711791992,5034.53877494743,1.628408670425415,0.00026400472,16,2048,,7003.326437711716
adammini-stochastic_old-r8,adammini,stochastic_old,8,1.1B,sdpa,666,1076,35291136,2.5849649906158447,13.262824758513156,nan,nan,nan,nan,22.21038579940796,4.097999572753906,0.01870039477944374,4.097999572753906,13.995686259120703,6.2283034324646,5034.717727968094,1.734596848487854,0.0002637190114285714,16,2048,,7009.585998773575
adammini-stochastic_old-r8,adammini,stochastic_old,8,1.1B,sdpa,666,1077,35323904,2.3553082942962646,10.541378207568501,nan,nan,nan,nan,22.21038579940796,4.097999572753906,0.01870039477944374,4.097999572753906,13.995686259120703,6.222608327865601,5034.900363892266,1.58660089969635,0.0002634333028571429,16,2048,,7015.839747667313
adammini-stochastic_old-r8,adammini,stochastic_old,8,1.1B,sdpa,666,1078,35356672,2.3734214305877686,10.734055353589557,nan,nan,nan,nan,22.21038579940796,4.097999572753906,0.01870039477944374,4.097999572753906,13.995686259120703,6.217991828918457,5035.086140105424,1.5149798393249512,0.00026314759428571426,16,2048,,7022.088818311691
adammini-stochastic_old-r8,adammini,stochastic_old,8,1.1B,sdpa,666,1079,35389440,2.3365418910980225,10.345399116769732,nan,nan,nan,nan,22.21038579940796,4.097999572753906,0.01870039477944374,4.097999572753906,13.995686259120703,6.208992958068848,5035.278051965089,1.5182242393493652,0.0002628618857142857,16,2048,,7028.328731060028
adammini-stochastic_old-r8,adammini,stochastic_old,8,1.1B,sdpa,666,1080,35422208,2.3372371196746826,10.35259403463912,nan,nan,nan,nan,22.21038579940796,4.097999572753906,0.01870039477944374,4.097999572753906,13.995686259120703,6.209562063217163,5035.469297892464,1.4786629676818848,0.0002625761771428571,16,2048,,7034.569618701935
adammini-stochastic_old-r8,adammini,stochastic_old,8,1.1B,sdpa,666,1081,35454976,2.5057554244995117,12.252811544577344,nan,nan,nan,nan,22.21038579940796,4.097999572753906,0.01870039477944374,4.097999572753906,13.995686259120703,6.221086740493774,5035.651868938877,1.5614666938781738,0.00026229046857142855,16,2048,,7040.821481227875
adammini-stochastic_old-r8,adammini,stochastic_old,8,1.1B,sdpa,666,1082,35487744,2.312457323074341,10.09921121299682,nan,nan,nan,nan,22.21038579940796,4.097999572753906,0.01870039477944374,4.097999572753906,13.995686259120703,6.211488246917725,5035.841078051967,1.4216786623001099,0.00026200476000000003,16,2048,,7047.063611745834
adammini-stochastic_old-r8,adammini,stochastic_old,8,1.1B,sdpa,666,1083,35520512,2.452883720397949,11.62181250082329,nan,nan,nan,nan,22.21038579940796,4.097999572753906,0.01870039477944374,4.097999572753906,13.995686259120703,6.216095209121704,5036.026842480951,1.917629599571228,0.0002617190514285714,16,2048,,7053.310559272766
adammini-stochastic_old-r8,adammini,stochastic_old,8,1.1B,sdpa,666,1084,35553280,2.4240686893463135,11.291708432524961,nan,nan,nan,nan,22.21038579940796,4.097999572753906,0.01870039477944374,4.097999572753906,13.995686259120703,6.221526384353638,5036.208256645449,1.7516915798187256,0.0002614333428571429,16,2048,,7059.5631268024445
adammini-stochastic_old-r8,adammini,stochastic_old,8,1.1B,sdpa,666,1085,35586048,2.5044972896575928,12.237405548903794,nan,nan,nan,nan,22.21038579940796,4.097999572753906,0.01870039477944374,4.097999572753906,13.995686259120703,6.217729330062866,5036.3919347269275,1.548409104347229,0.00026114763428571427,16,2048,,7065.811963796616
adammini-stochastic_old-r8,adammini,stochastic_old,8,1.1B,sdpa,666,1086,35618816,2.175535202026367,8.806897330380668,nan,nan,nan,nan,22.21038579940796,4.097999572753906,0.01870039477944374,4.097999572753906,13.995686259120703,6.223228454589844,5036.571324975623,1.5068795680999756,0.00026086192571428575,16,2048,,7072.066186904907
adammini-stochastic_old-r8,adammini,stochastic_old,8,1.1B,sdpa,666,1087,35651584,2.4865121841430664,12.01928188698481,nan,nan,nan,nan,22.21038579940796,4.097999572753906,0.01870039477944374,4.097999572753906,13.995686259120703,6.222546815872192,5036.7510269423365,1.5574637651443481,0.00026057621714285713,16,2048,,7078.319616794586
adammini-stochastic_old-r8,adammini,stochastic_old,8,1.1B,sdpa,666,1088,35684352,2.5245296955108643,12.485022120682006,nan,nan,nan,nan,22.21038579940796,4.097999572753906,0.01870039477944374,4.097999572753906,13.995686259120703,6.223909616470337,5036.928651988297,1.750274896621704,0.0002602905085714286,16,2048,,7084.575603246689
adammini-stochastic_old-r8,adammini,stochastic_old,8,1.1B,sdpa,666,1089,35717120,2.1874632835388184,8.912575736950075,nan,nan,nan,nan,22.21038579940796,4.097999572753906,0.01870039477944374,4.097999572753906,13.995686259120703,6.2196946144104,5037.109643764063,1.442071557044983,0.00026000480000000004,16,2048,,7090.826462030411
adammini-stochastic_old-r8,adammini,stochastic_old,8,1.1B,sdpa,666,1090,35749888,2.3891775608062744,10.904521947848702,nan,nan,nan,nan,22.21038579940796,4.097999572753906,0.01870039477944374,4.097999572753906,13.995686259120703,6.216699600219727,5037.292370581391,1.492202639579773,0.0002597190914285714,16,2048,,7097.0730040073395
adammini-stochastic_old-r8,adammini,stochastic_old,8,1.1B,sdpa,666,1091,35782656,2.5146491527557373,12.362270749538524,nan,nan,nan,nan,22.21038579940796,4.097999572753906,0.01870039477944374,4.097999572753906,13.995686259120703,6.216736555099487,5037.475587710718,2.1296839714050293,0.0002594333828571429,16,2048,,7103.320948839188
adammini-stochastic_old-r8,adammini,stochastic_old,8,1.1B,sdpa,666,1092,35815424,2.4492318630218506,11.579448699479247,nan,nan,nan,nan,22.21038579940796,4.097999572753906,0.01870039477944374,4.097999572753906,13.995686259120703,6.213190078735352,5037.660255206037,1.518488883972168,0.0002591476742857143,16,2048,,7109.565103530884
adammini-stochastic_old-r8,adammini,stochastic_old,8,1.1B,sdpa,666,1093,35848192,2.332000970840454,10.298527983926109,nan,nan,nan,nan,22.21038579940796,4.097999572753906,0.01870039477944374,4.097999572753906,13.995686259120703,6.207578897476196,5037.84847804699,1.5860209465026855,0.00025886196571428576,16,2048,,7115.803871631622
adammini-stochastic_old-r8,adammini,stochastic_old,8,1.1B,sdpa,666,1094,35880960,2.4606308937072754,11.712198361830971,nan,nan,nan,nan,22.21038579940796,4.097999572753906,0.01870039477944374,4.097999572753906,13.995686259120703,6.231867074966431,5038.018816758185,1.7390021085739136,0.00025857625714285714,16,2048,,7122.0676057338715
adammini-stochastic_old-r8,adammini,stochastic_old,8,1.1B,sdpa,666,1095,35913728,2.2817347049713135,9.793654784147668,nan,nan,nan,nan,22.21038579940796,4.097999572753906,0.01870039477944374,4.097999572753906,13.995686259120703,6.223006963729858,5038.195531695852,1.6514836549758911,0.00025829054857142857,16,2048,,7128.321388721466
adammini-stochastic_old-r8,adammini,stochastic_old,8,1.1B,sdpa,666,1096,35946496,2.6181399822235107,13.71019864082075,nan,nan,nan,nan,22.21038579940796,4.097999572753906,0.01870039477944374,4.097999572753906,13.995686259120703,6.204862594604492,5038.3849942606375,1.592666745185852,0.00025800484,16,2048,,7134.556830883026
adammini-stochastic_old-r8,adammini,stochastic_old,8,1.1B,sdpa,666,1097,35979264,2.3438374996185303,10.42115109109177,nan,nan,nan,nan,22.21038579940796,4.097999572753906,0.01870039477944374,4.097999572753906,13.995686259120703,6.2353105545043945,5038.55272045329,1.5103399753570557,0.00025771913142857137,16,2048,,7140.823212623596
adammini-stochastic_old-r8,adammini,stochastic_old,8,1.1B,sdpa,666,1098,36012032,2.761417865753174,15.822260893545051,nan,nan,nan,nan,22.21038579940796,4.097999572753906,0.01870039477944374,4.097999572753906,13.995686259120703,6.243986129760742,5038.713522551872,1.8844335079193115,0.0002574334228571429,16,2048,,7147.098517656326
adammini-stochastic_old-r8,adammini,stochastic_old,8,1.1B,sdpa,666,1099,36044800,2.7096939086914062,15.024675888254617,nan,nan,nan,nan,22.21038579940796,4.097999572753906,0.01870039477944374,4.097999572753906,13.995686259120703,6.247966527938843,5038.871510260854,1.963030457496643,0.0002571477142857143,16,2048,,7153.377377271652
adammini-stochastic_old-r8,adammini,stochastic_old,8,1.1B,sdpa,666,1100,36077568,2.52459979057312,12.485897289756979,2.4475784394261098,11.56031878505793,nan,nan,22.21038579940796,4.097999572753906,0.01870039477944374,4.097999572753906,13.995686259120703,6.198611497879028,5039.0639693279745,1.5471372604370117,0.00025686200571428577,16,2048,,7172.0544555187225
adammini-stochastic_old-r8,adammini,stochastic_old,8,1.1B,sdpa,666,1101,36110336,2.4185163974761963,11.229187299999655,nan,nan,nan,nan,22.21038579940796,4.097999572753906,0.01870039477944374,4.097999572753906,13.995686259120703,6.227822303771973,5030.496827123853,1.5069714784622192,0.00025657629714285714,16,2048,,7178.31410074234
adammini-stochastic_old-r8,adammini,stochastic_old,8,1.1B,sdpa,666,1102,36143104,2.5478732585906982,12.779895327644589,nan,nan,nan,nan,22.21038579940796,4.097999572753906,0.01870039477944374,4.097999572753906,13.995686259120703,6.220240592956543,5030.680526462347,1.5612118244171143,0.0002562905885714286,16,2048,,7184.565254449844
adammini-stochastic_old-r8,adammini,stochastic_old,8,1.1B,sdpa,666,1103,36175872,2.3508098125457764,10.494064509767783,nan,nan,nan,nan,22.21038579940796,4.097999572753906,0.01870039477944374,4.097999572753906,13.995686259120703,6.232157468795776,5030.855738185204,1.5293456315994263,0.00025600488,16,2048,,7190.8285574913025
adammini-stochastic_old-r8,adammini,stochastic_old,8,1.1B,sdpa,666,1104,36208640,2.25127911567688,9.49987951293272,nan,nan,nan,nan,22.21038579940796,4.097999572753906,0.01870039477944374,4.097999572753906,13.995686259120703,6.209472179412842,5031.046463251741,1.587135672569275,0.00025571917142857143,16,2048,,7197.069205760956
adammini-stochastic_old-r8,adammini,stochastic_old,8,1.1B,sdpa,666,1105,36241408,2.3487367630004883,10.472332327835423,nan,nan,nan,nan,22.21038579940796,4.097999572753906,0.01870039477944374,4.097999572753906,13.995686259120703,6.220412254333496,5031.229261899787,1.7324283123016357,0.00025543346285714286,16,2048,,7203.320519924164
adammini-stochastic_old-r8,adammini,stochastic_old,8,1.1B,sdpa,666,1106,36274176,2.4484095573425293,11.569930766911584,nan,nan,nan,nan,22.21038579940796,4.097999572753906,0.01870039477944374,4.097999572753906,13.995686259120703,6.233237266540527,5031.402626317148,1.5352165699005127,0.0002551477542857143,16,2048,,7209.585141658783
adammini-stochastic_old-r8,adammini,stochastic_old,8,1.1B,sdpa,666,1107,36306944,2.271455764770508,9.693502006296693,nan,nan,nan,nan,22.21038579940796,4.097999572753906,0.01870039477944374,4.097999572753906,13.995686259120703,6.226570129394531,5031.58047602431,1.4682892560958862,0.0002548620457142858,16,2048,,7215.842648744583
adammini-stochastic_old-r8,adammini,stochastic_old,8,1.1B,sdpa,666,1108,36339712,2.294785737991333,9.922309810480739,nan,nan,nan,nan,22.21038579940796,4.097999572753906,0.01870039477944374,4.097999572753906,13.995686259120703,6.235417127609253,5031.751984059722,1.6456011533737183,0.00025457633714285715,16,2048,,7222.108788251877
adammini-stochastic_old-r8,adammini,stochastic_old,8,1.1B,sdpa,666,1109,36372480,2.2919301986694336,9.894016679951653,nan,nan,nan,nan,22.21038579940796,4.097999572753906,0.01870039477944374,4.097999572753906,13.995686259120703,6.2240447998046875,5031.931202403109,1.413710355758667,0.0002542906285714286,16,2048,,7228.363793373108
adammini-stochastic_old-r8,adammini,stochastic_old,8,1.1B,sdpa,666,1110,36405248,2.3729865550994873,10.729388390873822,nan,nan,nan,nan,22.21038579940796,4.097999572753906,0.01870039477944374,4.097999572753906,13.995686259120703,6.233862638473511,5032.103076803423,1.443213701248169,0.00025400492,16,2048,,7234.628263950348
adammini-stochastic_old-r8,adammini,stochastic_old,8,1.1B,sdpa,666,1111,36438016,2.2892253398895264,9.867290923059809,nan,nan,nan,nan,22.21038579940796,4.097999572753906,0.01870039477944374,4.097999572753906,13.995686259120703,6.232729911804199,5032.275803060268,1.4992053508758545,0.00025371921142857144,16,2048,,7240.892065048218
adammini-stochastic_old-r8,adammini,stochastic_old,8,1.1B,sdpa,666,1112,36470784,2.3623321056365967,10.615679493006924,nan,nan,nan,nan,22.21038579940796,4.097999572753906,0.01870039477944374,4.097999572753906,13.995686259120703,6.202442407608032,5032.468860863605,1.5187433958053589,0.00025343350285714287,16,2048,,7247.125708580017
adammini-stochastic_old-r8,adammini,stochastic_old,8,1.1B,sdpa,666,1113,36503552,2.3585143089294434,10.57522825323265,nan,nan,nan,nan,22.21038579940796,4.097999572753906,0.01870039477944374,4.097999572753906,13.995686259120703,6.218158483505249,5032.65060398319,1.6783533096313477,0.00025314779428571425,16,2048,,7253.3744904994965
adammini-stochastic_old-r8,adammini,stochastic_old,8,1.1B,sdpa,666,1114,36536320,2.3644583225250244,10.638274742715476,nan,nan,nan,nan,22.21038579940796,4.097999572753906,0.01870039477944374,4.097999572753906,13.995686259120703,6.224507570266724,5032.828044490365,1.5230709314346313,0.0002528620857142858,16,2048,,7259.629938840866
adammini-stochastic_old-r8,adammini,stochastic_old,8,1.1B,sdpa,666,1115,36569088,2.288680076599121,9.861912118109423,nan,nan,nan,nan,22.21038579940796,4.097999572753906,0.01870039477944374,4.097999572753906,13.995686259120703,6.2275776863098145,5033.002818488031,1.6173166036605835,0.00025257637714285716,16,2048,,7265.888538599014
adammini-stochastic_old-r8,adammini,stochastic_old,8,1.1B,sdpa,666,1116,36601856,2.429273843765259,11.350636751020213,nan,nan,nan,nan,22.21038579940796,4.097999572753906,0.01870039477944374,4.097999572753906,13.995686259120703,6.235210180282593,5033.17126253922,1.5059304237365723,0.0002522906685714286,16,2048,,7272.155630111694
adammini-stochastic_old-r8,adammini,stochastic_old,8,1.1B,sdpa,666,1117,36634624,2.461397647857666,11.721182182285773,nan,nan,nan,nan,22.21038579940796,4.097999572753906,0.01870039477944374,4.097999572753906,13.995686259120703,6.235898971557617,5033.338472582244,1.5703585147857666,0.00025200496,16,2048,,7278.424203872681
adammini-stochastic_old-r8,adammini,stochastic_old,8,1.1B,sdpa,666,1118,36667392,2.240274429321289,9.395909446717708,nan,nan,nan,nan,22.21038579940796,4.097999572753906,0.01870039477944374,4.097999572753906,13.995686259120703,6.224192380905151,5033.514281807383,1.48275887966156,0.00025171925142857145,16,2048,,7284.680161714554
adammini-stochastic_old-r8,adammini,stochastic_old,8,1.1B,sdpa,666,1119,36700160,2.385892391204834,10.868757522094684,nan,nan,nan,nan,22.21038579940796,4.097999572753906,0.01870039477944374,4.097999572753906,13.995686259120703,6.232376337051392,5033.6833863453,1.532045841217041,0.0002514335428571429,16,2048,,7290.945153713226
adammini-stochastic_old-r8,adammini,stochastic_old,8,1.1B,sdpa,666,1120,36732928,2.306774139404297,10.041978327296473,nan,nan,nan,nan,22.21038579940796,4.097999572753906,0.01870039477944374,4.097999572753906,13.995686259120703,6.229750871658325,5033.853266604333,1.507002592086792,0.00025114783428571426,16,2048,,7297.207254886627
adammini-stochastic_old-r8,adammini,stochastic_old,8,1.1B,sdpa,666,1121,36765696,2.1948981285095215,8.979086297321961,nan,nan,nan,nan,22.21038579940796,4.097999572753906,0.01870039477944374,4.097999572753906,13.995686259120703,6.219531536102295,5034.032799522609,1.5361758470535278,0.00025086212571428574,16,2048,,7303.457704305649
adammini-stochastic_old-r8,adammini,stochastic_old,8,1.1B,sdpa,666,1122,36798464,2.5380537509918213,12.65501717278001,nan,nan,nan,nan,22.21038579940796,4.097999572753906,0.01870039477944374,4.097999572753906,13.995686259120703,6.237394094467163,5034.198702807193,2.052546977996826,0.0002505764171428571,16,2048,,7309.726051807404
adammini-stochastic_old-r8,adammini,stochastic_old,8,1.1B,sdpa,666,1123,36831232,2.44272780418396,11.50437967513863,nan,nan,nan,nan,22.21038579940796,4.097999572753906,0.01870039477944374,4.097999572753906,13.995686259120703,6.206348896026611,5034.385755528734,1.556190013885498,0.00025029070857142855,16,2048,,7315.963046550751
adammini-stochastic_old-r8,adammini,stochastic_old,8,1.1B,sdpa,666,1124,36864000,2.323638916015625,10.212770183732758,nan,nan,nan,nan,22.21038579940796,4.097999572753906,0.01870039477944374,4.097999572753906,13.995686259120703,6.221563816070557,5034.562197475662,1.5194319486618042,0.000250005,16,2048,,7322.215530872345
adammini-stochastic_old-r8,adammini,stochastic_old,8,1.1B,sdpa,666,1125,36896768,2.4049296379089355,11.077650808089095,nan,nan,nan,nan,22.21038579940796,4.097999572753906,0.01870039477944374,4.097999572753906,13.995686259120703,6.226325035095215,5034.734885034854,1.6218496561050415,0.00024971929142857146,16,2048,,7328.472543716431
adammini-stochastic_old-r8,adammini,stochastic_old,8,1.1B,sdpa,666,1126,36929536,2.22438383102417,9.247782851132119,nan,nan,nan,nan,22.21038579940796,4.097999572753906,0.01870039477944374,4.097999572753906,13.995686259120703,6.208935022354126,5034.9193539848275,1.6802778244018555,0.0002494335828571429,16,2048,,7334.71237039566
adammini-stochastic_old-r8,adammini,stochastic_old,8,1.1B,sdpa,666,1127,36962304,2.239630699157715,9.389862962753499,nan,nan,nan,nan,22.21038579940796,4.097999572753906,0.01870039477944374,4.097999572753906,13.995686259120703,6.217650413513184,5035.097253342266,1.5558229684829712,0.0002491478742857143,16,2048,,7340.961099147797
adammini-stochastic_old-r8,adammini,stochastic_old,8,1.1B,sdpa,666,1128,36995072,2.356060266494751,10.549308012036905,nan,nan,nan,nan,22.21038579940796,4.097999572753906,0.01870039477944374,4.097999572753906,13.995686259120703,6.236473798751831,5035.193414626233,1.4617429971694946,0.0002488621657142857,16,2048,,7347.32906794548
adammini-stochastic_old-r8,adammini,stochastic_old,8,1.1B,sdpa,666,1129,37027840,2.717859983444214,15.147870839684522,nan,nan,nan,nan,22.21038579940796,4.097999572753906,0.01870039477944374,4.097999572753906,13.995686259120703,6.255591869354248,5035.344783533471,2.235997438430786,0.0002485764571428571,16,2048,,7353.615238904953
adammini-stochastic_old-r8,adammini,stochastic_old,8,1.1B,sdpa,666,1130,37060608,2.091212272644043,8.09472222900524,nan,nan,nan,nan,22.21038579940796,4.097999572753906,0.01870039477944374,4.097999572753906,13.995686259120703,6.1843132972717285,5035.544861043646,2.0563292503356934,0.0002482907485714286,16,2048,,7359.829512834549
adammini-stochastic_old-r8,adammini,stochastic_old,8,1.1B,sdpa,666,1131,37093376,2.297363519668579,9.947920353919217,nan,nan,nan,nan,22.21038579940796,4.097999572753906,0.01870039477944374,4.097999572753906,13.995686259120703,6.224242210388184,5035.718155310893,1.4593219757080078,0.00024800504000000004,16,2048,,7366.084547281265
adammini-stochastic_old-r8,adammini,stochastic_old,8,1.1B,sdpa,666,1132,37126144,2.3106019496917725,10.080490777396538,nan,nan,nan,nan,22.21038579940796,4.097999572753906,0.01870039477944374,4.097999572753906,13.995686259120703,6.208852291107178,5035.9007709733505,1.6689156293869019,0.00024771933142857147,16,2048,,7372.324145317078
adammini-stochastic_old-r8,adammini,stochastic_old,8,1.1B,sdpa,666,1133,37158912,2.2280728816986084,9.281961395124954,nan,nan,nan,nan,22.21038579940796,4.097999572753906,0.01870039477944374,4.097999572753906,13.995686259120703,6.221570253372192,5036.074514702662,1.4619590044021606,0.0002474336228571429,16,2048,,7378.5765018463135
adammini-stochastic_old-r8,adammini,stochastic_old,8,1.1B,sdpa,666,1134,37191680,2.883676052093506,17.879879888788135,nan,nan,nan,nan,22.21038579940796,4.097999572753906,0.01870039477944374,4.097999572753906,13.995686259120703,6.251961708068848,5036.227124617268,3.4269022941589355,0.00024714791428571433,16,2048,,7384.859325885773
adammini-stochastic_old-r8,adammini,stochastic_old,8,1.1B,sdpa,666,1135,37224448,2.5679378509521484,13.038908525357364,nan,nan,nan,nan,22.21038579940796,4.097999572753906,0.01870039477944374,4.097999572753906,13.995686259120703,6.186439514160156,5036.424197697274,2.191154956817627,0.0002468622057142857,16,2048,,7391.07666516304
adammini-stochastic_old-r8,adammini,stochastic_old,8,1.1B,sdpa,666,1136,37257216,2.290262460708618,9.877529804464922,nan,nan,nan,nan,22.21038579940796,4.097999572753906,0.01870039477944374,4.097999572753906,13.995686259120703,6.222963571548462,5036.5958754963185,1.4518944025039673,0.00024657649714285713,16,2048,,7397.330743074417
adammini-stochastic_old-r8,adammini,stochastic_old,8,1.1B,sdpa,666,1137,37289984,2.2290797233581543,9.291311566821177,nan,nan,nan,nan,22.21038579940796,4.097999572753906,0.01870039477944374,4.097999572753906,13.995686259120703,6.225402593612671,5036.765706614674,1.648395299911499,0.00024629078857142856,16,2048,,7403.587296485901
adammini-stochastic_old-r8,adammini,stochastic_old,8,1.1B,sdpa,666,1138,37322752,2.42394757270813,11.290340901577313,nan,nan,nan,nan,22.21038579940796,4.097999572753906,0.01870039477944374,4.097999572753906,13.995686259120703,6.230431079864502,5036.931739081156,1.4986237287521362,0.00024600508000000005,16,2048,,7409.848725318909
adammini-stochastic_old-r8,adammini,stochastic_old,8,1.1B,sdpa,666,1139,37355520,2.3925979137420654,10.941883119279174,nan,nan,nan,nan,22.21038579940796,4.097999572753906,0.01870039477944374,4.097999572753906,13.995686259120703,6.2365193367004395,5037.093305436951,1.4261013269424438,0.0002457193714285715,16,2048,,7416.116307735443
adammini-stochastic_old-r8,adammini,stochastic_old,8,1.1B,sdpa,666,1140,37388288,2.43746280670166,11.443968317487741,nan,nan,nan,nan,22.21038579940796,4.097999572753906,0.01870039477944374,4.097999572753906,13.995686259120703,6.2321999073028564,5037.257546535437,1.4920686483383179,0.0002454336628571429,16,2048,,7422.377880334854
adammini-stochastic_old-r8,adammini,stochastic_old,8,1.1B,sdpa,666,1141,37421056,2.4563100337982178,11.661700768560639,nan,nan,nan,nan,22.21038579940796,4.097999572753906,0.01870039477944374,4.097999572753906,13.995686259120703,6.2268524169921875,5037.426451123243,2.003467082977295,0.00024514795428571434,16,2048,,7428.63556432724
adammini-stochastic_old-r8,adammini,stochastic_old,8,1.1B,sdpa,666,1142,37453824,2.365138053894043,10.645508369953495,nan,nan,nan,nan,22.21038579940796,4.097999572753906,0.01870039477944374,4.097999572753906,13.995686259120703,6.225500822067261,5037.594798130542,1.4638950824737549,0.00024486224571428577,16,2048,,7434.892048597336
adammini-stochastic_old-r8,adammini,stochastic_old,8,1.1B,sdpa,666,1143,37486592,2.679992198944092,14.58497951719636,nan,nan,nan,nan,22.21038579940796,4.097999572753906,0.01870039477944374,4.097999572753906,13.995686259120703,6.215949058532715,5037.769082605004,2.1060004234313965,0.00024457653714285714,16,2048,,7441.13920879364
adammini-stochastic_old-r8,adammini,stochastic_old,8,1.1B,sdpa,666,1144,37519360,2.374612331390381,10.746846163506621,nan,nan,nan,nan,22.21038579940796,4.097999572753906,0.01870039477944374,4.097999572753906,13.995686259120703,6.228013038635254,5037.935225486242,1.564563512802124,0.00024429082857142857,16,2048,,7447.398201704025
adammini-stochastic_old-r8,adammini,stochastic_old,8,1.1B,sdpa,666,1145,37552128,2.161712169647217,8.685996834253997,nan,nan,nan,nan,22.21038579940796,4.097999572753906,0.01870039477944374,4.097999572753906,13.995686259120703,6.214515209197998,5038.110111208411,1.4943116903305054,0.00024400512,16,2048,,7453.643650054932
adammini-stochastic_old-r8,adammini,stochastic_old,8,1.1B,sdpa,666,1146,37584896,2.286280870437622,9.838279718626765,nan,nan,nan,nan,22.21038579940796,4.097999572753906,0.01870039477944374,4.097999572753906,13.995686259120703,6.220492124557495,5038.280563514122,2.2509567737579346,0.00024371941142857143,16,2048,,7459.895339250565
adammini-stochastic_old-r8,adammini,stochastic_old,8,1.1B,sdpa,666,1147,37617664,2.399630308151245,11.019101955373602,nan,nan,nan,nan,22.21038579940796,4.097999572753906,0.01870039477944374,4.097999572753906,13.995686259120703,6.2282395362854,5038.445639819643,1.6548386812210083,0.00024343370285714286,16,2048,,7466.154194355011
adammini-stochastic_old-r8,adammini,stochastic_old,8,1.1B,sdpa,666,1148,37650432,2.5132062435150146,12.344445977694281,nan,nan,nan,nan,22.21038579940796,4.097999572753906,0.01870039477944374,4.097999572753906,13.995686259120703,6.218368053436279,5038.617140433284,1.6190369129180908,0.00024314799428571432,16,2048,,7472.403729200363
adammini-stochastic_old-r8,adammini,stochastic_old,8,1.1B,sdpa,666,1149,37683200,2.2426934242248535,9.418665616216147,nan,nan,nan,nan,22.21038579940796,4.097999572753906,0.01870039477944374,4.097999572753906,13.995686259120703,6.233940362930298,5038.777847532109,1.6393588781356812,0.00024286228571428575,16,2048,,7478.668702363968
adammini-stochastic_old-r8,adammini,stochastic_old,8,1.1B,sdpa,666,1150,37715968,2.3811841011047363,10.817704539092095,2.447670887037574,11.561387558319382,nan,nan,22.21038579940796,4.097999572753906,0.01870039477944374,4.097999572753906,13.995686259120703,6.246541738510132,5038.929518752655,1.6051448583602905,0.00024257657714285712,16,2048,,7497.774182796478
adammini-stochastic_old-r8,adammini,stochastic_old,8,1.1B,sdpa,666,1151,37748736,2.5633397102355957,12.979091418297482,nan,nan,nan,nan,22.21038579940796,4.097999572753906,0.01870039477944374,4.097999572753906,13.995686259120703,6.233887434005737,5030.475278740593,1.800608515739441,0.00024229086857142858,16,2048,,7504.039009332657
adammini-stochastic_old-r8,adammini,stochastic_old,8,1.1B,sdpa,666,1152,37781504,2.4849352836608887,12.000343611394099,nan,nan,nan,nan,22.21038579940796,4.097999572753906,0.01870039477944374,4.097999572753906,13.995686259120703,6.195865154266357,5030.667923087952,1.574281096458435,0.00024200516,16,2048,,7510.265405654907
adammini-stochastic_old-r8,adammini,stochastic_old,8,1.1B,sdpa,666,1153,37814272,2.387486219406128,10.886094266572531,nan,nan,nan,nan,22.21038579940796,4.097999572753906,0.01870039477944374,4.097999572753906,13.995686259120703,6.23035740852356,5030.836855914213,1.7158139944076538,0.00024171945142857144,16,2048,,7516.526998281479
adammini-stochastic_old-r8,adammini,stochastic_old,8,1.1B,sdpa,666,1154,37847040,2.3397505283355713,10.378647061384747,nan,nan,nan,nan,22.21038579940796,4.097999572753906,0.01870039477944374,4.097999572753906,13.995686259120703,6.252530574798584,5030.990260569559,1.4712413549423218,0.00024143374285714287,16,2048,,7522.806688785553
adammini-stochastic_old-r8,adammini,stochastic_old,8,1.1B,sdpa,666,1155,37879808,2.431333065032959,11.37403430572308,nan,nan,nan,nan,22.21038579940796,4.097999572753906,0.01870039477944374,4.097999572753906,13.995686259120703,6.255774021148682,5031.1445318668975,1.4763456583023071,0.0002411480342857143,16,2048,,7529.09353852272
adammini-stochastic_old-r8,adammini,stochastic_old,8,1.1B,sdpa,666,1156,37912576,2.6464998722076416,14.104584300091519,nan,nan,nan,nan,22.21038579940796,4.097999572753906,0.01870039477944374,4.097999572753906,13.995686259120703,6.240582227706909,5031.305624657715,1.7835026979446411,0.00024086232571428573,16,2048,,7535.364728689194
adammini-stochastic_old-r8,adammini,stochastic_old,8,1.1B,sdpa,666,1157,37945344,2.3021414279937744,9.995564334044914,nan,nan,nan,nan,22.21038579940796,4.097999572753906,0.01870039477944374,4.097999572753906,13.995686259120703,6.204007863998413,5031.491350244322,1.7598387002944946,0.00024057661714285713,16,2048,,7541.599639415741
adammini-stochastic_old-r8,adammini,stochastic_old,8,1.1B,sdpa,666,1158,37978112,2.422935962677002,11.278925254531476,nan,nan,nan,nan,22.21038579940796,4.097999572753906,0.01870039477944374,4.097999572753906,13.995686259120703,6.235335350036621,5031.655565922038,1.697517991065979,0.00024029090857142856,16,2048,,7547.86582493782
adammini-stochastic_old-r8,adammini,stochastic_old,8,1.1B,sdpa,666,1159,38010880,2.47770357131958,11.91387361830561,nan,nan,nan,nan,22.21038579940796,4.097999572753906,0.01870039477944374,4.097999572753906,13.995686259120703,6.254144191741943,5031.807005794403,1.7074635028839111,0.00024000520000000002,16,2048,,7554.150928974152
adammini-stochastic_old-r8,adammini,stochastic_old,8,1.1B,sdpa,666,1160,38043648,2.2660086154937744,9.640843603149523,nan,nan,nan,nan,22.21038579940796,4.097999572753906,0.01870039477944374,4.097999572753906,13.995686259120703,6.198518991470337,5031.995203289843,1.5728778839111328,0.00023971949142857145,16,2048,,7560.379262924194
adammini-stochastic_old-r8,adammini,stochastic_old,8,1.1B,sdpa,666,1161,38076416,2.4384069442749023,11.454778100121263,nan,nan,nan,nan,22.21038579940796,4.097999572753906,0.01870039477944374,4.097999572753906,13.995686259120703,6.242926359176636,5032.154333779696,1.483791470527649,0.00023943378285714288,16,2048,,7566.652852296829
adammini-stochastic_old-r8,adammini,stochastic_old,8,1.1B,sdpa,666,1162,38109184,2.5946898460388184,13.392433001050351,nan,nan,nan,nan,22.21038579940796,4.097999572753906,0.01870039477944374,4.097999572753906,13.995686259120703,6.269375562667847,5032.294827556959,1.8929874897003174,0.0002391480742857143,16,2048,,7572.953287363052
adammini-stochastic_old-r8,adammini,stochastic_old,8,1.1B,sdpa,666,1163,38141952,1.4544836282730103,4.282271650584241,nan,nan,nan,nan,22.21038579940796,4.097999572753906,0.01870039477944374,4.097999572753906,13.995686259120703,6.13285756111145,5032.52569962292,1.696048617362976,0.00023886236571428574,16,2048,,7579.11696600914
adammini-stochastic_old-r8,adammini,stochastic_old,8,1.1B,sdpa,666,1164,38174720,2.1199686527252197,8.330876333324893,nan,nan,nan,nan,22.21038579940796,4.097999572753906,0.01870039477944374,4.097999572753906,13.995686259120703,6.2113025188446045,5032.704193040002,1.4824224710464478,0.0002385766571428571,16,2048,,7585.359123468399
adammini-stochastic_old-r8,adammini,stochastic_old,8,1.1B,sdpa,666,1165,38207488,2.3712069988250732,10.710311819392793,nan,nan,nan,nan,22.21038579940796,4.097999572753906,0.01870039477944374,4.097999572753906,13.995686259120703,6.233917236328125,5032.867439907091,1.5841624736785889,0.00023829094857142854,16,2048,,7591.6239240169525
adammini-stochastic_old-r8,adammini,stochastic_old,8,1.1B,sdpa,666,1166,38240256,2.4765782356262207,11.900474051995959,nan,nan,nan,nan,22.21038579940796,4.097999572753906,0.01870039477944374,4.097999572753906,13.995686259120703,6.219243764877319,5033.040151119563,1.6024162769317627,0.00023800524,16,2048,,7597.874076604843
adammini-stochastic_old-r8,adammini,stochastic_old,8,1.1B,sdpa,666,1167,38273024,2.7480218410491943,15.611718857433106,nan,nan,nan,nan,22.21038579940796,4.097999572753906,0.01870039477944374,4.097999572753906,13.995686259120703,6.215461730957031,5033.215058579659,1.8155454397201538,0.00023771953142857146,16,2048,,7604.120468139648
adammini-stochastic_old-r8,adammini,stochastic_old,8,1.1B,sdpa,666,1168,38305792,2.1669046878814697,8.731216331128001,nan,nan,nan,nan,22.21038579940796,4.097999572753906,0.01870039477944374,4.097999572753906,13.995686259120703,6.221505165100098,5033.385654903469,1.5384103059768677,0.00023743382285714289,16,2048,,7610.372904539108
adammini-stochastic_old-r8,adammini,stochastic_old,8,1.1B,sdpa,666,1169,38338560,2.3011152744293213,9.985312610895521,nan,nan,nan,nan,22.21038579940796,4.097999572753906,0.01870039477944374,4.097999572753906,13.995686259120703,6.21886134147644,5033.557654075236,1.767091155052185,0.00023714811428571432,16,2048,,7616.622592926025
adammini-stochastic_old-r8,adammini,stochastic_old,8,1.1B,sdpa,666,1170,38371328,2.4251556396484375,11.303988631190968,nan,nan,nan,nan,22.21038579940796,4.097999572753906,0.01870039477944374,4.097999572753906,13.995686259120703,6.25187087059021,5033.707650353805,1.4613078832626343,0.00023686240571428574,16,2048,,7622.903793811798
adammini-stochastic_old-r8,adammini,stochastic_old,8,1.1B,sdpa,666,1171,38404096,2.4673612117767334,11.791291042993205,nan,nan,nan,nan,22.21038579940796,4.097999572753906,0.01870039477944374,4.097999572753906,13.995686259120703,6.208146810531616,5033.887383444985,1.6370997428894043,0.00023657669714285717,16,2048,,7629.142820119858
adammini-stochastic_old-r8,adammini,stochastic_old,8,1.1B,sdpa,666,1172,38436864,2.495314121246338,12.1255418107315,nan,nan,nan,nan,22.21038579940796,4.097999572753906,0.01870039477944374,4.097999572753906,13.995686259120703,6.2156760692596436,5034.060653586549,1.5852805376052856,0.00023629098857142855,16,2048,,7635.389349222183
adammini-stochastic_old-r8,adammini,stochastic_old,8,1.1B,sdpa,666,1173,38469632,2.30102276802063,9.984388948209244,nan,nan,nan,nan,22.21038579940796,4.097999572753906,0.01870039477944374,4.097999572753906,13.995686259120703,6.239243507385254,5034.218201770981,1.5566420555114746,0.00023600527999999998,16,2048,,7641.6598563194275
adammini-stochastic_old-r8,adammini,stochastic_old,8,1.1B,sdpa,666,1174,38502400,2.4550960063934326,11.647551734636481,nan,nan,nan,nan,22.21038579940796,4.097999572753906,0.01870039477944374,4.097999572753906,13.995686259120703,6.20646595954895,5034.396394710644,2.879460573196411,0.0002357195714285714,16,2048,,7647.898017883301
adammini-stochastic_old-r8,adammini,stochastic_old,8,1.1B,sdpa,666,1175,38535168,2.535865306854248,12.627352656802366,nan,nan,nan,nan,22.21038579940796,4.097999572753906,0.01870039477944374,4.097999572753906,13.995686259120703,6.2248430252075195,5034.562005310495,1.5919684171676636,0.0002354338628571429,16,2048,,7654.148851394653
adammini-stochastic_old-r8,adammini,stochastic_old,8,1.1B,sdpa,666,1176,38567936,2.114459753036499,8.285108552089936,nan,nan,nan,nan,22.21038579940796,4.097999572753906,0.01870039477944374,4.097999572753906,13.995686259120703,6.197595119476318,5034.750079328758,1.5465410947799683,0.00023514815428571432,16,2048,,7660.376887083054
adammini-stochastic_old-r8,adammini,stochastic_old,8,1.1B,sdpa,666,1177,38600704,2.467196226119995,11.789345809568903,nan,nan,nan,nan,22.21038579940796,4.097999572753906,0.01870039477944374,4.097999572753906,13.995686259120703,6.214873790740967,5034.922763291483,1.4915202856063843,0.00023486244571428575,16,2048,,7666.622879743576
adammini-stochastic_old-r8,adammini,stochastic_old,8,1.1B,sdpa,666,1178,38633472,2.35417103767395,10.529396769669772,nan,nan,nan,nan,22.21038579940796,4.097999572753906,0.01870039477944374,4.097999572753906,13.995686259120703,6.222320795059204,5035.08996648979,1.5384470224380493,0.00023457673714285718,16,2048,,7672.876354455948
adammini-stochastic_old-r8,adammini,stochastic_old,8,1.1B,sdpa,666,1179,38666240,2.1888325214385986,8.924787531952138,nan,nan,nan,nan,22.21038579940796,4.097999572753906,0.01870039477944374,4.097999572753906,13.995686259120703,6.222527265548706,5035.256732282263,1.43106210231781,0.00023429102857142856,16,2048,,7679.129899978638
adammini-stochastic_old-r8,adammini,stochastic_old,8,1.1B,sdpa,666,1180,38699008,2.2359778881073,9.355626135959463,nan,nan,nan,nan,22.21038579940796,4.097999572753906,0.01870039477944374,4.097999572753906,13.995686259120703,6.227357864379883,5035.420033255393,1.7404437065124512,0.00023400532,16,2048,,7685.387401342392
adammini-stochastic_old-r8,adammini,stochastic_old,8,1.1B,sdpa,666,1181,38731776,2.26076078414917,9.590382603116137,nan,nan,nan,nan,22.21038579940796,4.097999572753906,0.01870039477944374,4.097999572753906,13.995686259120703,6.220300912857056,5035.588411256208,1.399315595626831,0.00023371961142857142,16,2048,,7691.6383900642395
adammini-stochastic_old-r8,adammini,stochastic_old,8,1.1B,sdpa,666,1182,38764544,2.4801597595214844,11.943172300935604,nan,nan,nan,nan,22.21038579940796,4.097999572753906,0.01870039477944374,4.097999572753906,13.995686259120703,6.218338489532471,5035.757262132715,1.9902360439300537,0.00023343390285714285,16,2048,,7697.887784481049
adammini-stochastic_old-r8,adammini,stochastic_old,8,1.1B,sdpa,666,1183,38797312,2.3152081966400146,10.127031113127273,nan,nan,nan,nan,22.21038579940796,4.097999572753906,0.01870039477944374,4.097999572753906,13.995686259120703,6.21003532409668,5035.931143637096,1.6252707242965698,0.0002331481942857143,16,2048,,7704.128774642944
adammini-stochastic_old-r8,adammini,stochastic_old,8,1.1B,sdpa,666,1184,38830080,2.4218950271606445,11.267190729149387,nan,nan,nan,nan,22.21038579940796,4.097999572753906,0.01870039477944374,4.097999572753906,13.995686259120703,6.22029709815979,5036.098027036562,1.5741727352142334,0.00023286248571428576,16,2048,,7710.379961967468
adammini-stochastic_old-r8,adammini,stochastic_old,8,1.1B,sdpa,666,1185,38862848,2.3459181785583496,10.442856734102106,nan,nan,nan,nan,22.21038579940796,4.097999572753906,0.01870039477944374,4.097999572753906,13.995686259120703,6.220762014389038,5036.264470282053,1.5301693677902222,0.0002325767771428572,16,2048,,7716.631706953049
adammini-stochastic_old-r8,adammini,stochastic_old,8,1.1B,sdpa,666,1186,38895616,2.244245767593384,9.433297973608981,nan,nan,nan,nan,22.21038579940796,4.097999572753906,0.01870039477944374,4.097999572753906,13.995686259120703,6.227325201034546,5036.42625242227,1.638861894607544,0.00023229106857142857,16,2048,,7722.8898832798
adammini-stochastic_old-r8,adammini,stochastic_old,8,1.1B,sdpa,666,1187,38928384,2.303980588912964,10.013964700764395,nan,nan,nan,nan,22.21038579940796,4.097999572753906,0.01870039477944374,4.097999572753906,13.995686259120703,6.2266058921813965,5036.588349897638,1.5243293046951294,0.00023200536,16,2048,,7729.147403478622
adammini-stochastic_old-r8,adammini,stochastic_old,8,1.1B,sdpa,666,1188,38961152,2.336169958114624,10.341552037084046,nan,nan,nan,nan,22.21038579940796,4.097999572753906,0.01870039477944374,4.097999572753906,13.995686259120703,6.238916635513306,5036.742136302153,1.473020315170288,0.00023171965142857143,16,2048,,7735.406561374664
adammini-stochastic_old-r8,adammini,stochastic_old,8,1.1B,sdpa,666,1189,38993920,2.5411794185638428,12.694634432517992,nan,nan,nan,nan,22.21038579940796,4.097999572753906,0.01870039477944374,4.097999572753906,13.995686259120703,6.1974852085113525,5036.929541600184,2.054696798324585,0.00023143394285714286,16,2048,,7741.634966373444
adammini-stochastic_old-r8,adammini,stochastic_old,8,1.1B,sdpa,666,1190,39026688,2.4614362716674805,11.721634907740116,nan,nan,nan,nan,22.21038579940796,4.097999572753906,0.01870039477944374,4.097999572753906,13.995686259120703,6.238158464431763,5037.083209368866,1.5314688682556152,0.00023114823428571429,16,2048,,7747.901951313019
adammini-stochastic_old-r8,adammini,stochastic_old,8,1.1B,sdpa,666,1191,39059456,2.3128159046173096,10.102833253095898,nan,nan,nan,nan,22.21038579940796,4.097999572753906,0.01870039477944374,4.097999572753906,13.995686259120703,6.231205940246582,5037.242609092259,1.5382429361343384,0.00023086252571428574,16,2048,,7754.164200544357
adammini-stochastic_old-r8,adammini,stochastic_old,8,1.1B,sdpa,666,1192,39092224,2.424132823944092,11.2924326449268,nan,nan,nan,nan,22.21038579940796,4.097999572753906,0.01870039477944374,4.097999572753906,13.995686259120703,6.234984874725342,5037.397781406019,1.5177346467971802,0.00023057681714285717,16,2048,,7760.4297506809235
adammini-stochastic_old-r8,adammini,stochastic_old,8,1.1B,sdpa,666,1193,39124992,2.2179129123687744,9.188134398838145,nan,nan,nan,nan,22.21038579940796,4.097999572753906,0.01870039477944374,4.097999572753906,13.995686259120703,6.2292258739471436,5037.556814783424,1.464212417602539,0.00023029110857142855,16,2048,,7766.689856529236
adammini-stochastic_old-r8,adammini,stochastic_old,8,1.1B,sdpa,666,1194,39157760,2.420351266860962,11.249810306467785,nan,nan,nan,nan,22.21038579940796,4.097999572753906,0.01870039477944374,4.097999572753906,13.995686259120703,6.212324380874634,5037.726229156287,2.284993886947632,0.0002300054,16,2048,,7772.933220624924
adammini-stochastic_old-r8,adammini,stochastic_old,8,1.1B,sdpa,666,1195,39190528,2.1110668182373047,8.257045354190783,nan,nan,nan,nan,22.21038579940796,4.097999572753906,0.01870039477944374,4.097999572753906,13.995686259120703,6.229795694351196,5037.884139687778,1.6981439590454102,0.00022971969142857144,16,2048,,7779.193883419037
adammini-stochastic_old-r8,adammini,stochastic_old,8,1.1B,sdpa,666,1196,39223296,2.2725610733032227,9.704222240267766,nan,nan,nan,nan,22.21038579940796,4.097999572753906,0.01870039477944374,4.097999572753906,13.995686259120703,6.218082427978516,5038.049366645747,1.7703913450241089,0.00022943398285714286,16,2048,,7785.442899465561
adammini-stochastic_old-r8,adammini,stochastic_old,8,1.1B,sdpa,666,1197,39256064,2.286055564880371,9.836063349221916,nan,nan,nan,nan,22.21038579940796,4.097999572753906,0.01870039477944374,4.097999572753906,13.995686259120703,6.223703384399414,5038.210699374206,1.5540239810943604,0.0002291482742857143,16,2048,,7791.697191953659
adammini-stochastic_old-r8,adammini,stochastic_old,8,1.1B,sdpa,666,1198,39288832,2.2719736099243164,9.698523039280682,nan,nan,nan,nan,22.21038579940796,4.097999572753906,0.01870039477944374,4.097999572753906,13.995686259120703,6.2348833084106445,5038.364620473913,1.5134994983673096,0.00022886256571428572,16,2048,,7797.963175296783
adammini-stochastic_old-r8,adammini,stochastic_old,8,1.1B,sdpa,666,1199,39321600,2.4644312858581543,11.756793995328088,nan,nan,nan,nan,22.21038579940796,4.097999572753906,0.01870039477944374,4.097999572753906,13.995686259120703,6.291539907455444,5038.481550176008,2.5983762741088867,0.00022857685714285718,16,2048,,7804.285675048828
adammini-stochastic_old-r8,adammini,stochastic_old,8,1.1B,sdpa,666,1200,39354368,2.4348418712615967,11.41401368707298,2.447907270330186,11.564120800211212,nan,nan,22.21038579940796,4.097999572753906,0.01870039477944374,4.097999572753906,13.995686259120703,7.139398097991943,5038.051452931949,2.377761125564575,0.00022829114857142856,16,2048,,7824.046728134155
adammini-stochastic_old-r8,adammini,stochastic_old,8,1.1B,sdpa,666,1201,39387136,2.4514975547790527,11.605713904143732,nan,nan,nan,nan,22.21038579940796,4.097999572753906,0.01870039477944374,4.097999572753906,13.995686259120703,6.234155893325806,5030.103893591853,1.5450512170791626,0.00022800544,16,2048,,7830.312510251999
adammini-stochastic_old-r8,adammini,stochastic_old,8,1.1B,sdpa,666,1202,39419904,2.3885233402252197,10.897390318247652,nan,nan,nan,nan,22.21038579940796,4.097999572753906,0.01870039477944374,4.097999572753906,13.995686259120703,6.201614618301392,5030.22073326175,1.5148468017578125,0.00022771973142857142,16,2048,,7836.644747257233
adammini-stochastic_old-r8,adammini,stochastic_old,8,1.1B,sdpa,666,1203,39452672,2.3754942417144775,10.756328098583355,nan,nan,nan,nan,22.21038579940796,4.097999572753906,0.01870039477944374,4.097999572753906,13.995686259120703,6.2132463455200195,5030.394007588343,1.5018353462219238,0.00022743402285714287,16,2048,,7842.888951063156
adammini-stochastic_old-r8,adammini,stochastic_old,8,1.1B,sdpa,666,1204,39485440,2.3717174530029297,10.715780338402594,nan,nan,nan,nan,22.21038579940796,4.097999572753906,0.01870039477944374,4.097999572753906,13.995686259120703,6.201652526855469,5030.574292432557,1.5290578603744507,0.0002271483142857143,16,2048,,7849.1216242313385
adammini-stochastic_old-r8,adammini,stochastic_old,8,1.1B,sdpa,666,1205,39518208,2.316708564758301,10.142236791947697,nan,nan,nan,nan,22.21038579940796,4.097999572753906,0.01870039477944374,4.097999572753906,13.995686259120703,6.213605880737305,5030.746581297874,1.5448843240737915,0.00022686260571428573,16,2048,,7855.366313934326
adammini-stochastic_old-r8,adammini,stochastic_old,8,1.1B,sdpa,666,1206,39550976,2.51141095161438,12.322303975438468,nan,nan,nan,nan,22.21038579940796,4.097999572753906,0.01870039477944374,4.097999572753906,13.995686259120703,6.223918676376343,5030.912122486704,1.5905442237854004,0.00022657689714285716,16,2048,,7861.621262311935
adammini-stochastic_old-r8,adammini,stochastic_old,8,1.1B,sdpa,666,1207,39583744,2.257722854614258,9.561291906671189,nan,nan,nan,nan,22.21038579940796,4.097999572753906,0.01870039477944374,4.097999572753906,13.995686259120703,6.227932691574097,5031.074707787806,1.5925434827804565,0.00022629118857142862,16,2048,,7867.880178689957
adammini-stochastic_old-r8,adammini,stochastic_old,8,1.1B,sdpa,666,1208,39616512,2.4120702743530273,11.157035376024407,nan,nan,nan,nan,22.21038579940796,4.097999572753906,0.01870039477944374,4.097999572753906,13.995686259120703,6.229384899139404,5031.236254176754,1.6618207693099976,0.00022600548,16,2048,,7874.140376567841
adammini-stochastic_old-r8,adammini,stochastic_old,8,1.1B,sdpa,666,1209,39649280,2.2091619968414307,9.108080593769122,nan,nan,nan,nan,22.21038579940796,4.097999572753906,0.01870039477944374,4.097999572753906,13.995686259120703,6.201782941818237,5031.415218490766,1.5551984310150146,0.00022571977142857142,16,2048,,7880.373157501221
adammini-stochastic_old-r8,adammini,stochastic_old,8,1.1B,sdpa,666,1210,39682048,2.6522915363311768,14.186510329977619,nan,nan,nan,nan,22.21038579940796,4.097999572753906,0.01870039477944374,4.097999572753906,13.995686259120703,6.232715129852295,5031.574020790369,1.6203283071517944,0.00022543406285714285,16,2048,,7886.635120630264
adammini-stochastic_old-r8,adammini,stochastic_old,8,1.1B,sdpa,666,1211,39714816,2.4077389240264893,11.108814852582366,nan,nan,nan,nan,22.21038579940796,4.097999572753906,0.01870039477944374,4.097999572753906,13.995686259120703,6.233880281448364,5031.733172930816,1.8584904670715332,0.00022514835428571428,16,2048,,7892.899666786194
adammini-stochastic_old-r8,adammini,stochastic_old,8,1.1B,sdpa,666,1212,39747584,2.3361806869506836,10.341662990495653,nan,nan,nan,nan,22.21038579940796,4.097999572753906,0.01870039477944374,4.097999572753906,13.995686259120703,6.221956968307495,5031.897846922176,1.4676265716552734,0.00022486264571428574,16,2048,,7899.153526544571
adammini-stochastic_old-r8,adammini,stochastic_old,8,1.1B,sdpa,666,1213,39780352,2.5421929359436035,12.707507187423541,nan,nan,nan,nan,22.21038579940796,4.097999572753906,0.01870039477944374,4.097999572753906,13.995686259120703,6.214948892593384,5032.067287197173,1.5495456457138062,0.00022457693714285717,16,2048,,7905.399390935898
adammini-stochastic_old-r8,adammini,stochastic_old,8,1.1B,sdpa,666,1214,39813120,2.396803140640259,10.987993104012823,nan,nan,nan,nan,22.21038579940796,4.097999572753906,0.01870039477944374,4.097999572753906,13.995686259120703,6.2138144969940186,5032.2370169438,1.556298851966858,0.0002242912285714286,16,2048,,7911.644334554672
adammini-stochastic_old-r8,adammini,stochastic_old,8,1.1B,sdpa,666,1215,39845888,2.3794548511505127,10.799014188814233,nan,nan,nan,nan,22.21038579940796,4.097999572753906,0.01870039477944374,4.097999572753906,13.995686259120703,6.231462001800537,5032.331866133757,3.3216068744659424,0.00022400552,16,2048,,7918.00673866272
adammini-stochastic_old-r8,adammini,stochastic_old,8,1.1B,sdpa,666,1216,39878656,2.3671021461486816,10.66643767730667,nan,nan,nan,nan,22.21038579940796,4.097999572753906,0.01870039477944374,4.097999572753906,13.995686259120703,6.194228172302246,5032.513699146422,2.2107369899749756,0.00022371981142857143,16,2048,,7924.231826782227
adammini-stochastic_old-r8,adammini,stochastic_old,8,1.1B,sdpa,666,1217,39911424,2.483722448348999,11.985797993409967,nan,nan,nan,nan,22.21038579940796,4.097999572753906,0.01870039477944374,4.097999572753906,13.995686259120703,6.224122524261475,5032.67628440876,1.5021357536315918,0.00022343410285714286,16,2048,,7930.486841201782
adammini-stochastic_old-r8,adammini,stochastic_old,8,1.1B,sdpa,666,1218,39944192,2.0962154865264893,8.135323338960045,nan,nan,nan,nan,22.21038579940796,4.097999572753906,0.01870039477944374,4.097999572753906,13.995686259120703,6.221315145492554,5032.840323770294,1.4546754360198975,0.0002231483942857143,16,2048,,7936.739314556122
adammini-stochastic_old-r8,adammini,stochastic_old,8,1.1B,sdpa,666,1219,39976960,2.3426272869110107,10.408546910022753,nan,nan,nan,nan,22.21038579940796,4.097999572753906,0.01870039477944374,4.097999572753906,13.995686259120703,6.196171522140503,5033.020113462977,1.5102664232254028,0.00022286268571428572,16,2048,,7942.966430425644
adammini-stochastic_old-r8,adammini,stochastic_old,8,1.1B,sdpa,666,1220,40009728,2.2469482421875,9.458825700201137,nan,nan,nan,nan,22.21038579940796,4.097999572753906,0.01870039477944374,4.097999572753906,13.995686259120703,6.232808351516724,5033.176374899936,1.9968798160552979,0.00022257697714285715,16,2048,,7949.228353977203
adammini-stochastic_old-r8,adammini,stochastic_old,8,1.1B,sdpa,666,1221,40042496,2.329930067062378,10.27722279153148,nan,nan,nan,nan,22.21038579940796,4.097999572753906,0.01870039477944374,4.097999572753906,13.995686259120703,6.229640245437622,5033.335599945801,1.4251891374588013,0.0002222912685714286,16,2048,,7955.488680362701
adammini-stochastic_old-r8,adammini,stochastic_old,8,1.1B,sdpa,666,1222,40075264,2.1213321685791016,8.342243363083647,nan,nan,nan,nan,22.21038579940796,4.097999572753906,0.01870039477944374,4.097999572753906,13.995686259120703,6.23728609085083,5033.488765486624,1.6330994367599487,0.00022200555999999998,16,2048,,7961.756702661514
adammini-stochastic_old-r8,adammini,stochastic_old,8,1.1B,sdpa,666,1223,40108032,2.707580089569092,14.992949984279916,nan,nan,nan,nan,22.21038579940796,4.097999572753906,0.01870039477944374,4.097999572753906,13.995686259120703,6.2278313636779785,5033.647569539345,1.7799503803253174,0.00022171985142857144,16,2048,,7968.015552282333
adammini-stochastic_old-r8,adammini,stochastic_old,8,1.1B,sdpa,666,1224,40140800,2.6107590198516846,13.609376719665132,nan,nan,nan,nan,22.21038579940796,4.097999572753906,0.01870039477944374,4.097999572753906,13.995686259120703,6.260902166366577,5033.785077521953,2.135465383529663,0.00022143414285714287,16,2048,,7974.307403802872
adammini-stochastic_old-r8,adammini,stochastic_old,8,1.1B,sdpa,666,1225,40173568,2.6068968772888184,13.556916735758758,nan,nan,nan,nan,22.21038579940796,4.097999572753906,0.01870039477944374,4.097999572753906,13.995686259120703,6.183189630508423,5033.971425369752,2.260530471801758,0.0002211484342857143,16,2048,,7980.521112680435
adammini-stochastic_old-r8,adammini,stochastic_old,8,1.1B,sdpa,666,1226,40206336,2.5466370582580566,12.764106577829002,nan,nan,nan,nan,22.21038579940796,4.097999572753906,0.01870039477944374,4.097999572753906,13.995686259120703,6.225013971328735,5034.131484598642,1.9365386962890625,0.00022086272571428573,16,2048,,7986.777038097382
adammini-stochastic_old-r8,adammini,stochastic_old,8,1.1B,sdpa,666,1227,40239104,2.0853796005249023,8.047645792519086,nan,nan,nan,nan,22.21038579940796,4.097999572753906,0.01870039477944374,4.097999572753906,13.995686259120703,6.241132497787476,5034.280694080575,1.7356082201004028,0.00022057701714285716,16,2048,,7993.049101352692
adammini-stochastic_old-r8,adammini,stochastic_old,8,1.1B,sdpa,666,1228,40271872,2.23976993560791,9.391170464964125,nan,nan,nan,nan,22.21038579940796,4.097999572753906,0.01870039477944374,4.097999572753906,13.995686259120703,6.199500322341919,5034.456096688928,1.6187694072723389,0.0002202913085714286,16,2048,,7999.279461860657
adammini-stochastic_old-r8,adammini,stochastic_old,8,1.1B,sdpa,666,1229,40304640,2.37795352935791,10.782813557697192,nan,nan,nan,nan,22.21038579940796,4.097999572753906,0.01870039477944374,4.097999572753906,13.995686259120703,6.212818145751953,5034.622792116386,1.4835413694381714,0.00022000559999999997,16,2048,,8005.523031949997
adammini-stochastic_old-r8,adammini,stochastic_old,8,1.1B,sdpa,666,1230,40337408,2.341493844985962,10.396756109931967,nan,nan,nan,nan,22.21038579940796,4.097999572753906,0.01870039477944374,4.097999572753906,13.995686259120703,6.425089597702026,5034.655889805154,1.5441250801086426,0.00021971989142857142,16,2048,,8011.977343559265
adammini-stochastic_old-r8,adammini,stochastic_old,8,1.1B,sdpa,666,1231,40370176,2.5785577297210693,13.178118038898226,nan,nan,nan,nan,22.21038579940796,4.097999572753906,0.01870039477944374,4.097999572753906,13.995686259120703,6.141617774963379,5034.867980730999,7.639772415161133,0.00021943418285714288,16,2048,,8018.1497683525085
adammini-stochastic_old-r8,adammini,stochastic_old,8,1.1B,sdpa,666,1232,40402944,2.5782294273376465,13.173792341444273,nan,nan,nan,nan,22.21038579940796,4.097999572753906,0.01870039477944374,4.097999572753906,13.995686259120703,6.1419408321380615,5035.078389758677,7.129357814788818,0.0002191484742857143,16,2048,,8024.322777748108
adammini-stochastic_old-r8,adammini,stochastic_old,8,1.1B,sdpa,666,1233,40435712,2.4204180240631104,11.250561337396627,nan,nan,nan,nan,22.21038579940796,4.097999572753906,0.01870039477944374,4.097999572753906,13.995686259120703,6.208196401596069,5035.246828126657,2.5073413848876953,0.00021886276571428574,16,2048,,8030.561804533005
adammini-stochastic_old-r8,adammini,stochastic_old,8,1.1B,sdpa,666,1234,40468480,2.239184856414795,9.385677493594399,nan,nan,nan,nan,22.21038579940796,4.097999572753906,0.01870039477944374,4.097999572753906,13.995686259120703,6.228200674057007,5035.4026347984245,1.5737626552581787,0.00021857705714285717,16,2048,,8036.8212950229645
adammini-stochastic_old-r8,adammini,stochastic_old,8,1.1B,sdpa,666,1235,40501248,2.738718271255493,15.467147698173717,nan,nan,nan,nan,22.21038579940796,4.097999572753906,0.01870039477944374,4.097999572753906,13.995686259120703,6.22575569152832,5035.5594229735625,1.745869755744934,0.0002182913485714286,16,2048,,8043.077910900116
adammini-stochastic_old-r8,adammini,stochastic_old,8,1.1B,sdpa,666,1236,40534016,2.3870182037353516,10.881000595914047,nan,nan,nan,nan,22.21038579940796,4.097999572753906,0.01870039477944374,4.097999572753906,13.995686259120703,6.2282445430755615,5035.714649443058,1.5295238494873047,0.00021800564000000003,16,2048,,8049.337278604507
adammini-stochastic_old-r8,adammini,stochastic_old,8,1.1B,sdpa,666,1237,40566784,2.3712661266326904,10.710945115372088,nan,nan,nan,nan,22.21038579940796,4.097999572753906,0.01870039477944374,4.097999572753906,13.995686259120703,6.219927787780762,5035.874833248605,1.5378382205963135,0.0002177199314285714,16,2048,,8055.58803486824
adammini-stochastic_old-r8,adammini,stochastic_old,8,1.1B,sdpa,666,1238,40599552,2.2813096046447754,9.789492383082633,nan,nan,nan,nan,22.21038579940796,4.097999572753906,0.01870039477944374,4.097999572753906,13.995686259120703,6.204493045806885,5036.044415476786,1.8270927667617798,0.00021743422285714283,16,2048,,8061.823593616486
adammini-stochastic_old-r8,adammini,stochastic_old,8,1.1B,sdpa,666,1239,40632320,2.120828628540039,8.338043766955865,nan,nan,nan,nan,22.21038579940796,4.097999572753906,0.01870039477944374,4.097999572753906,13.995686259120703,6.227815628051758,5036.199038379198,1.616716980934143,0.00021714851428571426,16,2048,,8068.082659244537
adammini-stochastic_old-r8,adammini,stochastic_old,8,1.1B,sdpa,666,1240,40665088,2.40659499168396,11.096114385607763,nan,nan,nan,nan,22.21038579940796,4.097999572753906,0.01870039477944374,4.097999572753906,13.995686259120703,6.247815847396851,5036.340992405847,1.5320566892623901,0.00021686280571428575,16,2048,,8074.358998775482
adammini-stochastic_old-r8,adammini,stochastic_old,8,1.1B,sdpa,666,1241,40697856,2.397949695587158,11.000598666967079,nan,nan,nan,nan,22.21038579940796,4.097999572753906,0.01870039477944374,4.097999572753906,13.995686259120703,6.1893630027771,5036.520792623422,1.5394957065582275,0.00021657709714285718,16,2048,,8080.579048156738
adammini-stochastic_old-r8,adammini,stochastic_old,8,1.1B,sdpa,666,1242,40730624,2.5021040439605713,12.20815344842506,nan,nan,nan,nan,22.21038579940796,4.097999572753906,0.01870039477944374,4.097999572753906,13.995686259120703,6.242271900177002,5036.665832526999,1.9393670558929443,0.0002162913885714286,16,2048,,8086.85254573822
adammini-stochastic_old-r8,adammini,stochastic_old,8,1.1B,sdpa,666,1243,40763392,2.5041322708129883,12.232939480418542,nan,nan,nan,nan,22.21038579940796,4.097999572753906,0.01870039477944374,4.097999572753906,13.995686259120703,6.235243558883667,5036.8149828598835,1.5638619661331177,0.00021600568000000004,16,2048,,8093.118530988693
adammini-stochastic_old-r8,adammini,stochastic_old,8,1.1B,sdpa,666,1244,40796160,2.4991455078125,12.172088561089257,nan,nan,nan,nan,22.21038579940796,4.097999572753906,0.01870039477944374,4.097999572753906,13.995686259120703,6.228455066680908,5036.968180347256,1.5073819160461426,0.0002157199714285714,16,2048,,8099.378066539764
adammini-stochastic_old-r8,adammini,stochastic_old,8,1.1B,sdpa,666,1245,40828928,2.275118350982666,9.729070389466267,nan,nan,nan,nan,22.21038579940796,4.097999572753906,0.01870039477944374,4.097999572753906,13.995686259120703,6.2220375537872314,5037.125055079919,1.5906378030776978,0.00021543426285714284,16,2048,,8105.630924463272
adammini-stochastic_old-r8,adammini,stochastic_old,8,1.1B,sdpa,666,1246,40861696,2.375516176223755,10.756564035949399,nan,nan,nan,nan,22.21038579940796,4.097999572753906,0.01870039477944374,4.097999572753906,13.995686259120703,6.238043546676636,5037.271879784806,1.4447147846221924,0.00021514855428571427,16,2048,,8111.893022060394
adammini-stochastic_old-r8,adammini,stochastic_old,8,1.1B,sdpa,666,1247,40894464,2.275517225265503,9.73295183949437,nan,nan,nan,nan,22.21038579940796,4.097999572753906,0.01870039477944374,4.097999572753906,13.995686259120703,6.237946033477783,5037.422478532895,1.6126757860183716,0.0002148628457142857,16,2048,,8118.162226438522
adammini-stochastic_old-r8,adammini,stochastic_old,8,1.1B,sdpa,666,1248,40927232,2.3661885261535645,10.656697056858357,nan,nan,nan,nan,22.21038579940796,4.097999572753906,0.01870039477944374,4.097999572753906,13.995686259120703,6.246816873550415,5037.56330829871,1.7741025686264038,0.00021457713714285716,16,2048,,8124.439967870712
adammini-stochastic_old-r8,adammini,stochastic_old,8,1.1B,sdpa,666,1249,40960000,2.5351686477661133,12.618558760344529,nan,nan,nan,nan,22.21038579940796,4.097999572753906,0.01870039477944374,4.097999572753906,13.995686259120703,6.231654405593872,5037.71338915272,1.5837630033493042,0.00021429142857142862,16,2048,,8130.702595949173
adammini-stochastic_old-r8,adammini,stochastic_old,8,1.1B,sdpa,666,1250,40992768,2.4190425872802734,11.235097538682288,2.447545805156565,11.55994152865445,nan,nan,22.21038579940796,4.097999572753906,0.01870039477944374,4.097999572753906,13.995686259120703,6.222108364105225,5037.867218206537,1.5664159059524536,0.00021400572000000005,16,2048,,8149.784808635712
adammini-stochastic_old-r8,adammini,stochastic_old,8,1.1B,sdpa,666,1251,41025536,2.3991315364837646,11.01360730991783,nan,nan,nan,nan,22.21038579940796,4.097999572753906,0.01870039477944374,4.097999572753906,13.995686259120703,6.248678922653198,5030.083004472531,1.716732144355774,0.00021372001142857142,16,2048,,8156.065124511719
adammini-stochastic_old-r8,adammini,stochastic_old,8,1.1B,sdpa,666,1252,41058304,2.4345808029174805,11.411034238356772,nan,nan,nan,nan,22.21038579940796,4.097999572753906,0.01870039477944374,4.097999572753906,13.995686259120703,6.247327089309692,5030.228543234705,2.1191039085388184,0.00021343430285714285,16,2048,,8162.343432188034
adammini-stochastic_old-r8,adammini,stochastic_old,8,1.1B,sdpa,666,1253,41091072,2.3134753704071045,10.10949792332579,nan,nan,nan,nan,22.21038579940796,4.097999572753906,0.01870039477944374,4.097999572753906,13.995686259120703,6.299561262130737,5030.3415737943815,1.494490623474121,0.00021314859428571428,16,2048,,8168.673732995987
adammini-stochastic_old-r8,adammini,stochastic_old,8,1.1B,sdpa,666,1254,41123840,2.3598384857177734,10.589241000646759,nan,nan,nan,nan,22.21038579940796,4.097999572753906,0.01870039477944374,4.097999572753906,13.995686259120703,6.2163519859313965,5030.505994562927,1.588736891746521,0.0002128628857142857,16,2048,,8174.920718431473
adammini-stochastic_old-r8,adammini,stochastic_old,8,1.1B,sdpa,666,1255,41156608,2.5439767837524414,12.730195676665085,nan,nan,nan,nan,22.21038579940796,4.097999572753906,0.01870039477944374,4.097999572753906,13.995686259120703,6.216646909713745,5030.6698938963655,1.595666766166687,0.00021257717714285714,16,2048,,8181.168331623077
adammini-stochastic_old-r8,adammini,stochastic_old,8,1.1B,sdpa,666,1256,41189376,2.2894949913024902,9.869952010766243,nan,nan,nan,nan,22.21038579940796,4.097999572753906,0.01870039477944374,4.097999572753906,13.995686259120703,6.21001935005188,5030.837458735524,1.4618123769760132,0.0002122914685714286,16,2048,,8187.409273386002
adammini-stochastic_old-r8,adammini,stochastic_old,8,1.1B,sdpa,666,1257,41222144,2.4696688652038574,11.818532676213842,nan,nan,nan,nan,22.21038579940796,4.097999572753906,0.01870039477944374,4.097999572753906,13.995686259120703,6.228583097457886,5030.99335176884,1.5871201753616333,0.00021200576000000003,16,2048,,8193.66844367981
adammini-stochastic_old-r8,adammini,stochastic_old,8,1.1B,sdpa,666,1258,41254912,2.275341033935547,9.731237128828385,nan,nan,nan,nan,22.21038579940796,4.097999572753906,0.01870039477944374,4.097999572753906,13.995686259120703,6.22389554977417,5031.152168593762,1.6012893915176392,0.00021172005142857143,16,2048,,8199.922914505005
adammini-stochastic_old-r8,adammini,stochastic_old,8,1.1B,sdpa,666,1259,41287680,2.4312033653259277,11.372559192468811,nan,nan,nan,nan,22.21038579940796,4.097999572753906,0.01870039477944374,4.097999572753906,13.995686259120703,6.2330780029296875,5031.305012285322,1.5026843547821045,0.00021143434285714286,16,2048,,8206.186735868454
adammini-stochastic_old-r8,adammini,stochastic_old,8,1.1B,sdpa,666,1260,41320448,2.2263472080230713,9.265957571348283,nan,nan,nan,nan,22.21038579940796,4.097999572753906,0.01870039477944374,4.097999572753906,13.995686259120703,6.23660683631897,5031.455348361302,1.5757994651794434,0.0002111486342857143,16,2048,,8212.454605340958
adammini-stochastic_old-r8,adammini,stochastic_old,8,1.1B,sdpa,666,1261,41353216,2.2776834964752197,9.754058906411371,nan,nan,nan,nan,22.21038579940796,4.097999572753906,0.01870039477944374,4.097999572753906,13.995686259120703,6.24369478225708,5031.600950723393,1.5272350311279297,0.00021086292571428572,16,2048,,8218.729105234146
adammini-stochastic_old-r8,adammini,stochastic_old,8,1.1B,sdpa,666,1262,41385984,2.3811540603637695,10.81737957211333,nan,nan,nan,nan,22.21038579940796,4.097999572753906,0.01870039477944374,4.097999572753906,13.995686259120703,6.251605033874512,5031.741573546309,1.5770210027694702,0.00021057721714285715,16,2048,,8225.011734485626
adammini-stochastic_old-r8,adammini,stochastic_old,8,1.1B,sdpa,666,1263,41418752,2.2707455158233643,9.686619651084678,nan,nan,nan,nan,22.21038579940796,4.097999572753906,0.01870039477944374,4.097999572753906,13.995686259120703,6.201632022857666,5031.912389246127,1.5019389390945435,0.00021029150857142858,16,2048,,8231.244505167007
adammini-stochastic_old-r8,adammini,stochastic_old,8,1.1B,sdpa,666,1264,41451520,2.3012614250183105,9.986772076863152,nan,nan,nan,nan,22.21038579940796,4.097999572753906,0.01870039477944374,4.097999572753906,13.995686259120703,6.251089334487915,5032.052773383536,2.429417610168457,0.00021000580000000003,16,2048,,8237.52722454071
adammini-stochastic_old-r8,adammini,stochastic_old,8,1.1B,sdpa,666,1265,41484288,2.3490655422210693,10.475775979165313,nan,nan,nan,nan,22.21038579940796,4.097999572753906,0.01870039477944374,4.097999572753906,13.995686259120703,6.22180700302124,5032.210706752022,1.4642467498779297,0.00020972009142857146,16,2048,,8243.779836416245
adammini-stochastic_old-r8,adammini,stochastic_old,8,1.1B,sdpa,666,1266,41517056,2.3279471397399902,10.256863997335417,nan,nan,nan,nan,22.21038579940796,4.097999572753906,0.01870039477944374,4.097999572753906,13.995686259120703,6.22681999206543,5032.365597954353,1.46340811252594,0.00020943438285714284,16,2048,,8250.03752875328
adammini-stochastic_old-r8,adammini,stochastic_old,8,1.1B,sdpa,666,1267,41549824,2.513047695159912,12.342488941236422,nan,nan,nan,nan,22.21038579940796,4.097999572753906,0.01870039477944374,4.097999572753906,13.995686259120703,6.225481748580933,5032.521064842339,1.5028856992721558,0.0002091486742857143,16,2048,,8256.293931722641
adammini-stochastic_old-r8,adammini,stochastic_old,8,1.1B,sdpa,666,1268,41582592,2.5293285846710205,12.545080349133617,nan,nan,nan,nan,22.21038579940796,4.097999572753906,0.01870039477944374,4.097999572753906,13.995686259120703,6.210631608963013,5032.68534685548,1.5180915594100952,0.00020886296571428573,16,2048,,8262.535487174988
adammini-stochastic_old-r8,adammini,stochastic_old,8,1.1B,sdpa,666,1269,41615360,2.2017486095428467,9.040808529809354,nan,nan,nan,nan,22.21038579940796,4.097999572753906,0.01870039477944374,4.097999572753906,13.995686259120703,6.229214668273926,5032.837949686911,1.4662671089172363,0.00020857725714285716,16,2048,,8268.79582452774
adammini-stochastic_old-r8,adammini,stochastic_old,8,1.1B,sdpa,666,1270,41648128,2.2936086654663086,9.910637403200674,nan,nan,nan,nan,22.21038579940796,4.097999572753906,0.01870039477944374,4.097999572753906,13.995686259120703,6.234736442565918,5032.987060936903,1.5057871341705322,0.0002082915485714286,16,2048,,8275.061059951782
adammini-stochastic_old-r8,adammini,stochastic_old,8,1.1B,sdpa,666,1271,41680896,2.385063648223877,10.859753846968129,nan,nan,nan,nan,22.21038579940796,4.097999572753906,0.01870039477944374,4.097999572753906,13.995686259120703,6.232046365737915,5033.137948544761,1.421500325202942,0.00020800584000000002,16,2048,,8281.323792219162
adammini-stochastic_old-r8,adammini,stochastic_old,8,1.1B,sdpa,666,1272,41713664,2.3107705116271973,10.082190107649183,nan,nan,nan,nan,22.21038579940796,4.097999572753906,0.01870039477944374,4.097999572753906,13.995686259120703,6.2506866455078125,5033.276961822719,1.8449493646621704,0.00020772013142857147,16,2048,,8287.605325937271
adammini-stochastic_old-r8,adammini,stochastic_old,8,1.1B,sdpa,666,1273,41746432,2.3499155044555664,10.48468377823478,nan,nan,nan,nan,22.21038579940796,4.097999572753906,0.01870039477944374,4.097999572753906,13.995686259120703,6.233585834503174,5033.426169831571,1.6193902492523193,0.00020743442285714285,16,2048,,8293.869806289673
adammini-stochastic_old-r8,adammini,stochastic_old,8,1.1B,sdpa,666,1274,41779200,2.2563960552215576,9.5486144024882,nan,nan,nan,nan,22.21038579940796,4.097999572753906,0.01870039477944374,4.097999572753906,13.995686259120703,6.24260687828064,5033.569602310273,1.4030643701553345,0.00020714871428571428,16,2048,,8300.143412590027
adammini-stochastic_old-r8,adammini,stochastic_old,8,1.1B,sdpa,666,1275,41811968,2.348691463470459,10.47185794684736,nan,nan,nan,nan,22.21038579940796,4.097999572753906,0.01870039477944374,4.097999572753906,13.995686259120703,6.221951723098755,5033.725243830551,1.5876129865646362,0.0002068630057142857,16,2048,,8306.396262645721
adammini-stochastic_old-r8,adammini,stochastic_old,8,1.1B,sdpa,666,1276,41844736,2.172490119934082,8.780120394705799,nan,nan,nan,nan,22.21038579940796,4.097999572753906,0.01870039477944374,4.097999572753906,13.995686259120703,6.239794015884399,5033.869616013881,1.6676595211029053,0.00020657729714285717,16,2048,,8312.667891740799
adammini-stochastic_old-r8,adammini,stochastic_old,8,1.1B,sdpa,666,1277,41877504,2.317415714263916,10.149411406144418,nan,nan,nan,nan,22.21038579940796,4.097999572753906,0.01870039477944374,4.097999572753906,13.995686259120703,6.297893047332764,5033.978769027653,1.658250093460083,0.0002062915885714286,16,2048,,8318.996682882309
adammini-stochastic_old-r8,adammini,stochastic_old,8,1.1B,sdpa,666,1278,41910272,2.829028606414795,16.9290081049246,nan,nan,nan,nan,22.21038579940796,4.097999572753906,0.01870039477944374,4.097999572753906,13.995686259120703,6.1479387283325195,5034.178645960641,2.445495367050171,0.00020600588000000002,16,2048,,8325.175407886505
adammini-stochastic_old-r8,adammini,stochastic_old,8,1.1B,sdpa,666,1279,41943040,2.4986050128936768,12.165511386695309,nan,nan,nan,nan,22.21038579940796,4.097999572753906,0.01870039477944374,4.097999572753906,13.995686259120703,6.221355199813843,5034.333890162099,1.6829134225845337,0.00020572017142857145,16,2048,,8331.427742242813
adammini-stochastic_old-r8,adammini,stochastic_old,8,1.1B,sdpa,666,1280,41975808,2.5296707153320312,12.549373140071726,nan,nan,nan,nan,22.21038579940796,4.097999572753906,0.01870039477944374,4.097999572753906,13.995686259120703,6.200132369995117,5034.501446098295,1.656709909439087,0.00020543446285714286,16,2048,,8337.65931725502
adammini-stochastic_old-r8,adammini,stochastic_old,8,1.1B,sdpa,666,1281,42008576,2.4386329650878906,11.457367410988104,nan,nan,nan,nan,22.21038579940796,4.097999572753906,0.01870039477944374,4.097999572753906,13.995686259120703,6.215672016143799,5034.659659603724,1.6788057088851929,0.0002051487542857143,16,2048,,8343.90572309494
adammini-stochastic_old-r8,adammini,stochastic_old,8,1.1B,sdpa,666,1282,42041344,2.2359745502471924,9.355594908240322,nan,nan,nan,nan,22.21038579940796,4.097999572753906,0.01870039477944374,4.097999572753906,13.995686259120703,6.225262403488159,5034.811781732016,1.521777629852295,0.00020486304571428572,16,2048,,8350.161949634552
adammini-stochastic_old-r8,adammini,stochastic_old,8,1.1B,sdpa,666,1283,42074112,2.289388418197632,9.868900195384263,nan,nan,nan,nan,22.21038579940796,4.097999572753906,0.01870039477944374,4.097999572753906,13.995686259120703,6.243577480316162,5034.952616181862,1.4535924196243286,0.00020457733714285715,16,2048,,8356.43634057045
adammini-stochastic_old-r8,adammini,stochastic_old,8,1.1B,sdpa,666,1284,42106880,1.9334211349487305,6.913120549845541,nan,nan,nan,nan,22.21038579940796,4.097999572753906,0.01870039477944374,4.097999572753906,13.995686259120703,6.218129396438599,5035.108548909062,2.9679207801818848,0.00020429162857142858,16,2048,,8362.684709787369
adammini-stochastic_old-r8,adammini,stochastic_old,8,1.1B,sdpa,666,1285,42139648,2.3838400840759277,10.846474367309767,nan,nan,nan,nan,22.21038579940796,4.097999572753906,0.01870039477944374,4.097999572753906,13.995686259120703,6.223148584365845,5035.2617065847435,1.6670212745666504,0.00020400592,16,2048,,8368.93891453743
adammini-stochastic_old-r8,adammini,stochastic_old,8,1.1B,sdpa,666,1286,42172416,2.1250436305999756,8.373262810637767,nan,nan,nan,nan,22.21038579940796,4.097999572753906,0.01870039477944374,4.097999572753906,13.995686259120703,6.211189031600952,5035.421375489659,1.8063241243362427,0.00020372021142857146,16,2048,,8375.181011199951
adammini-stochastic_old-r8,adammini,stochastic_old,8,1.1B,sdpa,666,1287,42205184,2.272198438644409,9.70070379094101,nan,nan,nan,nan,22.21038579940796,4.097999572753906,0.01870039477944374,4.097999572753906,13.995686259120703,6.225360870361328,5035.5723019549,1.4726853370666504,0.00020343450285714284,16,2048,,8381.437255859375
adammini-stochastic_old-r8,adammini,stochastic_old,8,1.1B,sdpa,666,1288,42237952,2.40547776222229,11.083724402222103,nan,nan,nan,nan,22.21038579940796,4.097999572753906,0.01870039477944374,4.097999572753906,13.995686259120703,6.2149858474731445,5035.72924647123,1.640520453453064,0.0002031487942857143,16,2048,,8387.683165311813
adammini-stochastic_old-r8,adammini,stochastic_old,8,1.1B,sdpa,666,1289,42270720,2.206177234649658,9.080935669896862,nan,nan,nan,nan,22.21038579940796,4.097999572753906,0.01870039477944374,4.097999572753906,13.995686259120703,6.209447860717773,5035.88925274095,1.496907114982605,0.00020286308571428573,16,2048,,8393.923462152481
adammini-stochastic_old-r8,adammini,stochastic_old,8,1.1B,sdpa,666,1290,42303488,2.1107332706451416,8.254291695858095,nan,nan,nan,nan,22.21038579940796,4.097999572753906,0.01870039477944374,4.097999572753906,13.995686259120703,6.217025279998779,5036.0445253483185,1.5410245656967163,0.00020257737714285715,16,2048,,8400.171624660492
adammini-stochastic_old-r8,adammini,stochastic_old,8,1.1B,sdpa,666,1291,42336256,2.2389628887176514,9.38359440757247,nan,nan,nan,nan,22.21038579940796,4.097999572753906,0.01870039477944374,4.097999572753906,13.995686259120703,6.216141700744629,5036.200086352718,1.5023605823516846,0.00020229166857142858,16,2048,,8406.418501377106
adammini-stochastic_old-r8,adammini,stochastic_old,8,1.1B,sdpa,666,1292,42369024,2.2815370559692383,9.791719269335498,nan,nan,nan,nan,22.21038579940796,4.097999572753906,0.01870039477944374,4.097999572753906,13.995686259120703,6.228902101516724,5036.347743011179,2.2970008850097656,0.00020200596000000001,16,2048,,8412.678366184235
adammini-stochastic_old-r8,adammini,stochastic_old,8,1.1B,sdpa,666,1293,42401792,2.418802261352539,11.232397777867373,nan,nan,nan,nan,22.21038579940796,4.097999572753906,0.01870039477944374,4.097999572753906,13.995686259120703,6.21734094619751,5036.5020635958535,1.6028505563735962,0.00020172025142857144,16,2048,,8418.926607131958
adammini-stochastic_old-r8,adammini,stochastic_old,8,1.1B,sdpa,666,1294,42434560,2.366194725036621,10.65676311668193,nan,nan,nan,nan,22.21038579940796,4.097999572753906,0.01870039477944374,4.097999572753906,13.995686259120703,6.242903232574463,5036.640986333471,1.6180412769317627,0.00020143454285714282,16,2048,,8425.200347185135
adammini-stochastic_old-r8,adammini,stochastic_old,8,1.1B,sdpa,666,1295,42467328,2.2850358486175537,9.8260384675987,nan,nan,nan,nan,22.21038579940796,4.097999572753906,0.01870039477944374,4.097999572753906,13.995686259120703,6.24060320854187,5036.781004537122,1.4241178035736084,0.00020114883428571428,16,2048,,8431.471901416779
adammini-stochastic_old-r8,adammini,stochastic_old,8,1.1B,sdpa,666,1296,42500096,2.286475658416748,9.840196283907112,nan,nan,nan,nan,22.21038579940796,4.097999572753906,0.01870039477944374,4.097999572753906,13.995686259120703,6.23516321182251,5036.924039251039,1.4712064266204834,0.00020086312571428573,16,2048,,8437.738072156906
adammini-stochastic_old-r8,adammini,stochastic_old,8,1.1B,sdpa,666,1297,42532864,2.334545850753784,10.324769878001051,nan,nan,nan,nan,22.21038579940796,4.097999572753906,0.01870039477944374,4.097999572753906,13.995686259120703,6.220056533813477,5037.075834564798,1.5532220602035522,0.00020057741714285716,16,2048,,8443.989114522934
adammini-stochastic_old-r8,adammini,stochastic_old,8,1.1B,sdpa,666,1298,42565632,2.2498779296875,9.486577736166328,nan,nan,nan,nan,22.21038579940796,4.097999572753906,0.01870039477944374,4.097999572753906,13.995686259120703,6.226672649383545,5037.2235003295,1.4705990552902222,0.0002002917085714286,16,2048,,8450.246790885925
adammini-stochastic_old-r8,adammini,stochastic_old,8,1.1B,sdpa,666,1299,42598400,2.3111517429351807,10.086034486923566,nan,nan,nan,nan,22.21038579940796,4.097999572753906,0.01870039477944374,4.097999572753906,13.995686259120703,6.211050033569336,5037.380276550243,1.4586669206619263,0.00020000600000000002,16,2048,,8456.488555908203
adammini-stochastic_old-r8,adammini,stochastic_old,8,1.1B,sdpa,666,1300,42631168,2.4752628803253174,11.884830990715608,2.447152679596483,11.555397913330664,nan,nan,22.21038579940796,4.097999572753906,0.01870039477944374,4.097999572753906,13.995686259120703,6.236848831176758,5037.521534856574,1.5194758176803589,0.00019972029142857145,16,2048,,8475.31176519394
adammini-stochastic_old-r8,adammini,stochastic_old,8,1.1B,sdpa,666,1301,42663936,2.4842028617858887,11.991557515182897,nan,nan,nan,nan,22.21038579940796,4.097999572753906,0.01870039477944374,4.097999572753906,13.995686259120703,6.221426248550415,5030.213874367708,1.5786830186843872,0.00019943458285714288,16,2048,,8481.564872026443
adammini-stochastic_old-r8,adammini,stochastic_old,8,1.1B,sdpa,666,1302,42696704,2.369352340698242,10.690466261587252,nan,nan,nan,nan,22.21038579940796,4.097999572753906,0.01870039477944374,4.097999572753906,13.995686259120703,6.22344708442688,5030.367564567926,1.6167172193527222,0.00019914887428571426,16,2048,,8487.819774627686
adammini-stochastic_old-r8,adammini,stochastic_old,8,1.1B,sdpa,666,1303,42729472,2.144742250442505,8.539839813665246,nan,nan,nan,nan,22.21038579940796,4.097999572753906,0.01870039477944374,4.097999572753906,13.995686259120703,6.230487585067749,5030.517191417654,1.672961711883545,0.0001988631657142857,16,2048,,8494.081067562103
adammini-stochastic_old-r8,adammini,stochastic_old,8,1.1B,sdpa,666,1304,42762240,2.4641988277435303,11.754061350786914,nan,nan,nan,nan,22.21038579940796,4.097999572753906,0.01870039477944374,4.097999572753906,13.995686259120703,6.230261325836182,5030.666815836602,2.0079808235168457,0.00019857745714285717,16,2048,,8500.3419880867
adammini-stochastic_old-r8,adammini,stochastic_old,8,1.1B,sdpa,666,1305,42795008,2.5478858947753906,12.780056817782604,nan,nan,nan,nan,22.21038579940796,4.097999572753906,0.01870039477944374,4.097999572753906,13.995686259120703,6.195057153701782,5030.837088177207,1.6952165365219116,0.0001982917485714286,16,2048,,8506.567903518677
adammini-stochastic_old-r8,adammini,stochastic_old,8,1.1B,sdpa,666,1306,42827776,2.085332155227661,8.047263978630077,nan,nan,nan,nan,22.21038579940796,4.097999572753906,0.01870039477944374,4.097999572753906,13.995686259120703,6.227171897888184,5030.988051262039,1.819541335105896,0.00019800604000000003,16,2048,,8512.8258664608
adammini-stochastic_old-r8,adammini,stochastic_old,8,1.1B,sdpa,666,1307,42860544,2.261805772781372,9.60040968209417,nan,nan,nan,nan,22.21038579940796,4.097999572753906,0.01870039477944374,4.097999572753906,13.995686259120703,6.212047576904297,5031.147709126357,1.6376250982284546,0.00019772033142857146,16,2048,,8519.068588733673
adammini-stochastic_old-r8,adammini,stochastic_old,8,1.1B,sdpa,666,1308,42893312,2.3657712936401367,10.652251663806233,nan,nan,nan,nan,22.21038579940796,4.097999572753906,0.01870039477944374,4.097999572753906,13.995686259120703,6.2172675132751465,5031.304041012565,1.5415328741073608,0.0001974346228571429,16,2048,,8525.31675195694
adammini-stochastic_old-r8,adammini,stochastic_old,8,1.1B,sdpa,666,1309,42926080,2.3916289806365967,10.93128630112175,nan,nan,nan,nan,22.21038579940796,4.097999572753906,0.01870039477944374,4.097999572753906,13.995686259120703,6.214954614639282,5031.461489386273,1.6124764680862427,0.00019714891428571427,16,2048,,8531.56272315979
adammini-stochastic_old-r8,adammini,stochastic_old,8,1.1B,sdpa,666,1310,42958848,2.4387171268463135,11.458331723754869,nan,nan,nan,nan,22.21038579940796,4.097999572753906,0.01870039477944374,4.097999572753906,13.995686259120703,6.223931074142456,5031.613212532282,1.8160399198532104,0.0001968632057142857,16,2048,,8537.816629171371
adammini-stochastic_old-r8,adammini,stochastic_old,8,1.1B,sdpa,666,1311,42991616,2.2058074474334717,9.077578276773908,nan,nan,nan,nan,22.21038579940796,4.097999572753906,0.01870039477944374,4.097999572753906,13.995686259120703,6.2180023193359375,5031.769084479151,1.5224465131759644,0.00019657749714285713,16,2048,,8544.065102815628
adammini-stochastic_old-r8,adammini,stochastic_old,8,1.1B,sdpa,666,1312,43024384,3.2445590496063232,25.6503970135043,nan,nan,nan,nan,22.21038579940796,4.097999572753906,0.01870039477944374,4.097999572753906,13.995686259120703,6.295545816421509,5031.878755943515,8.568768501281738,0.00019629178857142858,16,2048,,8550.391413211823
adammini-stochastic_old-r8,adammini,stochastic_old,8,1.1B,sdpa,666,1313,43057152,3.4217026233673096,30.621507555789123,nan,nan,nan,nan,22.21038579940796,4.097999572753906,0.01870039477944374,4.097999572753906,13.995686259120703,6.15268349647522,5032.07158238702,9.391889572143555,0.00019600608000000004,16,2048,,8556.575504541397
adammini-stochastic_old-r8,adammini,stochastic_old,8,1.1B,sdpa,666,1314,43089920,2.251190423965454,9.499036989723345,nan,nan,nan,nan,22.21038579940796,4.097999572753906,0.01870039477944374,4.097999572753906,13.995686259120703,6.249269962310791,5032.2078045446515,1.601000189781189,0.00019572037142857147,16,2048,,8562.855479717255
adammini-stochastic_old-r8,adammini,stochastic_old,8,1.1B,sdpa,666,1315,43122688,2.4834649562835693,11.982712142836888,nan,nan,nan,nan,22.21038579940796,4.097999572753906,0.01870039477944374,4.097999572753906,13.995686259120703,6.234535217285156,5032.352336888703,1.7370222806930542,0.0001954346628571429,16,2048,,8569.120667696
adammini-stochastic_old-r8,adammini,stochastic_old,8,1.1B,sdpa,666,1316,43155456,2.2576630115509033,9.560719746793938,nan,nan,nan,nan,22.21038579940796,4.097999572753906,0.01870039477944374,4.097999572753906,13.995686259120703,6.23090934753418,5032.499161010807,1.8587658405303955,0.00019514895428571427,16,2048,,8575.382856845856
adammini-stochastic_old-r8,adammini,stochastic_old,8,1.1B,sdpa,666,1317,43188224,2.236677646636963,9.362175106230112,nan,nan,nan,nan,22.21038579940796,4.097999572753906,0.01870039477944374,4.097999572753906,13.995686259120703,6.2334582805633545,5032.643683939097,4.0185956954956055,0.0001948632457142857,16,2048,,8581.64543056488
adammini-stochastic_old-r8,adammini,stochastic_old,8,1.1B,sdpa,666,1318,43220992,2.4177086353302,11.220120449990521,nan,nan,nan,nan,22.21038579940796,4.097999572753906,0.01870039477944374,4.097999572753906,13.995686259120703,6.209716081619263,5032.803268153415,1.5061532258987427,0.00019457753714285713,16,2048,,8587.88599562645
adammini-stochastic_old-r8,adammini,stochastic_old,8,1.1B,sdpa,666,1319,43253760,2.323110818862915,10.207378272729184,nan,nan,nan,nan,22.21038579940796,4.097999572753906,0.01870039477944374,4.097999572753906,13.995686259120703,6.208232164382935,5032.962470853795,1.8512572050094604,0.00019429182857142856,16,2048,,8594.125146150589
adammini-stochastic_old-r8,adammini,stochastic_old,8,1.1B,sdpa,666,1320,43286528,2.389005184173584,10.90264242507179,nan,nan,nan,nan,22.21038579940796,4.097999572753906,0.01870039477944374,4.097999572753906,13.995686259120703,6.233707666397095,5033.106505696219,1.596147894859314,0.00019400612000000002,16,2048,,8600.388551950455
adammini-stochastic_old-r8,adammini,stochastic_old,8,1.1B,sdpa,666,1321,43319296,2.2770373821258545,9.74775870453198,nan,nan,nan,nan,22.21038579940796,4.097999572753906,0.01870039477944374,4.097999572753906,13.995686259120703,6.225285530090332,5033.255559624111,1.7071882486343384,0.00019372041142857145,16,2048,,8606.64491224289
adammini-stochastic_old-r8,adammini,stochastic_old,8,1.1B,sdpa,666,1322,43352064,2.425021171569824,11.302468707751949,nan,nan,nan,nan,22.21038579940796,4.097999572753906,0.01870039477944374,4.097999572753906,13.995686259120703,6.2217912673950195,5033.404794411176,1.513181209564209,0.00019343470285714288,16,2048,,8612.900152921677
adammini-stochastic_old-r8,adammini,stochastic_old,8,1.1B,sdpa,666,1323,43384832,2.34358811378479,10.418552527674304,nan,nan,nan,nan,22.21038579940796,4.097999572753906,0.01870039477944374,4.097999572753906,13.995686259120703,6.219804286956787,5033.5563174551025,1.4313377141952515,0.00019314899428571428,16,2048,,8619.151060819626
adammini-stochastic_old-r8,adammini,stochastic_old,8,1.1B,sdpa,666,1324,43417600,2.5267186164855957,12.512380779519239,nan,nan,nan,nan,22.21038579940796,4.097999572753906,0.01870039477944374,4.097999572753906,13.995686259120703,6.22337532043457,5033.705374064681,1.8567417860031128,0.0001928632857142857,16,2048,,8625.405175924301
adammini-stochastic_old-r8,adammini,stochastic_old,8,1.1B,sdpa,666,1325,43450368,2.377044200897217,10.77301289512886,nan,nan,nan,nan,22.21038579940796,4.097999572753906,0.01870039477944374,4.097999572753906,13.995686259120703,6.215626001358032,5033.859041390736,1.4964431524276733,0.00019257757714285714,16,2048,,8631.651791095734
adammini-stochastic_old-r8,adammini,stochastic_old,8,1.1B,sdpa,666,1326,43483136,2.531062602996826,12.566852619660322,nan,nan,nan,nan,22.21038579940796,4.097999572753906,0.01870039477944374,4.097999572753906,13.995686259120703,6.222912073135376,5034.00792986747,1.5683554410934448,0.00019229186857142857,16,2048,,8637.905740737915
adammini-stochastic_old-r8,adammini,stochastic_old,8,1.1B,sdpa,666,1327,43515904,2.3523073196411133,10.509791218319942,nan,nan,nan,nan,22.21038579940796,4.097999572753906,0.01870039477944374,4.097999572753906,13.995686259120703,6.208241701126099,5034.165313387399,1.477330207824707,0.00019200616,16,2048,,8644.144481658936
adammini-stochastic_old-r8,adammini,stochastic_old,8,1.1B,sdpa,666,1328,43548672,2.255136251449585,9.536592596195279,nan,nan,nan,nan,22.21038579940796,4.097999572753906,0.01870039477944374,4.097999572753906,13.995686259120703,6.210904359817505,5034.320913749477,1.5239779949188232,0.00019172045142857146,16,2048,,8650.386376857758
adammini-stochastic_old-r8,adammini,stochastic_old,8,1.1B,sdpa,666,1329,43581440,2.1954710483551025,8.984232067973192,nan,nan,nan,nan,22.21038579940796,4.097999572753906,0.01870039477944374,4.097999572753906,13.995686259120703,6.222903728485107,5034.469337940617,1.708682894706726,0.0001914347428571429,16,2048,,8656.64011502266
adammini-stochastic_old-r8,adammini,stochastic_old,8,1.1B,sdpa,666,1330,43614208,2.5974292755126953,13.429170924240253,nan,nan,nan,nan,22.21038579940796,4.097999572753906,0.01870039477944374,4.097999572753906,13.995686259120703,6.219727516174316,5034.619331412061,1.5989573001861572,0.00019114903428571432,16,2048,,8662.889373540878
adammini-stochastic_old-r8,adammini,stochastic_old,8,1.1B,sdpa,666,1331,43646976,2.4427056312561035,11.504124592186038,nan,nan,nan,nan,22.21038579940796,4.097999572753906,0.01870039477944374,4.097999572753906,13.995686259120703,6.230825424194336,5034.7636233755975,1.5115543603897095,0.0001908633257142857,16,2048,,8669.1510617733
adammini-stochastic_old-r8,adammini,stochastic_old,8,1.1B,sdpa,666,1332,43679744,2.280884265899658,9.785329418074996,nan,nan,nan,nan,22.21038579940796,4.097999572753906,0.01870039477944374,4.097999572753906,13.995686259120703,6.207975149154663,5034.919931734485,1.6414047479629517,0.00019057761714285715,16,2048,,8675.390104293823
adammini-stochastic_old-r8,adammini,stochastic_old,8,1.1B,sdpa,666,1333,43712512,2.2530605792999268,9.516818286132718,nan,nan,nan,nan,22.21038579940796,4.097999572753906,0.01870039477944374,4.097999572753906,13.995686259120703,6.236675977706909,5035.059366519349,1.6650344133377075,0.00019029190857142858,16,2048,,8681.658104419708
adammini-stochastic_old-r8,adammini,stochastic_old,8,1.1B,sdpa,666,1334,43745280,2.6102023124694824,13.601802387717001,nan,nan,nan,nan,22.21038579940796,4.097999572753906,0.01870039477944374,4.097999572753906,13.995686259120703,6.180344581604004,5035.231057197843,4.149803161621094,0.0001900062,16,2048,,8687.869374990463
adammini-stochastic_old-r8,adammini,stochastic_old,8,1.1B,sdpa,666,1335,43778048,2.3786301612854004,10.790112022527213,nan,nan,nan,nan,22.21038579940796,4.097999572753906,0.01870039477944374,4.097999572753906,13.995686259120703,6.248589992523193,5035.362926212349,1.4978017807006836,0.00018972049142857144,16,2048,,8694.149322271347
adammini-stochastic_old-r8,adammini,stochastic_old,8,1.1B,sdpa,666,1336,43810816,2.2200229167938232,9.207541870803135,nan,nan,nan,nan,22.21038579940796,4.097999572753906,0.01870039477944374,4.097999572753906,13.995686259120703,6.219839811325073,5035.51150009327,1.6288206577301025,0.0001894347828571429,16,2048,,8700.400471925735
adammini-stochastic_old-r8,adammini,stochastic_old,8,1.1B,sdpa,666,1337,43843584,1.9482550621032715,7.016433651547481,nan,nan,nan,nan,22.21038579940796,4.097999572753906,0.01870039477944374,4.097999572753906,13.995686259120703,6.220547676086426,5035.659438544031,2.644209623336792,0.00018914907428571433,16,2048,,8706.651942491531
adammini-stochastic_old-r8,adammini,stochastic_old,8,1.1B,sdpa,666,1338,43876352,2.2602810859680176,9.585783217271576,nan,nan,nan,nan,22.21038579940796,4.097999572753906,0.01870039477944374,4.097999572753906,13.995686259120703,6.246049165725708,5035.792367828526,1.7955502271652222,0.0001888633657142857,16,2048,,8712.929027080536
adammini-stochastic_old-r8,adammini,stochastic_old,8,1.1B,sdpa,666,1339,43909120,2.0211102962493896,7.546699355746861,nan,nan,nan,nan,22.21038579940796,4.097999572753906,0.01870039477944374,4.097999572753906,13.995686259120703,6.171779632568359,5035.96812082833,1.6862831115722656,0.00018857765714285713,16,2048,,8719.131602525711
adammini-stochastic_old-r8,adammini,stochastic_old,8,1.1B,sdpa,666,1340,43941888,2.275620698928833,9.733958995782395,nan,nan,nan,nan,22.21038579940796,4.097999572753906,0.01870039477944374,4.097999572753906,13.995686259120703,6.222804546356201,5036.114248134725,2.070331573486328,0.00018829194857142856,16,2048,,8725.384002447128
adammini-stochastic_old-r8,adammini,stochastic_old,8,1.1B,sdpa,666,1341,43974656,2.347407341003418,10.45841942898415,nan,nan,nan,nan,22.21038579940796,4.097999572753906,0.01870039477944374,4.097999572753906,13.995686259120703,6.219501733779907,5036.262837243946,1.4957493543624878,0.00018800624000000002,16,2048,,8731.634449481964
adammini-stochastic_old-r8,adammini,stochastic_old,8,1.1B,sdpa,666,1342,44007424,2.4956002235412598,12.129011452383274,nan,nan,nan,nan,22.21038579940796,4.097999572753906,0.01870039477944374,4.097999572753906,13.995686259120703,6.230974197387695,5036.403709351525,1.5106180906295776,0.00018772053142857145,16,2048,,8737.896205186844
adammini-stochastic_old-r8,adammini,stochastic_old,8,1.1B,sdpa,666,1343,44040192,2.2356185913085938,9.352265293245093,nan,nan,nan,nan,22.21038579940796,4.097999572753906,0.01870039477944374,4.097999572753906,13.995686259120703,6.224954128265381,5036.547966402983,3.0389256477355957,0.00018743482285714288,16,2048,,8744.152337551117
adammini-stochastic_old-r8,adammini,stochastic_old,8,1.1B,sdpa,666,1344,44072960,2.39670729637146,10.986940018315122,nan,nan,nan,nan,22.21038579940796,4.097999572753906,0.01870039477944374,4.097999572753906,13.995686259120703,6.210201740264893,5036.700347662179,2.012521743774414,0.00018714911428571434,16,2048,,8750.393679618835
adammini-stochastic_old-r8,adammini,stochastic_old,8,1.1B,sdpa,666,1345,44105728,2.4123027324676514,11.159629220901175,nan,nan,nan,nan,22.21038579940796,4.097999572753906,0.01870039477944374,4.097999572753906,13.995686259120703,6.22754168510437,5036.842508330967,1.4848756790161133,0.0001868634057142857,16,2048,,8756.65228843689
adammini-stochastic_old-r8,adammini,stochastic_old,8,1.1B,sdpa,666,1346,44138496,2.360053777694702,10.5915210247026,nan,nan,nan,nan,22.21038579940796,4.097999572753906,0.01870039477944374,4.097999572753906,13.995686259120703,6.226962089538574,5036.984731660245,1.4682574272155762,0.00018657769714285714,16,2048,,8762.910044431686
adammini-stochastic_old-r8,adammini,stochastic_old,8,1.1B,sdpa,666,1347,44171264,2.587099313735962,13.291162141842326,nan,nan,nan,nan,22.21038579940796,4.097999572753906,0.01870039477944374,4.097999572753906,13.995686259120703,6.222484111785889,5037.129737392101,1.5304679870605469,0.00018629198857142857,16,2048,,8769.16360116005
adammini-stochastic_old-r8,adammini,stochastic_old,8,1.1B,sdpa,666,1348,44204032,2.366464614868164,10.659639656841295,nan,nan,nan,nan,22.21038579940796,4.097999572753906,0.01870039477944374,4.097999572753906,13.995686259120703,6.210009813308716,5037.281367599887,1.4480003118515015,0.00018600628,16,2048,,8775.404722213745
adammini-stochastic_old-r8,adammini,stochastic_old,8,1.1B,sdpa,666,1349,44236800,2.311629056930542,10.090849841468508,nan,nan,nan,nan,22.21038579940796,4.097999572753906,0.01870039477944374,4.097999572753906,13.995686259120703,6.221907615661621,5037.425950740753,1.5094951391220093,0.00018572057142857143,16,2048,,8781.657495975494
adammini-stochastic_old-r8,adammini,stochastic_old,8,1.1B,sdpa,666,1350,44269568,2.3985345363616943,11.007034147294046,2.4468107980122604,11.551448010823666,nan,nan,22.21038579940796,4.097999572753906,0.01870039477944374,4.097999572753906,13.995686259120703,6.197106599807739,5037.584535957484,1.5306495428085327,0.0001854348628571429,16,2048,,8800.246495008469
adammini-stochastic_old-r8,adammini,stochastic_old,8,1.1B,sdpa,666,1351,44302336,2.4214701652526855,11.262404745761872,nan,nan,nan,nan,22.21038579940796,4.097999572753906,0.01870039477944374,4.097999572753906,13.995686259120703,6.218811988830566,5030.659240336076,1.7315186262130737,0.00018514915428571432,16,2048,,8806.496865272522
adammini-stochastic_old-r8,adammini,stochastic_old,8,1.1B,sdpa,666,1352,44335104,2.3206000328063965,10.1817818766723,nan,nan,nan,nan,22.21038579940796,4.097999572753906,0.01870039477944374,4.097999572753906,13.995686259120703,6.224992513656616,5030.8061429770005,1.417006015777588,0.0001848634457142857,16,2048,,8812.753242731094
adammini-stochastic_old-r8,adammini,stochastic_old,8,1.1B,sdpa,666,1353,44367872,2.3056113719940186,10.030308628050571,nan,nan,nan,nan,22.21038579940796,4.097999572753906,0.01870039477944374,4.097999572753906,13.995686259120703,6.224619388580322,5030.953301255502,1.4563987255096436,0.00018457773714285715,16,2048,,8819.008727788925
adammini-stochastic_old-r8,adammini,stochastic_old,8,1.1B,sdpa,666,1354,44400640,2.336113929748535,10.340972633052267,nan,nan,nan,nan,22.21038579940796,4.097999572753906,0.01870039477944374,4.097999572753906,13.995686259120703,6.223983287811279,5031.10060498287,1.6293745040893555,0.00018429202857142858,16,2048,,8825.263601779938
adammini-stochastic_old-r8,adammini,stochastic_old,8,1.1B,sdpa,666,1355,44433408,2.344724178314209,10.430395401509585,nan,nan,nan,nan,22.21038579940796,4.097999572753906,0.01870039477944374,4.097999572753906,13.995686259120703,6.222743511199951,5031.248451578803,1.4534860849380493,0.00018400632,16,2048,,8831.517011165619
adammini-stochastic_old-r8,adammini,stochastic_old,8,1.1B,sdpa,666,1356,44466176,2.5378952026367188,12.653010899673324,nan,nan,nan,nan,22.21038579940796,4.097999572753906,0.01870039477944374,4.097999572753906,13.995686259120703,6.225973129272461,5031.39425111095,1.4462097883224487,0.00018372061142857144,16,2048,,8837.77371263504
adammini-stochastic_old-r8,adammini,stochastic_old,8,1.1B,sdpa,666,1357,44498944,2.376008987426758,10.761866297611798,nan,nan,nan,nan,22.21038579940796,4.097999572753906,0.01870039477944374,4.097999572753906,13.995686259120703,6.206457614898682,5031.551045503076,1.7362947463989258,0.00018343490285714287,16,2048,,8844.011223077774
adammini-stochastic_old-r8,adammini,stochastic_old,8,1.1B,sdpa,666,1358,44531712,2.5074570178985596,12.273678596405292,nan,nan,nan,nan,22.21038579940796,4.097999572753906,0.01870039477944374,4.097999572753906,13.995686259120703,6.213693141937256,5031.702929663049,1.5034642219543457,0.0001831491942857143,16,2048,,8850.256614685059
adammini-stochastic_old-r8,adammini,stochastic_old,8,1.1B,sdpa,666,1359,44564480,2.5060603618621826,12.256548454347799,nan,nan,nan,nan,22.21038579940796,4.097999572753906,0.01870039477944374,4.097999572753906,13.995686259120703,6.216332197189331,5031.852595636092,1.6698671579360962,0.00018286348571428575,16,2048,,8856.505515813828
adammini-stochastic_old-r8,adammini,stochastic_old,8,1.1B,sdpa,666,1360,44597248,2.5386412143707275,12.662453716062998,nan,nan,nan,nan,22.21038579940796,4.097999572753906,0.01870039477944374,4.097999572753906,13.995686259120703,6.213056325912476,5032.004678444074,1.6306264400482178,0.00018257777714285713,16,2048,,8862.74940419197
adammini-stochastic_old-r8,adammini,stochastic_old,8,1.1B,sdpa,666,1361,44630016,2.3053581714630127,10.027769270076755,nan,nan,nan,nan,22.21038579940796,4.097999572753906,0.01870039477944374,4.097999572753906,13.995686259120703,6.228501319885254,5032.147992521734,1.5109964609146118,0.0001822920685714286,16,2048,,8869.008842468262
adammini-stochastic_old-r8,adammini,stochastic_old,8,1.1B,sdpa,666,1362,44662784,2.154594898223877,8.624395713187994,nan,nan,nan,nan,22.21038579940796,4.097999572753906,0.01870039477944374,4.097999572753906,13.995686259120703,6.2125163078308105,5032.299993097653,1.4949418306350708,0.00018200636000000002,16,2048,,8875.252644777298
adammini-stochastic_old-r8,adammini,stochastic_old,8,1.1B,sdpa,666,1363,44695552,2.5454018115997314,12.748349491779734,nan,nan,nan,nan,22.21038579940796,4.097999572753906,0.01870039477944374,4.097999572753906,13.995686259120703,6.27334451675415,5032.360573386201,1.4858900308609009,0.00018172065142857145,16,2048,,8881.657525539398
adammini-stochastic_old-r8,adammini,stochastic_old,8,1.1B,sdpa,666,1364,44728320,2.649958610534668,14.153452829407371,nan,nan,nan,nan,22.21038579940796,4.097999572753906,0.01870039477944374,4.097999572753906,13.995686259120703,6.164268732070923,5032.539527189172,1.679613471031189,0.00018143494285714288,16,2048,,8887.852771043777
adammini-stochastic_old-r8,adammini,stochastic_old,8,1.1B,sdpa,666,1365,44761088,2.4112801551818848,11.148223470167,nan,nan,nan,nan,22.21038579940796,4.097999572753906,0.01870039477944374,4.097999572753906,13.995686259120703,6.229863882064819,5032.681149464948,3.5571351051330566,0.0001811492342857143,16,2048,,8894.113723754883
adammini-stochastic_old-r8,adammini,stochastic_old,8,1.1B,sdpa,666,1366,44793856,2.3851678371429443,10.860885371927939,nan,nan,nan,nan,22.21038579940796,4.097999572753906,0.01870039477944374,4.097999572753906,13.995686259120703,6.228914976119995,5032.823107446957,1.5578763484954834,0.00018086352571428574,16,2048,,8900.37361073494
adammini-stochastic_old-r8,adammini,stochastic_old,8,1.1B,sdpa,666,1367,44826624,2.353259801864624,10.519806376501101,nan,nan,nan,nan,22.21038579940796,4.097999572753906,0.01870039477944374,4.097999572753906,13.995686259120703,6.275097370147705,5032.938735610971,1.6010452508926392,0.0001805778171428571,16,2048,,8906.679804801941
adammini-stochastic_old-r8,adammini,stochastic_old,8,1.1B,sdpa,666,1368,44859392,3.1191465854644775,22.627061138129953,nan,nan,nan,nan,22.21038579940796,4.097999572753906,0.01870039477944374,4.097999572753906,13.995686259120703,6.157264709472656,5033.120842105932,2.9006991386413574,0.00018029210857142854,16,2048,,8912.868097305298
adammini-stochastic_old-r8,adammini,stochastic_old,8,1.1B,sdpa,666,1369,44892160,2.392313241958618,10.938768717209564,nan,nan,nan,nan,22.21038579940796,4.097999572753906,0.01870039477944374,4.097999572753906,13.995686259120703,6.220825672149658,5033.266779505516,1.4623323678970337,0.00018000640000000003,16,2048,,8919.120024681091
adammini-stochastic_old-r8,adammini,stochastic_old,8,1.1B,sdpa,666,1370,44924928,2.177879571914673,8.827568175877918,nan,nan,nan,nan,22.21038579940796,4.097999572753906,0.01870039477944374,4.097999572753906,13.995686259120703,6.206836938858032,5033.420345160555,1.639451265335083,0.00017972069142857146,16,2048,,8925.357731819153
adammini-stochastic_old-r8,adammini,stochastic_old,8,1.1B,sdpa,666,1371,44957696,2.3604414463043213,10.595627820918553,nan,nan,nan,nan,22.21038579940796,4.097999572753906,0.01870039477944374,4.097999572753906,13.995686259120703,6.21737265586853,5033.567858926051,1.630696177482605,0.00017943498285714288,16,2048,,8931.606300354004
adammini-stochastic_old-r8,adammini,stochastic_old,8,1.1B,sdpa,666,1372,44990464,2.3907365798950195,10.921535564549616,nan,nan,nan,nan,22.21038579940796,4.097999572753906,0.01870039477944374,4.097999572753906,13.995686259120703,6.220921277999878,5033.7129444506145,1.5423853397369385,0.00017914927428571431,16,2048,,8937.858485221863
adammini-stochastic_old-r8,adammini,stochastic_old,8,1.1B,sdpa,666,1373,45023232,2.3441481590270996,10.42438902264725,nan,nan,nan,nan,22.21038579940796,4.097999572753906,0.01870039477944374,4.097999572753906,13.995686259120703,6.1943182945251465,5033.8730133458175,1.7213650941848755,0.00017886356571428574,16,2048,,8944.083957910538
adammini-stochastic_old-r8,adammini,stochastic_old,8,1.1B,sdpa,666,1374,45056000,2.299926280975342,9.973447194914042,nan,nan,nan,nan,22.21038579940796,4.097999572753906,0.01870039477944374,4.097999572753906,13.995686259120703,6.207921743392944,5034.02499022687,1.5758947134017944,0.00017857785714285712,16,2048,,8950.323095321655
adammini-stochastic_old-r8,adammini,stochastic_old,8,1.1B,sdpa,666,1375,45088768,2.251763343811035,9.504480735794843,nan,nan,nan,nan,22.21038579940796,4.097999572753906,0.01870039477944374,4.097999572753906,13.995686259120703,6.208122730255127,5034.176792354223,2.136281967163086,0.00017829214857142855,16,2048,,8956.562474012375
adammini-stochastic_old-r8,adammini,stochastic_old,8,1.1B,sdpa,666,1376,45121536,2.2625622749328613,9.607675160502376,nan,nan,nan,nan,22.21038579940796,4.097999572753906,0.01870039477944374,4.097999572753906,13.995686259120703,6.218574523925781,5034.322273530315,1.5044423341751099,0.00017800643999999998,16,2048,,8962.812580108643
adammini-stochastic_old-r8,adammini,stochastic_old,8,1.1B,sdpa,666,1377,45154304,2.353027820587158,10.517366261420639,nan,nan,nan,nan,22.21038579940796,4.097999572753906,0.01870039477944374,4.097999572753906,13.995686259120703,6.231533527374268,5034.46047980071,1.6181714534759521,0.00017772073142857144,16,2048,,8969.07495212555
adammini-stochastic_old-r8,adammini,stochastic_old,8,1.1B,sdpa,666,1378,45187072,2.4805357456207275,11.947663611983973,nan,nan,nan,nan,22.21038579940796,4.097999572753906,0.01870039477944374,4.097999572753906,13.995686259120703,6.205895185470581,5034.612972677715,1.6945689916610718,0.0001774350228571429,16,2048,,8975.311893939972
adammini-stochastic_old-r8,adammini,stochastic_old,8,1.1B,sdpa,666,1379,45219840,2.3448379039764404,10.431581672587413,nan,nan,nan,nan,22.21038579940796,4.097999572753906,0.01870039477944374,4.097999572753906,13.995686259120703,6.200466156005859,5034.768367151435,1.6217974424362183,0.00017714931428571432,16,2048,,8981.543417453766
adammini-stochastic_old-r8,adammini,stochastic_old,8,1.1B,sdpa,666,1380,45252608,2.5676963329315186,13.03575977423452,nan,nan,nan,nan,22.21038579940796,4.097999572753906,0.01870039477944374,4.097999572753906,13.995686259120703,6.221140384674072,5034.911755343363,1.6659883260726929,0.00017686360571428575,16,2048,,8987.795463562012
adammini-stochastic_old-r8,adammini,stochastic_old,8,1.1B,sdpa,666,1381,45285376,2.379060745239258,10.794759072025112,nan,nan,nan,nan,22.21038579940796,4.097999572753906,0.01870039477944374,4.097999572753906,13.995686259120703,6.231685638427734,5035.049180323584,1.5780452489852905,0.00017657789714285713,16,2048,,8994.058361768723
adammini-stochastic_old-r8,adammini,stochastic_old,8,1.1B,sdpa,666,1382,45318144,2.2663817405700684,9.644441514848284,nan,nan,nan,nan,22.21038579940796,4.097999572753906,0.01870039477944374,4.097999572753906,13.995686259120703,6.212225914001465,5035.197269419037,1.6226273775100708,0.00017629218857142856,16,2048,,9000.301778554916
adammini-stochastic_old-r8,adammini,stochastic_old,8,1.1B,sdpa,666,1383,45350912,3.5642664432525635,35.31353941563691,nan,nan,nan,nan,22.21038579940796,4.097999572753906,0.01870039477944374,4.097999572753906,13.995686259120703,6.2045581340789795,5035.349386778775,2.7410950660705566,0.00017600648,16,2048,,9006.537379741669
adammini-stochastic_old-r8,adammini,stochastic_old,8,1.1B,sdpa,666,1384,45383680,2.2320854663848877,9.319280874991486,nan,nan,nan,nan,22.21038579940796,4.097999572753906,0.01870039477944374,4.097999572753906,13.995686259120703,6.204007148742676,5035.501453893578,1.5314701795578003,0.00017572077142857142,16,2048,,9012.772990226746
adammini-stochastic_old-r8,adammini,stochastic_old,8,1.1B,sdpa,666,1385,45416448,2.254479169845581,9.530328334926246,nan,nan,nan,nan,22.21038579940796,4.097999572753906,0.01870039477944374,4.097999572753906,13.995686259120703,6.220828294754028,5035.644014290717,1.5694191455841064,0.00017543506285714287,16,2048,,9019.02455663681
adammini-stochastic_old-r8,adammini,stochastic_old,8,1.1B,sdpa,666,1386,45449216,2.5185043811798096,12.410022114184178,nan,nan,nan,nan,22.21038579940796,4.097999572753906,0.01870039477944374,4.097999572753906,13.995686259120703,6.2183427810668945,5035.788015037173,1.6539182662963867,0.0001751493542857143,16,2048,,9025.27370095253
adammini-stochastic_old-r8,adammini,stochastic_old,8,1.1B,sdpa,666,1387,45481984,2.3189284801483154,10.164776708588798,nan,nan,nan,nan,22.21038579940796,4.097999572753906,0.01870039477944374,4.097999572753906,13.995686259120703,6.225942611694336,5035.927498972546,1.5147610902786255,0.00017486364571428576,16,2048,,9031.530661344528
adammini-stochastic_old-r8,adammini,stochastic_old,8,1.1B,sdpa,666,1388,45514752,2.192559003829956,8.95810764037645,nan,nan,nan,nan,22.21038579940796,4.097999572753906,0.01870039477944374,4.097999572753906,13.995686259120703,6.2163708209991455,5036.072142158982,1.5822724103927612,0.00017457793714285714,16,2048,,9037.77819609642
adammini-stochastic_old-r8,adammini,stochastic_old,8,1.1B,sdpa,666,1389,45547520,2.442354917526245,11.500090645163208,nan,nan,nan,nan,22.21038579940796,4.097999572753906,0.01870039477944374,4.097999572753906,13.995686259120703,6.218605041503906,5036.215209273613,1.6736072301864624,0.00017429222857142857,16,2048,,9044.027992010117
adammini-stochastic_old-r8,adammini,stochastic_old,8,1.1B,sdpa,666,1390,45580288,2.3387556076049805,10.368326265306228,nan,nan,nan,nan,22.21038579940796,4.097999572753906,0.01870039477944374,4.097999572753906,13.995686259120703,6.222867250442505,5036.355665266194,1.5069738626480103,0.00017400652,16,2048,,9050.281831979752
adammini-stochastic_old-r8,adammini,stochastic_old,8,1.1B,sdpa,666,1391,45613056,2.2975151538848877,9.94942891339771,nan,nan,nan,nan,22.21038579940796,4.097999572753906,0.01870039477944374,4.097999572753906,13.995686259120703,6.2171173095703125,5036.4992693156,1.5379383563995361,0.00017372081142857143,16,2048,,9056.530002117157
adammini-stochastic_old-r8,adammini,stochastic_old,8,1.1B,sdpa,666,1392,45645824,2.2990591526031494,9.964802684374606,nan,nan,nan,nan,22.21038579940796,4.097999572753906,0.01870039477944374,4.097999572753906,13.995686259120703,6.225408554077148,5036.63800573813,1.458255410194397,0.00017343510285714286,16,2048,,9062.786251783371
adammini-stochastic_old-r8,adammini,stochastic_old,8,1.1B,sdpa,666,1393,45678592,2.299651622772217,9.970708281978197,nan,nan,nan,nan,22.21038579940796,4.097999572753906,0.01870039477944374,4.097999572753906,13.995686259120703,6.216104984283447,5036.781824383742,1.4865005016326904,0.0001731493942857143,16,2048,,9069.032667398453
adammini-stochastic_old-r8,adammini,stochastic_old,8,1.1B,sdpa,666,1394,45711360,2.360607624053955,10.597388724813262,nan,nan,nan,nan,22.21038579940796,4.097999572753906,0.01870039477944374,4.097999572753906,13.995686259120703,6.232447147369385,5036.916665976164,1.5864648818969727,0.00017286368571428574,16,2048,,9075.29610490799
adammini-stochastic_old-r8,adammini,stochastic_old,8,1.1B,sdpa,666,1395,45744128,2.340306282043457,10.384416636054707,nan,nan,nan,nan,22.21038579940796,4.097999572753906,0.01870039477944374,4.097999572753906,13.995686259120703,6.215670824050903,5037.060209875881,1.6072325706481934,0.00017257797714285717,16,2048,,9081.542864322662
adammini-stochastic_old-r8,adammini,stochastic_old,8,1.1B,sdpa,666,1396,45776896,2.194047689437866,8.971453377633562,nan,nan,nan,nan,22.21038579940796,4.097999572753906,0.01870039477944374,4.097999572753906,13.995686259120703,6.22167444229126,5037.200170580274,1.4339473247528076,0.00017229226857142857,16,2048,,9087.796152591705
adammini-stochastic_old-r8,adammini,stochastic_old,8,1.1B,sdpa,666,1397,45809664,2.3555257320404053,10.54367055027797,nan,nan,nan,nan,22.21038579940796,4.097999572753906,0.01870039477944374,4.097999572753906,13.995686259120703,6.227596282958984,5037.336521125953,1.78439199924469,0.00017200656,16,2048,,9094.054782152176
adammini-stochastic_old-r8,adammini,stochastic_old,8,1.1B,sdpa,666,1398,45842432,2.502284526824951,12.210357009774771,nan,nan,nan,nan,22.21038579940796,4.097999572753906,0.01870039477944374,4.097999572753906,13.995686259120703,6.215520620346069,5037.479587304052,1.7486592531204224,0.00017172085142857143,16,2048,,9100.30126619339
adammini-stochastic_old-r8,adammini,stochastic_old,8,1.1B,sdpa,666,1399,45875200,2.4189083576202393,11.233589556569447,nan,nan,nan,nan,22.21038579940796,4.097999572753906,0.01870039477944374,4.097999572753906,13.995686259120703,6.236330032348633,5037.611015476684,1.4939534664154053,0.00017143514285714286,16,2048,,9106.568655252457
adammini-stochastic_old-r8,adammini,stochastic_old,8,1.1B,sdpa,666,1400,45907968,2.3563148975372314,10.551994535355059,2.446765799490278,11.55092822443132,nan,nan,22.21038579940796,4.097999572753906,0.01870039477944374,4.097999572753906,13.995686259120703,6.207054853439331,5037.7583068561,1.479690432548523,0.0001711494342857143,16,2048,,9125.274676084518
adammini-stochastic_old-r8,adammini,stochastic_old,8,1.1B,sdpa,666,1401,45940736,2.610480546951294,13.605587404692752,nan,nan,nan,nan,22.21038579940796,4.097999572753906,0.01870039477944374,4.097999572753906,13.995686259120703,6.227240562438965,5031.015376329886,1.8218905925750732,0.00017086372571428575,16,2048,,9131.533687114716
adammini-stochastic_old-r8,adammini,stochastic_old,8,1.1B,sdpa,666,1402,45973504,2.375767230987549,10.759264861606066,nan,nan,nan,nan,22.21038579940796,4.097999572753906,0.01870039477944374,4.097999572753906,13.995686259120703,6.224657297134399,5031.157158099723,1.4970046281814575,0.00017057801714285718,16,2048,,9137.789451360703
adammini-stochastic_old-r8,adammini,stochastic_old,8,1.1B,sdpa,666,1403,46006272,2.2996015548706055,9.97020908203399,nan,nan,nan,nan,22.21038579940796,4.097999572753906,0.01870039477944374,4.097999572753906,13.995686259120703,6.220591068267822,5031.3008820885825,1.4674683809280396,0.00017029230857142856,16,2048,,9144.041039705276
adammini-stochastic_old-r8,adammini,stochastic_old,8,1.1B,sdpa,666,1404,46039040,2.376242160797119,10.764375970830901,nan,nan,nan,nan,22.21038579940796,4.097999572753906,0.01870039477944374,4.097999572753906,13.995686259120703,6.218399286270142,5031.4457635414665,1.6017509698867798,0.00017000659999999999,16,2048,,9150.290528297424
adammini-stochastic_old-r8,adammini,stochastic_old,8,1.1B,sdpa,666,1405,46071808,2.2259325981140137,9.26211660982767,nan,nan,nan,nan,22.21038579940796,4.097999572753906,0.01870039477944374,4.097999572753906,13.995686259120703,6.214665651321411,5031.592429593676,1.8170912265777588,0.00016972089142857144,16,2048,,9156.536187887192
adammini-stochastic_old-r8,adammini,stochastic_old,8,1.1B,sdpa,666,1406,46104576,2.23231840133667,9.321451914078374,nan,nan,nan,nan,22.21038579940796,4.097999572753906,0.01870039477944374,4.097999572753906,13.995686259120703,6.22784161567688,5031.731692185256,2.567192792892456,0.00016943518285714287,16,2048,,9162.794749259949
adammini-stochastic_old-r8,adammini,stochastic_old,8,1.1B,sdpa,666,1407,46137344,2.7526376247406006,15.683945738323988,nan,nan,nan,nan,22.21038579940796,4.097999572753906,0.01870039477944374,4.097999572753906,13.995686259120703,6.230563640594482,5031.86942404879,2.7676572799682617,0.0001691494742857143,16,2048,,9169.056330680847
adammini-stochastic_old-r8,adammini,stochastic_old,8,1.1B,sdpa,666,1408,46170112,2.2940056324005127,9.914572379522701,nan,nan,nan,nan,22.21038579940796,4.097999572753906,0.01870039477944374,4.097999572753906,13.995686259120703,6.231092691421509,5032.006307223663,1.515838623046875,0.00016886376571428573,16,2048,,9175.31873869896
adammini-stochastic_old-r8,adammini,stochastic_old,8,1.1B,sdpa,666,1409,46202880,2.5538382530212402,12.856355146583352,nan,nan,nan,nan,22.21038579940796,4.097999572753906,0.01870039477944374,4.097999572753906,13.995686259120703,6.190950632095337,5032.165278355879,1.6212307214736938,0.0001685780571428572,16,2048,,9181.54028248787
adammini-stochastic_old-r8,adammini,stochastic_old,8,1.1B,sdpa,666,1410,46235648,2.320974826812744,10.185598662703201,nan,nan,nan,nan,22.21038579940796,4.097999572753906,0.01870039477944374,4.097999572753906,13.995686259120703,6.226188898086548,5032.304846565683,1.7655702829360962,0.00016829234857142856,16,2048,,9187.794733285904
adammini-stochastic_old-r8,adammini,stochastic_old,8,1.1B,sdpa,666,1411,46268416,2.7719130516052246,15.989192921271112,nan,nan,nan,nan,22.21038579940796,4.097999572753906,0.01870039477944374,4.097999572753906,13.995686259120703,6.212592601776123,5032.45303220106,2.1425862312316895,0.00016800664,16,2048,,9194.037279129028
adammini-stochastic_old-r8,adammini,stochastic_old,8,1.1B,sdpa,666,1412,46301184,2.389070749282837,10.903357281448098,nan,nan,nan,nan,22.21038579940796,4.097999572753906,0.01870039477944374,4.097999572753906,13.995686259120703,6.222344636917114,5032.594650519123,1.5568902492523193,0.00016772093142857142,16,2048,,9200.29072189331
adammini-stochastic_old-r8,adammini,stochastic_old,8,1.1B,sdpa,666,1413,46333952,2.3508856296539307,10.494860169553629,nan,nan,nan,nan,22.21038579940796,4.097999572753906,0.01870039477944374,4.097999572753906,13.995686259120703,6.205544710159302,5032.7447968410825,1.9569799900054932,0.00016743522285714285,16,2048,,9206.52723813057
adammini-stochastic_old-r8,adammini,stochastic_old,8,1.1B,sdpa,666,1414,46366720,2.440946578979492,11.483906023604746,nan,nan,nan,nan,22.21038579940796,4.097999572753906,0.01870039477944374,4.097999572753906,13.995686259120703,6.229173421859741,5032.881799174867,1.5737098455429077,0.00016714951428571428,16,2048,,9212.787710905075
adammini-stochastic_old-r8,adammini,stochastic_old,8,1.1B,sdpa,666,1415,46399488,2.3107235431671143,10.081716573826226,nan,nan,nan,nan,22.21038579940796,4.097999572753906,0.01870039477944374,4.097999572753906,13.995686259120703,6.217955589294434,5033.024559167349,1.8350828886032104,0.00016686380571428574,16,2048,,9219.036787033081
adammini-stochastic_old-r8,adammini,stochastic_old,8,1.1B,sdpa,666,1416,46432256,2.3972365856170654,10.992756826760209,nan,nan,nan,nan,22.21038579940796,4.097999572753906,0.01870039477944374,4.097999572753906,13.995686259120703,6.222801446914673,5033.16460184842,1.522010087966919,0.00016657809714285717,16,2048,,9225.29039144516
adammini-stochastic_old-r8,adammini,stochastic_old,8,1.1B,sdpa,666,1417,46465024,2.2117955684661865,9.132098989577669,nan,nan,nan,nan,22.21038579940796,4.097999572753906,0.01870039477944374,4.097999572753906,13.995686259120703,6.2305827140808105,5033.300331147091,1.4789382219314575,0.00016629238857142857,16,2048,,9231.552216053009
adammini-stochastic_old-r8,adammini,stochastic_old,8,1.1B,sdpa,666,1418,46497792,2.2773337364196777,9.750647922774192,nan,nan,nan,nan,22.21038579940796,4.097999572753906,0.01870039477944374,4.097999572753906,13.995686259120703,6.241715669631958,5033.429642936793,2.2245280742645264,0.00016600668,16,2048,,9237.825144767761
adammini-stochastic_old-r8,adammini,stochastic_old,8,1.1B,sdpa,666,1419,46530560,2.8386621475219727,17.092882478300265,nan,nan,nan,nan,22.21038579940796,4.097999572753906,0.01870039477944374,4.097999572753906,13.995686259120703,6.204320430755615,5033.5791682938925,1.8231842517852783,0.00016572097142857143,16,2048,,9244.060411214828
adammini-stochastic_old-r8,adammini,stochastic_old,8,1.1B,sdpa,666,1420,46563328,2.183818817138672,8.880153271317925,nan,nan,nan,nan,22.21038579940796,4.097999572753906,0.01870039477944374,4.097999572753906,13.995686259120703,6.2030580043792725,5033.729208752126,1.8680946826934814,0.00016543526285714286,16,2048,,9250.292856931686
adammini-stochastic_old-r8,adammini,stochastic_old,8,1.1B,sdpa,666,1421,46596096,2.3172597885131836,10.147828974925517,nan,nan,nan,nan,22.21038579940796,4.097999572753906,0.01870039477944374,4.097999572753906,13.995686259120703,6.241386413574219,5033.858763124306,1.4649100303649902,0.0001651495542857143,16,2048,,9256.56611251831
adammini-stochastic_old-r8,adammini,stochastic_old,8,1.1B,sdpa,666,1422,46628864,2.4141786098480225,11.180582964111917,nan,nan,nan,nan,22.21038579940796,4.097999572753906,0.01870039477944374,4.097999572753906,13.995686259120703,6.214035749435425,5034.002410135337,1.4909805059432983,0.00016486384571428572,16,2048,,9262.811376094818
adammini-stochastic_old-r8,adammini,stochastic_old,8,1.1B,sdpa,666,1423,46661632,2.195081949234009,8.980736991181592,nan,nan,nan,nan,22.21038579940796,4.097999572753906,0.01870039477944374,4.097999572753906,13.995686259120703,6.2114951610565186,5034.146765076451,1.6027246713638306,0.00016457813714285715,16,2048,,9269.054666996002
adammini-stochastic_old-r8,adammini,stochastic_old,8,1.1B,sdpa,666,1424,46694400,2.4379334449768066,11.449355554618071,nan,nan,nan,nan,22.21038579940796,4.097999572753906,0.01870039477944374,4.097999572753906,13.995686259120703,6.228643417358398,5034.282059231714,1.5864020586013794,0.0001642924285714286,16,2048,,9275.314812421799
adammini-stochastic_old-r8,adammini,stochastic_old,8,1.1B,sdpa,666,1425,46727168,2.3386104106903076,10.366820925610169,nan,nan,nan,nan,22.21038579940796,4.097999572753906,0.01870039477944374,4.097999572753906,13.995686259120703,6.214914560317993,5034.424674364557,1.4745278358459473,0.00016400672,16,2048,,9281.560686826706
adammini-stochastic_old-r8,adammini,stochastic_old,8,1.1B,sdpa,666,1426,46759936,2.3304576873779297,10.282646693818434,nan,nan,nan,nan,22.21038579940796,4.097999572753906,0.01870039477944374,4.097999572753906,13.995686259120703,6.227397680282593,5034.560378860161,1.5599846839904785,0.00016372101142857144,16,2048,,9287.81895494461
adammini-stochastic_old-r8,adammini,stochastic_old,8,1.1B,sdpa,666,1427,46792704,2.4484212398529053,11.570065933537359,nan,nan,nan,nan,22.21038579940796,4.097999572753906,0.01870039477944374,4.097999572753906,13.995686259120703,6.223287343978882,5034.698226016143,1.5816254615783691,0.00016343530285714287,16,2048,,9294.07333445549
adammini-stochastic_old-r8,adammini,stochastic_old,8,1.1B,sdpa,666,1428,46825472,2.3169047832489014,10.144227081601757,nan,nan,nan,nan,22.21038579940796,4.097999572753906,0.01870039477944374,4.097999572753906,13.995686259120703,6.2207419872283936,5034.837127891084,1.6777437925338745,0.0001631495942857143,16,2048,,9300.325236320496
adammini-stochastic_old-r8,adammini,stochastic_old,8,1.1B,sdpa,666,1429,46858240,2.4687070846557617,11.807171305827138,nan,nan,nan,nan,22.21038579940796,4.097999572753906,0.01870039477944374,4.097999572753906,13.995686259120703,6.221634387969971,5034.975258315132,1.5199642181396484,0.00016286388571428573,16,2048,,9306.578080177307
adammini-stochastic_old-r8,adammini,stochastic_old,8,1.1B,sdpa,666,1430,46891008,2.1313412189483643,8.426160562258895,nan,nan,nan,nan,22.21038579940796,4.097999572753906,0.01870039477944374,4.097999572753906,13.995686259120703,6.222217559814453,5035.113023168338,1.567389965057373,0.00016257817714285716,16,2048,,9312.828891038895
adammini-stochastic_old-r8,adammini,stochastic_old,8,1.1B,sdpa,666,1431,46923776,2.4731178283691406,11.85936473373703,nan,nan,nan,nan,22.21038579940796,4.097999572753906,0.01870039477944374,4.097999572753906,13.995686259120703,6.224435091018677,5035.250683391852,1.5546679496765137,0.0001622924685714286,16,2048,,9319.084413051605
adammini-stochastic_old-r8,adammini,stochastic_old,8,1.1B,sdpa,666,1432,46956544,2.3633787631988525,10.62679629095222,nan,nan,nan,nan,22.21038579940796,4.097999572753906,0.01870039477944374,4.097999572753906,13.995686259120703,6.23892068862915,5035.3791108567675,1.568497896194458,0.00016200675999999997,16,2048,,9325.354370355606
adammini-stochastic_old-r8,adammini,stochastic_old,8,1.1B,sdpa,666,1433,46989312,2.417757034301758,11.220663505422609,nan,nan,nan,nan,22.21038579940796,4.097999572753906,0.01870039477944374,4.097999572753906,13.995686259120703,6.185388088226318,5035.536170013497,1.5809749364852905,0.00016172105142857145,16,2048,,9331.57088136673
adammini-stochastic_old-r8,adammini,stochastic_old,8,1.1B,sdpa,666,1434,47022080,2.365530490875244,10.64968688096905,nan,nan,nan,nan,22.21038579940796,4.097999572753906,0.01870039477944374,4.097999572753906,13.995686259120703,6.20505952835083,5035.682366985475,1.5205272436141968,0.00016143534285714288,16,2048,,9337.807070970535
adammini-stochastic_old-r8,adammini,stochastic_old,8,1.1B,sdpa,666,1435,47054848,2.3755760192871094,10.757207760953525,nan,nan,nan,nan,22.21038579940796,4.097999572753906,0.01870039477944374,4.097999572753906,13.995686259120703,6.222763538360596,5035.818929261527,1.506617546081543,0.0001611496342857143,16,2048,,9344.060851335526
adammini-stochastic_old-r8,adammini,stochastic_old,8,1.1B,sdpa,666,1436,47087616,2.479166269302368,11.931312768209757,nan,nan,nan,nan,22.21038579940796,4.097999572753906,0.01870039477944374,4.097999572753906,13.995686259120703,6.223542213439941,5035.954756702615,1.7101058959960938,0.00016086392571428574,16,2048,,9350.315647363663
adammini-stochastic_old-r8,adammini,stochastic_old,8,1.1B,sdpa,666,1437,47120384,2.3544602394104004,10.532442329868756,nan,nan,nan,nan,22.21038579940796,4.097999572753906,0.01870039477944374,4.097999572753906,13.995686259120703,6.225848436355591,5036.089286997116,1.5791441202163696,0.00016057821714285717,16,2048,,9356.572562217712
adammini-stochastic_old-r8,adammini,stochastic_old,8,1.1B,sdpa,666,1438,47153152,2.324345350265503,10.21998738331502,nan,nan,nan,nan,22.21038579940796,4.097999572753906,0.01870039477944374,4.097999572753906,13.995686259120703,6.231101751327515,5036.220724282411,1.7964391708374023,0.0001602925085714286,16,2048,,9362.83495092392
adammini-stochastic_old-r8,adammini,stochastic_old,8,1.1B,sdpa,666,1439,47185920,2.392082929611206,10.936249673803042,nan,nan,nan,nan,22.21038579940796,4.097999572753906,0.01870039477944374,4.097999572753906,13.995686259120703,6.2302727699279785,5036.3523276711,1.5164426565170288,0.00016000679999999997,16,2048,,9369.096338510513
adammini-stochastic_old-r8,adammini,stochastic_old,8,1.1B,sdpa,666,1440,47218688,2.4561142921447754,11.659418311363511,nan,nan,nan,nan,22.21038579940796,4.097999572753906,0.01870039477944374,4.097999572753906,13.995686259120703,6.2264838218688965,5036.485918026465,1.5438226461410522,0.0001597210914285714,16,2048,,9375.352592468262
adammini-stochastic_old-r8,adammini,stochastic_old,8,1.1B,sdpa,666,1441,47251456,2.333670139312744,10.315732316618284,nan,nan,nan,nan,22.21038579940796,4.097999572753906,0.01870039477944374,4.097999572753906,13.995686259120703,6.2134199142456055,5036.627190026436,2.2578630447387695,0.00015943538285714283,16,2048,,9381.59680223465
adammini-stochastic_old-r8,adammini,stochastic_old,8,1.1B,sdpa,666,1442,47284224,2.4702134132385254,11.824970187563332,nan,nan,nan,nan,22.21038579940796,4.097999572753906,0.01870039477944374,4.097999572753906,13.995686259120703,6.20865273475647,5036.770179966185,1.5153499841690063,0.00015914967428571432,16,2048,,9387.83616733551
adammini-stochastic_old-r8,adammini,stochastic_old,8,1.1B,sdpa,666,1443,47316992,2.201087474822998,9.034833312824142,nan,nan,nan,nan,22.21038579940796,4.097999572753906,0.01870039477944374,4.097999572753906,13.995686259120703,6.215058326721191,5036.909493630809,1.4262958765029907,0.00015886396571428575,16,2048,,9394.082172393799
adammini-stochastic_old-r8,adammini,stochastic_old,8,1.1B,sdpa,666,1444,47349760,2.4398915767669678,11.471796866058575,nan,nan,nan,nan,22.21038579940796,4.097999572753906,0.01870039477944374,4.097999572753906,13.995686259120703,6.195661544799805,5037.058997984821,1.6184087991714478,0.00015857825714285718,16,2048,,9400.308191537857
adammini-stochastic_old-r8,adammini,stochastic_old,8,1.1B,sdpa,666,1445,47382528,2.401925563812256,11.044422659144054,nan,nan,nan,nan,22.21038579940796,4.097999572753906,0.01870039477944374,4.097999572753906,13.995686259120703,6.225901126861572,5037.19244125161,1.5725228786468506,0.0001582925485714286,16,2048,,9406.565027475357
adammini-stochastic_old-r8,adammini,stochastic_old,8,1.1B,sdpa,666,1446,47415296,2.3994171619415283,11.016753525845647,nan,nan,nan,nan,22.21038579940796,4.097999572753906,0.01870039477944374,4.097999572753906,13.995686259120703,6.218304872512817,5037.32939389177,2.55153489112854,0.00015800683999999998,16,2048,,9412.813728809357
adammini-stochastic_old-r8,adammini,stochastic_old,8,1.1B,sdpa,666,1447,47448064,2.161214828491211,8.681678004602272,nan,nan,nan,nan,22.21038579940796,4.097999572753906,0.01870039477944374,4.097999572753906,13.995686259120703,6.239376068115234,5037.455251204226,4.3835601806640625,0.0001577211314285714,16,2048,,9419.084072351456
adammini-stochastic_old-r8,adammini,stochastic_old,8,1.1B,sdpa,666,1448,47480832,2.3128762245178223,10.103442673372522,nan,nan,nan,nan,22.21038579940796,4.097999572753906,0.01870039477944374,4.097999572753906,13.995686259120703,6.234269142150879,5037.583165975695,1.8084056377410889,0.00015743542285714284,16,2048,,9425.349009990692
adammini-stochastic_old-r8,adammini,stochastic_old,8,1.1B,sdpa,666,1449,47513600,2.512962579727173,12.341438449656266,nan,nan,nan,nan,22.21038579940796,4.097999572753906,0.01870039477944374,4.097999572753906,13.995686259120703,6.225663900375366,5037.715858867611,1.6708117723464966,0.00015714971428571427,16,2048,,9431.605669498444
adammini-stochastic_old-r8,adammini,stochastic_old,8,1.1B,sdpa,666,1450,47546368,2.1952004432678223,8.981801217985312,2.4466040970209564,11.54906056182137,nan,nan,22.21038579940796,4.097999572753906,0.01870039477944374,4.097999572753906,13.995686259120703,6.22960352897644,5037.846167515738,1.5123209953308105,0.00015686400571428573,16,2048,,9450.58568239212
adammini-stochastic_old-r8,adammini,stochastic_old,8,1.1B,sdpa,666,1451,47579136,2.249464750289917,9.482658887341724,nan,nan,nan,nan,22.21038579940796,4.097999572753906,0.01870039477944374,4.097999572753906,13.995686259120703,6.218502759933472,5031.205742845237,1.5507570505142212,0.00015657829714285719,16,2048,,9456.835666418076
adammini-stochastic_old-r8,adammini,stochastic_old,8,1.1B,sdpa,666,1452,47611904,2.3544673919677734,10.532517664036215,nan,nan,nan,nan,22.21038579940796,4.097999572753906,0.01870039477944374,4.097999572753906,13.995686259120703,6.231998682022095,5031.3386622919015,1.5036237239837646,0.00015629258857142862,16,2048,,9463.098620653152
adammini-stochastic_old-r8,adammini,stochastic_old,8,1.1B,sdpa,666,1453,47644672,2.071094274520874,7.933499796338067,nan,nan,nan,nan,22.21038579940796,4.097999572753906,0.01870039477944374,4.097999572753906,13.995686259120703,6.206897735595703,5031.484693904431,1.9498076438903809,0.00015600688000000004,16,2048,,9469.33641409874
adammini-stochastic_old-r8,adammini,stochastic_old,8,1.1B,sdpa,666,1454,47677440,2.2061808109283447,9.080968145911623,nan,nan,nan,nan,22.21038579940796,4.097999572753906,0.01870039477944374,4.097999572753906,13.995686259120703,6.219469785690308,5031.623977741227,1.3675179481506348,0.00015572117142857142,16,2048,,9475.586851596832
adammini-stochastic_old-r8,adammini,stochastic_old,8,1.1B,sdpa,666,1455,47710208,2.4072999954223633,11.10393994593188,nan,nan,nan,nan,22.21038579940796,4.097999572753906,0.01870039477944374,4.097999572753906,13.995686259120703,6.21405553817749,5031.765730250886,1.6695382595062256,0.00015543546285714285,16,2048,,9481.832139253616
adammini-stochastic_old-r8,adammini,stochastic_old,8,1.1B,sdpa,666,1456,47742976,2.049694538116455,7.765528670966379,nan,nan,nan,nan,22.21038579940796,4.097999572753906,0.01870039477944374,4.097999572753906,13.995686259120703,6.210106611251831,5031.909483114498,1.481975793838501,0.00015514975428571428,16,2048,,9488.073301553726
adammini-stochastic_old-r8,adammini,stochastic_old,8,1.1B,sdpa,666,1457,47775744,2.3506290912628174,10.49216818032483,nan,nan,nan,nan,22.21038579940796,4.097999572753906,0.01870039477944374,4.097999572753906,13.995686259120703,6.213717460632324,5032.051136361761,1.6744354963302612,0.0001548640457142857,16,2048,,9494.317815303802
adammini-stochastic_old-r8,adammini,stochastic_old,8,1.1B,sdpa,666,1458,47808512,2.3292641639709473,10.270381435196247,nan,nan,nan,nan,22.21038579940796,4.097999572753906,0.01870039477944374,4.097999572753906,13.995686259120703,6.2185022830963135,5032.190236570339,1.6842058897018433,0.00015457833714285717,16,2048,,9500.567229032516
adammini-stochastic_old-r8,adammini,stochastic_old,8,1.1B,sdpa,666,1459,47841280,2.381504535675049,10.821171461029001,nan,nan,nan,nan,22.21038579940796,4.097999572753906,0.01870039477944374,4.097999572753906,13.995686259120703,6.231299877166748,5032.322275256083,1.8368109464645386,0.0001542926285714286,16,2048,,9506.829614639282
adammini-stochastic_old-r8,adammini,stochastic_old,8,1.1B,sdpa,666,1460,47874048,2.459818124771118,11.702682918280649,nan,nan,nan,nan,22.21038579940796,4.097999572753906,0.01870039477944374,4.097999572753906,13.995686259120703,6.221201419830322,5032.4593731444975,1.5182057619094849,0.00015400692000000003,16,2048,,9513.08162856102
adammini-stochastic_old-r8,adammini,stochastic_old,8,1.1B,sdpa,666,1461,47906816,2.427485704421997,11.330358366566417,nan,nan,nan,nan,22.21038579940796,4.097999572753906,0.01870039477944374,4.097999572753906,13.995686259120703,6.192941665649414,5032.611537058125,1.4661892652511597,0.00015372121142857143,16,2048,,9519.305215358734
adammini-stochastic_old-r8,adammini,stochastic_old,8,1.1B,sdpa,666,1462,47939584,2.4106383323669434,11.141070581686837,nan,nan,nan,nan,22.21038579940796,4.097999572753906,0.01870039477944374,4.097999572753906,13.995686259120703,6.223069429397583,5032.7473265642775,1.737105131149292,0.00015343550285714286,16,2048,,9525.55966925621
adammini-stochastic_old-r8,adammini,stochastic_old,8,1.1B,sdpa,666,1463,47972352,2.512869358062744,12.340288013846148,nan,nan,nan,nan,22.21038579940796,4.097999572753906,0.01870039477944374,4.097999572753906,13.995686259120703,6.218571186065674,5032.885237844931,1.635756254196167,0.0001531497942857143,16,2048,,9531.80920791626
adammini-stochastic_old-r8,adammini,stochastic_old,8,1.1B,sdpa,666,1464,48005120,2.3783648014068604,10.787249139575415,nan,nan,nan,nan,22.21038579940796,4.097999572753906,0.01870039477944374,4.097999572753906,13.995686259120703,6.223112106323242,5033.020672010349,2.1341326236724854,0.00015286408571428572,16,2048,,9538.061866521835
adammini-stochastic_old-r8,adammini,stochastic_old,8,1.1B,sdpa,666,1465,48037888,3.108161211013794,22.379854712421324,nan,nan,nan,nan,22.21038579940796,4.097999572753906,0.01870039477944374,4.097999572753906,13.995686259120703,6.23014760017395,5033.152961847434,2.0349438190460205,0.00015257837714285715,16,2048,,9544.323227643967
adammini-stochastic_old-r8,adammini,stochastic_old,8,1.1B,sdpa,666,1466,48070656,3.867534637451172,47.82433629522662,nan,nan,nan,nan,22.21038579940796,4.097999572753906,0.01870039477944374,4.097999572753906,13.995686259120703,6.180271863937378,5033.310559752839,2.4372076988220215,0.0001522926685714286,16,2048,,9550.534600496292
adammini-stochastic_old-r8,adammini,stochastic_old,8,1.1B,sdpa,666,1467,48103424,2.396522045135498,10.984904862610664,nan,nan,nan,nan,22.21038579940796,4.097999572753906,0.01870039477944374,4.097999572753906,13.995686259120703,6.264679670333862,5033.423448612174,1.5448203086853027,0.00015200696000000003,16,2048,,9556.830388307571
adammini-stochastic_old-r8,adammini,stochastic_old,8,1.1B,sdpa,666,1468,48136192,2.684199571609497,14.646473234120972,nan,nan,nan,nan,22.21038579940796,4.097999572753906,0.01870039477944374,4.097999572753906,13.995686259120703,6.175064325332642,5033.583505517123,1.6096677780151367,0.0001517212514285714,16,2048,,9563.03590631485
adammini-stochastic_old-r8,adammini,stochastic_old,8,1.1B,sdpa,666,1469,48168960,2.1009304523468018,8.173771680520165,nan,nan,nan,nan,22.21038579940796,4.097999572753906,0.01870039477944374,4.097999572753906,13.995686259120703,6.249561548233032,5033.704340151864,3.5832712650299072,0.00015143554285714284,16,2048,,9569.316536188126
adammini-stochastic_old-r8,adammini,stochastic_old,8,1.1B,sdpa,666,1470,48201728,1.1835873126983643,3.266069625820341,nan,nan,nan,nan,22.21038579940796,4.097999572753906,0.01870039477944374,4.097999572753906,13.995686259120703,6.192914724349976,5033.854543096985,2.4049127101898193,0.0001511498342857143,16,2048,,9575.539292812347
adammini-stochastic_old-r8,adammini,stochastic_old,8,1.1B,sdpa,666,1471,48234496,2.1718318462371826,8.774342574296595,nan,nan,nan,nan,22.21038579940796,4.097999572753906,0.01870039477944374,4.097999572753906,13.995686259120703,6.214488983154297,5033.993934964485,1.4557713270187378,0.00015086412571428573,16,2048,,9581.784469604492
adammini-stochastic_old-r8,adammini,stochastic_old,8,1.1B,sdpa,666,1472,48267264,2.351367950439453,10.499923279678029,nan,nan,nan,nan,22.21038579940796,4.097999572753906,0.01870039477944374,4.097999572753906,13.995686259120703,6.219882488250732,5034.129764650396,1.4594180583953857,0.00015057841714285716,16,2048,,9588.03526353836
adammini-stochastic_old-r8,adammini,stochastic_old,8,1.1B,sdpa,666,1473,48300032,2.227219820022583,9.274046685927942,nan,nan,nan,nan,22.21038579940796,4.097999572753906,0.01870039477944374,4.097999572753906,13.995686259120703,6.207955837249756,5034.2715159646405,2.1380105018615723,0.00015029270857142859,16,2048,,9594.274156332016
adammini-stochastic_old-r8,adammini,stochastic_old,8,1.1B,sdpa,666,1474,48332800,2.3116111755371094,10.09066940462566,nan,nan,nan,nan,22.21038579940796,4.097999572753906,0.01870039477944374,4.097999572753906,13.995686259120703,6.213760614395142,5034.410188595334,1.4864145517349243,0.00015000700000000004,16,2048,,9600.519226789474
adammini-stochastic_old-r8,adammini,stochastic_old,8,1.1B,sdpa,666,1475,48365568,2.1121902465820312,8.266326765509486,nan,nan,nan,nan,22.21038579940796,4.097999572753906,0.01870039477944374,4.097999572753906,13.995686259120703,6.22192907333374,5034.54407041701,1.7537755966186523,0.00014972129142857142,16,2048,,9606.772200107574
adammini-stochastic_old-r8,adammini,stochastic_old,8,1.1B,sdpa,666,1476,48398336,2.4771714210510254,11.907535333869559,nan,nan,nan,nan,22.21038579940796,4.097999572753906,0.01870039477944374,4.097999572753906,13.995686259120703,6.215682506561279,5034.681258269716,1.6302194595336914,0.00014943558285714285,16,2048,,9613.018837928772
adammini-stochastic_old-r8,adammini,stochastic_old,8,1.1B,sdpa,666,1477,48431104,2.429765462875366,11.356218312847714,nan,nan,nan,nan,22.21038579940796,4.097999572753906,0.01870039477944374,4.097999572753906,13.995686259120703,6.1977808475494385,5034.827674334232,1.6060144901275635,0.00014914987428571428,16,2048,,9619.247407197952
adammini-stochastic_old-r8,adammini,stochastic_old,8,1.1B,sdpa,666,1478,48463872,2.355814218521118,10.546712695476598,nan,nan,nan,nan,22.21038579940796,4.097999572753906,0.01870039477944374,4.097999572753906,13.995686259120703,6.225790977478027,5034.9593242084475,1.6120280027389526,0.0001488641657142857,16,2048,,9625.504338502884
adammini-stochastic_old-r8,adammini,stochastic_old,8,1.1B,sdpa,666,1479,48496640,2.068883180618286,7.9159774622140695,nan,nan,nan,nan,22.21038579940796,4.097999572753906,0.01870039477944374,4.097999572753906,13.995686259120703,6.225092649459839,5035.090973176349,1.7463648319244385,0.00014857845714285716,16,2048,,9631.760580301285
adammini-stochastic_old-r8,adammini,stochastic_old,8,1.1B,sdpa,666,1480,48529408,2.2454230785369873,9.444410438677407,nan,nan,nan,nan,22.21038579940796,4.097999572753906,0.01870039477944374,4.097999572753906,13.995686259120703,6.211054801940918,5035.229856104116,1.6156927347183228,0.0001482927485714286,16,2048,,9638.002376317978
adammini-stochastic_old-r8,adammini,stochastic_old,8,1.1B,sdpa,666,1481,48562176,2.161468744277954,8.683882699594648,nan,nan,nan,nan,22.21038579940796,4.097999572753906,0.01870039477944374,4.097999572753906,13.995686259120703,6.2357337474823,5035.3557662057965,1.7085137367248535,0.00014800704000000002,16,2048,,9644.268941402435
adammini-stochastic_old-r8,adammini,stochastic_old,8,1.1B,sdpa,666,1482,48594944,2.2494750022888184,9.482756104048551,nan,nan,nan,nan,22.21038579940796,4.097999572753906,0.01870039477944374,4.097999572753906,13.995686259120703,6.507338285446167,5035.339818717217,2.9501607418060303,0.00014772133142857143,16,2048,,9650.807111263275
adammini-stochastic_old-r8,adammini,stochastic_old,8,1.1B,sdpa,666,1483,48627712,2.308422088623047,10.058540640813217,nan,nan,nan,nan,22.21038579940796,4.097999572753906,0.01870039477944374,4.097999572753906,13.995686259120703,6.218552350997925,5035.474463583946,1.5496745109558105,0.00014743562285714286,16,2048,,9657.056516647339
adammini-stochastic_old-r8,adammini,stochastic_old,8,1.1B,sdpa,666,1484,48660480,2.2829480171203613,9.805544756145965,nan,nan,nan,nan,22.21038579940796,4.097999572753906,0.01870039477944374,4.097999572753906,13.995686259120703,6.218034029006958,5035.609213717041,1.5643926858901978,0.00014714991428571429,16,2048,,9663.305395126343
adammini-stochastic_old-r8,adammini,stochastic_old,8,1.1B,sdpa,666,1485,48693248,2.3834197521209717,10.841916205572204,nan,nan,nan,nan,22.21038579940796,4.097999572753906,0.01870039477944374,4.097999572753906,13.995686259120703,6.225805997848511,5035.739602108496,1.4990947246551514,0.00014686420571428572,16,2048,,9669.562154054642
adammini-stochastic_old-r8,adammini,stochastic_old,8,1.1B,sdpa,666,1486,48726016,2.412041664123535,11.156716175248071,nan,nan,nan,nan,22.21038579940796,4.097999572753906,0.01870039477944374,4.097999572753906,13.995686259120703,6.213457822799683,5035.876333369988,1.5798218250274658,0.00014657849714285715,16,2048,,9675.807095766068
adammini-stochastic_old-r8,adammini,stochastic_old,8,1.1B,sdpa,666,1487,48758784,2.5361990928649902,12.631568193976443,nan,nan,nan,nan,22.21038579940796,4.097999572753906,0.01870039477944374,4.097999572753906,13.995686259120703,6.217342376708984,5036.010427262265,1.8030505180358887,0.00014629278857142858,16,2048,,9682.055710554123
adammini-stochastic_old-r8,adammini,stochastic_old,8,1.1B,sdpa,666,1488,48791552,2.3706891536712646,10.704766972131393,nan,nan,nan,nan,22.21038579940796,4.097999572753906,0.01870039477944374,4.097999572753906,13.995686259120703,6.217465400695801,5036.144309625302,1.5455228090286255,0.00014600708000000003,16,2048,,9688.304999351501
adammini-stochastic_old-r8,adammini,stochastic_old,8,1.1B,sdpa,666,1489,48824320,2.2533013820648193,9.519110238232125,nan,nan,nan,nan,22.21038579940796,4.097999572753906,0.01870039477944374,4.097999572753906,13.995686259120703,6.208817958831787,5036.282854177874,1.8256727457046509,0.00014572137142857146,16,2048,,9694.544798135757
adammini-stochastic_old-r8,adammini,stochastic_old,8,1.1B,sdpa,666,1490,48857088,2.132633924484253,8.437060150124953,nan,nan,nan,nan,22.21038579940796,4.097999572753906,0.01870039477944374,4.097999572753906,13.995686259120703,6.220231294631958,5036.415030550735,1.6106562614440918,0.00014543566285714286,16,2048,,9700.794992923737
adammini-stochastic_old-r8,adammini,stochastic_old,8,1.1B,sdpa,666,1491,48889856,2.576219320297241,13.147338205439809,nan,nan,nan,nan,22.21038579940796,4.097999572753906,0.01870039477944374,4.097999572753906,13.995686259120703,6.2381932735443115,5036.5389290573385,1.5394395589828491,0.0001451499542857143,16,2048,,9707.064172506332
adammini-stochastic_old-r8,adammini,stochastic_old,8,1.1B,sdpa,666,1492,48922624,2.262404680252075,9.606161161304604,nan,nan,nan,nan,22.21038579940796,4.097999572753906,0.01870039477944374,4.097999572753906,13.995686259120703,6.214555263519287,5036.673998681585,1.572036862373352,0.00014486424571428572,16,2048,,9713.309686899185
adammini-stochastic_old-r8,adammini,stochastic_old,8,1.1B,sdpa,666,1493,48955392,2.2010881900787354,9.034839775042817,nan,nan,nan,nan,22.21038579940796,4.097999572753906,0.01870039477944374,4.097999572753906,13.995686259120703,6.20880913734436,5036.811866646521,1.554856777191162,0.00014457853714285715,16,2048,,9719.549572706223
adammini-stochastic_old-r8,adammini,stochastic_old,8,1.1B,sdpa,666,1494,48988160,2.675930976867676,14.525866792596194,nan,nan,nan,nan,22.21038579940796,4.097999572753906,0.01870039477944374,4.097999572753906,13.995686259120703,6.208630561828613,5036.949573386954,1.5945549011230469,0.00014429282857142858,16,2048,,9725.789336681366
adammini-stochastic_old-r8,adammini,stochastic_old,8,1.1B,sdpa,666,1495,49020928,2.3670194149017334,10.665555266119123,nan,nan,nan,nan,22.21038579940796,4.097999572753906,0.01870039477944374,4.097999572753906,13.995686259120703,6.2248375415802,5037.078652709059,1.4966908693313599,0.00014400712000000001,16,2048,,9732.045368671417
adammini-stochastic_old-r8,adammini,stochastic_old,8,1.1B,sdpa,666,1496,49053696,2.177957534790039,8.828256425304005,nan,nan,nan,nan,22.21038579940796,4.097999572753906,0.01870039477944374,4.097999572753906,13.995686259120703,6.210843086242676,5037.214974521041,1.414101004600525,0.00014372141142857144,16,2048,,9738.282840013504
adammini-stochastic_old-r8,adammini,stochastic_old,8,1.1B,sdpa,666,1497,49086464,2.614161252975464,13.655757846899276,nan,nan,nan,nan,22.21038579940796,4.097999572753906,0.01870039477944374,4.097999572753906,13.995686259120703,6.225595235824585,5037.345650682609,1.7231576442718506,0.00014343570285714282,16,2048,,9744.539551019669
adammini-stochastic_old-r8,adammini,stochastic_old,8,1.1B,sdpa,666,1498,49119232,2.467092514038086,11.78812317537271,nan,nan,nan,nan,22.21038579940796,4.097999572753906,0.01870039477944374,4.097999572753906,13.995686259120703,6.221312522888184,5037.476088435399,1.771767020225525,0.0001431499942857143,16,2048,,9750.79231262207
adammini-stochastic_old-r8,adammini,stochastic_old,8,1.1B,sdpa,666,1499,49152000,2.3484129905700684,10.468942224186137,nan,nan,nan,nan,22.21038579940796,4.097999572753906,0.01870039477944374,4.097999572753906,13.995686259120703,6.236185789108276,5037.598695253587,1.5955891609191895,0.00014286428571428573,16,2048,,9757.058063268661
