run_name,opt,proj,rank,size,attention,seed,step,tokens_seen,train_loss,train_ppl_capped,val_loss,val_perplexity,test_loss,test_perplexity,vram_total_peak_gb,vram_model_gb,vram_optimizer_gb,vram_gradients_gb,vram_activations_gb,iter_time,tokens_per_sec,grad_norm,lr,batch_size,sequence_length,max_projected_params,wall_time_sec
adammini-stochastic-r8,adammini,stochastic,8,1.1B,sdpa,666,0,32768,2.5204966068267822,12.434770322341665,nan,nan,nan,nan,22.17638635635376,4.097999572753906,0.01870039477944374,4.097999572753906,13.961686816066504,13.13202714920044,2495.0896786245926,2.5158324241638184,2e-06,16,2048,,13.135986089706421
adammini-stochastic-r8,adammini,stochastic,8,1.1B,sdpa,666,1,65536,2.550102472305298,12.808416223355094,nan,nan,nan,nan,22.21038579940796,4.097999572753906,0.01870039477944374,4.097999572753906,13.995686259120703,6.322400331497192,3367.5358271272707,3.142854928970337,4e-06,16,2048,,19.480674266815186
adammini-stochastic-r8,adammini,stochastic,8,1.1B,sdpa,666,2,98304,2.6514480113983154,14.174548700479606,nan,nan,nan,nan,22.21038579940796,4.097999572753906,0.01870039477944374,4.097999572753906,13.995686259120703,6.340284824371338,3806.560556407583,2.4440524578094482,6e-06,16,2048,,25.85441827774048
adammini-stochastic-r8,adammini,stochastic,8,1.1B,sdpa,666,3,131072,2.359886407852173,10.589748471836634,nan,nan,nan,nan,22.21038579940796,4.097999572753906,0.01870039477944374,4.097999572753906,13.995686259120703,6.296863317489624,4076.5273729188934,2.2162468433380127,8e-06,16,2048,,32.18254780769348
adammini-stochastic-r8,adammini,stochastic,8,1.1B,sdpa,666,4,163840,2.5137205123901367,12.350795974704196,nan,nan,nan,nan,22.21038579940796,4.097999572753906,0.01870039477944374,4.097999572753906,13.995686259120703,6.3161821365356445,4255.395627366881,2.481389045715332,1e-05,16,2048,,38.5319619178772
adammini-stochastic-r8,adammini,stochastic,8,1.1B,sdpa,666,5,196608,2.3446404933929443,10.429522571213528,nan,nan,nan,nan,22.21038579940796,4.097999572753906,0.01870039477944374,4.097999572753906,13.995686259120703,6.306720733642578,4384.455610677666,1.7453964948654175,1.2e-05,16,2048,,44.87180233001709
adammini-stochastic-r8,adammini,stochastic,8,1.1B,sdpa,666,6,229376,2.304353952407837,10.017704247684321,nan,nan,nan,nan,22.21038579940796,4.097999572753906,0.01870039477944374,4.097999572753906,13.995686259120703,6.3160223960876465,4480.8095314355505,1.9116159677505493,1.4e-05,16,2048,,51.22055792808533
adammini-stochastic-r8,adammini,stochastic,8,1.1B,sdpa,666,7,262144,2.496701240539551,12.14237305449055,nan,nan,nan,nan,22.21038579940796,4.097999572753906,0.01870039477944374,4.097999572753906,13.995686259120703,6.332729816436768,4554.61717901329,1.997205138206482,1.6e-05,16,2048,,57.58543682098389
adammini-stochastic-r8,adammini,stochastic,8,1.1B,sdpa,666,8,294912,2.6036999225616455,13.513645092311902,nan,nan,nan,nan,22.21038579940796,4.097999572753906,0.01870039477944374,4.097999572753906,13.995686259120703,6.33148717880249,4613.877602737974,2.193451404571533,1.8e-05,16,2048,,63.94845199584961
adammini-stochastic-r8,adammini,stochastic,8,1.1B,sdpa,666,9,327680,2.372699737548828,10.726311455256143,nan,nan,nan,nan,22.21038579940796,4.097999572753906,0.01870039477944374,4.097999572753906,13.995686259120703,6.3320839405059814,4662.2975704638,1.7951973676681519,2e-05,16,2048,,70.3125331401825
adammini-stochastic-r8,adammini,stochastic,8,1.1B,sdpa,666,10,360448,2.4653754234313965,11.767899267907564,nan,nan,nan,nan,22.21038579940796,4.097999572753906,0.01870039477944374,4.097999572753906,13.995686259120703,6.327627897262573,4702.978658656436,1.6732457876205444,2.2e-05,16,2048,,76.67215538024902
adammini-stochastic-r8,adammini,stochastic,8,1.1B,sdpa,666,11,393216,2.0267930030822754,7.589707120262158,nan,nan,nan,nan,22.21038579940796,4.097999572753906,0.01870039477944374,4.097999572753906,13.995686259120703,6.302165746688843,4733.263692831899,2.107409954071045,2.4e-05,16,2048,,83.10457468032837
adammini-stochastic-r8,adammini,stochastic,8,1.1B,sdpa,666,12,425984,2.2860565185546875,9.83607272962738,nan,nan,nan,nan,22.21038579940796,4.097999572753906,0.01870039477944374,4.097999572753906,13.995686259120703,6.343808889389038,4762.277599569494,1.9476722478866577,2.6e-05,16,2048,,89.47922945022583
adammini-stochastic-r8,adammini,stochastic,8,1.1B,sdpa,666,13,458752,2.5563130378723145,12.888211261797096,nan,nan,nan,nan,22.21038579940796,4.097999572753906,0.01870039477944374,4.097999572753906,13.995686259120703,6.334444522857666,4787.858580894595,1.870284080505371,2.8e-05,16,2048,,95.8454761505127
adammini-stochastic-r8,adammini,stochastic,8,1.1B,sdpa,666,14,491520,2.365635871887207,10.650809214884957,nan,nan,nan,nan,22.21038579940796,4.097999572753906,0.01870039477944374,4.097999572753906,13.995686259120703,6.325238943099976,4810.718357634755,1.6955302953720093,3e-05,16,2048,,102.20184588432312
adammini-stochastic-r8,adammini,stochastic,8,1.1B,sdpa,666,15,524288,2.4936299324035645,12.105137295852538,nan,nan,nan,nan,22.21038579940796,4.097999572753906,0.01870039477944374,4.097999572753906,13.995686259120703,6.351358890533447,4829.725969324427,1.843579888343811,3.2e-05,16,2048,,108.58441662788391
adammini-stochastic-r8,adammini,stochastic,8,1.1B,sdpa,666,16,557056,2.4017879962921143,11.042903409809519,nan,nan,nan,nan,22.21038579940796,4.097999572753906,0.01870039477944374,4.097999572753906,13.995686259120703,6.345919132232666,4846.84871805945,1.7602647542953491,3.4000000000000007e-05,16,2048,,114.96148800849915
adammini-stochastic-r8,adammini,stochastic,8,1.1B,sdpa,666,17,589824,2.4047341346740723,11.075485303209929,nan,nan,nan,nan,22.21038579940796,4.097999572753906,0.01870039477944374,4.097999572753906,13.995686259120703,6.357070684432983,4861.729335386289,2.7924866676330566,3.6e-05,16,2048,,121.34972405433655
adammini-stochastic-r8,adammini,stochastic,8,1.1B,sdpa,666,18,622592,2.495497703552246,12.127768050000318,nan,nan,nan,nan,22.21038579940796,4.097999572753906,0.01870039477944374,4.097999572753906,13.995686259120703,6.347808837890625,4875.468851928031,1.837685227394104,3.8e-05,16,2048,,127.72882413864136
adammini-stochastic-r8,adammini,stochastic,8,1.1B,sdpa,666,19,655360,2.3578855991363525,10.568581593294708,nan,nan,nan,nan,22.21038579940796,4.097999572753906,0.01870039477944374,4.097999572753906,13.995686259120703,6.337546348571777,4888.286029863746,1.7643964290618896,4e-05,16,2048,,134.0970902442932
adammini-stochastic-r8,adammini,stochastic,8,1.1B,sdpa,666,20,688128,2.3617684841156006,10.60969795340524,nan,nan,nan,nan,22.21038579940796,4.097999572753906,0.01870039477944374,4.097999572753906,13.995686259120703,6.3568620681762695,4899.271138941788,1.7660502195358276,4.2000000000000004e-05,16,2048,,140.48181223869324
adammini-stochastic-r8,adammini,stochastic,8,1.1B,sdpa,666,21,720896,2.4300384521484375,11.359318861818826,nan,nan,nan,nan,22.21038579940796,4.097999572753906,0.01870039477944374,4.097999572753906,13.995686259120703,6.3458216190338135,4909.767009841374,2.034398078918457,4.4e-05,16,2048,,146.85887718200684
adammini-stochastic-r8,adammini,stochastic,8,1.1B,sdpa,666,22,753664,2.4663054943084717,11.778849339683083,nan,nan,nan,nan,22.21038579940796,4.097999572753906,0.01870039477944374,4.097999572753906,13.995686259120703,6.334859609603882,4919.639129533112,1.609832763671875,4.6e-05,16,2048,,153.2247335910797
adammini-stochastic-r8,adammini,stochastic,8,1.1B,sdpa,666,23,786432,2.6102049350738525,13.601838059910163,nan,nan,nan,nan,22.21038579940796,4.097999572753906,0.01870039477944374,4.097999572753906,13.995686259120703,6.335953712463379,4928.69354600121,1.736958622932434,4.8e-05,16,2048,,159.59170579910278
adammini-stochastic-r8,adammini,stochastic,8,1.1B,sdpa,666,24,819200,2.286191701889038,9.837402492614759,nan,nan,nan,nan,22.21038579940796,4.097999572753906,0.01870039477944374,4.097999572753906,13.995686259120703,6.34661340713501,4936.734910966055,1.8081387281417847,5e-05,16,2048,,165.9696249961853
adammini-stochastic-r8,adammini,stochastic,8,1.1B,sdpa,666,25,851968,2.5291426181793213,12.542747601466177,nan,nan,nan,nan,22.21038579940796,4.097999572753906,0.01870039477944374,4.097999572753906,13.995686259120703,6.344614267349243,4944.231074939232,1.7630116939544678,5.2e-05,16,2048,,172.34649276733398
adammini-stochastic-r8,adammini,stochastic,8,1.1B,sdpa,666,26,884736,2.2189533710479736,9.197699248071393,nan,nan,nan,nan,22.21038579940796,4.097999572753906,0.01870039477944374,4.097999572753906,13.995686259120703,6.361292362213135,4950.706812265563,1.6981121301651,5.4e-05,16,2048,,178.73908519744873
adammini-stochastic-r8,adammini,stochastic,8,1.1B,sdpa,666,27,917504,2.4125797748565674,11.162721339544142,nan,nan,nan,nan,22.21038579940796,4.097999572753906,0.01870039477944374,4.097999572753906,13.995686259120703,6.3545613288879395,4956.939406788078,1.8432550430297852,5.6e-05,16,2048,,185.1245858669281
adammini-stochastic-r8,adammini,stochastic,8,1.1B,sdpa,666,28,950272,2.4992525577545166,12.173391652210611,nan,nan,nan,nan,22.21038579940796,4.097999572753906,0.01870039477944374,4.097999572753906,13.995686259120703,6.367344379425049,4962.401384056576,1.5581058263778687,5.800000000000001e-05,16,2048,,191.52433800697327
adammini-stochastic-r8,adammini,stochastic,8,1.1B,sdpa,666,29,983040,2.274872064590454,9.726674546864295,nan,nan,nan,nan,22.21038579940796,4.097999572753906,0.01870039477944374,4.097999572753906,13.995686259120703,6.3568854331970215,4967.784570757626,1.7270079851150513,6e-05,16,2048,,197.91274499893188
adammini-stochastic-r8,adammini,stochastic,8,1.1B,sdpa,666,30,1015808,2.2219772338867188,9.225553922161852,nan,nan,nan,nan,22.21038579940796,4.097999572753906,0.01870039477944374,4.097999572753906,13.995686259120703,6.364075183868408,4972.667345367757,3.5527877807617188,6.2e-05,16,2048,,204.3059060573578
adammini-stochastic-r8,adammini,stochastic,8,1.1B,sdpa,666,31,1048576,2.3565077781677246,10.554030007009215,nan,nan,nan,nan,22.21038579940796,4.097999572753906,0.01870039477944374,4.097999572753906,13.995686259120703,6.3289031982421875,4978.134456036041,1.784558653831482,6.4e-05,16,2048,,210.66620206832886
adammini-stochastic-r8,adammini,stochastic,8,1.1B,sdpa,666,32,1081344,2.3295037746429443,10.272842623045262,nan,nan,nan,nan,22.21038579940796,4.097999572753906,0.01870039477944374,4.097999572753906,13.995686259120703,6.334437131881714,4983.109779679778,2.033764123916626,6.6e-05,16,2048,,217.0316424369812
adammini-stochastic-r8,adammini,stochastic,8,1.1B,sdpa,666,33,1114112,2.428316593170166,11.339776546033752,nan,nan,nan,nan,22.21038579940796,4.097999572753906,0.01870039477944374,4.097999572753906,13.995686259120703,6.33941388130188,4987.693010575526,1.7746477127075195,6.800000000000001e-05,16,2048,,223.40206170082092
adammini-stochastic-r8,adammini,stochastic,8,1.1B,sdpa,666,34,1146880,2.41713285446167,11.213661978803314,nan,nan,nan,nan,22.21038579940796,4.097999572753906,0.01870039477944374,4.097999572753906,13.995686259120703,6.347076654434204,4991.85140417883,2.5082380771636963,7.000000000000001e-05,16,2048,,229.78035759925842
adammini-stochastic-r8,adammini,stochastic,8,1.1B,sdpa,666,35,1179648,2.6287448406219482,13.856367033699815,nan,nan,nan,nan,22.21038579940796,4.097999572753906,0.01870039477944374,4.097999572753906,13.995686259120703,6.3608174324035645,4995.495812168525,1.9859325885772705,7.2e-05,16,2048,,236.17223024368286
adammini-stochastic-r8,adammini,stochastic,8,1.1B,sdpa,666,36,1212416,2.4053566455841064,11.082382060075577,nan,nan,nan,nan,22.21038579940796,4.097999572753906,0.01870039477944374,4.097999572753906,13.995686259120703,6.33999490737915,4999.365640059447,1.8094613552093506,7.4e-05,16,2048,,242.5437366962433
adammini-stochastic-r8,adammini,stochastic,8,1.1B,sdpa,666,37,1245184,2.681581497192383,14.608177829229748,nan,nan,nan,nan,22.21038579940796,4.097999572753906,0.01870039477944374,4.097999572753906,13.995686259120703,6.405200481414795,5001.741682762454,1.735671043395996,7.6e-05,16,2048,,248.97997426986694
adammini-stochastic-r8,adammini,stochastic,8,1.1B,sdpa,666,38,1277952,2.2150094509124756,9.16149569569362,nan,nan,nan,nan,22.21038579940796,4.097999572753906,0.01870039477944374,4.097999572753906,13.995686259120703,6.323405742645264,5005.587666876792,1.5697563886642456,7.8e-05,16,2048,,255.33540296554565
adammini-stochastic-r8,adammini,stochastic,8,1.1B,sdpa,666,39,1310720,2.4649643898010254,11.763063259498768,nan,nan,nan,nan,22.21038579940796,4.097999572753906,0.01870039477944374,4.097999572753906,13.995686259120703,6.3790271282196045,5008.175527904515,1.6658905744552612,8e-05,16,2048,,261.745836019516
adammini-stochastic-r8,adammini,stochastic,8,1.1B,sdpa,666,40,1343488,2.2009057998657227,9.033192058959923,nan,nan,nan,nan,22.21038579940796,4.097999572753906,0.01870039477944374,4.097999572753906,13.995686259120703,6.320283889770508,5011.75564356373,2.712475299835205,8.2e-05,16,2048,,268.0964071750641
adammini-stochastic-r8,adammini,stochastic,8,1.1B,sdpa,666,41,1376256,2.296107769012451,9.935436086611652,nan,nan,nan,nan,22.21038579940796,4.097999572753906,0.01870039477944374,4.097999572753906,13.995686259120703,6.335613012313843,5014.9036602564065,1.6805996894836426,8.400000000000001e-05,16,2048,,274.4628610610962
adammini-stochastic-r8,adammini,stochastic,8,1.1B,sdpa,666,42,1409024,2.4101786613464355,11.13595053126256,nan,nan,nan,nan,22.21038579940796,4.097999572753906,0.01870039477944374,4.097999572753906,13.995686259120703,6.348488092422485,5017.6644664636915,1.6706068515777588,8.599999999999999e-05,16,2048,,280.84248185157776
adammini-stochastic-r8,adammini,stochastic,8,1.1B,sdpa,666,43,1441792,2.3170273303985596,10.14547030389121,nan,nan,nan,nan,22.21038579940796,4.097999572753906,0.01870039477944374,4.097999572753906,13.995686259120703,6.365657091140747,5020.005124412861,1.7890690565109253,8.8e-05,16,2048,,287.2388849258423
adammini-stochastic-r8,adammini,stochastic,8,1.1B,sdpa,666,44,1474560,2.4565629959106445,11.664651110168133,nan,nan,nan,nan,22.21038579940796,4.097999572753906,0.01870039477944374,4.097999572753906,13.995686259120703,6.329097270965576,5022.8708863846805,1.7090733051300049,8.999999999999999e-05,16,2048,,293.5989942550659
adammini-stochastic-r8,adammini,stochastic,8,1.1B,sdpa,666,45,1507328,2.5297183990478516,12.549971555081472,nan,nan,nan,nan,22.21038579940796,4.097999572753906,0.01870039477944374,4.097999572753906,13.995686259120703,6.377667665481567,5024.797249553012,3.584651231765747,9.2e-05,16,2048,,300.0077347755432
adammini-stochastic-r8,adammini,stochastic,8,1.1B,sdpa,666,46,1540096,2.4855239391326904,12.007409758883595,nan,nan,nan,nan,22.21038579940796,4.097999572753906,0.01870039477944374,4.097999572753906,13.995686259120703,6.37335729598999,5026.713398544935,3.159921407699585,9.400000000000001e-05,16,2048,,306.4119715690613
adammini-stochastic-r8,adammini,stochastic,8,1.1B,sdpa,666,47,1572864,2.3482260704040527,10.466985550644154,nan,nan,nan,nan,22.21038579940796,4.097999572753906,0.01870039477944374,4.097999572753906,13.995686259120703,6.342870473861694,5028.984909038059,1.5528000593185425,9.6e-05,16,2048,,312.7893466949463
adammini-stochastic-r8,adammini,stochastic,8,1.1B,sdpa,666,48,1605632,2.250234603881836,9.489961957133646,nan,nan,nan,nan,22.21038579940796,4.097999572753906,0.01870039477944374,4.097999572753906,13.995686259120703,6.371456861495972,5030.73281501113,1.803087592124939,9.800000000000001e-05,16,2048,,319.19398641586304
adammini-stochastic-r8,adammini,stochastic,8,1.1B,sdpa,666,49,1638400,2.435284376144409,11.41906556151912,nan,nan,nan,nan,22.21038579940796,4.097999572753906,0.01870039477944374,4.097999572753906,13.995686259120703,6.368537425994873,5032.42811567494,1.643305778503418,0.0001,16,2048,,325.59781432151794
adammini-stochastic-r8,adammini,stochastic,8,1.1B,sdpa,666,50,1671168,2.6257691383361816,13.815195897547383,2.458290923234055,11.684824203339597,nan,nan,22.21038579940796,4.097999572753906,0.01870039477944374,4.097999572753906,13.995686259120703,6.368125915527344,5034.108456759156,2.0981690883636475,0.000102,16,2048,,344.9307985305786
adammini-stochastic-r8,adammini,stochastic,8,1.1B,sdpa,666,51,1703936,2.4964003562927246,12.138720155296836,nan,nan,nan,nan,22.21038579940796,4.097999572753906,0.01870039477944374,4.097999572753906,13.995686259120703,6.362079381942749,4850.446175209249,1.9490270614624023,0.000104,16,2048,,351.3243281841278
adammini-stochastic-r8,adammini,stochastic,8,1.1B,sdpa,666,52,1736704,2.465486526489258,11.769206790134346,nan,nan,nan,nan,22.21038579940796,4.097999572753906,0.01870039477944374,4.097999572753906,13.995686259120703,6.3677897453308105,4855.287818918653,1.6600137948989868,0.000106,16,2048,,357.7229061126709
adammini-stochastic-r8,adammini,stochastic,8,1.1B,sdpa,666,53,1769472,2.161619186401367,8.685189219622805,nan,nan,nan,nan,22.21038579940796,4.097999572753906,0.01870039477944374,4.097999572753906,13.995686259120703,6.342192649841309,4860.300787577788,1.6178796291351318,0.000108,16,2048,,364.0962076187134
adammini-stochastic-r8,adammini,stochastic,8,1.1B,sdpa,666,54,1802240,2.484696388244629,11.997477126720453,nan,nan,nan,nan,22.21038579940796,4.097999572753906,0.01870039477944374,4.097999572753906,13.995686259120703,6.350932598114014,4865.003602001,1.674485206604004,0.00011,16,2048,,370.4795951843262
adammini-stochastic-r8,adammini,stochastic,8,1.1B,sdpa,666,55,1835008,1.9424949884414673,6.976134650898987,nan,nan,nan,nan,22.21038579940796,4.097999572753906,0.01870039477944374,4.097999572753906,13.995686259120703,6.359954833984375,4869.4470661869545,3.73549485206604,0.000112,16,2048,,376.870805978775
adammini-stochastic-r8,adammini,stochastic,8,1.1B,sdpa,666,56,1867776,2.1240177154541016,8.364676958430913,nan,nan,nan,nan,22.21038579940796,4.097999572753906,0.01870039477944374,4.097999572753906,13.995686259120703,6.311684608459473,4874.358332060335,1.6051455736160278,0.000114,16,2048,,383.2135663032532
adammini-stochastic-r8,adammini,stochastic,8,1.1B,sdpa,666,57,1900544,2.2822582721710205,9.798783763123316,nan,nan,nan,nan,22.21038579940796,4.097999572753906,0.01870039477944374,4.097999572753906,13.995686259120703,6.365650415420532,4878.435968109239,1.628225326538086,0.00011600000000000001,16,2048,,389.6101989746094
adammini-stochastic-r8,adammini,stochastic,8,1.1B,sdpa,666,58,1933312,2.5045006275177,12.237446395719765,nan,nan,nan,nan,22.21038579940796,4.097999572753906,0.01870039477944374,4.097999572753906,13.995686259120703,6.362184047698975,4882.425862498048,1.82090163230896,0.000118,16,2048,,396.00352787971497
adammini-stochastic-r8,adammini,stochastic,8,1.1B,sdpa,666,59,1966080,2.502392530441284,12.21167584370668,nan,nan,nan,nan,22.21038579940796,4.097999572753906,0.01870039477944374,4.097999572753906,13.995686259120703,6.362962007522583,4886.275436292141,1.8006401062011719,0.00012,16,2048,,402.3973023891449
adammini-stochastic-r8,adammini,stochastic,8,1.1B,sdpa,666,60,1998848,2.15983510017395,8.669707907258022,nan,nan,nan,nan,22.21038579940796,4.097999572753906,0.01870039477944374,4.097999572753906,13.995686259120703,6.350178003311157,4890.16374875305,1.932500958442688,0.000122,16,2048,,408.77761125564575
adammini-stochastic-r8,adammini,stochastic,8,1.1B,sdpa,666,61,2031616,2.315882921218872,10.133866375630648,nan,nan,nan,nan,22.21038579940796,4.097999572753906,0.01870039477944374,4.097999572753906,13.995686259120703,6.358160972595215,4893.845280267014,1.8287614583969116,0.000124,16,2048,,415.1666257381439
adammini-stochastic-r8,adammini,stochastic,8,1.1B,sdpa,666,62,2064384,2.389008045196533,10.902673617826597,nan,nan,nan,nan,22.21038579940796,4.097999572753906,0.01870039477944374,4.097999572753906,13.995686259120703,6.3636579513549805,4897.341844091769,1.9042123556137085,0.000126,16,2048,,421.56124782562256
adammini-stochastic-r8,adammini,stochastic,8,1.1B,sdpa,666,63,2097152,2.4320359230041504,11.38203144649731,nan,nan,nan,nan,22.21038579940796,4.097999572753906,0.01870039477944374,4.097999572753906,13.995686259120703,6.381064414978027,4900.534149346467,1.652053952217102,0.000128,16,2048,,427.97349309921265
adammini-stochastic-r8,adammini,stochastic,8,1.1B,sdpa,666,64,2129920,2.6318066120147705,13.898857076096816,nan,nan,nan,nan,22.21038579940796,4.097999572753906,0.01870039477944374,4.097999572753906,13.995686259120703,6.305919408798218,4904.477510716493,1.6165177822113037,0.00013000000000000002,16,2048,,434.3102900981903
adammini-stochastic-r8,adammini,stochastic,8,1.1B,sdpa,666,65,2162688,2.425565242767334,11.308619728581494,nan,nan,nan,nan,22.21038579940796,4.097999572753906,0.01870039477944374,4.097999572753906,13.995686259120703,6.373244285583496,4907.549329429196,1.884132742881775,0.000132,16,2048,,440.71555352211
adammini-stochastic-r8,adammini,stochastic,8,1.1B,sdpa,666,66,2195456,2.4285459518432617,11.342377720425104,nan,nan,nan,nan,22.21038579940796,4.097999572753906,0.01870039477944374,4.097999572753906,13.995686259120703,6.362094879150391,4910.650058487436,1.6669983863830566,0.000134,16,2048,,447.1100916862488
adammini-stochastic-r8,adammini,stochastic,8,1.1B,sdpa,666,67,2228224,2.460334062576294,11.708722332667307,nan,nan,nan,nan,22.21038579940796,4.097999572753906,0.01870039477944374,4.097999572753906,13.995686259120703,6.375100135803223,4913.520506857995,1.5304292440414429,0.00013600000000000003,16,2048,,453.51801109313965
adammini-stochastic-r8,adammini,stochastic,8,1.1B,sdpa,666,68,2260992,2.415019989013672,11.189994032260879,nan,nan,nan,nan,22.21038579940796,4.097999572753906,0.01870039477944374,4.097999572753906,13.995686259120703,6.352020502090454,4916.56916185364,1.7094740867614746,0.00013800000000000002,16,2048,,459.90177607536316
adammini-stochastic-r8,adammini,stochastic,8,1.1B,sdpa,666,69,2293760,2.4084155559539795,11.116333974940455,nan,nan,nan,nan,22.21038579940796,4.097999572753906,0.01870039477944374,4.097999572753906,13.995686259120703,6.369065999984741,4919.355065042627,1.6583269834518433,0.00014000000000000001,16,2048,,466.30239367485046
adammini-stochastic-r8,adammini,stochastic,8,1.1B,sdpa,666,70,2326528,2.1799731254577637,8.84606852148425,nan,nan,nan,nan,22.21038579940796,4.097999572753906,0.01870039477944374,4.097999572753906,13.995686259120703,6.336334943771362,4922.410525928953,1.7106311321258545,0.00014199999999999998,16,2048,,472.6676003932953
adammini-stochastic-r8,adammini,stochastic,8,1.1B,sdpa,666,71,2359296,2.3720550537109375,10.71939860416187,nan,nan,nan,nan,22.21038579940796,4.097999572753906,0.01870039477944374,4.097999572753906,13.995686259120703,6.347439527511597,4925.293485038055,1.5484087467193604,0.000144,16,2048,,479.04624342918396
adammini-stochastic-r8,adammini,stochastic,8,1.1B,sdpa,666,72,2392064,2.620116949081421,13.73733005926986,nan,nan,nan,nan,22.21038579940796,4.097999572753906,0.01870039477944374,4.097999572753906,13.995686259120703,6.375708103179932,4927.790561043222,1.6900928020477295,0.000146,16,2048,,485.4528079032898
adammini-stochastic-r8,adammini,stochastic,8,1.1B,sdpa,666,73,2424832,2.460817575454712,11.714385019585675,nan,nan,nan,nan,22.21038579940796,4.097999572753906,0.01870039477944374,4.097999572753906,13.995686259120703,6.351979732513428,4930.464429975607,1.7166309356689453,0.000148,16,2048,,491.83566403388977
adammini-stochastic-r8,adammini,stochastic,8,1.1B,sdpa,666,74,2457600,2.4328713417053223,11.391544181430108,nan,nan,nan,nan,22.21038579940796,4.097999572753906,0.01870039477944374,4.097999572753906,13.995686259120703,6.348356246948242,4933.105560078039,1.6810191869735718,0.00015,16,2048,,498.21504974365234
adammini-stochastic-r8,adammini,stochastic,8,1.1B,sdpa,666,75,2490368,2.3584344387054443,10.574383641113352,nan,nan,nan,nan,22.21038579940796,4.097999572753906,0.01870039477944374,4.097999572753906,13.995686259120703,6.36710262298584,4935.493795465602,1.8286852836608887,0.000152,16,2048,,504.6133017539978
adammini-stochastic-r8,adammini,stochastic,8,1.1B,sdpa,666,76,2523136,2.4151222705841064,11.191138620957819,nan,nan,nan,nan,22.21038579940796,4.097999572753906,0.01870039477944374,4.097999572753906,13.995686259120703,6.357274055480957,4937.916107761743,2.9086079597473145,0.000154,16,2048,,511.0017669200897
adammini-stochastic-r8,adammini,stochastic,8,1.1B,sdpa,666,77,2555904,2.2307567596435547,9.306906506442504,nan,nan,nan,nan,22.21038579940796,4.097999572753906,0.01870039477944374,4.097999572753906,13.995686259120703,6.353143215179443,4940.317471924549,1.6871622800827026,0.000156,16,2048,,517.3859007358551
adammini-stochastic-r8,adammini,stochastic,8,1.1B,sdpa,666,78,2588672,2.343970537185669,10.42253758790575,nan,nan,nan,nan,22.21038579940796,4.097999572753906,0.01870039477944374,4.097999572753906,13.995686259120703,6.375170707702637,4942.455777783589,1.6370261907577515,0.000158,16,2048,,523.7920341491699
adammini-stochastic-r8,adammini,stochastic,8,1.1B,sdpa,666,79,2621440,2.374100685119629,10.741348986169783,nan,nan,nan,nan,22.21038579940796,4.097999572753906,0.01870039477944374,4.097999572753906,13.995686259120703,6.380249977111816,4944.495167260159,1.5755107402801514,0.00016,16,2048,,530.2032926082611
adammini-stochastic-r8,adammini,stochastic,8,1.1B,sdpa,666,80,2654208,2.4434282779693604,11.512441014567212,nan,nan,nan,nan,22.21038579940796,4.097999572753906,0.01870039477944374,4.097999572753906,13.995686259120703,6.3686792850494385,4946.590467488067,1.781632661819458,0.000162,16,2048,,536.6012122631073
adammini-stochastic-r8,adammini,stochastic,8,1.1B,sdpa,666,81,2686976,2.466489553451538,11.78101754413166,nan,nan,nan,nan,22.21038579940796,4.097999572753906,0.01870039477944374,4.097999572753906,13.995686259120703,6.358729839324951,4948.744678713645,1.8321239948272705,0.000164,16,2048,,542.9905772209167
adammini-stochastic-r8,adammini,stochastic,8,1.1B,sdpa,666,82,2719744,2.314051389694214,10.115322866591393,nan,nan,nan,nan,22.21038579940796,4.097999572753906,0.01870039477944374,4.097999572753906,13.995686259120703,6.354697942733765,4950.871393073803,1.7038203477859497,0.00016600000000000002,16,2048,,549.3764820098877
adammini-stochastic-r8,adammini,stochastic,8,1.1B,sdpa,666,83,2752512,2.337129831314087,10.35148338137838,nan,nan,nan,nan,22.21038579940796,4.097999572753906,0.01870039477944374,4.097999572753906,13.995686259120703,6.360700368881226,4952.888967433555,1.5719982385635376,0.00016800000000000002,16,2048,,555.768486738205
adammini-stochastic-r8,adammini,stochastic,8,1.1B,sdpa,666,84,2785280,2.3572611808776855,10.56198443788614,nan,nan,nan,nan,22.21038579940796,4.097999572753906,0.01870039477944374,4.097999572753906,13.995686259120703,6.3554792404174805,4954.9108796078135,1.564924955368042,0.00017,16,2048,,562.1549830436707
adammini-stochastic-r8,adammini,stochastic,8,1.1B,sdpa,666,85,2818048,2.325770616531372,10.234563971862478,nan,nan,nan,nan,22.21038579940796,4.097999572753906,0.01870039477944374,4.097999572753906,13.995686259120703,6.380403280258179,4956.669555073321,1.735186219215393,0.00017199999999999998,16,2048,,568.5663506984711
adammini-stochastic-r8,adammini,stochastic,8,1.1B,sdpa,666,86,2850816,2.3871943950653076,10.882917902781758,nan,nan,nan,nan,22.21038579940796,4.097999572753906,0.01870039477944374,4.097999572753906,13.995686259120703,6.336637020111084,4958.767100190318,1.7119249105453491,0.000174,16,2048,,574.9337694644928
adammini-stochastic-r8,adammini,stochastic,8,1.1B,sdpa,666,87,2883584,2.374969244003296,10.750682533035047,nan,nan,nan,nan,22.21038579940796,4.097999572753906,0.01870039477944374,4.097999572753906,13.995686259120703,6.36757493019104,4960.556363430812,1.6001660823822021,0.000176,16,2048,,581.3322129249573
adammini-stochastic-r8,adammini,stochastic,8,1.1B,sdpa,666,88,2916352,2.436021566390991,11.42748668888126,nan,nan,nan,nan,22.21038579940796,4.097999572753906,0.01870039477944374,4.097999572753906,13.995686259120703,6.371356725692749,4962.273454928885,1.566235899925232,0.000178,16,2048,,587.7345523834229
adammini-stochastic-r8,adammini,stochastic,8,1.1B,sdpa,666,89,2949120,2.4598402976989746,11.70294240390149,nan,nan,nan,nan,22.21038579940796,4.097999572753906,0.01870039477944374,4.097999572753906,13.995686259120703,6.354760646820068,4964.092259817938,2.5840280055999756,0.00017999999999999998,16,2048,,594.120215177536
adammini-stochastic-r8,adammini,stochastic,8,1.1B,sdpa,666,90,2981888,2.2098846435546875,9.114664897050314,nan,nan,nan,nan,22.21038579940796,4.097999572753906,0.01870039477944374,4.097999572753906,13.995686259120703,6.37104058265686,4965.736812964215,1.7052206993103027,0.000182,16,2048,,600.5209858417511
adammini-stochastic-r8,adammini,stochastic,8,1.1B,sdpa,666,91,3014656,2.5086400508880615,12.288207355393475,nan,nan,nan,nan,22.21038579940796,4.097999572753906,0.01870039477944374,4.097999572753906,13.995686259120703,6.346415042877197,4967.558687096718,1.6845831871032715,0.000184,16,2048,,606.8982517719269
adammini-stochastic-r8,adammini,stochastic,8,1.1B,sdpa,666,92,3047424,2.4662749767303467,11.778489883213036,nan,nan,nan,nan,22.21038579940796,4.097999572753906,0.01870039477944374,4.097999572753906,13.995686259120703,6.356996059417725,4969.249375750477,1.6979398727416992,0.000186,16,2048,,613.2858579158783
adammini-stochastic-r8,adammini,stochastic,8,1.1B,sdpa,666,93,3080192,2.5206820964813232,12.437077057524196,nan,nan,nan,nan,22.21038579940796,4.097999572753906,0.01870039477944374,4.097999572753906,13.995686259120703,6.360860824584961,4970.874796253907,1.780953288078308,0.00018800000000000002,16,2048,,619.6776218414307
adammini-stochastic-r8,adammini,stochastic,8,1.1B,sdpa,666,94,3112960,2.3147013187408447,10.121899245596815,nan,nan,nan,nan,22.21038579940796,4.097999572753906,0.01870039477944374,4.097999572753906,13.995686259120703,6.3675572872161865,4972.409736467049,1.775943636894226,0.00019,16,2048,,626.0762479305267
adammini-stochastic-r8,adammini,stochastic,8,1.1B,sdpa,666,95,3145728,2.3671162128448486,10.66658771989996,nan,nan,nan,nan,22.21038579940796,4.097999572753906,0.01870039477944374,4.097999572753906,13.995686259120703,6.359753131866455,4973.97710043387,1.7792441844940186,0.000192,16,2048,,632.467084646225
adammini-stochastic-r8,adammini,stochastic,8,1.1B,sdpa,666,96,3178496,2.221143960952759,9.217869719741298,nan,nan,nan,nan,22.21038579940796,4.097999572753906,0.01870039477944374,4.097999572753906,13.995686259120703,6.346209287643433,4975.616425218869,1.874451994895935,0.000194,16,2048,,638.8442220687866
adammini-stochastic-r8,adammini,stochastic,8,1.1B,sdpa,666,97,3211264,2.4495224952697754,11.582814549773135,nan,nan,nan,nan,22.21038579940796,4.097999572753906,0.01870039477944374,4.097999572753906,13.995686259120703,6.351928472518921,4977.180994323931,1.9828943014144897,0.00019600000000000002,16,2048,,645.2270216941833
adammini-stochastic-r8,adammini,stochastic,8,1.1B,sdpa,666,98,3244032,2.4584128856658936,11.686249399823492,nan,nan,nan,nan,22.21038579940796,4.097999572753906,0.01870039477944374,4.097999572753906,13.995686259120703,6.355530500411987,4978.688001632141,1.972313642501831,0.00019800000000000002,16,2048,,651.6132810115814
adammini-stochastic-r8,adammini,stochastic,8,1.1B,sdpa,666,99,3276800,2.4248499870300293,11.300534065442816,nan,nan,nan,nan,22.21038579940796,4.097999572753906,0.01870039477944374,4.097999572753906,13.995686259120703,6.369680166244507,4980.059046115307,2.0311243534088135,0.0002,16,2048,,658.0141265392303
adammini-stochastic-r8,adammini,stochastic,8,1.1B,sdpa,666,100,3309568,2.4171805381774902,11.214196700623075,2.4641972590950814,11.75404291281127,nan,nan,22.21038579940796,4.097999572753906,0.01870039477944374,4.097999572753906,13.995686259120703,6.3990278244018555,4981.18115202932,1.9972572326660156,0.000202,16,2048,,677.2277128696442
adammini-stochastic-r8,adammini,stochastic,8,1.1B,sdpa,666,101,3342336,2.5001261234283447,12.184030555505851,nan,nan,nan,nan,22.21038579940796,4.097999572753906,0.01870039477944374,4.097999572753906,13.995686259120703,6.380736351013184,4889.24273562001,1.9853910207748413,0.000204,16,2048,,683.6396493911743
adammini-stochastic-r8,adammini,stochastic,8,1.1B,sdpa,666,102,3375104,2.308654308319092,10.060876703292843,nan,nan,nan,nan,22.21038579940796,4.097999572753906,0.01870039477944374,4.097999572753906,13.995686259120703,6.348858118057251,4891.527535976206,1.9963490962982178,0.000206,16,2048,,690.0195035934448
adammini-stochastic-r8,adammini,stochastic,8,1.1B,sdpa,666,103,3407872,2.4535787105560303,11.629892353514254,nan,nan,nan,nan,22.21038579940796,4.097999572753906,0.01870039477944374,4.097999572753906,13.995686259120703,6.3444201946258545,4893.7999016696085,1.970900297164917,0.000208,16,2048,,696.3950355052948
adammini-stochastic-r8,adammini,stochastic,8,1.1B,sdpa,666,104,3440640,2.3761680126190186,10.763577841554556,nan,nan,nan,nan,22.21038579940796,4.097999572753906,0.01870039477944374,4.097999572753906,13.995686259120703,6.351641893386841,4895.980816044576,2.0632917881011963,0.00021,16,2048,,702.7776055335999
adammini-stochastic-r8,adammini,stochastic,8,1.1B,sdpa,666,105,3473408,2.3554487228393555,10.54285862189614,nan,nan,nan,nan,22.21038579940796,4.097999572753906,0.01870039477944374,4.097999572753906,13.995686259120703,6.361177444458008,4898.056518874243,1.8320924043655396,0.000212,16,2048,,709.1697423458099
adammini-stochastic-r8,adammini,stochastic,8,1.1B,sdpa,666,106,3506176,2.370523691177368,10.702995881220204,nan,nan,nan,nan,22.21038579940796,4.097999572753906,0.01870039477944374,4.097999572753906,13.995686259120703,6.373567819595337,4900.010293310673,1.6898354291915894,0.000214,16,2048,,715.5742781162262
adammini-stochastic-r8,adammini,stochastic,8,1.1B,sdpa,666,107,3538944,2.4465765953063965,11.548742947221857,nan,nan,nan,nan,22.21038579940796,4.097999572753906,0.01870039477944374,4.097999572753906,13.995686259120703,6.359789609909058,4902.024077060947,1.880382776260376,0.000216,16,2048,,721.9650182723999
adammini-stochastic-r8,adammini,stochastic,8,1.1B,sdpa,666,108,3571712,2.4131922721862793,11.169560570848573,nan,nan,nan,nan,22.21038579940796,4.097999572753906,0.01870039477944374,4.097999572753906,13.995686259120703,6.367313861846924,4903.9512506761,1.8330419063568115,0.000218,16,2048,,728.3631377220154
adammini-stochastic-r8,adammini,stochastic,8,1.1B,sdpa,666,109,3604480,2.4271183013916016,11.326196323187567,nan,nan,nan,nan,22.21038579940796,4.097999572753906,0.01870039477944374,4.097999572753906,13.995686259120703,6.3720643520355225,4905.8083822486615,1.6877968311309814,0.00022,16,2048,,734.7670106887817
adammini-stochastic-r8,adammini,stochastic,8,1.1B,sdpa,666,110,3637248,2.3546504974365234,10.53444640219607,nan,nan,nan,nan,22.21038579940796,4.097999572753906,0.01870039477944374,4.097999572753906,13.995686259120703,6.352076530456543,4907.7697969098335,1.9584980010986328,0.000222,16,2048,,741.1496682167053
adammini-stochastic-r8,adammini,stochastic,8,1.1B,sdpa,666,111,3670016,2.5305423736572266,12.560316674463785,nan,nan,nan,nan,22.21038579940796,4.097999572753906,0.01870039477944374,4.097999572753906,13.995686259120703,6.345295429229736,4909.739481288004,1.9963358640670776,0.000224,16,2048,,747.5267026424408
adammini-stochastic-r8,adammini,stochastic,8,1.1B,sdpa,666,112,3702784,2.5580124855041504,12.910132723816929,nan,nan,nan,nan,22.21038579940796,4.097999572753906,0.01870039477944374,4.097999572753906,13.995686259120703,6.379303693771362,4911.458189482729,2.0148959159851074,0.00022600000000000002,16,2048,,753.9369456768036
adammini-stochastic-r8,adammini,stochastic,8,1.1B,sdpa,666,113,3735552,2.4844305515289307,11.994288180692669,nan,nan,nan,nan,22.21038579940796,4.097999572753906,0.01870039477944374,4.097999572753906,13.995686259120703,6.350196123123169,4913.336186044621,1.727298617362976,0.000228,16,2048,,760.3180634975433
adammini-stochastic-r8,adammini,stochastic,8,1.1B,sdpa,666,114,3768320,2.2907721996307373,9.882566049336617,nan,nan,nan,nan,22.21038579940796,4.097999572753906,0.01870039477944374,4.097999572753906,13.995686259120703,6.3626251220703125,4915.1005536425155,1.8225384950637817,0.00023,16,2048,,766.7120616436005
adammini-stochastic-r8,adammini,stochastic,8,1.1B,sdpa,666,115,3801088,2.4627089500427246,11.736562275864175,nan,nan,nan,nan,22.21038579940796,4.097999572753906,0.01870039477944374,4.097999572753906,13.995686259120703,6.367249965667725,4916.807049709099,1.8246417045593262,0.00023200000000000003,16,2048,,773.1101529598236
adammini-stochastic-r8,adammini,stochastic,8,1.1B,sdpa,666,116,3833856,2.4266741275787354,11.321166640490787,nan,nan,nan,nan,22.21038579940796,4.097999572753906,0.01870039477944374,4.097999572753906,13.995686259120703,6.392131567001343,4918.330675166947,1.8274246454238892,0.00023400000000000002,16,2048,,779.5331709384918
adammini-stochastic-r8,adammini,stochastic,8,1.1B,sdpa,666,117,3866624,2.2422070503234863,9.414085736931877,nan,nan,nan,nan,22.21038579940796,4.097999572753906,0.01870039477944374,4.097999572753906,13.995686259120703,6.327041864395142,4920.235420781507,1.8355447053909302,0.000236,16,2048,,785.8913018703461
adammini-stochastic-r8,adammini,stochastic,8,1.1B,sdpa,666,118,3899392,2.4443271160125732,11.522793486422133,nan,nan,nan,nan,22.21038579940796,4.097999572753906,0.01870039477944374,4.097999572753906,13.995686259120703,6.367316484451294,4921.860237325006,1.6800317764282227,0.00023799999999999998,16,2048,,792.2895774841309
adammini-stochastic-r8,adammini,stochastic,8,1.1B,sdpa,666,119,3932160,2.8556673526763916,17.386035954624536,nan,nan,nan,nan,22.21038579940796,4.097999572753906,0.01870039477944374,4.097999572753906,13.995686259120703,6.3875463008880615,4923.333878474042,2.0667529106140137,0.00024,16,2048,,798.7082426548004
adammini-stochastic-r8,adammini,stochastic,8,1.1B,sdpa,666,120,3964928,2.6108195781707764,13.610200905598568,nan,nan,nan,nan,22.21038579940796,4.097999572753906,0.01870039477944374,4.097999572753906,13.995686259120703,6.33678674697876,4925.093566162955,2.0266318321228027,0.000242,16,2048,,805.0739138126373
adammini-stochastic-r8,adammini,stochastic,8,1.1B,sdpa,666,121,3997696,2.4821927547454834,11.967477410897814,nan,nan,nan,nan,22.21038579940796,4.097999572753906,0.01870039477944374,4.097999572753906,13.995686259120703,6.359836101531982,4926.698837336434,1.987044095993042,0.000244,16,2048,,811.4647347927094
adammini-stochastic-r8,adammini,stochastic,8,1.1B,sdpa,666,122,4030464,2.406360387802124,11.093511499435142,nan,nan,nan,nan,22.21038579940796,4.097999572753906,0.01870039477944374,4.097999572753906,13.995686259120703,6.354968070983887,4928.295731415306,2.4254395961761475,0.000246,16,2048,,817.850789308548
adammini-stochastic-r8,adammini,stochastic,8,1.1B,sdpa,666,123,4063232,2.325584650039673,10.232660862869295,nan,nan,nan,nan,22.21038579940796,4.097999572753906,0.01870039477944374,4.097999572753906,13.995686259120703,6.3660523891448975,4929.801808239672,1.7408490180969238,0.000248,16,2048,,824.2478446960449
adammini-stochastic-r8,adammini,stochastic,8,1.1B,sdpa,666,124,4096000,2.2646443843841553,9.627700231719686,nan,nan,nan,nan,22.21038579940796,4.097999572753906,0.01870039477944374,4.097999572753906,13.995686259120703,6.345580101013184,4931.406639368134,1.7230314016342163,0.00025,16,2048,,830.6243007183075
adammini-stochastic-r8,adammini,stochastic,8,1.1B,sdpa,666,125,4128768,2.7247207164764404,15.252153656760095,nan,nan,nan,nan,22.21038579940796,4.097999572753906,0.01870039477944374,4.097999572753906,13.995686259120703,6.357163906097412,4932.91877320807,1.867567539215088,0.000252,16,2048,,837.0126476287842
adammini-stochastic-r8,adammini,stochastic,8,1.1B,sdpa,666,126,4161536,2.4845383167266846,11.995580817179741,nan,nan,nan,nan,22.21038579940796,4.097999572753906,0.01870039477944374,4.097999572753906,13.995686259120703,6.35413670539856,4934.4244573365395,1.8254767656326294,0.000254,16,2048,,843.3978171348572
adammini-stochastic-r8,adammini,stochastic,8,1.1B,sdpa,666,127,4194304,2.3567848205566406,10.556954325756472,nan,nan,nan,nan,22.21038579940796,4.097999572753906,0.01870039477944374,4.097999572753906,13.995686259120703,6.358719348907471,4935.881405410837,1.7963452339172363,0.000256,16,2048,,849.787832736969
adammini-stochastic-r8,adammini,stochastic,8,1.1B,sdpa,666,128,4227072,2.5100340843200684,12.305349472832663,nan,nan,nan,nan,22.21038579940796,4.097999572753906,0.01870039477944374,4.097999572753906,13.995686259120703,6.366459608078003,4937.270922652492,1.8275593519210815,0.00025800000000000004,16,2048,,856.1853911876678
adammini-stochastic-r8,adammini,stochastic,8,1.1B,sdpa,666,129,4259840,2.5224666595458984,12.459291621622125,nan,nan,nan,nan,22.21038579940796,4.097999572753906,0.01870039477944374,4.097999572753906,13.995686259120703,6.359928131103516,4938.677115026921,1.8740509748458862,0.00026000000000000003,16,2048,,862.5764501094818
adammini-stochastic-r8,adammini,stochastic,8,1.1B,sdpa,666,130,4292608,2.447733163833618,11.562107586914642,nan,nan,nan,nan,22.21038579940796,4.097999572753906,0.01870039477944374,4.097999572753906,13.995686259120703,6.373697996139526,4939.985835332549,1.8544869422912598,0.000262,16,2048,,868.9791705608368
adammini-stochastic-r8,adammini,stochastic,8,1.1B,sdpa,666,131,4325376,2.234121799468994,9.338277369988612,nan,nan,nan,nan,22.21038579940796,4.097999572753906,0.01870039477944374,4.097999572753906,13.995686259120703,6.357803821563721,4941.377301850565,2.0743749141693115,0.000264,16,2048,,875.3680119514465
adammini-stochastic-r8,adammini,stochastic,8,1.1B,sdpa,666,132,4358144,2.5737671852111816,13.115138651101,nan,nan,nan,nan,22.21038579940796,4.097999572753906,0.01870039477944374,4.097999572753906,13.995686259120703,6.38211727142334,4942.599689261427,2.866138458251953,0.000266,16,2048,,881.7810735702515
adammini-stochastic-r8,adammini,stochastic,8,1.1B,sdpa,666,133,4390912,2.3573169708251953,10.56257370688102,nan,nan,nan,nan,22.21038579940796,4.097999572753906,0.01870039477944374,4.097999572753906,13.995686259120703,6.344264984130859,4944.015882835316,1.8309588432312012,0.000268,16,2048,,888.1563317775726
adammini-stochastic-r8,adammini,stochastic,8,1.1B,sdpa,666,134,4423680,2.4350502490997314,11.416392362392537,nan,nan,nan,nan,22.21038579940796,4.097999572753906,0.01870039477944374,4.097999572753906,13.995686259120703,6.361049652099609,4945.319831143101,1.8618866205215454,0.00027,16,2048,,894.5481023788452
adammini-stochastic-r8,adammini,stochastic,8,1.1B,sdpa,666,135,4456448,2.385979175567627,10.869700801220938,nan,nan,nan,nan,22.21038579940796,4.097999572753906,0.01870039477944374,4.097999572753906,13.995686259120703,6.367966175079346,4946.567074081751,1.870535135269165,0.00027200000000000005,16,2048,,900.9469425678253
adammini-stochastic-r8,adammini,stochastic,8,1.1B,sdpa,666,136,4489216,1.9779653549194336,7.228021555297497,nan,nan,nan,nan,22.21038579940796,4.097999572753906,0.01870039477944374,4.097999572753906,13.995686259120703,6.345086097717285,4947.921787904577,1.9283007383346558,0.00027400000000000005,16,2048,,907.3229577541351
adammini-stochastic-r8,adammini,stochastic,8,1.1B,sdpa,666,137,4521984,2.4653525352478027,11.767629925151002,nan,nan,nan,nan,22.21038579940796,4.097999572753906,0.01870039477944374,4.097999572753906,13.995686259120703,6.358454704284668,4949.184555203135,1.8675633668899536,0.00027600000000000004,16,2048,,913.7125065326691
adammini-stochastic-r8,adammini,stochastic,8,1.1B,sdpa,666,138,4554752,2.0691192150115967,7.9178461256775705,nan,nan,nan,nan,22.21038579940796,4.097999572753906,0.01870039477944374,4.097999572753906,13.995686259120703,6.364746332168579,4950.395193411225,1.8797625303268433,0.00027800000000000004,16,2048,,920.1084234714508
adammini-stochastic-r8,adammini,stochastic,8,1.1B,sdpa,666,139,4587520,2.2453126907348633,9.443367948506882,nan,nan,nan,nan,22.21038579940796,4.097999572753906,0.01870039477944374,4.097999572753906,13.995686259120703,6.3717200756073,4951.550817030274,1.6962182521820068,0.00028000000000000003,16,2048,,926.511289358139
adammini-stochastic-r8,adammini,stochastic,8,1.1B,sdpa,666,140,4620288,2.4391281604766846,11.463042451508723,nan,nan,nan,nan,22.21038579940796,4.097999572753906,0.01870039477944374,4.097999572753906,13.995686259120703,6.389378309249878,4952.59787788792,1.7920565605163574,0.00028199999999999997,16,2048,,932.9289889335632
adammini-stochastic-r8,adammini,stochastic,8,1.1B,sdpa,666,141,4653056,2.4517855644226074,11.609056943059075,nan,nan,nan,nan,22.21038579940796,4.097999572753906,0.01870039477944374,4.097999572753906,13.995686259120703,6.387012720108032,4953.657423876738,2.308833122253418,0.00028399999999999996,16,2048,,939.3468811511993
adammini-stochastic-r8,adammini,stochastic,8,1.1B,sdpa,666,142,4685824,2.2789320945739746,9.766245412257847,nan,nan,nan,nan,22.21038579940796,4.097999572753906,0.01870039477944374,4.097999572753906,13.995686259120703,6.3565733432769775,4954.848596470423,1.704502820968628,0.00028599999999999996,16,2048,,945.7344126701355
adammini-stochastic-r8,adammini,stochastic,8,1.1B,sdpa,666,143,4718592,2.2928128242492676,9.902753247152358,nan,nan,nan,nan,22.21038579940796,4.097999572753906,0.01870039477944374,4.097999572753906,13.995686259120703,6.349470853805542,4956.061084119317,1.668689250946045,0.000288,16,2048,,952.1147396564484
adammini-stochastic-r8,adammini,stochastic,8,1.1B,sdpa,666,144,4751360,1.940455436706543,6.9619209630716545,nan,nan,nan,nan,22.21038579940796,4.097999572753906,0.01870039477944374,4.097999572753906,13.995686259120703,6.348114728927612,4957.264956100889,1.598876714706421,0.00029,16,2048,,958.4936788082123
adammini-stochastic-r8,adammini,stochastic,8,1.1B,sdpa,666,145,4784128,2.4021737575531006,11.047164155916395,nan,nan,nan,nan,22.21038579940796,4.097999572753906,0.01870039477944374,4.097999572753906,13.995686259120703,6.357105255126953,4958.401264155637,1.7649869918823242,0.000292,16,2048,,964.8826627731323
adammini-stochastic-r8,adammini,stochastic,8,1.1B,sdpa,666,146,4816896,2.418682336807251,11.23105081843973,nan,nan,nan,nan,22.21038579940796,4.097999572753906,0.01870039477944374,4.097999572753906,13.995686259120703,6.350114583969116,4959.559213551321,1.6610946655273438,0.000294,16,2048,,971.2644128799438
adammini-stochastic-r8,adammini,stochastic,8,1.1B,sdpa,666,147,4849664,2.509660482406616,12.300753029397411,nan,nan,nan,nan,22.21038579940796,4.097999572753906,0.01870039477944374,4.097999572753906,13.995686259120703,6.347090482711792,4960.720555087209,1.713293433189392,0.000296,16,2048,,977.6425433158875
adammini-stochastic-r8,adammini,stochastic,8,1.1B,sdpa,666,148,4882432,2.4584007263183594,11.686107303519568,nan,nan,nan,nan,22.21038579940796,4.097999572753906,0.01870039477944374,4.097999572753906,13.995686259120703,6.365694761276245,4961.770085009029,1.808451533317566,0.000298,16,2048,,984.0397968292236
adammini-stochastic-r8,adammini,stochastic,8,1.1B,sdpa,666,149,4915200,2.1392595767974854,8.493146777291013,nan,nan,nan,nan,22.21038579940796,4.097999572753906,0.01870039477944374,4.097999572753906,13.995686259120703,6.3488171100616455,4962.892578351236,1.8937468528747559,0.0003,16,2048,,990.4198124408722
adammini-stochastic-r8,adammini,stochastic,8,1.1B,sdpa,666,150,4947968,2.537107467651367,12.643047605050695,2.455516829025332,11.652454319499618,nan,nan,22.21038579940796,4.097999572753906,0.01870039477944374,4.097999572753906,13.995686259120703,6.38204026222229,4963.836816000318,1.915578842163086,0.000302,16,2048,,1038.0929517745972
adammini-stochastic-r8,adammini,stochastic,8,1.1B,sdpa,666,151,4980736,2.629791498184204,13.870877497459668,nan,nan,nan,nan,22.21038579940796,4.097999572753906,0.01870039477944374,4.097999572753906,13.995686259120703,6.365177154541016,4768.716657237789,1.9891690015792847,0.000304,16,2048,,1044.4900736808777
adammini-stochastic-r8,adammini,stochastic,8,1.1B,sdpa,666,152,5013504,2.4434218406677246,11.512366905750369,nan,nan,nan,nan,22.21038579940796,4.097999572753906,0.01870039477944374,4.097999572753906,13.995686259120703,6.358641624450684,4770.9005585329405,1.7500450611114502,0.000306,16,2048,,1050.8808007240295
adammini-stochastic-r8,adammini,stochastic,8,1.1B,sdpa,666,153,5046272,2.4707067012786865,11.830804742871985,nan,nan,nan,nan,22.21038579940796,4.097999572753906,0.01870039477944374,4.097999572753906,13.995686259120703,6.362060546875,4773.043293141349,1.932362675666809,0.000308,16,2048,,1057.2738852500916
adammini-stochastic-r8,adammini,stochastic,8,1.1B,sdpa,666,154,5079040,2.586230754852295,13.279622996828648,nan,nan,nan,nan,22.21038579940796,4.097999572753906,0.01870039477944374,4.097999572753906,13.995686259120703,6.3717241287231445,4775.117800355693,2.0386393070220947,0.00031,16,2048,,1063.6767473220825
adammini-stochastic-r8,adammini,stochastic,8,1.1B,sdpa,666,155,5111808,2.5927979946136475,13.367120458924935,nan,nan,nan,nan,22.21038579940796,4.097999572753906,0.01870039477944374,4.097999572753906,13.995686259120703,6.381626605987549,4777.124222787053,1.878494381904602,0.000312,16,2048,,1070.08935546875
adammini-stochastic-r8,adammini,stochastic,8,1.1B,sdpa,666,156,5144576,2.441018581390381,11.484732922293857,nan,nan,nan,nan,22.21038579940796,4.097999572753906,0.01870039477944374,4.097999572753906,13.995686259120703,6.338531017303467,4779.297917552113,2.0650651454925537,0.000314,16,2048,,1076.4589388370514
adammini-stochastic-r8,adammini,stochastic,8,1.1B,sdpa,666,157,5177344,2.371387004852295,10.71223991360279,nan,nan,nan,nan,22.21038579940796,4.097999572753906,0.01870039477944374,4.097999572753906,13.995686259120703,6.352289199829102,4781.38559648849,1.9348151683807373,0.000316,16,2048,,1082.8406224250793
adammini-stochastic-r8,adammini,stochastic,8,1.1B,sdpa,666,158,5210112,2.4375972747802734,11.44550726938674,nan,nan,nan,nan,22.21038579940796,4.097999572753906,0.01870039477944374,4.097999572753906,13.995686259120703,6.36769962310791,4783.38843140111,1.6959725618362427,0.00031800000000000003,16,2048,,1089.2389950752258
adammini-stochastic-r8,adammini,stochastic,8,1.1B,sdpa,666,159,5242880,2.4858994483947754,12.011919499133331,nan,nan,nan,nan,22.21038579940796,4.097999572753906,0.01870039477944374,4.097999572753906,13.995686259120703,6.368799209594727,4785.356043105246,1.9779824018478394,0.00032,16,2048,,1095.6387972831726
adammini-stochastic-r8,adammini,stochastic,8,1.1B,sdpa,666,160,5275648,2.265897274017334,9.639770237144806,nan,nan,nan,nan,22.21038579940796,4.097999572753906,0.01870039477944374,4.097999572753906,13.995686259120703,6.342347860336304,4787.415640857942,1.743659257888794,0.000322,16,2048,,1102.0104949474335
adammini-stochastic-r8,adammini,stochastic,8,1.1B,sdpa,666,161,5308416,2.4125664234161377,11.162572302130078,nan,nan,nan,nan,22.21038579940796,4.097999572753906,0.01870039477944374,4.097999572753906,13.995686259120703,6.362166881561279,4789.3734362991645,1.7177170515060425,0.000324,16,2048,,1108.4036962985992
adammini-stochastic-r8,adammini,stochastic,8,1.1B,sdpa,666,162,5341184,2.185882806777954,8.898500743648128,nan,nan,nan,nan,22.21038579940796,4.097999572753906,0.01870039477944374,4.097999572753906,13.995686259120703,6.367063045501709,4791.27943817611,1.808355450630188,0.000326,16,2048,,1114.8018400669098
adammini-stochastic-r8,adammini,stochastic,8,1.1B,sdpa,666,163,5373952,2.5960004329681396,13.409996455396218,nan,nan,nan,nan,22.21038579940796,4.097999572753906,0.01870039477944374,4.097999572753906,13.995686259120703,6.357263088226318,4793.205660178613,1.8007596731185913,0.000328,16,2048,,1121.190165758133
adammini-stochastic-r8,adammini,stochastic,8,1.1B,sdpa,666,164,5406720,2.4186415672302246,11.230592942582067,nan,nan,nan,nan,22.21038579940796,4.097999572753906,0.01870039477944374,4.097999572753906,13.995686259120703,6.372901678085327,4795.043342447399,1.8099113702774048,0.00033,16,2048,,1127.5940942764282
adammini-stochastic-r8,adammini,stochastic,8,1.1B,sdpa,666,165,5439488,2.2896230220794678,9.871215749287899,nan,nan,nan,nan,22.21038579940796,4.097999572753906,0.01870039477944374,4.097999572753906,13.995686259120703,6.365293264389038,4796.893048259924,2.09001088142395,0.00033200000000000005,16,2048,,1133.9903719425201
adammini-stochastic-r8,adammini,stochastic,8,1.1B,sdpa,666,166,5472256,2.3573055267333984,10.56245282850958,nan,nan,nan,nan,22.21038579940796,4.097999572753906,0.01870039477944374,4.097999572753906,13.995686259120703,6.360867023468018,4798.740389261176,1.911095142364502,0.00033400000000000004,16,2048,,1140.3823914527893
adammini-stochastic-r8,adammini,stochastic,8,1.1B,sdpa,666,167,5505024,2.3727519512176514,10.726871529951813,nan,nan,nan,nan,22.21038579940796,4.097999572753906,0.01870039477944374,4.097999572753906,13.995686259120703,6.355529308319092,4800.589275742802,1.8527740240097046,0.00033600000000000004,16,2048,,1146.7691287994385
adammini-stochastic-r8,adammini,stochastic,8,1.1B,sdpa,666,168,5537792,2.513179302215576,12.344113406758762,nan,nan,nan,nan,22.21038579940796,4.097999572753906,0.01870039477944374,4.097999572753906,13.995686259120703,6.356446266174316,4802.412996270076,2.0815837383270264,0.00033800000000000003,16,2048,,1153.1570942401886
adammini-stochastic-r8,adammini,stochastic,8,1.1B,sdpa,666,169,5570560,2.351236581802368,10.498544009665675,nan,nan,nan,nan,22.21038579940796,4.097999572753906,0.01870039477944374,4.097999572753906,13.995686259120703,6.361818313598633,4803.780957178247,1.8027929067611694,0.00034,16,2048,,1159.6496109962463
adammini-stochastic-r8,adammini,stochastic,8,1.1B,sdpa,666,170,5603328,2.3009908199310303,9.98406997115191,nan,nan,nan,nan,22.21038579940796,4.097999572753906,0.01870039477944374,4.097999572753906,13.995686259120703,6.345722675323486,4805.606252008382,1.9763933420181274,0.000342,16,2048,,1166.027881860733
adammini-stochastic-r8,adammini,stochastic,8,1.1B,sdpa,666,171,5636096,2.3619625568389893,10.611757206197323,nan,nan,nan,nan,22.21038579940796,4.097999572753906,0.01870039477944374,4.097999572753906,13.995686259120703,6.354860067367554,4807.380933180064,1.9273602962493896,0.00034399999999999996,16,2048,,1172.4135744571686
adammini-stochastic-r8,adammini,stochastic,8,1.1B,sdpa,666,172,5668864,2.514864921569824,12.36493842982833,nan,nan,nan,nan,22.21038579940796,4.097999572753906,0.01870039477944374,4.097999572753906,13.995686259120703,6.35893988609314,4809.119654091062,1.7813804149627686,0.000346,16,2048,,1178.8033962249756
adammini-stochastic-r8,adammini,stochastic,8,1.1B,sdpa,666,173,5701632,2.174325942993164,8.796253946830255,nan,nan,nan,nan,22.21038579940796,4.097999572753906,0.01870039477944374,4.097999572753906,13.995686259120703,6.349237442016602,4810.878970284971,1.7746244668960571,0.000348,16,2048,,1185.1833086013794
adammini-stochastic-r8,adammini,stochastic,8,1.1B,sdpa,666,174,5734400,2.415196657180786,11.191971122635902,nan,nan,nan,nan,22.21038579940796,4.097999572753906,0.01870039477944374,4.097999572753906,13.995686259120703,6.368311882019043,4812.543364150653,1.909947395324707,0.00035,16,2048,,1191.58252286911
adammini-stochastic-r8,adammini,stochastic,8,1.1B,sdpa,666,175,5767168,2.4705283641815186,11.828695059619966,nan,nan,nan,nan,22.21038579940796,4.097999572753906,0.01870039477944374,4.097999572753906,13.995686259120703,6.387971878051758,4814.110493778627,2.101224422454834,0.000352,16,2048,,1198.0012674331665
adammini-stochastic-r8,adammini,stochastic,8,1.1B,sdpa,666,176,5799936,2.5320546627044678,12.579325873879629,nan,nan,nan,nan,22.21038579940796,4.097999572753906,0.01870039477944374,4.097999572753906,13.995686259120703,6.371172189712524,4815.724508117267,2.148247718811035,0.000354,16,2048,,1204.404418706894
adammini-stochastic-r8,adammini,stochastic,8,1.1B,sdpa,666,177,5832704,2.5116875171661377,12.325712371537112,nan,nan,nan,nan,22.21038579940796,4.097999572753906,0.01870039477944374,4.097999572753906,13.995686259120703,6.365209579467773,4817.3469882440295,1.747764229774475,0.000356,16,2048,,1210.8002598285675
adammini-stochastic-r8,adammini,stochastic,8,1.1B,sdpa,666,178,5865472,2.521423101425171,12.4462964084813,nan,nan,nan,nan,22.21038579940796,4.097999572753906,0.01870039477944374,4.097999572753906,13.995686259120703,6.366831064224243,4818.944188144627,2.987632989883423,0.000358,16,2048,,1217.1993837356567
adammini-stochastic-r8,adammini,stochastic,8,1.1B,sdpa,666,179,5898240,2.4354491233825684,11.420946976007404,nan,nan,nan,nan,22.21038579940796,4.097999572753906,0.01870039477944374,4.097999572753906,13.995686259120703,6.371761083602905,4820.5062137754385,1.5719928741455078,0.00035999999999999997,16,2048,,1223.6026754379272
adammini-stochastic-r8,adammini,stochastic,8,1.1B,sdpa,666,180,5931008,2.2777678966522217,9.75488218545152,nan,nan,nan,nan,22.21038579940796,4.097999572753906,0.01870039477944374,4.097999572753906,13.995686259120703,6.360043287277222,4822.099317180269,1.5157511234283447,0.000362,16,2048,,1229.993412733078
adammini-stochastic-r8,adammini,stochastic,8,1.1B,sdpa,666,181,5963776,2.1475067138671875,8.563480550403078,nan,nan,nan,nan,22.21038579940796,4.097999572753906,0.01870039477944374,4.097999572753906,13.995686259120703,6.328582048416138,4823.799802415948,1.6396691799163818,0.000364,16,2048,,1236.3531103134155
adammini-stochastic-r8,adammini,stochastic,8,1.1B,sdpa,666,182,5996544,2.238927125930786,9.383258830086271,nan,nan,nan,nan,22.21038579940796,4.097999572753906,0.01870039477944374,4.097999572753906,13.995686259120703,6.354643821716309,4825.380703147476,1.671661138534546,0.000366,16,2048,,1242.7387096881866
adammini-stochastic-r8,adammini,stochastic,8,1.1B,sdpa,666,183,6029312,2.4735677242279053,11.8647014132033,nan,nan,nan,nan,22.21038579940796,4.097999572753906,0.01870039477944374,4.097999572753906,13.995686259120703,6.340662479400635,4827.000338200631,1.8821619749069214,0.000368,16,2048,,1249.1102769374847
adammini-stochastic-r8,adammini,stochastic,8,1.1B,sdpa,666,184,6062080,2.21278977394104,9.141182687172725,nan,nan,nan,nan,22.21038579940796,4.097999572753906,0.01870039477944374,4.097999572753906,13.995686259120703,6.357604742050171,4828.538017982417,2.2712502479553223,0.00037,16,2048,,1255.4988029003143
adammini-stochastic-r8,adammini,stochastic,8,1.1B,sdpa,666,185,6094848,2.6391103267669678,14.000741979785163,nan,nan,nan,nan,22.21038579940796,4.097999572753906,0.01870039477944374,4.097999572753906,13.995686259120703,6.3755574226379395,4829.991344928426,1.7470643520355225,0.000372,16,2048,,1261.905365228653
adammini-stochastic-r8,adammini,stochastic,8,1.1B,sdpa,666,186,6127616,2.3696396350860596,10.69353801377481,nan,nan,nan,nan,22.21038579940796,4.097999572753906,0.01870039477944374,4.097999572753906,13.995686259120703,6.369501352310181,4831.450349476376,1.6714324951171875,0.000374,16,2048,,1268.3060746192932
adammini-stochastic-r8,adammini,stochastic,8,1.1B,sdpa,666,187,6160384,2.295733690261841,9.931720146164118,nan,nan,nan,nan,22.21038579940796,4.097999572753906,0.01870039477944374,4.097999572753906,13.995686259120703,6.366796016693115,4832.903544706632,1.914804458618164,0.00037600000000000003,16,2048,,1274.705218553543
adammini-stochastic-r8,adammini,stochastic,8,1.1B,sdpa,666,188,6193152,2.65789794921875,14.266269135805848,nan,nan,nan,nan,22.21038579940796,4.097999572753906,0.01870039477944374,4.097999572753906,13.995686259120703,6.36840295791626,4834.336962212053,1.8046348094940186,0.000378,16,2048,,1281.1055369377136
adammini-stochastic-r8,adammini,stochastic,8,1.1B,sdpa,666,189,6225920,2.4043397903442383,11.071118609427502,nan,nan,nan,nan,22.21038579940796,4.097999572753906,0.01870039477944374,4.097999572753906,13.995686259120703,6.3520283699035645,4835.819551061651,1.878506064414978,0.00038,16,2048,,1287.4888904094696
adammini-stochastic-r8,adammini,stochastic,8,1.1B,sdpa,666,190,6258688,2.4380569458007812,11.450769646782021,nan,nan,nan,nan,22.21038579940796,4.097999572753906,0.01870039477944374,4.097999572753906,13.995686259120703,6.360548496246338,4837.256800458196,1.9689581394195557,0.000382,16,2048,,1293.878103017807
adammini-stochastic-r8,adammini,stochastic,8,1.1B,sdpa,666,191,6291456,2.3141603469848633,10.116425064810157,nan,nan,nan,nan,22.21038579940796,4.097999572753906,0.01870039477944374,4.097999572753906,13.995686259120703,6.34856653213501,4838.73357286239,1.9189808368682861,0.000384,16,2048,,1300.2569699287415
adammini-stochastic-r8,adammini,stochastic,8,1.1B,sdpa,666,192,6324224,2.6145548820495605,13.661134208293298,nan,nan,nan,nan,22.21038579940796,4.097999572753906,0.01870039477944374,4.097999572753906,13.995686259120703,6.346449851989746,4840.196851094992,1.8965946435928345,0.000386,16,2048,,1306.6343381404877
adammini-stochastic-r8,adammini,stochastic,8,1.1B,sdpa,666,193,6356992,2.15826416015625,8.656099008345418,nan,nan,nan,nan,22.21038579940796,4.097999572753906,0.01870039477944374,4.097999572753906,13.995686259120703,6.358744382858276,4841.5989831727975,2.077263832092285,0.000388,16,2048,,1313.0239787101746
adammini-stochastic-r8,adammini,stochastic,8,1.1B,sdpa,666,194,6389760,2.33640718460083,10.34400561815142,nan,nan,nan,nan,22.21038579940796,4.097999572753906,0.01870039477944374,4.097999572753906,13.995686259120703,6.368460655212402,4842.951359626509,1.8893853425979614,0.00039000000000000005,16,2048,,1319.4234960079193
adammini-stochastic-r8,adammini,stochastic,8,1.1B,sdpa,666,195,6422528,2.5037832260131836,12.22867038160329,nan,nan,nan,nan,22.21038579940796,4.097999572753906,0.01870039477944374,4.097999572753906,13.995686259120703,6.348130941390991,4844.364310611798,1.8767504692077637,0.00039200000000000004,16,2048,,1325.8031554222107
adammini-stochastic-r8,adammini,stochastic,8,1.1B,sdpa,666,196,6455296,2.425657033920288,11.3096578074672,nan,nan,nan,nan,22.21038579940796,4.097999572753906,0.01870039477944374,4.097999572753906,13.995686259120703,6.379523754119873,4845.649130587255,1.7965141534805298,0.00039400000000000004,16,2048,,1332.2137217521667
adammini-stochastic-r8,adammini,stochastic,8,1.1B,sdpa,666,197,6488064,1.969215750694275,7.165055094864134,nan,nan,nan,nan,22.21038579940796,4.097999572753906,0.01870039477944374,4.097999572753906,13.995686259120703,6.386300563812256,4846.896296183372,2.08027720451355,0.00039600000000000003,16,2048,,1338.631691455841
adammini-stochastic-r8,adammini,stochastic,8,1.1B,sdpa,666,198,6520832,2.407655954360962,11.107893196164934,nan,nan,nan,nan,22.21038579940796,4.097999572753906,0.01870039477944374,4.097999572753906,13.995686259120703,6.361943244934082,4848.220195579346,1.5771760940551758,0.000398,16,2048,,1345.0246450901031
adammini-stochastic-r8,adammini,stochastic,8,1.1B,sdpa,666,199,6553600,2.3188283443450928,10.163758901468823,nan,nan,nan,nan,22.21038579940796,4.097999572753906,0.01870039477944374,4.097999572753906,13.995686259120703,6.365788459777832,4849.518019691803,1.6693328619003296,0.0004,16,2048,,1351.4217903614044
adammini-stochastic-r8,adammini,stochastic,8,1.1B,sdpa,666,200,6586368,2.524941921234131,12.490169828891677,2.4521563642415063,11.613362377448965,nan,nan,22.21038579940796,4.097999572753906,0.01870039477944374,4.097999572753906,13.995686259120703,6.369252443313599,4850.788316245262,2.6746156215667725,0.000402,16,2048,,1370.5468673706055
adammini-stochastic-r8,adammini,stochastic,8,1.1B,sdpa,666,201,6619136,2.367600917816162,10.671759121195459,nan,nan,nan,nan,22.21038579940796,4.097999572753906,0.01870039477944374,4.097999572753906,13.995686259120703,6.348560571670532,4807.283894234831,1.8000727891921997,0.000404,16,2048,,1376.926696062088
adammini-stochastic-r8,adammini,stochastic,8,1.1B,sdpa,666,202,6651904,2.1826274394989014,8.869579954929733,nan,nan,nan,nan,22.21038579940796,4.097999572753906,0.01870039477944374,4.097999572753906,13.995686259120703,6.364481449127197,4808.747222051688,1.653278112411499,0.00040600000000000006,16,2048,,1383.3221278190613
adammini-stochastic-r8,adammini,stochastic,8,1.1B,sdpa,666,203,6684672,2.4029366970062256,11.055595689261828,nan,nan,nan,nan,22.21038579940796,4.097999572753906,0.01870039477944374,4.097999572753906,13.995686259120703,6.3456199169158936,4810.261782092322,1.5688669681549072,0.000408,16,2048,,1389.6991128921509
adammini-stochastic-r8,adammini,stochastic,8,1.1B,sdpa,666,204,6717440,2.2337944507598877,9.335220997223402,nan,nan,nan,nan,22.21038579940796,4.097999572753906,0.01870039477944374,4.097999572753906,13.995686259120703,6.342937231063843,4811.770225162408,2.127289056777954,0.00041,16,2048,,1396.0730922222137
adammini-stochastic-r8,adammini,stochastic,8,1.1B,sdpa,666,205,6750208,2.1800858974456787,8.847066166468798,nan,nan,nan,nan,22.21038579940796,4.097999572753906,0.01870039477944374,4.097999572753906,13.995686259120703,6.379213809967041,4813.141559702603,1.6619558334350586,0.000412,16,2048,,1402.4833643436432
adammini-stochastic-r8,adammini,stochastic,8,1.1B,sdpa,666,206,6782976,2.403656244277954,11.06355357567175,nan,nan,nan,nan,22.21038579940796,4.097999572753906,0.01870039477944374,4.097999572753906,13.995686259120703,6.382715225219727,4814.488797772623,1.7131330966949463,0.000414,16,2048,,1408.8971860408783
adammini-stochastic-r8,adammini,stochastic,8,1.1B,sdpa,666,207,6815744,2.3016085624694824,9.990239461262021,nan,nan,nan,nan,22.21038579940796,4.097999572753906,0.01870039477944374,4.097999572753906,13.995686259120703,6.356920003890991,4815.9113308938,1.7071001529693604,0.000416,16,2048,,1415.284954547882
adammini-stochastic-r8,adammini,stochastic,8,1.1B,sdpa,666,208,6848512,2.425321340560913,11.305861867615976,nan,nan,nan,nan,22.21038579940796,4.097999572753906,0.01870039477944374,4.097999572753906,13.995686259120703,6.355956554412842,4817.32461303043,1.6455378532409668,0.00041799999999999997,16,2048,,1421.6718394756317
adammini-stochastic-r8,adammini,stochastic,8,1.1B,sdpa,666,209,6881280,2.4483814239501953,11.569605270088728,nan,nan,nan,nan,22.21038579940796,4.097999572753906,0.01870039477944374,4.097999572753906,13.995686259120703,6.341599702835083,4818.774432262832,1.5520191192626953,0.00042,16,2048,,1428.0440859794617
adammini-stochastic-r8,adammini,stochastic,8,1.1B,sdpa,666,210,6914048,2.4199564456939697,11.245369519950088,nan,nan,nan,nan,22.21038579940796,4.097999572753906,0.01870039477944374,4.097999572753906,13.995686259120703,6.3636674880981445,4820.137515590763,1.653654932975769,0.000422,16,2048,,1434.4367451667786
adammini-stochastic-r8,adammini,stochastic,8,1.1B,sdpa,666,211,6946816,2.2189981937408447,9.198111522959476,nan,nan,nan,nan,22.21038579940796,4.097999572753906,0.01870039477944374,4.097999572753906,13.995686259120703,6.372995376586914,4821.462368567917,1.7165629863739014,0.000424,16,2048,,1440.8405740261078
adammini-stochastic-r8,adammini,stochastic,8,1.1B,sdpa,666,212,6979584,2.5367271900177,12.638240650871616,nan,nan,nan,nan,22.21038579940796,4.097999572753906,0.01870039477944374,4.097999572753906,13.995686259120703,6.360368728637695,4822.808766641412,1.8517084121704102,0.000426,16,2048,,1447.2329037189484
adammini-stochastic-r8,adammini,stochastic,8,1.1B,sdpa,666,213,7012352,2.432436943054199,11.386596784652529,nan,nan,nan,nan,22.21038579940796,4.097999572753906,0.01870039477944374,4.097999572753906,13.995686259120703,6.358808755874634,4824.146489033424,1.9553022384643555,0.000428,16,2048,,1453.6240923404694
adammini-stochastic-r8,adammini,stochastic,8,1.1B,sdpa,666,214,7045120,2.4140212535858154,11.178823767781298,nan,nan,nan,nan,22.21038579940796,4.097999572753906,0.01870039477944374,4.097999572753906,13.995686259120703,6.364048004150391,4825.455155449515,1.8172165155410767,0.00043,16,2048,,1460.0204849243164
adammini-stochastic-r8,adammini,stochastic,8,1.1B,sdpa,666,215,7077888,2.2403712272644043,9.39681899544636,nan,nan,nan,nan,22.21038579940796,4.097999572753906,0.01870039477944374,4.097999572753906,13.995686259120703,6.384032487869263,4826.682037352619,1.7551822662353516,0.000432,16,2048,,1466.4383606910706
adammini-stochastic-r8,adammini,stochastic,8,1.1B,sdpa,666,216,7110656,2.3128554821014404,10.103233105731178,nan,nan,nan,nan,22.21038579940796,4.097999572753906,0.01870039477944374,4.097999572753906,13.995686259120703,6.349755525588989,4828.019775464118,1.6748764514923096,0.00043400000000000003,16,2048,,1472.8189551830292
adammini-stochastic-r8,adammini,stochastic,8,1.1B,sdpa,666,217,7143424,1.9192414283752441,6.815786245741339,nan,nan,nan,nan,22.21038579940796,4.097999572753906,0.01870039477944374,4.097999572753906,13.995686259120703,6.36652684211731,4829.290974903418,1.926531434059143,0.000436,16,2048,,1479.216638326645
adammini-stochastic-r8,adammini,stochastic,8,1.1B,sdpa,666,218,7176192,2.3551321029663086,10.539521071732961,nan,nan,nan,nan,22.21038579940796,4.097999572753906,0.01870039477944374,4.097999572753906,13.995686259120703,6.358304500579834,4830.578096594382,1.6585612297058105,0.000438,16,2048,,1485.6060574054718
adammini-stochastic-r8,adammini,stochastic,8,1.1B,sdpa,666,219,7208960,2.637364149093628,13.976315529397654,nan,nan,nan,nan,22.21038579940796,4.097999572753906,0.01870039477944374,4.097999572753906,13.995686259120703,6.366311311721802,4831.8280187797145,1.7090116739273071,0.00044,16,2048,,1492.0035412311554
adammini-stochastic-r8,adammini,stochastic,8,1.1B,sdpa,666,220,7241728,2.672433853149414,14.475156760616724,nan,nan,nan,nan,22.21038579940796,4.097999572753906,0.01870039477944374,4.097999572753906,13.995686259120703,6.354170083999634,4833.10623325322,1.9874931573867798,0.000442,16,2048,,1498.386611700058
adammini-stochastic-r8,adammini,stochastic,8,1.1B,sdpa,666,221,7274496,2.388427495956421,10.896345915891573,nan,nan,nan,nan,22.21038579940796,4.097999572753906,0.01870039477944374,4.097999572753906,13.995686259120703,6.365211248397827,4834.345147452533,2.3365671634674072,0.000444,16,2048,,1504.7827110290527
adammini-stochastic-r8,adammini,stochastic,8,1.1B,sdpa,666,222,7307264,2.4236390590667725,11.286858214649437,nan,nan,nan,nan,22.21038579940796,4.097999572753906,0.01870039477944374,4.097999572753906,13.995686259120703,6.359007358551025,4835.586504137221,1.9832593202590942,0.000446,16,2048,,1511.1731126308441
adammini-stochastic-r8,adammini,stochastic,8,1.1B,sdpa,666,223,7340032,2.4609429836273193,11.715854191325349,nan,nan,nan,nan,22.21038579940796,4.097999572753906,0.01870039477944374,4.097999572753906,13.995686259120703,6.360784530639648,4836.809583945868,2.1566009521484375,0.000448,16,2048,,1517.5654418468475
adammini-stochastic-r8,adammini,stochastic,8,1.1B,sdpa,666,224,7372800,2.314816474914551,10.123064911900125,nan,nan,nan,nan,22.21038579940796,4.097999572753906,0.01870039477944374,4.097999572753906,13.995686259120703,6.362813234329224,4838.017757433571,1.9383041858673096,0.00045000000000000004,16,2048,,1523.959643125534
adammini-stochastic-r8,adammini,stochastic,8,1.1B,sdpa,666,225,7405568,2.386418104171753,10.874472871043244,nan,nan,nan,nan,22.21038579940796,4.097999572753906,0.01870039477944374,4.097999572753906,13.995686259120703,6.368496656417847,4839.19785969182,1.953104853630066,0.00045200000000000004,16,2048,,1530.3594422340393
adammini-stochastic-r8,adammini,stochastic,8,1.1B,sdpa,666,226,7438336,2.2744622230529785,9.722688968397074,nan,nan,nan,nan,22.21038579940796,4.097999572753906,0.01870039477944374,4.097999572753906,13.995686259120703,6.37593936920166,4840.3450084030865,1.7723302841186523,0.00045400000000000003,16,2048,,1536.7666590213776
adammini-stochastic-r8,adammini,stochastic,8,1.1B,sdpa,666,227,7471104,2.2499818801879883,9.487563921926288,nan,nan,nan,nan,22.21038579940796,4.097999572753906,0.01870039477944374,4.097999572753906,13.995686259120703,6.368267297744751,4841.506808828139,1.8649108409881592,0.000456,16,2048,,1543.1660323143005
adammini-stochastic-r8,adammini,stochastic,8,1.1B,sdpa,666,228,7503872,2.3488898277282715,10.473935395215843,nan,nan,nan,nan,22.21038579940796,4.097999572753906,0.01870039477944374,4.097999572753906,13.995686259120703,6.352567911148071,4842.707807343271,1.8657889366149902,0.000458,16,2048,,1549.5496912002563
adammini-stochastic-r8,adammini,stochastic,8,1.1B,sdpa,666,229,7536640,2.6910500526428223,14.747153080170165,nan,nan,nan,nan,22.21038579940796,4.097999572753906,0.01870039477944374,4.097999572753906,13.995686259120703,6.34485650062561,4843.923376848525,2.1722071170806885,0.00046,16,2048,,1555.9256739616394
adammini-stochastic-r8,adammini,stochastic,8,1.1B,sdpa,666,230,7569408,2.4926371574401855,12.093125582067872,nan,nan,nan,nan,22.21038579940796,4.097999572753906,0.01870039477944374,4.097999572753906,13.995686259120703,6.34364914894104,4845.132657184761,1.7608088254928589,0.000462,16,2048,,1562.297884464264
adammini-stochastic-r8,adammini,stochastic,8,1.1B,sdpa,666,231,7602176,2.2048308849334717,9.068717781355943,nan,nan,nan,nan,22.21038579940796,4.097999572753906,0.01870039477944374,4.097999572753906,13.995686259120703,6.352280139923096,4846.313350062364,1.752978801727295,0.00046400000000000006,16,2048,,1568.6813642978668
adammini-stochastic-r8,adammini,stochastic,8,1.1B,sdpa,666,232,7634944,2.5688250064849854,13.050481197818973,nan,nan,nan,nan,22.21038579940796,4.097999572753906,0.01870039477944374,4.097999572753906,13.995686259120703,6.341960191726685,4847.5079575639875,1.8105359077453613,0.00046600000000000005,16,2048,,1575.054264307022
adammini-stochastic-r8,adammini,stochastic,8,1.1B,sdpa,666,233,7667712,2.5608878135681152,12.947307009268773,nan,nan,nan,nan,22.21038579940796,4.097999572753906,0.01870039477944374,4.097999572753906,13.995686259120703,6.396353244781494,4848.527044967034,2.1422712802886963,0.00046800000000000005,16,2048,,1581.4818737506866
adammini-stochastic-r8,adammini,stochastic,8,1.1B,sdpa,666,234,7700480,2.24996018409729,9.48735808111191,nan,nan,nan,nan,22.21038579940796,4.097999572753906,0.01870039477944374,4.097999572753906,13.995686259120703,6.336468458175659,4849.718790907844,2.020203113555908,0.00047,16,2048,,1587.8495092391968
adammini-stochastic-r8,adammini,stochastic,8,1.1B,sdpa,666,235,7733248,2.4895873069763184,12.056299542903162,nan,nan,nan,nan,22.21038579940796,4.097999572753906,0.01870039477944374,4.097999572753906,13.995686259120703,6.36834979057312,4850.806250260024,1.7066925764083862,0.000472,16,2048,,1594.248740196228
adammini-stochastic-r8,adammini,stochastic,8,1.1B,sdpa,666,236,7766016,2.1873972415924072,8.911987152536714,nan,nan,nan,nan,22.21038579940796,4.097999572753906,0.01870039477944374,4.097999572753906,13.995686259120703,6.365338563919067,4851.893810470419,1.8472163677215576,0.000474,16,2048,,1600.6448514461517
adammini-stochastic-r8,adammini,stochastic,8,1.1B,sdpa,666,237,7798784,2.5688319206237793,13.050571430969244,nan,nan,nan,nan,22.21038579940796,4.097999572753906,0.01870039477944374,4.097999572753906,13.995686259120703,6.3811399936676025,4852.925867922755,1.7989362478256226,0.00047599999999999997,16,2048,,1607.0568959712982
adammini-stochastic-r8,adammini,stochastic,8,1.1B,sdpa,666,238,7831552,1.8892656564712524,6.61450957483272,nan,nan,nan,nan,22.21038579940796,4.097999572753906,0.01870039477944374,4.097999572753906,13.995686259120703,6.352638244628906,4854.034978089074,1.8025363683700562,0.00047799999999999996,16,2048,,1613.4405024051666
adammini-stochastic-r8,adammini,stochastic,8,1.1B,sdpa,666,239,7864320,2.557727336883545,12.906451942088754,nan,nan,nan,nan,22.21038579940796,4.097999572753906,0.01870039477944374,4.097999572753906,13.995686259120703,6.357165098190308,4855.12118820717,1.6507970094680786,0.00048,16,2048,,1619.8285627365112
adammini-stochastic-r8,adammini,stochastic,8,1.1B,sdpa,666,240,7897088,2.341015338897705,10.391782388908041,nan,nan,nan,nan,22.21038579940796,4.097999572753906,0.01870039477944374,4.097999572753906,13.995686259120703,6.357451438903809,4856.19831113175,1.7989232540130615,0.000482,16,2048,,1626.2154331207275
adammini-stochastic-r8,adammini,stochastic,8,1.1B,sdpa,666,241,7929856,2.4835171699523926,11.983337820534642,nan,nan,nan,nan,22.21038579940796,4.097999572753906,0.01870039477944374,4.097999572753906,13.995686259120703,6.3522114753723145,4857.2874875262105,1.9837063550949097,0.000484,16,2048,,1632.5986995697021
adammini-stochastic-r8,adammini,stochastic,8,1.1B,sdpa,666,242,7962624,2.3808116912841797,10.81367666974146,nan,nan,nan,nan,22.21038579940796,4.097999572753906,0.01870039477944374,4.097999572753906,13.995686259120703,6.366699457168579,4858.317547015124,1.8719979524612427,0.000486,16,2048,,1638.9972994327545
adammini-stochastic-r8,adammini,stochastic,8,1.1B,sdpa,666,243,7995392,2.601748466491699,13.487299522041646,nan,nan,nan,nan,22.21038579940796,4.097999572753906,0.01870039477944374,4.097999572753906,13.995686259120703,6.353095054626465,4859.380539993851,2.073181629180908,0.000488,16,2048,,1645.3818221092224
adammini-stochastic-r8,adammini,stochastic,8,1.1B,sdpa,666,244,8028160,2.536649465560913,12.637258388655676,nan,nan,nan,nan,22.21038579940796,4.097999572753906,0.01870039477944374,4.097999572753906,13.995686259120703,6.358666896820068,4860.420880889574,1.9032717943191528,0.00049,16,2048,,1651.7713177204132
adammini-stochastic-r8,adammini,stochastic,8,1.1B,sdpa,666,245,8060928,2.3146450519561768,10.121329734893951,nan,nan,nan,nan,22.21038579940796,4.097999572753906,0.01870039477944374,4.097999572753906,13.995686259120703,6.36000394821167,4861.448962229671,1.7966293096542358,0.000492,16,2048,,1658.1628313064575
adammini-stochastic-r8,adammini,stochastic,8,1.1B,sdpa,666,246,8093696,2.5114543437957764,12.32283867868868,nan,nan,nan,nan,22.21038579940796,4.097999572753906,0.01870039477944374,4.097999572753906,13.995686259120703,6.370450973510742,4862.438255323797,1.894005298614502,0.000494,16,2048,,1664.5641295909882
adammini-stochastic-r8,adammini,stochastic,8,1.1B,sdpa,666,247,8126464,2.261523962020874,9.59770456452409,nan,nan,nan,nan,22.21038579940796,4.097999572753906,0.01870039477944374,4.097999572753906,13.995686259120703,6.3514885902404785,4863.475524204671,1.7744953632354736,0.000496,16,2048,,1670.9449157714844
adammini-stochastic-r8,adammini,stochastic,8,1.1B,sdpa,666,248,8159232,2.2932746410369873,9.907327561012707,nan,nan,nan,nan,22.21038579940796,4.097999572753906,0.01870039477944374,4.097999572753906,13.995686259120703,6.38407564163208,4864.415993106023,1.656503677368164,0.000498,16,2048,,1677.3600914478302
adammini-stochastic-r8,adammini,stochastic,8,1.1B,sdpa,666,249,8192000,2.2402536869049072,9.39571455487295,nan,nan,nan,nan,22.21038579940796,4.097999572753906,0.01870039477944374,4.097999572753906,13.995686259120703,6.3431549072265625,4865.461973545837,1.6591486930847168,0.0005,16,2048,,1683.733942270279
adammini-stochastic-r8,adammini,stochastic,8,1.1B,sdpa,666,250,8224768,2.567328929901123,13.03097127629815,2.4680622819816844,11.799560464205063,nan,nan,22.21038579940796,4.097999572753906,0.01870039477944374,4.097999572753906,13.995686259120703,6.366502046585083,4866.433350819854,2.0279343128204346,0.0004997142914285714,16,2048,,1702.9351177215576
adammini-stochastic-r8,adammini,stochastic,8,1.1B,sdpa,666,251,8257536,2.229996919631958,9.29983743251744,nan,nan,nan,nan,22.21038579940796,4.097999572753906,0.01870039477944374,4.097999572753906,13.995686259120703,6.367804050445557,4830.932173006159,1.803317904472351,0.0004994285828571429,16,2048,,1709.3344540596008
adammini-stochastic-r8,adammini,stochastic,8,1.1B,sdpa,666,252,8290304,2.247271776199341,9.461886447128395,nan,nan,nan,nan,22.21038579940796,4.097999572753906,0.01870039477944374,4.097999572753906,13.995686259120703,6.349138259887695,4832.067204326182,1.7722800970077515,0.0004991428742857143,16,2048,,1715.7147784233093
adammini-stochastic-r8,adammini,stochastic,8,1.1B,sdpa,666,253,8323072,2.37302827835083,10.729836065181557,nan,nan,nan,nan,22.21038579940796,4.097999572753906,0.01870039477944374,4.097999572753906,13.995686259120703,6.353376388549805,4833.180615219363,1.5525587797164917,0.0004988571657142857,16,2048,,1722.0993099212646
adammini-stochastic-r8,adammini,stochastic,8,1.1B,sdpa,666,254,8355840,2.493410348892212,12.10247949911456,nan,nan,nan,nan,22.21038579940796,4.097999572753906,0.01870039477944374,4.097999572753906,13.995686259120703,6.362095594406128,4834.26137484926,1.8117173910140991,0.0004985714571428572,16,2048,,1728.492470741272
adammini-stochastic-r8,adammini,stochastic,8,1.1B,sdpa,666,255,8388608,2.4459478855133057,11.54148442142527,nan,nan,nan,nan,22.21038579940796,4.097999572753906,0.01870039477944374,4.097999572753906,13.995686259120703,6.3702356815338135,4835.311930369432,1.8165061473846436,0.0004982857485714286,16,2048,,1734.8934829235077
adammini-stochastic-r8,adammini,stochastic,8,1.1B,sdpa,666,256,8421376,2.4493110179901123,11.58036530665007,nan,nan,nan,nan,22.21038579940796,4.097999572753906,0.01870039477944374,4.097999572753906,13.995686259120703,6.383534669876099,4836.318438011697,1.7663874626159668,0.00049800004,16,2048,,1741.3078472614288
adammini-stochastic-r8,adammini,stochastic,8,1.1B,sdpa,666,257,8454144,2.3235907554626465,10.212278342917026,nan,nan,nan,nan,22.21038579940796,4.097999572753906,0.01870039477944374,4.097999572753906,13.995686259120703,6.3838279247283936,4837.316412589392,1.8052762746810913,0.0004977143314285714,16,2048,,1747.7225952148438
adammini-stochastic-r8,adammini,stochastic,8,1.1B,sdpa,666,258,8486912,2.296321392059326,9.9375587514575,nan,nan,nan,nan,22.21038579940796,4.097999572753906,0.01870039477944374,4.097999572753906,13.995686259120703,6.350617408752441,4838.398713761362,1.832292079925537,0.0004974286228571429,16,2048,,1754.1040654182434
adammini-stochastic-r8,adammini,stochastic,8,1.1B,sdpa,666,259,8519680,2.3307783603668213,10.285944589612248,nan,nan,nan,nan,22.21038579940796,4.097999572753906,0.01870039477944374,4.097999572753906,13.995686259120703,6.365735292434692,4839.432025374746,1.7060455083847046,0.0004971429142857143,16,2048,,1760.5005893707275
adammini-stochastic-r8,adammini,stochastic,8,1.1B,sdpa,666,260,8552448,2.3193068504333496,10.168623485756529,nan,nan,nan,nan,22.21038579940796,4.097999572753906,0.01870039477944374,4.097999572753906,13.995686259120703,6.347141981124878,4840.508246137393,1.8715710639953613,0.0004968572057142857,16,2048,,1766.8789484500885
adammini-stochastic-r8,adammini,stochastic,8,1.1B,sdpa,666,261,8585216,2.446787118911743,11.55117448616352,nan,nan,nan,nan,22.21038579940796,4.097999572753906,0.01870039477944374,4.097999572753906,13.995686259120703,6.351411581039429,4841.564979970462,1.6067529916763306,0.0004965714971428572,16,2048,,1773.2611746788025
adammini-stochastic-r8,adammini,stochastic,8,1.1B,sdpa,666,262,8617984,2.152776002883911,8.608723097759754,nan,nan,nan,nan,22.21038579940796,4.097999572753906,0.01870039477944374,4.097999572753906,13.995686259120703,6.353246212005615,4842.609373988274,1.6313759088516235,0.0004962857885714286,16,2048,,1779.6454448699951
adammini-stochastic-r8,adammini,stochastic,8,1.1B,sdpa,666,263,8650752,2.2239043712615967,9.243349974139981,nan,nan,nan,nan,22.21038579940796,4.097999572753906,0.01870039477944374,4.097999572753906,13.995686259120703,6.349511623382568,4843.6567530530865,1.699089765548706,0.00049600008,16,2048,,1786.0257060527802
adammini-stochastic-r8,adammini,stochastic,8,1.1B,sdpa,666,264,8683520,2.2395551204681396,9.389153316032905,nan,nan,nan,nan,22.21038579940796,4.097999572753906,0.01870039477944374,4.097999572753906,13.995686259120703,6.375583171844482,4844.626102054717,1.7372289896011353,0.0004957143714285715,16,2048,,1792.4324548244476
adammini-stochastic-r8,adammini,stochastic,8,1.1B,sdpa,666,265,8716288,2.6351091861724854,13.944834963198945,nan,nan,nan,nan,22.21038579940796,4.097999572753906,0.01870039477944374,4.097999572753906,13.995686259120703,6.381491661071777,4845.571811462882,1.8947913646697998,0.0004954286628571429,16,2048,,1798.8450362682343
adammini-stochastic-r8,adammini,stochastic,8,1.1B,sdpa,666,266,8749056,2.2889862060546875,9.86493160204989,nan,nan,nan,nan,22.21038579940796,4.097999572753906,0.01870039477944374,4.097999572753906,13.995686259120703,6.38326358795166,4846.506096161726,1.7025859355926514,0.0004951429542857143,16,2048,,1805.2591471672058
adammini-stochastic-r8,adammini,stochastic,8,1.1B,sdpa,666,267,8781824,2.579700469970703,13.19318581243165,nan,nan,nan,nan,22.21038579940796,4.097999572753906,0.01870039477944374,4.097999572753906,13.995686259120703,6.376688480377197,4847.452246077082,1.8972411155700684,0.0004948572457142857,16,2048,,1811.666647195816
adammini-stochastic-r8,adammini,stochastic,8,1.1B,sdpa,666,268,8814592,2.351167917251587,10.497823156606204,nan,nan,nan,nan,22.21038579940796,4.097999572753906,0.01870039477944374,4.097999572753906,13.995686259120703,6.367727518081665,4848.41558092908,1.951373815536499,0.0004945715371428572,16,2048,,1818.0651955604553
adammini-stochastic-r8,adammini,stochastic,8,1.1B,sdpa,666,269,8847360,2.5605156421661377,12.942489288431869,nan,nan,nan,nan,22.21038579940796,4.097999572753906,0.01870039477944374,4.097999572753906,13.995686259120703,6.333618879318237,4849.46059402565,1.9935228824615479,0.0004942858285714286,16,2048,,1824.4304711818695
adammini-stochastic-r8,adammini,stochastic,8,1.1B,sdpa,666,270,8880128,2.4390220642089844,11.461826330002246,nan,nan,nan,nan,22.21038579940796,4.097999572753906,0.01870039477944374,4.097999572753906,13.995686259120703,6.363397598266602,4850.4215148413605,1.7360631227493286,0.00049400012,16,2048,,1830.8229672908783
adammini-stochastic-r8,adammini,stochastic,8,1.1B,sdpa,666,271,8912896,2.427644729614258,11.33216032225842,nan,nan,nan,nan,22.21038579940796,4.097999572753906,0.01870039477944374,4.097999572753906,13.995686259120703,6.354817628860474,4851.402904484905,2.072753667831421,0.0004937144114285715,16,2048,,1837.2086095809937
adammini-stochastic-r8,adammini,stochastic,8,1.1B,sdpa,666,272,8945664,2.267141580581665,9.651772532248225,nan,nan,nan,nan,22.21038579940796,4.097999572753906,0.01870039477944374,4.097999572753906,13.995686259120703,6.353729724884033,4852.376271117447,1.5350199937820435,0.0004934287028571429,16,2048,,1843.593275308609
adammini-stochastic-r8,adammini,stochastic,8,1.1B,sdpa,666,273,8978432,2.299455165863037,9.968749659845512,nan,nan,nan,nan,22.21038579940796,4.097999572753906,0.01870039477944374,4.097999572753906,13.995686259120703,6.356313943862915,4853.335470936167,1.5720852613449097,0.0004931429942857143,16,2048,,1849.9805850982666
adammini-stochastic-r8,adammini,stochastic,8,1.1B,sdpa,666,274,9011200,2.368408441543579,10.680380300333972,nan,nan,nan,nan,22.21038579940796,4.097999572753906,0.01870039477944374,4.097999572753906,13.995686259120703,6.365760564804077,4854.2634527339405,1.5501724481582642,0.0004928572857142858,16,2048,,1856.377506017685
adammini-stochastic-r8,adammini,stochastic,8,1.1B,sdpa,666,275,9043968,2.1762545108795166,8.813234488512922,nan,nan,nan,nan,22.21038579940796,4.097999572753906,0.01870039477944374,4.097999572753906,13.995686259120703,6.365365982055664,4855.185426515293,1.653337001800537,0.0004925715771428571,16,2048,,1862.7738003730774
adammini-stochastic-r8,adammini,stochastic,8,1.1B,sdpa,666,276,9076736,2.308800220489502,10.06234481475391,nan,nan,nan,nan,22.21038579940796,4.097999572753906,0.01870039477944374,4.097999572753906,13.995686259120703,6.377152681350708,4856.070448632057,1.571081280708313,0.0004922858685714285,16,2048,,1869.18182015419
adammini-stochastic-r8,adammini,stochastic,8,1.1B,sdpa,666,277,9109504,2.4592719078063965,11.696292459785232,nan,nan,nan,nan,22.21038579940796,4.097999572753906,0.01870039477944374,4.097999572753906,13.995686259120703,6.362475633621216,4856.989107166561,1.5849716663360596,0.00049200016,16,2048,,1875.5750868320465
adammini-stochastic-r8,adammini,stochastic,8,1.1B,sdpa,666,278,9142272,2.2088406085968018,9.105153834073425,nan,nan,nan,nan,22.21038579940796,4.097999572753906,0.01870039477944374,4.097999572753906,13.995686259120703,6.358227252960205,4857.909968671371,1.6427674293518066,0.0004917144514285715,16,2048,,1881.9647777080536
adammini-stochastic-r8,adammini,stochastic,8,1.1B,sdpa,666,279,9175040,2.3281044960021973,10.258478106107734,nan,nan,nan,nan,22.21038579940796,4.097999572753906,0.01870039477944374,4.097999572753906,13.995686259120703,6.357784032821655,4858.827489402543,1.6263158321380615,0.0004914287428571429,16,2048,,1888.3537096977234
adammini-stochastic-r8,adammini,stochastic,8,1.1B,sdpa,666,280,9207808,2.4965944290161133,12.141076178388342,nan,nan,nan,nan,22.21038579940796,4.097999572753906,0.01870039477944374,4.097999572753906,13.995686259120703,6.3612589836120605,4859.729009677151,1.6585220098495483,0.0004911430342857143,16,2048,,1894.7442955970764
adammini-stochastic-r8,adammini,stochastic,8,1.1B,sdpa,666,281,9240576,2.369037389755249,10.687099819317039,nan,nan,nan,nan,22.21038579940796,4.097999572753906,0.01870039477944374,4.097999572753906,13.995686259120703,6.363232851028442,4860.62441969589,1.625164270401001,0.0004908573257142858,16,2048,,1901.138650894165
adammini-stochastic-r8,adammini,stochastic,8,1.1B,sdpa,666,282,9273344,2.296771287918091,9.94203062384902,nan,nan,nan,nan,22.21038579940796,4.097999572753906,0.01870039477944374,4.097999572753906,13.995686259120703,6.3714869022369385,4861.488269207509,1.5434577465057373,0.0004905716171428572,16,2048,,1907.5412108898163
adammini-stochastic-r8,adammini,stochastic,8,1.1B,sdpa,666,283,9306112,2.372577667236328,10.725002170978824,nan,nan,nan,nan,22.21038579940796,4.097999572753906,0.01870039477944374,4.097999572753906,13.995686259120703,6.36023473739624,4862.374642244516,1.8169748783111572,0.0004902859085714286,16,2048,,1913.93239402771
adammini-stochastic-r8,adammini,stochastic,8,1.1B,sdpa,666,284,9338880,2.128824234008789,8.404978711407667,nan,nan,nan,nan,22.21038579940796,4.097999572753906,0.01870039477944374,4.097999572753906,13.995686259120703,6.351040363311768,4863.279150330211,1.7537741661071777,0.0004900002,16,2048,,1920.3140861988068
adammini-stochastic-r8,adammini,stochastic,8,1.1B,sdpa,666,285,9371648,2.4574875831604004,11.675441085225465,nan,nan,nan,nan,22.21038579940796,4.097999572753906,0.01870039477944374,4.097999572753906,13.995686259120703,6.355895042419434,4864.164845856359,1.7060091495513916,0.0004897144914285715,16,2048,,1926.7011272907257
adammini-stochastic-r8,adammini,stochastic,8,1.1B,sdpa,666,286,9404416,2.476949691772461,11.904895377339145,nan,nan,nan,nan,22.21038579940796,4.097999572753906,0.01870039477944374,4.097999572753906,13.995686259120703,6.369686841964722,4865.0105710146845,2.0898337364196777,0.0004894287828571429,16,2048,,1933.1016912460327
adammini-stochastic-r8,adammini,stochastic,8,1.1B,sdpa,666,287,9437184,2.565434694290161,13.006310910106787,nan,nan,nan,nan,22.21038579940796,4.097999572753906,0.01870039477944374,4.097999572753906,13.995686259120703,6.379173278808594,4865.82660735908,2.0260910987854004,0.0004891430742857143,16,2048,,1939.5117988586426
adammini-stochastic-r8,adammini,stochastic,8,1.1B,sdpa,666,288,9469952,2.4457387924194336,11.539071429018533,nan,nan,nan,nan,22.21038579940796,4.097999572753906,0.01870039477944374,4.097999572753906,13.995686259120703,6.370102882385254,4866.66009068193,1.6898529529571533,0.0004888573657142858,16,2048,,1945.9130833148956
adammini-stochastic-r8,adammini,stochastic,8,1.1B,sdpa,666,289,9502720,2.3354239463806152,10.333839994911163,nan,nan,nan,nan,22.21038579940796,4.097999572753906,0.01870039477944374,4.097999572753906,13.995686259120703,6.3681416511535645,4867.492642814323,1.7300506830215454,0.0004885716571428571,16,2048,,1952.311770439148
adammini-stochastic-r8,adammini,stochastic,8,1.1B,sdpa,666,290,9535488,2.1734535694122314,8.788583673434246,nan,nan,nan,nan,22.21038579940796,4.097999572753906,0.01870039477944374,4.097999572753906,13.995686259120703,6.341958999633789,4868.386133758848,1.5214663743972778,0.0004882859485714285,16,2048,,1958.68275308609
adammini-stochastic-r8,adammini,stochastic,8,1.1B,sdpa,666,291,9568256,2.3079307079315186,10.053599282300876,nan,nan,nan,nan,22.21038579940796,4.097999572753906,0.01870039477944374,4.097999572753906,13.995686259120703,6.354335308074951,4869.246692265496,1.6565114259719849,0.00048800024,16,2048,,1965.067831993103
adammini-stochastic-r8,adammini,stochastic,8,1.1B,sdpa,666,292,9601024,2.3010735511779785,9.984895999878963,nan,nan,nan,nan,22.21038579940796,4.097999572753906,0.01870039477944374,4.097999572753906,13.995686259120703,6.365437030792236,4870.070019325256,1.6792465448379517,0.00048771453142857144,16,2048,,1971.464162349701
adammini-stochastic-r8,adammini,stochastic,8,1.1B,sdpa,666,293,9633792,2.2824795246124268,9.80095200780959,nan,nan,nan,nan,22.21038579940796,4.097999572753906,0.01870039477944374,4.097999572753906,13.995686259120703,6.331884384155273,4870.970654682111,1.7370182275772095,0.00048742882285714287,16,2048,,1977.8269617557526
adammini-stochastic-r8,adammini,stochastic,8,1.1B,sdpa,666,294,9666560,2.0355234146118164,7.656258474453749,nan,nan,nan,nan,22.21038579940796,4.097999572753906,0.01870039477944374,4.097999572753906,13.995686259120703,6.3403074741363525,4871.844466744617,1.5869357585906982,0.0004871431142857143,16,2048,,1984.1980426311493
adammini-stochastic-r8,adammini,stochastic,8,1.1B,sdpa,666,295,9699328,2.232436418533325,9.322552070619448,nan,nan,nan,nan,22.21038579940796,4.097999572753906,0.01870039477944374,4.097999572753906,13.995686259120703,6.361555814743042,4872.66078311004,1.5944982767105103,0.0004868574057142857,16,2048,,1990.590505361557
adammini-stochastic-r8,adammini,stochastic,8,1.1B,sdpa,666,296,9732096,2.57490873336792,13.130118762085818,nan,nan,nan,nan,22.21038579940796,4.097999572753906,0.01870039477944374,4.097999572753906,13.995686259120703,6.364843130111694,4873.463929848284,1.7887964248657227,0.00048657169714285716,16,2048,,1996.9864218235016
adammini-stochastic-r8,adammini,stochastic,8,1.1B,sdpa,666,297,9764864,2.172510862350464,8.780302517507737,nan,nan,nan,nan,22.21038579940796,4.097999572753906,0.01870039477944374,4.097999572753906,13.995686259120703,6.374875068664551,4874.236636027155,1.5939708948135376,0.0004862859885714286,16,2048,,2003.3925397396088
adammini-stochastic-r8,adammini,stochastic,8,1.1B,sdpa,666,298,9797632,2.3466947078704834,10.450969067783355,nan,nan,nan,nan,22.21038579940796,4.097999572753906,0.01870039477944374,4.097999572753906,13.995686259120703,6.368992328643799,4875.018788696064,1.7405118942260742,0.00048600028,16,2048,,2009.7922194004059
adammini-stochastic-r8,adammini,stochastic,8,1.1B,sdpa,666,299,9830400,2.2805564403533936,9.782122062868346,nan,nan,nan,nan,22.21038579940796,4.097999572753906,0.01870039477944374,4.097999572753906,13.995686259120703,7.268360137939453,4873.6233555250465,1.64537513256073,0.00048571457142857144,16,2048,,2017.064840555191
adammini-stochastic-r8,adammini,stochastic,8,1.1B,sdpa,666,300,9863168,2.461796283721924,11.72585559730866,2.615238148530608,13.670471592988642,nan,nan,22.21038579940796,4.097999572753906,0.01870039477944374,4.097999572753906,13.995686259120703,6.3224592208862305,4874.579367198962,inf,0.0004854288628571429,16,2048,,2036.0985538959503
adammini-stochastic-r8,adammini,stochastic,8,1.1B,sdpa,666,301,9895936,2.4447896480560303,11.528124380399344,nan,nan,nan,nan,22.21038579940796,4.097999572753906,0.01870039477944374,4.097999572753906,13.995686259120703,6.296913146972656,4845.254495402165,inf,0.0004851431542857143,16,2048,,2042.3984544277191
adammini-stochastic-r8,adammini,stochastic,8,1.1B,sdpa,666,302,9928704,2.473292827606201,11.86144029512299,nan,nan,nan,nan,22.21038579940796,4.097999572753906,0.01870039477944374,4.097999572753906,13.995686259120703,6.360384464263916,4846.201193766878,7.438514232635498,0.00048485744571428573,16,2048,,2048.789781332016
adammini-stochastic-r8,adammini,stochastic,8,1.1B,sdpa,666,303,9961472,3.5959787368774414,36.45135882383737,nan,nan,nan,nan,22.21038579940796,4.097999572753906,0.01870039477944374,4.097999572753906,13.995686259120703,6.284367084503174,4847.253848493927,inf,0.00048457173714285716,16,2048,,2055.076920032501
adammini-stochastic-r8,adammini,stochastic,8,1.1B,sdpa,666,304,9994240,3.979088306427002,53.468265325865126,nan,nan,nan,nan,22.21038579940796,4.097999572753906,0.01870039477944374,4.097999572753906,13.995686259120703,6.318555116653442,4848.285225608243,inf,0.00048428602857142854,16,2048,,2061.39813041687
adammini-stochastic-r8,adammini,stochastic,8,1.1B,sdpa,666,305,10027008,3.7298636436462402,41.67342534026545,nan,nan,nan,nan,22.21038579940796,4.097999572753906,0.01870039477944374,4.097999572753906,13.995686259120703,6.325297117233276,4849.29553598883,inf,0.00048400031999999997,16,2048,,2067.725606203079
adammini-stochastic-r8,adammini,stochastic,8,1.1B,sdpa,666,306,10059776,3.3377645015716553,28.15611335137855,nan,nan,nan,nan,22.21038579940796,4.097999572753906,0.01870039477944374,4.097999572753906,13.995686259120703,6.35248589515686,4850.237069912273,100.24971771240234,0.00048371461142857145,16,2048,,2074.1087625026703
adammini-stochastic-r8,adammini,stochastic,8,1.1B,sdpa,666,307,10092544,2.221360921859741,9.219869854083774,nan,nan,nan,nan,22.21038579940796,4.097999572753906,0.01870039477944374,4.097999572753906,13.995686259120703,6.3560991287231445,4851.097492518734,2.7412540912628174,0.0004834289028571429,16,2048,,2080.495803117752
adammini-stochastic-r8,adammini,stochastic,8,1.1B,sdpa,666,308,10125312,2.181777238845825,8.862042236999942,nan,nan,nan,nan,22.21038579940796,4.097999572753906,0.01870039477944374,4.097999572753906,13.995686259120703,6.347303152084351,4851.97289856343,4.734908103942871,0.0004831431942857143,16,2048,,2086.873665332794
adammini-stochastic-r8,adammini,stochastic,8,1.1B,sdpa,666,309,10158080,2.3439207077026367,10.422018251185108,nan,nan,nan,nan,22.21038579940796,4.097999572753906,0.01870039477944374,4.097999572753906,13.995686259120703,6.346495151519775,4852.845679308907,12.738980293273926,0.00048285748571428574,16,2048,,2093.2507672309875
adammini-stochastic-r8,adammini,stochastic,8,1.1B,sdpa,666,310,10190848,2.3928048610687256,10.944147747060587,nan,nan,nan,nan,22.21038579940796,4.097999572753906,0.01870039477944374,4.097999572753906,13.995686259120703,6.358527183532715,4853.684834928953,4.499404430389404,0.00048257177714285717,16,2048,,2099.6380722522736
adammini-stochastic-r8,adammini,stochastic,8,1.1B,sdpa,666,311,10223616,2.2914607524871826,9.889373061643845,nan,nan,nan,nan,22.21038579940796,4.097999572753906,0.01870039477944374,4.097999572753906,13.995686259120703,6.359083890914917,4854.522003933072,8.931500434875488,0.00048228606857142855,16,2048,,2106.02813744545
adammini-stochastic-r8,adammini,stochastic,8,1.1B,sdpa,666,312,10256384,2.5218944549560547,12.452164397079795,nan,nan,nan,nan,22.21038579940796,4.097999572753906,0.01870039477944374,4.097999572753906,13.995686259120703,6.375357627868652,4855.312044891524,3.4572529792785645,0.00048200036,16,2048,,2112.4341962337494
adammini-stochastic-r8,adammini,stochastic,8,1.1B,sdpa,666,313,10289152,2.4016153812408447,11.040997402978736,nan,nan,nan,nan,22.21038579940796,4.097999572753906,0.01870039477944374,4.097999572753906,13.995686259120703,6.364309549331665,4856.122922564235,4.436934471130371,0.0004817146514285714,16,2048,,2118.829294681549
adammini-stochastic-r8,adammini,stochastic,8,1.1B,sdpa,666,314,10321920,2.4408655166625977,11.482975149305396,nan,nan,nan,nan,22.21038579940796,4.097999572753906,0.01870039477944374,4.097999572753906,13.995686259120703,6.38815712928772,4856.874384506738,2.6698832511901855,0.0004814289428571429,16,2048,,2125.2482850551605
adammini-stochastic-r8,adammini,stochastic,8,1.1B,sdpa,666,315,10354688,2.3715407848358154,10.713887368349708,nan,nan,nan,nan,22.21038579940796,4.097999572753906,0.01870039477944374,4.097999572753906,13.995686259120703,6.338348388671875,4857.7345102446725,3.958510160446167,0.0004811432342857143,16,2048,,2131.6175050735474
adammini-stochastic-r8,adammini,stochastic,8,1.1B,sdpa,666,316,10387456,2.2576799392700195,9.560881589342168,nan,nan,nan,nan,22.21038579940796,4.097999572753906,0.01870039477944374,4.097999572753906,13.995686259120703,6.370054721832275,4858.517655570665,3.303532600402832,0.00048085752571428575,16,2048,,2138.018213033676
adammini-stochastic-r8,adammini,stochastic,8,1.1B,sdpa,666,317,10420224,2.381814479827881,10.824525939673807,nan,nan,nan,nan,22.21038579940796,4.097999572753906,0.01870039477944374,4.097999572753906,13.995686259120703,6.3582603931427,4859.322854486833,3.870535135269165,0.0004805718171428572,16,2048,,2144.4076323509216
adammini-stochastic-r8,adammini,stochastic,8,1.1B,sdpa,666,318,10452992,2.565432548522949,13.006283001621231,nan,nan,nan,nan,22.21038579940796,4.097999572753906,0.01870039477944374,4.097999572753906,13.995686259120703,6.360984802246094,4860.116390705568,1.8076238632202148,0.00048028610857142856,16,2048,,2150.7996950149536
adammini-stochastic-r8,adammini,stochastic,8,1.1B,sdpa,666,319,10485760,2.393699884414673,10.953947399600423,nan,nan,nan,nan,22.21038579940796,4.097999572753906,0.01870039477944374,4.097999572753906,13.995686259120703,6.372411251068115,4860.879607206381,2.0411856174468994,0.0004800004,16,2048,,2157.2030732631683
adammini-stochastic-r8,adammini,stochastic,8,1.1B,sdpa,666,320,10518528,2.5174152851104736,12.396513765159384,nan,nan,nan,nan,22.21038579940796,4.097999572753906,0.01870039477944374,4.097999572753906,13.995686259120703,6.355331182479858,4861.6748835875105,2.262464761734009,0.0004797146914285714,16,2048,,2163.590505838394
adammini-stochastic-r8,adammini,stochastic,8,1.1B,sdpa,666,321,10551296,2.3312275409698486,10.29056587422372,nan,nan,nan,nan,22.21038579940796,4.097999572753906,0.01870039477944374,4.097999572753906,13.995686259120703,6.3527302742004395,4862.471680903318,3.2661049365997314,0.00047942898285714285,16,2048,,2169.974457502365
adammini-stochastic-r8,adammini,stochastic,8,1.1B,sdpa,666,322,10584064,2.3847439289093018,10.856282328896981,nan,nan,nan,nan,22.21038579940796,4.097999572753906,0.01870039477944374,4.097999572753906,13.995686259120703,6.362782001495361,4863.242108816812,2.1462249755859375,0.00047914327428571433,16,2048,,2176.368601322174
adammini-stochastic-r8,adammini,stochastic,8,1.1B,sdpa,666,323,10616832,2.5463521480560303,12.760470471651695,nan,nan,nan,nan,22.21038579940796,4.097999572753906,0.01870039477944374,4.097999572753906,13.995686259120703,6.352055072784424,4864.032824848194,2.4397568702697754,0.00047885756571428576,16,2048,,2182.7517561912537
adammini-stochastic-r8,adammini,stochastic,8,1.1B,sdpa,666,324,10649600,2.5034968852996826,12.225169316673691,nan,nan,nan,nan,22.21038579940796,4.097999572753906,0.01870039477944374,4.097999572753906,13.995686259120703,6.36568284034729,4864.78877280486,2.1188974380493164,0.0004785718571428572,16,2048,,2189.148330450058
adammini-stochastic-r8,adammini,stochastic,8,1.1B,sdpa,666,325,10682368,2.269275426864624,9.672389920535712,nan,nan,nan,nan,22.21038579940796,4.097999572753906,0.01870039477944374,4.097999572753906,13.995686259120703,6.34670090675354,4865.582218834909,2.273761034011841,0.0004782861485714286,16,2048,,2195.524962902069
adammini-stochastic-r8,adammini,stochastic,8,1.1B,sdpa,666,326,10715136,2.5360586643218994,12.629794485800552,nan,nan,nan,nan,22.21038579940796,4.097999572753906,0.01870039477944374,4.097999572753906,13.995686259120703,6.369505882263184,4866.322982910091,2.053558826446533,0.00047800044,16,2048,,2201.9253883361816
adammini-stochastic-r8,adammini,stochastic,8,1.1B,sdpa,666,327,10747904,2.254790782928467,9.533298572678042,nan,nan,nan,nan,22.21038579940796,4.097999572753906,0.01870039477944374,4.097999572753906,13.995686259120703,6.372143507003784,4867.051444430696,2.2395074367523193,0.0004777147314285714,16,2048,,2208.3286266326904
adammini-stochastic-r8,adammini,stochastic,8,1.1B,sdpa,666,328,10780672,2.3277242183685303,10.254577777979296,nan,nan,nan,nan,22.21038579940796,4.097999572753906,0.01870039477944374,4.097999572753906,13.995686259120703,6.354085683822632,4867.8152152997,2.0752005577087402,0.00047742902285714285,16,2048,,2214.713837146759
adammini-stochastic-r8,adammini,stochastic,8,1.1B,sdpa,666,329,10813440,2.5060834884643555,12.256831909945584,nan,nan,nan,nan,22.21038579940796,4.097999572753906,0.01870039477944374,4.097999572753906,13.995686259120703,6.369324445724487,4868.540532223024,2.0488436222076416,0.0004771433142857143,16,2048,,2221.1139414310455
adammini-stochastic-r8,adammini,stochastic,8,1.1B,sdpa,666,330,10846208,2.4500534534454346,11.588966172838239,nan,nan,nan,nan,22.21038579940796,4.097999572753906,0.01870039477944374,4.097999572753906,13.995686259120703,6.371724843978882,4869.253597290966,2.475625514984131,0.0004768576057142857,16,2048,,2227.5177960395813
adammini-stochastic-r8,adammini,stochastic,8,1.1B,sdpa,666,331,10878976,2.447150230407715,11.55536961201454,nan,nan,nan,nan,22.21038579940796,4.097999572753906,0.01870039477944374,4.097999572753906,13.995686259120703,6.358543872833252,4869.994470684305,2.0978944301605225,0.00047657189714285714,16,2048,,2233.908184528351
adammini-stochastic-r8,adammini,stochastic,8,1.1B,sdpa,666,332,10911744,2.69966983795166,14.874819813075852,nan,nan,nan,nan,22.21038579940796,4.097999572753906,0.01870039477944374,4.097999572753906,13.995686259120703,6.362684726715088,4870.722521325493,1.9877965450286865,0.00047628618857142863,16,2048,,2240.301784515381
adammini-stochastic-r8,adammini,stochastic,8,1.1B,sdpa,666,333,10944512,2.28621768951416,9.837658146664818,nan,nan,nan,nan,22.21038579940796,4.097999572753906,0.01870039477944374,4.097999572753906,13.995686259120703,6.333131313323975,4871.508812434396,1.9184606075286865,0.00047600048,16,2048,,2246.666696548462
adammini-stochastic-r8,adammini,stochastic,8,1.1B,sdpa,666,334,10977280,2.3147165775299072,10.122053694700666,nan,nan,nan,nan,22.21038579940796,4.097999572753906,0.01870039477944374,4.097999572753906,13.995686259120703,6.354193925857544,4872.246867900013,1.7876538038253784,0.00047571477142857143,16,2048,,2253.0517580509186
adammini-stochastic-r8,adammini,stochastic,8,1.1B,sdpa,666,335,11010048,2.32077693939209,10.183583260273991,nan,nan,nan,nan,22.21038579940796,4.097999572753906,0.01870039477944374,4.097999572753906,13.995686259120703,6.351905345916748,4872.985707300389,1.906305193901062,0.00047542906285714286,16,2048,,2259.434599161148
adammini-stochastic-r8,adammini,stochastic,8,1.1B,sdpa,666,336,11042816,2.503689765930176,12.227527542460104,nan,nan,nan,nan,22.21038579940796,4.097999572753906,0.01870039477944374,4.097999572753906,13.995686259120703,6.401186227798462,4873.614269064598,1.9225668907165527,0.0004751433542857143,16,2048,,2265.8667652606964
adammini-stochastic-r8,adammini,stochastic,8,1.1B,sdpa,666,337,11075584,4.168794631958008,64.63749316365835,nan,nan,nan,nan,22.21038579940796,4.097999572753906,0.01870039477944374,4.097999572753906,13.995686259120703,6.312691926956177,4874.42920165971,3.9576194286346436,0.0004748576457142857,16,2048,,2272.2103826999664
adammini-stochastic-r8,adammini,stochastic,8,1.1B,sdpa,666,338,11108352,2.3259007930755615,10.2358963587525,nan,nan,nan,nan,22.21038579940796,4.097999572753906,0.01870039477944374,4.097999572753906,13.995686259120703,6.387292385101318,4875.080236092845,1.6723475456237793,0.0004745719371428572,16,2048,,2278.6285750865936
adammini-stochastic-r8,adammini,stochastic,8,1.1B,sdpa,666,339,11141120,2.2158405780792236,9.169113228785207,nan,nan,nan,nan,22.21038579940796,4.097999572753906,0.01870039477944374,4.097999572753906,13.995686259120703,6.362568378448486,4875.779599277997,1.987396240234375,0.00047428622857142864,16,2048,,2285.0221860408783
adammini-stochastic-r8,adammini,stochastic,8,1.1B,sdpa,666,340,11173888,2.4524056911468506,11.61625826214716,nan,nan,nan,nan,22.21038579940796,4.097999572753906,0.01870039477944374,4.097999572753906,13.995686259120703,6.358424425125122,4876.484400236681,2.059377670288086,0.00047400052,16,2048,,2291.411212682724
adammini-stochastic-r8,adammini,stochastic,8,1.1B,sdpa,666,341,11206656,2.1957194805145264,8.986464317416397,nan,nan,nan,nan,22.21038579940796,4.097999572753906,0.01870039477944374,4.097999572753906,13.995686259120703,6.3450634479522705,4877.214732946576,2.0068910121917725,0.00047371481142857144,16,2048,,2297.7857122421265
adammini-stochastic-r8,adammini,stochastic,8,1.1B,sdpa,666,342,11239424,2.3448233604431152,10.431429961634931,nan,nan,nan,nan,22.21038579940796,4.097999572753906,0.01870039477944374,4.097999572753906,13.995686259120703,6.354458808898926,4877.923126974481,1.8033230304718018,0.00047342910285714287,16,2048,,2304.1707179546356
adammini-stochastic-r8,adammini,stochastic,8,1.1B,sdpa,666,343,11272192,2.3813371658325195,10.819360474822053,nan,nan,nan,nan,22.21038579940796,4.097999572753906,0.01870039477944374,4.097999572753906,13.995686259120703,6.37184476852417,4878.588032231694,1.7344855070114136,0.0004731433942857143,16,2048,,2310.573536634445
adammini-stochastic-r8,adammini,stochastic,8,1.1B,sdpa,666,344,11304960,2.231729030609131,9.315959741803816,nan,nan,nan,nan,22.21038579940796,4.097999572753906,0.01870039477944374,4.097999572753906,13.995686259120703,6.352909088134766,4879.2891134783395,1.98948335647583,0.00047285768571428573,16,2048,,2316.9575910568237
adammini-stochastic-r8,adammini,stochastic,8,1.1B,sdpa,666,345,11337728,2.406999111175537,11.100599447901264,nan,nan,nan,nan,22.21038579940796,4.097999572753906,0.01870039477944374,4.097999572753906,13.995686259120703,6.344459056854248,4880.003429860016,1.8549972772598267,0.00047257197714285716,16,2048,,2323.332869052887
adammini-stochastic-r8,adammini,stochastic,8,1.1B,sdpa,666,346,11370496,2.5166893005371094,12.38751735342558,nan,nan,nan,nan,22.21038579940796,4.097999572753906,0.01870039477944374,4.097999572753906,13.995686259120703,6.361799478530884,4880.677973352106,2.1307191848754883,0.0004722862685714286,16,2048,,2329.725722551346
adammini-stochastic-r8,adammini,stochastic,8,1.1B,sdpa,666,347,11403264,2.3504996299743652,10.490809938635305,nan,nan,nan,nan,22.21038579940796,4.097999572753906,0.01870039477944374,4.097999572753906,13.995686259120703,6.3692686557769775,4881.333125805451,2.0314066410064697,0.00047200055999999997,16,2048,,2336.1261405944824
adammini-stochastic-r8,adammini,stochastic,8,1.1B,sdpa,666,348,11436032,2.7642576694488525,15.867256868132886,nan,nan,nan,nan,22.21038579940796,4.097999572753906,0.01870039477944374,4.097999572753906,13.995686259120703,6.357190370559692,4882.009786154375,80.8072509765625,0.0004717148514285714,16,2048,,2342.5141932964325
adammini-stochastic-r8,adammini,stochastic,8,1.1B,sdpa,666,349,11468800,2.3722407817840576,10.721389682303457,nan,nan,nan,nan,22.21038579940796,4.097999572753906,0.01870039477944374,4.097999572753906,13.995686259120703,6.373173713684082,4882.649422542838,3.9423677921295166,0.0004714291428571428,16,2048,,2348.9184803962708
adammini-stochastic-r8,adammini,stochastic,8,1.1B,sdpa,666,350,11501568,2.5367770195007324,12.63887042356018,2.462745855750147,11.736995429990555,nan,nan,22.21038579940796,4.097999572753906,0.01870039477944374,4.097999572753906,13.995686259120703,6.348661184310913,4883.336586329005,1.8546427488327026,0.00047114343428571425,16,2048,,2369.011473417282
adammini-stochastic-r8,adammini,stochastic,8,1.1B,sdpa,666,351,11534336,2.381134033203125,10.817162932884226,nan,nan,nan,nan,22.21038579940796,4.097999572753906,0.01870039477944374,4.097999572753906,13.995686259120703,6.362661361694336,4855.793050954639,1.7113748788833618,0.00047085772571428574,16,2048,,2375.4058725833893
adammini-stochastic-r8,adammini,stochastic,8,1.1B,sdpa,666,352,11567104,2.6665332317352295,14.389995838929966,nan,nan,nan,nan,22.21038579940796,4.097999572753906,0.01870039477944374,4.097999572753906,13.995686259120703,6.354934215545654,4856.532135768493,2.264256715774536,0.00047057201714285717,16,2048,,2381.7918498516083
adammini-stochastic-r8,adammini,stochastic,8,1.1B,sdpa,666,353,11599872,2.310716152191162,10.081642060376836,nan,nan,nan,nan,22.21038579940796,4.097999572753906,0.01870039477944374,4.097999572753906,13.995686259120703,6.3517866134643555,4857.273253951047,1.8211535215377808,0.0004702863085714286,16,2048,,2388.174371957779
adammini-stochastic-r8,adammini,stochastic,8,1.1B,sdpa,666,354,11632640,2.5431933403015137,12.720226194006047,nan,nan,nan,nan,22.21038579940796,4.097999572753906,0.01870039477944374,4.097999572753906,13.995686259120703,6.3610029220581055,4857.992265418265,2.084695816040039,0.0004700006,16,2048,,2394.566222667694
adammini-stochastic-r8,adammini,stochastic,8,1.1B,sdpa,666,355,11665408,2.4374468326568604,11.443785512485222,nan,nan,nan,nan,22.21038579940796,4.097999572753906,0.01870039477944374,4.097999572753906,13.995686259120703,6.358455657958984,4858.71210311737,1.860184669494629,0.00046971489142857146,16,2048,,2400.9548110961914
adammini-stochastic-r8,adammini,stochastic,8,1.1B,sdpa,666,356,11698176,2.435109853744507,11.417072852683903,nan,nan,nan,nan,22.21038579940796,4.097999572753906,0.01870039477944374,4.097999572753906,13.995686259120703,6.372600793838501,4859.401463991942,2.0520176887512207,0.0004694291828571429,16,2048,,2407.347066640854
adammini-stochastic-r8,adammini,stochastic,8,1.1B,sdpa,666,357,11730944,2.3452014923095703,10.435375163572397,nan,nan,nan,nan,22.21038579940796,4.097999572753906,0.01870039477944374,4.097999572753906,13.995686259120703,6.344844818115234,4860.163965498792,2.276601791381836,0.0004691434742857143,16,2048,,2413.7227435112
adammini-stochastic-r8,adammini,stochastic,8,1.1B,sdpa,666,358,11763712,2.4104485511779785,11.138956416686222,nan,nan,nan,nan,22.21038579940796,4.097999572753906,0.01870039477944374,4.097999572753906,13.995686259120703,6.347544431686401,4860.894387095941,2.31709361076355,0.00046885776571428575,16,2048,,2420.100983142853
adammini-stochastic-r8,adammini,stochastic,8,1.1B,sdpa,666,359,11796480,2.466495990753174,11.781093382339263,nan,nan,nan,nan,22.21038579940796,4.097999572753906,0.01870039477944374,4.097999572753906,13.995686259120703,6.384085178375244,4861.548029579041,2.619684934616089,0.0004685720571428572,16,2048,,2426.5159525871277
adammini-stochastic-r8,adammini,stochastic,8,1.1B,sdpa,666,360,11829248,2.5519137382507324,12.831636694351332,nan,nan,nan,nan,22.21038579940796,4.097999572753906,0.01870039477944374,4.097999572753906,13.995686259120703,6.319204568862915,4862.3279565883695,2.047616720199585,0.0004682863485714286,16,2048,,2432.864176750183
adammini-stochastic-r8,adammini,stochastic,8,1.1B,sdpa,666,361,11862016,2.377023935317993,10.772794575994746,nan,nan,nan,nan,22.21038579940796,4.097999572753906,0.01870039477944374,4.097999572753906,13.995686259120703,6.355125188827515,4863.035411221904,1.9498013257980347,0.00046800064,16,2048,,2439.250183582306
adammini-stochastic-r8,adammini,stochastic,8,1.1B,sdpa,666,362,11894784,2.3204386234283447,10.18013857421791,nan,nan,nan,nan,22.21038579940796,4.097999572753906,0.01870039477944374,4.097999572753906,13.995686259120703,6.358001232147217,4863.730070763389,1.6308870315551758,0.0004677149314285714,16,2048,,2445.639057636261
adammini-stochastic-r8,adammini,stochastic,8,1.1B,sdpa,666,363,11927552,2.397629499435425,10.997076881468324,nan,nan,nan,nan,22.21038579940796,4.097999572753906,0.01870039477944374,4.097999572753906,13.995686259120703,6.340836763381958,4864.454936868221,2.5114195346832275,0.00046742922285714284,16,2048,,2452.010902404785
adammini-stochastic-r8,adammini,stochastic,8,1.1B,sdpa,666,364,11960320,2.332951784133911,10.308324617883112,nan,nan,nan,nan,22.21038579940796,4.097999572753906,0.01870039477944374,4.097999572753906,13.995686259120703,6.3562445640563965,4865.145691226268,2.0169637203216553,0.00046714351428571427,16,2048,,2458.3982350826263
adammini-stochastic-r8,adammini,stochastic,8,1.1B,sdpa,666,365,11993088,2.3697686195373535,10.694917402865869,nan,nan,nan,nan,22.21038579940796,4.097999572753906,0.01870039477944374,4.097999572753906,13.995686259120703,6.350492238998413,4865.84365163729,1.9585360288619995,0.0004668578057142857,16,2048,,2464.7798149585724
adammini-stochastic-r8,adammini,stochastic,8,1.1B,sdpa,666,366,12025856,2.4376776218414307,11.446426919204374,nan,nan,nan,nan,22.21038579940796,4.097999572753906,0.01870039477944374,4.097999572753906,13.995686259120703,6.352550745010376,4866.5323276631625,1.8015022277832031,0.00046657209714285713,16,2048,,2471.1642842292786
adammini-stochastic-r8,adammini,stochastic,8,1.1B,sdpa,666,367,12058624,2.3697237968444824,10.694438038611118,nan,nan,nan,nan,22.21038579940796,4.097999572753906,0.01870039477944374,4.097999572753906,13.995686259120703,6.370323181152344,4867.183296993152,2.1189024448394775,0.00046628638857142856,16,2048,,2477.565433740616
adammini-stochastic-r8,adammini,stochastic,8,1.1B,sdpa,666,368,12091392,2.3190371990203857,10.165881871722359,nan,nan,nan,nan,22.21038579940796,4.097999572753906,0.01870039477944374,4.097999572753906,13.995686259120703,6.358446359634399,4867.855157109779,1.9201264381408691,0.00046600067999999994,16,2048,,2483.9556934833527
adammini-stochastic-r8,adammini,stochastic,8,1.1B,sdpa,666,369,12124160,2.1903843879699707,8.938648363320988,nan,nan,nan,nan,22.21038579940796,4.097999572753906,0.01870039477944374,4.097999572753906,13.995686259120703,6.3493571281433105,4868.541199547695,2.063530683517456,0.0004657149714285714,16,2048,,2490.3361806869507
adammini-stochastic-r8,adammini,stochastic,8,1.1B,sdpa,666,370,12156928,2.484818935394287,11.998947473436981,nan,nan,nan,nan,22.21038579940796,4.097999572753906,0.01870039477944374,4.097999572753906,13.995686259120703,6.331780195236206,4869.258449856315,1.932647705078125,0.00046542926285714285,16,2048,,2496.6969153881073
adammini-stochastic-r8,adammini,stochastic,8,1.1B,sdpa,666,371,12189696,2.277634859085083,9.753584505979816,nan,nan,nan,nan,22.21038579940796,4.097999572753906,0.01870039477944374,4.097999572753906,13.995686259120703,6.365431785583496,4869.9107098469785,2.1022541522979736,0.00046514355428571433,16,2048,,2503.0928785800934
adammini-stochastic-r8,adammini,stochastic,8,1.1B,sdpa,666,372,12222464,2.384422779083252,10.852796395498922,nan,nan,nan,nan,22.21038579940796,4.097999572753906,0.01870039477944374,4.097999572753906,13.995686259120703,6.3546226024627686,4870.5772384263855,1.7702137231826782,0.00046485784571428576,16,2048,,2509.4782888889313
adammini-stochastic-r8,adammini,stochastic,8,1.1B,sdpa,666,373,12255232,2.2399814128875732,9.393156694160679,nan,nan,nan,nan,22.21038579940796,4.097999572753906,0.01870039477944374,4.097999572753906,13.995686259120703,6.364172458648682,4871.2215163311985,1.9441680908203125,0.0004645721371428572,16,2048,,2515.8733055591583
adammini-stochastic-r8,adammini,stochastic,8,1.1B,sdpa,666,374,12288000,2.442802667617798,11.50524096474443,nan,nan,nan,nan,22.21038579940796,4.097999572753906,0.01870039477944374,4.097999572753906,13.995686259120703,6.363571405410767,4871.863464357227,1.7962665557861328,0.0004642864285714286,16,2048,,2522.268097639084
adammini-stochastic-r8,adammini,stochastic,8,1.1B,sdpa,666,375,12320768,2.356945514678955,10.558650902577472,nan,nan,nan,nan,22.21038579940796,4.097999572753906,0.01870039477944374,4.097999572753906,13.995686259120703,6.343198537826538,4872.538459795028,1.8383545875549316,0.00046400072000000005,16,2048,,2528.6435136795044
adammini-stochastic-r8,adammini,stochastic,8,1.1B,sdpa,666,376,12353536,2.405787944793701,11.087162913613579,nan,nan,nan,nan,22.21038579940796,4.097999572753906,0.01870039477944374,4.097999572753906,13.995686259120703,6.361536502838135,4873.176262854644,1.9391331672668457,0.0004637150114285715,16,2048,,2535.0368015766144
adammini-stochastic-r8,adammini,stochastic,8,1.1B,sdpa,666,377,12386304,2.4116177558898926,11.151987753680196,nan,nan,nan,nan,22.21038579940796,4.097999572753906,0.01870039477944374,4.097999572753906,13.995686259120703,6.364584684371948,4873.805380260052,1.9574400186538696,0.00046342930285714286,16,2048,,2541.4328842163086
adammini-stochastic-r8,adammini,stochastic,8,1.1B,sdpa,666,378,12419072,2.2836952209472656,9.81287423467883,nan,nan,nan,nan,22.21038579940796,4.097999572753906,0.01870039477944374,4.097999572753906,13.995686259120703,6.376831769943237,4874.406952883133,1.7106044292449951,0.0004631435942857143,16,2048,,2547.841813325882
adammini-stochastic-r8,adammini,stochastic,8,1.1B,sdpa,666,379,12451840,2.5124592781066895,12.335228546543695,nan,nan,nan,nan,22.21038579940796,4.097999572753906,0.01870039477944374,4.097999572753906,13.995686259120703,6.3579771518707275,4875.042986056088,1.8700653314590454,0.0004628578857142857,16,2048,,2554.230872631073
adammini-stochastic-r8,adammini,stochastic,8,1.1B,sdpa,666,380,12484608,2.7633957862854004,15.853587038332359,nan,nan,nan,nan,22.21038579940796,4.097999572753906,0.01870039477944374,4.097999572753906,13.995686259120703,6.357755184173584,4875.676366794319,1.9992958307266235,0.00046257217714285715,16,2048,,2560.617462158203
adammini-stochastic-r8,adammini,stochastic,8,1.1B,sdpa,666,381,12517376,2.418727397918701,11.23155691347488,nan,nan,nan,nan,22.21038579940796,4.097999572753906,0.01870039477944374,4.097999572753906,13.995686259120703,6.350490570068359,4876.325006803584,2.1858577728271484,0.0004622864685714286,16,2048,,2566.9989013671875
adammini-stochastic-r8,adammini,stochastic,8,1.1B,sdpa,666,382,12550144,2.4115207195281982,11.150905657865088,nan,nan,nan,nan,22.21038579940796,4.097999572753906,0.01870039477944374,4.097999572753906,13.995686259120703,6.343579292297363,4876.979147065539,2.065437078475952,0.00046200076,16,2048,,2573.3733801841736
adammini-stochastic-r8,adammini,stochastic,8,1.1B,sdpa,666,383,12582912,2.3003993034362793,9.978165975406807,nan,nan,nan,nan,22.21038579940796,4.097999572753906,0.01870039477944374,4.097999572753906,13.995686259120703,6.379692077636719,4877.562065126656,1.8727309703826904,0.00046171505142857144,16,2048,,2579.7842099666595
adammini-stochastic-r8,adammini,stochastic,8,1.1B,sdpa,666,384,12615680,2.398522138595581,11.006897685505,nan,nan,nan,nan,22.21038579940796,4.097999572753906,0.01870039477944374,4.097999572753906,13.995686259120703,6.310881614685059,4878.271517369208,1.8791147470474243,0.0004614293428571428,16,2048,,2586.125875711441
adammini-stochastic-r8,adammini,stochastic,8,1.1B,sdpa,666,385,12648448,2.384448289871216,10.853073262418114,nan,nan,nan,nan,22.21038579940796,4.097999572753906,0.01870039477944374,4.097999572753906,13.995686259120703,6.3560755252838135,4878.892797565993,1.5519276857376099,0.00046114363428571424,16,2048,,2592.513309240341
adammini-stochastic-r8,adammini,stochastic,8,1.1B,sdpa,666,386,12681216,2.3476192951202393,10.460636368974045,nan,nan,nan,nan,22.21038579940796,4.097999572753906,0.01870039477944374,4.097999572753906,13.995686259120703,6.359889268875122,4879.503153161723,1.7358839511871338,0.00046085792571428567,16,2048,,2598.9043877124786
adammini-stochastic-r8,adammini,stochastic,8,1.1B,sdpa,666,387,12713984,2.3591792583465576,10.582262583573227,nan,nan,nan,nan,22.21038579940796,4.097999572753906,0.01870039477944374,4.097999572753906,13.995686259120703,6.368081331253052,4880.095167267344,2.0205459594726562,0.00046057221714285716,16,2048,,2605.303502559662
adammini-stochastic-r8,adammini,stochastic,8,1.1B,sdpa,666,388,12746752,2.41133975982666,11.148887975870434,nan,nan,nan,nan,22.21038579940796,4.097999572753906,0.01870039477944374,4.097999572753906,13.995686259120703,6.424954652786255,4880.578642979911,2.0114316940307617,0.00046028650857142864,16,2048,,2611.7596979141235
adammini-stochastic-r8,adammini,stochastic,8,1.1B,sdpa,666,389,12779520,2.4799957275390625,11.941213399372321,nan,nan,nan,nan,22.21038579940796,4.097999572753906,0.01870039477944374,4.097999572753906,13.995686259120703,6.323516845703125,4881.248188989503,1.9702098369598389,0.00046000080000000007,16,2048,,2618.1143157482147
adammini-stochastic-r8,adammini,stochastic,8,1.1B,sdpa,666,390,12812288,2.5384457111358643,12.659978407373513,nan,nan,nan,nan,22.21038579940796,4.097999572753906,0.01870039477944374,4.097999572753906,13.995686259120703,6.344532489776611,4881.875725609024,2.037376880645752,0.0004597150914285715,16,2048,,2624.488208055496
adammini-stochastic-r8,adammini,stochastic,8,1.1B,sdpa,666,391,12845056,2.462172269821167,11.730265184934861,nan,nan,nan,nan,22.21038579940796,4.097999572753906,0.01870039477944374,4.097999572753906,13.995686259120703,6.362602472305298,4882.469902460251,1.9898185729980469,0.0004594293828571429,16,2048,,2630.8816442489624
adammini-stochastic-r8,adammini,stochastic,8,1.1B,sdpa,666,392,12877824,2.4356911182403564,11.423711120887603,nan,nan,nan,nan,22.21038579940796,4.097999572753906,0.01870039477944374,4.097999572753906,13.995686259120703,6.358578443527222,4883.065907576153,1.7888712882995605,0.0004591436742857143,16,2048,,2637.2711391448975
adammini-stochastic-r8,adammini,stochastic,8,1.1B,sdpa,666,393,12910592,2.238477945327759,9.379044998683126,nan,nan,nan,nan,22.21038579940796,4.097999572753906,0.01870039477944374,4.097999572753906,13.995686259120703,6.3522422313690186,4883.670691444375,1.7649661302566528,0.00045885796571428573,16,2048,,2643.6541800498962
adammini-stochastic-r8,adammini,stochastic,8,1.1B,sdpa,666,394,12943360,2.1332309246063232,8.442098579886439,nan,nan,nan,nan,22.21038579940796,4.097999572753906,0.01870039477944374,4.097999572753906,13.995686259120703,6.346565008163452,4884.2815978884455,1.7144602537155151,0.00045857225714285716,16,2048,,2650.032495737076
adammini-stochastic-r8,adammini,stochastic,8,1.1B,sdpa,666,395,12976128,2.4663000106811523,11.778784749040149,nan,nan,nan,nan,22.21038579940796,4.097999572753906,0.01870039477944374,4.097999572753906,13.995686259120703,6.355140686035156,4884.874204014239,1.6299880743026733,0.0004582865485714286,16,2048,,2656.4191699028015
adammini-stochastic-r8,adammini,stochastic,8,1.1B,sdpa,666,396,13008896,2.3230631351470947,10.206891558608618,nan,nan,nan,nan,22.21038579940796,4.097999572753906,0.01870039477944374,4.097999572753906,13.995686259120703,6.329445123672485,4885.511207582453,1.5967636108398438,0.00045800084,16,2048,,2662.779885292053
adammini-stochastic-r8,adammini,stochastic,8,1.1B,sdpa,666,397,13041664,2.247734785079956,9.466268398943807,nan,nan,nan,nan,22.21038579940796,4.097999572753906,0.01870039477944374,4.097999572753906,13.995686259120703,6.358303070068359,4886.092516390284,1.9077240228652954,0.00045771513142857145,16,2048,,2669.169378042221
adammini-stochastic-r8,adammini,stochastic,8,1.1B,sdpa,666,398,13074432,2.6701388359069824,14.44197411819716,nan,nan,nan,nan,22.21038579940796,4.097999572753906,0.01870039477944374,4.097999572753906,13.995686259120703,6.357318162918091,4886.673600016239,1.7178690433502197,0.00045742942285714283,16,2048,,2675.5578479766846
adammini-stochastic-r8,adammini,stochastic,8,1.1B,sdpa,666,399,13107200,2.24579119682312,9.44788773885125,nan,nan,nan,nan,22.21038579940796,4.097999572753906,0.01870039477944374,4.097999572753906,13.995686259120703,6.365906000137329,4887.23569236793,1.878463864326477,0.00045714371428571426,16,2048,,2681.954869031906
adammini-stochastic-r8,adammini,stochastic,8,1.1B,sdpa,666,400,13139968,2.463625431060791,11.747323542902611,2.467187249195862,11.789239977981016,nan,nan,22.21038579940796,4.097999572753906,0.01870039477944374,4.097999572753906,13.995686259120703,6.381565570831299,4887.583976256924,1.8755607604980469,0.0004568580057142857,16,2048,,2703.719741344452
adammini-stochastic-r8,adammini,stochastic,8,1.1B,sdpa,666,401,13172736,2.4459290504455566,11.541267038831482,nan,nan,nan,nan,22.21038579940796,4.097999572753906,0.01870039477944374,4.097999572753906,13.995686259120703,6.378097057342529,4860.610208979962,2.1419835090637207,0.0004565722971428571,16,2048,,2710.128206014633
adammini-stochastic-r8,adammini,stochastic,8,1.1B,sdpa,666,402,13205504,2.3099663257598877,10.074085412130666,nan,nan,nan,nan,22.21038579940796,4.097999572753906,0.01870039477944374,4.097999572753906,13.995686259120703,6.343203783035278,4861.268837779471,1.7175633907318115,0.00045628658857142855,16,2048,,2716.5021426677704
adammini-stochastic-r8,adammini,stochastic,8,1.1B,sdpa,666,403,13238272,2.458188772201538,11.68363064744497,nan,nan,nan,nan,22.21038579940796,4.097999572753906,0.01870039477944374,4.097999572753906,13.995686259120703,6.363116264343262,4861.88716782983,1.7307988405227661,0.00045600088000000003,16,2048,,2722.896718263626
adammini-stochastic-r8,adammini,stochastic,8,1.1B,sdpa,666,404,13271040,2.4631049633026123,11.741211030574414,nan,nan,nan,nan,22.21038579940796,4.097999572753906,0.01870039477944374,4.097999572753906,13.995686259120703,6.367013931274414,4862.494705346962,1.5875672101974487,0.00045571517142857146,16,2048,,2729.295196533203
adammini-stochastic-r8,adammini,stochastic,8,1.1B,sdpa,666,405,13303808,2.3843393325805664,10.851890805380048,nan,nan,nan,nan,22.21038579940796,4.097999572753906,0.01870039477944374,4.097999572753906,13.995686259120703,6.35217022895813,4863.12756692887,1.6375972032546997,0.00045542946285714284,16,2048,,2735.678107738495
adammini-stochastic-r8,adammini,stochastic,8,1.1B,sdpa,666,406,13336576,2.4234559535980225,11.284791718384486,nan,nan,nan,nan,22.21038579940796,4.097999572753906,0.01870039477944374,4.097999572753906,13.995686259120703,6.364501237869263,4863.735564112873,1.9960436820983887,0.0004551437542857143,16,2048,,2742.0733046531677
adammini-stochastic-r8,adammini,stochastic,8,1.1B,sdpa,666,407,13369344,2.399376153945923,11.01630176012854,nan,nan,nan,nan,22.21038579940796,4.097999572753906,0.01870039477944374,4.097999572753906,13.995686259120703,6.378425598144531,4864.316070140071,2.029381275177002,0.00045485804571428575,16,2048,,2748.482494831085
adammini-stochastic-r8,adammini,stochastic,8,1.1B,sdpa,666,408,13402112,2.206021547317505,9.079521993297583,nan,nan,nan,nan,22.21038579940796,4.097999572753906,0.01870039477944374,4.097999572753906,13.995686259120703,6.3664703369140625,4864.9148799629975,1.765051245689392,0.0004545723371428572,16,2048,,2754.879951477051
adammini-stochastic-r8,adammini,stochastic,8,1.1B,sdpa,666,409,13434880,2.2783141136169434,9.760211923054111,nan,nan,nan,nan,22.21038579940796,4.097999572753906,0.01870039477944374,4.097999572753906,13.995686259120703,6.3629469871521,4865.51679542269,1.6582988500595093,0.0004542866285714286,16,2048,,2761.2738015651703
adammini-stochastic-r8,adammini,stochastic,8,1.1B,sdpa,666,410,13467648,2.330591917037964,10.284027022626859,nan,nan,nan,nan,22.21038579940796,4.097999572753906,0.01870039477944374,4.097999572753906,13.995686259120703,6.365591764450073,4866.110283637284,1.8890736103057861,0.00045400092000000004,16,2048,,2767.671097755432
adammini-stochastic-r8,adammini,stochastic,8,1.1B,sdpa,666,411,13500416,2.3145527839660645,10.120395903224097,nan,nan,nan,nan,22.21038579940796,4.097999572753906,0.01870039477944374,4.097999572753906,13.995686259120703,6.382664680480957,4866.671867589054,1.8084362745285034,0.00045371521142857147,16,2048,,2774.0849969387054
adammini-stochastic-r8,adammini,stochastic,8,1.1B,sdpa,666,412,13533184,2.4331352710723877,11.39455114127086,nan,nan,nan,nan,22.21038579940796,4.097999572753906,0.01870039477944374,4.097999572753906,13.995686259120703,6.356051445007324,4867.276832618282,1.7134636640548706,0.00045342950285714285,16,2048,,2780.472233057022
adammini-stochastic-r8,adammini,stochastic,8,1.1B,sdpa,666,413,13565952,2.360299587249756,10.594124841781472,nan,nan,nan,nan,22.21038579940796,4.097999572753906,0.01870039477944374,4.097999572753906,13.995686259120703,6.372145414352417,4867.8512765405885,1.9585213661193848,0.0004531437942857143,16,2048,,2786.8758642673492
adammini-stochastic-r8,adammini,stochastic,8,1.1B,sdpa,666,414,13598720,2.3330326080322266,10.309157810534316,nan,nan,nan,nan,22.21038579940796,4.097999572753906,0.01870039477944374,4.097999572753906,13.995686259120703,6.357128620147705,4868.449545452618,1.8513867855072021,0.0004528580857142857,16,2048,,2793.2636251449585
adammini-stochastic-r8,adammini,stochastic,8,1.1B,sdpa,666,415,13631488,2.414283275604248,11.181753249526233,nan,nan,nan,nan,22.21038579940796,4.097999572753906,0.01870039477944374,4.097999572753906,13.995686259120703,6.353979825973511,4869.0511334625035,1.723271131515503,0.00045257237714285714,16,2048,,2799.6484549045563
adammini-stochastic-r8,adammini,stochastic,8,1.1B,sdpa,666,416,13664256,2.3183603286743164,10.159003215983414,nan,nan,nan,nan,22.21038579940796,4.097999572753906,0.01870039477944374,4.097999572753906,13.995686259120703,6.358922719955444,4869.6416171356705,1.7013871669769287,0.00045228666857142857,16,2048,,2806.037883043289
adammini-stochastic-r8,adammini,stochastic,8,1.1B,sdpa,666,417,13697024,2.4800071716308594,11.941350056496587,nan,nan,nan,nan,22.21038579940796,4.097999572753906,0.01870039477944374,4.097999572753906,13.995686259120703,6.374584436416626,4870.202373702796,2.0535073280334473,0.00045200096,16,2048,,2812.4433119297028
adammini-stochastic-r8,adammini,stochastic,8,1.1B,sdpa,666,418,13729792,2.545891761779785,12.754597078286707,nan,nan,nan,nan,22.21038579940796,4.097999572753906,0.01870039477944374,4.097999572753906,13.995686259120703,6.36522650718689,4870.776408306088,2.1127326488494873,0.0004517152514285714,16,2048,,2818.8392395973206
adammini-stochastic-r8,adammini,stochastic,8,1.1B,sdpa,666,419,13762560,2.3292057514190674,10.269781533528901,nan,nan,nan,nan,22.21038579940796,4.097999572753906,0.01870039477944374,4.097999572753906,13.995686259120703,6.364816904067993,4871.348553737309,1.8487510681152344,0.00045142954285714285,16,2048,,2825.2347388267517
adammini-stochastic-r8,adammini,stochastic,8,1.1B,sdpa,666,420,13795328,2.3389229774475098,10.37006175567087,nan,nan,nan,nan,22.21038579940796,4.097999572753906,0.01870039477944374,4.097999572753906,13.995686259120703,6.366624355316162,4871.913560035271,1.721161127090454,0.0004511438342857143,16,2048,,2831.6323804855347
adammini-stochastic-r8,adammini,stochastic,8,1.1B,sdpa,666,421,13828096,2.2830870151519775,9.806907802294164,nan,nan,nan,nan,22.21038579940796,4.097999572753906,0.01870039477944374,4.097999572753906,13.995686259120703,6.352236986160278,4872.5034274341915,1.7051597833633423,0.0004508581257142857,16,2048,,2838.0143609046936
adammini-stochastic-r8,adammini,stochastic,8,1.1B,sdpa,666,422,13860864,2.4921228885650635,12.086908062853409,nan,nan,nan,nan,22.21038579940796,4.097999572753906,0.01870039477944374,4.097999572753906,13.995686259120703,6.358788013458252,4873.077735226094,1.755902647972107,0.00045057241714285714,16,2048,,2844.40544962883
adammini-stochastic-r8,adammini,stochastic,8,1.1B,sdpa,666,423,13893632,2.298380136489868,9.958038719466712,nan,nan,nan,nan,22.21038579940796,4.097999572753906,0.01870039477944374,4.097999572753906,13.995686259120703,6.35378885269165,4873.657504693271,1.6633262634277344,0.0004502867085714286,16,2048,,2850.790683031082
adammini-stochastic-r8,adammini,stochastic,8,1.1B,sdpa,666,424,13926400,2.413729190826416,11.175559326398924,nan,nan,nan,nan,22.21038579940796,4.097999572753906,0.01870039477944374,4.097999572753906,13.995686259120703,6.363084554672241,4874.219270787865,1.7771258354187012,0.000450001,16,2048,,2857.184350967407
adammini-stochastic-r8,adammini,stochastic,8,1.1B,sdpa,666,425,13959168,2.9527854919433594,19.159247398497772,nan,nan,nan,nan,22.21038579940796,4.097999572753906,0.01870039477944374,4.097999572753906,13.995686259120703,6.374056339263916,4874.760484661249,2.3333215713500977,0.0004497152914285715,16,2048,,2863.589505672455
adammini-stochastic-r8,adammini,stochastic,8,1.1B,sdpa,666,426,13991936,2.616408109664917,13.68647487322261,nan,nan,nan,nan,22.21038579940796,4.097999572753906,0.01870039477944374,4.097999572753906,13.995686259120703,6.355677366256714,4875.330191403738,1.6894495487213135,0.00044942958285714286,16,2048,,2869.9759016036987
adammini-stochastic-r8,adammini,stochastic,8,1.1B,sdpa,666,427,14024704,2.409872055053711,11.132536702131695,nan,nan,nan,nan,22.21038579940796,4.097999572753906,0.01870039477944374,4.097999572753906,13.995686259120703,6.376412868499756,4875.862387834079,1.7690144777297974,0.0004491438742857143,16,2048,,2876.382511615753
adammini-stochastic-r8,adammini,stochastic,8,1.1B,sdpa,666,428,14057472,2.414590358734131,11.185187504585583,nan,nan,nan,nan,22.21038579940796,4.097999572753906,0.01870039477944374,4.097999572753906,13.995686259120703,6.370408773422241,4876.403237992908,1.636146068572998,0.0004488581657142857,16,2048,,2882.7836751937866
adammini-stochastic-r8,adammini,stochastic,8,1.1B,sdpa,666,429,14090240,2.337759017944336,10.357998445705942,nan,nan,nan,nan,22.21038579940796,4.097999572753906,0.01870039477944374,4.097999572753906,13.995686259120703,6.36479377746582,4876.950208491325,1.7986900806427002,0.00044857245714285715,16,2048,,2889.1794333457947
adammini-stochastic-r8,adammini,stochastic,8,1.1B,sdpa,666,430,14123008,2.409303665161133,11.126210878728797,nan,nan,nan,nan,22.21038579940796,4.097999572753906,0.01870039477944374,4.097999572753906,13.995686259120703,6.3637964725494385,4877.496508917196,1.531713604927063,0.0004482867485714286,16,2048,,2895.572199344635
adammini-stochastic-r8,adammini,stochastic,8,1.1B,sdpa,666,431,14155776,2.26031756401062,9.586132894257881,nan,nan,nan,nan,22.21038579940796,4.097999572753906,0.01870039477944374,4.097999572753906,13.995686259120703,6.351566791534424,4878.0643680028725,1.6446056365966797,0.00044800104,16,2048,,2901.954458475113
adammini-stochastic-r8,adammini,stochastic,8,1.1B,sdpa,666,432,14188544,2.519239902496338,12.419153307669818,nan,nan,nan,nan,22.21038579940796,4.097999572753906,0.01870039477944374,4.097999572753906,13.995686259120703,6.344573259353638,4878.6380451361365,1.6496433019638062,0.00044771533142857144,16,2048,,2908.3297970294952
adammini-stochastic-r8,adammini,stochastic,8,1.1B,sdpa,666,433,14221312,2.294530153274536,9.919774143790486,nan,nan,nan,nan,22.21038579940796,4.097999572753906,0.01870039477944374,4.097999572753906,13.995686259120703,6.367583274841309,4879.17049825381,1.683924674987793,0.0004474296228571428,16,2048,,2914.7283096313477
adammini-stochastic-r8,adammini,stochastic,8,1.1B,sdpa,666,434,14254080,2.3821463584899902,10.828118965051884,nan,nan,nan,nan,22.21038579940796,4.097999572753906,0.01870039477944374,4.097999572753906,13.995686259120703,6.3597235679626465,4879.713880672591,1.7214280366897583,0.00044714391428571425,16,2048,,2921.1187834739685
adammini-stochastic-r8,adammini,stochastic,8,1.1B,sdpa,666,435,14286848,2.2629706859588623,9.611599842359281,nan,nan,nan,nan,22.21038579940796,4.097999572753906,0.01870039477944374,4.097999572753906,13.995686259120703,6.358675479888916,4880.256895888492,1.7875992059707642,0.0004468582057142857,16,2048,,2927.508235692978
adammini-stochastic-r8,adammini,stochastic,8,1.1B,sdpa,666,436,14319616,2.5211181640625,12.442501646291271,nan,nan,nan,nan,22.21038579940796,4.097999572753906,0.01870039477944374,4.097999572753906,13.995686259120703,6.365504026412964,4880.786021763911,1.8004885911941528,0.00044657249714285716,16,2048,,2933.904759645462
adammini-stochastic-r8,adammini,stochastic,8,1.1B,sdpa,666,437,14352384,2.428093433380127,11.337246246221738,nan,nan,nan,nan,22.21038579940796,4.097999572753906,0.01870039477944374,4.097999572753906,13.995686259120703,6.359288692474365,4881.322563112773,2.0379638671875,0.0004462867885714286,16,2048,,2940.2950994968414
adammini-stochastic-r8,adammini,stochastic,8,1.1B,sdpa,666,438,14385152,2.370954990386963,10.707613070507541,nan,nan,nan,nan,22.21038579940796,4.097999572753906,0.01870039477944374,4.097999572753906,13.995686259120703,6.389711618423462,4881.806739325785,1.8021363019943237,0.00044600108,16,2048,,2946.716053009033
adammini-stochastic-r8,adammini,stochastic,8,1.1B,sdpa,666,439,14417920,2.4285972118377686,11.342959145546542,nan,nan,nan,nan,22.21038579940796,4.097999572753906,0.01870039477944374,4.097999572753906,13.995686259120703,6.374140024185181,4882.312005627182,1.9101083278656006,0.00044571537142857145,16,2048,,2953.1224060058594
adammini-stochastic-r8,adammini,stochastic,8,1.1B,sdpa,666,440,14450688,2.4157392978668213,11.198045989609898,nan,nan,nan,nan,22.21038579940796,4.097999572753906,0.01870039477944374,4.097999572753906,13.995686259120703,6.377044916152954,4882.812835120249,1.8006592988967896,0.0004454296628571429,16,2048,,2959.528748512268
adammini-stochastic-r8,adammini,stochastic,8,1.1B,sdpa,666,441,14483456,2.5089497566223145,12.29201367306391,nan,nan,nan,nan,22.21038579940796,4.097999572753906,0.01870039477944374,4.097999572753906,13.995686259120703,6.341922998428345,4883.371195354459,1.9902818202972412,0.0004451439542857143,16,2048,,2965.902063846588
adammini-stochastic-r8,adammini,stochastic,8,1.1B,sdpa,666,442,14516224,2.2389087677001953,9.38308657163816,nan,nan,nan,nan,22.21038579940796,4.097999572753906,0.01870039477944374,4.097999572753906,13.995686259120703,6.34258508682251,4883.92270648647,1.710556983947754,0.0004448582457142857,16,2048,,2972.2765197753906
adammini-stochastic-r8,adammini,stochastic,8,1.1B,sdpa,666,443,14548992,2.3078927993774414,10.053218172112526,nan,nan,nan,nan,22.21038579940796,4.097999572753906,0.01870039477944374,4.097999572753906,13.995686259120703,6.352206468582153,4884.456858378311,1.6837061643600464,0.00044457253714285717,16,2048,,2978.661024093628
adammini-stochastic-r8,adammini,stochastic,8,1.1B,sdpa,666,444,14581760,2.7901275157928467,16.28309602130938,nan,nan,nan,nan,22.21038579940796,4.097999572753906,0.01870039477944374,4.097999572753906,13.995686259120703,6.344728946685791,4885.000110149521,2.0665767192840576,0.0004442868285714286,16,2048,,2985.0369794368744
adammini-stochastic-r8,adammini,stochastic,8,1.1B,sdpa,666,445,14614528,2.6979105472564697,14.848673687047938,nan,nan,nan,nan,22.21038579940796,4.097999572753906,0.01870039477944374,4.097999572753906,13.995686259120703,6.360859632492065,4885.515804412098,1.7776288986206055,0.00044400112000000003,16,2048,,2991.4292442798615
adammini-stochastic-r8,adammini,stochastic,8,1.1B,sdpa,666,446,14647296,2.2578370571136475,9.562383892456891,nan,nan,nan,nan,22.21038579940796,4.097999572753906,0.01870039477944374,4.097999572753906,13.995686259120703,6.359955310821533,4886.030754760531,1.7752158641815186,0.00044371541142857146,16,2048,,2997.820554256439
adammini-stochastic-r8,adammini,stochastic,8,1.1B,sdpa,666,447,14680064,2.585081100463867,13.26436479248504,nan,nan,nan,nan,22.21038579940796,4.097999572753906,0.01870039477944374,4.097999572753906,13.995686259120703,6.349609613418579,4886.559868717235,1.831181287765503,0.0004434297028571429,16,2048,,3004.2011556625366
adammini-stochastic-r8,adammini,stochastic,8,1.1B,sdpa,666,448,14712832,2.3085203170776367,10.059528724243952,nan,nan,nan,nan,22.21038579940796,4.097999572753906,0.01870039477944374,4.097999572753906,13.995686259120703,6.365215301513672,4887.062114270234,1.712081789970398,0.0004431439942857143,16,2048,,3010.597542285919
adammini-stochastic-r8,adammini,stochastic,8,1.1B,sdpa,666,449,14745600,2.160372257232666,8.674366153050208,nan,nan,nan,nan,22.21038579940796,4.097999572753906,0.01870039477944374,4.097999572753906,13.995686259120703,6.377933025360107,4887.541795623429,1.7365492582321167,0.0004428582857142857,16,2048,,3017.0064039230347
adammini-stochastic-r8,adammini,stochastic,8,1.1B,sdpa,666,450,14778368,2.6159284114837646,13.6799110705675,2.4573943319814924,11.674352387341965,nan,nan,22.21038579940796,4.097999572753906,0.01870039477944374,4.097999572753906,13.995686259120703,6.373420238494873,4888.02545266579,1.8946844339370728,0.0004425725771428571,16,2048,,3036.4781363010406
adammini-stochastic-r8,adammini,stochastic,8,1.1B,sdpa,666,451,14811136,2.349076747894287,10.475893367945346,nan,nan,nan,nan,22.21038579940796,4.097999572753906,0.01870039477944374,4.097999572753906,13.995686259120703,6.3471174240112305,4867.557482188661,1.9267656803131104,0.00044228686857142855,16,2048,,3042.8553533554077
adammini-stochastic-r8,adammini,stochastic,8,1.1B,sdpa,666,452,14843904,2.3333985805511475,10.312931369453505,nan,nan,nan,nan,22.21038579940796,4.097999572753906,0.01870039477944374,4.097999572753906,13.995686259120703,6.364337205886841,4868.097293364289,1.7131072282791138,0.00044200116000000004,16,2048,,3049.250566482544
adammini-stochastic-r8,adammini,stochastic,8,1.1B,sdpa,666,453,14876672,2.149324655532837,8.579062617852015,nan,nan,nan,nan,22.21038579940796,4.097999572753906,0.01870039477944374,4.097999572753906,13.995686259120703,6.359554052352905,4868.640028205771,2.0610899925231934,0.00044171545142857147,16,2048,,3055.6410145759583
adammini-stochastic-r8,adammini,stochastic,8,1.1B,sdpa,666,454,14909440,2.37085223197937,10.706512829769759,nan,nan,nan,nan,22.21038579940796,4.097999572753906,0.01870039477944374,4.097999572753906,13.995686259120703,6.355931043624878,4869.186432194516,1.5921586751937866,0.0004414297428571429,16,2048,,3062.027878522873
adammini-stochastic-r8,adammini,stochastic,8,1.1B,sdpa,666,455,14942208,2.483341693878174,11.981235215941652,nan,nan,nan,nan,22.21038579940796,4.097999572753906,0.01870039477944374,4.097999572753906,13.995686259120703,6.345922231674194,4869.746205194623,1.8477120399475098,0.0004411440342857143,16,2048,,3068.404769182205
adammini-stochastic-r8,adammini,stochastic,8,1.1B,sdpa,666,456,14974976,2.256525993347168,9.54985521215833,nan,nan,nan,nan,22.21038579940796,4.097999572753906,0.01870039477944374,4.097999572753906,13.995686259120703,6.343657493591309,4870.3034670977495,1.6422861814498901,0.0004408583257142857,16,2048,,3074.7817153930664
adammini-stochastic-r8,adammini,stochastic,8,1.1B,sdpa,666,457,15007744,2.2299864292144775,9.29973987385199,nan,nan,nan,nan,22.21038579940796,4.097999572753906,0.01870039477944374,4.097999572753906,13.995686259120703,6.36853551864624,4870.820257580763,1.9236088991165161,0.00044057261714285713,16,2048,,3081.1830067634583
adammini-stochastic-r8,adammini,stochastic,8,1.1B,sdpa,666,458,15040512,2.364915609359741,10.643140598160446,nan,nan,nan,nan,22.21038579940796,4.097999572753906,0.01870039477944374,4.097999572753906,13.995686259120703,6.369286298751831,4871.332456794003,1.7236580848693848,0.00044028690857142856,16,2048,,3087.58576631546
adammini-stochastic-r8,adammini,stochastic,8,1.1B,sdpa,666,459,15073280,2.3687171936035156,10.683678398873765,nan,nan,nan,nan,22.21038579940796,4.097999572753906,0.01870039477944374,4.097999572753906,13.995686259120703,6.371660470962524,4871.839340878259,1.644919991493225,0.0004400012,16,2048,,3093.9903988838196
adammini-stochastic-r8,adammini,stochastic,8,1.1B,sdpa,666,460,15106048,2.347475051879883,10.459127601705351,nan,nan,nan,nan,22.21038579940796,4.097999572753906,0.01870039477944374,4.097999572753906,13.995686259120703,6.346987009048462,4872.386208462689,1.7892062664031982,0.0004397154914285714,16,2048,,3100.368067264557
adammini-stochastic-r8,adammini,stochastic,8,1.1B,sdpa,666,461,15138816,2.2826013565063477,9.802146149095698,nan,nan,nan,nan,22.21038579940796,4.097999572753906,0.01870039477944374,4.097999572753906,13.995686259120703,6.3499181270599365,4872.926761930676,1.802587866783142,0.0004394297828571429,16,2048,,3106.7489988803864
adammini-stochastic-r8,adammini,stochastic,8,1.1B,sdpa,666,462,15171584,2.600287914276123,13.467614995481302,nan,nan,nan,nan,22.21038579940796,4.097999572753906,0.01870039477944374,4.097999572753906,13.995686259120703,6.35657811164856,4873.454364548153,2.005964517593384,0.00043914407428571433,16,2048,,3113.1364793777466
adammini-stochastic-r8,adammini,stochastic,8,1.1B,sdpa,666,463,15204352,2.336045026779175,10.340260133878711,nan,nan,nan,nan,22.21038579940796,4.097999572753906,0.01870039477944374,4.097999572753906,13.995686259120703,6.342854738235474,4874.001004769447,1.938787817955017,0.0004388583657142857,16,2048,,3119.5103409290314
adammini-stochastic-r8,adammini,stochastic,8,1.1B,sdpa,666,464,15237120,2.3752281665802,10.753466487858805,nan,nan,nan,nan,22.21038579940796,4.097999572753906,0.01870039477944374,4.097999572753906,13.995686259120703,6.353658437728882,4874.528793476377,1.8448532819747925,0.00043857265714285714,16,2048,,3125.894879579544
adammini-stochastic-r8,adammini,stochastic,8,1.1B,sdpa,666,465,15269888,2.1307852268218994,8.421476985466512,nan,nan,nan,nan,22.21038579940796,4.097999572753906,0.01870039477944374,4.097999572753906,13.995686259120703,6.344419240951538,4875.067273561501,1.5578327178955078,0.00043828694857142857,16,2048,,3132.271050930023
adammini-stochastic-r8,adammini,stochastic,8,1.1B,sdpa,666,466,15302656,2.4301598072052,11.3606974562521,nan,nan,nan,nan,22.21038579940796,4.097999572753906,0.01870039477944374,4.097999572753906,13.995686259120703,6.354294061660767,4875.585311255136,1.5362203121185303,0.00043800124,16,2048,,3138.6590933799744
adammini-stochastic-r8,adammini,stochastic,8,1.1B,sdpa,666,467,15335424,2.3397414684295654,10.378553032243852,nan,nan,nan,nan,22.21038579940796,4.097999572753906,0.01870039477944374,4.097999572753906,13.995686259120703,6.354049921035767,4876.104831223996,1.6047275066375732,0.00043771553142857143,16,2048,,3145.044919013977
adammini-stochastic-r8,adammini,stochastic,8,1.1B,sdpa,666,468,15368192,2.231391191482544,9.312812977681277,nan,nan,nan,nan,22.21038579940796,4.097999572753906,0.01870039477944374,4.097999572753906,13.995686259120703,6.365613698959351,4876.602810471605,1.7657594680786133,0.0004374298228571429,16,2048,,3151.4433393478394
adammini-stochastic-r8,adammini,stochastic,8,1.1B,sdpa,666,469,15400960,2.391591787338257,10.930879738089871,nan,nan,nan,nan,22.21038579940796,4.097999572753906,0.01870039477944374,4.097999572753906,13.995686259120703,6.3787431716918945,4877.0810181114975,1.8738478422164917,0.00043714411428571434,16,2048,,3157.8532083034515
adammini-stochastic-r8,adammini,stochastic,8,1.1B,sdpa,666,470,15433728,2.45910382270813,11.694326652533855,nan,nan,nan,nan,22.21038579940796,4.097999572753906,0.01870039477944374,4.097999572753906,13.995686259120703,6.3567140102386475,4877.59084334954,1.6501387357711792,0.0004368584057142857,16,2048,,3164.2390155792236
adammini-stochastic-r8,adammini,stochastic,8,1.1B,sdpa,666,471,15466496,2.391617774963379,10.931163809385911,nan,nan,nan,nan,22.21038579940796,4.097999572753906,0.01870039477944374,4.097999572753906,13.995686259120703,6.348346471786499,4878.115269978874,1.6416243314743042,0.00043657269714285715,16,2048,,3170.6178669929504
adammini-stochastic-r8,adammini,stochastic,8,1.1B,sdpa,666,472,15499264,2.463685989379883,11.74803496261117,nan,nan,nan,nan,22.21038579940796,4.097999572753906,0.01870039477944374,4.097999572753906,13.995686259120703,6.365431547164917,4878.608544358502,1.6616101264953613,0.0004362869885714286,16,2048,,3177.014291524887
adammini-stochastic-r8,adammini,stochastic,8,1.1B,sdpa,666,473,15532032,2.566580057144165,13.02121638995283,nan,nan,nan,nan,22.21038579940796,4.097999572753906,0.01870039477944374,4.097999572753906,13.995686259120703,6.3597729206085205,4879.107530461807,1.8312979936599731,0.00043600128,16,2048,,3183.4053535461426
adammini-stochastic-r8,adammini,stochastic,8,1.1B,sdpa,666,474,15564800,2.6892194747924805,14.720181962283224,nan,nan,nan,nan,22.21038579940796,4.097999572753906,0.01870039477944374,4.097999572753906,13.995686259120703,6.343861103057861,4879.629263013085,2.152606964111328,0.00043571557142857144,16,2048,,3189.780287504196
adammini-stochastic-r8,adammini,stochastic,8,1.1B,sdpa,666,475,15597568,2.3184447288513184,10.159860673837295,nan,nan,nan,nan,22.21038579940796,4.097999572753906,0.01870039477944374,4.097999572753906,13.995686259120703,6.3495073318481445,4880.138664405487,1.7332569360733032,0.00043542986285714287,16,2048,,3196.1618087291718
adammini-stochastic-r8,adammini,stochastic,8,1.1B,sdpa,666,476,15630336,2.4388678073883057,11.46005840147443,nan,nan,nan,nan,22.21038579940796,4.097999572753906,0.01870039477944374,4.097999572753906,13.995686259120703,6.355912446975708,4880.635989370186,1.8351858854293823,0.0004351441542857143,16,2048,,3202.550038099289
adammini-stochastic-r8,adammini,stochastic,8,1.1B,sdpa,666,477,15663104,2.4479236602783203,11.564310337104592,nan,nan,nan,nan,22.21038579940796,4.097999572753906,0.01870039477944374,4.097999572753906,13.995686259120703,6.367735862731934,4881.112378618888,1.824668049812317,0.00043485844571428567,16,2048,,3208.9506034851074
adammini-stochastic-r8,adammini,stochastic,8,1.1B,sdpa,666,478,15695872,2.4705402851104736,11.828836069493885,nan,nan,nan,nan,22.21038579940796,4.097999572753906,0.01870039477944374,4.097999572753906,13.995686259120703,6.360978603363037,4881.5971530715,1.7522187232971191,0.0004345727371428571,16,2048,,3215.3445489406586
adammini-stochastic-r8,adammini,stochastic,8,1.1B,sdpa,666,479,15728640,2.454526424407959,11.640919388005448,nan,nan,nan,nan,22.21038579940796,4.097999572753906,0.01870039477944374,4.097999572753906,13.995686259120703,6.359045505523682,4882.085893847911,1.811402440071106,0.00043428702857142853,16,2048,,3221.7346448898315
adammini-stochastic-r8,adammini,stochastic,8,1.1B,sdpa,666,480,15761408,2.3281033039093018,10.258465877056155,nan,nan,nan,nan,22.21038579940796,4.097999572753906,0.01870039477944374,4.097999572753906,13.995686259120703,6.367366075515747,4882.560137387626,1.6299641132354736,0.00043400132,16,2048,,3228.132936000824
adammini-stochastic-r8,adammini,stochastic,8,1.1B,sdpa,666,481,15794176,2.3860151767730713,10.870092130596724,nan,nan,nan,nan,22.21038579940796,4.097999572753906,0.01870039477944374,4.097999572753906,13.995686259120703,6.371702671051025,4883.025843042202,1.6893298625946045,0.00043371561142857145,16,2048,,3234.536527633667
adammini-stochastic-r8,adammini,stochastic,8,1.1B,sdpa,666,482,15826944,2.4099488258361816,11.133391388492253,nan,nan,nan,nan,22.21038579940796,4.097999572753906,0.01870039477944374,4.097999572753906,13.995686259120703,6.355128765106201,4883.5133757628055,1.863183856010437,0.0004334299028571429,16,2048,,3240.9224689006805
adammini-stochastic-r8,adammini,stochastic,8,1.1B,sdpa,666,483,15859712,2.490770101547241,12.0705681052735,nan,nan,nan,nan,22.21038579940796,4.097999572753906,0.01870039477944374,4.097999572753906,13.995686259120703,6.353775501251221,4884.002693070653,1.8346878290176392,0.0004331441942857143,16,2048,,3247.3071484565735
adammini-stochastic-r8,adammini,stochastic,8,1.1B,sdpa,666,484,15892480,2.4444491863250732,11.52420016327889,nan,nan,nan,nan,22.21038579940796,4.097999572753906,0.01870039477944374,4.097999572753906,13.995686259120703,6.3407628536224365,4884.508774287148,1.8995784521102905,0.00043285848571428574,16,2048,,3253.6792278289795
adammini-stochastic-r8,adammini,stochastic,8,1.1B,sdpa,666,485,15925248,2.3948729038238525,10.966804131631182,nan,nan,nan,nan,22.21038579940796,4.097999572753906,0.01870039477944374,4.097999572753906,13.995686259120703,6.361356735229492,4884.9826244558335,2.0891146659851074,0.00043257277714285717,16,2048,,3260.0714910030365
adammini-stochastic-r8,adammini,stochastic,8,1.1B,sdpa,666,486,15958016,2.3264975547790527,10.242006572689816,nan,nan,nan,nan,22.21038579940796,4.097999572753906,0.01870039477944374,4.097999572753906,13.995686259120703,6.351036071777344,4885.468268591805,1.6997390985488892,0.0004322870685714286,16,2048,,3266.45472073555
adammini-stochastic-r8,adammini,stochastic,8,1.1B,sdpa,666,487,15990784,2.464731216430664,11.760320746145743,nan,nan,nan,nan,22.21038579940796,4.097999572753906,0.01870039477944374,4.097999572753906,13.995686259120703,6.364538908004761,4885.933431234016,1.7648499011993408,0.00043200136,16,2048,,3272.850291967392
adammini-stochastic-r8,adammini,stochastic,8,1.1B,sdpa,666,488,16023552,2.3264448642730713,10.241466930398373,nan,nan,nan,nan,22.21038579940796,4.097999572753906,0.01870039477944374,4.097999572753906,13.995686259120703,6.369710445404053,4886.3889030884775,1.6539227962493896,0.00043171565142857145,16,2048,,3279.2511656284332
adammini-stochastic-r8,adammini,stochastic,8,1.1B,sdpa,666,489,16056320,2.31111741065979,10.085688216354125,nan,nan,nan,nan,22.21038579940796,4.097999572753906,0.01870039477944374,4.097999572753906,13.995686259120703,6.361233711242676,4886.855907761613,1.5908281803131104,0.0004314299428571429,16,2048,,3285.6431851387024
adammini-stochastic-r8,adammini,stochastic,8,1.1B,sdpa,666,490,16089088,2.4437310695648193,11.515927412749038,nan,nan,nan,nan,22.21038579940796,4.097999572753906,0.01870039477944374,4.097999572753906,13.995686259120703,6.366509914398193,4887.313214527011,1.7471516132354736,0.0004311442342857143,16,2048,,3292.04021859169
adammini-stochastic-r8,adammini,stochastic,8,1.1B,sdpa,666,491,16121856,2.361626148223877,10.608187920054643,nan,nan,nan,nan,22.21038579940796,4.097999572753906,0.01870039477944374,4.097999572753906,13.995686259120703,6.3599889278411865,4887.7788129979135,1.7076505422592163,0.0004308585257142857,16,2048,,3298.430995464325
adammini-stochastic-r8,adammini,stochastic,8,1.1B,sdpa,666,492,16154624,2.3690950870513916,10.687716453869122,nan,nan,nan,nan,22.21038579940796,4.097999572753906,0.01870039477944374,4.097999572753906,13.995686259120703,6.3453662395477295,4888.263650237477,1.6731626987457275,0.0004305728171428572,16,2048,,3304.8072035312653
adammini-stochastic-r8,adammini,stochastic,8,1.1B,sdpa,666,493,16187392,2.2783029079437256,9.760102553921543,nan,nan,nan,nan,22.21038579940796,4.097999572753906,0.01870039477944374,4.097999572753906,13.995686259120703,6.361263036727905,4888.723280449796,1.711076021194458,0.00043028710857142855,16,2048,,3311.199429512024
adammini-stochastic-r8,adammini,stochastic,8,1.1B,sdpa,666,494,16220160,2.29938006401062,9.968001016392384,nan,nan,nan,nan,22.21038579940796,4.097999572753906,0.01870039477944374,4.097999572753906,13.995686259120703,6.3558349609375,4889.188894808517,1.7630000114440918,0.0004300014,16,2048,,3317.5860254764557
adammini-stochastic-r8,adammini,stochastic,8,1.1B,sdpa,666,495,16252928,2.245720148086548,9.447216502209667,nan,nan,nan,nan,22.21038579940796,4.097999572753906,0.01870039477944374,4.097999572753906,13.995686259120703,6.331815481185913,4889.68830834962,1.568263292312622,0.0004297156914285714,16,2048,,3323.94864487648
adammini-stochastic-r8,adammini,stochastic,8,1.1B,sdpa,666,496,16285696,2.3160314559936523,10.135371718985555,nan,nan,nan,nan,22.21038579940796,4.097999572753906,0.01870039477944374,4.097999572753906,13.995686259120703,6.341232538223267,4890.172015389879,1.768722414970398,0.00042942998285714284,16,2048,,3330.32075214386
adammini-stochastic-r8,adammini,stochastic,8,1.1B,sdpa,666,497,16318464,2.4161667823791504,11.202834004166926,nan,nan,nan,nan,22.21038579940796,4.097999572753906,0.01870039477944374,4.097999572753906,13.995686259120703,6.3526177406311035,4890.636882292213,1.7254287004470825,0.00042914427428571427,16,2048,,3336.7044003009796
adammini-stochastic-r8,adammini,stochastic,8,1.1B,sdpa,666,498,16351232,2.407120943069458,11.101951937342161,nan,nan,nan,nan,22.21038579940796,4.097999572753906,0.01870039477944374,4.097999572753906,13.995686259120703,6.351381778717041,4891.101714477777,1.9220417737960815,0.0004288585657142857,16,2048,,3343.08690738678
adammini-stochastic-r8,adammini,stochastic,8,1.1B,sdpa,666,499,16384000,2.280829429626465,9.784792841789795,nan,nan,nan,nan,22.21038579940796,4.097999572753906,0.01870039477944374,4.097999572753906,13.995686259120703,6.3563313484191895,4891.557494888558,1.6026614904403687,0.0004285728571428572,16,2048,,3349.474038362503
adammini-stochastic-r8,adammini,stochastic,8,1.1B,sdpa,666,500,16416768,2.09545636177063,8.129149957096482,2.454453523187826,11.640070781711186,nan,nan,22.21038579940796,4.097999572753906,0.01870039477944374,4.097999572753906,13.995686259120703,6.3557398319244385,4892.012865847748,1.6381510496139526,0.0004282871485714286,16,2048,,3368.71280503273
adammini-stochastic-r8,adammini,stochastic,8,1.1B,sdpa,666,501,16449536,2.423914909362793,11.289972127296206,nan,nan,nan,nan,22.21038579940796,4.097999572753906,0.01870039477944374,4.097999572753906,13.995686259120703,6.3600544929504395,4873.829399357569,1.5055876970291138,0.00042800144000000004,16,2048,,3375.103940963745
adammini-stochastic-r8,adammini,stochastic,8,1.1B,sdpa,666,502,16482304,2.2356324195861816,9.352394619859822,nan,nan,nan,nan,22.21038579940796,4.097999572753906,0.01870039477944374,4.097999572753906,13.995686259120703,6.347655773162842,4874.32616547878,1.6037235260009766,0.00042771573142857147,16,2048,,3381.4824085235596
adammini-stochastic-r8,adammini,stochastic,8,1.1B,sdpa,666,503,16515072,2.246372938156128,9.453385564659765,nan,nan,nan,nan,22.21038579940796,4.097999572753906,0.01870039477944374,4.097999572753906,13.995686259120703,6.331314325332642,4874.844785100555,1.5751841068267822,0.0004274300228571429,16,2048,,3387.8445835113525
adammini-stochastic-r8,adammini,stochastic,8,1.1B,sdpa,666,504,16547840,2.23268723487854,9.324890612317857,nan,nan,nan,nan,22.21038579940796,4.097999572753906,0.01870039477944374,4.097999572753906,13.995686259120703,6.349363565444946,4875.335517427767,1.6014559268951416,0.00042714431428571433,16,2048,,3394.224886894226
adammini-stochastic-r8,adammini,stochastic,8,1.1B,sdpa,666,505,16580608,2.349259853363037,10.477811736937626,nan,nan,nan,nan,22.21038579940796,4.097999572753906,0.01870039477944374,4.097999572753906,13.995686259120703,6.343898296356201,4875.831995702311,1.6549814939498901,0.0004268586057142857,16,2048,,3400.594061613083
adammini-stochastic-r8,adammini,stochastic,8,1.1B,sdpa,666,506,16613376,2.4290151596069336,11.347700900851155,nan,nan,nan,nan,22.21038579940796,4.097999572753906,0.01870039477944374,4.097999572753906,13.995686259120703,6.38093900680542,4876.281624145218,1.6932265758514404,0.0004265728971428572,16,2048,,3407.006198167801
adammini-stochastic-r8,adammini,stochastic,8,1.1B,sdpa,666,507,16646144,2.4521045684814453,11.612760870095661,nan,nan,nan,nan,22.21038579940796,4.097999572753906,0.01870039477944374,4.097999572753906,13.995686259120703,6.355985879898071,4876.75714109685,1.6476190090179443,0.00042628718857142857,16,2048,,3413.39311671257
adammini-stochastic-r8,adammini,stochastic,8,1.1B,sdpa,666,508,16678912,2.3092124462127686,10.066493627187782,nan,nan,nan,nan,22.21038579940796,4.097999572753906,0.01870039477944374,4.097999572753906,13.995686259120703,6.357954502105713,4877.2280435765515,1.7019484043121338,0.00042600148,16,2048,,3419.781917333603
adammini-stochastic-r8,adammini,stochastic,8,1.1B,sdpa,666,509,16711680,2.3896729946136475,10.909925755178795,nan,nan,nan,nan,22.21038579940796,4.097999572753906,0.01870039477944374,4.097999572753906,13.995686259120703,6.3779685497283936,4877.669038349536,1.656739592552185,0.0004257157714285714,16,2048,,3426.1906042099
adammini-stochastic-r8,adammini,stochastic,8,1.1B,sdpa,666,510,16744448,2.2040610313415527,9.061738883107493,nan,nan,nan,nan,22.21038579940796,4.097999572753906,0.01870039477944374,4.097999572753906,13.995686259120703,6.349713087081909,4878.148729646504,1.5730960369110107,0.00042543006285714286,16,2048,,3432.5712139606476
adammini-stochastic-r8,adammini,stochastic,8,1.1B,sdpa,666,511,16777216,2.3178727626800537,10.154051238785637,nan,nan,nan,nan,22.21038579940796,4.097999572753906,0.01870039477944374,4.097999572753906,13.995686259120703,6.36900782585144,4878.59891281164,1.546483039855957,0.0004251443542857143,16,2048,,3438.970227956772
adammini-stochastic-r8,adammini,stochastic,8,1.1B,sdpa,666,512,16809984,2.3162319660186768,10.13740416637879,nan,nan,nan,nan,22.21038579940796,4.097999572753906,0.01870039477944374,4.097999572753906,13.995686259120703,6.338253736495972,4879.092366699444,1.7070097923278809,0.0004248586457142857,16,2048,,3445.3392753601074
adammini-stochastic-r8,adammini,stochastic,8,1.1B,sdpa,666,513,16842752,2.453498363494873,11.628957963380328,nan,nan,nan,nan,22.21038579940796,4.097999572753906,0.01870039477944374,4.097999572753906,13.995686259120703,6.3554847240448,4879.55825816319,1.540407657623291,0.00042457293714285714,16,2048,,3451.725691795349
adammini-stochastic-r8,adammini,stochastic,8,1.1B,sdpa,666,514,16875520,2.4855096340179443,12.007237992737762,nan,nan,nan,nan,22.21038579940796,4.097999572753906,0.01870039477944374,4.097999572753906,13.995686259120703,6.364886045455933,4880.009280863571,1.6447926759719849,0.0004242872285714285,16,2048,,3458.121493577957
adammini-stochastic-r8,adammini,stochastic,8,1.1B,sdpa,666,515,16908288,2.5616509914398193,12.957191878953532,nan,nan,nan,nan,22.21038579940796,4.097999572753906,0.01870039477944374,4.097999572753906,13.995686259120703,6.3601133823394775,4880.465193690798,1.756286859512329,0.00042400151999999995,16,2048,,3464.5124979019165
adammini-stochastic-r8,adammini,stochastic,8,1.1B,sdpa,666,516,16941056,2.3514292240142822,10.500566667223932,nan,nan,nan,nan,22.21038579940796,4.097999572753906,0.01870039477944374,4.097999572753906,13.995686259120703,6.3487162590026855,4880.935711623591,1.6607997417449951,0.00042371581142857143,16,2048,,3470.891914129257
adammini-stochastic-r8,adammini,stochastic,8,1.1B,sdpa,666,517,16973824,2.3702232837677,10.699781104847338,nan,nan,nan,nan,22.21038579940796,4.097999572753906,0.01870039477944374,4.097999572753906,13.995686259120703,6.341969966888428,4881.414116573006,1.7115765810012817,0.0004234301028571429,16,2048,,3477.2646045684814
adammini-stochastic-r8,adammini,stochastic,8,1.1B,sdpa,666,518,17006592,2.1436045169830322,8.530129277219288,nan,nan,nan,nan,22.21038579940796,4.097999572753906,0.01870039477944374,4.097999572753906,13.995686259120703,6.365779399871826,4881.85719432381,1.7576572895050049,0.00042314439428571435,16,2048,,3483.6612701416016
adammini-stochastic-r8,adammini,stochastic,8,1.1B,sdpa,666,519,17039360,2.5105676651000977,12.311917122832995,nan,nan,nan,nan,22.21038579940796,4.097999572753906,0.01870039477944374,4.097999572753906,13.995686259120703,6.364564418792725,4882.300242517682,1.717489242553711,0.0004228586857142858,16,2048,,3490.0567066669464
adammini-stochastic-r8,adammini,stochastic,8,1.1B,sdpa,666,520,17072128,2.3444151878356934,10.42717300651369,nan,nan,nan,nan,22.21038579940796,4.097999572753906,0.01870039477944374,4.097999572753906,13.995686259120703,6.381649017333984,4882.717706569171,1.601676106452942,0.0004225729771428572,16,2048,,3496.4679505825043
adammini-stochastic-r8,adammini,stochastic,8,1.1B,sdpa,666,521,17104896,2.299664258956909,9.970834274485592,nan,nan,nan,nan,22.21038579940796,4.097999572753906,0.01870039477944374,4.097999572753906,13.995686259120703,6.358062028884888,4883.168843288969,1.5957592725753784,0.0004222872685714286,16,2048,,3502.8552017211914
adammini-stochastic-r8,adammini,stochastic,8,1.1B,sdpa,666,522,17137664,2.312711238861084,10.10177588774938,nan,nan,nan,nan,22.21038579940796,4.097999572753906,0.01870039477944374,4.097999572753906,13.995686259120703,6.355908632278442,4883.6212744490595,1.801954746246338,0.00042200156,16,2048,,3509.241945505142
adammini-stochastic-r8,adammini,stochastic,8,1.1B,sdpa,666,523,17170432,2.291605234146118,9.890801997894679,nan,nan,nan,nan,22.21038579940796,4.097999572753906,0.01870039477944374,4.097999572753906,13.995686259120703,6.362332582473755,4884.0612205076,1.9024333953857422,0.00042171585142857144,16,2048,,3515.63502573967
adammini-stochastic-r8,adammini,stochastic,8,1.1B,sdpa,666,524,17203200,2.2197954654693604,9.205447841363487,nan,nan,nan,nan,22.21038579940796,4.097999572753906,0.01870039477944374,4.097999572753906,13.995686259120703,6.345785856246948,4884.522468144474,1.5880959033966064,0.00042143014285714287,16,2048,,3522.011571407318
adammini-stochastic-r8,adammini,stochastic,8,1.1B,sdpa,666,525,17235968,2.3972856998443604,10.993296740776216,nan,nan,nan,nan,22.21038579940796,4.097999572753906,0.01870039477944374,4.097999572753906,13.995686259120703,6.351438045501709,4884.974020221138,1.7352123260498047,0.0004211444342857143,16,2048,,3528.3940994739532
adammini-stochastic-r8,adammini,stochastic,8,1.1B,sdpa,666,526,17268736,2.4788308143615723,11.927311021631837,nan,nan,nan,nan,22.21038579940796,4.097999572753906,0.01870039477944374,4.097999572753906,13.995686259120703,6.345196485519409,4885.432273949227,1.559705138206482,0.00042085872571428573,16,2048,,3534.770139694214
adammini-stochastic-r8,adammini,stochastic,8,1.1B,sdpa,666,527,17301504,2.4363973140716553,11.431781347303868,nan,nan,nan,nan,22.21038579940796,4.097999572753906,0.01870039477944374,4.097999572753906,13.995686259120703,6.3520894050598145,4885.880011901987,1.7008893489837646,0.00042057301714285716,16,2048,,3541.1532261371613
adammini-stochastic-r8,adammini,stochastic,8,1.1B,sdpa,666,528,17334272,2.379102945327759,10.795214621425343,nan,nan,nan,nan,22.21038579940796,4.097999572753906,0.01870039477944374,4.097999572753906,13.995686259120703,6.329483270645142,4886.356720871188,1.719590187072754,0.00042028730857142854,16,2048,,3547.513534784317
adammini-stochastic-r8,adammini,stochastic,8,1.1B,sdpa,666,529,17367040,2.5693442821502686,13.057259754942798,nan,nan,nan,nan,22.21038579940796,4.097999572753906,0.01870039477944374,4.097999572753906,13.995686259120703,6.365840196609497,4886.782165529959,2.7466628551483154,0.00042000159999999997,16,2048,,3553.910181283951
adammini-stochastic-r8,adammini,stochastic,8,1.1B,sdpa,666,530,17399808,2.313159465789795,10.106304790642364,nan,nan,nan,nan,22.21038579940796,4.097999572753906,0.01870039477944374,4.097999572753906,13.995686259120703,6.374690055847168,4887.193746680953,1.7389780282974243,0.0004197158914285714,16,2048,,3560.3137559890747
adammini-stochastic-r8,adammini,stochastic,8,1.1B,sdpa,666,531,17432576,2.379000425338745,10.794107952869748,nan,nan,nan,nan,22.21038579940796,4.097999572753906,0.01870039477944374,4.097999572753906,13.995686259120703,6.339385032653809,4887.6551852842,1.590088129043579,0.0004194301828571428,16,2048,,3566.6840109825134
adammini-stochastic-r8,adammini,stochastic,8,1.1B,sdpa,666,532,17465344,2.100109815597534,8.167066734637789,nan,nan,nan,nan,22.21038579940796,4.097999572753906,0.01870039477944374,4.097999572753906,13.995686259120703,6.341040849685669,4888.109653019208,1.7653253078460693,0.0004191444742857143,16,2048,,3573.0558822155
adammini-stochastic-r8,adammini,stochastic,8,1.1B,sdpa,666,533,17498112,2.331031322479248,10.288546873009617,nan,nan,nan,nan,22.21038579940796,4.097999572753906,0.01870039477944374,4.097999572753906,13.995686259120703,6.3758156299591064,4888.515109451675,1.603814959526062,0.00041885876571428574,16,2048,,3579.462893486023
adammini-stochastic-r8,adammini,stochastic,8,1.1B,sdpa,666,534,17530880,2.3706698417663574,10.70456024468573,nan,nan,nan,nan,22.21038579940796,4.097999572753906,0.01870039477944374,4.097999572753906,13.995686259120703,6.356749773025513,4888.944747430962,1.7382186651229858,0.00041857305714285717,16,2048,,3585.8505442142487
adammini-stochastic-r8,adammini,stochastic,8,1.1B,sdpa,666,535,17563648,2.4490628242492676,11.577491489110779,nan,nan,nan,nan,22.21038579940796,4.097999572753906,0.01870039477944374,4.097999572753906,13.995686259120703,6.358599424362183,4889.3706091643635,3.36327862739563,0.0004182873485714286,16,2048,,3592.2399401664734
adammini-stochastic-r8,adammini,stochastic,8,1.1B,sdpa,666,536,17596416,2.4198715686798096,11.244415087067388,nan,nan,nan,nan,22.21038579940796,4.097999572753906,0.01870039477944374,4.097999572753906,13.995686259120703,6.329264879226685,4889.835190767279,2.207089900970459,0.00041800164000000003,16,2048,,3598.5998425483704
adammini-stochastic-r8,adammini,stochastic,8,1.1B,sdpa,666,537,17629184,2.380591869354248,10.811299847714633,nan,nan,nan,nan,22.21038579940796,4.097999572753906,0.01870039477944374,4.097999572753906,13.995686259120703,6.33528995513916,4890.28996945529,1.7783286571502686,0.00041771593142857146,16,2048,,3604.9659008979797
adammini-stochastic-r8,adammini,stochastic,8,1.1B,sdpa,666,538,17661952,2.445871353149414,11.540601158139225,nan,nan,nan,nan,22.21038579940796,4.097999572753906,0.01870039477944374,4.097999572753906,13.995686259120703,6.33991551399231,4890.7361704256455,1.7057788372039795,0.0004174302228571429,16,2048,,3611.337244749069
adammini-stochastic-r8,adammini,stochastic,8,1.1B,sdpa,666,539,17694720,2.300917625427246,9.983339218848478,nan,nan,nan,nan,22.21038579940796,4.097999572753906,0.01870039477944374,4.097999572753906,13.995686259120703,6.375283241271973,4891.132330531338,1.6726117134094238,0.0004171445142857143,16,2048,,3617.744178533554
adammini-stochastic-r8,adammini,stochastic,8,1.1B,sdpa,666,540,17727488,2.4759602546691895,11.89312205758243,nan,nan,nan,nan,22.21038579940796,4.097999572753906,0.01870039477944374,4.097999572753906,13.995686259120703,6.366302013397217,4891.539497150591,1.6897372007369995,0.00041685880571428575,16,2048,,3624.140687227249
adammini-stochastic-r8,adammini,stochastic,8,1.1B,sdpa,666,541,17760256,2.356904983520508,10.558222956897376,nan,nan,nan,nan,22.21038579940796,4.097999572753906,0.01870039477944374,4.097999572753906,13.995686259120703,6.364079236984253,4891.950922715374,1.532441258430481,0.0004165730971428572,16,2048,,3630.5353372097015
adammini-stochastic-r8,adammini,stochastic,8,1.1B,sdpa,666,542,17793024,2.315837860107422,10.133409742636745,nan,nan,nan,nan,22.21038579940796,4.097999572753906,0.01870039477944374,4.097999572753906,13.995686259120703,6.3488609790802,4892.379690921311,1.6609501838684082,0.00041628738857142855,16,2048,,3636.9148705005646
adammini-stochastic-r8,adammini,stochastic,8,1.1B,sdpa,666,543,17825792,2.536762237548828,12.638683597766283,nan,nan,nan,nan,22.21038579940796,4.097999572753906,0.01870039477944374,4.097999572753906,13.995686259120703,6.36744236946106,4892.782048812675,9.912379264831543,0.00041600168,16,2048,,3643.313069820404
adammini-stochastic-r8,adammini,stochastic,8,1.1B,sdpa,666,544,17858560,2.347874879837036,10.463310289449973,nan,nan,nan,nan,22.21038579940796,4.097999572753906,0.01870039477944374,4.097999572753906,13.995686259120703,6.3514745235443115,4893.20421741112,1.6584551334381104,0.0004157159714285714,16,2048,,3649.69526386261
adammini-stochastic-r8,adammini,stochastic,8,1.1B,sdpa,666,545,17891328,2.1020772457122803,8.183150684516214,nan,nan,nan,nan,22.21038579940796,4.097999572753906,0.01870039477944374,4.097999572753906,13.995686259120703,6.3476972579956055,4893.630247177195,1.5502042770385742,0.00041543026285714284,16,2048,,3656.073806285858
adammini-stochastic-r8,adammini,stochastic,8,1.1B,sdpa,666,546,17924096,2.1161460876464844,8.299091804296179,nan,nan,nan,nan,22.21038579940796,4.097999572753906,0.01870039477944374,4.097999572753906,13.995686259120703,6.326989412307739,4894.082076482533,1.6045453548431396,0.00041514455428571427,16,2048,,3662.431407928467
adammini-stochastic-r8,adammini,stochastic,8,1.1B,sdpa,666,547,17956864,2.317824602127075,10.153562225838668,nan,nan,nan,nan,22.21038579940796,4.097999572753906,0.01870039477944374,4.097999572753906,13.995686259120703,6.352497339248657,4894.497430445089,1.5394160747528076,0.0004148588457142857,16,2048,,3668.8157951831818
adammini-stochastic-r8,adammini,stochastic,8,1.1B,sdpa,666,548,17989632,2.2890703678131104,9.865761886978868,nan,nan,nan,nan,22.21038579940796,4.097999572753906,0.01870039477944374,4.097999572753906,13.995686259120703,6.358303785324097,4894.903401478157,1.482182502746582,0.0004145731371428572,16,2048,,3675.205642938614
adammini-stochastic-r8,adammini,stochastic,8,1.1B,sdpa,666,549,18022400,2.238769054412842,9.381775721341448,nan,nan,nan,nan,22.21038579940796,4.097999572753906,0.01870039477944374,4.097999572753906,13.995686259120703,6.40429949760437,4895.246908681303,1.6373592615127563,0.00041428742857142856,16,2048,,3681.6414058208466
adammini-stochastic-r8,adammini,stochastic,8,1.1B,sdpa,666,550,18055168,1.901679277420044,6.697131346147809,2.4554619705102514,11.651815100692062,nan,nan,22.21038579940796,4.097999572753906,0.01870039477944374,4.097999572753906,13.995686259120703,6.3090291023254395,4895.716682964746,1.7717961072921753,0.00041400172000000005,16,2048,,3702.0487275123596
adammini-stochastic-r8,adammini,stochastic,8,1.1B,sdpa,666,551,18087936,2.320603609085083,10.181818289626928,nan,nan,nan,nan,22.21038579940796,4.097999572753906,0.01870039477944374,4.097999572753906,13.995686259120703,6.3560895919799805,4877.5490990848175,1.572469711303711,0.0004137160114285714,16,2048,,3708.4361934661865
adammini-stochastic-r8,adammini,stochastic,8,1.1B,sdpa,666,552,18120704,2.3337109088897705,10.316152893234857,nan,nan,nan,nan,22.21038579940796,4.097999572753906,0.01870039477944374,4.097999572753906,13.995686259120703,6.367552757263184,4877.968847210189,1.4806956052780151,0.00041343030285714285,16,2048,,3714.8347640037537
adammini-stochastic-r8,adammini,stochastic,8,1.1B,sdpa,666,553,18153472,2.4234116077423096,11.284291295735109,nan,nan,nan,nan,22.21038579940796,4.097999572753906,0.01870039477944374,4.097999572753906,13.995686259120703,6.351626634597778,4878.4081465820045,1.5958374738693237,0.00041314459428571434,16,2048,,3721.2171907424927
adammini-stochastic-r8,adammini,stochastic,8,1.1B,sdpa,666,554,18186240,2.4726626873016357,11.853968277979662,nan,nan,nan,nan,22.21038579940796,4.097999572753906,0.01870039477944374,4.097999572753906,13.995686259120703,6.354762315750122,4878.836877659883,2.946977376937866,0.00041285888571428577,16,2048,,3727.606323003769
adammini-stochastic-r8,adammini,stochastic,8,1.1B,sdpa,666,555,18219008,2.572896718978882,13.10372733307733,nan,nan,nan,nan,22.21038579940796,4.097999572753906,0.01870039477944374,4.097999572753906,13.995686259120703,6.327003479003906,4879.3028767948545,1.7336021661758423,0.0004125731771428572,16,2048,,3733.9661073684692
adammini-stochastic-r8,adammini,stochastic,8,1.1B,sdpa,666,556,18251776,2.4835591316223145,11.983840671950999,nan,nan,nan,nan,22.21038579940796,4.097999572753906,0.01870039477944374,4.097999572753906,13.995686259120703,6.349258899688721,4879.73273793922,1.5381126403808594,0.00041228746857142857,16,2048,,3740.352255344391
adammini-stochastic-r8,adammini,stochastic,8,1.1B,sdpa,666,557,18284544,2.2653682231903076,9.634671657551296,nan,nan,nan,nan,22.21038579940796,4.097999572753906,0.01870039477944374,4.097999572753906,13.995686259120703,6.353451251983643,4880.159885623807,1.6542484760284424,0.00041200176000000005,16,2048,,3746.7395255565643
adammini-stochastic-r8,adammini,stochastic,8,1.1B,sdpa,666,558,18317312,2.381903648376465,10.825491189975303,nan,nan,nan,nan,22.21038579940796,4.097999572753906,0.01870039477944374,4.097999572753906,13.995686259120703,6.361874103546143,4880.577648236019,1.7065258026123047,0.00041171605142857143,16,2048,,3753.132965564728
adammini-stochastic-r8,adammini,stochastic,8,1.1B,sdpa,666,559,18350080,2.0815694332122803,8.017041256802457,nan,nan,nan,nan,22.21038579940796,4.097999572753906,0.01870039477944374,4.097999572753906,13.995686259120703,6.34918212890625,4881.011118827327,1.6986820697784424,0.00041143034285714286,16,2048,,3759.5129885673523
adammini-stochastic-r8,adammini,stochastic,8,1.1B,sdpa,666,560,18382848,2.400291681289673,11.026392103904954,nan,nan,nan,nan,22.21038579940796,4.097999572753906,0.01870039477944374,4.097999572753906,13.995686259120703,6.363267183303833,4881.42488235383,1.479901671409607,0.0004111446342857143,16,2048,,3765.905358314514
adammini-stochastic-r8,adammini,stochastic,8,1.1B,sdpa,666,561,18415616,2.5075862407684326,12.275264738858152,nan,nan,nan,nan,22.21038579940796,4.097999572753906,0.01870039477944374,4.097999572753906,13.995686259120703,6.41902494430542,4881.767311235671,1.724191427230835,0.0004108589257142857,16,2048,,3772.3552961349487
adammini-stochastic-r8,adammini,stochastic,8,1.1B,sdpa,666,562,18448384,2.192596912384033,8.958447235721108,nan,nan,nan,nan,22.21038579940796,4.097999572753906,0.01870039477944374,4.097999572753906,13.995686259120703,6.272970199584961,4882.2951406725115,1.9415068626403809,0.00041057321714285715,16,2048,,3778.659192800522
adammini-stochastic-r8,adammini,stochastic,8,1.1B,sdpa,666,563,18481152,2.3999407291412354,11.022523046873225,nan,nan,nan,nan,22.21038579940796,4.097999572753906,0.01870039477944374,4.097999572753906,13.995686259120703,6.35597562789917,4882.713938163831,1.5445711612701416,0.0004102875085714285,16,2048,,3785.0459542274475
adammini-stochastic-r8,adammini,stochastic,8,1.1B,sdpa,666,564,18513920,2.3802475929260254,10.80757841265656,nan,nan,nan,nan,22.21038579940796,4.097999572753906,0.01870039477944374,4.097999572753906,13.995686259120703,6.366483926773071,4883.117762607822,1.5472345352172852,0.00041000180000000006,16,2048,,3791.443745613098
adammini-stochastic-r8,adammini,stochastic,8,1.1B,sdpa,666,565,18546688,2.2808682918548584,9.785173108032945,nan,nan,nan,nan,22.21038579940796,4.097999572753906,0.01870039477944374,4.097999572753906,13.995686259120703,6.3637800216674805,4883.523559667197,1.6136151552200317,0.00040971609142857144,16,2048,,3797.838274717331
adammini-stochastic-r8,adammini,stochastic,8,1.1B,sdpa,666,566,18579456,2.263932228088379,9.620846245230311,nan,nan,nan,nan,22.21038579940796,4.097999572753906,0.01870039477944374,4.097999572753906,13.995686259120703,6.335356712341309,4883.964833408287,1.530676007270813,0.00040943038285714287,16,2048,,3804.2042524814606
adammini-stochastic-r8,adammini,stochastic,8,1.1B,sdpa,666,567,18612224,2.1909313201904297,8.943538535292646,nan,nan,nan,nan,22.21038579940796,4.097999572753906,0.01870039477944374,4.097999572753906,13.995686259120703,6.347782373428345,4884.388727371468,1.5538594722747803,0.0004091446742857143,16,2048,,3810.582896232605
adammini-stochastic-r8,adammini,stochastic,8,1.1B,sdpa,666,568,18644992,2.365260601043701,10.64681302660024,nan,nan,nan,nan,22.21038579940796,4.097999572753906,0.01870039477944374,4.097999572753906,13.995686259120703,6.358156204223633,4884.798094434419,1.67799711227417,0.00040885896571428573,16,2048,,3816.97177195549
adammini-stochastic-r8,adammini,stochastic,8,1.1B,sdpa,666,569,18677760,2.3345701694488525,10.325020965984418,nan,nan,nan,nan,22.21038579940796,4.097999572753906,0.01870039477944374,4.097999572753906,13.995686259120703,6.368121862411499,4885.193218897294,1.6527798175811768,0.00040857325714285716,16,2048,,3823.3707213401794
adammini-stochastic-r8,adammini,stochastic,8,1.1B,sdpa,666,570,18710528,2.353449821472168,10.52180553591393,nan,nan,nan,nan,22.21038579940796,4.097999572753906,0.01870039477944374,4.097999572753906,13.995686259120703,6.369279384613037,4885.585424063307,1.6344846487045288,0.00040828754857142853,16,2048,,3829.769553422928
adammini-stochastic-r8,adammini,stochastic,8,1.1B,sdpa,666,571,18743296,2.1877992153167725,8.915570257312652,nan,nan,nan,nan,22.21038579940796,4.097999572753906,0.01870039477944374,4.097999572753906,13.995686259120703,6.359493732452393,4885.990773278597,2.2696354389190674,0.00040800184,16,2048,,3836.159699201584
adammini-stochastic-r8,adammini,stochastic,8,1.1B,sdpa,666,572,18776064,2.2623684406280518,9.60581304394367,nan,nan,nan,nan,22.21038579940796,4.097999572753906,0.01870039477944374,4.097999572753906,13.995686259120703,6.36995792388916,4886.379576698827,1.6021618843078613,0.00040771613142857145,16,2048,,3842.5603833198547
adammini-stochastic-r8,adammini,stochastic,8,1.1B,sdpa,666,573,18808832,2.1906445026397705,8.940973739307562,nan,nan,nan,nan,22.21038579940796,4.097999572753906,0.01870039477944374,4.097999572753906,13.995686259120703,6.365839958190918,4886.771725942734,1.53424870967865,0.0004074304228571429,16,2048,,3848.9573822021484
adammini-stochastic-r8,adammini,stochastic,8,1.1B,sdpa,666,574,18841600,2.2268264293670654,9.270399080136922,nan,nan,nan,nan,22.21038579940796,4.097999572753906,0.01870039477944374,4.097999572753906,13.995686259120703,6.344978094100952,4887.189383164325,1.498050332069397,0.0004071447142857143,16,2048,,3855.333513736725
adammini-stochastic-r8,adammini,stochastic,8,1.1B,sdpa,666,575,18874368,2.408132553100586,11.113188465821294,nan,nan,nan,nan,22.21038579940796,4.097999572753906,0.01870039477944374,4.097999572753906,13.995686259120703,6.352599143981934,4887.589655675622,1.5934134721755981,0.00040685900571428574,16,2048,,3861.72194981575
adammini-stochastic-r8,adammini,stochastic,8,1.1B,sdpa,666,576,18907136,2.3700661659240723,10.698100110373424,nan,nan,nan,nan,22.21038579940796,4.097999572753906,0.01870039477944374,4.097999572753906,13.995686259120703,6.350910902023315,4887.99741913994,1.6076873540878296,0.00040657329714285717,16,2048,,3868.10373878479
adammini-stochastic-r8,adammini,stochastic,8,1.1B,sdpa,666,577,18939904,2.1767430305480957,8.817540978721299,nan,nan,nan,nan,22.21038579940796,4.097999572753906,0.01870039477944374,4.097999572753906,13.995686259120703,6.349153518676758,4888.405794332866,1.5586074590682983,0.0004062875885714286,16,2048,,3874.4836707115173
adammini-stochastic-r8,adammini,stochastic,8,1.1B,sdpa,666,578,18972672,2.3327443599700928,10.306186644010268,nan,nan,nan,nan,22.21038579940796,4.097999572753906,0.01870039477944374,4.097999572753906,13.995686259120703,6.358461380004883,4888.801273501632,1.6267611980438232,0.00040600188,16,2048,,3880.872878074646
adammini-stochastic-r8,adammini,stochastic,8,1.1B,sdpa,666,579,19005440,2.241929531097412,9.411473509632382,nan,nan,nan,nan,22.21038579940796,4.097999572753906,0.01870039477944374,4.097999572753906,13.995686259120703,6.35783052444458,4889.19624397759,1.5865466594696045,0.0004057161714285714,16,2048,,3887.261612176895
adammini-stochastic-r8,adammini,stochastic,8,1.1B,sdpa,666,580,19038208,2.2921836376190186,9.896524526925823,nan,nan,nan,nan,22.21038579940796,4.097999572753906,0.01870039477944374,4.097999572753906,13.995686259120703,6.355784893035889,4889.592421652176,1.6464616060256958,0.00040543046285714283,16,2048,,3893.646876811981
adammini-stochastic-r8,adammini,stochastic,8,1.1B,sdpa,666,581,19070976,2.3428902626037598,10.411284464796333,nan,nan,nan,nan,22.21038579940796,4.097999572753906,0.01870039477944374,4.097999572753906,13.995686259120703,6.376272678375244,4889.963506040688,1.5163943767547607,0.0004051447542857143,16,2048,,3900.053775548935
adammini-stochastic-r8,adammini,stochastic,8,1.1B,sdpa,666,582,19103744,2.561638355255127,12.957028150518308,nan,nan,nan,nan,22.21038579940796,4.097999572753906,0.01870039477944374,4.097999572753906,13.995686259120703,6.357805252075195,4890.354524515772,1.8095753192901611,0.00040485904571428574,16,2048,,3906.44242143631
adammini-stochastic-r8,adammini,stochastic,8,1.1B,sdpa,666,583,19136512,2.3990259170532227,11.012444120414331,nan,nan,nan,nan,22.21038579940796,4.097999572753906,0.01870039477944374,4.097999572753906,13.995686259120703,6.347275257110596,4890.756210871527,1.6208668947219849,0.0004045733371428572,16,2048,,3912.821448802948
adammini-stochastic-r8,adammini,stochastic,8,1.1B,sdpa,666,584,19169280,2.3278839588165283,10.256215979667635,nan,nan,nan,nan,22.21038579940796,4.097999572753906,0.01870039477944374,4.097999572753906,13.995686259120703,6.341951847076416,4891.164004807437,1.8212809562683105,0.0004042876285714286,16,2048,,3919.194850921631
adammini-stochastic-r8,adammini,stochastic,8,1.1B,sdpa,666,585,19202048,2.5920825004577637,13.3575597830673,nan,nan,nan,nan,22.21038579940796,4.097999572753906,0.01870039477944374,4.097999572753906,13.995686259120703,6.353618144989014,4891.554771934427,1.8512578010559082,0.00040400192000000003,16,2048,,3925.580434322357
adammini-stochastic-r8,adammini,stochastic,8,1.1B,sdpa,666,586,19234816,2.308195114135742,10.056257867783653,nan,nan,nan,nan,22.21038579940796,4.097999572753906,0.01870039477944374,4.097999572753906,13.995686259120703,6.361650228500366,4891.934541524245,1.625272274017334,0.0004037162114285714,16,2048,,3931.9743161201477
adammini-stochastic-r8,adammini,stochastic,8,1.1B,sdpa,666,587,19267584,2.354159116744995,10.529271250227097,nan,nan,nan,nan,22.21038579940796,4.097999572753906,0.01870039477944374,4.097999572753906,13.995686259120703,6.354171514511108,4892.323436331259,1.6417464017868042,0.00040343050285714284,16,2048,,3938.359526157379
adammini-stochastic-r8,adammini,stochastic,8,1.1B,sdpa,666,588,19300352,2.53489089012146,12.615054345895818,nan,nan,nan,nan,22.21038579940796,4.097999572753906,0.01870039477944374,4.097999572753906,13.995686259120703,6.346888065338135,4892.720463484046,1.6939806938171387,0.00040314479428571427,16,2048,,3944.7373909950256
adammini-stochastic-r8,adammini,stochastic,8,1.1B,sdpa,666,589,19333120,2.533689022064209,12.599901822527881,nan,nan,nan,nan,22.21038579940796,4.097999572753906,0.01870039477944374,4.097999572753906,13.995686259120703,6.3602423667907715,4893.099522751962,1.7532418966293335,0.0004028590857142857,16,2048,,3951.128715276718
adammini-stochastic-r8,adammini,stochastic,8,1.1B,sdpa,666,590,19365888,2.37839937210083,10.787622068710368,nan,nan,nan,nan,22.21038579940796,4.097999572753906,0.01870039477944374,4.097999572753906,13.995686259120703,6.357240200042725,4893.480782759228,1.6976054906845093,0.0004025733771428572,16,2048,,3957.5152583122253
adammini-stochastic-r8,adammini,stochastic,8,1.1B,sdpa,666,591,19398656,2.5271010398864746,12.517166721799867,nan,nan,nan,nan,22.21038579940796,4.097999572753906,0.01870039477944374,4.097999572753906,13.995686259120703,6.373852014541626,4893.842785538526,1.5414135456085205,0.0004022876685714286,16,2048,,3963.919857263565
adammini-stochastic-r8,adammini,stochastic,8,1.1B,sdpa,666,592,19431424,2.3475735187530518,10.460157530002443,nan,nan,nan,nan,22.21038579940796,4.097999572753906,0.01870039477944374,4.097999572753906,13.995686259120703,6.356969356536865,4894.22112396557,1.670573353767395,0.00040200196000000004,16,2048,,3970.308702468872
adammini-stochastic-r8,adammini,stochastic,8,1.1B,sdpa,666,593,19464192,2.413648843765259,11.174661439122044,nan,nan,nan,nan,22.21038579940796,4.097999572753906,0.01870039477944374,4.097999572753906,13.995686259120703,6.335824251174927,4894.624890311216,1.5705710649490356,0.0004017162514285714,16,2048,,3976.6761536598206
adammini-stochastic-r8,adammini,stochastic,8,1.1B,sdpa,666,594,19496960,1.7320159673690796,5.652036752513998,nan,nan,nan,nan,22.21038579940796,4.097999572753906,0.01870039477944374,4.097999572753906,13.995686259120703,6.364506721496582,4894.992230505435,1.7141821384429932,0.00040143054285714285,16,2048,,3983.0719463825226
adammini-stochastic-r8,adammini,stochastic,8,1.1B,sdpa,666,595,19529728,1.9208645820617676,6.826858297702755,nan,nan,nan,nan,22.21038579940796,4.097999572753906,0.01870039477944374,4.097999572753906,13.995686259120703,6.322818040847778,4895.409586197638,1.5078721046447754,0.0004011448342857143,16,2048,,3989.4256932735443
adammini-stochastic-r8,adammini,stochastic,8,1.1B,sdpa,666,596,19562496,2.300959348678589,9.983755764909713,nan,nan,nan,nan,22.21038579940796,4.097999572753906,0.01870039477944374,4.097999572753906,13.995686259120703,6.337860822677612,4895.80772461116,1.4833855628967285,0.0004008591257142857,16,2048,,3995.792993068695
adammini-stochastic-r8,adammini,stochastic,8,1.1B,sdpa,666,597,19595264,2.1570229530334473,8.645361661614688,nan,nan,nan,nan,22.21038579940796,4.097999572753906,0.01870039477944374,4.097999572753906,13.995686259120703,6.347377777099609,4896.194539635083,1.7721014022827148,0.0004005734171428572,16,2048,,4002.171265602112
adammini-stochastic-r8,adammini,stochastic,8,1.1B,sdpa,666,598,19628032,2.372764825820923,10.727009635056127,nan,nan,nan,nan,22.21038579940796,4.097999572753906,0.01870039477944374,4.097999572753906,13.995686259120703,6.35045051574707,4896.574678079904,1.432612419128418,0.0004002877085714286,16,2048,,4008.5526933670044
adammini-stochastic-r8,adammini,stochastic,8,1.1B,sdpa,666,599,19660800,2.3981971740722656,11.003321415357382,nan,nan,nan,nan,22.21038579940796,4.097999572753906,0.01870039477944374,4.097999572753906,13.995686259120703,6.346042633056641,4896.958955908466,1.6181517839431763,0.00040000200000000005,16,2048,,4014.9295156002045
adammini-stochastic-r8,adammini,stochastic,8,1.1B,sdpa,666,600,19693568,2.3688926696777344,10.685553293312163,2.4546269743670535,11.642089940822267,nan,nan,22.21038579940796,4.097999572753906,0.01870039477944374,4.097999572753906,13.995686259120703,6.361976385116577,4897.322619291051,1.5869852304458618,0.0003997162914285714,16,2048,,4033.8112761974335
adammini-stochastic-r8,adammini,stochastic,8,1.1B,sdpa,666,601,19726336,2.5365471839904785,12.635965896121906,nan,nan,nan,nan,22.21038579940796,4.097999572753906,0.01870039477944374,4.097999572753906,13.995686259120703,6.3593974113464355,4882.54775203558,1.878759503364563,0.00039943058285714286,16,2048,,4040.202068090439
adammini-stochastic-r8,adammini,stochastic,8,1.1B,sdpa,666,602,19759104,2.4878957271575928,12.035922589388498,nan,nan,nan,nan,22.21038579940796,4.097999572753906,0.01870039477944374,4.097999572753906,13.995686259120703,6.343465328216553,4882.954354632383,1.865588903427124,0.0003991448742857143,16,2048,,4046.57652425766
adammini-stochastic-r8,adammini,stochastic,8,1.1B,sdpa,666,603,19791872,2.376394510269165,10.766016042755833,nan,nan,nan,nan,22.21038579940796,4.097999572753906,0.01870039477944374,4.097999572753906,13.995686259120703,6.343173503875732,4883.3600631958025,1.5661882162094116,0.0003988591657142857,16,2048,,4052.9503297805786
adammini-stochastic-r8,adammini,stochastic,8,1.1B,sdpa,666,604,19824640,2.1881821155548096,8.918984684937273,nan,nan,nan,nan,22.21038579940796,4.097999572753906,0.01870039477944374,4.097999572753906,13.995686259120703,7.23886513710022,4882.687237252804,2.0915186405181885,0.00039857345714285715,16,2048,,4060.1936259269714
adammini-stochastic-r8,adammini,stochastic,8,1.1B,sdpa,666,605,19857408,2.3389523029327393,10.370365867222802,nan,nan,nan,nan,22.21038579940796,4.097999572753906,0.01870039477944374,4.097999572753906,13.995686259120703,6.374189138412476,4883.086381156232,2.8361008167266846,0.0003982877485714286,16,2048,,4066.5985872745514
adammini-stochastic-r8,adammini,stochastic,8,1.1B,sdpa,666,606,19890176,2.4479095935821533,11.56414766660882,nan,nan,nan,nan,22.21038579940796,4.097999572753906,0.01870039477944374,4.097999572753906,13.995686259120703,6.343794107437134,4883.489124283278,1.5399380922317505,0.00039800204,16,2048,,4072.973198890686
adammini-stochastic-r8,adammini,stochastic,8,1.1B,sdpa,666,607,19922944,2.3675789833068848,10.671525043963202,nan,nan,nan,nan,22.21038579940796,4.097999572753906,0.01870039477944374,4.097999572753906,13.995686259120703,6.345894813537598,4883.888178454504,1.5592095851898193,0.0003977163314285714,16,2048,,4079.3499190807343
adammini-stochastic-r8,adammini,stochastic,8,1.1B,sdpa,666,608,19955712,2.3239119052886963,10.215558541019758,nan,nan,nan,nan,22.21038579940796,4.097999572753906,0.01870039477944374,4.097999572753906,13.995686259120703,6.346428632736206,4884.285236547739,1.6065951585769653,0.0003974306228571428,16,2048,,4085.727187871933
adammini-stochastic-r8,adammini,stochastic,8,1.1B,sdpa,666,609,19988480,2.249567985534668,9.48363788248538,nan,nan,nan,nan,22.21038579940796,4.097999572753906,0.01870039477944374,4.097999572753906,13.995686259120703,6.3497233390808105,4884.677082644394,1.441051959991455,0.0003971449142857143,16,2048,,4092.107791185379
adammini-stochastic-r8,adammini,stochastic,8,1.1B,sdpa,666,610,20021248,2.400588035583496,11.029660306799386,nan,nan,nan,nan,22.21038579940796,4.097999572753906,0.01870039477944374,4.097999572753906,13.995686259120703,6.3592023849487305,4885.056189552108,1.5942180156707764,0.0003968592057142857,16,2048,,4098.496298551559
adammini-stochastic-r8,adammini,stochastic,8,1.1B,sdpa,666,611,20054016,2.229875087738037,9.298704484725869,nan,nan,nan,nan,22.21038579940796,4.097999572753906,0.01870039477944374,4.097999572753906,13.995686259120703,6.359425783157349,4885.436270103598,1.478509783744812,0.00039657349714285715,16,2048,,4104.886487007141
adammini-stochastic-r8,adammini,stochastic,8,1.1B,sdpa,666,612,20086784,2.44180965423584,11.493821777145186,nan,nan,nan,nan,22.21038579940796,4.097999572753906,0.01870039477944374,4.097999572753906,13.995686259120703,6.340822696685791,4885.834993789004,1.5977624654769897,0.0003962877885714286,16,2048,,4111.258150815964
adammini-stochastic-r8,adammini,stochastic,8,1.1B,sdpa,666,613,20119552,2.400604486465454,11.029841755931624,nan,nan,nan,nan,22.21038579940796,4.097999572753906,0.01870039477944374,4.097999572753906,13.995686259120703,6.355193376541138,4886.215416979426,1.5956017971038818,0.00039600208000000007,16,2048,,4117.644319295883
adammini-stochastic-r8,adammini,stochastic,8,1.1B,sdpa,666,614,20152320,2.2317557334899902,9.316208508088266,nan,nan,nan,nan,22.21038579940796,4.097999572753906,0.01870039477944374,4.097999572753906,13.995686259120703,6.360277414321899,4886.588656473364,1.532113790512085,0.00039571637142857144,16,2048,,4124.035553693771
adammini-stochastic-r8,adammini,stochastic,8,1.1B,sdpa,666,615,20185088,2.3033900260925293,10.008052571440693,nan,nan,nan,nan,22.21038579940796,4.097999572753906,0.01870039477944374,4.097999572753906,13.995686259120703,6.356841564178467,4886.964708210417,1.5544402599334717,0.0003954306628571429,16,2048,,4130.423235416412
adammini-stochastic-r8,adammini,stochastic,8,1.1B,sdpa,666,616,20217856,2.1891016960144043,8.927190181201745,nan,nan,nan,nan,22.21038579940796,4.097999572753906,0.01870039477944374,4.097999572753906,13.995686259120703,6.3428730964660645,4887.356417801923,1.5424221754074097,0.0003951449542857143,16,2048,,4136.796900272369
adammini-stochastic-r8,adammini,stochastic,8,1.1B,sdpa,666,617,20250624,2.1634438037872314,8.701050833159785,nan,nan,nan,nan,22.21038579940796,4.097999572753906,0.01870039477944374,4.097999572753906,13.995686259120703,6.353735446929932,4887.733908020285,3.0415401458740234,0.00039485924571428573,16,2048,,4143.181484222412
adammini-stochastic-r8,adammini,stochastic,8,1.1B,sdpa,666,618,20283392,2.341057538986206,10.392220932297755,nan,nan,nan,nan,22.21038579940796,4.097999572753906,0.01870039477944374,4.097999572753906,13.995686259120703,6.648867607116699,4887.762785213238,3.827972173690796,0.00039457353714285716,16,2048,,4149.86102604866
adammini-stochastic-r8,adammini,stochastic,8,1.1B,sdpa,666,619,20316160,3.3273720741271973,27.865018198796207,nan,nan,nan,nan,22.21038579940796,4.097999572753906,0.01870039477944374,4.097999572753906,13.995686259120703,6.368635654449463,4888.120964615438,2.444349765777588,0.0003942878285714286,16,2048,,4156.260449647903
adammini-stochastic-r8,adammini,stochastic,8,1.1B,sdpa,666,620,20348928,2.5507657527923584,12.816914614002973,nan,nan,nan,nan,22.21038579940796,4.097999572753906,0.01870039477944374,4.097999572753906,13.995686259120703,6.355915307998657,4888.493254169003,1.7885957956314087,0.00039400212,16,2048,,4162.647040605545
adammini-stochastic-r8,adammini,stochastic,8,1.1B,sdpa,666,621,20381696,2.47475004196167,11.878737556045184,nan,nan,nan,nan,22.21038579940796,4.097999572753906,0.01870039477944374,4.097999572753906,13.995686259120703,6.373778581619263,4888.843677730919,1.6608306169509888,0.0003937164114285714,16,2048,,4169.051532030106
adammini-stochastic-r8,adammini,stochastic,8,1.1B,sdpa,666,622,20414464,2.2318592071533203,9.317172540186052,nan,nan,nan,nan,22.21038579940796,4.097999572753906,0.01870039477944374,4.097999572753906,13.995686259120703,6.35945725440979,4889.20926181296,1.6254382133483887,0.0003934307028571429,16,2048,,4175.441956281662
adammini-stochastic-r8,adammini,stochastic,8,1.1B,sdpa,666,623,20447232,2.3235597610473633,10.21196182422626,nan,nan,nan,nan,22.21038579940796,4.097999572753906,0.01870039477944374,4.097999572753906,13.995686259120703,6.3431196212768555,4889.592735248441,1.476133942604065,0.00039314499428571426,16,2048,,4181.81581735611
adammini-stochastic-r8,adammini,stochastic,8,1.1B,sdpa,666,624,20480000,2.362394094467163,10.616337566960771,nan,nan,nan,nan,22.21038579940796,4.097999572753906,0.01870039477944374,4.097999572753906,13.995686259120703,6.347013473510742,4889.970834148589,1.4220271110534668,0.0003928592857142857,16,2048,,4188.193928718567
adammini-stochastic-r8,adammini,stochastic,8,1.1B,sdpa,666,625,20512768,2.3624794483184814,10.617243750931603,nan,nan,nan,nan,22.21038579940796,4.097999572753906,0.01870039477944374,4.097999572753906,13.995686259120703,6.358852386474609,4890.33343541509,1.4145591259002686,0.0003925735771428571,16,2048,,4194.583557844162
adammini-stochastic-r8,adammini,stochastic,8,1.1B,sdpa,666,626,20545536,2.3843088150024414,10.851559637007846,nan,nan,nan,nan,22.21038579940796,4.097999572753906,0.01870039477944374,4.097999572753906,13.995686259120703,6.345443248748779,4890.711105924284,1.5444883108139038,0.00039228786857142855,16,2048,,4200.959577560425
adammini-stochastic-r8,adammini,stochastic,8,1.1B,sdpa,666,627,20578304,2.3997044563293457,11.019919031999894,nan,nan,nan,nan,22.21038579940796,4.097999572753906,0.01870039477944374,4.097999572753906,13.995686259120703,6.351727724075317,4891.080448118881,1.5686981678009033,0.00039200216000000003,16,2048,,4207.342173337936
adammini-stochastic-r8,adammini,stochastic,8,1.1B,sdpa,666,628,20611072,2.28190279006958,9.795301089930309,nan,nan,nan,nan,22.21038579940796,4.097999572753906,0.01870039477944374,4.097999572753906,13.995686259120703,6.36839485168457,4891.42885307382,1.439075231552124,0.0003917164514285714,16,2048,,4213.741729259491
adammini-stochastic-r8,adammini,stochastic,8,1.1B,sdpa,666,629,20643840,2.5718963146209717,13.090624862125729,nan,nan,nan,nan,22.21038579940796,4.097999572753906,0.01870039477944374,4.097999572753906,13.995686259120703,6.3489251136779785,4891.7987102976795,1.8722773790359497,0.00039143074285714294,16,2048,,4220.121480703354
adammini-stochastic-r8,adammini,stochastic,8,1.1B,sdpa,666,630,20676608,1.8651281595230103,6.456763328676155,nan,nan,nan,nan,22.21038579940796,4.097999572753906,0.01870039477944374,4.097999572753906,13.995686259120703,6.358541488647461,4892.156553385116,1.8531744480133057,0.0003911450342857143,16,2048,,4226.509347677231
adammini-stochastic-r8,adammini,stochastic,8,1.1B,sdpa,666,631,20709376,2.178100347518921,8.8295173027279,nan,nan,nan,nan,22.21038579940796,4.097999572753906,0.01870039477944374,4.097999572753906,13.995686259120703,6.359567880630493,4892.514190561075,1.697075605392456,0.00039085932571428575,16,2048,,4232.8996613025665
adammini-stochastic-r8,adammini,stochastic,8,1.1B,sdpa,666,632,20742144,2.340930223464966,10.390897925494354,nan,nan,nan,nan,22.21038579940796,4.097999572753906,0.01870039477944374,4.097999572753906,13.995686259120703,6.353054761886597,4892.876061852212,1.6678482294082642,0.0003905736171428572,16,2048,,4239.283560037613
adammini-stochastic-r8,adammini,stochastic,8,1.1B,sdpa,666,633,20774912,2.566617250442505,13.021700700945274,nan,nan,nan,nan,22.21038579940796,4.097999572753906,0.01870039477944374,4.097999572753906,13.995686259120703,6.335447549819946,4893.257344488747,1.7090868949890137,0.0003902879085714286,16,2048,,4245.649911403656
adammini-stochastic-r8,adammini,stochastic,8,1.1B,sdpa,666,634,20807680,2.1809842586517334,8.855017598594461,nan,nan,nan,nan,22.21038579940796,4.097999572753906,0.01870039477944374,4.097999572753906,13.995686259120703,6.347963571548462,4893.622922057628,1.4567368030548096,0.00039000220000000004,16,2048,,4252.028610467911
adammini-stochastic-r8,adammini,stochastic,8,1.1B,sdpa,666,635,20840448,2.463253974914551,11.742960737716293,nan,nan,nan,nan,22.21038579940796,4.097999572753906,0.01870039477944374,4.097999572753906,13.995686259120703,6.356634616851807,4893.977659683053,1.620116114616394,0.0003897164914285714,16,2048,,4258.41602563858
adammini-stochastic-r8,adammini,stochastic,8,1.1B,sdpa,666,636,20873216,2.323056936264038,10.20682828747758,nan,nan,nan,nan,22.21038579940796,4.097999572753906,0.01870039477944374,4.097999572753906,13.995686259120703,6.3563032150268555,4894.331556624545,1.642586588859558,0.0003894307828571429,16,2048,,4264.803097724915
adammini-stochastic-r8,adammini,stochastic,8,1.1B,sdpa,666,637,20905984,2.371182918548584,10.71005391522811,nan,nan,nan,nan,22.21038579940796,4.097999572753906,0.01870039477944374,4.097999572753906,13.995686259120703,6.3907129764556885,4894.645158550322,10.16561222076416,0.0003891450742857143,16,2048,,4271.224920988083
adammini-stochastic-r8,adammini,stochastic,8,1.1B,sdpa,666,638,20938752,2.3170394897460938,10.14559366694054,nan,nan,nan,nan,22.21038579940796,4.097999572753906,0.01870039477944374,4.097999572753906,13.995686259120703,6.291517734527588,4895.070634648549,2.429713726043701,0.0003888593657142857,16,2048,,4277.547456741333
adammini-stochastic-r8,adammini,stochastic,8,1.1B,sdpa,666,639,20971520,2.4359219074249268,11.426347894119628,nan,nan,nan,nan,22.21038579940796,4.097999572753906,0.01870039477944374,4.097999572753906,13.995686259120703,6.349133729934692,4895.429583115179,1.623807668685913,0.00038857365714285713,16,2048,,4283.927405834198
adammini-stochastic-r8,adammini,stochastic,8,1.1B,sdpa,666,640,21004288,2.2548410892486572,9.533778169911795,nan,nan,nan,nan,22.21038579940796,4.097999572753906,0.01870039477944374,4.097999572753906,13.995686259120703,6.341379165649414,4895.796303246561,1.7088823318481445,0.00038828794857142856,16,2048,,4290.299416303635
adammini-stochastic-r8,adammini,stochastic,8,1.1B,sdpa,666,641,21037056,2.2245357036590576,9.24918744293742,nan,nan,nan,nan,22.21038579940796,4.097999572753906,0.01870039477944374,4.097999572753906,13.995686259120703,6.3630430698394775,4896.137586205374,1.5789974927902222,0.00038800224,16,2048,,4296.693200349808
adammini-stochastic-r8,adammini,stochastic,8,1.1B,sdpa,666,642,21069824,2.424755811691284,11.299469883929817,nan,nan,nan,nan,22.21038579940796,4.097999572753906,0.01870039477944374,4.097999572753906,13.995686259120703,6.367333889007568,4896.47268459963,1.5071825981140137,0.0003877165314285714,16,2048,,4303.091234207153
adammini-stochastic-r8,adammini,stochastic,8,1.1B,sdpa,666,643,21102592,2.415008544921875,11.189865973674726,nan,nan,nan,nan,22.21038579940796,4.097999572753906,0.01870039477944374,4.097999572753906,13.995686259120703,6.37449049949646,4896.798645419696,1.6316288709640503,0.00038743082285714285,16,2048,,4309.496607303619
adammini-stochastic-r8,adammini,stochastic,8,1.1B,sdpa,666,644,21135360,2.1972289085388184,9.000038980907808,nan,nan,nan,nan,22.21038579940796,4.097999572753906,0.01870039477944374,4.097999572753906,13.995686259120703,6.3074047565460205,4897.199716485285,1.746793270111084,0.00038714511428571423,16,2048,,4315.834765434265
adammini-stochastic-r8,adammini,stochastic,8,1.1B,sdpa,666,645,21168128,2.2141780853271484,9.153882308654595,nan,nan,nan,nan,22.21038579940796,4.097999572753906,0.01870039477944374,4.097999572753906,13.995686259120703,6.340662479400635,4897.562131422412,1.4869030714035034,0.00038685940571428566,16,2048,,4322.206170082092
adammini-stochastic-r8,adammini,stochastic,8,1.1B,sdpa,666,646,21200896,2.317350387573242,10.14874840034119,nan,nan,nan,nan,22.21038579940796,4.097999572753906,0.01870039477944374,4.097999572753906,13.995686259120703,6.354736328125,4897.907258719152,1.5223619937896729,0.0003865736971428572,16,2048,,4328.591895103455
adammini-stochastic-r8,adammini,stochastic,8,1.1B,sdpa,666,647,21233664,2.410529851913452,11.139862058849495,nan,nan,nan,nan,22.21038579940796,4.097999572753906,0.01870039477944374,4.097999572753906,13.995686259120703,6.351093292236328,4898.255465725317,1.649675726890564,0.0003862879885714286,16,2048,,4334.973973989487
adammini-stochastic-r8,adammini,stochastic,8,1.1B,sdpa,666,648,21266432,2.3742940425872803,10.74342610701585,nan,nan,nan,nan,22.21038579940796,4.097999572753906,0.01870039477944374,4.097999572753906,13.995686259120703,6.346408843994141,4898.607820399776,1.4764195680618286,0.00038600228000000006,16,2048,,4341.351231813431
adammini-stochastic-r8,adammini,stochastic,8,1.1B,sdpa,666,649,21299200,2.3487389087677,10.472354799046872,nan,nan,nan,nan,22.21038579940796,4.097999572753906,0.01870039477944374,4.097999572753906,13.995686259120703,6.35812520980835,4898.946202216243,1.450085997581482,0.0003857165714285715,16,2048,,4347.739915132523
adammini-stochastic-r8,adammini,stochastic,8,1.1B,sdpa,666,650,21331968,2.4774603843688965,11.910976671973593,2.4493187627608837,11.580454994272124,nan,nan,22.21038579940796,4.097999572753906,0.01870039477944374,4.097999572753906,13.995686259120703,6.346849203109741,4899.2964836136325,1.6110786199569702,0.0003854308628571429,16,2048,,4367.103475093842
adammini-stochastic-r8,adammini,stochastic,8,1.1B,sdpa,666,651,21364736,2.45884108543396,11.69125452062537,nan,nan,nan,nan,22.21038579940796,4.097999572753906,0.01870039477944374,4.097999572753906,13.995686259120703,6.350390911102295,4885.092428137198,2.0256686210632324,0.0003851451542857143,16,2048,,4373.485394001007
adammini-stochastic-r8,adammini,stochastic,8,1.1B,sdpa,666,652,21397504,2.4604849815368652,11.710489534220127,nan,nan,nan,nan,22.21038579940796,4.097999572753906,0.01870039477944374,4.097999572753906,13.995686259120703,6.3423004150390625,4885.4657724321405,1.7213022708892822,0.0003848594457142857,16,2048,,4379.858685731888
adammini-stochastic-r8,adammini,stochastic,8,1.1B,sdpa,666,653,21430272,2.2924795150756836,9.899453118663446,nan,nan,nan,nan,22.21038579940796,4.097999572753906,0.01870039477944374,4.097999572753906,13.995686259120703,6.345540761947632,4885.834013898184,1.4271581172943115,0.00038457373714285715,16,2048,,4386.231857299805
adammini-stochastic-r8,adammini,stochastic,8,1.1B,sdpa,666,654,21463040,2.3202743530273438,10.178466416118878,nan,nan,nan,nan,22.21038579940796,4.097999572753906,0.01870039477944374,4.097999572753906,13.995686259120703,6.35193943977356,4886.198093866861,1.5547478199005127,0.0003842880285714286,16,2048,,4392.614050149918
adammini-stochastic-r8,adammini,stochastic,8,1.1B,sdpa,666,655,21495808,2.4356255531311035,11.422962148573381,nan,nan,nan,nan,22.21038579940796,4.097999572753906,0.01870039477944374,4.097999572753906,13.995686259120703,6.349841833114624,4886.560316694157,1.5349892377853394,0.00038400232,16,2048,,4398.994794368744
adammini-stochastic-r8,adammini,stochastic,8,1.1B,sdpa,666,656,21528576,2.403498888015747,11.061812793199458,nan,nan,nan,nan,22.21038579940796,4.097999572753906,0.01870039477944374,4.097999572753906,13.995686259120703,6.341663360595703,4886.929781047666,1.511283278465271,0.00038371661142857144,16,2048,,4405.367521762848
adammini-stochastic-r8,adammini,stochastic,8,1.1B,sdpa,666,657,21561344,2.381732940673828,10.82364335296884,nan,nan,nan,nan,22.21038579940796,4.097999572753906,0.01870039477944374,4.097999572753906,13.995686259120703,6.348004341125488,4887.291232199762,1.490400791168213,0.00038343090285714287,16,2048,,4411.746180534363
adammini-stochastic-r8,adammini,stochastic,8,1.1B,sdpa,666,658,21594112,2.5434961318969727,12.724078354761449,nan,nan,nan,nan,22.21038579940796,4.097999572753906,0.01870039477944374,4.097999572753906,13.995686259120703,6.354592561721802,4887.64451921799,1.8352876901626587,0.00038314519428571424,16,2048,,4418.131582021713
adammini-stochastic-r8,adammini,stochastic,8,1.1B,sdpa,666,659,21626880,2.4454941749572754,11.536249115857519,nan,nan,nan,nan,22.21038579940796,4.097999572753906,0.01870039477944374,4.097999572753906,13.995686259120703,6.35483980178833,4887.996410915568,1.56560480594635,0.0003828594857142857,16,2048,,4424.517569065094
adammini-stochastic-r8,adammini,stochastic,8,1.1B,sdpa,666,660,21659648,2.3165481090545654,10.140609542759993,nan,nan,nan,nan,22.21038579940796,4.097999572753906,0.01870039477944374,4.097999572753906,13.995686259120703,6.367564678192139,4888.333119753212,1.405179738998413,0.0003825737771428571,16,2048,,4430.914063692093
adammini-stochastic-r8,adammini,stochastic,8,1.1B,sdpa,666,661,21692416,2.355776309967041,10.546312892426071,nan,nan,nan,nan,22.21038579940796,4.097999572753906,0.01870039477944374,4.097999572753906,13.995686259120703,6.360985517501831,4888.678441123614,1.5770578384399414,0.00038228806857142853,16,2048,,4437.305685997009
adammini-stochastic-r8,adammini,stochastic,8,1.1B,sdpa,666,662,21725184,2.3425095081329346,10.40732107627616,nan,nan,nan,nan,22.21038579940796,4.097999572753906,0.01870039477944374,4.097999572753906,13.995686259120703,6.352542877197266,4889.029949429299,1.4816863536834717,0.00038200236,16,2048,,4443.689078330994
adammini-stochastic-r8,adammini,stochastic,8,1.1B,sdpa,666,663,21757952,2.2350142002105713,9.34661457514938,nan,nan,nan,nan,22.21038579940796,4.097999572753906,0.01870039477944374,4.097999572753906,13.995686259120703,6.348583698272705,4889.384463529074,1.4239710569381714,0.00038171665142857145,16,2048,,4450.068868398666
adammini-stochastic-r8,adammini,stochastic,8,1.1B,sdpa,666,664,21790720,2.2822725772857666,9.798923936852018,nan,nan,nan,nan,22.21038579940796,4.097999572753906,0.01870039477944374,4.097999572753906,13.995686259120703,6.350965738296509,4889.7343747487275,1.5293841361999512,0.00038143094285714293,16,2048,,4456.451838970184
adammini-stochastic-r8,adammini,stochastic,8,1.1B,sdpa,666,665,21823488,2.3572559356689453,10.561929038218343,nan,nan,nan,nan,22.21038579940796,4.097999572753906,0.01870039477944374,4.097999572753906,13.995686259120703,6.329171657562256,4890.107762804992,1.5673496723175049,0.0003811452342857143,16,2048,,4462.812210083008
adammini-stochastic-r8,adammini,stochastic,8,1.1B,sdpa,666,666,21856256,2.3948466777801514,10.966516519518244,nan,nan,nan,nan,22.21038579940796,4.097999572753906,0.01870039477944374,4.097999572753906,13.995686259120703,6.340943098068237,4890.466420251849,1.5647273063659668,0.00038085952571428574,16,2048,,4469.185268878937
adammini-stochastic-r8,adammini,stochastic,8,1.1B,sdpa,666,667,21889024,2.4264066219329834,11.318138569529054,nan,nan,nan,nan,22.21038579940796,4.097999572753906,0.01870039477944374,4.097999572753906,13.995686259120703,6.3610312938690186,4890.803640004098,1.4862605333328247,0.00038057381714285717,16,2048,,4475.5775265693665
adammini-stochastic-r8,adammini,stochastic,8,1.1B,sdpa,666,668,21921792,2.3575522899627686,10.565059575090986,nan,nan,nan,nan,22.21038579940796,4.097999572753906,0.01870039477944374,4.097999572753906,13.995686259120703,6.364302396774292,4891.1358210723065,1.4987214803695679,0.0003802881085714286,16,2048,,4481.972848892212
adammini-stochastic-r8,adammini,stochastic,8,1.1B,sdpa,666,669,21954560,2.107743263244629,8.229648163133824,nan,nan,nan,nan,22.21038579940796,4.097999572753906,0.01870039477944374,4.097999572753906,13.995686259120703,6.3543784618377686,4891.477946127049,1.4761366844177246,0.0003800024,16,2048,,4488.358202457428
adammini-stochastic-r8,adammini,stochastic,8,1.1B,sdpa,666,670,21987328,2.391366958618164,10.928422438634964,nan,nan,nan,nan,22.21038579940796,4.097999572753906,0.01870039477944374,4.097999572753906,13.995686259120703,6.370459794998169,4891.801948637171,1.5957614183425903,0.00037971669142857146,16,2048,,4494.757284879684
adammini-stochastic-r8,adammini,stochastic,8,1.1B,sdpa,666,671,22020096,2.46193790435791,11.72751633803064,nan,nan,nan,nan,22.21038579940796,4.097999572753906,0.01870039477944374,4.097999572753906,13.995686259120703,6.343736171722412,4892.156549721946,1.6846389770507812,0.0003794309828571429,16,2048,,4501.131620645523
adammini-stochastic-r8,adammini,stochastic,8,1.1B,sdpa,666,672,22052864,2.5148298740386963,12.364505076857835,nan,nan,nan,nan,22.21038579940796,4.097999572753906,0.01870039477944374,4.097999572753906,13.995686259120703,6.363162040710449,4892.486260159896,1.5519051551818848,0.00037914527428571426,16,2048,,4507.525862455368
adammini-stochastic-r8,adammini,stochastic,8,1.1B,sdpa,666,673,22085632,2.3636326789855957,10.629494944893917,nan,nan,nan,nan,22.21038579940796,4.097999572753906,0.01870039477944374,4.097999572753906,13.995686259120703,6.357162714004517,4892.821445104427,1.6350218057632446,0.0003788595657142857,16,2048,,4513.914433479309
adammini-stochastic-r8,adammini,stochastic,8,1.1B,sdpa,666,674,22118400,3.3702683448791504,29.086331178677376,nan,nan,nan,nan,22.21038579940796,4.097999572753906,0.01870039477944374,4.097999572753906,13.995686259120703,6.354809999465942,4893.15851280749,2.209028482437134,0.0003785738571428571,16,2048,,4520.300235271454
adammini-stochastic-r8,adammini,stochastic,8,1.1B,sdpa,666,675,22151168,2.871628999710083,17.66577231123256,nan,nan,nan,nan,22.21038579940796,4.097999572753906,0.01870039477944374,4.097999572753906,13.995686259120703,6.336893081665039,4893.5137621323265,1.7309843301773071,0.00037828814857142855,16,2048,,4526.668422222137
adammini-stochastic-r8,adammini,stochastic,8,1.1B,sdpa,666,676,22183936,2.5619750022888184,12.961390829910972,nan,nan,nan,nan,22.21038579940796,4.097999572753906,0.01870039477944374,4.097999572753906,13.995686259120703,6.334624528884888,4893.870373422484,2.244582176208496,0.00037800244,16,2048,,4533.034020423889
adammini-stochastic-r8,adammini,stochastic,8,1.1B,sdpa,666,677,22216704,2.505485773086548,12.249508002054041,nan,nan,nan,nan,22.21038579940796,4.097999572753906,0.01870039477944374,4.097999572753906,13.995686259120703,6.354379892349243,4894.2051113598445,1.9414629936218262,0.0003777167314285714,16,2048,,4539.4193642139435
adammini-stochastic-r8,adammini,stochastic,8,1.1B,sdpa,666,678,22249472,2.353877305984497,10.52630440635248,nan,nan,nan,nan,22.21038579940796,4.097999572753906,0.01870039477944374,4.097999572753906,13.995686259120703,6.3558313846588135,4894.537176890231,1.8803465366363525,0.0003774310228571429,16,2048,,4545.805868387222
adammini-stochastic-r8,adammini,stochastic,8,1.1B,sdpa,666,679,22282240,2.4340250492095947,11.404694275660063,nan,nan,nan,nan,22.21038579940796,4.097999572753906,0.01870039477944374,4.097999572753906,13.995686259120703,6.353798151016235,4894.871159637846,1.6231675148010254,0.00037714531428571427,16,2048,,4552.189842700958
adammini-stochastic-r8,adammini,stochastic,8,1.1B,sdpa,666,680,22315008,2.2930078506469727,9.90468473378483,nan,nan,nan,nan,22.21038579940796,4.097999572753906,0.01870039477944374,4.097999572753906,13.995686259120703,6.368252277374268,4895.1886098314435,1.681858777999878,0.00037685960571428575,16,2048,,4558.5876450538635
adammini-stochastic-r8,adammini,stochastic,8,1.1B,sdpa,666,681,22347776,2.4584760665893555,11.686987771177625,nan,nan,nan,nan,22.21038579940796,4.097999572753906,0.01870039477944374,4.097999572753906,13.995686259120703,6.371753215789795,4895.502588203973,1.5871001482009888,0.00037657389714285713,16,2048,,4564.98991894722
adammini-stochastic-r8,adammini,stochastic,8,1.1B,sdpa,666,682,22380544,2.267810821533203,9.658234055598585,nan,nan,nan,nan,22.21038579940796,4.097999572753906,0.01870039477944374,4.097999572753906,13.995686259120703,6.667431592941284,4895.497754446594,1.627227544784546,0.0003762881885714286,16,2048,,4571.688031435013
adammini-stochastic-r8,adammini,stochastic,8,1.1B,sdpa,666,683,22413312,2.472083330154419,11.847102585770902,nan,nan,nan,nan,22.21038579940796,4.097999572753906,0.01870039477944374,4.097999572753906,13.995686259120703,6.37309455871582,4895.807547837529,1.4728001356124878,0.00037600248000000004,16,2048,,4578.092269182205
adammini-stochastic-r8,adammini,stochastic,8,1.1B,sdpa,666,684,22446080,2.387913703918457,10.890748898091806,nan,nan,nan,nan,22.21038579940796,4.097999572753906,0.01870039477944374,4.097999572753906,13.995686259120703,6.342795133590698,4896.1483439641615,1.563730239868164,0.00037571677142857147,16,2048,,4584.46581196785
adammini-stochastic-r8,adammini,stochastic,8,1.1B,sdpa,666,685,22478848,2.2463011741638184,9.452707176313023,nan,nan,nan,nan,22.21038579940796,4.097999572753906,0.01870039477944374,4.097999572753906,13.995686259120703,6.349769592285156,4896.48116534623,1.7134339809417725,0.0003754310628571429,16,2048,,4590.846121549606
adammini-stochastic-r8,adammini,stochastic,8,1.1B,sdpa,666,686,22511616,1.997038722038269,7.3672074159248595,nan,nan,nan,nan,22.21038579940796,4.097999572753906,0.01870039477944374,4.097999572753906,13.995686259120703,6.346647500991821,4896.81662487529,1.6997263431549072,0.0003751453542857143,16,2048,,4597.223559379578
adammini-stochastic-r8,adammini,stochastic,8,1.1B,sdpa,666,687,22544384,2.369286060333252,10.689757717063072,nan,nan,nan,nan,22.21038579940796,4.097999572753906,0.01870039477944374,4.097999572753906,13.995686259120703,6.352464199066162,4897.144687112308,1.6927309036254883,0.00037485964571428576,16,2048,,4603.6068296432495
adammini-stochastic-r8,adammini,stochastic,8,1.1B,sdpa,666,688,22577152,2.4753191471099854,11.885499730755528,nan,nan,nan,nan,22.21038579940796,4.097999572753906,0.01870039477944374,4.097999572753906,13.995686259120703,6.353206396102905,4897.471148849874,1.5276927947998047,0.00037457393714285714,16,2048,,4609.990748643875
adammini-stochastic-r8,adammini,stochastic,8,1.1B,sdpa,666,689,22609920,2.2965714931488037,9.940044456553807,nan,nan,nan,nan,22.21038579940796,4.097999572753906,0.01870039477944374,4.097999572753906,13.995686259120703,6.369403123855591,4897.779462795536,1.4991594552993774,0.00037428822857142857,16,2048,,4616.390808582306
adammini-stochastic-r8,adammini,stochastic,8,1.1B,sdpa,666,690,22642688,2.075356960296631,7.967389993385558,nan,nan,nan,nan,22.21038579940796,4.097999572753906,0.01870039477944374,4.097999572753906,13.995686259120703,6.333425760269165,4898.12510786545,1.7544993162155151,0.00037400252,16,2048,,4622.756417989731
adammini-stochastic-r8,adammini,stochastic,8,1.1B,sdpa,666,691,22675456,2.332650899887085,10.305223471960796,nan,nan,nan,nan,22.21038579940796,4.097999572753906,0.01870039477944374,4.097999572753906,13.995686259120703,6.368225336074829,4898.429830847967,1.637174367904663,0.0003737168114285714,16,2048,,4629.157027482986
adammini-stochastic-r8,adammini,stochastic,8,1.1B,sdpa,666,692,22708224,2.175034761428833,8.80249110403746,nan,nan,nan,nan,22.21038579940796,4.097999572753906,0.01870039477944374,4.097999572753906,13.995686259120703,6.3578245639801025,4898.7470716483085,1.6718724966049194,0.00037343110285714286,16,2048,,4635.54657459259
adammini-stochastic-r8,adammini,stochastic,8,1.1B,sdpa,666,693,22740992,2.278831958770752,9.765267510391334,nan,nan,nan,nan,22.21038579940796,4.097999572753906,0.01870039477944374,4.097999572753906,13.995686259120703,6.360283136367798,4899.060492579112,1.4847627878189087,0.00037314539428571423,16,2048,,4641.938336133957
adammini-stochastic-r8,adammini,stochastic,8,1.1B,sdpa,666,694,22773760,2.2865965366363525,9.841385821207597,nan,nan,nan,nan,22.21038579940796,4.097999572753906,0.01870039477944374,4.097999572753906,13.995686259120703,6.35509729385376,4899.378644374444,1.4499046802520752,0.00037285968571428577,16,2048,,4648.325397968292
adammini-stochastic-r8,adammini,stochastic,8,1.1B,sdpa,666,695,22806528,2.143605947494507,8.530141479675827,nan,nan,nan,nan,22.21038579940796,4.097999572753906,0.01870039477944374,4.097999572753906,13.995686259120703,6.340430974960327,4899.712032807235,1.6860699653625488,0.00037257397714285715,16,2048,,4654.696647167206
adammini-stochastic-r8,adammini,stochastic,8,1.1B,sdpa,666,696,22839296,2.1388580799102783,8.489737489752303,nan,nan,nan,nan,22.21038579940796,4.097999572753906,0.01870039477944374,4.097999572753906,13.995686259120703,6.36572527885437,4900.01814667933,1.4742655754089355,0.0003722882685714286,16,2048,,4661.093317270279
adammini-stochastic-r8,adammini,stochastic,8,1.1B,sdpa,666,697,22872064,2.275237560272217,9.730230254167335,nan,nan,nan,nan,22.21038579940796,4.097999572753906,0.01870039477944374,4.097999572753906,13.995686259120703,6.3358306884765625,4900.354682620101,1.4492467641830444,0.00037200256,16,2048,,4667.460106134415
adammini-stochastic-r8,adammini,stochastic,8,1.1B,sdpa,666,698,22904832,2.323897123336792,10.215407536240804,nan,nan,nan,nan,22.21038579940796,4.097999572753906,0.01870039477944374,4.097999572753906,13.995686259120703,6.355252504348755,4900.669867109649,1.5451363325119019,0.00037171685142857144,16,2048,,4673.846239805222
adammini-stochastic-r8,adammini,stochastic,8,1.1B,sdpa,666,699,22937600,2.4858078956604004,12.01081982539793,nan,nan,nan,nan,22.21038579940796,4.097999572753906,0.01870039477944374,4.097999572753906,13.995686259120703,6.357403755187988,4900.9820158604425,1.6147136688232422,0.00037143114285714287,16,2048,,4680.234464883804
adammini-stochastic-r8,adammini,stochastic,8,1.1B,sdpa,666,700,22970368,2.2929704189300537,9.904313991368511,2.44962391921657,11.58398938411692,nan,nan,22.21038579940796,4.097999572753906,0.01870039477944374,4.097999572753906,13.995686259120703,6.351147651672363,4901.300037861838,1.4481717348098755,0.00037114543428571424,16,2048,,4699.298786401749
adammini-stochastic-r8,adammini,stochastic,8,1.1B,sdpa,666,701,23003136,2.3903238773345947,10.917029148826973,nan,nan,nan,nan,22.21038579940796,4.097999572753906,0.01870039477944374,4.097999572753906,13.995686259120703,6.372190475463867,4888.383926860491,1.5530074834823608,0.0003708597257142858,16,2048,,4705.702080011368
adammini-stochastic-r8,adammini,stochastic,8,1.1B,sdpa,666,702,23035904,2.416402816772461,11.205478570386472,nan,nan,nan,nan,22.21038579940796,4.097999572753906,0.01870039477944374,4.097999572753906,13.995686259120703,6.3548948764801025,4888.713898069337,1.5700993537902832,0.00037057401714285715,16,2048,,4712.087680339813
adammini-stochastic-r8,adammini,stochastic,8,1.1B,sdpa,666,703,23068672,2.9395108222961426,18.90659536485257,nan,nan,nan,nan,22.21038579940796,4.097999572753906,0.01870039477944374,4.097999572753906,13.995686259120703,6.348165035247803,4889.049326361355,2.8204867839813232,0.0003702883085714286,16,2048,,4718.466735601425
adammini-stochastic-r8,adammini,stochastic,8,1.1B,sdpa,666,704,23101440,3.010143756866455,20.290316587922824,nan,nan,nan,nan,22.21038579940796,4.097999572753906,0.01870039477944374,4.097999572753906,13.995686259120703,6.321286678314209,4889.411458839732,2.1240015029907227,0.0003700026,16,2048,,4724.819092273712
adammini-stochastic-r8,adammini,stochastic,8,1.1B,sdpa,666,705,23134208,2.312196969985962,10.09658219441873,nan,nan,nan,nan,22.21038579940796,4.097999572753906,0.01870039477944374,4.097999572753906,13.995686259120703,6.340457439422607,4889.753125005706,1.5432113409042358,0.00036971689142857144,16,2048,,4731.190618991852
adammini-stochastic-r8,adammini,stochastic,8,1.1B,sdpa,666,706,23166976,2.410362720489502,11.138000393416723,nan,nan,nan,nan,22.21038579940796,4.097999572753906,0.01870039477944374,4.097999572753906,13.995686259120703,6.351191520690918,4890.082529399518,1.5376222133636475,0.0003694311828571429,16,2048,,4737.572688341141
adammini-stochastic-r8,adammini,stochastic,8,1.1B,sdpa,666,707,23199744,2.1701512336730957,8.75960868836947,nan,nan,nan,nan,22.21038579940796,4.097999572753906,0.01870039477944374,4.097999572753906,13.995686259120703,6.350149869918823,4890.412221809089,1.4758026599884033,0.00036914547428571425,16,2048,,4743.953630208969
adammini-stochastic-r8,adammini,stochastic,8,1.1B,sdpa,666,708,23232512,2.372925281524658,10.728730983032454,nan,nan,nan,nan,22.21038579940796,4.097999572753906,0.01870039477944374,4.097999572753906,13.995686259120703,6.352916955947876,4890.7368368766465,1.4646389484405518,0.00036885976571428573,16,2048,,4750.338749408722
adammini-stochastic-r8,adammini,stochastic,8,1.1B,sdpa,666,709,23265280,1.9971110820770264,7.367740526626732,nan,nan,nan,nan,22.21038579940796,4.097999572753906,0.01870039477944374,4.097999572753906,13.995686259120703,6.354682683944702,4891.059754774525,1.441152811050415,0.0003685740571428571,16,2048,,4756.724734783173
adammini-stochastic-r8,adammini,stochastic,8,1.1B,sdpa,666,710,23298048,2.2757630348205566,9.735344586123341,nan,nan,nan,nan,22.21038579940796,4.097999572753906,0.01870039477944374,4.097999572753906,13.995686259120703,6.384487628936768,4891.350100118561,1.5073609352111816,0.00036828834857142865,16,2048,,4763.140068292618
adammini-stochastic-r8,adammini,stochastic,8,1.1B,sdpa,666,711,23330816,2.094604730606079,8.122229866752258,nan,nan,nan,nan,22.21038579940796,4.097999572753906,0.01870039477944374,4.097999572753906,13.995686259120703,6.362896203994751,4891.665066336164,1.4715162515640259,0.00036800264,16,2048,,4769.533654212952
adammini-stochastic-r8,adammini,stochastic,8,1.1B,sdpa,666,712,23363584,2.4311609268188477,11.372076568276,nan,nan,nan,nan,22.21038579940796,4.097999572753906,0.01870039477944374,4.097999572753906,13.995686259120703,6.365034818649292,4891.975130382314,1.5805572271347046,0.00036771693142857145,16,2048,,4775.929705858231
adammini-stochastic-r8,adammini,stochastic,8,1.1B,sdpa,666,713,23396352,2.5884790420532227,13.309512991300918,nan,nan,nan,nan,22.21038579940796,4.097999572753906,0.01870039477944374,4.097999572753906,13.995686259120703,6.3466315269470215,4892.303187523114,1.62152898311615,0.0003674312228571429,16,2048,,4782.307495832443
adammini-stochastic-r8,adammini,stochastic,8,1.1B,sdpa,666,714,23429120,2.3013250827789307,9.98740783264457,nan,nan,nan,nan,22.21038579940796,4.097999572753906,0.01870039477944374,4.097999572753906,13.995686259120703,6.338989496231079,4892.638012923423,1.4594624042510986,0.00036714551428571426,16,2048,,4788.677265167236
adammini-stochastic-r8,adammini,stochastic,8,1.1B,sdpa,666,715,23461888,2.4311890602111816,11.37239650786822,nan,nan,nan,nan,22.21038579940796,4.097999572753906,0.01870039477944374,4.097999572753906,13.995686259120703,6.365458011627197,4892.94530917785,1.5022422075271606,0.00036685980571428574,16,2048,,4795.073632955551
adammini-stochastic-r8,adammini,stochastic,8,1.1B,sdpa,666,716,23494656,2.4115407466888428,11.151128981080287,nan,nan,nan,nan,22.21038579940796,4.097999572753906,0.01870039477944374,4.097999572753906,13.995686259120703,6.3667683601379395,4893.2502007884295,1.8051209449768066,0.0003665740971428571,16,2048,,4801.471389293671
adammini-stochastic-r8,adammini,stochastic,8,1.1B,sdpa,666,717,23527424,2.3570101261138916,10.559333134203028,nan,nan,nan,nan,22.21038579940796,4.097999572753906,0.01870039477944374,4.097999572753906,13.995686259120703,6.3483288288116455,4893.573283967766,1.59806227684021,0.0003662883885714286,16,2048,,4807.850549936295
adammini-stochastic-r8,adammini,stochastic,8,1.1B,sdpa,666,718,23560192,2.2856695652008057,9.83226736459249,nan,nan,nan,nan,22.21038579940796,4.097999572753906,0.01870039477944374,4.097999572753906,13.995686259120703,6.3626015186309814,4893.88090628032,1.4096922874450684,0.00036600268,16,2048,,4814.24413394928
adammini-stochastic-r8,adammini,stochastic,8,1.1B,sdpa,666,719,23592960,2.5949296951293945,13.395645549174228,nan,nan,nan,nan,22.21038579940796,4.097999572753906,0.01870039477944374,4.097999572753906,13.995686259120703,6.34354829788208,4894.2068255546,2.1742186546325684,0.00036571697142857146,16,2048,,4820.618592739105
adammini-stochastic-r8,adammini,stochastic,8,1.1B,sdpa,666,720,23625728,2.0272669792175293,7.593305312972104,nan,nan,nan,nan,22.21038579940796,4.097999572753906,0.01870039477944374,4.097999572753906,13.995686259120703,6.370082855224609,4894.504796104312,1.6801608800888062,0.0003654312628571429,16,2048,,4827.019295930862
adammini-stochastic-r8,adammini,stochastic,8,1.1B,sdpa,666,721,23658496,2.409635066986084,11.129898736366423,nan,nan,nan,nan,22.21038579940796,4.097999572753906,0.01870039477944374,4.097999572753906,13.995686259120703,6.3173675537109375,4894.856621490463,1.4895572662353516,0.00036514555428571427,16,2048,,4833.36763882637
adammini-stochastic-r8,adammini,stochastic,8,1.1B,sdpa,666,722,23691264,2.5199809074401855,12.428359372117592,nan,nan,nan,nan,22.21038579940796,4.097999572753906,0.01870039477944374,4.097999572753906,13.995686259120703,6.355397701263428,4895.168182259508,1.539431095123291,0.00036485984571428575,16,2048,,4839.753763437271
adammini-stochastic-r8,adammini,stochastic,8,1.1B,sdpa,666,723,23724032,2.471357822418213,11.838510538368604,nan,nan,nan,nan,22.21038579940796,4.097999572753906,0.01870039477944374,4.097999572753906,13.995686259120703,6.388307094573975,4895.445800271654,1.7332854270935059,0.0003645741371428571,16,2048,,4846.173012971878
adammini-stochastic-r8,adammini,stochastic,8,1.1B,sdpa,666,724,23756800,2.347404956817627,10.458394494198876,nan,nan,nan,nan,22.21038579940796,4.097999572753906,0.01870039477944374,4.097999572753906,13.995686259120703,6.329793930053711,4895.7816666361105,1.5444470643997192,0.0003642884285714286,16,2048,,4852.533491373062
adammini-stochastic-r8,adammini,stochastic,8,1.1B,sdpa,666,725,23789568,2.3496644496917725,10.482051878814648,nan,nan,nan,nan,22.21038579940796,4.097999572753906,0.01870039477944374,4.097999572753906,13.995686259120703,6.365487337112427,4896.080707270891,1.5625942945480347,0.00036400272,16,2048,,4858.929911613464
adammini-stochastic-r8,adammini,stochastic,8,1.1B,sdpa,666,726,23822336,2.609372615814209,13.59052169819254,nan,nan,nan,nan,22.21038579940796,4.097999572753906,0.01870039477944374,4.097999572753906,13.995686259120703,6.350877523422241,4896.393638658624,1.6042802333831787,0.00036371701142857147,16,2048,,4865.311436414719
adammini-stochastic-r8,adammini,stochastic,8,1.1B,sdpa,666,727,23855104,2.254495143890381,9.530480574033959,nan,nan,nan,nan,22.21038579940796,4.097999572753906,0.01870039477944374,4.097999572753906,13.995686259120703,6.34875750541687,4896.707240771348,1.4330356121063232,0.0003634313028571429,16,2048,,4871.691879034042
adammini-stochastic-r8,adammini,stochastic,8,1.1B,sdpa,666,728,23887872,2.4131813049316406,11.16943807210533,nan,nan,nan,nan,22.21038579940796,4.097999572753906,0.01870039477944374,4.097999572753906,13.995686259120703,6.349187135696411,4897.019617556321,1.5155755281448364,0.00036314559428571433,16,2048,,4878.072473526001
adammini-stochastic-r8,adammini,stochastic,8,1.1B,sdpa,666,729,23920640,2.344005823135376,10.422905363531514,nan,nan,nan,nan,22.21038579940796,4.097999572753906,0.01870039477944374,4.097999572753906,13.995686259120703,6.36277961730957,4897.317428887323,1.4820959568023682,0.00036285988571428576,16,2048,,4884.466702222824
adammini-stochastic-r8,adammini,stochastic,8,1.1B,sdpa,666,730,23953408,2.241058349609375,9.403277978551458,nan,nan,nan,nan,22.21038579940796,4.097999572753906,0.01870039477944374,4.097999572753906,13.995686259120703,6.366559743881226,4897.61109823135,1.54352605342865,0.00036257417714285713,16,2048,,4890.863379716873
adammini-stochastic-r8,adammini,stochastic,8,1.1B,sdpa,666,731,23986176,2.577120065689087,13.159185944840681,nan,nan,nan,nan,22.21038579940796,4.097999572753906,0.01870039477944374,4.097999572753906,13.995686259120703,6.367557525634766,4897.904768329595,1.682315707206726,0.0003622884685714286,16,2048,,4897.261703014374
adammini-stochastic-r8,adammini,stochastic,8,1.1B,sdpa,666,732,24018944,2.374835968017578,10.749249820698513,nan,nan,nan,nan,22.21038579940796,4.097999572753906,0.01870039477944374,4.097999572753906,13.995686259120703,6.380690336227417,4898.18306267677,1.5147013664245605,0.00036200276,16,2048,,4903.673145294189
adammini-stochastic-r8,adammini,stochastic,8,1.1B,sdpa,666,733,24051712,2.407654047012329,11.107872009560237,nan,nan,nan,nan,22.21038579940796,4.097999572753906,0.01870039477944374,4.097999572753906,13.995686259120703,6.373379945755005,4898.467965227574,1.4875390529632568,0.0003617170514285714,16,2048,,4910.077586174011
adammini-stochastic-r8,adammini,stochastic,8,1.1B,sdpa,666,734,24084480,2.343416929244995,10.416769185199211,nan,nan,nan,nan,22.21038579940796,4.097999572753906,0.01870039477944374,4.097999572753906,13.995686259120703,6.378956079483032,4898.746512238359,1.4954813718795776,0.00036143134285714285,16,2048,,4916.487329244614
adammini-stochastic-r8,adammini,stochastic,8,1.1B,sdpa,666,735,24117248,2.3745203018188477,10.745857181367361,nan,nan,nan,nan,22.21038579940796,4.097999572753906,0.01870039477944374,4.097999572753906,13.995686259120703,6.3429083824157715,4899.060319711746,1.6365702152252197,0.0003611456342857143,16,2048,,4922.861167907715
adammini-stochastic-r8,adammini,stochastic,8,1.1B,sdpa,666,736,24150016,2.337294340133667,10.353186431769917,nan,nan,nan,nan,22.21038579940796,4.097999572753906,0.01870039477944374,4.097999572753906,13.995686259120703,6.341479539871216,4899.374369715693,1.5973371267318726,0.0003608599257142857,16,2048,,4929.233902454376
adammini-stochastic-r8,adammini,stochastic,8,1.1B,sdpa,666,737,24182784,2.312505006790161,10.099692792395967,nan,nan,nan,nan,22.21038579940796,4.097999572753906,0.01870039477944374,4.097999572753906,13.995686259120703,6.346429347991943,4899.682289487429,1.5343838930130005,0.0003605742171428571,16,2048,,4935.611356496811
adammini-stochastic-r8,adammini,stochastic,8,1.1B,sdpa,666,738,24215552,2.3158633708953857,10.133668257201483,nan,nan,nan,nan,22.21038579940796,4.097999572753906,0.01870039477944374,4.097999572753906,13.995686259120703,6.371917247772217,4899.964405081211,1.8556625843048096,0.0003602885085714286,16,2048,,4942.014785528183
adammini-stochastic-r8,adammini,stochastic,8,1.1B,sdpa,666,739,24248320,2.194040060043335,8.971384931137328,nan,nan,nan,nan,22.21038579940796,4.097999572753906,0.01870039477944374,4.097999572753906,13.995686259120703,6.340707778930664,4900.276561535609,1.5298852920532227,0.0003600028,16,2048,,4948.387157440186
adammini-stochastic-r8,adammini,stochastic,8,1.1B,sdpa,666,740,24281088,2.433034658432007,11.393404763065616,nan,nan,nan,nan,22.21038579940796,4.097999572753906,0.01870039477944374,4.097999572753906,13.995686259120703,6.360034465789795,4900.569323153722,1.5159904956817627,0.00035971709142857143,16,2048,,4954.776432991028
adammini-stochastic-r8,adammini,stochastic,8,1.1B,sdpa,666,741,24313856,2.404527425765991,11.07319613833997,nan,nan,nan,nan,22.21038579940796,4.097999572753906,0.01870039477944374,4.097999572753906,13.995686259120703,6.356833457946777,4900.8662990717785,1.5494365692138672,0.00035943138285714286,16,2048,,4961.163726806641
adammini-stochastic-r8,adammini,stochastic,8,1.1B,sdpa,666,742,24346624,2.372877836227417,10.72822196727724,nan,nan,nan,nan,22.21038579940796,4.097999572753906,0.01870039477944374,4.097999572753906,13.995686259120703,6.36939001083374,4901.148504022118,1.4821054935455322,0.00035914567428571435,16,2048,,4967.563939571381
adammini-stochastic-r8,adammini,stochastic,8,1.1B,sdpa,666,743,24379392,2.4213860034942627,11.261456921860221,nan,nan,nan,nan,22.21038579940796,4.097999572753906,0.01870039477944374,4.097999572753906,13.995686259120703,6.3786938190460205,4901.420973613774,1.6541938781738281,0.0003588599657142858,16,2048,,4973.973294973373
adammini-stochastic-r8,adammini,stochastic,8,1.1B,sdpa,666,744,24412160,2.4696156978607178,11.817904332935457,nan,nan,nan,nan,22.21038579940796,4.097999572753906,0.01870039477944374,4.097999572753906,13.995686259120703,6.363433361053467,4901.707546687972,1.5237103700637817,0.00035857425714285715,16,2048,,4980.367465257645
adammini-stochastic-r8,adammini,stochastic,8,1.1B,sdpa,666,745,24444928,2.3475794792175293,10.46021987758564,nan,nan,nan,nan,22.21038579940796,4.097999572753906,0.01870039477944374,4.097999572753906,13.995686259120703,6.333261966705322,4902.022627247912,1.599549412727356,0.00035828854857142863,16,2048,,4986.732127666473
adammini-stochastic-r8,adammini,stochastic,8,1.1B,sdpa,666,746,24477696,2.2815909385681152,9.792246886831776,nan,nan,nan,nan,22.21038579940796,4.097999572753906,0.01870039477944374,4.097999572753906,13.995686259120703,6.344225168228149,4902.326183439451,1.5480175018310547,0.00035800284,16,2048,,4993.107476711273
adammini-stochastic-r8,adammini,stochastic,8,1.1B,sdpa,666,747,24510464,2.6819896697998047,14.61414170432641,nan,nan,nan,nan,22.21038579940796,4.097999572753906,0.01870039477944374,4.097999572753906,13.995686259120703,6.358122825622559,4902.615377179791,2.112725019454956,0.00035771713142857144,16,2048,,4999.496502399445
adammini-stochastic-r8,adammini,stochastic,8,1.1B,sdpa,666,748,24543232,2.0228850841522217,7.5601050390732,nan,nan,nan,nan,22.21038579940796,4.097999572753906,0.01870039477944374,4.097999572753906,13.995686259120703,6.345290899276733,4902.91683508486,1.8149101734161377,0.00035743142285714287,16,2048,,5005.872766971588
adammini-stochastic-r8,adammini,stochastic,8,1.1B,sdpa,666,749,24576000,2.452969789505005,11.622812822895401,nan,nan,nan,nan,22.21038579940796,4.097999572753906,0.01870039477944374,4.097999572753906,13.995686259120703,6.34828782081604,4903.214318135505,1.6827940940856934,0.0003571457142857143,16,2048,,5012.252086162567
adammini-stochastic-r8,adammini,stochastic,8,1.1B,sdpa,666,750,24608768,2.2255523204803467,9.258595103657992,2.448502521092295,11.571006401056923,nan,nan,22.21038579940796,4.097999572753906,0.01870039477944374,4.097999572753906,13.995686259120703,6.337872266769409,4903.521134738314,1.5181035995483398,0.00035686000571428573,16,2048,,5031.271003484726
adammini-stochastic-r8,adammini,stochastic,8,1.1B,sdpa,666,751,24641536,2.2530195713043213,9.51642802849216,nan,nan,nan,nan,22.21038579940796,4.097999572753906,0.01870039477944374,4.097999572753906,13.995686259120703,6.380352735519409,4891.471089784009,1.732934594154358,0.0003565742971428571,16,2048,,5037.682882785797
adammini-stochastic-r8,adammini,stochastic,8,1.1B,sdpa,666,752,24674304,2.5740761756896973,13.119191730217784,nan,nan,nan,nan,22.21038579940796,4.097999572753906,0.01870039477944374,4.097999572753906,13.995686259120703,6.357874155044556,4891.772180582196,1.5609430074691772,0.0003562885885714286,16,2048,,5044.07158946991
adammini-stochastic-r8,adammini,stochastic,8,1.1B,sdpa,666,753,24707072,2.397307872772217,10.99354049705414,nan,nan,nan,nan,22.21038579940796,4.097999572753906,0.01870039477944374,4.097999572753906,13.995686259120703,6.362919092178345,4892.067385035565,2.1159892082214355,0.00035600287999999996,16,2048,,5050.4655113220215
adammini-stochastic-r8,adammini,stochastic,8,1.1B,sdpa,666,754,24739840,2.4432857036590576,11.510799753233291,nan,nan,nan,nan,22.21038579940796,4.097999572753906,0.01870039477944374,4.097999572753906,13.995686259120703,6.363706111907959,4892.360757474688,1.494549036026001,0.0003557171714285714,16,2048,,5056.860535860062
adammini-stochastic-r8,adammini,stochastic,8,1.1B,sdpa,666,755,24772608,2.181727647781372,8.861602769789094,nan,nan,nan,nan,22.21038579940796,4.097999572753906,0.01870039477944374,4.097999572753906,13.995686259120703,6.339122533798218,4892.581037456083,1.4322751760482788,0.0003554314628571428,16,2048,,5063.330230474472
adammini-stochastic-r8,adammini,stochastic,8,1.1B,sdpa,666,756,24805376,2.195012331008911,8.980111789975147,nan,nan,nan,nan,22.21038579940796,4.097999572753906,0.01870039477944374,4.097999572753906,13.995686259120703,6.344772100448608,4892.888422496298,1.616281270980835,0.0003551457542857143,16,2048,,5069.708985090256
adammini-stochastic-r8,adammini,stochastic,8,1.1B,sdpa,666,757,24838144,2.5267961025238037,12.51335035189807,nan,nan,nan,nan,22.21038579940796,4.097999572753906,0.01870039477944374,4.097999572753906,13.995686259120703,6.348827362060547,4893.1943594987115,1.5887519121170044,0.00035486004571428574,16,2048,,5076.088815450668
adammini-stochastic-r8,adammini,stochastic,8,1.1B,sdpa,666,758,24870912,2.1946070194244385,8.976472784152238,nan,nan,nan,nan,22.21038579940796,4.097999572753906,0.01870039477944374,4.097999572753906,13.995686259120703,6.354219913482666,4893.49425235758,1.4819611310958862,0.0003545743371428571,16,2048,,5082.474098682404
adammini-stochastic-r8,adammini,stochastic,8,1.1B,sdpa,666,759,24903680,2.0245602130889893,7.572779802757018,nan,nan,nan,nan,22.21038579940796,4.097999572753906,0.01870039477944374,4.097999572753906,13.995686259120703,6.346580982208252,4893.800724825549,1.6247854232788086,0.00035428862857142865,16,2048,,5088.851552248001
adammini-stochastic-r8,adammini,stochastic,8,1.1B,sdpa,666,760,24936448,2.2910778522491455,9.885587143205294,nan,nan,nan,nan,22.21038579940796,4.097999572753906,0.01870039477944374,4.097999572753906,13.995686259120703,6.365737676620483,4894.0880711998525,1.51595938205719,0.00035400292,16,2048,,5095.246427059174
adammini-stochastic-r8,adammini,stochastic,8,1.1B,sdpa,666,761,24969216,2.347646474838257,10.460920689984704,nan,nan,nan,nan,22.21038579940796,4.097999572753906,0.01870039477944374,4.097999572753906,13.995686259120703,6.37505316734314,4894.367611303788,1.5777593851089478,0.00035371721142857146,16,2048,,5101.65198469162
adammini-stochastic-r8,adammini,stochastic,8,1.1B,sdpa,666,762,25001984,2.307131767272949,10.045570260852205,nan,nan,nan,nan,22.21038579940796,4.097999572753906,0.01870039477944374,4.097999572753906,13.995686259120703,6.382266283035278,4894.636825062337,1.5081062316894531,0.0003534315028571429,16,2048,,5108.066411495209
adammini-stochastic-r8,adammini,stochastic,8,1.1B,sdpa,666,763,25034752,2.360440969467163,10.5956227685307,nan,nan,nan,nan,22.21038579940796,4.097999572753906,0.01870039477944374,4.097999572753906,13.995686259120703,6.363349676132202,4894.923191207557,1.419541835784912,0.0003531457942857143,16,2048,,5114.4616940021515
adammini-stochastic-r8,adammini,stochastic,8,1.1B,sdpa,666,764,25067520,2.2741587162017822,9.71973851344741,nan,nan,nan,nan,22.21038579940796,4.097999572753906,0.01870039477944374,4.097999572753906,13.995686259120703,6.371200323104858,4895.2004311349865,1.3829517364501953,0.00035286008571428575,16,2048,,5120.865803718567
adammini-stochastic-r8,adammini,stochastic,8,1.1B,sdpa,666,765,25100288,1.8302479982376099,6.235432843147097,nan,nan,nan,nan,22.21038579940796,4.097999572753906,0.01870039477944374,4.097999572753906,13.995686259120703,6.319281339645386,4895.528751988495,1.5476603507995605,0.0003525743771428571,16,2048,,5127.215890645981
adammini-stochastic-r8,adammini,stochastic,8,1.1B,sdpa,666,766,25133056,2.3590662479400635,10.581066745349384,nan,nan,nan,nan,22.21038579940796,4.097999572753906,0.01870039477944374,4.097999572753906,13.995686259120703,6.348415374755859,4895.827492658059,1.5183292627334595,0.0003522886685714286,16,2048,,5133.595971822739
adammini-stochastic-r8,adammini,stochastic,8,1.1B,sdpa,666,767,25165824,2.6303422451019287,13.878518944546093,nan,nan,nan,nan,22.21038579940796,4.097999572753906,0.01870039477944374,4.097999572753906,13.995686259120703,6.358836650848389,4896.116442769712,1.7865349054336548,0.00035200296,16,2048,,5139.985888242722
adammini-stochastic-r8,adammini,stochastic,8,1.1B,sdpa,666,768,25198592,3.094167470932007,22.068857921691546,nan,nan,nan,nan,22.21038579940796,4.097999572753906,0.01870039477944374,4.097999572753906,13.995686259120703,6.343696594238281,4896.418997361227,1.9581739902496338,0.0003517172514285714,16,2048,,5146.360698461533
adammini-stochastic-r8,adammini,stochastic,8,1.1B,sdpa,666,769,25231360,2.256500244140625,9.54960931412987,nan,nan,nan,nan,22.21038579940796,4.097999572753906,0.01870039477944374,4.097999572753906,13.995686259120703,6.348719596862793,4896.715954666666,1.5863432884216309,0.00035143154285714284,16,2048,,5152.740362405777
adammini-stochastic-r8,adammini,stochastic,8,1.1B,sdpa,666,770,25264128,2.483104944229126,11.978398998459113,nan,nan,nan,nan,22.21038579940796,4.097999572753906,0.01870039477944374,4.097999572753906,13.995686259120703,6.346140384674072,4897.014727792492,1.6358433961868286,0.00035114583428571427,16,2048,,5159.1176471710205
adammini-stochastic-r8,adammini,stochastic,8,1.1B,sdpa,666,771,25296896,2.362185478210449,10.614123057356924,nan,nan,nan,nan,22.21038579940796,4.097999572753906,0.01870039477944374,4.097999572753906,13.995686259120703,6.36322546005249,4897.2963996594135,1.5629101991653442,0.0003508601257142857,16,2048,,5165.511599302292
adammini-stochastic-r8,adammini,stochastic,8,1.1B,sdpa,666,772,25329664,2.4051902294158936,11.08053792596959,nan,nan,nan,nan,22.21038579940796,4.097999572753906,0.01870039477944374,4.097999572753906,13.995686259120703,6.366628170013428,4897.573789972346,1.5017491579055786,0.0003505744171428571,16,2048,,5171.909878492355
adammini-stochastic-r8,adammini,stochastic,8,1.1B,sdpa,666,773,25362432,2.400792121887207,11.031911539117615,nan,nan,nan,nan,22.21038579940796,4.097999572753906,0.01870039477944374,4.097999572753906,13.995686259120703,6.34581184387207,4897.869823109216,1.4773648977279663,0.00035028870857142856,16,2048,,5178.287282943726
adammini-stochastic-r8,adammini,stochastic,8,1.1B,sdpa,666,774,25395200,2.3420865535736084,10.402920183131096,nan,nan,nan,nan,22.21038579940796,4.097999572753906,0.01870039477944374,4.097999572753906,13.995686259120703,6.353058576583862,4898.15876702807,1.5802981853485107,0.000350003,16,2048,,5184.671829223633
adammini-stochastic-r8,adammini,stochastic,8,1.1B,sdpa,666,775,25427968,2.3130340576171875,10.105037456895422,nan,nan,nan,nan,22.21038579940796,4.097999572753906,0.01870039477944374,4.097999572753906,13.995686259120703,6.370795726776123,4898.429769446874,1.5022399425506592,0.00034971729142857153,16,2048,,5191.074176073074
adammini-stochastic-r8,adammini,stochastic,8,1.1B,sdpa,666,776,25460736,2.3317039012908936,10.295469059235973,nan,nan,nan,nan,22.21038579940796,4.097999572753906,0.01870039477944374,4.097999572753906,13.995686259120703,6.360389947891235,4898.711003299118,1.4879683256149292,0.0003494315828571429,16,2048,,5197.465448141098
adammini-stochastic-r8,adammini,stochastic,8,1.1B,sdpa,666,777,25493504,2.342813014984131,10.410480248916429,nan,nan,nan,nan,22.21038579940796,4.097999572753906,0.01870039477944374,4.097999572753906,13.995686259120703,6.353564262390137,4898.997725309082,1.5661005973815918,0.00034914587428571433,16,2048,,5203.850177288055
adammini-stochastic-r8,adammini,stochastic,8,1.1B,sdpa,666,778,25526272,2.2949230670928955,9.92367252594054,nan,nan,nan,nan,22.21038579940796,4.097999572753906,0.01870039477944374,4.097999572753906,13.995686259120703,6.36395001411438,4899.273952438715,2.044591188430786,0.00034886016571428576,16,2048,,5210.245086669922
adammini-stochastic-r8,adammini,stochastic,8,1.1B,sdpa,666,779,25559040,2.3204238414764404,10.179988093011332,nan,nan,nan,nan,22.21038579940796,4.097999572753906,0.01870039477944374,4.097999572753906,13.995686259120703,6.349198341369629,4899.563298775094,1.5046844482421875,0.00034857445714285714,16,2048,,5216.625283956528
adammini-stochastic-r8,adammini,stochastic,8,1.1B,sdpa,666,780,25591808,2.4109890460968018,11.144978593361774,nan,nan,nan,nan,22.21038579940796,4.097999572753906,0.01870039477944374,4.097999572753906,13.995686259120703,6.360307693481445,4899.747650452146,1.5080095529556274,0.0003482887485714286,16,2048,,5223.1163992881775
adammini-stochastic-r8,adammini,stochastic,8,1.1B,sdpa,666,781,25624576,2.2821390628814697,9.797615726694232,nan,nan,nan,nan,22.21038579940796,4.097999572753906,0.01870039477944374,4.097999572753906,13.995686259120703,6.356910943984985,4900.02885657587,1.5385643243789673,0.00034800304,16,2048,,5229.504160404205
adammini-stochastic-r8,adammini,stochastic,8,1.1B,sdpa,666,782,25657344,2.313560724258423,10.11036084473475,nan,nan,nan,nan,22.21038579940796,4.097999572753906,0.01870039477944374,4.097999572753906,13.995686259120703,6.351572275161743,4900.314239002903,1.6198474168777466,0.0003477173314285715,16,2048,,5235.886650562286
adammini-stochastic-r8,adammini,stochastic,8,1.1B,sdpa,666,783,25690112,2.3693857192993164,10.69082310035125,nan,nan,nan,nan,22.21038579940796,4.097999572753906,0.01870039477944374,4.097999572753906,13.995686259120703,6.361733436584473,4900.5892613287615,2.129889726638794,0.00034743162285714286,16,2048,,5242.279160737991
adammini-stochastic-r8,adammini,stochastic,8,1.1B,sdpa,666,784,25722880,2.4104669094085693,11.139160910093723,nan,nan,nan,nan,22.21038579940796,4.097999572753906,0.01870039477944374,4.097999572753906,13.995686259120703,6.358776569366455,4900.866557654234,1.724501132965088,0.0003471459142857143,16,2048,,5248.668774604797
adammini-stochastic-r8,adammini,stochastic,8,1.1B,sdpa,666,785,25755648,2.1984994411468506,9.011481091154494,nan,nan,nan,nan,22.21038579940796,4.097999572753906,0.01870039477944374,4.097999572753906,13.995686259120703,6.35155987739563,4901.149798963147,1.5840096473693848,0.0003468602057142857,16,2048,,5255.051245927811
adammini-stochastic-r8,adammini,stochastic,8,1.1B,sdpa,666,786,25788416,2.3377420902252197,10.35782310990167,nan,nan,nan,nan,22.21038579940796,4.097999572753906,0.01870039477944374,4.097999572753906,13.995686259120703,6.349273681640625,4901.434466655862,1.631441593170166,0.0003465744971428571,16,2048,,5261.431534528732
adammini-stochastic-r8,adammini,stochastic,8,1.1B,sdpa,666,787,25821184,2.450390338897705,11.59287098464894,nan,nan,nan,nan,22.21038579940796,4.097999572753906,0.01870039477944374,4.097999572753906,13.995686259120703,6.355902910232544,4901.7122132314735,1.5859594345092773,0.0003462887885714286,16,2048,,5267.8183789253235
adammini-stochastic-r8,adammini,stochastic,8,1.1B,sdpa,666,788,25853952,2.4360930919647217,11.42830407565466,nan,nan,nan,nan,22.21038579940796,4.097999572753906,0.01870039477944374,4.097999572753906,13.995686259120703,6.340760946273804,4902.003428177834,1.6211193799972534,0.00034600307999999995,16,2048,,5274.189882040024
adammini-stochastic-r8,adammini,stochastic,8,1.1B,sdpa,666,789,25886720,2.3330671787261963,10.309514211434548,nan,nan,nan,nan,22.21038579940796,4.097999572753906,0.01870039477944374,4.097999572753906,13.995686259120703,6.353740692138672,4902.282024926309,1.7411755323410034,0.00034571737142857144,16,2048,,5280.574464082718
adammini-stochastic-r8,adammini,stochastic,8,1.1B,sdpa,666,790,25919488,2.068963050842285,7.91660973835683,nan,nan,nan,nan,22.21038579940796,4.097999572753906,0.01870039477944374,4.097999572753906,13.995686259120703,6.349486589431763,4902.563837034118,1.5719164609909058,0.0003454316628571428,16,2048,,5286.95418214798
adammini-stochastic-r8,adammini,stochastic,8,1.1B,sdpa,666,791,25952256,2.3361518383026123,10.341364651802921,nan,nan,nan,nan,22.21038579940796,4.097999572753906,0.01870039477944374,4.097999572753906,13.995686259120703,6.358902454376221,4902.83676103483,1.464056134223938,0.0003451459542857143,16,2048,,5293.343938112259
adammini-stochastic-r8,adammini,stochastic,8,1.1B,sdpa,666,792,25985024,2.652493715286255,14.189378833778118,nan,nan,nan,nan,22.21038579940796,4.097999572753906,0.01870039477944374,4.097999572753906,13.995686259120703,6.3676300048828125,4903.100237222567,1.8731268644332886,0.0003448602457142857,16,2048,,5299.742563009262
adammini-stochastic-r8,adammini,stochastic,8,1.1B,sdpa,666,793,26017792,2.995795726776123,20.001269104706605,nan,nan,nan,nan,22.21038579940796,4.097999572753906,0.01870039477944374,4.097999572753906,13.995686259120703,6.344575881958008,4903.384438261031,1.8781285285949707,0.0003445745371428572,16,2048,,5306.118273735046
adammini-stochastic-r8,adammini,stochastic,8,1.1B,sdpa,666,794,26050560,2.2409493923187256,9.402253478674071,nan,nan,nan,nan,22.21038579940796,4.097999572753906,0.01870039477944374,4.097999572753906,13.995686259120703,6.370085000991821,4903.644508354076,1.3885796070098877,0.00034428882857142864,16,2048,,5312.519115686417
adammini-stochastic-r8,adammini,stochastic,8,1.1B,sdpa,666,795,26083328,2.300713539123535,9.981301963943594,nan,nan,nan,nan,22.21038579940796,4.097999572753906,0.01870039477944374,4.097999572753906,13.995686259120703,6.3537397384643555,4903.919098358107,1.480181097984314,0.00034400312,16,2048,,5318.90363907814
adammini-stochastic-r8,adammini,stochastic,8,1.1B,sdpa,666,796,26116096,2.383051633834839,10.837925832469928,nan,nan,nan,nan,22.21038579940796,4.097999572753906,0.01870039477944374,4.097999572753906,13.995686259120703,6.35466742515564,4904.192169019889,1.447224736213684,0.0003437174114285715,16,2048,,5325.28937292099
adammini-stochastic-r8,adammini,stochastic,8,1.1B,sdpa,666,797,26148864,2.363555669784546,10.628676407498508,nan,nan,nan,nan,22.21038579940796,4.097999572753906,0.01870039477944374,4.097999572753906,13.995686259120703,6.352775573730469,4904.466081109728,1.6019301414489746,0.0003434317028571429,16,2048,,5331.673043251038
adammini-stochastic-r8,adammini,stochastic,8,1.1B,sdpa,666,798,26181632,2.4717037677764893,11.842606724625718,nan,nan,nan,nan,22.21038579940796,4.097999572753906,0.01870039477944374,4.097999572753906,13.995686259120703,6.355143070220947,4904.73740917008,1.6796833276748657,0.0003431459942857143,16,2048,,5338.058743476868
adammini-stochastic-r8,adammini,stochastic,8,1.1B,sdpa,666,799,26214400,2.4071011543273926,11.101732245852567,nan,nan,nan,nan,22.21038579940796,4.097999572753906,0.01870039477944374,4.097999572753906,13.995686259120703,6.346454620361328,4905.016174095472,1.514164924621582,0.00034286028571428573,16,2048,,5344.4363849163055
adammini-stochastic-r8,adammini,stochastic,8,1.1B,sdpa,666,800,26247168,2.292299270629883,9.897668958019695,2.449071866738947,11.577596178931408,nan,nan,22.21038579940796,4.097999572753906,0.01870039477944374,4.097999572753906,13.995686259120703,6.357970237731934,4905.28326571079,1.588196039199829,0.00034257457714285716,16,2048,,5363.585262298584
adammini-stochastic-r8,adammini,stochastic,8,1.1B,sdpa,666,801,26279936,2.288876533508301,9.863849749207024,nan,nan,nan,nan,22.21038579940796,4.097999572753906,0.01870039477944374,4.097999572753906,13.995686259120703,6.369703769683838,4893.882254219054,1.7433065176010132,0.0003422888685714286,16,2048,,5369.986317157745
adammini-stochastic-r8,adammini,stochastic,8,1.1B,sdpa,666,802,26312704,2.10866379737854,8.237227323080582,nan,nan,nan,nan,22.21038579940796,4.097999572753906,0.01870039477944374,4.097999572753906,13.995686259120703,6.358772277832031,4894.1608729095,1.4110413789749146,0.00034200315999999997,16,2048,,5376.375990390778
adammini-stochastic-r8,adammini,stochastic,8,1.1B,sdpa,666,803,26345472,2.2262086868286133,9.264674128731757,nan,nan,nan,nan,22.21038579940796,4.097999572753906,0.01870039477944374,4.097999572753906,13.995686259120703,6.372445821762085,4894.426420212176,11.685617446899414,0.00034171745142857145,16,2048,,5382.779327869415
adammini-stochastic-r8,adammini,stochastic,8,1.1B,sdpa,666,804,26378240,2.2698841094970703,9.678279128442052,nan,nan,nan,nan,22.21038579940796,4.097999572753906,0.01870039477944374,4.097999572753906,13.995686259120703,6.350142240524292,4894.711475963232,1.411321997642517,0.00034143174285714283,16,2048,,5389.160575866699
adammini-stochastic-r8,adammini,stochastic,8,1.1B,sdpa,666,805,26411008,2.174314498901367,8.796153282268627,nan,nan,nan,nan,22.21038579940796,4.097999572753906,0.01870039477944374,4.097999572753906,13.995686259120703,6.355647325515747,4894.990647843139,1.5176600217819214,0.00034114603428571426,16,2048,,5395.5474174022675
adammini-stochastic-r8,adammini,stochastic,8,1.1B,sdpa,666,806,26443776,2.2231359481811523,9.236249898959416,nan,nan,nan,nan,22.21038579940796,4.097999572753906,0.01870039477944374,4.097999572753906,13.995686259120703,6.354830741882324,4895.270014516669,1.6278769969940186,0.0003408603257142857,16,2048,,5401.933202981949
adammini-stochastic-r8,adammini,stochastic,8,1.1B,sdpa,666,807,26476544,2.2302324771881104,9.302028337527643,nan,nan,nan,nan,22.21038579940796,4.097999572753906,0.01870039477944374,4.097999572753906,13.995686259120703,6.345369815826416,4895.557241418017,1.5852091312408447,0.00034057461714285717,16,2048,,5408.309241533279
adammini-stochastic-r8,adammini,stochastic,8,1.1B,sdpa,666,808,26509312,2.564924716949463,12.999679677289514,nan,nan,nan,nan,22.21038579940796,4.097999572753906,0.01870039477944374,4.097999572753906,13.995686259120703,6.3604795932769775,4895.830669426942,2.001227855682373,0.0003402889085714286,16,2048,,5414.700605392456
adammini-stochastic-r8,adammini,stochastic,8,1.1B,sdpa,666,809,26542080,2.4606337547302246,11.712231870747205,nan,nan,nan,nan,22.21038579940796,4.097999572753906,0.01870039477944374,4.097999572753906,13.995686259120703,6.3684821128845215,4896.095693946868,1.6155369281768799,0.0003400032,16,2048,,5421.1001052856445
adammini-stochastic-r8,adammini,stochastic,8,1.1B,sdpa,666,810,26574848,2.252786159515381,9.514207041214096,nan,nan,nan,nan,22.21038579940796,4.097999572753906,0.01870039477944374,4.097999572753906,13.995686259120703,6.3400304317474365,4896.385272016276,1.4376537799835205,0.00033971749142857146,16,2048,,5427.47074341774
adammini-stochastic-r8,adammini,stochastic,8,1.1B,sdpa,666,811,26607616,2.49503231048584,12.122125184016065,nan,nan,nan,nan,22.21038579940796,4.097999572753906,0.01870039477944374,4.097999572753906,13.995686259120703,6.356196641921997,4896.66096865066,1.5881271362304688,0.0003394317828571429,16,2048,,5433.858124017715
adammini-stochastic-r8,adammini,stochastic,8,1.1B,sdpa,666,812,26640384,2.2982819080352783,9.957060604752689,nan,nan,nan,nan,22.21038579940796,4.097999572753906,0.01870039477944374,4.097999572753906,13.995686259120703,6.368305921554565,4896.9245074575865,1.507557988166809,0.0003391460742857143,16,2048,,5440.257477521896
adammini-stochastic-r8,adammini,stochastic,8,1.1B,sdpa,666,813,26673152,2.4002981185913086,11.026463084345341,nan,nan,nan,nan,22.21038579940796,4.097999572753906,0.01870039477944374,4.097999572753906,13.995686259120703,6.357435941696167,4897.1969824692105,1.4945790767669678,0.00033886036571428575,16,2048,,5446.645805358887
adammini-stochastic-r8,adammini,stochastic,8,1.1B,sdpa,666,814,26705920,2.3890414237976074,10.9030375398935,nan,nan,nan,nan,22.21038579940796,4.097999572753906,0.01870039477944374,4.097999572753906,13.995686259120703,6.3512279987335205,4897.474472916939,1.5348933935165405,0.0003385746571428572,16,2048,,5453.0280148983
adammini-stochastic-r8,adammini,stochastic,8,1.1B,sdpa,666,815,26738688,2.3693325519561768,10.690254712800991,nan,nan,nan,nan,22.21038579940796,4.097999572753906,0.01870039477944374,4.097999572753906,13.995686259120703,6.353959560394287,4897.748869154285,1.46321702003479,0.0003382889485714286,16,2048,,5459.412832260132
adammini-stochastic-r8,adammini,stochastic,8,1.1B,sdpa,666,816,26771456,2.23014497756958,9.30121444920453,nan,nan,nan,nan,22.21038579940796,4.097999572753906,0.01870039477944374,4.097999572753906,13.995686259120703,6.358716249465942,4898.018612973629,1.5181940793991089,0.00033800324,16,2048,,5465.80233168602
adammini-stochastic-r8,adammini,stochastic,8,1.1B,sdpa,666,817,26804224,2.388803243637085,10.900440961901023,nan,nan,nan,nan,22.21038579940796,4.097999572753906,0.01870039477944374,4.097999572753906,13.995686259120703,6.353027105331421,4898.292063052497,1.5057605504989624,0.00033771753142857147,16,2048,,5472.186814546585
adammini-stochastic-r8,adammini,stochastic,8,1.1B,sdpa,666,818,26836992,2.343432664871216,10.416933100875191,nan,nan,nan,nan,22.21038579940796,4.097999572753906,0.01870039477944374,4.097999572753906,13.995686259120703,6.350513458251953,4898.477801049649,1.5738886594772339,0.00033743182285714285,16,2048,,5478.66880106926
adammini-stochastic-r8,adammini,stochastic,8,1.1B,sdpa,666,819,26869760,2.291066884994507,9.885478726048362,nan,nan,nan,nan,22.21038579940796,4.097999572753906,0.01870039477944374,4.097999572753906,13.995686259120703,6.346527099609375,4898.755543577804,1.5553438663482666,0.0003371461142857143,16,2048,,5485.047168493271
adammini-stochastic-r8,adammini,stochastic,8,1.1B,sdpa,666,820,26902528,2.3926923274993896,10.942916232345944,nan,nan,nan,nan,22.21038579940796,4.097999572753906,0.01870039477944374,4.097999572753906,13.995686259120703,6.3477463722229,4899.031951957437,1.4448896646499634,0.0003368604057142857,16,2048,,5491.4243705272675
adammini-stochastic-r8,adammini,stochastic,8,1.1B,sdpa,666,821,26935296,2.2528862953186035,9.515159801680115,nan,nan,nan,nan,22.21038579940796,4.097999572753906,0.01870039477944374,4.097999572753906,13.995686259120703,6.359589338302612,4899.299539419761,1.5564552545547485,0.00033657469714285713,16,2048,,5497.814693927765
adammini-stochastic-r8,adammini,stochastic,8,1.1B,sdpa,666,822,26968064,2.303337335586548,10.007525255979196,nan,nan,nan,nan,22.21038579940796,4.097999572753906,0.01870039477944374,4.097999572753906,13.995686259120703,6.362973690032959,4899.561543179316,1.4902077913284302,0.00033628898857142856,16,2048,,5504.208501577377
adammini-stochastic-r8,adammini,stochastic,8,1.1B,sdpa,666,823,27000832,2.2065365314483643,9.084199007230533,nan,nan,nan,nan,22.21038579940796,4.097999572753906,0.01870039477944374,4.097999572753906,13.995686259120703,6.357481002807617,4899.828130246127,1.5225498676300049,0.00033600327999999994,16,2048,,5510.596999168396
adammini-stochastic-r8,adammini,stochastic,8,1.1B,sdpa,666,824,27033600,2.415987730026245,11.200828289948555,nan,nan,nan,nan,22.21038579940796,4.097999572753906,0.01870039477944374,4.097999572753906,13.995686259120703,6.3587117195129395,4900.0927436217025,1.4836819171905518,0.0003357175714285715,16,2048,,5516.98637676239
adammini-stochastic-r8,adammini,stochastic,8,1.1B,sdpa,666,825,27066368,2.499361991882324,12.174723909604415,nan,nan,nan,nan,22.21038579940796,4.097999572753906,0.01870039477944374,4.097999572753906,13.995686259120703,6.347966909408569,4900.366379197955,1.6088433265686035,0.00033543186285714285,16,2048,,5523.365273714066
adammini-stochastic-r8,adammini,stochastic,8,1.1B,sdpa,666,826,27099136,2.280042886734009,9.777099708412234,nan,nan,nan,nan,22.21038579940796,4.097999572753906,0.01870039477944374,4.097999572753906,13.995686259120703,6.36148476600647,4900.627302684137,1.4586288928985596,0.0003351461542857143,16,2048,,5529.757550477982
adammini-stochastic-r8,adammini,stochastic,8,1.1B,sdpa,666,827,27131904,2.323885440826416,10.21528819533337,nan,nan,nan,nan,22.21038579940796,4.097999572753906,0.01870039477944374,4.097999572753906,13.995686259120703,6.345435857772827,4900.901861656009,1.4761524200439453,0.0003348604457142857,16,2048,,5536.133984327316
adammini-stochastic-r8,adammini,stochastic,8,1.1B,sdpa,666,828,27164672,2.307039499282837,10.044643419034278,nan,nan,nan,nan,22.21038579940796,4.097999572753906,0.01870039477944374,4.097999572753906,13.995686259120703,6.352795600891113,4901.169150233063,1.4937937259674072,0.00033457473714285714,16,2048,,5542.517533779144
adammini-stochastic-r8,adammini,stochastic,8,1.1B,sdpa,666,829,27197440,2.552218198776245,12.835544015984897,nan,nan,nan,nan,22.21038579940796,4.097999572753906,0.01870039477944374,4.097999572753906,13.995686259120703,6.346291542053223,4901.441790313228,1.5983171463012695,0.00033428902857142857,16,2048,,5548.894835948944
adammini-stochastic-r8,adammini,stochastic,8,1.1B,sdpa,666,830,27230208,2.2263259887695312,9.2657609567313,nan,nan,nan,nan,22.21038579940796,4.097999572753906,0.01870039477944374,4.097999572753906,13.995686259120703,6.350056886672974,4901.710375406461,1.5326216220855713,0.00033400332,16,2048,,5555.276067495346
adammini-stochastic-r8,adammini,stochastic,8,1.1B,sdpa,666,831,27262976,2.396214246749878,10.981524246928476,nan,nan,nan,nan,22.21038579940796,4.097999572753906,0.01870039477944374,4.097999572753906,13.995686259120703,6.364150047302246,4901.965835826533,1.4606372117996216,0.0003337176114285715,16,2048,,5561.671027421951
adammini-stochastic-r8,adammini,stochastic,8,1.1B,sdpa,666,832,27295744,2.3875479698181152,10.886766508133809,nan,nan,nan,nan,22.21038579940796,4.097999572753906,0.01870039477944374,4.097999572753906,13.995686259120703,6.360320091247559,4902.224193289972,1.4831756353378296,0.00033343190285714286,16,2048,,5568.062202215195
adammini-stochastic-r8,adammini,stochastic,8,1.1B,sdpa,666,833,27328512,2.3169772624969482,10.144962354198329,nan,nan,nan,nan,22.21038579940796,4.097999572753906,0.01870039477944374,4.097999572753906,13.995686259120703,6.3624725341796875,4902.480137681051,1.5009387731552124,0.0003331461942857143,16,2048,,5574.455523729324
adammini-stochastic-r8,adammini,stochastic,8,1.1B,sdpa,666,834,27361280,2.231938362121582,9.317910069871942,nan,nan,nan,nan,22.21038579940796,4.097999572753906,0.01870039477944374,4.097999572753906,13.995686259120703,6.360325574874878,4902.737272219308,1.4509782791137695,0.0003328604857142857,16,2048,,5580.8468105793
adammini-stochastic-r8,adammini,stochastic,8,1.1B,sdpa,666,835,27394048,2.313725233078003,10.112024225079463,nan,nan,nan,nan,22.21038579940796,4.097999572753906,0.01870039477944374,4.097999572753906,13.995686259120703,6.348658561706543,4903.002695143238,1.8030608892440796,0.00033257477714285715,16,2048,,5587.227938175201
adammini-stochastic-r8,adammini,stochastic,8,1.1B,sdpa,666,836,27426816,2.4720003604888916,11.846119676408286,nan,nan,nan,nan,22.21038579940796,4.097999572753906,0.01870039477944374,4.097999572753906,13.995686259120703,6.34964656829834,4903.267092609233,1.6297844648361206,0.0003322890685714286,16,2048,,5593.609407901764
adammini-stochastic-r8,adammini,stochastic,8,1.1B,sdpa,666,837,27459584,2.346022605895996,10.443947310770291,nan,nan,nan,nan,22.21038579940796,4.097999572753906,0.01870039477944374,4.097999572753906,13.995686259120703,6.353954553604126,4903.527404178203,1.469308614730835,0.00033200335999999996,16,2048,,5599.995012044907
adammini-stochastic-r8,adammini,stochastic,8,1.1B,sdpa,666,838,27492352,2.2830846309661865,9.806884420831802,nan,nan,nan,nan,22.21038579940796,4.097999572753906,0.01870039477944374,4.097999572753906,13.995686259120703,6.3524088859558105,4903.788840096882,1.606690764427185,0.00033171765142857144,16,2048,,5606.378808021545
adammini-stochastic-r8,adammini,stochastic,8,1.1B,sdpa,666,839,27525120,2.434485673904419,11.409948769562272,nan,nan,nan,nan,22.21038579940796,4.097999572753906,0.01870039477944374,4.097999572753906,13.995686259120703,6.340624094009399,4904.060148555903,1.5032036304473877,0.0003314319428571428,16,2048,,5612.750413656235
adammini-stochastic-r8,adammini,stochastic,8,1.1B,sdpa,666,840,27557888,2.2432661056518555,9.424061055868277,nan,nan,nan,nan,22.21038579940796,4.097999572753906,0.01870039477944374,4.097999572753906,13.995686259120703,6.3520941734313965,4904.320928490195,1.4787136316299438,0.00033114623428571435,16,2048,,5619.133229255676
adammini-stochastic-r8,adammini,stochastic,8,1.1B,sdpa,666,841,27590656,3.690371513366699,40.05972691707961,nan,nan,nan,nan,22.21038579940796,4.097999572753906,0.01870039477944374,4.097999572753906,13.995686259120703,6.338430881500244,4904.593289667638,1.9877464771270752,0.00033086052571428573,16,2048,,5625.502351284027
adammini-stochastic-r8,adammini,stochastic,8,1.1B,sdpa,666,842,27623424,2.481165885925293,11.955194688939635,nan,nan,nan,nan,22.21038579940796,4.097999572753906,0.01870039477944374,4.097999572753906,13.995686259120703,6.35718846321106,4904.84852977009,1.6021162271499634,0.00033057481714285716,16,2048,,5631.890461444855
adammini-stochastic-r8,adammini,stochastic,8,1.1B,sdpa,666,843,27656192,2.318227767944336,10.157656620356052,nan,nan,nan,nan,22.21038579940796,4.097999572753906,0.01870039477944374,4.097999572753906,13.995686259120703,6.343818426132202,4905.114585981608,1.6120164394378662,0.0003302891085714286,16,2048,,5638.265168905258
adammini-stochastic-r8,adammini,stochastic,8,1.1B,sdpa,666,844,27688960,2.310580253601074,10.080272072526878,nan,nan,nan,nan,22.21038579940796,4.097999572753906,0.01870039477944374,4.097999572753906,13.995686259120703,6.3687920570373535,4905.358626508812,1.5652544498443604,0.00033000339999999996,16,2048,,5644.664803266525
adammini-stochastic-r8,adammini,stochastic,8,1.1B,sdpa,666,845,27721728,2.506721258163452,12.264651439209032,nan,nan,nan,nan,22.21038579940796,4.097999572753906,0.01870039477944374,4.097999572753906,13.995686259120703,6.3475542068481445,4905.619477583612,1.9387030601501465,0.00032971769142857145,16,2048,,5651.044362068176
adammini-stochastic-r8,adammini,stochastic,8,1.1B,sdpa,666,846,27754496,2.418138027191162,11.224939312906976,nan,nan,nan,nan,22.21038579940796,4.097999572753906,0.01870039477944374,4.097999572753906,13.995686259120703,6.3501811027526855,4905.87841345703,1.5041930675506592,0.0003294319828571428,16,2048,,5657.425465345383
adammini-stochastic-r8,adammini,stochastic,8,1.1B,sdpa,666,847,27787264,2.401806592941284,11.043108772719572,nan,nan,nan,nan,22.21038579940796,4.097999572753906,0.01870039477944374,4.097999572753906,13.995686259120703,6.346543788909912,4906.139907539924,1.7386302947998047,0.0003291462742857143,16,2048,,5663.802712202072
adammini-stochastic-r8,adammini,stochastic,8,1.1B,sdpa,666,848,27820032,2.282305955886841,9.799251016683765,nan,nan,nan,nan,22.21038579940796,4.097999572753906,0.01870039477944374,4.097999572753906,13.995686259120703,6.359514236450195,4906.388779277889,1.4448620080947876,0.00032886056571428574,16,2048,,5670.194119215012
adammini-stochastic-r8,adammini,stochastic,8,1.1B,sdpa,666,849,27852800,2.3451123237609863,10.43444469779989,nan,nan,nan,nan,22.21038579940796,4.097999572753906,0.01870039477944374,4.097999572753906,13.995686259120703,6.342452764511108,4906.652746249404,1.5500297546386719,0.00032857485714285717,16,2048,,5676.567339420319
adammini-stochastic-r8,adammini,stochastic,8,1.1B,sdpa,666,850,27885568,2.342716932296753,10.409480030049846,2.448395885526223,11.569772586024776,nan,nan,22.21038579940796,4.097999572753906,0.01870039477944374,4.097999572753906,13.995686259120703,6.365826845169067,4906.895977152974,1.5560171604156494,0.0003282891485714286,16,2048,,5698.801310062408
adammini-stochastic-r8,adammini,stochastic,8,1.1B,sdpa,666,851,27918336,2.3727102279663086,10.726423979331544,nan,nan,nan,nan,22.21038579940796,4.097999572753906,0.01870039477944374,4.097999572753906,13.995686259120703,6.354642868041992,4893.52553876985,1.6213901042938232,0.00032800344000000003,16,2048,,5705.187342643738
adammini-stochastic-r8,adammini,stochastic,8,1.1B,sdpa,666,852,27951104,2.4051027297973633,11.079568425544034,nan,nan,nan,nan,22.21038579940796,4.097999572753906,0.01870039477944374,4.097999572753906,13.995686259120703,6.362894773483276,4893.784795793069,1.5197809934616089,0.00032771773142857146,16,2048,,5711.581171512604
adammini-stochastic-r8,adammini,stochastic,8,1.1B,sdpa,666,853,27983872,2.390007495880127,10.913575749590942,nan,nan,nan,nan,22.21038579940796,4.097999572753906,0.01870039477944374,4.097999572753906,13.995686259120703,6.360619068145752,4894.044678035159,1.4247136116027832,0.00032743202285714283,16,2048,,5717.973437309265
adammini-stochastic-r8,adammini,stochastic,8,1.1B,sdpa,666,854,28016640,2.4139633178710938,11.178176133397324,nan,nan,nan,nan,22.21038579940796,4.097999572753906,0.01870039477944374,4.097999572753906,13.995686259120703,6.330974102020264,4894.329456081266,1.507440209388733,0.0003271463142857143,16,2048,,5724.335858345032
adammini-stochastic-r8,adammini,stochastic,8,1.1B,sdpa,666,855,28049408,2.294240951538086,9.916905742676192,nan,nan,nan,nan,22.21038579940796,4.097999572753906,0.01870039477944374,4.097999572753906,13.995686259120703,6.347819566726685,4894.5977148163265,1.545774221420288,0.0003268606057142857,16,2048,,5730.716902971268
adammini-stochastic-r8,adammini,stochastic,8,1.1B,sdpa,666,856,28082176,2.530641794204712,12.561565490102087,nan,nan,nan,nan,22.21038579940796,4.097999572753906,0.01870039477944374,4.097999572753906,13.995686259120703,6.34744930267334,4894.867403069682,1.5788358449935913,0.0003265748971428572,16,2048,,5737.095166683197
adammini-stochastic-r8,adammini,stochastic,8,1.1B,sdpa,666,857,28114944,2.338380813598633,10.364441006897398,nan,nan,nan,nan,22.21038579940796,4.097999572753906,0.01870039477944374,4.097999572753906,13.995686259120703,6.346375465393066,4895.137819016065,1.5089232921600342,0.0003262891885714286,16,2048,,5743.472648143768
adammini-stochastic-r8,adammini,stochastic,8,1.1B,sdpa,666,858,28147712,2.424832344055176,11.300334692163242,nan,nan,nan,nan,22.21038579940796,4.097999572753906,0.01870039477944374,4.097999572753906,13.995686259120703,6.343122720718384,4895.410063096587,1.4778209924697876,0.00032600348000000004,16,2048,,5749.8465485572815
adammini-stochastic-r8,adammini,stochastic,8,1.1B,sdpa,666,859,28180480,2.2730929851531982,9.709385404124445,nan,nan,nan,nan,22.21038579940796,4.097999572753906,0.01870039477944374,4.097999572753906,13.995686259120703,6.350425958633423,4895.675736923739,1.517868995666504,0.00032571777142857147,16,2048,,5756.2278871536255
adammini-stochastic-r8,adammini,stochastic,8,1.1B,sdpa,666,860,28213248,2.7613375186920166,15.820989672451516,nan,nan,nan,nan,22.21038579940796,4.097999572753906,0.01870039477944374,4.097999572753906,13.995686259120703,6.3510825634002686,4895.940220141135,1.8219032287597656,0.00032543206285714284,16,2048,,5762.60844707489
adammini-stochastic-r8,adammini,stochastic,8,1.1B,sdpa,666,861,28246016,2.3205928802490234,10.181709051153712,nan,nan,nan,nan,22.21038579940796,4.097999572753906,0.01870039477944374,4.097999572753906,13.995686259120703,6.359048128128052,4896.197583929175,1.5623444318771362,0.0003251463542857143,16,2048,,5768.999531984329
adammini-stochastic-r8,adammini,stochastic,8,1.1B,sdpa,666,862,28278784,2.4358456134796143,11.425476166212476,nan,nan,nan,nan,22.21038579940796,4.097999572753906,0.01870039477944374,4.097999572753906,13.995686259120703,6.650223970413208,4896.206169329511,1.5344207286834717,0.0003248606457142857,16,2048,,5775.681885957718
adammini-stochastic-r8,adammini,stochastic,8,1.1B,sdpa,666,863,28311552,2.3307597637176514,10.285753307287944,nan,nan,nan,nan,22.21038579940796,4.097999572753906,0.01870039477944374,4.097999572753906,13.995686259120703,6.348721981048584,4896.470652516254,1.8529345989227295,0.00032457493714285713,16,2048,,5782.062124490738
adammini-stochastic-r8,adammini,stochastic,8,1.1B,sdpa,666,864,28344320,2.401658535003662,11.041473873842612,nan,nan,nan,nan,22.21038579940796,4.097999572753906,0.01870039477944374,4.097999572753906,13.995686259120703,6.359506368637085,4896.725219208327,1.5167326927185059,0.00032428922857142856,16,2048,,5788.453565597534
adammini-stochastic-r8,adammini,stochastic,8,1.1B,sdpa,666,865,28377088,2.4345290660858154,11.41044388287095,nan,nan,nan,nan,22.21038579940796,4.097999572753906,0.01870039477944374,4.097999572753906,13.995686259120703,6.355304002761841,4896.9831981305,1.4903457164764404,0.00032400352,16,2048,,5794.839771032333
adammini-stochastic-r8,adammini,stochastic,8,1.1B,sdpa,666,866,28409856,2.342877149581909,10.411147942290766,nan,nan,nan,nan,22.21038579940796,4.097999572753906,0.01870039477944374,4.097999572753906,13.995686259120703,6.362680673599243,4897.2347014351835,1.6007767915725708,0.0003237178114285714,16,2048,,5801.233302354813
adammini-stochastic-r8,adammini,stochastic,8,1.1B,sdpa,666,867,28442624,2.4603097438812256,11.708437595281493,nan,nan,nan,nan,22.21038579940796,4.097999572753906,0.01870039477944374,4.097999572753906,13.995686259120703,6.363749742507935,4897.48469878463,1.793250560760498,0.00032343210285714285,16,2048,,5807.628324985504
adammini-stochastic-r8,adammini,stochastic,8,1.1B,sdpa,666,868,28475392,2.524341344833374,12.482670779752375,nan,nan,nan,nan,22.21038579940796,4.097999572753906,0.01870039477944374,4.097999572753906,13.995686259120703,6.3231964111328125,4897.767947829346,1.5679658651351929,0.00032314639428571433,16,2048,,5813.98241353035
adammini-stochastic-r8,adammini,stochastic,8,1.1B,sdpa,666,869,28508160,2.3006246089935303,9.980414364930054,nan,nan,nan,nan,22.21038579940796,4.097999572753906,0.01870039477944374,4.097999572753906,13.995686259120703,6.348691463470459,4898.029490809005,1.5148793458938599,0.0003228606857142857,16,2048,,5820.361933469772
adammini-stochastic-r8,adammini,stochastic,8,1.1B,sdpa,666,870,28540928,2.4007604122161865,11.031561726378236,nan,nan,nan,nan,22.21038579940796,4.097999572753906,0.01870039477944374,4.097999572753906,13.995686259120703,6.349964380264282,4898.289566353148,1.714871883392334,0.00032257497714285714,16,2048,,5826.74108672142
adammini-stochastic-r8,adammini,stochastic,8,1.1B,sdpa,666,871,28573696,2.4576265811920166,11.677064061347192,nan,nan,nan,nan,22.21038579940796,4.097999572753906,0.01870039477944374,4.097999572753906,13.995686259120703,6.343972682952881,4898.5555618749195,1.5163565874099731,0.00032228926857142857,16,2048,,5833.115663766861
adammini-stochastic-r8,adammini,stochastic,8,1.1B,sdpa,666,872,28606464,2.226069688796997,9.263386446759,nan,nan,nan,nan,22.21038579940796,4.097999572753906,0.01870039477944374,4.097999572753906,13.995686259120703,6.35980749130249,4898.805550621963,1.6878223419189453,0.00032200356000000005,16,2048,,5839.506948709488
adammini-stochastic-r8,adammini,stochastic,8,1.1B,sdpa,666,873,28639232,2.621941328048706,13.76241503058603,nan,nan,nan,nan,22.21038579940796,4.097999572753906,0.01870039477944374,4.097999572753906,13.995686259120703,6.370732069015503,4899.04597342289,2.007138729095459,0.0003217178514285715,16,2048,,5845.909170627594
adammini-stochastic-r8,adammini,stochastic,8,1.1B,sdpa,666,874,28672000,2.320352554321289,10.179262416486722,nan,nan,nan,nan,22.21038579940796,4.097999572753906,0.01870039477944374,4.097999572753906,13.995686259120703,6.355512380599976,4899.298331694027,1.441673994064331,0.00032143214285714286,16,2048,,5852.296303987503
adammini-stochastic-r8,adammini,stochastic,8,1.1B,sdpa,666,875,28704768,1.9696221351623535,7.167967453696231,nan,nan,nan,nan,22.21038579940796,4.097999572753906,0.01870039477944374,4.097999572753906,13.995686259120703,6.344015598297119,4899.559780132466,1.3911210298538208,0.00032114643428571434,16,2048,,5858.672008275986
adammini-stochastic-r8,adammini,stochastic,8,1.1B,sdpa,666,876,28737536,2.4977164268493652,12.154706084486529,nan,nan,nan,nan,22.21038579940796,4.097999572753906,0.01870039477944374,4.097999572753906,13.995686259120703,6.34936261177063,4899.816747411787,1.4931424856185913,0.0003208607257142857,16,2048,,5865.052425146103
adammini-stochastic-r8,adammini,stochastic,8,1.1B,sdpa,666,877,28770304,2.2142233848571777,9.154296984613362,nan,nan,nan,nan,22.21038579940796,4.097999572753906,0.01870039477944374,4.097999572753906,13.995686259120703,6.3623692989349365,4900.062309451357,1.5355373620986938,0.00032057501714285715,16,2048,,5871.44559264183
adammini-stochastic-r8,adammini,stochastic,8,1.1B,sdpa,666,878,28803072,2.2185354232788086,9.19385589340591,nan,nan,nan,nan,22.21038579940796,4.097999572753906,0.01870039477944374,4.097999572753906,13.995686259120703,6.327594995498657,4900.336474168136,1.5066784620285034,0.0003202893085714286,16,2048,,5877.803969860077
adammini-stochastic-r8,adammini,stochastic,8,1.1B,sdpa,666,879,28835840,2.3125734329223633,10.100383898954785,nan,nan,nan,nan,22.21038579940796,4.097999572753906,0.01870039477944374,4.097999572753906,13.995686259120703,6.3486268520355225,4900.592362812529,1.4649746417999268,0.0003200036,16,2048,,5884.183755636215
adammini-stochastic-r8,adammini,stochastic,8,1.1B,sdpa,666,880,28868608,2.2859137058258057,9.834668113540298,nan,nan,nan,nan,22.21038579940796,4.097999572753906,0.01870039477944374,4.097999572753906,13.995686259120703,6.356506824493408,4900.841128663653,1.5389004945755005,0.00031971789142857144,16,2048,,5890.569268703461
adammini-stochastic-r8,adammini,stochastic,8,1.1B,sdpa,666,881,28901376,2.3994128704071045,11.016706247170102,nan,nan,nan,nan,22.21038579940796,4.097999572753906,0.01870039477944374,4.097999572753906,13.995686259120703,6.343510150909424,4901.101806743339,1.4885286092758179,0.0003194321828571428,16,2048,,5896.943776845932
adammini-stochastic-r8,adammini,stochastic,8,1.1B,sdpa,666,882,28934144,2.479897975921631,11.940046183497985,nan,nan,nan,nan,22.21038579940796,4.097999572753906,0.01870039477944374,4.097999572753906,13.995686259120703,6.361691474914551,4901.345290430484,1.5733635425567627,0.0003191464742857143,16,2048,,5903.336233377457
adammini-stochastic-r8,adammini,stochastic,8,1.1B,sdpa,666,883,28966912,2.440178394317627,11.475087650642186,nan,nan,nan,nan,22.21038579940796,4.097999572753906,0.01870039477944374,4.097999572753906,13.995686259120703,6.355348110198975,4901.5934032434225,1.7690000534057617,0.00031886076571428567,16,2048,,5909.722732543945
adammini-stochastic-r8,adammini,stochastic,8,1.1B,sdpa,666,884,28999680,2.234666109085083,9.343361667749356,nan,nan,nan,nan,22.21038579940796,4.097999572753906,0.01870039477944374,4.097999572753906,13.995686259120703,6.36033296585083,4901.8369577863305,1.5322872400283813,0.0003185750571428571,16,2048,,5916.113894701004
adammini-stochastic-r8,adammini,stochastic,8,1.1B,sdpa,666,885,29032448,2.3137736320495605,10.112513648496021,nan,nan,nan,nan,22.21038579940796,4.097999572753906,0.01870039477944374,4.097999572753906,13.995686259120703,6.3585615158081055,4902.0812220226,1.5111374855041504,0.0003182893485714286,16,2048,,5922.50364279747
adammini-stochastic-r8,adammini,stochastic,8,1.1B,sdpa,666,886,29065216,2.356865644454956,10.55780761444201,nan,nan,nan,nan,22.21038579940796,4.097999572753906,0.01870039477944374,4.097999572753906,13.995686259120703,6.37066650390625,4902.315110359112,1.5256545543670654,0.00031800364,16,2048,,5928.90521979332
adammini-stochastic-r8,adammini,stochastic,8,1.1B,sdpa,666,887,29097984,2.4154551029205322,11.194864013703492,nan,nan,nan,nan,22.21038579940796,4.097999572753906,0.01870039477944374,4.097999572753906,13.995686259120703,6.353268146514893,4902.562964139311,1.482677698135376,0.00031771793142857145,16,2048,,5935.289735794067
adammini-stochastic-r8,adammini,stochastic,8,1.1B,sdpa,666,888,29130752,2.324007272720337,10.216532819057047,nan,nan,nan,nan,22.21038579940796,4.097999572753906,0.01870039477944374,4.097999572753906,13.995686259120703,6.342731714248657,4902.818578420109,1.6696161031723022,0.0003174322228571429,16,2048,,5941.6633858680725
adammini-stochastic-r8,adammini,stochastic,8,1.1B,sdpa,666,889,29163520,2.336197853088379,10.341840518430276,nan,nan,nan,nan,22.21038579940796,4.097999572753906,0.01870039477944374,4.097999572753906,13.995686259120703,6.364765644073486,4903.0556316250095,1.5519520044326782,0.00031714651428571436,16,2048,,5948.059240579605
adammini-stochastic-r8,adammini,stochastic,8,1.1B,sdpa,666,890,29196288,2.458190441131592,11.683650146623565,nan,nan,nan,nan,22.21038579940796,4.097999572753906,0.01870039477944374,4.097999572753906,13.995686259120703,6.347382307052612,4903.3066765924195,1.4613816738128662,0.00031686080571428573,16,2048,,5954.435954093933
adammini-stochastic-r8,adammini,stochastic,8,1.1B,sdpa,666,891,29229056,2.578066825866699,13.17165043757468,nan,nan,nan,nan,22.21038579940796,4.097999572753906,0.01870039477944374,4.097999572753906,13.995686259120703,6.343667030334473,4903.5615452937745,1.7257192134857178,0.00031657509714285716,16,2048,,5960.810423135757
adammini-stochastic-r8,adammini,stochastic,8,1.1B,sdpa,666,892,29261824,2.0971853733062744,8.143217509122595,nan,nan,nan,nan,22.21038579940796,4.097999572753906,0.01870039477944374,4.097999572753906,13.995686259120703,6.33933162689209,4903.818226660596,1.471572995185852,0.0003162893885714286,16,2048,,5967.180660486221
adammini-stochastic-r8,adammini,stochastic,8,1.1B,sdpa,666,893,29294592,2.4669697284698486,11.78667585282715,nan,nan,nan,nan,22.21038579940796,4.097999572753906,0.01870039477944374,4.097999572753906,13.995686259120703,6.369017839431763,4904.050070084873,1.5050601959228516,0.00031600368,16,2048,,5973.580401659012
adammini-stochastic-r8,adammini,stochastic,8,1.1B,sdpa,666,894,29327360,2.237725019454956,9.37198593085232,nan,nan,nan,nan,22.21038579940796,4.097999572753906,0.01870039477944374,4.097999572753906,13.995686259120703,6.373537063598633,4904.277562166832,1.4899660348892212,0.00031571797142857145,16,2048,,5979.98509311676
adammini-stochastic-r8,adammini,stochastic,8,1.1B,sdpa,666,895,29360128,2.3489181995391846,10.47423256394598,nan,nan,nan,nan,22.21038579940796,4.097999572753906,0.01870039477944374,4.097999572753906,13.995686259120703,6.349746465682983,4904.523932543236,1.6955329179763794,0.00031543226285714283,16,2048,,5986.3654618263245
adammini-stochastic-r8,adammini,stochastic,8,1.1B,sdpa,666,896,29392896,2.279435873031616,9.771166675817785,nan,nan,nan,nan,22.21038579940796,4.097999572753906,0.01870039477944374,4.097999572753906,13.995686259120703,6.362670660018921,4904.759520830381,1.48493230342865,0.0003151465542857143,16,2048,,5992.7591252326965
adammini-stochastic-r8,adammini,stochastic,8,1.1B,sdpa,666,897,29425664,2.363111972808838,10.623961541983856,nan,nan,nan,nan,22.21038579940796,4.097999572753906,0.01870039477944374,4.097999572753906,13.995686259120703,6.337891340255737,4905.014593796677,1.418154001235962,0.0003148608457142857,16,2048,,5999.127779006958
adammini-stochastic-r8,adammini,stochastic,8,1.1B,sdpa,666,898,29458432,2.432370901107788,11.385844816468865,nan,nan,nan,nan,22.21038579940796,4.097999572753906,0.01870039477944374,4.097999572753906,13.995686259120703,6.356766939163208,4905.253919291888,1.6949228048324585,0.00031457513714285717,16,2048,,6005.515212774277
adammini-stochastic-r8,adammini,stochastic,8,1.1B,sdpa,666,899,29491200,2.322309732437134,10.199204554916395,nan,nan,nan,nan,22.21038579940796,4.097999572753906,0.01870039477944374,4.097999572753906,13.995686259120703,6.3269264698028564,4905.517035788513,1.502785325050354,0.00031428942857142855,16,2048,,6011.873101949692
adammini-stochastic-r8,adammini,stochastic,8,1.1B,sdpa,666,900,29523968,2.3972113132476807,10.992479017259592,2.4479222727946457,11.564294291823922,nan,nan,22.21038579940796,4.097999572753906,0.01870039477944374,4.097999572753906,13.995686259120703,6.347864389419556,4905.762327580559,1.641231894493103,0.00031400372,16,2048,,6032.5099329948425
adammini-stochastic-r8,adammini,stochastic,8,1.1B,sdpa,666,901,29556736,2.5245392322540283,12.485141187699124,nan,nan,nan,nan,22.21038579940796,4.097999572753906,0.01870039477944374,4.097999572753906,13.995686259120703,6.362033843994141,4894.411694085578,1.5828560590744019,0.0003137180114285714,16,2048,,6038.903376579285
adammini-stochastic-r8,adammini,stochastic,8,1.1B,sdpa,666,902,29589504,2.643092632293701,14.056608376649175,nan,nan,nan,nan,22.21038579940796,4.097999572753906,0.01870039477944374,4.097999572753906,13.995686259120703,6.3537585735321045,4894.6632828410275,3.0407395362854004,0.0003134323028571428,16,2048,,6045.288085222244
adammini-stochastic-r8,adammini,stochastic,8,1.1B,sdpa,666,903,29622272,2.209759473800659,9.113524088085978,nan,nan,nan,nan,22.21038579940796,4.097999572753906,0.01870039477944374,4.097999572753906,13.995686259120703,6.368201017379761,4894.902231187047,1.474969506263733,0.0003131465942857143,16,2048,,6051.687232017517
adammini-stochastic-r8,adammini,stochastic,8,1.1B,sdpa,666,904,29655040,2.377100944519043,10.77362421224252,nan,nan,nan,nan,22.21038579940796,4.097999572753906,0.01870039477944374,4.097999572753906,13.995686259120703,7.2384703159332275,4894.4376169784355,1.5972968339920044,0.00031286088571428575,16,2048,,6058.930237531662
adammini-stochastic-r8,adammini,stochastic,8,1.1B,sdpa,666,905,29687808,2.5004220008850098,12.187636068847299,nan,nan,nan,nan,22.21038579940796,4.097999572753906,0.01870039477944374,4.097999572753906,13.995686259120703,6.390278339385986,4894.679644280116,1.6120312213897705,0.00031257517714285724,16,2048,,6065.3518669605255
adammini-stochastic-r8,adammini,stochastic,8,1.1B,sdpa,666,906,29720576,2.5645320415496826,12.994576024980153,nan,nan,nan,nan,22.21038579940796,4.097999572753906,0.01870039477944374,4.097999572753906,13.995686259120703,6.3518853187561035,4894.930767812918,1.8809006214141846,0.0003122894685714286,16,2048,,6071.734867811203
adammini-stochastic-r8,adammini,stochastic,8,1.1B,sdpa,666,907,29753344,2.268768310546875,9.667486137274725,nan,nan,nan,nan,22.21038579940796,4.097999572753906,0.01870039477944374,4.097999572753906,13.995686259120703,6.33076024055481,4895.198278048212,1.7353134155273438,0.00031200376000000004,16,2048,,6078.096893072128
adammini-stochastic-r8,adammini,stochastic,8,1.1B,sdpa,666,908,29786112,2.492091655731201,12.08653056035724,nan,nan,nan,nan,22.21038579940796,4.097999572753906,0.01870039477944374,4.097999572753906,13.995686259120703,6.360564470291138,4895.441619416721,1.5643049478530884,0.00031171805142857147,16,2048,,6084.48840546608
adammini-stochastic-r8,adammini,stochastic,8,1.1B,sdpa,666,909,29818880,2.550898790359497,12.818619858569724,nan,nan,nan,nan,22.21038579940796,4.097999572753906,0.01870039477944374,4.097999572753906,13.995686259120703,6.371856927871704,4895.675392647643,1.4506562948226929,0.00031143234285714285,16,2048,,6090.89111495018
adammini-stochastic-r8,adammini,stochastic,8,1.1B,sdpa,666,910,29851648,2.211580276489258,9.130133133556802,nan,nan,nan,nan,22.21038579940796,4.097999572753906,0.01870039477944374,4.097999572753906,13.995686259120703,6.332095384597778,4895.9405114332585,1.4181264638900757,0.00031114663428571433,16,2048,,6097.2540855407715
adammini-stochastic-r8,adammini,stochastic,8,1.1B,sdpa,666,911,29884416,2.4966416358947754,12.141649334226665,nan,nan,nan,nan,22.21038579940796,4.097999572753906,0.01870039477944374,4.097999572753906,13.995686259120703,6.353127479553223,4896.188342426505,1.5204111337661743,0.0003108609257142857,16,2048,,6103.637817144394
adammini-stochastic-r8,adammini,stochastic,8,1.1B,sdpa,666,912,29917184,2.325040102005005,10.227090204390217,nan,nan,nan,nan,22.21038579940796,4.097999572753906,0.01870039477944374,4.097999572753906,13.995686259120703,6.376551628112793,4896.416765465467,1.6747125387191772,0.0003105752171428572,16,2048,,6110.045549154282
adammini-stochastic-r8,adammini,stochastic,8,1.1B,sdpa,666,913,29949952,2.391312837600708,10.927830997298244,nan,nan,nan,nan,22.21038579940796,4.097999572753906,0.01870039477944374,4.097999572753906,13.995686259120703,6.359864950180054,4896.658143301444,1.5028316974639893,0.00031028950857142856,16,2048,,6116.436406373978
adammini-stochastic-r8,adammini,stochastic,8,1.1B,sdpa,666,914,29982720,2.1447131633758545,8.539591418387966,nan,nan,nan,nan,22.21038579940796,4.097999572753906,0.01870039477944374,4.097999572753906,13.995686259120703,6.359500885009766,4896.899188299532,1.5427162647247314,0.0003100038,16,2048,,6122.826601266861
adammini-stochastic-r8,adammini,stochastic,8,1.1B,sdpa,666,915,30015488,2.3002865314483643,9.977040781240397,nan,nan,nan,nan,22.21038579940796,4.097999572753906,0.01870039477944374,4.097999572753906,13.995686259120703,6.662028789520264,4896.898214220035,1.6306732892990112,0.0003097180914285714,16,2048,,6129.519411802292
adammini-stochastic-r8,adammini,stochastic,8,1.1B,sdpa,666,916,30048256,2.308387517929077,10.058192916093518,nan,nan,nan,nan,22.21038579940796,4.097999572753906,0.01870039477944374,4.097999572753906,13.995686259120703,6.339819669723511,4897.154389809307,1.468805193901062,0.00030943238285714285,16,2048,,6135.890130519867
adammini-stochastic-r8,adammini,stochastic,8,1.1B,sdpa,666,917,30081024,2.345954418182373,10.44323518616132,nan,nan,nan,nan,22.21038579940796,4.097999572753906,0.01870039477944374,4.097999572753906,13.995686259120703,6.34974479675293,4897.402078738094,1.62051260471344,0.0003091466742857143,16,2048,,6142.270550251007
adammini-stochastic-r8,adammini,stochastic,8,1.1B,sdpa,666,918,30113792,2.5361106395721436,12.630450939589013,nan,nan,nan,nan,22.21038579940796,4.097999572753906,0.01870039477944374,4.097999572753906,13.995686259120703,6.378907203674316,4897.626159019561,1.7654870748519897,0.00030886096571428566,16,2048,,6148.680358886719
adammini-stochastic-r8,adammini,stochastic,8,1.1B,sdpa,666,919,30146560,2.4830775260925293,11.978070577581528,nan,nan,nan,nan,22.21038579940796,4.097999572753906,0.01870039477944374,4.097999572753906,13.995686259120703,6.323343276977539,4897.8934046280465,1.5414563417434692,0.00030857525714285714,16,2048,,6155.035161972046
adammini-stochastic-r8,adammini,stochastic,8,1.1B,sdpa,666,920,30179328,2.4459023475646973,11.540958857867457,nan,nan,nan,nan,22.21038579940796,4.097999572753906,0.01870039477944374,4.097999572753906,13.995686259120703,6.343183755874634,4898.144540217818,1.452285647392273,0.0003082895485714286,16,2048,,6161.407300233841
adammini-stochastic-r8,adammini,stochastic,8,1.1B,sdpa,666,921,30212096,2.411850690841675,11.154585743979501,nan,nan,nan,nan,22.21038579940796,4.097999572753906,0.01870039477944374,4.097999572753906,13.995686259120703,6.3595805168151855,4898.384076696617,1.6220345497131348,0.00030800384,16,2048,,6167.797469615936
adammini-stochastic-r8,adammini,stochastic,8,1.1B,sdpa,666,922,30244864,2.3715012073516846,10.713463348033292,nan,nan,nan,nan,22.21038579940796,4.097999572753906,0.01870039477944374,4.097999572753906,13.995686259120703,6.386137008666992,4898.600430881199,1.5199116468429565,0.0003077181314285715,16,2048,,6174.214262247086
adammini-stochastic-r8,adammini,stochastic,8,1.1B,sdpa,666,923,30277632,2.337463855743408,10.35494160724128,nan,nan,nan,nan,22.21038579940796,4.097999572753906,0.01870039477944374,4.097999572753906,13.995686259120703,6.3857972621917725,4898.816548412583,1.4473124742507935,0.0003074324228571429,16,2048,,6180.630912303925
adammini-stochastic-r8,adammini,stochastic,8,1.1B,sdpa,666,924,30310400,2.303086757659912,10.005017905206296,nan,nan,nan,nan,22.21038579940796,4.097999572753906,0.01870039477944374,4.097999572753906,13.995686259120703,6.361618995666504,4899.05137401662,1.4728200435638428,0.00030714671428571435,16,2048,,6187.023223638535
adammini-stochastic-r8,adammini,stochastic,8,1.1B,sdpa,666,925,30343168,2.3075387477874756,10.049659444258218,nan,nan,nan,nan,22.21038579940796,4.097999572753906,0.01870039477944374,4.097999572753906,13.995686259120703,6.347663164138794,4899.296802397915,1.5098453760147095,0.0003068610057142857,16,2048,,6193.401732444763
adammini-stochastic-r8,adammini,stochastic,8,1.1B,sdpa,666,926,30375936,2.511230945587158,12.320086086076348,nan,nan,nan,nan,22.21038579940796,4.097999572753906,0.01870039477944374,4.097999572753906,13.995686259120703,6.342926979064941,4899.545222058865,1.5860809087753296,0.0003065752971428572,16,2048,,6199.7757432460785
adammini-stochastic-r8,adammini,stochastic,8,1.1B,sdpa,666,927,30408704,2.6883792877197266,14.707819449828744,nan,nan,nan,nan,22.21038579940796,4.097999572753906,0.01870039477944374,4.097999572753906,13.995686259120703,6.356311559677124,4899.782663972269,1.6721316576004028,0.0003062895885714286,16,2048,,6206.162949085236
adammini-stochastic-r8,adammini,stochastic,8,1.1B,sdpa,666,928,30441472,2.119741201400757,8.32898167994782,nan,nan,nan,nan,22.21038579940796,4.097999572753906,0.01870039477944374,4.097999572753906,13.995686259120703,6.337707281112671,4900.034331367073,1.5406688451766968,0.00030600388,16,2048,,6212.531215429306
adammini-stochastic-r8,adammini,stochastic,8,1.1B,sdpa,666,929,30474240,2.1231398582458496,8.357337188574549,nan,nan,nan,nan,22.21038579940796,4.097999572753906,0.01870039477944374,4.097999572753906,13.995686259120703,6.371405601501465,4900.259079906914,1.4517489671707153,0.00030571817142857144,16,2048,,6218.93319606781
adammini-stochastic-r8,adammini,stochastic,8,1.1B,sdpa,666,930,30507008,2.1939239501953125,8.97034332546793,nan,nan,nan,nan,22.21038579940796,4.097999572753906,0.01870039477944374,4.097999572753906,13.995686259120703,6.345683813095093,4900.503591996329,1.7780556678771973,0.00030543246285714287,16,2048,,6225.308156967163
adammini-stochastic-r8,adammini,stochastic,8,1.1B,sdpa,666,931,30539776,2.3953282833099365,10.97179932652895,nan,nan,nan,nan,22.21038579940796,4.097999572753906,0.01870039477944374,4.097999572753906,13.995686259120703,6.3717968463897705,4900.728407634769,1.5252677202224731,0.0003051467542857143,16,2048,,6231.710684537888
adammini-stochastic-r8,adammini,stochastic,8,1.1B,sdpa,666,932,30572544,2.588090181350708,13.30433845088191,nan,nan,nan,nan,22.21038579940796,4.097999572753906,0.01870039477944374,4.097999572753906,13.995686259120703,6.336101770401001,4900.979127397377,1.7453346252441406,0.0003048610457142857,16,2048,,6238.0778341293335
adammini-stochastic-r8,adammini,stochastic,8,1.1B,sdpa,666,933,30605312,2.369338035583496,10.690313334334514,nan,nan,nan,nan,22.21038579940796,4.097999572753906,0.01870039477944374,4.097999572753906,13.995686259120703,6.361958742141724,4901.209302843052,1.4962128400802612,0.00030457533714285716,16,2048,,6244.470470905304
adammini-stochastic-r8,adammini,stochastic,8,1.1B,sdpa,666,934,30638080,2.3806416988372803,10.81183858261928,nan,nan,nan,nan,22.21038579940796,4.097999572753906,0.01870039477944374,4.097999572753906,13.995686259120703,6.360458135604858,4901.440232758403,1.5009064674377441,0.00030428962857142854,16,2048,,6250.861716270447
adammini-stochastic-r8,adammini,stochastic,8,1.1B,sdpa,666,935,30670848,2.392220973968506,10.93775946556725,nan,nan,nan,nan,22.21038579940796,4.097999572753906,0.01870039477944374,4.097999572753906,13.995686259120703,6.35824728012085,4901.672362687843,1.5774792432785034,0.00030400391999999997,16,2048,,6257.250797748566
adammini-stochastic-r8,adammini,stochastic,8,1.1B,sdpa,666,936,30703616,2.5340068340301514,12.603906858487244,nan,nan,nan,nan,22.21038579940796,4.097999572753906,0.01870039477944374,4.097999572753906,13.995686259120703,6.430619955062866,4901.847329891467,1.5914231538772583,0.00030371821142857145,16,2048,,6263.712371826172
adammini-stochastic-r8,adammini,stochastic,8,1.1B,sdpa,666,937,30736384,2.7612390518188477,15.819431905763498,nan,nan,nan,nan,22.21038579940796,4.097999572753906,0.01870039477944374,4.097999572753906,13.995686259120703,6.249090194702148,4902.163747150171,2.3116354942321777,0.0003034325028571429,16,2048,,6269.992568492889
adammini-stochastic-r8,adammini,stochastic,8,1.1B,sdpa,666,938,30769152,2.6189942359924316,13.721915633612412,nan,nan,nan,nan,22.21038579940796,4.097999572753906,0.01870039477944374,4.097999572753906,13.995686259120703,6.3256354331970215,4902.419587122499,1.7659610509872437,0.0003031467942857143,16,2048,,6276.349217891693
adammini-stochastic-r8,adammini,stochastic,8,1.1B,sdpa,666,939,30801920,2.442436695098877,11.501031133116102,nan,nan,nan,nan,22.21038579940796,4.097999572753906,0.01870039477944374,4.097999572753906,13.995686259120703,6.3468780517578125,4902.658487212857,1.5388739109039307,0.0003028610857142857,16,2048,,6282.727075338364
adammini-stochastic-r8,adammini,stochastic,8,1.1B,sdpa,666,940,30834688,2.374605655670166,10.74677442080791,nan,nan,nan,nan,22.21038579940796,4.097999572753906,0.01870039477944374,4.097999572753906,13.995686259120703,6.359455108642578,4902.887232588697,1.5468378067016602,0.0003025753771428572,16,2048,,6289.116064548492
adammini-stochastic-r8,adammini,stochastic,8,1.1B,sdpa,666,941,30867456,2.1086463928222656,8.237083959041689,nan,nan,nan,nan,22.21038579940796,4.097999572753906,0.01870039477944374,4.097999572753906,13.995686259120703,6.330633163452148,4903.138916122158,1.5259912014007568,0.0003022896685714286,16,2048,,6295.477640628815
adammini-stochastic-r8,adammini,stochastic,8,1.1B,sdpa,666,942,30900224,2.2356605529785156,9.352657738148114,nan,nan,nan,nan,22.21038579940796,4.097999572753906,0.01870039477944374,4.097999572753906,13.995686259120703,6.355228900909424,4903.3699102550145,1.4799877405166626,0.00030200396000000003,16,2048,,6301.8637681007385
adammini-stochastic-r8,adammini,stochastic,8,1.1B,sdpa,666,943,30932992,2.409736394882202,11.131026562728557,nan,nan,nan,nan,22.21038579940796,4.097999572753906,0.01870039477944374,4.097999572753906,13.995686259120703,6.364024877548218,4903.593709921797,1.573960781097412,0.00030171825142857146,16,2048,,6308.25860118866
adammini-stochastic-r8,adammini,stochastic,8,1.1B,sdpa,666,944,30965760,2.2207417488098145,9.214162926116616,nan,nan,nan,nan,22.21038579940796,4.097999572753906,0.01870039477944374,4.097999572753906,13.995686259120703,6.374802112579346,4903.808553428312,1.4958086013793945,0.0003014325428571429,16,2048,,6314.664380073547
adammini-stochastic-r8,adammini,stochastic,8,1.1B,sdpa,666,945,30998528,2.376626491546631,10.768513846621314,nan,nan,nan,nan,22.21038579940796,4.097999572753906,0.01870039477944374,4.097999572753906,13.995686259120703,6.352488994598389,4904.040291311471,1.6090649366378784,0.0003011468342857143,16,2048,,6321.047834634781
adammini-stochastic-r8,adammini,stochastic,8,1.1B,sdpa,666,946,31031296,2.3733150959014893,10.732914011864212,nan,nan,nan,nan,22.21038579940796,4.097999572753906,0.01870039477944374,4.097999572753906,13.995686259120703,6.364070892333984,4904.262675413616,1.4481760263442993,0.0003008611257142857,16,2048,,6327.439981937408
adammini-stochastic-r8,adammini,stochastic,8,1.1B,sdpa,666,947,31064064,2.3802857398986816,10.807990696918397,nan,nan,nan,nan,22.21038579940796,4.097999572753906,0.01870039477944374,4.097999572753906,13.995686259120703,6.364688158035278,4904.486126706091,1.6832653284072876,0.0003005754171428572,16,2048,,6333.83584356308
adammini-stochastic-r8,adammini,stochastic,8,1.1B,sdpa,666,948,31096832,2.180291175842285,8.848882464443111,nan,nan,nan,nan,22.21038579940796,4.097999572753906,0.01870039477944374,4.097999572753906,13.995686259120703,6.350395917892456,4904.718140880575,1.4975553750991821,0.00030028970857142855,16,2048,,6340.217032670975
adammini-stochastic-r8,adammini,stochastic,8,1.1B,sdpa,666,949,31129600,2.123621702194214,8.361365091255637,nan,nan,nan,nan,22.21038579940796,4.097999572753906,0.01870039477944374,4.097999572753906,13.995686259120703,6.336155652999878,4904.960771316205,1.4822651147842407,0.000300004,16,2048,,6346.584022283554
adammini-stochastic-r8,adammini,stochastic,8,1.1B,sdpa,666,950,31162368,2.3318800926208496,10.29728319143453,2.4485008101167516,11.570986603364894,nan,nan,22.21038579940796,4.097999572753906,0.01870039477944374,4.097999572753906,13.995686259120703,6.3809638023376465,4905.168258302335,1.4079301357269287,0.0002997182914285714,16,2048,,6366.1010456085205
adammini-stochastic-r8,adammini,stochastic,8,1.1B,sdpa,666,951,31195136,2.3230152130126953,10.20640243429958,nan,nan,nan,nan,22.21038579940796,4.097999572753906,0.01870039477944374,4.097999572753906,13.995686259120703,6.328403472900391,4895.327516195657,1.6060154438018799,0.00029943258285714284,16,2048,,6372.4604024887085
adammini-stochastic-r8,adammini,stochastic,8,1.1B,sdpa,666,952,31227904,2.408872127532959,11.1214105359144,nan,nan,nan,nan,22.21038579940796,4.097999572753906,0.01870039477944374,4.097999572753906,13.995686259120703,6.3606743812561035,4895.559278466712,1.5328569412231445,0.00029914687428571427,16,2048,,6378.852299690247
adammini-stochastic-r8,adammini,stochastic,8,1.1B,sdpa,666,953,31260672,2.241612434387207,9.40848963545764,nan,nan,nan,nan,22.21038579940796,4.097999572753906,0.01870039477944374,4.097999572753906,13.995686259120703,6.385010480880737,4895.772092691383,1.460646152496338,0.0002988611657142857,16,2048,,6385.268226146698
adammini-stochastic-r8,adammini,stochastic,8,1.1B,sdpa,666,954,31293440,2.486619710922241,12.020574351140121,nan,nan,nan,nan,22.21038579940796,4.097999572753906,0.01870039477944374,4.097999572753906,13.995686259120703,6.330946445465088,4896.025768332345,1.6935750246047974,0.0002985754571428572,16,2048,,6391.6301102638245
adammini-stochastic-r8,adammini,stochastic,8,1.1B,sdpa,666,955,31326208,2.454705238342285,11.643001132717325,nan,nan,nan,nan,22.21038579940796,4.097999572753906,0.01870039477944374,4.097999572753906,13.995686259120703,6.355783700942993,4896.259924436771,1.5722782611846924,0.00029828974857142856,16,2048,,6398.016810417175
adammini-stochastic-r8,adammini,stochastic,8,1.1B,sdpa,666,956,31358976,2.204179286956787,9.062810547978154,nan,nan,nan,nan,22.21038579940796,4.097999572753906,0.01870039477944374,4.097999572753906,13.995686259120703,6.345300674438477,4896.5016916271725,1.4799230098724365,0.00029800404,16,2048,,6404.392901420593
adammini-stochastic-r8,adammini,stochastic,8,1.1B,sdpa,666,957,31391744,2.3346691131591797,10.326042612409909,nan,nan,nan,nan,22.21038579940796,4.097999572753906,0.01870039477944374,4.097999572753906,13.995686259120703,6.3503735065460205,4896.739038436766,1.4221173524856567,0.0002977183314285714,16,2048,,6410.774343252182
adammini-stochastic-r8,adammini,stochastic,8,1.1B,sdpa,666,958,31424512,2.167804479598999,8.739076142833152,nan,nan,nan,nan,22.21038579940796,4.097999572753906,0.01870039477944374,4.097999572753906,13.995686259120703,6.351629257202148,4896.974889240651,1.4293558597564697,0.00029743262285714285,16,2048,,6417.156919717789
adammini-stochastic-r8,adammini,stochastic,8,1.1B,sdpa,666,959,31457280,2.320594072341919,10.181721188703971,nan,nan,nan,nan,22.21038579940796,4.097999572753906,0.01870039477944374,4.097999572753906,13.995686259120703,6.363617658615112,4897.200661668594,1.5257819890975952,0.00029714691428571433,16,2048,,6423.551998376846
adammini-stochastic-r8,adammini,stochastic,8,1.1B,sdpa,666,960,31490048,2.3107752799987793,10.082238183392597,nan,nan,nan,nan,22.21038579940796,4.097999572753906,0.01870039477944374,4.097999572753906,13.995686259120703,6.340935707092285,4897.442203233697,1.6690179109573364,0.0002968612057142857,16,2048,,6429.927030801773
adammini-stochastic-r8,adammini,stochastic,8,1.1B,sdpa,666,961,31522816,2.5246410369873047,12.486412298869125,nan,nan,nan,nan,22.21038579940796,4.097999572753906,0.01870039477944374,4.097999572753906,13.995686259120703,6.373235702514648,4897.659004759876,1.5291073322296143,0.0002965754971428572,16,2048,,6436.332632303238
adammini-stochastic-r8,adammini,stochastic,8,1.1B,sdpa,666,962,31555584,2.2760419845581055,9.738060636743779,nan,nan,nan,nan,22.21038579940796,4.097999572753906,0.01870039477944374,4.097999572753906,13.995686259120703,6.356110334396362,4897.889010676118,1.5575265884399414,0.00029628978857142857,16,2048,,6442.720407247543
adammini-stochastic-r8,adammini,stochastic,8,1.1B,sdpa,666,963,31588352,2.2694482803344727,9.674061971200924,nan,nan,nan,nan,22.21038579940796,4.097999572753906,0.01870039477944374,4.097999572753906,13.995686259120703,6.362498998641968,4898.114453674037,1.4647705554962158,0.00029600408000000005,16,2048,,6449.113695144653
adammini-stochastic-r8,adammini,stochastic,8,1.1B,sdpa,666,964,31621120,2.600466012954712,13.470013773519,nan,nan,nan,nan,22.21038579940796,4.097999572753906,0.01870039477944374,4.097999572753906,13.995686259120703,6.348511457443237,4898.3501037065325,1.5742237567901611,0.00029571837142857143,16,2048,,6455.4930720329285
adammini-stochastic-r8,adammini,stochastic,8,1.1B,sdpa,666,965,31653888,2.4247119426727295,11.298974198148525,nan,nan,nan,nan,22.21038579940796,4.097999572753906,0.01870039477944374,4.097999572753906,13.995686259120703,6.3610193729400635,4898.5758581815535,1.4551652669906616,0.00029543266285714286,16,2048,,6461.885168790817
adammini-stochastic-r8,adammini,stochastic,8,1.1B,sdpa,666,966,31686656,2.353520154953003,10.522545597147177,nan,nan,nan,nan,22.21038579940796,4.097999572753906,0.01870039477944374,4.097999572753906,13.995686259120703,6.331043243408203,4898.823614209674,1.4754201173782349,0.0002951469542857143,16,2048,,6468.247010231018
adammini-stochastic-r8,adammini,stochastic,8,1.1B,sdpa,666,967,31719424,2.457526445388794,11.67589482770018,nan,nan,nan,nan,22.21038579940796,4.097999572753906,0.01870039477944374,4.097999572753906,13.995686259120703,6.358413457870483,4899.0503579558435,1.433008074760437,0.00029486124571428566,16,2048,,6474.636316776276
adammini-stochastic-r8,adammini,stochastic,8,1.1B,sdpa,666,968,31752192,2.3707430362701416,10.705343788336263,nan,nan,nan,nan,22.21038579940796,4.097999572753906,0.01870039477944374,4.097999572753906,13.995686259120703,6.350943326950073,4899.282311379885,1.511078119277954,0.00029457553714285715,16,2048,,6481.018240451813
adammini-stochastic-r8,adammini,stochastic,8,1.1B,sdpa,666,969,31784960,2.23281192779541,9.326053432624024,nan,nan,nan,nan,22.21038579940796,4.097999572753906,0.01870039477944374,4.097999572753906,13.995686259120703,6.3403849601745605,4899.52168603435,1.4771006107330322,0.0002942898285714286,16,2048,,6487.389333486557
adammini-stochastic-r8,adammini,stochastic,8,1.1B,sdpa,666,970,31817728,2.3379082679748535,10.359544492660973,nan,nan,nan,nan,22.21038579940796,4.097999572753906,0.01870039477944374,4.097999572753906,13.995686259120703,6.352825164794922,4899.751404607397,1.555882215499878,0.00029400412000000006,16,2048,,6493.771464347839
adammini-stochastic-r8,adammini,stochastic,8,1.1B,sdpa,666,971,31850496,2.3669776916503906,10.665110273759373,nan,nan,nan,nan,22.21038579940796,4.097999572753906,0.01870039477944374,4.097999572753906,13.995686259120703,6.374257564544678,4899.965730629257,1.471100091934204,0.00029371841142857144,16,2048,,6500.176513195038
adammini-stochastic-r8,adammini,stochastic,8,1.1B,sdpa,666,972,31883264,2.41548752784729,11.195227012234268,nan,nan,nan,nan,22.21038579940796,4.097999572753906,0.01870039477944374,4.097999572753906,13.995686259120703,6.323186635971069,4900.216656770927,1.5251344442367554,0.00029343270285714287,16,2048,,6506.530733585358
adammini-stochastic-r8,adammini,stochastic,8,1.1B,sdpa,666,973,31916032,1.9944062232971191,7.3478387568474455,nan,nan,nan,nan,22.21038579940796,4.097999572753906,0.01870039477944374,4.097999572753906,13.995686259120703,6.34006929397583,4900.45441272558,1.6574785709381104,0.0002931469942857143,16,2048,,6512.901648283005
adammini-stochastic-r8,adammini,stochastic,8,1.1B,sdpa,666,974,31948800,1.9750598669052124,7.207051104750872,nan,nan,nan,nan,22.21038579940796,4.097999572753906,0.01870039477944374,4.097999572753906,13.995686259120703,6.386981248855591,4900.65647329524,1.604946255683899,0.00029286128571428567,16,2048,,6519.319443702698
adammini-stochastic-r8,adammini,stochastic,8,1.1B,sdpa,666,975,31981568,2.2778921127319336,9.756093973934897,nan,nan,nan,nan,22.21038579940796,4.097999572753906,0.01870039477944374,4.097999572753906,13.995686259120703,6.350444316864014,4900.885691409703,1.485083818435669,0.00029257557714285716,16,2048,,6525.70069360733
adammini-stochastic-r8,adammini,stochastic,8,1.1B,sdpa,666,976,32014336,2.3639776706695557,10.63316266488467,nan,nan,nan,nan,22.21038579940796,4.097999572753906,0.01870039477944374,4.097999572753906,13.995686259120703,6.348722219467163,4901.115735547036,1.5187081098556519,0.00029228986857142853,16,2048,,6532.080255746841
adammini-stochastic-r8,adammini,stochastic,8,1.1B,sdpa,666,977,32047104,2.4012868404388428,11.037370580649242,nan,nan,nan,nan,22.21038579940796,4.097999572753906,0.01870039477944374,4.097999572753906,13.995686259120703,6.348839044570923,4901.345221934817,1.6064554452896118,0.00029200416000000007,16,2048,,6538.45995926857
adammini-stochastic-r8,adammini,stochastic,8,1.1B,sdpa,666,978,32079872,2.2778878211975098,9.756052105411607,nan,nan,nan,nan,22.21038579940796,4.097999572753906,0.01870039477944374,4.097999572753906,13.995686259120703,6.346045255661011,4901.576312916681,1.5148530006408691,0.00029171845142857145,16,2048,,6544.836834192276
adammini-stochastic-r8,adammini,stochastic,8,1.1B,sdpa,666,979,32112640,2.3669235706329346,10.664533082759299,nan,nan,nan,nan,22.21038579940796,4.097999572753906,0.01870039477944374,4.097999572753906,13.995686259120703,6.343932390213013,4901.808497105089,1.425269603729248,0.0002914327428571429,16,2048,,6551.211843490601
adammini-stochastic-r8,adammini,stochastic,8,1.1B,sdpa,666,980,32145408,2.4533560276031494,11.627302863071677,nan,nan,nan,nan,22.21038579940796,4.097999572753906,0.01870039477944374,4.097999572753906,13.995686259120703,6.3528892993927,4902.033436014382,1.5168235301971436,0.0002911470342857143,16,2048,,6557.5935916900635
adammini-stochastic-r8,adammini,stochastic,8,1.1B,sdpa,666,981,32178176,2.448754072189331,11.573917466536427,nan,nan,nan,nan,22.21038579940796,4.097999572753906,0.01870039477944374,4.097999572753906,13.995686259120703,6.34850811958313,4902.263024259441,1.8177732229232788,0.00029086132571428574,16,2048,,6563.972656965256
adammini-stochastic-r8,adammini,stochastic,8,1.1B,sdpa,666,982,32210944,2.531404733657837,12.571152860834141,nan,nan,nan,nan,22.21038579940796,4.097999572753906,0.01870039477944374,4.097999572753906,13.995686259120703,6.344639539718628,4902.4935467813475,1.6657829284667969,0.00029057561714285716,16,2048,,6570.348296880722
adammini-stochastic-r8,adammini,stochastic,8,1.1B,sdpa,666,983,32243712,1.9957712888717651,7.357875887694759,nan,nan,nan,nan,22.21038579940796,4.097999572753906,0.01870039477944374,4.097999572753906,13.995686259120703,6.347704648971558,4902.721061590124,1.7515294551849365,0.00029028990857142854,16,2048,,6576.726993083954
adammini-stochastic-r8,adammini,stochastic,8,1.1B,sdpa,666,984,32276480,2.445725202560425,11.538914615730258,nan,nan,nan,nan,22.21038579940796,4.097999572753906,0.01870039477944374,4.097999572753906,13.995686259120703,6.356382369995117,4902.941652970102,1.9752984046936035,0.0002900042,16,2048,,6583.114329099655
adammini-stochastic-r8,adammini,stochastic,8,1.1B,sdpa,666,985,32309248,2.380598306655884,10.811369443536831,nan,nan,nan,nan,22.21038579940796,4.097999572753906,0.01870039477944374,4.097999572753906,13.995686259120703,6.375859498977661,4903.14745704838,1.5409692525863647,0.00028971849142857145,16,2048,,6589.521119594574
adammini-stochastic-r8,adammini,stochastic,8,1.1B,sdpa,666,986,32342016,2.525597095489502,12.498355747917662,nan,nan,nan,nan,22.21038579940796,4.097999572753906,0.01870039477944374,4.097999572753906,13.995686259120703,6.348981857299805,4903.372817452607,1.500200629234314,0.0002894327828571429,16,2048,,6595.900941133499
adammini-stochastic-r8,adammini,stochastic,8,1.1B,sdpa,666,987,32374784,2.2797152996063232,9.773897380950924,nan,nan,nan,nan,22.21038579940796,4.097999572753906,0.01870039477944374,4.097999572753906,13.995686259120703,6.3370020389556885,4903.6065721143095,1.8575557470321655,0.0002891470742857143,16,2048,,6602.269008636475
adammini-stochastic-r8,adammini,stochastic,8,1.1B,sdpa,666,988,32407552,2.2873623371124268,9.848925245633657,nan,nan,nan,nan,22.21038579940796,4.097999572753906,0.01870039477944374,4.097999572753906,13.995686259120703,6.349915266036987,4903.830389377239,1.4369772672653198,0.00028886136571428574,16,2048,,6608.649809122086
adammini-stochastic-r8,adammini,stochastic,8,1.1B,sdpa,666,989,32440320,2.4763853549957275,11.898178902409708,nan,nan,nan,nan,22.21038579940796,4.097999572753906,0.01870039477944374,4.097999572753906,13.995686259120703,6.352008104324341,4904.052118331408,1.5484638214111328,0.0002885756571428572,16,2048,,6615.032652378082
adammini-stochastic-r8,adammini,stochastic,8,1.1B,sdpa,666,990,32473088,2.3416008949279785,10.397869141644623,nan,nan,nan,nan,22.21038579940796,4.097999572753906,0.01870039477944374,4.097999572753906,13.995686259120703,6.346062183380127,4904.277971223947,1.4997130632400513,0.00028828994857142855,16,2048,,6621.410017251968
adammini-stochastic-r8,adammini,stochastic,8,1.1B,sdpa,666,991,32505856,2.185299873352051,8.893315021736397,nan,nan,nan,nan,22.21038579940796,4.097999572753906,0.01870039477944374,4.097999572753906,13.995686259120703,6.34456992149353,4904.504356689847,1.6112852096557617,0.00028800424000000003,16,2048,,6627.785120010376
adammini-stochastic-r8,adammini,stochastic,8,1.1B,sdpa,666,992,32538624,2.323488235473633,10.211231433918972,nan,nan,nan,nan,22.21038579940796,4.097999572753906,0.01870039477944374,4.097999572753906,13.995686259120703,6.353191137313843,4904.724134342588,1.5850982666015625,0.0002877185314285714,16,2048,,6634.169068098068
adammini-stochastic-r8,adammini,stochastic,8,1.1B,sdpa,666,993,32571392,2.4152114391326904,11.192136563037513,nan,nan,nan,nan,22.21038579940796,4.097999572753906,0.01870039477944374,4.097999572753906,13.995686259120703,6.339547395706177,4904.953537295233,1.814839243888855,0.00028743282285714284,16,2048,,6640.539475440979
adammini-stochastic-r8,adammini,stochastic,8,1.1B,sdpa,666,994,32604160,2.3100759983062744,10.075190323318434,nan,nan,nan,nan,22.21038579940796,4.097999572753906,0.01870039477944374,4.097999572753906,13.995686259120703,6.3601179122924805,4905.167227832473,1.5290501117706299,0.00028714711428571427,16,2048,,6646.930692911148
adammini-stochastic-r8,adammini,stochastic,8,1.1B,sdpa,666,995,32636928,2.322580575942993,10.20196731735627,nan,nan,nan,nan,22.21038579940796,4.097999572753906,0.01870039477944374,4.097999572753906,13.995686259120703,6.364878416061401,4905.376791967933,1.5829282999038696,0.0002868614057142857,16,2048,,6653.32649564743
adammini-stochastic-r8,adammini,stochastic,8,1.1B,sdpa,666,996,32669696,2.390749216079712,10.921673571962076,nan,nan,nan,nan,22.21038579940796,4.097999572753906,0.01870039477944374,4.097999572753906,13.995686259120703,6.362447023391724,4905.588029936912,1.5600225925445557,0.0002865756971428572,16,2048,,6659.719623804092
adammini-stochastic-r8,adammini,stochastic,8,1.1B,sdpa,666,997,32702464,2.3893184661865234,10.90605856191625,nan,nan,nan,nan,22.21038579940796,4.097999572753906,0.01870039477944374,4.097999572753906,13.995686259120703,6.367223262786865,4905.795342463,1.54910147190094,0.00028628998857142856,16,2048,,6666.117779493332
adammini-stochastic-r8,adammini,stochastic,8,1.1B,sdpa,666,998,32735232,2.3753600120544434,10.754884377216747,nan,nan,nan,nan,22.21038579940796,4.097999572753906,0.01870039477944374,4.097999572753906,13.995686259120703,6.349225997924805,4906.015426463392,1.534519076347351,0.00028600428000000004,16,2048,,6672.497754812241
adammini-stochastic-r8,adammini,stochastic,8,1.1B,sdpa,666,999,32768000,2.2173333168029785,9.182810539874204,nan,nan,nan,nan,22.21038579940796,4.097999572753906,0.01870039477944374,4.097999572753906,13.995686259120703,6.348011016845703,4906.236098969587,1.4660425186157227,0.0002857185714285714,16,2048,,6678.87641119957
adammini-stochastic-r8,adammini,stochastic,8,1.1B,sdpa,666,1000,32800768,2.5639405250549316,12.986891791818469,2.4488512100976823,11.575041787276755,nan,nan,22.21038579940796,4.097999572753906,0.01870039477944374,4.097999572753906,13.995686259120703,6.34636378288269,4906.457627904554,1.5602221488952637,0.00028543286285714285,16,2048,,6698.217056512833
adammini-stochastic-r8,adammini,stochastic,8,1.1B,sdpa,666,1001,32833536,2.2950351238250732,9.92478460256167,nan,nan,nan,nan,22.21038579940796,4.097999572753906,0.01870039477944374,4.097999572753906,13.995686259120703,6.355108022689819,4897.184978939753,1.5286420583724976,0.00028514715428571433,16,2048,,6704.602871417999
adammini-stochastic-r8,adammini,stochastic,8,1.1B,sdpa,666,1002,32866304,2.4132654666900635,11.170378151212873,nan,nan,nan,nan,22.21038579940796,4.097999572753906,0.01870039477944374,4.097999572753906,13.995686259120703,6.373539686203003,4897.394279006686,1.4606399536132812,0.00028486144571428576,16,2048,,6711.007533073425
adammini-stochastic-r8,adammini,stochastic,8,1.1B,sdpa,666,1003,32899072,2.3056137561798096,10.030332542198389,nan,nan,nan,nan,22.21038579940796,4.097999572753906,0.01870039477944374,4.097999572753906,13.995686259120703,6.366976022720337,4897.607833400841,1.418908715248108,0.0002845757371428572,16,2048,,6717.405630350113
adammini-stochastic-r8,adammini,stochastic,8,1.1B,sdpa,666,1004,32931840,2.513780355453491,12.351535106285917,nan,nan,nan,nan,22.21038579940796,4.097999572753906,0.01870039477944374,4.097999572753906,13.995686259120703,6.356641054153442,4897.828421676061,1.4994757175445557,0.00028429002857142857,16,2048,,6723.793473005295
adammini-stochastic-r8,adammini,stochastic,8,1.1B,sdpa,666,1005,32964608,2.342780113220215,10.410137731387774,nan,nan,nan,nan,22.21038579940796,4.097999572753906,0.01870039477944374,4.097999572753906,13.995686259120703,6.3546974658966064,4898.049993224177,1.5168102979660034,0.00028400432000000005,16,2048,,6730.179095029831
adammini-stochastic-r8,adammini,stochastic,8,1.1B,sdpa,666,1006,32997376,2.5193631649017334,12.420684216729324,nan,nan,nan,nan,22.21038579940796,4.097999572753906,0.01870039477944374,4.097999572753906,13.995686259120703,6.391411542892456,4898.244475298384,1.6897860765457153,0.0002837186114285714,16,2048,,6736.601536273956
adammini-stochastic-r8,adammini,stochastic,8,1.1B,sdpa,666,1007,33030144,2.46789813041687,11.797623706855967,nan,nan,nan,nan,22.21038579940796,4.097999572753906,0.01870039477944374,4.097999572753906,13.995686259120703,6.297322750091553,4898.507143935827,1.7877038717269897,0.00028343290285714285,16,2048,,6742.929621934891
adammini-stochastic-r8,adammini,stochastic,8,1.1B,sdpa,666,1008,33062912,2.362804889678955,10.620699603490564,nan,nan,nan,nan,22.21038579940796,4.097999572753906,0.01870039477944374,4.097999572753906,13.995686259120703,6.3531904220581055,4898.656430493291,1.4204853773117065,0.0002831471942857143,16,2048,,6749.4134731292725
adammini-stochastic-r8,adammini,stochastic,8,1.1B,sdpa,666,1009,33095680,2.317162275314331,10.146839475906155,nan,nan,nan,nan,22.21038579940796,4.097999572753906,0.01870039477944374,4.097999572753906,13.995686259120703,6.354565382003784,4898.876590362763,1.3947886228561401,0.0002828614857142857,16,2048,,6755.7989728450775
adammini-stochastic-r8,adammini,stochastic,8,1.1B,sdpa,666,1010,33128448,2.238100051879883,9.375501388626471,nan,nan,nan,nan,22.21038579940796,4.097999572753906,0.01870039477944374,4.097999572753906,13.995686259120703,6.3547141551971436,4899.0962938429175,1.6226187944412231,0.00028257577714285714,16,2048,,6762.182932138443
adammini-stochastic-r8,adammini,stochastic,8,1.1B,sdpa,666,1011,33161216,2.3833580017089844,10.84124673345008,nan,nan,nan,nan,22.21038579940796,4.097999572753906,0.01870039477944374,4.097999572753906,13.995686259120703,6.343148708343506,4899.325297617173,1.3985800743103027,0.0002822900685714285,16,2048,,6768.556757688522
adammini-stochastic-r8,adammini,stochastic,8,1.1B,sdpa,666,1012,33193984,2.3140714168548584,10.11552544981599,nan,nan,nan,nan,22.21038579940796,4.097999572753906,0.01870039477944374,4.097999572753906,13.995686259120703,6.355970859527588,4899.543316481043,1.5315512418746948,0.00028200436,16,2048,,6774.943454027176
adammini-stochastic-r8,adammini,stochastic,8,1.1B,sdpa,666,1013,33226752,2.285034418106079,9.826024411347975,nan,nan,nan,nan,22.21038579940796,4.097999572753906,0.01870039477944374,4.097999572753906,13.995686259120703,6.353424310684204,4899.762801523728,1.609683632850647,0.0002817186514285714,16,2048,,6781.327780723572
adammini-stochastic-r8,adammini,stochastic,8,1.1B,sdpa,666,1014,33259520,2.4964377880096436,12.139174536937537,nan,nan,nan,nan,22.21038579940796,4.097999572753906,0.01870039477944374,4.097999572753906,13.995686259120703,6.359291076660156,4899.977514078631,1.4901612997055054,0.00028143294285714286,16,2048,,6787.717936038971
adammini-stochastic-r8,adammini,stochastic,8,1.1B,sdpa,666,1015,33292288,2.3107073307037354,10.081553125690428,nan,nan,nan,nan,22.21038579940796,4.097999572753906,0.01870039477944374,4.097999572753906,13.995686259120703,6.355270624160767,4900.19477422461,1.4699801206588745,0.0002811472342857143,16,2048,,6794.104231834412
adammini-stochastic-r8,adammini,stochastic,8,1.1B,sdpa,666,1016,33325056,2.2819600105285645,9.795861597590664,nan,nan,nan,nan,22.21038579940796,4.097999572753906,0.01870039477944374,4.097999572753906,13.995686259120703,6.3642613887786865,4900.405054641893,1.5412131547927856,0.0002808615257142857,16,2048,,6800.499243736267
adammini-stochastic-r8,adammini,stochastic,8,1.1B,sdpa,666,1017,33357824,2.3835132122039795,10.842929539313129,nan,nan,nan,nan,22.21038579940796,4.097999572753906,0.01870039477944374,4.097999572753906,13.995686259120703,6.357071161270142,4900.620313263792,1.5732401609420776,0.0002805758171428572,16,2048,,6806.8873109817505
adammini-stochastic-r8,adammini,stochastic,8,1.1B,sdpa,666,1018,33390592,2.389200210571289,10.904768935505514,nan,nan,nan,nan,22.21038579940796,4.097999572753906,0.01870039477944374,4.097999572753906,13.995686259120703,6.351904630661011,4900.838605909079,1.4768837690353394,0.0002802901085714286,16,2048,,6813.27019572258
adammini-stochastic-r8,adammini,stochastic,8,1.1B,sdpa,666,1019,33423360,2.2831227779388428,9.807258530919183,nan,nan,nan,nan,22.21038579940796,4.097999572753906,0.01870039477944374,4.097999572753906,13.995686259120703,6.343984127044678,4901.062043363598,2.113440752029419,0.00028000440000000007,16,2048,,6819.645324468613
adammini-stochastic-r8,adammini,stochastic,8,1.1B,sdpa,666,1020,33456128,2.194000005722046,8.971025595599407,nan,nan,nan,nan,22.21038579940796,4.097999572753906,0.01870039477944374,4.097999572753906,13.995686259120703,6.349700212478638,4901.2813316303345,1.6680666208267212,0.00027971869142857144,16,2048,,6826.02422618866
adammini-stochastic-r8,adammini,stochastic,8,1.1B,sdpa,666,1021,33488896,2.2595138549804688,9.578431527929924,nan,nan,nan,nan,22.21038579940796,4.097999572753906,0.01870039477944374,4.097999572753906,13.995686259120703,6.357215166091919,4901.495888325817,1.4607551097869873,0.00027943298285714287,16,2048,,6832.412448644638
adammini-stochastic-r8,adammini,stochastic,8,1.1B,sdpa,666,1022,33521664,2.29058575630188,9.880723682578559,nan,nan,nan,nan,22.21038579940796,4.097999572753906,0.01870039477944374,4.097999572753906,13.995686259120703,6.346326589584351,4901.71670138039,1.5870810747146606,0.0002791472742857143,16,2048,,6838.789610862732
adammini-stochastic-r8,adammini,stochastic,8,1.1B,sdpa,666,1023,33554432,2.6272175312042236,13.835220226803179,nan,nan,nan,nan,22.21038579940796,4.097999572753906,0.01870039477944374,4.097999572753906,13.995686259120703,6.339703798294067,4901.939848608185,1.83585786819458,0.00027886156571428573,16,2048,,6845.163368940353
adammini-stochastic-r8,adammini,stochastic,8,1.1B,sdpa,666,1024,33587200,2.269052267074585,9.670231672857877,nan,nan,nan,nan,22.21038579940796,4.097999572753906,0.01870039477944374,4.097999572753906,13.995686259120703,6.369868040084839,4902.142770348352,1.4661738872528076,0.00027857585714285716,16,2048,,6851.564096212387
adammini-stochastic-r8,adammini,stochastic,8,1.1B,sdpa,666,1025,33619968,2.465075731277466,11.764373049245151,nan,nan,nan,nan,22.21038579940796,4.097999572753906,0.01870039477944374,4.097999572753906,13.995686259120703,6.377066373825073,4902.340369571695,1.456116795539856,0.00027829014857142854,16,2048,,6857.972113609314
adammini-stochastic-r8,adammini,stochastic,8,1.1B,sdpa,666,1026,33652736,2.210437536239624,9.119705721986746,nan,nan,nan,nan,22.21038579940796,4.097999572753906,0.01870039477944374,4.097999572753906,13.995686259120703,6.3727569580078125,4902.540778814828,1.801002860069275,0.00027800444,16,2048,,6864.37570309639
adammini-stochastic-r8,adammini,stochastic,8,1.1B,sdpa,666,1027,33685504,2.367063283920288,10.66602316382402,nan,nan,nan,nan,22.21038579940796,4.097999572753906,0.01870039477944374,4.097999572753906,13.995686259120703,6.35462498664856,4902.753640622749,1.617691159248352,0.0002777187314285714,16,2048,,6870.7613260746
adammini-stochastic-r8,adammini,stochastic,8,1.1B,sdpa,666,1028,33718272,2.506164073944092,12.257819672424217,nan,nan,nan,nan,22.21038579940796,4.097999572753906,0.01870039477944374,4.097999572753906,13.995686259120703,6.34567928314209,4902.972435763315,1.6067230701446533,0.0002774330228571429,16,2048,,6877.138061285019
adammini-stochastic-r8,adammini,stochastic,8,1.1B,sdpa,666,1029,33751040,2.323861837387085,10.215047082243762,nan,nan,nan,nan,22.21038579940796,4.097999572753906,0.01870039477944374,4.097999572753906,13.995686259120703,6.344155311584473,4903.19193196412,1.5815519094467163,0.00027714731428571426,16,2048,,6883.512995958328
adammini-stochastic-r8,adammini,stochastic,8,1.1B,sdpa,666,1030,33783808,2.2691428661346436,9.671107826446733,nan,nan,nan,nan,22.21038579940796,4.097999572753906,0.01870039477944374,4.097999572753906,13.995686259120703,6.357348203659058,4903.401666056168,1.6839479207992554,0.0002768616057142857,16,2048,,6889.900038957596
adammini-stochastic-r8,adammini,stochastic,8,1.1B,sdpa,666,1031,33816576,2.3390586376190186,10.371468655455175,nan,nan,nan,nan,22.21038579940796,4.097999572753906,0.01870039477944374,4.097999572753906,13.995686259120703,6.3474321365356445,4903.619077583635,1.4467412233352661,0.0002765758971428571,16,2048,,6896.27805185318
adammini-stochastic-r8,adammini,stochastic,8,1.1B,sdpa,666,1032,33849344,2.3016347885131836,9.990501469154419,nan,nan,nan,nan,22.21038579940796,4.097999572753906,0.01870039477944374,4.097999572753906,13.995686259120703,6.39369010925293,4903.802371899556,1.488352656364441,0.00027629018857142855,16,2048,,6902.702498674393
adammini-stochastic-r8,adammini,stochastic,8,1.1B,sdpa,666,1033,33882112,2.436875581741333,11.437250106390197,nan,nan,nan,nan,22.21038579940796,4.097999572753906,0.01870039477944374,4.097999572753906,13.995686259120703,6.347721338272095,4904.01784967712,1.5998684167861938,0.0002760044800000001,16,2048,,6909.081067085266
adammini-stochastic-r8,adammini,stochastic,8,1.1B,sdpa,666,1034,33914880,2.1849842071533203,8.890508145830605,nan,nan,nan,nan,22.21038579940796,4.097999572753906,0.01870039477944374,4.097999572753906,13.995686259120703,6.3458170890808105,4904.2343874242715,1.5750019550323486,0.00027571877142857146,16,2048,,6915.457975387573
adammini-stochastic-r8,adammini,stochastic,8,1.1B,sdpa,666,1035,33947648,2.4540576934814453,11.63546420768098,nan,nan,nan,nan,22.21038579940796,4.097999572753906,0.01870039477944374,4.097999572753906,13.995686259120703,6.3577561378479,4904.441801582487,1.6636866331100464,0.00027543306285714294,16,2048,,6921.84654378891
adammini-stochastic-r8,adammini,stochastic,8,1.1B,sdpa,666,1036,33980416,2.3490965366363525,10.476100674748274,nan,nan,nan,nan,22.21038579940796,4.097999572753906,0.01870039477944374,4.097999572753906,13.995686259120703,6.3659515380859375,4904.643185247682,1.6157020330429077,0.0002751473542857143,16,2048,,6928.243288993835
adammini-stochastic-r8,adammini,stochastic,8,1.1B,sdpa,666,1037,34013184,2.1447722911834717,8.540096360634397,nan,nan,nan,nan,22.21038579940796,4.097999572753906,0.01870039477944374,4.097999572753906,13.995686259120703,6.346176862716675,4904.8582228186415,1.6658962965011597,0.00027486164571428575,16,2048,,6934.620533943176
adammini-stochastic-r8,adammini,stochastic,8,1.1B,sdpa,666,1038,34045952,2.4789085388183594,11.928238101429844,nan,nan,nan,nan,22.21038579940796,4.097999572753906,0.01870039477944374,4.097999572753906,13.995686259120703,6.3415141105651855,4905.076014615091,1.5362614393234253,0.0002745759371428572,16,2048,,6940.992687702179
adammini-stochastic-r8,adammini,stochastic,8,1.1B,sdpa,666,1039,34078720,2.3425121307373047,10.407348370597688,nan,nan,nan,nan,22.21038579940796,4.097999572753906,0.01870039477944374,4.097999572753906,13.995686259120703,6.354536771774292,4905.284390267944,1.4222315549850464,0.0002742902285714286,16,2048,,6947.377935409546
adammini-stochastic-r8,adammini,stochastic,8,1.1B,sdpa,666,1040,34111488,2.473536729812622,11.864333679419364,nan,nan,nan,nan,22.21038579940796,4.097999572753906,0.01870039477944374,4.097999572753906,13.995686259120703,6.357177495956421,4905.490544061468,1.7538832426071167,0.00027400452000000004,16,2048,,6953.76357293129
adammini-stochastic-r8,adammini,stochastic,8,1.1B,sdpa,666,1041,34144256,2.2757372856140137,9.73509391195217,nan,nan,nan,nan,22.21038579940796,4.097999572753906,0.01870039477944374,4.097999572753906,13.995686259120703,6.348601341247559,4905.704093690542,1.5720478296279907,0.0002737188114285714,16,2048,,6960.142640829086
adammini-stochastic-r8,adammini,stochastic,8,1.1B,sdpa,666,1042,34177024,2.3310387134552,10.288622915693152,nan,nan,nan,nan,22.21038579940796,4.097999572753906,0.01870039477944374,4.097999572753906,13.995686259120703,6.346051454544067,4905.917383833023,1.6314541101455688,0.0002734331028571429,16,2048,,6966.519762516022
adammini-stochastic-r8,adammini,stochastic,8,1.1B,sdpa,666,1043,34209792,2.464939594268799,11.762771591700677,nan,nan,nan,nan,22.21038579940796,4.097999572753906,0.01870039477944374,4.097999572753906,13.995686259120703,6.328777313232422,4906.142081058815,1.5272274017333984,0.00027314739428571427,16,2048,,6972.879503250122
adammini-stochastic-r8,adammini,stochastic,8,1.1B,sdpa,666,1044,34242560,2.222397565841675,9.229432532372309,nan,nan,nan,nan,22.21038579940796,4.097999572753906,0.01870039477944374,4.097999572753906,13.995686259120703,6.363739967346191,4906.341976277305,1.4745891094207764,0.0002728616857142857,16,2048,,6979.274455785751
adammini-stochastic-r8,adammini,stochastic,8,1.1B,sdpa,666,1045,34275328,2.1569743156433105,8.644941184012227,nan,nan,nan,nan,22.21038579940796,4.097999572753906,0.01870039477944374,4.097999572753906,13.995686259120703,6.352959871292114,4906.54884645694,1.5859743356704712,0.00027257597714285713,16,2048,,6985.658716917038
adammini-stochastic-r8,adammini,stochastic,8,1.1B,sdpa,666,1046,34308096,2.230785369873047,9.307172782982613,nan,nan,nan,nan,22.21038579940796,4.097999572753906,0.01870039477944374,4.097999572753906,13.995686259120703,6.355332851409912,4906.683644022205,1.6290600299835205,0.00027229026857142856,16,2048,,6992.144782543182
adammini-stochastic-r8,adammini,stochastic,8,1.1B,sdpa,666,1047,34340864,2.3127598762512207,10.102267223712857,nan,nan,nan,nan,22.21038579940796,4.097999572753906,0.01870039477944374,4.097999572753906,13.995686259120703,6.368749618530273,4906.8788927911655,1.5041849613189697,0.00027200456,16,2048,,6998.544217586517
adammini-stochastic-r8,adammini,stochastic,8,1.1B,sdpa,666,1048,34373632,2.326810598373413,10.245213269132496,nan,nan,nan,nan,22.21038579940796,4.097999572753906,0.01870039477944374,4.097999572753906,13.995686259120703,6.335934638977051,4907.096992042803,1.5934925079345703,0.00027171885142857137,16,2048,,7004.911011695862
adammini-stochastic-r8,adammini,stochastic,8,1.1B,sdpa,666,1049,34406400,2.322700023651123,10.203185991753227,nan,nan,nan,nan,22.21038579940796,4.097999572753906,0.01870039477944374,4.097999572753906,13.995686259120703,6.354786157608032,4907.301286744545,1.421439528465271,0.0002714331428571429,16,2048,,7011.296990871429
adammini-stochastic-r8,adammini,stochastic,8,1.1B,sdpa,666,1050,34439168,2.1743004322052,8.796029550323219,2.448145672036584,11.566878034994653,nan,nan,22.21038579940796,4.097999572753906,0.01870039477944374,4.097999572753906,13.995686259120703,6.363850355148315,4907.4988147959275,1.5309962034225464,0.0002711474342857143,16,2048,,7037.116786956787
adammini-stochastic-r8,adammini,stochastic,8,1.1B,sdpa,666,1051,34471936,2.324699878692627,10.223611301720343,nan,nan,nan,nan,22.21038579940796,4.097999572753906,0.01870039477944374,4.097999572753906,13.995686259120703,6.3378520011901855,4894.178949520305,1.466044306755066,0.00027086172571428576,16,2048,,7043.48610496521
adammini-stochastic-r8,adammini,stochastic,8,1.1B,sdpa,666,1052,34504704,2.0657589435577393,7.891284665217155,nan,nan,nan,nan,22.21038579940796,4.097999572753906,0.01870039477944374,4.097999572753906,13.995686259120703,6.35707426071167,4894.39229782271,1.4237430095672607,0.0002705760171428572,16,2048,,7049.873984098434
adammini-stochastic-r8,adammini,stochastic,8,1.1B,sdpa,666,1053,34537472,2.3731935024261475,10.731609038888672,nan,nan,nan,nan,22.21038579940796,4.097999572753906,0.01870039477944374,4.097999572753906,13.995686259120703,6.3816893100738525,4894.588116697534,1.5662457942962646,0.0002702903085714286,16,2048,,7056.286834001541
adammini-stochastic-r8,adammini,stochastic,8,1.1B,sdpa,666,1054,34570240,2.215000867843628,9.161417062282775,nan,nan,nan,nan,22.21038579940796,4.097999572753906,0.01870039477944374,4.097999572753906,13.995686259120703,6.338149547576904,4894.813806290388,5.241727352142334,0.00027000460000000005,16,2048,,7062.655848026276
adammini-stochastic-r8,adammini,stochastic,8,1.1B,sdpa,666,1055,34603008,2.2312088012695312,9.311114566630016,nan,nan,nan,nan,22.21038579940796,4.097999572753906,0.01870039477944374,4.097999572753906,13.995686259120703,6.360067129135132,4895.023877722187,1.6636760234832764,0.00026971889142857143,16,2048,,7069.04687333107
adammini-stochastic-r8,adammini,stochastic,8,1.1B,sdpa,666,1056,34635776,2.5087320804595947,12.289338285890029,nan,nan,nan,nan,22.21038579940796,4.097999572753906,0.01870039477944374,4.097999572753906,13.995686259120703,6.3410656452178955,4895.246808702034,1.5517553091049194,0.0002694331828571429,16,2048,,7075.41876244545
adammini-stochastic-r8,adammini,stochastic,8,1.1B,sdpa,666,1057,34668544,2.2643141746520996,9.624521596242925,nan,nan,nan,nan,22.21038579940796,4.097999572753906,0.01870039477944374,4.097999572753906,13.995686259120703,6.351604461669922,4895.46203117961,1.521859884262085,0.0002691474742857143,16,2048,,7081.801280498505
adammini-stochastic-r8,adammini,stochastic,8,1.1B,sdpa,666,1058,34701312,2.3323841094970703,10.302474504086932,nan,nan,nan,nan,22.21038579940796,4.097999572753906,0.01870039477944374,4.097999572753906,13.995686259120703,6.348912715911865,4895.6786496284,1.6426326036453247,0.0002688617657142857,16,2048,,7088.181116342545
adammini-stochastic-r8,adammini,stochastic,8,1.1B,sdpa,666,1059,34734080,2.4547736644744873,11.64379784550974,nan,nan,nan,nan,22.21038579940796,4.097999572753906,0.01870039477944374,4.097999572753906,13.995686259120703,6.349624872207642,4895.894431613081,1.6911873817443848,0.00026857605714285715,16,2048,,7094.561697721481
adammini-stochastic-r8,adammini,stochastic,8,1.1B,sdpa,666,1060,34766848,2.5749595165252686,13.130785567904029,nan,nan,nan,nan,22.21038579940796,4.097999572753906,0.01870039477944374,4.097999572753906,13.995686259120703,6.359742641448975,4896.102933746614,2.6498119831085205,0.0002682903485714286,16,2048,,7100.950248003006
adammini-stochastic-r8,adammini,stochastic,8,1.1B,sdpa,666,1061,34799616,2.7287490367889404,15.313718134610907,nan,nan,nan,nan,22.21038579940796,4.097999572753906,0.01870039477944374,4.097999572753906,13.995686259120703,6.327634811401367,4896.334535066498,1.64907705783844,0.00026800464,16,2048,,7107.308593511581
adammini-stochastic-r8,adammini,stochastic,8,1.1B,sdpa,666,1062,34832384,2.293623685836792,9.910786265764179,nan,nan,nan,nan,22.21038579940796,4.097999572753906,0.01870039477944374,4.097999572753906,13.995686259120703,6.346683740615845,4896.5511239557245,1.4885791540145874,0.0002677189314285714,16,2048,,7113.68638253212
adammini-stochastic-r8,adammini,stochastic,8,1.1B,sdpa,666,1063,34865152,2.4495766162872314,11.5834414404454,nan,nan,nan,nan,22.21038579940796,4.097999572753906,0.01870039477944374,4.097999572753906,13.995686259120703,6.361249208450317,4896.757402136755,1.3526177406311035,0.00026743322285714287,16,2048,,7120.078371524811
adammini-stochastic-r8,adammini,stochastic,8,1.1B,sdpa,666,1064,34897920,2.2827813625335693,9.803910753297174,nan,nan,nan,nan,22.21038579940796,4.097999572753906,0.01870039477944374,4.097999572753906,13.995686259120703,6.370035171508789,4896.957386503402,1.5863994359970093,0.00026714751428571424,16,2048,,7126.479268312454
adammini-stochastic-r8,adammini,stochastic,8,1.1B,sdpa,666,1065,34930688,2.2004330158233643,9.028922319314805,nan,nan,nan,nan,22.21038579940796,4.097999572753906,0.01870039477944374,4.097999572753906,13.995686259120703,6.342883586883545,4897.1755282613685,1.5717883110046387,0.0002668618057142857,16,2048,,7132.852987766266
adammini-stochastic-r8,adammini,stochastic,8,1.1B,sdpa,666,1066,34963456,2.2621121406555176,9.603351389798759,nan,nan,nan,nan,22.21038579940796,4.097999572753906,0.01870039477944374,4.097999572753906,13.995686259120703,6.362282991409302,4897.379995060731,1.4718923568725586,0.00026657609714285716,16,2048,,7139.246118307114
adammini-stochastic-r8,adammini,stochastic,8,1.1B,sdpa,666,1067,34996224,2.1115217208862305,8.26080236046597,nan,nan,nan,nan,22.21038579940796,4.097999572753906,0.01870039477944374,4.097999572753906,13.995686259120703,6.345643997192383,4897.594464147106,1.6958900690078735,0.0002662903885714286,16,2048,,7145.624258995056
adammini-stochastic-r8,adammini,stochastic,8,1.1B,sdpa,666,1068,35028992,2.3856406211853027,10.866021439247335,nan,nan,nan,nan,22.21038579940796,4.097999572753906,0.01870039477944374,4.097999572753906,13.995686259120703,6.341098070144653,4897.812592882897,1.5964266061782837,0.00026600468,16,2048,,7151.996303081512
adammini-stochastic-r8,adammini,stochastic,8,1.1B,sdpa,666,1069,35061760,2.397984504699707,11.000981594708831,nan,nan,nan,nan,22.21038579940796,4.097999572753906,0.01870039477944374,4.097999572753906,13.995686259120703,6.356465816497803,4898.019056540431,1.5856873989105225,0.00026571897142857145,16,2048,,7158.384865999222
adammini-stochastic-r8,adammini,stochastic,8,1.1B,sdpa,666,1070,35094528,1.5756266117095947,4.833769565948924,nan,nan,nan,nan,22.21038579940796,4.097999572753906,0.01870039477944374,4.097999572753906,13.995686259120703,6.3348634243011475,4898.240645518268,1.2819575071334839,0.00026543326285714293,16,2048,,7164.749029159546
adammini-stochastic-r8,adammini,stochastic,8,1.1B,sdpa,666,1071,35127296,2.2935523986816406,9.910079779187987,nan,nan,nan,nan,22.21038579940796,4.097999572753906,0.01870039477944374,4.097999572753906,13.995686259120703,6.358648300170898,4898.446928508205,1.4111346006393433,0.0002651475542857143,16,2048,,7171.138451337814
adammini-stochastic-r8,adammini,stochastic,8,1.1B,sdpa,666,1072,35160064,2.5023767948150635,12.211483686851931,nan,nan,nan,nan,22.21038579940796,4.097999572753906,0.01870039477944374,4.097999572753906,13.995686259120703,6.352598667144775,4898.65579543827,1.5533697605133057,0.00026486184571428574,16,2048,,7177.522004365921
adammini-stochastic-r8,adammini,stochastic,8,1.1B,sdpa,666,1073,35192832,2.3261780738830566,10.238734969888299,nan,nan,nan,nan,22.21038579940796,4.097999572753906,0.01870039477944374,4.097999572753906,13.995686259120703,6.362579822540283,4898.8574454449645,1.577592372894287,0.00026457613714285717,16,2048,,7183.915321826935
adammini-stochastic-r8,adammini,stochastic,8,1.1B,sdpa,666,1074,35225600,2.2677314281463623,9.657467286124627,nan,nan,nan,nan,22.21038579940796,4.097999572753906,0.01870039477944374,4.097999572753906,13.995686259120703,6.347553730010986,4899.069014776692,1.4811270236968994,0.0002642904285714286,16,2048,,7190.293866157532
adammini-stochastic-r8,adammini,stochastic,8,1.1B,sdpa,666,1075,35258368,2.499724864959717,12.179142590797634,nan,nan,nan,nan,22.21038579940796,4.097999572753906,0.01870039477944374,4.097999572753906,13.995686259120703,6.364788770675659,4899.268443171761,1.6197224855422974,0.00026400472,16,2048,,7196.689645528793
adammini-stochastic-r8,adammini,stochastic,8,1.1B,sdpa,666,1076,35291136,2.583815097808838,13.24758269677082,nan,nan,nan,nan,22.21038579940796,4.097999572753906,0.01870039477944374,4.097999572753906,13.995686259120703,6.354430675506592,4899.47445492565,1.69794762134552,0.0002637190114285714,16,2048,,7203.074793577194
adammini-stochastic-r8,adammini,stochastic,8,1.1B,sdpa,666,1077,35323904,2.355349540710449,10.541813010587099,nan,nan,nan,nan,22.21038579940796,4.097999572753906,0.01870039477944374,4.097999572753906,13.995686259120703,6.361316680908203,4899.675255468506,1.5651298761367798,0.0002634333028571429,16,2048,,7209.467406749725
adammini-stochastic-r8,adammini,stochastic,8,1.1B,sdpa,666,1078,35356672,2.3727974891662598,10.727360020798624,nan,nan,nan,nan,22.21038579940796,4.097999572753906,0.01870039477944374,4.097999572753906,13.995686259120703,6.343675851821899,4899.887641457216,1.4898260831832886,0.00026314759428571426,16,2048,,7215.842437505722
adammini-stochastic-r8,adammini,stochastic,8,1.1B,sdpa,666,1079,35389440,2.3364129066467285,10.344064807195682,nan,nan,nan,nan,22.21038579940796,4.097999572753906,0.01870039477944374,4.097999572753906,13.995686259120703,6.345235109329224,4900.09881732426,1.5088715553283691,0.0002628618857142857,16,2048,,7222.218744516373
adammini-stochastic-r8,adammini,stochastic,8,1.1B,sdpa,666,1080,35422208,2.337548017501831,10.35581313400941,nan,nan,nan,nan,22.21038579940796,4.097999572753906,0.01870039477944374,4.097999572753906,13.995686259120703,6.345296621322632,4900.309471781865,1.4595677852630615,0.0002625761771428571,16,2048,,7228.5949947834015
adammini-stochastic-r8,adammini,stochastic,8,1.1B,sdpa,666,1081,35454976,2.504601001739502,12.238674781526678,nan,nan,nan,nan,22.21038579940796,4.097999572753906,0.01870039477944374,4.097999572753906,13.995686259120703,6.344971656799316,4900.520351953025,1.551904559135437,0.00026229046857142855,16,2048,,7234.97073674202
adammini-stochastic-r8,adammini,stochastic,8,1.1B,sdpa,666,1082,35487744,2.3134725093841553,10.109468999861601,nan,nan,nan,nan,22.21038579940796,4.097999572753906,0.01870039477944374,4.097999572753906,13.995686259120703,6.344230890274048,4900.731231743717,1.392928123474121,0.00026200476000000003,16,2048,,7241.346054792404
adammini-stochastic-r8,adammini,stochastic,8,1.1B,sdpa,666,1083,35520512,2.454543113708496,11.64111366842884,nan,nan,nan,nan,22.21038579940796,4.097999572753906,0.01870039477944374,4.097999572753906,13.995686259120703,6.355535268783569,4900.933860600932,1.938246250152588,0.0002617190514285714,16,2048,,7247.732448816299
adammini-stochastic-r8,adammini,stochastic,8,1.1B,sdpa,666,1084,35553280,2.424514055252075,11.296738494504522,nan,nan,nan,nan,22.21038579940796,4.097999572753906,0.01870039477944374,4.097999572753906,13.995686259120703,6.3516998291015625,4901.071261860275,1.7724546194076538,0.0002614333428571429,16,2048,,7254.215085029602
adammini-stochastic-r8,adammini,stochastic,8,1.1B,sdpa,666,1085,35586048,2.504547357559204,12.238018265459383,nan,nan,nan,nan,22.21038579940796,4.097999572753906,0.01870039477944374,4.097999572753906,13.995686259120703,6.3724894523620605,4901.26205837248,1.511409878730774,0.00026114763428571427,16,2048,,7260.618362188339
adammini-stochastic-r8,adammini,stochastic,8,1.1B,sdpa,666,1086,35618816,2.1762890815734863,8.813539173411861,nan,nan,nan,nan,22.21038579940796,4.097999572753906,0.01870039477944374,4.097999572753906,13.995686259120703,6.359571218490601,4901.461171149629,1.5141658782958984,0.00026086192571428575,16,2048,,7267.008903026581
adammini-stochastic-r8,adammini,stochastic,8,1.1B,sdpa,666,1087,35651584,2.488093852996826,12.038307452896209,nan,nan,nan,nan,22.21038579940796,4.097999572753906,0.01870039477944374,4.097999572753906,13.995686259120703,6.348163366317749,4901.667451063364,1.5529342889785767,0.00026057621714285713,16,2048,,7273.388044118881
adammini-stochastic-r8,adammini,stochastic,8,1.1B,sdpa,666,1088,35684352,2.5260818004608154,12.504415231494194,nan,nan,nan,nan,22.21038579940796,4.097999572753906,0.01870039477944374,4.097999572753906,13.995686259120703,6.346963167190552,4901.87378958626,1.7381460666656494,0.0002602905085714286,16,2048,,7279.766758441925
adammini-stochastic-r8,adammini,stochastic,8,1.1B,sdpa,666,1089,35717120,2.1872103214263916,8.910321478097552,nan,nan,nan,nan,22.21038579940796,4.097999572753906,0.01870039477944374,4.097999572753906,13.995686259120703,6.338414907455444,4902.085965783147,1.420228123664856,0.00026000480000000004,16,2048,,7286.136054515839
adammini-stochastic-r8,adammini,stochastic,8,1.1B,sdpa,666,1090,35749888,2.3889787197113037,10.902353896320474,nan,nan,nan,nan,22.21038579940796,4.097999572753906,0.01870039477944374,4.097999572753906,13.995686259120703,6.345660924911499,4902.29302657547,1.485132098197937,0.0002597190914285714,16,2048,,7292.512533426285
adammini-stochastic-r8,adammini,stochastic,8,1.1B,sdpa,666,1091,35782656,2.517573118209839,12.398470499762944,nan,nan,nan,nan,22.21038579940796,4.097999572753906,0.01870039477944374,4.097999572753906,13.995686259120703,6.356980323791504,4902.49214099171,2.223576545715332,0.0002594333828571429,16,2048,,7298.900192737579
adammini-stochastic-r8,adammini,stochastic,8,1.1B,sdpa,666,1092,35815424,2.4504904747009277,11.594031904220481,nan,nan,nan,nan,22.21038579940796,4.097999572753906,0.01870039477944374,4.097999572753906,13.995686259120703,6.349799871444702,4902.69569012855,1.502950668334961,0.0002591476742857143,16,2048,,7305.280923128128
adammini-stochastic-r8,adammini,stochastic,8,1.1B,sdpa,666,1093,35848192,2.3316144943237305,10.294548613719599,nan,nan,nan,nan,22.21038579940796,4.097999572753906,0.01870039477944374,4.097999572753906,13.995686259120703,6.344093322753906,4902.902720350409,1.5716108083724976,0.00025886196571428576,16,2048,,7311.656298875809
adammini-stochastic-r8,adammini,stochastic,8,1.1B,sdpa,666,1094,35880960,2.459390163421631,11.697675693832009,nan,nan,nan,nan,22.21038579940796,4.097999572753906,0.01870039477944374,4.097999572753906,13.995686259120703,6.363147735595703,4903.096295693421,1.6530187129974365,0.00025857625714285714,16,2048,,7318.05038523674
adammini-stochastic-r8,adammini,stochastic,8,1.1B,sdpa,666,1095,35913728,2.2798590660095215,9.775302640034713,nan,nan,nan,nan,22.21038579940796,4.097999572753906,0.01870039477944374,4.097999572753906,13.995686259120703,6.369815349578857,4903.285269435873,1.6003718376159668,0.00025829054857142857,16,2048,,7324.451422214508
adammini-stochastic-r8,adammini,stochastic,8,1.1B,sdpa,666,1096,35946496,2.6175506114959717,13.702120631777968,nan,nan,nan,nan,22.21038579940796,4.097999572753906,0.01870039477944374,4.097999572753906,13.995686259120703,6.346707105636597,4903.489180676613,1.5903732776641846,0.00025800484,16,2048,,7330.829105615616
adammini-stochastic-r8,adammini,stochastic,8,1.1B,sdpa,666,1097,35979264,2.345029830932617,10.433583966446877,nan,nan,nan,nan,22.21038579940796,4.097999572753906,0.01870039477944374,4.097999572753906,13.995686259120703,6.363266229629517,4903.681926136207,1.5241085290908813,0.00025771913142857137,16,2048,,7337.223659515381
adammini-stochastic-r8,adammini,stochastic,8,1.1B,sdpa,666,1098,36012032,2.761197566986084,15.818775652888835,nan,nan,nan,nan,22.21038579940796,4.097999572753906,0.01870039477944374,4.097999572753906,13.995686259120703,6.3531410694122314,4903.880960373388,1.9270097017288208,0.0002574334228571429,16,2048,,7343.607718229294
adammini-stochastic-r8,adammini,stochastic,8,1.1B,sdpa,666,1099,36044800,2.7094404697418213,15.020868532666123,nan,nan,nan,nan,22.21038579940796,4.097999572753906,0.01870039477944374,4.097999572753906,13.995686259120703,6.365161895751953,4904.071655461668,1.9417071342468262,0.0002571477142857143,16,2048,,7350.003802061081
adammini-stochastic-r8,adammini,stochastic,8,1.1B,sdpa,666,1100,36077568,2.5243213176727295,12.482420789802699,2.4485705308460397,11.571793369113285,nan,nan,22.21038579940796,4.097999572753906,0.01870039477944374,4.097999572753906,13.995686259120703,6.335961580276489,4904.281541583384,1.5060203075408936,0.00025686200571428577,16,2048,,7378.087078809738
adammini-stochastic-r8,adammini,stochastic,8,1.1B,sdpa,666,1101,36110336,2.4188177585601807,11.232571850016862,nan,nan,nan,nan,22.21038579940796,4.097999572753906,0.01870039477944374,4.097999572753906,13.995686259120703,6.344514608383179,4890.0617918542675,1.514379858970642,0.00025657629714285714,16,2048,,7384.463017702103
adammini-stochastic-r8,adammini,stochastic,8,1.1B,sdpa,666,1102,36143104,2.5490081310272217,12.794407111547844,nan,nan,nan,nan,22.21038579940796,4.097999572753906,0.01870039477944374,4.097999572753906,13.995686259120703,6.362579107284546,4890.265107413033,1.5105814933776855,0.0002562905885714286,16,2048,,7390.856673240662
adammini-stochastic-r8,adammini,stochastic,8,1.1B,sdpa,666,1103,36175872,2.3496510982513428,10.481911929257674,nan,nan,nan,nan,22.21038579940796,4.097999572753906,0.01870039477944374,4.097999572753906,13.995686259120703,6.35016393661499,4890.476054065799,1.498626947402954,0.00025600488,16,2048,,7397.238479614258
adammini-stochastic-r8,adammini,stochastic,8,1.1B,sdpa,666,1104,36208640,2.2516887187957764,9.503771490238966,nan,nan,nan,nan,22.21038579940796,4.097999572753906,0.01870039477944374,4.097999572753906,13.995686259120703,6.351726770401001,4890.68534402893,1.5658085346221924,0.00025571917142857143,16,2048,,7403.62185382843
adammini-stochastic-r8,adammini,stochastic,8,1.1B,sdpa,666,1105,36241408,2.3491601943969727,10.476767581083916,nan,nan,nan,nan,22.21038579940796,4.097999572753906,0.01870039477944374,4.097999572753906,13.995686259120703,6.349942207336426,4890.895904181647,1.7904831171035767,0.00025543346285714286,16,2048,,7410.003114461899
adammini-stochastic-r8,adammini,stochastic,8,1.1B,sdpa,666,1106,36274176,2.4472427368164062,11.55643860720214,nan,nan,nan,nan,22.21038579940796,4.097999572753906,0.01870039477944374,4.097999572753906,13.995686259120703,6.3703272342681885,4891.092096249252,1.489060401916504,0.0002551477542857143,16,2048,,7416.405442237854
adammini-stochastic-r8,adammini,stochastic,8,1.1B,sdpa,666,1107,36306944,2.2714457511901855,9.69340494012174,nan,nan,nan,nan,22.21038579940796,4.097999572753906,0.01870039477944374,4.097999572753906,13.995686259120703,6.347738027572632,4891.303312994922,1.453372597694397,0.0002548620457142858,16,2048,,7422.784074544907
adammini-stochastic-r8,adammini,stochastic,8,1.1B,sdpa,666,1108,36339712,2.2939646244049072,9.914165811118465,nan,nan,nan,nan,22.21038579940796,4.097999572753906,0.01870039477944374,4.097999572753906,13.995686259120703,6.350018739700317,4891.512997831292,1.6513140201568604,0.00025457633714285715,16,2048,,7429.164961576462
adammini-stochastic-r8,adammini,stochastic,8,1.1B,sdpa,666,1109,36372480,2.2923247814178467,9.89792145857455,nan,nan,nan,nan,22.21038579940796,4.097999572753906,0.01870039477944374,4.097999572753906,13.995686259120703,6.345876216888428,4891.659557122582,1.4014354944229126,0.0002542906285714286,16,2048,,7435.641122102737
adammini-stochastic-r8,adammini,stochastic,8,1.1B,sdpa,666,1110,36405248,2.3724818229675293,10.723974290246906,nan,nan,nan,nan,22.21038579940796,4.097999572753906,0.01870039477944374,4.097999572753906,13.995686259120703,6.347414016723633,4891.870109650862,1.4241054058074951,0.00025400492,16,2048,,7442.0168364048
adammini-stochastic-r8,adammini,stochastic,8,1.1B,sdpa,666,1111,36438016,2.289280652999878,9.867836728706472,nan,nan,nan,nan,22.21038579940796,4.097999572753906,0.01870039477944374,4.097999572753906,13.995686259120703,6.355980634689331,4892.0766358808105,1.491956114768982,0.00025371921142857144,16,2048,,7448.403521776199
adammini-stochastic-r8,adammini,stochastic,8,1.1B,sdpa,666,1112,36470784,2.361042022705078,10.601993216200766,nan,nan,nan,nan,22.21038579940796,4.097999572753906,0.01870039477944374,4.097999572753906,13.995686259120703,6.331367492675781,4892.29645924187,1.5075079202651978,0.00025343350285714287,16,2048,,7454.766788482666
adammini-stochastic-r8,adammini,stochastic,8,1.1B,sdpa,666,1113,36503552,2.3579628467559814,10.569398022598849,nan,nan,nan,nan,22.21038579940796,4.097999572753906,0.01870039477944374,4.097999572753906,13.995686259120703,6.350926637649536,4892.503196947263,1.6562190055847168,0.00025314779428571425,16,2048,,7461.149591445923
adammini-stochastic-r8,adammini,stochastic,8,1.1B,sdpa,666,1114,36536320,2.364295721054077,10.63654508422029,nan,nan,nan,nan,22.21038579940796,4.097999572753906,0.01870039477944374,4.097999572753906,13.995686259120703,6.363011360168457,4892.701523695257,1.5073262453079224,0.0002528620857142858,16,2048,,7467.54424571991
adammini-stochastic-r8,adammini,stochastic,8,1.1B,sdpa,666,1115,36569088,2.2896037101745605,9.87102511914875,nan,nan,nan,nan,22.21038579940796,4.097999572753906,0.01870039477944374,4.097999572753906,13.995686259120703,6.355706214904785,4892.904900800192,1.617158055305481,0.00025257637714285716,16,2048,,7473.930989980698
adammini-stochastic-r8,adammini,stochastic,8,1.1B,sdpa,666,1116,36601856,2.4289283752441406,11.346716140590825,nan,nan,nan,nan,22.21038579940796,4.097999572753906,0.01870039477944374,4.097999572753906,13.995686259120703,6.374142408370972,4893.096016890409,1.4931868314743042,0.0002522906685714286,16,2048,,7480.335641384125
adammini-stochastic-r8,adammini,stochastic,8,1.1B,sdpa,666,1117,36634624,2.4622344970703125,11.730995149780682,nan,nan,nan,nan,22.21038579940796,4.097999572753906,0.01870039477944374,4.097999572753906,13.995686259120703,6.342664003372192,4893.3073777450145,1.5573790073394775,0.00025200496,16,2048,,7486.709448337555
adammini-stochastic-r8,adammini,stochastic,8,1.1B,sdpa,666,1118,36667392,2.240346908569336,9.396590479849209,nan,nan,nan,nan,22.21038579940796,4.097999572753906,0.01870039477944374,4.097999572753906,13.995686259120703,6.347350358963013,4893.515024537932,1.4625756740570068,0.00025171925142857145,16,2048,,7493.088030099869
adammini-stochastic-r8,adammini,stochastic,8,1.1B,sdpa,666,1119,36700160,2.385507822036743,10.864578536662211,nan,nan,nan,nan,22.21038579940796,4.097999572753906,0.01870039477944374,4.097999572753906,13.995686259120703,6.345993518829346,4893.723196663878,1.527528166770935,0.0002514335428571429,16,2048,,7499.464704036713
adammini-stochastic-r8,adammini,stochastic,8,1.1B,sdpa,666,1120,36732928,2.305913209915161,10.033336612512558,nan,nan,nan,nan,22.21038579940796,4.097999572753906,0.01870039477944374,4.097999572753906,13.995686259120703,6.356751203536987,4893.924222523301,1.4867737293243408,0.00025114783428571426,16,2048,,7505.852872371674
adammini-stochastic-r8,adammini,stochastic,8,1.1B,sdpa,666,1121,36765696,2.194436550140381,8.974942701683096,nan,nan,nan,nan,22.21038579940796,4.097999572753906,0.01870039477944374,4.097999572753906,13.995686259120703,6.350401163101196,4894.12882542739,1.4950175285339355,0.00025086212571428574,16,2048,,7512.234021902084
adammini-stochastic-r8,adammini,stochastic,8,1.1B,sdpa,666,1122,36798464,2.5366427898406982,12.63717402613598,nan,nan,nan,nan,22.21038579940796,4.097999572753906,0.01870039477944374,4.097999572753906,13.995686259120703,6.35216760635376,4894.33204130981,1.970095157623291,0.0002505764171428571,16,2048,,7518.6171844005585
adammini-stochastic-r8,adammini,stochastic,8,1.1B,sdpa,666,1123,36831232,2.443241834640503,11.51029479682139,nan,nan,nan,nan,22.21038579940796,4.097999572753906,0.01870039477944374,4.097999572753906,13.995686259120703,6.356461763381958,4894.532246661826,1.5342174768447876,0.00025029070857142855,16,2048,,7525.0031452178955
adammini-stochastic-r8,adammini,stochastic,8,1.1B,sdpa,666,1124,36864000,2.3230361938476562,10.20661657539102,nan,nan,nan,nan,22.21038579940796,4.097999572753906,0.01870039477944374,4.097999572753906,13.995686259120703,6.366875886917114,4894.7262346649995,1.5013052225112915,0.000250005,16,2048,,7531.400866985321
adammini-stochastic-r8,adammini,stochastic,8,1.1B,sdpa,666,1125,36896768,2.4061391353607178,11.091057304440453,nan,nan,nan,nan,22.21038579940796,4.097999572753906,0.01870039477944374,4.097999572753906,13.995686259120703,6.35931921005249,4894.923867047301,1.6169230937957764,0.00024971929142857146,16,2048,,7537.791528463364
adammini-stochastic-r8,adammini,stochastic,8,1.1B,sdpa,666,1126,36929536,2.2241809368133545,9.24590671986327,nan,nan,nan,nan,22.21038579940796,4.097999572753906,0.01870039477944374,4.097999572753906,13.995686259120703,6.338257074356079,4895.134526495999,1.648444414138794,0.0002494335828571429,16,2048,,7544.1604862213135
adammini-stochastic-r8,adammini,stochastic,8,1.1B,sdpa,666,1127,36962304,2.2404592037200928,9.39764573064241,nan,nan,nan,nan,22.21038579940796,4.097999572753906,0.01870039477944374,4.097999572753906,13.995686259120703,6.347556114196777,4895.339206515295,1.565051794052124,0.0002491478742857143,16,2048,,7550.539072751999
adammini-stochastic-r8,adammini,stochastic,8,1.1B,sdpa,666,1128,36995072,2.357004404067993,10.559272713387042,nan,nan,nan,nan,22.21038579940796,4.097999572753906,0.01870039477944374,4.097999572753906,13.995686259120703,6.349684476852417,4895.541927752617,1.449851393699646,0.0002488621657142857,16,2048,,7556.919574975967
adammini-stochastic-r8,adammini,stochastic,8,1.1B,sdpa,666,1129,37027840,2.7185311317443848,15.158040719816924,nan,nan,nan,nan,22.21038579940796,4.097999572753906,0.01870039477944374,4.097999572753906,13.995686259120703,6.378693580627441,4895.725749493,2.2383270263671875,0.0002485764571428571,16,2048,,7563.329136610031
adammini-stochastic-r8,adammini,stochastic,8,1.1B,sdpa,666,1130,37060608,2.0907742977142334,8.091177719864895,nan,nan,nan,nan,22.21038579940796,4.097999572753906,0.01870039477944374,4.097999572753906,13.995686259120703,6.297049045562744,4895.961728249863,2.024310350418091,0.0002482907485714286,16,2048,,7569.655400753021
adammini-stochastic-r8,adammini,stochastic,8,1.1B,sdpa,666,1131,37093376,2.297755002975464,9.951815561080538,nan,nan,nan,nan,22.21038579940796,4.097999572753906,0.01870039477944374,4.097999572753906,13.995686259120703,6.337228298187256,4896.173020709966,1.4655730724334717,0.00024800504000000004,16,2048,,7576.023201704025
adammini-stochastic-r8,adammini,stochastic,8,1.1B,sdpa,666,1132,37126144,2.309983015060425,10.074253542972734,nan,nan,nan,nan,22.21038579940796,4.097999572753906,0.01870039477944374,4.097999572753906,13.995686259120703,6.354954481124878,4896.370729149961,1.7634568214416504,0.00024771933142857147,16,2048,,7582.409694910049
adammini-stochastic-r8,adammini,stochastic,8,1.1B,sdpa,666,1133,37158912,2.2285706996917725,9.286583272850798,nan,nan,nan,nan,22.21038579940796,4.097999572753906,0.01870039477944374,4.097999572753906,13.995686259120703,6.353147268295288,4896.5687860134385,1.4614914655685425,0.0002474336228571429,16,2048,,7588.7950966358185
adammini-stochastic-r8,adammini,stochastic,8,1.1B,sdpa,666,1134,37191680,2.882340669631958,17.856019345791157,nan,nan,nan,nan,22.21038579940796,4.097999572753906,0.01870039477944374,4.097999572753906,13.995686259120703,6.395531415939331,4896.739978064444,3.3269643783569336,0.00024714791428571433,16,2048,,7595.221801996231
adammini-stochastic-r8,adammini,stochastic,8,1.1B,sdpa,666,1135,37224448,2.5639963150024414,12.987616350041193,nan,nan,nan,nan,22.21038579940796,4.097999572753906,0.01870039477944374,4.097999572753906,13.995686259120703,6.329951286315918,4896.95302623557,2.066161632537842,0.0002468622057142857,16,2048,,7601.582674503326
adammini-stochastic-r8,adammini,stochastic,8,1.1B,sdpa,666,1136,37257216,2.290942668914795,9.88425086689644,nan,nan,nan,nan,22.21038579940796,4.097999572753906,0.01870039477944374,4.097999572753906,13.995686259120703,6.364776849746704,4897.143529457749,1.4824997186660767,0.00024657649714285713,16,2048,,7607.978467226028
adammini-stochastic-r8,adammini,stochastic,8,1.1B,sdpa,666,1137,37289984,2.228947877883911,9.290086630194258,nan,nan,nan,nan,22.21038579940796,4.097999572753906,0.01870039477944374,4.097999572753906,13.995686259120703,6.359007120132446,4897.337190815107,1.6380032300949097,0.00024629078857142856,16,2048,,7614.368106603622
adammini-stochastic-r8,adammini,stochastic,8,1.1B,sdpa,666,1138,37322752,2.423107147216797,11.280856197429625,nan,nan,nan,nan,22.21038579940796,4.097999572753906,0.01870039477944374,4.097999572753906,13.995686259120703,6.354180335998535,4897.533894907096,1.495795726776123,0.00024600508000000005,16,2048,,7620.753245830536
adammini-stochastic-r8,adammini,stochastic,8,1.1B,sdpa,666,1139,37355520,2.392101287841797,10.936450445839256,nan,nan,nan,nan,22.21038579940796,4.097999572753906,0.01870039477944374,4.097999572753906,13.995686259120703,6.354459524154663,4897.729514422789,1.3985520601272583,0.0002457193714285715,16,2048,,7627.139264345169
adammini-stochastic-r8,adammini,stochastic,8,1.1B,sdpa,666,1140,37388288,2.4372141361236572,11.441122893072913,nan,nan,nan,nan,22.21038579940796,4.097999572753906,0.01870039477944374,4.097999572753906,13.995686259120703,6.3649537563323975,4897.918531640598,1.4856709241867065,0.0002454336628571429,16,2048,,7633.5319657325745
adammini-stochastic-r8,adammini,stochastic,8,1.1B,sdpa,666,1141,37421056,2.45554780960083,11.652815324832448,nan,nan,nan,nan,22.21038579940796,4.097999572753906,0.01870039477944374,4.097999572753906,13.995686259120703,6.370418071746826,4898.105750755253,1.7945524454116821,0.00024514795428571434,16,2048,,7639.9334626197815
adammini-stochastic-r8,adammini,stochastic,8,1.1B,sdpa,666,1142,37453824,2.3642399311065674,10.635951688481267,nan,nan,nan,nan,22.21038579940796,4.097999572753906,0.01870039477944374,4.097999572753906,13.995686259120703,6.3449554443359375,4898.306523390236,1.4681447744369507,0.00024486224571428577,16,2048,,7646.310053110123
adammini-stochastic-r8,adammini,stochastic,8,1.1B,sdpa,666,1143,37486592,2.679075002670288,14.57160836125426,nan,nan,nan,nan,22.21038579940796,4.097999572753906,0.01870039477944374,4.097999572753906,13.995686259120703,6.3432135581970215,4898.508352509025,2.0951952934265137,0.00024457653714285714,16,2048,,7652.68408036232
adammini-stochastic-r8,adammini,stochastic,8,1.1B,sdpa,666,1144,37519360,2.3731441497802734,10.731079418657304,nan,nan,nan,nan,22.21038579940796,4.097999572753906,0.01870039477944374,4.097999572753906,13.995686259120703,6.3575098514556885,4898.700888749463,1.5584690570831299,0.00024429082857142857,16,2048,,7659.0726799964905
adammini-stochastic-r8,adammini,stochastic,8,1.1B,sdpa,666,1145,37552128,2.1615889072418213,8.684926243374107,nan,nan,nan,nan,22.21038579940796,4.097999572753906,0.01870039477944374,4.097999572753906,13.995686259120703,6.357903480529785,4898.892764132803,1.4888625144958496,0.00024400512,16,2048,,7665.46168422699
adammini-stochastic-r8,adammini,stochastic,8,1.1B,sdpa,666,1146,37584896,2.2865488529205322,9.840916558551003,nan,nan,nan,nan,22.21038579940796,4.097999572753906,0.01870039477944374,4.097999572753906,13.995686259120703,6.375661849975586,4899.072869871832,2.1178812980651855,0.00024371941142857143,16,2048,,7671.868071317673
adammini-stochastic-r8,adammini,stochastic,8,1.1B,sdpa,666,1147,37617664,2.3997175693511963,11.0200635373864,nan,nan,nan,nan,22.21038579940796,4.097999572753906,0.01870039477944374,4.097999572753906,13.995686259120703,6.357253074645996,4899.264576928776,1.6325145959854126,0.00024343370285714286,16,2048,,7678.2563393116
adammini-stochastic-r8,adammini,stochastic,8,1.1B,sdpa,666,1148,37650432,2.5132434368133545,12.344905116894768,nan,nan,nan,nan,22.21038579940796,4.097999572753906,0.01870039477944374,4.097999572753906,13.995686259120703,6.349357843399048,4899.461016633023,1.589595079421997,0.00024314799428571432,16,2048,,7684.63659954071
adammini-stochastic-r8,adammini,stochastic,8,1.1B,sdpa,666,1149,37683200,2.2405662536621094,9.398651801921941,nan,nan,nan,nan,22.21038579940796,4.097999572753906,0.01870039477944374,4.097999572753906,13.995686259120703,6.353276014328003,4899.654668158887,1.6330159902572632,0.00024286228571428575,16,2048,,7691.02059674263
adammini-stochastic-r8,adammini,stochastic,8,1.1B,sdpa,666,1150,37715968,2.3812942504882812,10.818896168205848,2.4483161567650606,11.568850179161227,nan,nan,22.21038579940796,4.097999572753906,0.01870039477944374,4.097999572753906,13.995686259120703,6.348696947097778,4899.850959455382,1.6709805727005005,0.00024257657714285712,16,2048,,7716.614933729172
adammini-stochastic-r8,adammini,stochastic,8,1.1B,sdpa,666,1151,37748736,2.5626039505004883,12.96954543763836,nan,nan,nan,nan,22.21038579940796,4.097999572753906,0.01870039477944374,4.097999572753906,13.995686259120703,6.3753767013549805,4887.838170214477,1.8159196376800537,0.00024229086857142858,16,2048,,7723.021687984467
adammini-stochastic-r8,adammini,stochastic,8,1.1B,sdpa,666,1152,37781504,2.483787775039673,11.986581011503674,nan,nan,nan,nan,22.21038579940796,4.097999572753906,0.01870039477944374,4.097999572753906,13.995686259120703,6.339352369308472,4888.049368683531,1.5438064336776733,0.00024200516,16,2048,,7729.391885757446
adammini-stochastic-r8,adammini,stochastic,8,1.1B,sdpa,666,1153,37814272,2.3874595165252686,10.885803580375404,nan,nan,nan,nan,22.21038579940796,4.097999572753906,0.01870039477944374,4.097999572753906,13.995686259120703,6.362065315246582,4888.245617120553,1.6948294639587402,0.00024171945142857144,16,2048,,7735.784943342209
adammini-stochastic-r8,adammini,stochastic,8,1.1B,sdpa,666,1154,37847040,2.339533567428589,10.376395544959413,nan,nan,nan,nan,22.21038579940796,4.097999572753906,0.01870039477944374,4.097999572753906,13.995686259120703,6.356022596359253,4888.44550710348,1.4587899446487427,0.00024143374285714287,16,2048,,7742.171914815903
adammini-stochastic-r8,adammini,stochastic,8,1.1B,sdpa,666,1155,37879808,2.4305481910705566,11.365110624789557,nan,nan,nan,nan,22.21038579940796,4.097999572753906,0.01870039477944374,4.097999572753906,13.995686259120703,6.348701000213623,4888.649593442336,1.4681816101074219,0.0002411480342857143,16,2048,,7748.551567554474
adammini-stochastic-r8,adammini,stochastic,8,1.1B,sdpa,666,1156,37912576,2.646247625350952,14.10102691172579,nan,nan,nan,nan,22.21038579940796,4.097999572753906,0.01870039477944374,4.097999572753906,13.995686259120703,6.377042293548584,4888.835498152083,1.7717640399932861,0.00024086232571428573,16,2048,,7754.959620952606
adammini-stochastic-r8,adammini,stochastic,8,1.1B,sdpa,666,1157,37945344,2.3007562160491943,9.981727944315193,nan,nan,nan,nan,22.21038579940796,4.097999572753906,0.01870039477944374,4.097999572753906,13.995686259120703,6.325878143310547,4889.053244313994,1.7277740240097046,0.00024057661714285713,16,2048,,7761.316462278366
adammini-stochastic-r8,adammini,stochastic,8,1.1B,sdpa,666,1158,37978112,2.4226558208465576,11.275765998305799,nan,nan,nan,nan,22.21038579940796,4.097999572753906,0.01870039477944374,4.097999572753906,13.995686259120703,6.362893342971802,4889.2474225047445,1.6868478059768677,0.00024029090857142856,16,2048,,7767.7102336883545
adammini-stochastic-r8,adammini,stochastic,8,1.1B,sdpa,666,1159,38010880,2.478745937347412,11.92629871004696,nan,nan,nan,nan,22.21038579940796,4.097999572753906,0.01870039477944374,4.097999572753906,13.995686259120703,6.370812177658081,4889.436296309984,1.6971076726913452,0.00024000520000000002,16,2048,,7774.111910581589
adammini-stochastic-r8,adammini,stochastic,8,1.1B,sdpa,666,1160,38043648,2.266847848892212,9.648937917124636,nan,nan,nan,nan,22.21038579940796,4.097999572753906,0.01870039477944374,4.097999572753906,13.995686259120703,6.323170900344849,4889.654761168478,1.5634838342666626,0.00023971949142857145,16,2048,,7780.46502161026
adammini-stochastic-r8,adammini,stochastic,8,1.1B,sdpa,666,1161,38076416,2.4390149116516113,11.46174434892501,nan,nan,nan,nan,22.21038579940796,4.097999572753906,0.01870039477944374,4.097999572753906,13.995686259120703,6.365113735198975,4889.8473361079605,1.4781110286712646,0.00023943378285714288,16,2048,,7786.861011505127
adammini-stochastic-r8,adammini,stochastic,8,1.1B,sdpa,666,1162,38109184,2.5927278995513916,13.366183522621874,nan,nan,nan,nan,22.21038579940796,4.097999572753906,0.01870039477944374,4.097999572753906,13.995686259120703,6.4139909744262695,4890.008150974543,1.8181813955307007,0.0002391480742857143,16,2048,,7793.305897474289
adammini-stochastic-r8,adammini,stochastic,8,1.1B,sdpa,666,1163,38141952,1.4542956352233887,4.281466688943308,nan,nan,nan,nan,22.21038579940796,4.097999572753906,0.01870039477944374,4.097999572753906,13.995686259120703,6.285902261734009,4890.248985338941,1.6986591815948486,0.00023886236571428574,16,2048,,7799.622688055038
adammini-stochastic-r8,adammini,stochastic,8,1.1B,sdpa,666,1164,38174720,2.121073007583618,8.34008165911588,nan,nan,nan,nan,22.21038579940796,4.097999572753906,0.01870039477944374,4.097999572753906,13.995686259120703,6.342321872711182,4890.454149425901,1.4885808229446411,0.0002385766571428571,16,2048,,7805.995867729187
adammini-stochastic-r8,adammini,stochastic,8,1.1B,sdpa,666,1165,38207488,2.3701891899108887,10.699416314261029,nan,nan,nan,nan,22.21038579940796,4.097999572753906,0.01870039477944374,4.097999572753906,13.995686259120703,6.3555567264556885,4890.650703391635,1.5940864086151123,0.00023829094857142854,16,2048,,7812.382225036621
adammini-stochastic-r8,adammini,stochastic,8,1.1B,sdpa,666,1166,38240256,2.4760491847991943,11.894179761503352,nan,nan,nan,nan,22.21038579940796,4.097999572753906,0.01870039477944374,4.097999572753906,13.995686259120703,6.343145132064819,4890.8547346864125,1.5944833755493164,0.00023800524,16,2048,,7818.756445646286
adammini-stochastic-r8,adammini,stochastic,8,1.1B,sdpa,666,1167,38273024,2.7465176582336426,15.588253630626294,nan,nan,nan,nan,22.21038579940796,4.097999572753906,0.01870039477944374,4.097999572753906,13.995686259120703,6.355563640594482,4891.050530772537,1.8167208433151245,0.00023771953142857146,16,2048,,7825.143128871918
adammini-stochastic-r8,adammini,stochastic,8,1.1B,sdpa,666,1168,38305792,2.1659350395202637,8.722754224817965,nan,nan,nan,nan,22.21038579940796,4.097999572753906,0.01870039477944374,4.097999572753906,13.995686259120703,6.358683109283447,4891.244016929361,1.5224374532699585,0.00023743382285714289,16,2048,,7831.532952785492
adammini-stochastic-r8,adammini,stochastic,8,1.1B,sdpa,666,1169,38338560,2.3008196353912354,9.982360999007597,nan,nan,nan,nan,22.21038579940796,4.097999572753906,0.01870039477944374,4.097999572753906,13.995686259120703,6.34885573387146,4891.443251008223,1.773249626159668,0.00023714811428571432,16,2048,,7837.912648439407
adammini-stochastic-r8,adammini,stochastic,8,1.1B,sdpa,666,1170,38371328,2.4257028102874756,11.310175534365497,nan,nan,nan,nan,22.21038579940796,4.097999572753906,0.01870039477944374,4.097999572753906,13.995686259120703,6.361001968383789,4891.634815788896,1.4756945371627808,0.00023686240571428574,16,2048,,7844.303869009018
adammini-stochastic-r8,adammini,stochastic,8,1.1B,sdpa,666,1171,38404096,2.468162775039673,11.80074629770205,nan,nan,nan,nan,22.21038579940796,4.097999572753906,0.01870039477944374,4.097999572753906,13.995686259120703,6.33058762550354,4891.845503301439,1.6397385597229004,0.00023657669714285717,16,2048,,7850.6652636528015
adammini-stochastic-r8,adammini,stochastic,8,1.1B,sdpa,666,1172,38436864,2.4941482543945312,12.111413281066719,nan,nan,nan,nan,22.21038579940796,4.097999572753906,0.01870039477944374,4.097999572753906,13.995686259120703,6.346454858779907,4892.045350414991,1.5770485401153564,0.00023629098857142855,16,2048,,7857.042729139328
adammini-stochastic-r8,adammini,stochastic,8,1.1B,sdpa,666,1173,38469632,2.30135440826416,9.987700722519994,nan,nan,nan,nan,22.21038579940796,4.097999572753906,0.01870039477944374,4.097999572753906,13.995686259120703,6.370929718017578,4892.229677411242,1.5361344814300537,0.00023600527999999998,16,2048,,7863.444771289825
adammini-stochastic-r8,adammini,stochastic,8,1.1B,sdpa,666,1174,38502400,2.454512596130371,11.640758415253764,nan,nan,nan,nan,22.21038579940796,4.097999572753906,0.01870039477944374,4.097999572753906,13.995686259120703,6.3493971824646,4892.427089751642,2.444369316101074,0.0002357195714285714,16,2048,,7869.825034856796
adammini-stochastic-r8,adammini,stochastic,8,1.1B,sdpa,666,1175,38535168,2.5345845222473145,12.611190090485719,nan,nan,nan,nan,22.21038579940796,4.097999572753906,0.01870039477944374,4.097999572753906,13.995686259120703,6.376680850982666,4892.607304828643,1.5396045446395874,0.0002354338628571429,16,2048,,7876.232821941376
adammini-stochastic-r8,adammini,stochastic,8,1.1B,sdpa,666,1176,38567936,2.1141483783721924,8.28252918079206,nan,nan,nan,nan,22.21038579940796,4.097999572753906,0.01870039477944374,4.097999572753906,13.995686259120703,6.319550037384033,4892.822598516966,1.513772964477539,0.00023514815428571432,16,2048,,7882.583205461502
adammini-stochastic-r8,adammini,stochastic,8,1.1B,sdpa,666,1177,38600704,2.467550277709961,11.793520585196804,nan,nan,nan,nan,22.21038579940796,4.097999572753906,0.01870039477944374,4.097999572753906,13.995686259120703,6.34268856048584,4893.023319811547,1.503275752067566,0.00023486244571428575,16,2048,,7888.956856966019
adammini-stochastic-r8,adammini,stochastic,8,1.1B,sdpa,666,1178,38633472,2.3535361289978027,10.522713686104481,nan,nan,nan,nan,22.21038579940796,4.097999572753906,0.01870039477944374,4.097999572753906,13.995686259120703,6.341922760009766,4893.223935581298,1.5360019207000732,0.00023457673714285718,16,2048,,7895.330039978027
adammini-stochastic-r8,adammini,stochastic,8,1.1B,sdpa,666,1179,38666240,2.187776803970337,8.915370449617933,nan,nan,nan,nan,22.21038579940796,4.097999572753906,0.01870039477944374,4.097999572753906,13.995686259120703,6.326970100402832,4893.4336342475945,1.4140890836715698,0.00023429102857142856,16,2048,,7901.688132762909
adammini-stochastic-r8,adammini,stochastic,8,1.1B,sdpa,666,1180,38699008,2.2365236282348633,9.36073327001758,nan,nan,nan,nan,22.21038579940796,4.097999572753906,0.01870039477944374,4.097999572753906,13.995686259120703,6.3577306270599365,4893.623847388472,1.7125921249389648,0.00023400532,16,2048,,7908.0763392448425
adammini-stochastic-r8,adammini,stochastic,8,1.1B,sdpa,666,1181,38731776,2.261121988296509,9.59384731478339,nan,nan,nan,nan,22.21038579940796,4.097999572753906,0.01870039477944374,4.097999572753906,13.995686259120703,6.351707220077515,4893.817916681593,1.3746671676635742,0.00023371961142857142,16,2048,,7914.458904266357
adammini-stochastic-r8,adammini,stochastic,8,1.1B,sdpa,666,1182,38764544,2.4796433448791504,11.93700626413636,nan,nan,nan,nan,22.21038579940796,4.097999572753906,0.01870039477944374,4.097999572753906,13.995686259120703,6.362033843994141,4894.005121875133,1.9573709964752197,0.00023343390285714285,16,2048,,7920.851632356644
adammini-stochastic-r8,adammini,stochastic,8,1.1B,sdpa,666,1183,38797312,2.3158507347106934,10.133540207106808,nan,nan,nan,nan,22.21038579940796,4.097999572753906,0.01870039477944374,4.097999572753906,13.995686259120703,6.346424102783203,4894.201595048161,1.5974414348602295,0.0002331481942857143,16,2048,,7927.228983402252
adammini-stochastic-r8,adammini,stochastic,8,1.1B,sdpa,666,1184,38830080,2.422837495803833,11.27781470870584,nan,nan,nan,nan,22.21038579940796,4.097999572753906,0.01870039477944374,4.097999572753906,13.995686259120703,6.367477893829346,4894.384819590151,1.5881596803665161,0.00023286248571428576,16,2048,,7933.627288579941
adammini-stochastic-r8,adammini,stochastic,8,1.1B,sdpa,666,1185,38862848,2.3446781635284424,10.42991546014201,nan,nan,nan,nan,22.21038579940796,4.097999572753906,0.01870039477944374,4.097999572753906,13.995686259120703,6.374835014343262,4894.563059558414,1.5033416748046875,0.0002325767771428572,16,2048,,7940.03316617012
adammini-stochastic-r8,adammini,stochastic,8,1.1B,sdpa,666,1186,38895616,2.243884563446045,9.429891242557563,nan,nan,nan,nan,22.21038579940796,4.097999572753906,0.01870039477944374,4.097999572753906,13.995686259120703,6.349145889282227,4894.756957215249,1.69057297706604,0.00023229106857142857,16,2048,,7946.413346529007
adammini-stochastic-r8,adammini,stochastic,8,1.1B,sdpa,666,1187,38928384,2.303337812423706,10.007530027940238,nan,nan,nan,nan,22.21038579940796,4.097999572753906,0.01870039477944374,4.097999572753906,13.995686259120703,6.3467936515808105,4894.951892671588,1.518746018409729,0.00023200536,16,2048,,7952.790820598602
adammini-stochastic-r8,adammini,stochastic,8,1.1B,sdpa,666,1188,38961152,2.336949348449707,10.349615284591927,nan,nan,nan,nan,22.21038579940796,4.097999572753906,0.01870039477944374,4.097999572753906,13.995686259120703,6.348466873168945,4895.145693531786,1.4866715669631958,0.00023171965142857143,16,2048,,7959.169385433197
adammini-stochastic-r8,adammini,stochastic,8,1.1B,sdpa,666,1189,38993920,2.5404677391052246,12.685603136032984,nan,nan,nan,nan,22.21038579940796,4.097999572753906,0.01870039477944374,4.097999572753906,13.995686259120703,6.33147931098938,4895.349879234041,2.041966676712036,0.00023143394285714286,16,2048,,7965.5318167209625
adammini-stochastic-r8,adammini,stochastic,8,1.1B,sdpa,666,1190,39026688,2.4600913524627686,11.705880852182682,nan,nan,nan,nan,22.21038579940796,4.097999572753906,0.01870039477944374,4.097999572753906,13.995686259120703,6.352179050445557,4895.540698442827,1.489030122756958,0.00023114823428571429,16,2048,,7971.912864685059
adammini-stochastic-r8,adammini,stochastic,8,1.1B,sdpa,666,1191,39059456,2.3136696815490723,10.1114625022756,nan,nan,nan,nan,22.21038579940796,4.097999572753906,0.01870039477944374,4.097999572753906,13.995686259120703,6.341838836669922,4895.738722142739,1.5437681674957275,0.00023086252571428574,16,2048,,7978.285410165787
adammini-stochastic-r8,adammini,stochastic,8,1.1B,sdpa,666,1192,39092224,2.4248034954071045,11.300008697486895,nan,nan,nan,nan,22.21038579940796,4.097999572753906,0.01870039477944374,4.097999572753906,13.995686259120703,6.35547137260437,4895.926985766988,1.4954575300216675,0.00023057681714285717,16,2048,,7984.671734571457
adammini-stochastic-r8,adammini,stochastic,8,1.1B,sdpa,666,1193,39124992,2.217022180557251,9.179953879105998,nan,nan,nan,nan,22.21038579940796,4.097999572753906,0.01870039477944374,4.097999572753906,13.995686259120703,6.345091342926025,4896.121100335644,1.4383078813552856,0.00023029110857142855,16,2048,,7991.047659635544
adammini-stochastic-r8,adammini,stochastic,8,1.1B,sdpa,666,1194,39157760,2.4190256595611572,11.234907355716597,nan,nan,nan,nan,22.21038579940796,4.097999572753906,0.01870039477944374,4.097999572753906,13.995686259120703,6.338897705078125,4896.318745247151,2.2312872409820557,0.0002300054,16,2048,,7997.41738653183
adammini-stochastic-r8,adammini,stochastic,8,1.1B,sdpa,666,1195,39190528,2.1108713150024414,8.255431232901735,nan,nan,nan,nan,22.21038579940796,4.097999572753906,0.01870039477944374,4.097999572753906,13.995686259120703,6.360351085662842,4896.503017862338,1.589191198348999,0.00022971969142857144,16,2048,,8003.808672904968
adammini-stochastic-r8,adammini,stochastic,8,1.1B,sdpa,666,1196,39223296,2.2715389728546143,9.694308617584744,nan,nan,nan,nan,22.21038579940796,4.097999572753906,0.01870039477944374,4.097999572753906,13.995686259120703,6.354974031448364,4896.690288274822,1.7568439245224,0.00022943398285714286,16,2048,,8010.19456577301
adammini-stochastic-r8,adammini,stochastic,8,1.1B,sdpa,666,1197,39256064,2.285747528076172,9.833033946309671,nan,nan,nan,nan,22.21038579940796,4.097999572753906,0.01870039477944374,4.097999572753906,13.995686259120703,6.35518217086792,4896.8770450866705,1.5454869270324707,0.0002291482742857143,16,2048,,8016.580291509628
adammini-stochastic-r8,adammini,stochastic,8,1.1B,sdpa,666,1198,39288832,2.2708170413970947,9.687312516891247,nan,nan,nan,nan,22.21038579940796,4.097999572753906,0.01870039477944374,4.097999572753906,13.995686259120703,6.353037357330322,4897.064934242021,1.4888606071472168,0.00022886256571428572,16,2048,,8022.964468717575
adammini-stochastic-r8,adammini,stochastic,8,1.1B,sdpa,666,1199,39321600,2.465768814086914,11.77252956021178,nan,nan,nan,nan,22.21038579940796,4.097999572753906,0.01870039477944374,4.097999572753906,13.995686259120703,6.390572786331177,4897.22943651457,2.6285693645477295,0.00022857685714285718,16,2048,,8029.386140584946
adammini-stochastic-r8,adammini,stochastic,8,1.1B,sdpa,666,1200,39354368,2.4335837364196777,11.399662348619668,2.448190784174227,11.567399853358754,nan,nan,22.21038579940796,4.097999572753906,0.01870039477944374,4.097999572753906,13.995686259120703,6.267657041549683,4897.468647130927,2.3006751537323,0.00022829114857142856,16,2048,,8048.694397926331
adammini-stochastic-r8,adammini,stochastic,8,1.1B,sdpa,666,1201,39387136,2.451930046081543,11.610734360039963,nan,nan,nan,nan,22.21038579940796,4.097999572753906,0.01870039477944374,4.097999572753906,13.995686259120703,6.351516962051392,4889.7450691216445,1.5422970056533813,0.00022800544,16,2048,,8055.078481674194
adammini-stochastic-r8,adammini,stochastic,8,1.1B,sdpa,666,1202,39419904,2.389437675476074,10.907358742904501,nan,nan,nan,nan,22.21038579940796,4.097999572753906,0.01870039477944374,4.097999572753906,13.995686259120703,6.3652496337890625,4889.9299803588765,1.4947689771652222,0.00022771973142857142,16,2048,,8061.4751143455505
adammini-stochastic-r8,adammini,stochastic,8,1.1B,sdpa,666,1203,39452672,2.375609874725342,10.757571957101405,nan,nan,nan,nan,22.21038579940796,4.097999572753906,0.01870039477944374,4.097999572753906,13.995686259120703,6.372967720031738,4890.110115505238,1.4857138395309448,0.00022743402285714287,16,2048,,8067.878988742828
adammini-stochastic-r8,adammini,stochastic,8,1.1B,sdpa,666,1204,39485440,2.3710520267486572,10.708652148735705,nan,nan,nan,nan,22.21038579940796,4.097999572753906,0.01870039477944374,4.097999572753906,13.995686259120703,7.317325115203857,4889.717242539402,1.5098892450332642,0.0002271483142857143,16,2048,,8075.202367305756
adammini-stochastic-r8,adammini,stochastic,8,1.1B,sdpa,666,1205,39518208,2.3233048915863037,10.209359438668146,nan,nan,nan,nan,22.21038579940796,4.097999572753906,0.01870039477944374,4.097999572753906,13.995686259120703,6.400359153747559,4889.896505711731,1.7387076616287231,0.00022686260571428573,16,2048,,8081.633718967438
adammini-stochastic-r8,adammini,stochastic,8,1.1B,sdpa,666,1206,39550976,2.5130207538604736,12.342156423025296,nan,nan,nan,nan,22.21038579940796,4.097999572753906,0.01870039477944374,4.097999572753906,13.995686259120703,6.355565786361694,4890.086754901609,1.5740246772766113,0.00022657689714285716,16,2048,,8088.0202832221985
adammini-stochastic-r8,adammini,stochastic,8,1.1B,sdpa,666,1207,39583744,2.2592530250549316,9.57593351214053,nan,nan,nan,nan,22.21038579940796,4.097999572753906,0.01870039477944374,4.097999572753906,13.995686259120703,6.369232416152954,4890.268382998854,1.6138789653778076,0.00022629118857142862,16,2048,,8094.420747518539
adammini-stochastic-r8,adammini,stochastic,8,1.1B,sdpa,666,1208,39616512,2.4121835231781006,11.158298968720885,nan,nan,nan,nan,22.21038579940796,4.097999572753906,0.01870039477944374,4.097999572753906,13.995686259120703,6.368368864059448,4890.4501725915725,1.636078953742981,0.00022600548,16,2048,,8100.820182800293
adammini-stochastic-r8,adammini,stochastic,8,1.1B,sdpa,666,1209,39649280,2.2091808319091797,9.10825214669977,nan,nan,nan,nan,22.21038579940796,4.097999572753906,0.01870039477944374,4.097999572753906,13.995686259120703,6.339096307754517,4890.649446858212,1.542801856994629,0.00022571977142857142,16,2048,,8107.1898584365845
adammini-stochastic-r8,adammini,stochastic,8,1.1B,sdpa,666,1210,39682048,2.6524364948272705,14.1885669342374,nan,nan,nan,nan,22.21038579940796,4.097999572753906,0.01870039477944374,4.097999572753906,13.995686259120703,6.364689111709595,4890.8329228240955,1.6559784412384033,0.00022543406285714285,16,2048,,8113.584367990494
adammini-stochastic-r8,adammini,stochastic,8,1.1B,sdpa,666,1211,39714816,2.4075827598571777,11.107080189188537,nan,nan,nan,nan,22.21038579940796,4.097999572753906,0.01870039477944374,4.097999572753906,13.995686259120703,6.352208137512207,4891.02446688838,1.8454489707946777,0.00022514835428571428,16,2048,,8119.9675879478455
adammini-stochastic-r8,adammini,stochastic,8,1.1B,sdpa,666,1212,39747584,2.334872007369995,10.328137919232224,nan,nan,nan,nan,22.21038579940796,4.097999572753906,0.01870039477944374,4.097999572753906,13.995686259120703,6.381473064422607,4891.197106930317,1.4477434158325195,0.00022486264571428574,16,2048,,8126.380514621735
adammini-stochastic-r8,adammini,stochastic,8,1.1B,sdpa,666,1213,39780352,2.541822671890259,12.70280292526775,nan,nan,nan,nan,22.21038579940796,4.097999572753906,0.01870039477944374,4.097999572753906,13.995686259120703,6.37706446647644,4891.37206728826,1.5396324396133423,0.00022457693714285717,16,2048,,8132.7891981601715
adammini-stochastic-r8,adammini,stochastic,8,1.1B,sdpa,666,1214,39813120,2.3976798057556152,10.997630117854609,nan,nan,nan,nan,22.21038579940796,4.097999572753906,0.01870039477944374,4.097999572753906,13.995686259120703,6.3779051303863525,4891.546431599359,1.53999924659729,0.0002242912285714286,16,2048,,8139.197904109955
adammini-stochastic-r8,adammini,stochastic,8,1.1B,sdpa,666,1215,39845888,2.376631498336792,10.768567762445464,nan,nan,nan,nan,22.21038579940796,4.097999572753906,0.01870039477944374,4.097999572753906,13.995686259120703,6.4089672565460205,4891.702013398748,3.1827521324157715,0.00022400552,16,2048,,8145.638012647629
adammini-stochastic-r8,adammini,stochastic,8,1.1B,sdpa,666,1216,39878656,2.367086887359619,10.666274921625833,nan,nan,nan,nan,22.21038579940796,4.097999572753906,0.01870039477944374,4.097999572753906,13.995686259120703,6.328279256820679,4891.905694922052,2.174515962600708,0.00022371981142857143,16,2048,,8151.997218132019
adammini-stochastic-r8,adammini,stochastic,8,1.1B,sdpa,666,1217,39911424,2.4828836917877197,11.975749041602088,nan,nan,nan,nan,22.21038579940796,4.097999572753906,0.01870039477944374,4.097999572753906,13.995686259120703,6.358362197875977,4892.091024435899,1.5392036437988281,0.00022343410285714286,16,2048,,8158.38666343689
adammini-stochastic-r8,adammini,stochastic,8,1.1B,sdpa,666,1218,39944192,2.096036434173584,8.133866820574973,nan,nan,nan,nan,22.21038579940796,4.097999572753906,0.01870039477944374,4.097999572753906,13.995686259120703,6.366862773895264,4892.270900247871,1.4438331127166748,0.0002231483942857143,16,2048,,8164.783979654312
adammini-stochastic-r8,adammini,stochastic,8,1.1B,sdpa,666,1219,39976960,2.3422303199768066,10.404415881061562,nan,nan,nan,nan,22.21038579940796,4.097999572753906,0.01870039477944374,4.097999572753906,13.995686259120703,6.335326433181763,4892.469732613363,1.491430401802063,0.00022286268571428572,16,2048,,8171.150192260742
adammini-stochastic-r8,adammini,stochastic,8,1.1B,sdpa,666,1220,40009728,2.246993064880371,9.4592496797423,nan,nan,nan,nan,22.21038579940796,4.097999572753906,0.01870039477944374,4.097999572753906,13.995686259120703,6.361744403839111,4892.652203417006,2.0101873874664307,0.00022257697714285715,16,2048,,8177.541148424149
adammini-stochastic-r8,adammini,stochastic,8,1.1B,sdpa,666,1221,40042496,2.3299577236175537,10.27750702804115,nan,nan,nan,nan,22.21038579940796,4.097999572753906,0.01870039477944374,4.097999572753906,13.995686259120703,6.3497700691223145,4892.842581004312,1.4279552698135376,0.0002222912685714286,16,2048,,8183.921946048737
adammini-stochastic-r8,adammini,stochastic,8,1.1B,sdpa,666,1222,40075264,2.1205174922943115,8.335449902864994,nan,nan,nan,nan,22.21038579940796,4.097999572753906,0.01870039477944374,4.097999572753906,13.995686259120703,6.345294952392578,4893.033171536378,1.6526097059249878,0.00022200555999999998,16,2048,,8190.299937725067
adammini-stochastic-r8,adammini,stochastic,8,1.1B,sdpa,666,1223,40108032,2.707019805908203,14.984552032212555,nan,nan,nan,nan,22.21038579940796,4.097999572753906,0.01870039477944374,4.097999572753906,13.995686259120703,6.362366676330566,4893.214207996978,1.748441219329834,0.00022171985142857144,16,2048,,8196.693402051926
adammini-stochastic-r8,adammini,stochastic,8,1.1B,sdpa,666,1224,40140800,2.6092371940612793,13.588681370533951,nan,nan,nan,nan,22.21038579940796,4.097999572753906,0.01870039477944374,4.097999572753906,13.995686259120703,6.421538829803467,4893.359512040353,2.045990228652954,0.00022143414285714287,16,2048,,8203.146493196487
adammini-stochastic-r8,adammini,stochastic,8,1.1B,sdpa,666,1225,40173568,2.600558042526245,13.471253470158622,nan,nan,nan,nan,22.21038579940796,4.097999572753906,0.01870039477944374,4.097999572753906,13.995686259120703,6.322989463806152,4893.563217585377,2.0361735820770264,0.0002211484342857143,16,2048,,8209.501148223877
adammini-stochastic-r8,adammini,stochastic,8,1.1B,sdpa,666,1226,40206336,2.5464606285095215,12.761854808360601,nan,nan,nan,nan,22.21038579940796,4.097999572753906,0.01870039477944374,4.097999572753906,13.995686259120703,6.365076541900635,4893.741999753695,1.9452892541885376,0.00022086272571428573,16,2048,,8215.8970515728
adammini-stochastic-r8,adammini,stochastic,8,1.1B,sdpa,666,1227,40239104,2.0862512588500977,8.054663648114147,nan,nan,nan,nan,22.21038579940796,4.097999572753906,0.01870039477944374,4.097999572753906,13.995686259120703,6.36796498298645,4893.918863610394,1.751993179321289,0.00022057701714285716,16,2048,,8222.296024799347
adammini-stochastic-r8,adammini,stochastic,8,1.1B,sdpa,666,1228,40271872,2.2394940853118896,9.388580265081512,nan,nan,nan,nan,22.21038579940796,4.097999572753906,0.01870039477944374,4.097999572753906,13.995686259120703,6.339637994766235,4894.11219193315,1.5895423889160156,0.0002202913085714286,16,2048,,8228.666579008102
adammini-stochastic-r8,adammini,stochastic,8,1.1B,sdpa,666,1229,40304640,2.378048896789551,10.783841935968166,nan,nan,nan,nan,22.21038579940796,4.097999572753906,0.01870039477944374,4.097999572753906,13.995686259120703,6.354970693588257,4894.295500740162,1.4616562128067017,0.00022000559999999997,16,2048,,8235.053303718567
adammini-stochastic-r8,adammini,stochastic,8,1.1B,sdpa,666,1230,40337408,2.341341972351074,10.395177247083332,nan,nan,nan,nan,22.21038579940796,4.097999572753906,0.01870039477944374,4.097999572753906,13.995686259120703,6.562950134277344,4894.355130749133,1.5484141111373901,0.00021971989142857142,16,2048,,8241.648651599884
adammini-stochastic-r8,adammini,stochastic,8,1.1B,sdpa,666,1231,40370176,2.5704903602600098,13.072232973120999,nan,nan,nan,nan,22.21038579940796,4.097999572753906,0.01870039477944374,4.097999572753906,13.995686259120703,6.263092517852783,4894.592830465421,7.126190662384033,0.00021943418285714288,16,2048,,8247.942624092102
adammini-stochastic-r8,adammini,stochastic,8,1.1B,sdpa,666,1232,40402944,2.5576138496398926,12.904987307542756,nan,nan,nan,nan,22.21038579940796,4.097999572753906,0.01870039477944374,4.097999572753906,13.995686259120703,6.263517618179321,4894.830183486852,5.894914150238037,0.0002191484742857143,16,2048,,8254.237071752548
adammini-stochastic-r8,adammini,stochastic,8,1.1B,sdpa,666,1233,40435712,2.409943103790283,11.133327682897985,nan,nan,nan,nan,22.21038579940796,4.097999572753906,0.01870039477944374,4.097999572753906,13.995686259120703,6.340529680252075,4895.021274092015,2.114152193069458,0.00021886276571428574,16,2048,,8260.609011650085
adammini-stochastic-r8,adammini,stochastic,8,1.1B,sdpa,666,1234,40468480,2.239068031311035,9.384581074893216,nan,nan,nan,nan,22.21038579940796,4.097999572753906,0.01870039477944374,4.097999572753906,13.995686259120703,6.371626377105713,4895.193895391925,1.5504531860351562,0.00021857705714285717,16,2048,,8267.011509656906
adammini-stochastic-r8,adammini,stochastic,8,1.1B,sdpa,666,1235,40501248,2.7386257648468018,15.465716954064979,nan,nan,nan,nan,22.21038579940796,4.097999572753906,0.01870039477944374,4.097999572753906,13.995686259120703,6.372507095336914,4895.365682686247,1.7254412174224854,0.0002182913485714286,16,2048,,8273.415400743484
adammini-stochastic-r8,adammini,stochastic,8,1.1B,sdpa,666,1236,40534016,2.3867805004119873,10.878414453290395,nan,nan,nan,nan,22.21038579940796,4.097999572753906,0.01870039477944374,4.097999572753906,13.995686259120703,6.361282110214233,4895.543921686743,1.4947738647460938,0.00021800564000000003,16,2048,,8279.807789325714
adammini-stochastic-r8,adammini,stochastic,8,1.1B,sdpa,666,1237,40566784,2.37151837348938,10.713647258398828,nan,nan,nan,nan,22.21038579940796,4.097999572753906,0.01870039477944374,4.097999572753906,13.995686259120703,6.36590051651001,4895.719046838856,1.519313097000122,0.0002177199314285714,16,2048,,8286.204818248749
adammini-stochastic-r8,adammini,stochastic,8,1.1B,sdpa,666,1238,40599552,2.2827422618865967,9.803527421538167,nan,nan,nan,nan,22.21038579940796,4.097999572753906,0.01870039477944374,4.097999572753906,13.995686259120703,6.3560261726379395,4895.899625861903,1.8662054538726807,0.00021743422285714283,16,2048,,8292.591921567917
adammini-stochastic-r8,adammini,stochastic,8,1.1B,sdpa,666,1239,40632320,2.12017822265625,8.332622417460465,nan,nan,nan,nan,22.21038579940796,4.097999572753906,0.01870039477944374,4.097999572753906,13.995686259120703,6.368388652801514,4896.072705529803,1.6001399755477905,0.00021714851428571426,16,2048,,8298.991405963898
adammini-stochastic-r8,adammini,stochastic,8,1.1B,sdpa,666,1240,40665088,2.4077749252319336,11.109214790507197,nan,nan,nan,nan,22.21038579940796,4.097999572753906,0.01870039477944374,4.097999572753906,13.995686259120703,6.366942405700684,4896.246512190687,1.507540225982666,0.00021686280571428575,16,2048,,8305.389083623886
adammini-stochastic-r8,adammini,stochastic,8,1.1B,sdpa,666,1241,40697856,2.3970844745635986,10.99108483410629,nan,nan,nan,nan,22.21038579940796,4.097999572753906,0.01870039477944374,4.097999572753906,13.995686259120703,6.334853172302246,4896.439207092734,1.478642225265503,0.00021657709714285718,16,2048,,8311.75423169136
adammini-stochastic-r8,adammini,stochastic,8,1.1B,sdpa,666,1242,40730624,2.50178599357605,12.204271257925306,nan,nan,nan,nan,22.21038579940796,4.097999572753906,0.01870039477944374,4.097999572753906,13.995686259120703,6.355694532394409,4896.619378932763,1.970872163772583,0.0002162913885714286,16,2048,,8318.140946149826
adammini-stochastic-r8,adammini,stochastic,8,1.1B,sdpa,666,1243,40763392,2.5032360553741455,12.22198104248788,nan,nan,nan,nan,22.21038579940796,4.097999572753906,0.01870039477944374,4.097999572753906,13.995686259120703,6.348248243331909,4896.8031661999175,1.559444785118103,0.00021600568000000004,16,2048,,8324.520212888718
adammini-stochastic-r8,adammini,stochastic,8,1.1B,sdpa,666,1244,40796160,2.499582290649414,12.177406281722147,nan,nan,nan,nan,22.21038579940796,4.097999572753906,0.01870039477944374,4.097999572753906,13.995686259120703,6.36389422416687,4896.977759463629,1.4949572086334229,0.0002157199714285714,16,2048,,8330.914927005768
adammini-stochastic-r8,adammini,stochastic,8,1.1B,sdpa,666,1245,40828928,2.2755544185638428,9.733313846807945,nan,nan,nan,nan,22.21038579940796,4.097999572753906,0.01870039477944374,4.097999572753906,13.995686259120703,6.348178863525391,4897.161351799927,1.5898432731628418,0.00021543426285714284,16,2048,,8337.293690681458
adammini-stochastic-r8,adammini,stochastic,8,1.1B,sdpa,666,1246,40861696,2.374904155731201,10.74998281245718,nan,nan,nan,nan,22.21038579940796,4.097999572753906,0.01870039477944374,4.097999572753906,13.995686259120703,6.364742279052734,4897.334934874615,1.4280641078948975,0.00021514855428571427,16,2048,,8343.689611673355
adammini-stochastic-r8,adammini,stochastic,8,1.1B,sdpa,666,1247,40894464,2.275012493133545,9.728040545510385,nan,nan,nan,nan,22.21038579940796,4.097999572753906,0.01870039477944374,4.097999572753906,13.995686259120703,6.3608763217926025,4897.50974915628,1.6368517875671387,0.0002148628457142857,16,2048,,8350.082173109055
adammini-stochastic-r8,adammini,stochastic,8,1.1B,sdpa,666,1248,40927232,2.3651657104492188,10.645802792114436,nan,nan,nan,nan,22.21038579940796,4.097999572753906,0.01870039477944374,4.097999572753906,13.995686259120703,6.354253768920898,4897.6877361327415,1.6784642934799194,0.00021457713714285716,16,2048,,8356.469313621521
adammini-stochastic-r8,adammini,stochastic,8,1.1B,sdpa,666,1249,40960000,2.5354080200195312,12.621579654734605,nan,nan,nan,nan,22.21038579940796,4.097999572753906,0.01870039477944374,4.097999572753906,13.995686259120703,6.356072664260864,4897.865045876445,1.5707281827926636,0.00021429142857142862,16,2048,,8362.857112884521
adammini-stochastic-r8,adammini,stochastic,8,1.1B,sdpa,666,1250,40992768,2.4189252853393555,11.233779717227616,2.4480807278361314,11.566126857741505,nan,nan,22.21038579940796,4.097999572753906,0.01870039477944374,4.097999572753906,13.995686259120703,6.338475465774536,4898.052805326372,1.5237102508544922,0.00021400572000000005,16,2048,,8387.805261135101
adammini-stochastic-r8,adammini,stochastic,8,1.1B,sdpa,666,1251,41025536,2.398623466491699,11.008013047797963,nan,nan,nan,nan,22.21038579940796,4.097999572753906,0.01870039477944374,4.097999572753906,13.995686259120703,6.466340065002441,4887.324376253284,1.7282053232192993,0.00021372001142857142,16,2048,,8394.302753686905
adammini-stochastic-r8,adammini,stochastic,8,1.1B,sdpa,666,1252,41058304,2.4347753524780273,11.413254466018383,nan,nan,nan,nan,22.21038579940796,4.097999572753906,0.01870039477944374,4.097999572753906,13.995686259120703,6.353760242462158,4887.510695296109,1.7709994316101074,0.00021343430285714285,16,2048,,8400.687244415283
adammini-stochastic-r8,adammini,stochastic,8,1.1B,sdpa,666,1253,41091072,2.3130087852478027,10.104782081883144,nan,nan,nan,nan,22.21038579940796,4.097999572753906,0.01870039477944374,4.097999572753906,13.995686259120703,6.362346649169922,4887.690690644377,1.4598464965820312,0.00021314859428571428,16,2048,,8407.082124948502
adammini-stochastic-r8,adammini,stochastic,8,1.1B,sdpa,666,1254,41123840,2.360039234161377,10.591366987683736,nan,nan,nan,nan,22.21038579940796,4.097999572753906,0.01870039477944374,4.097999572753906,13.995686259120703,6.3512866497039795,4887.876707867722,1.5596963167190552,0.0002128628857142857,16,2048,,8413.46601486206
adammini-stochastic-r8,adammini,stochastic,8,1.1B,sdpa,666,1255,41156608,2.5438923835754395,12.729121291236503,nan,nan,nan,nan,22.21038579940796,4.097999572753906,0.01870039477944374,4.097999572753906,13.995686259120703,6.356419563293457,4888.059166799172,1.5830096006393433,0.00021257717714285714,16,2048,,8419.85571718216
adammini-stochastic-r8,adammini,stochastic,8,1.1B,sdpa,666,1256,41189376,2.2889938354492188,9.865006865792214,nan,nan,nan,nan,22.21038579940796,4.097999572753906,0.01870039477944374,4.097999572753906,13.995686259120703,6.344809532165527,4888.249287862638,1.4423434734344482,0.0002122914685714286,16,2048,,8426.231603622437
adammini-stochastic-r8,adammini,stochastic,8,1.1B,sdpa,666,1257,41222144,2.4694347381591797,11.815765961979885,nan,nan,nan,nan,22.21038579940796,4.097999572753906,0.01870039477944374,4.097999572753906,13.995686259120703,6.359151363372803,4888.430884888401,1.5636892318725586,0.00021200576000000003,16,2048,,8432.62173652649
adammini-stochastic-r8,adammini,stochastic,8,1.1B,sdpa,666,1258,41254912,2.275756597518921,9.735281916975422,nan,nan,nan,nan,22.21038579940796,4.097999572753906,0.01870039477944374,4.097999572753906,13.995686259120703,6.351543426513672,4888.616722516479,1.619651198387146,0.00021172005142857143,16,2048,,8439.00423693657
adammini-stochastic-r8,adammini,stochastic,8,1.1B,sdpa,666,1259,41287680,2.4314537048339844,11.375406549730537,nan,nan,nan,nan,22.21038579940796,4.097999572753906,0.01870039477944374,4.097999572753906,13.995686259120703,6.352753400802612,4888.801556065024,1.5203698873519897,0.00021143434285714286,16,2048,,8445.387770175934
adammini-stochastic-r8,adammini,stochastic,8,1.1B,sdpa,666,1260,41320448,2.2276761531829834,9.278279706722255,nan,nan,nan,nan,22.21038579940796,4.097999572753906,0.01870039477944374,4.097999572753906,13.995686259120703,6.3574113845825195,4888.98339567896,1.5920761823654175,0.0002111486342857143,16,2048,,8451.77579832077
adammini-stochastic-r8,adammini,stochastic,8,1.1B,sdpa,666,1261,41353216,2.2773277759552,9.750589804556821,nan,nan,nan,nan,22.21038579940796,4.097999572753906,0.01870039477944374,4.097999572753906,13.995686259120703,6.34558892250061,4889.171933844151,1.5065081119537354,0.00021086292571428572,16,2048,,8458.15236568451
adammini-stochastic-r8,adammini,stochastic,8,1.1B,sdpa,666,1262,41385984,2.380725145339966,10.812740830380788,nan,nan,nan,nan,22.21038579940796,4.097999572753906,0.01870039477944374,4.097999572753906,13.995686259120703,6.375236988067627,4889.342951367812,1.5834310054779053,0.00021057721714285715,16,2048,,8464.558349132538
adammini-stochastic-r8,adammini,stochastic,8,1.1B,sdpa,666,1263,41418752,2.2701475620269775,9.680829231464385,nan,nan,nan,nan,22.21038579940796,4.097999572753906,0.01870039477944374,4.097999572753906,13.995686259120703,6.337885141372681,4889.535313696117,1.478722333908081,0.00021029150857142858,16,2048,,8470.92723274231
adammini-stochastic-r8,adammini,stochastic,8,1.1B,sdpa,666,1264,41451520,2.302814245223999,10.002291784873313,nan,nan,nan,nan,22.21038579940796,4.097999572753906,0.01870039477944374,4.097999572753906,13.995686259120703,6.368659496307373,4889.709463265268,2.101794719696045,0.00021000580000000003,16,2048,,8477.326918363571
adammini-stochastic-r8,adammini,stochastic,8,1.1B,sdpa,666,1265,41484288,2.3487727642059326,10.472709351209645,nan,nan,nan,nan,22.21038579940796,4.097999572753906,0.01870039477944374,4.097999572753906,13.995686259120703,6.366921424865723,4889.884393669108,1.4537361860275269,0.00020972009142857146,16,2048,,8483.72454738617
adammini-stochastic-r8,adammini,stochastic,8,1.1B,sdpa,666,1266,41517056,2.3286375999450684,10.263948399221816,nan,nan,nan,nan,22.21038579940796,4.097999572753906,0.01870039477944374,4.097999572753906,13.995686259120703,6.36100172996521,4890.062664321672,1.4598606824874878,0.00020943438285714284,16,2048,,8490.116358280182
adammini-stochastic-r8,adammini,stochastic,8,1.1B,sdpa,666,1267,41549824,2.5140292644500732,12.35460989715115,nan,nan,nan,nan,22.21038579940796,4.097999572753906,0.01870039477944374,4.097999572753906,13.995686259120703,6.358692646026611,4890.241746028636,1.5045292377471924,0.0002091486742857143,16,2048,,8496.506200790405
adammini-stochastic-r8,adammini,stochastic,8,1.1B,sdpa,666,1268,41582592,2.5290236473083496,12.541255468621584,nan,nan,nan,nan,22.21038579940796,4.097999572753906,0.01870039477944374,4.097999572753906,13.995686259120703,6.350751876831055,4890.425279983256,1.5050950050354004,0.00020886296571428573,16,2048,,8502.887682914734
adammini-stochastic-r8,adammini,stochastic,8,1.1B,sdpa,666,1269,41615360,2.201117753982544,9.035106884125227,nan,nan,nan,nan,22.21038579940796,4.097999572753906,0.01870039477944374,4.097999572753906,13.995686259120703,6.343858480453491,4890.612462204601,1.4503058195114136,0.00020857725714285716,16,2048,,8509.262501239777
adammini-stochastic-r8,adammini,stochastic,8,1.1B,sdpa,666,1270,41648128,2.2934181690216064,9.908749641822256,nan,nan,nan,nan,22.21038579940796,4.097999572753906,0.01870039477944374,4.097999572753906,13.995686259120703,6.334410667419434,4890.804782575517,1.490260362625122,0.0002082915485714286,16,2048,,8515.626051902771
adammini-stochastic-r8,adammini,stochastic,8,1.1B,sdpa,666,1271,41680896,2.384770393371582,10.856569638372907,nan,nan,nan,nan,22.21038579940796,4.097999572753906,0.01870039477944374,4.097999572753906,13.995686259120703,6.351649761199951,4890.988050547196,1.409472942352295,0.00020800584000000002,16,2048,,8522.008503198624
adammini-stochastic-r8,adammini,stochastic,8,1.1B,sdpa,666,1272,41713664,2.310081958770752,10.075250376311434,nan,nan,nan,nan,22.21038579940796,4.097999572753906,0.01870039477944374,4.097999572753906,13.995686259120703,6.35304856300354,4891.169007314169,1.7883259057998657,0.00020772013142857147,16,2048,,8528.392484426498
adammini-stochastic-r8,adammini,stochastic,8,1.1B,sdpa,666,1273,41746432,2.3495545387268066,10.480899849689303,nan,nan,nan,nan,22.21038579940796,4.097999572753906,0.01870039477944374,4.097999572753906,13.995686259120703,6.367364406585693,4891.34135573585,1.6168303489685059,0.00020743442285714285,16,2048,,8534.791185617447
adammini-stochastic-r8,adammini,stochastic,8,1.1B,sdpa,666,1274,41779200,2.2558066844940186,9.542988386738166,nan,nan,nan,nan,22.21038579940796,4.097999572753906,0.01870039477944374,4.097999572753906,13.995686259120703,6.350390195846558,4891.523276700525,1.383134365081787,0.00020714871428571428,16,2048,,8541.172806501389
adammini-stochastic-r8,adammini,stochastic,8,1.1B,sdpa,666,1275,41811968,2.3490326404571533,10.475431313327297,nan,nan,nan,nan,22.21038579940796,4.097999572753906,0.01870039477944374,4.097999572753906,13.995686259120703,6.368496894836426,4891.694294740105,1.591546654701233,0.0002068630057142857,16,2048,,8547.572711467743
adammini-stochastic-r8,adammini,stochastic,8,1.1B,sdpa,666,1276,41844736,2.1727471351623535,8.782377309371592,nan,nan,nan,nan,22.21038579940796,4.097999572753906,0.01870039477944374,4.097999572753906,13.995686259120703,6.360109090805054,4891.870123829837,1.6650830507278442,0.00020657729714285717,16,2048,,8553.96402835846
adammini-stochastic-r8,adammini,stochastic,8,1.1B,sdpa,666,1277,41877504,2.3190736770629883,10.166252709958053,nan,nan,nan,nan,22.21038579940796,4.097999572753906,0.01870039477944374,4.097999572753906,13.995686259120703,6.42453932762146,4892.008699402001,1.6867523193359375,0.0002062915885714286,16,2048,,8560.420173168182
adammini-stochastic-r8,adammini,stochastic,8,1.1B,sdpa,666,1278,41910272,2.8289010524749756,16.926848880955273,nan,nan,nan,nan,22.21038579940796,4.097999572753906,0.01870039477944374,4.097999572753906,13.995686259120703,6.289172172546387,4892.224483219857,2.4049911499023438,0.00020600588000000002,16,2048,,8566.740127801895
adammini-stochastic-r8,adammini,stochastic,8,1.1B,sdpa,666,1279,41943040,2.499722719192505,12.179116457220832,nan,nan,nan,nan,22.21038579940796,4.097999572753906,0.01870039477944374,4.097999572753906,13.995686259120703,6.35871434211731,4892.400630907079,1.6579093933105469,0.00020572017142857145,16,2048,,8573.129717111588
adammini-stochastic-r8,adammini,stochastic,8,1.1B,sdpa,666,1280,41975808,2.529928684234619,12.552610905692301,nan,nan,nan,nan,22.21038579940796,4.097999572753906,0.01870039477944374,4.097999572753906,13.995686259120703,6.3335254192352295,4892.590688776606,1.6481993198394775,0.00020543446285714286,16,2048,,8579.494176387787
adammini-stochastic-r8,adammini,stochastic,8,1.1B,sdpa,666,1281,42008576,2.4392526149749756,11.464469167484683,nan,nan,nan,nan,22.21038579940796,4.097999572753906,0.01870039477944374,4.097999572753906,13.995686259120703,6.345860242843628,4892.773472905342,1.6677500009536743,0.0002051487542857143,16,2048,,8585.870805978775
adammini-stochastic-r8,adammini,stochastic,8,1.1B,sdpa,666,1282,42041344,2.234506607055664,9.341871501447189,nan,nan,nan,nan,22.21038579940796,4.097999572753906,0.01870039477944374,4.097999572753906,13.995686259120703,6.346267938613892,4892.955519626839,1.5102518796920776,0.00020486304571428572,16,2048,,8592.248338222504
adammini-stochastic-r8,adammini,stochastic,8,1.1B,sdpa,666,1283,42074112,2.2882301807403564,9.857476282594819,nan,nan,nan,nan,22.21038579940796,4.097999572753906,0.01870039477944374,4.097999572753906,13.995686259120703,6.362771987915039,4893.127898246349,1.4421718120574951,0.00020457733714285715,16,2048,,8598.642436981201
adammini-stochastic-r8,adammini,stochastic,8,1.1B,sdpa,666,1284,42106880,1.9330743551254272,6.910723634747709,nan,nan,nan,nan,22.21038579940796,4.097999572753906,0.01870039477944374,4.097999572753906,13.995686259120703,6.343156814575195,4893.311193059298,2.790275812149048,0.00020429162857142858,16,2048,,8605.019494533539
adammini-stochastic-r8,adammini,stochastic,8,1.1B,sdpa,666,1285,42139648,2.383993148803711,10.84813470702269,nan,nan,nan,nan,22.21038579940796,4.097999572753906,0.01870039477944374,4.097999572753906,13.995686259120703,6.358263254165649,4893.483895106496,1.620792031288147,0.00020400592,16,2048,,8611.409446954727
adammini-stochastic-r8,adammini,stochastic,8,1.1B,sdpa,666,1286,42172416,2.1241133213043213,8.36547670871313,nan,nan,nan,nan,22.21038579940796,4.097999572753906,0.01870039477944374,4.097999572753906,13.995686259120703,6.358479261398315,4893.658079719188,1.6613733768463135,0.00020372021142857146,16,2048,,8617.79906129837
adammini-stochastic-r8,adammini,stochastic,8,1.1B,sdpa,666,1287,42205184,2.271855592727661,9.69737851431803,nan,nan,nan,nan,22.21038579940796,4.097999572753906,0.01870039477944374,4.097999572753906,13.995686259120703,6.352887392044067,4893.8352092730975,1.4711755514144897,0.00020343450285714284,16,2048,,8624.18283700943
adammini-stochastic-r8,adammini,stochastic,8,1.1B,sdpa,666,1288,42237952,2.4043338298797607,11.071052620614966,nan,nan,nan,nan,22.21038579940796,4.097999572753906,0.01870039477944374,4.097999572753906,13.995686259120703,6.3421454429626465,4894.018203927201,1.6169872283935547,0.0002031487942857143,16,2048,,8630.555741548538
adammini-stochastic-r8,adammini,stochastic,8,1.1B,sdpa,666,1289,42270720,2.205854892730713,9.078008975390711,nan,nan,nan,nan,22.21038579940796,4.097999572753906,0.01870039477944374,4.097999572753906,13.995686259120703,6.344090461730957,4894.199903498763,1.4806135892868042,0.00020286308571428573,16,2048,,8636.930442810059
adammini-stochastic-r8,adammini,stochastic,8,1.1B,sdpa,666,1290,42303488,2.110059976577759,8.248736000746984,nan,nan,nan,nan,22.21038579940796,4.097999572753906,0.01870039477944374,4.097999572753906,13.995686259120703,6.34556770324707,4894.3806174773545,1.509365200996399,0.00020257737714285715,16,2048,,8643.305614709854
adammini-stochastic-r8,adammini,stochastic,8,1.1B,sdpa,666,1291,42336256,2.238894462585449,9.382952346468135,nan,nan,nan,nan,22.21038579940796,4.097999572753906,0.01870039477944374,4.097999572753906,13.995686259120703,6.338688611984253,4894.565484120907,1.4567999839782715,0.00020229166857142858,16,2048,,8649.675133943558
adammini-stochastic-r8,adammini,stochastic,8,1.1B,sdpa,666,1292,42369024,2.281644582748413,9.792772197979112,nan,nan,nan,nan,22.21038579940796,4.097999572753906,0.01870039477944374,4.097999572753906,13.995686259120703,6.358899354934692,4894.737912262933,2.335691213607788,0.00020200596000000001,16,2048,,8656.064878702164
adammini-stochastic-r8,adammini,stochastic,8,1.1B,sdpa,666,1293,42401792,2.41841983795166,11.228103067360376,nan,nan,nan,nan,22.21038579940796,4.097999572753906,0.01870039477944374,4.097999572753906,13.995686259120703,6.3408043384552,4894.920364145807,1.6245657205581665,0.00020172025142857144,16,2048,,8662.436497449875
adammini-stochastic-r8,adammini,stochastic,8,1.1B,sdpa,666,1294,42434560,2.3648769855499268,10.642729527460764,nan,nan,nan,nan,22.21038579940796,4.097999572753906,0.01870039477944374,4.097999572753906,13.995686259120703,6.374417781829834,4895.083441784755,1.59684157371521,0.00020143454285714282,16,2048,,8668.841935873032
adammini-stochastic-r8,adammini,stochastic,8,1.1B,sdpa,666,1295,42467328,2.2844719886779785,9.82049951988421,nan,nan,nan,nan,22.21038579940796,4.097999572753906,0.01870039477944374,4.097999572753906,13.995686259120703,6.380382776260376,4895.242975643284,1.405700445175171,0.00020114883428571428,16,2048,,8675.253405332565
adammini-stochastic-r8,adammini,stochastic,8,1.1B,sdpa,666,1296,42500096,2.2860093116760254,9.83560841029514,nan,nan,nan,nan,22.21038579940796,4.097999572753906,0.01870039477944374,4.097999572753906,13.995686259120703,6.378972053527832,4895.403085887158,1.4550554752349854,0.00020086312571428573,16,2048,,8681.663226366043
adammini-stochastic-r8,adammini,stochastic,8,1.1B,sdpa,666,1297,42532864,2.3338732719421387,10.317827991290635,nan,nan,nan,nan,22.21038579940796,4.097999572753906,0.01870039477944374,4.097999572753906,13.995686259120703,6.3470375537872314,4895.581019105063,1.5698660612106323,0.00020057741714285716,16,2048,,8688.041015148163
adammini-stochastic-r8,adammini,stochastic,8,1.1B,sdpa,666,1298,42565632,2.248324394226074,9.471851443116647,nan,nan,nan,nan,22.21038579940796,4.097999572753906,0.01870039477944374,4.097999572753906,13.995686259120703,6.350517511367798,4895.756778451251,1.425615906715393,0.0002002917085714286,16,2048,,8694.422446012497
adammini-stochastic-r8,adammini,stochastic,8,1.1B,sdpa,666,1299,42598400,2.309983730316162,10.074260748642956,nan,nan,nan,nan,22.21038579940796,4.097999572753906,0.01870039477944374,4.097999572753906,13.995686259120703,6.348368883132935,4895.87686196158,1.4539060592651367,0.00020000600000000002,16,2048,,8700.902077913284
adammini-stochastic-r8,adammini,stochastic,8,1.1B,sdpa,666,1300,42631168,2.475285768508911,11.885103016022375,2.447382298497188,11.558051555748298,nan,nan,22.21038579940796,4.097999572753906,0.01870039477944374,4.097999572753906,13.995686259120703,6.3544182777404785,4896.049897614896,1.503114938735962,0.00019972029142857145,16,2048,,8724.493445634842
adammini-stochastic-r8,adammini,stochastic,8,1.1B,sdpa,666,1301,42663936,2.4829869270324707,11.976985424803537,nan,nan,nan,nan,22.21038579940796,4.097999572753906,0.01870039477944374,4.097999572753906,13.995686259120703,6.351424217224121,4886.574912328787,1.573830246925354,0.00019943458285714288,16,2048,,8730.875156402588
adammini-stochastic-r8,adammini,stochastic,8,1.1B,sdpa,666,1302,42696704,2.3687660694122314,10.684200585056603,nan,nan,nan,nan,22.21038579940796,4.097999572753906,0.01870039477944374,4.097999572753906,13.995686259120703,6.366120100021362,4886.748028429535,1.6118823289871216,0.00019914887428571426,16,2048,,8737.272376298904
adammini-stochastic-r8,adammini,stochastic,8,1.1B,sdpa,666,1303,42729472,2.1441097259521484,8.534439863819681,nan,nan,nan,nan,22.21038579940796,4.097999572753906,0.01870039477944374,4.097999572753906,13.995686259120703,6.35664176940918,4886.925804366037,1.6755164861679077,0.0001988631657142857,16,2048,,8743.659811496735
adammini-stochastic-r8,adammini,stochastic,8,1.1B,sdpa,666,1304,42762240,2.4635984897613525,11.747007059004705,nan,nan,nan,nan,22.21038579940796,4.097999572753906,0.01870039477944374,4.097999572753906,13.995686259120703,6.375894546508789,4887.092514356461,1.9361584186553955,0.00019857745714285717,16,2048,,8750.066554546356
adammini-stochastic-r8,adammini,stochastic,8,1.1B,sdpa,666,1305,42795008,2.5478265285491943,12.779298136559003,nan,nan,nan,nan,22.21038579940796,4.097999572753906,0.01870039477944374,4.097999572753906,13.995686259120703,6.334872484207153,4887.281878127995,1.690032958984375,0.0001982917485714286,16,2048,,8756.432404279709
adammini-stochastic-r8,adammini,stochastic,8,1.1B,sdpa,666,1306,42827776,2.0851492881774902,8.045792533747852,nan,nan,nan,nan,22.21038579940796,4.097999572753906,0.01870039477944374,4.097999572753906,13.995686259120703,6.3599324226379395,4887.456929553267,1.7518306970596313,0.00019800604000000003,16,2048,,8762.823126077652
adammini-stochastic-r8,adammini,stochastic,8,1.1B,sdpa,666,1307,42860544,2.2611236572265625,9.593863326256866,nan,nan,nan,nan,22.21038579940796,4.097999572753906,0.01870039477944374,4.097999572753906,13.995686259120703,6.340618371963501,4887.642516729401,1.5939464569091797,0.00019772033142857146,16,2048,,8769.19461607933
adammini-stochastic-r8,adammini,stochastic,8,1.1B,sdpa,666,1308,42893312,2.365825891494751,10.652833269770962,nan,nan,nan,nan,22.21038579940796,4.097999572753906,0.01870039477944374,4.097999572753906,13.995686259120703,6.36186408996582,4887.816110485206,1.5322157144546509,0.0001974346228571429,16,2048,,8775.587507724762
adammini-stochastic-r8,adammini,stochastic,8,1.1B,sdpa,666,1309,42926080,2.3915960788726807,10.930926648437207,nan,nan,nan,nan,22.21038579940796,4.097999572753906,0.01870039477944374,4.097999572753906,13.995686259120703,6.358857154846191,4887.990963131221,1.7403039932250977,0.00019714891428571427,16,2048,,8781.977148532867
adammini-stochastic-r8,adammini,stochastic,8,1.1B,sdpa,666,1310,42958848,2.4374682903289795,11.44403107211711,nan,nan,nan,nan,22.21038579940796,4.097999572753906,0.01870039477944374,4.097999572753906,13.995686259120703,6.346870422363281,4888.172298288702,1.7864985466003418,0.0001968632057142857,16,2048,,8788.353694200516
adammini-stochastic-r8,adammini,stochastic,8,1.1B,sdpa,666,1311,42991616,2.205549716949463,9.075239009594187,nan,nan,nan,nan,22.21038579940796,4.097999572753906,0.01870039477944374,4.097999572753906,13.995686259120703,6.343945026397705,4888.355538870905,1.5203884840011597,0.00019657749714285713,16,2048,,8794.72866678238
adammini-stochastic-r8,adammini,stochastic,8,1.1B,sdpa,666,1312,43024384,3.239645481109619,25.52467116504635,nan,nan,nan,nan,22.21038579940796,4.097999572753906,0.01870039477944374,4.097999572753906,13.995686259120703,6.440741300582886,4888.483135060625,8.596539497375488,0.00019629178857142858,16,2048,,8801.202373027802
adammini-stochastic-r8,adammini,stochastic,8,1.1B,sdpa,666,1313,43057152,3.3954198360443115,29.827173369083027,nan,nan,nan,nan,22.21038579940796,4.097999572753906,0.01870039477944374,4.097999572753906,13.995686259120703,6.279947519302368,4888.700355392026,7.597444534301758,0.00019600608000000004,16,2048,,8807.514459848404
adammini-stochastic-r8,adammini,stochastic,8,1.1B,sdpa,666,1314,43089920,2.2513113021850586,9.500185285803214,nan,nan,nan,nan,22.21038579940796,4.097999572753906,0.01870039477944374,4.097999572753906,13.995686259120703,6.360766410827637,4888.872472555222,1.5783568620681763,0.00019572037142857147,16,2048,,8813.90674829483
adammini-stochastic-r8,adammini,stochastic,8,1.1B,sdpa,666,1315,43122688,2.4828574657440186,11.975434969202825,nan,nan,nan,nan,22.21038579940796,4.097999572753906,0.01870039477944374,4.097999572753906,13.995686259120703,6.356344938278198,4889.047167154783,1.738440752029419,0.0001954346628571429,16,2048,,8820.293950796127
adammini-stochastic-r8,adammini,stochastic,8,1.1B,sdpa,666,1316,43155456,2.257758855819702,9.56163613090164,nan,nan,nan,nan,22.21038579940796,4.097999572753906,0.01870039477944374,4.097999572753906,13.995686259120703,6.339447498321533,4889.230981770271,1.7904123067855835,0.00019514895428571427,16,2048,,8826.664598464966
adammini-stochastic-r8,adammini,stochastic,8,1.1B,sdpa,666,1317,43188224,2.232774019241333,9.325699902124104,nan,nan,nan,nan,22.21038579940796,4.097999572753906,0.01870039477944374,4.097999572753906,13.995686259120703,6.348968982696533,4889.409282117752,2.096259117126465,0.0001948632457142857,16,2048,,8833.044255018234
adammini-stochastic-r8,adammini,stochastic,8,1.1B,sdpa,666,1318,43220992,2.4171392917633057,11.213734164760254,nan,nan,nan,nan,22.21038579940796,4.097999572753906,0.01870039477944374,4.097999572753906,13.995686259120703,6.351875066757202,4889.585791149705,1.49077308177948,0.00019457753714285713,16,2048,,8839.427018880844
adammini-stochastic-r8,adammini,stochastic,8,1.1B,sdpa,666,1319,43253760,2.322434186935425,10.200473970792865,nan,nan,nan,nan,22.21038579940796,4.097999572753906,0.01870039477944374,4.097999572753906,13.995686259120703,6.345774173736572,4889.765353065389,1.8466459512710571,0.00019429182857142856,16,2048,,8845.80394744873
adammini-stochastic-r8,adammini,stochastic,8,1.1B,sdpa,666,1320,43286528,2.3892853260040283,10.905697139134046,nan,nan,nan,nan,22.21038579940796,4.097999572753906,0.01870039477944374,4.097999572753906,13.995686259120703,6.365384578704834,4889.933813472662,1.5770459175109863,0.00019400612000000002,16,2048,,8852.199012041092
adammini-stochastic-r8,adammini,stochastic,8,1.1B,sdpa,666,1321,43319296,2.2760720252990723,9.738353179694968,nan,nan,nan,nan,22.21038579940796,4.097999572753906,0.01870039477944374,4.097999572753906,13.995686259120703,6.356014728546143,4890.108036449326,1.6557424068450928,0.00019372041142857145,16,2048,,8858.586297988892
adammini-stochastic-r8,adammini,stochastic,8,1.1B,sdpa,666,1322,43352064,2.423480272293091,11.28506615313013,nan,nan,nan,nan,22.21038579940796,4.097999572753906,0.01870039477944374,4.097999572753906,13.995686259120703,6.370989799499512,4890.272618842861,1.4835095405578613,0.00019343470285714288,16,2048,,8864.988241195679
adammini-stochastic-r8,adammini,stochastic,8,1.1B,sdpa,666,1323,43384832,2.3436577320098877,10.41927787405774,nan,nan,nan,nan,22.21038579940796,4.097999572753906,0.01870039477944374,4.097999572753906,13.995686259120703,6.365135431289673,4890.440456717941,1.4353071451187134,0.00019314899428571428,16,2048,,8871.384402275085
adammini-stochastic-r8,adammini,stochastic,8,1.1B,sdpa,666,1324,43417600,2.5256872177124023,12.499482178277706,nan,nan,nan,nan,22.21038579940796,4.097999572753906,0.01870039477944374,4.097999572753906,13.995686259120703,6.364717483520508,4890.608311752077,1.835092544555664,0.0001928632857142857,16,2048,,8877.78001332283
adammini-stochastic-r8,adammini,stochastic,8,1.1B,sdpa,666,1325,43450368,2.3769919872283936,10.772450411286126,nan,nan,nan,nan,22.21038579940796,4.097999572753906,0.01870039477944374,4.097999572753906,13.995686259120703,6.356606721878052,4890.780520336428,1.503666639328003,0.00019257757714285714,16,2048,,8884.16745519638
adammini-stochastic-r8,adammini,stochastic,8,1.1B,sdpa,666,1326,43483136,2.531399965286255,12.571092917049004,nan,nan,nan,nan,22.21038579940796,4.097999572753906,0.01870039477944374,4.097999572753906,13.995686259120703,6.356171131134033,4890.952641099192,1.559014916419983,0.00019229186857142857,16,2048,,8890.554591417313
adammini-stochastic-r8,adammini,stochastic,8,1.1B,sdpa,666,1327,43515904,2.35174298286438,10.503861829863002,nan,nan,nan,nan,22.21038579940796,4.097999572753906,0.01870039477944374,4.097999572753906,13.995686259120703,6.358281135559082,4891.123322633426,1.4554392099380493,0.00019200616,16,2048,,8896.943787813187
adammini-stochastic-r8,adammini,stochastic,8,1.1B,sdpa,666,1328,43548672,2.254814624786377,9.533525866937575,nan,nan,nan,nan,22.21038579940796,4.097999572753906,0.01870039477944374,4.097999572753906,13.995686259120703,6.336372137069702,4891.305857539506,1.4916678667068481,0.00019172045142857146,16,2048,,8903.310844659805
adammini-stochastic-r8,adammini,stochastic,8,1.1B,sdpa,666,1329,43581440,2.196190357208252,8.99069683044013,nan,nan,nan,nan,22.21038579940796,4.097999572753906,0.01870039477944374,4.097999572753906,13.995686259120703,6.354640960693359,4891.478168687363,1.7009021043777466,0.0001914347428571429,16,2048,,8909.696375846863
adammini-stochastic-r8,adammini,stochastic,8,1.1B,sdpa,666,1330,43614208,2.5965754985809326,13.417710300996484,nan,nan,nan,nan,22.21038579940796,4.097999572753906,0.01870039477944374,4.097999572753906,13.995686259120703,6.342083930969238,4891.657058158893,1.552088975906372,0.00019114903428571432,16,2048,,8916.067210912704
adammini-stochastic-r8,adammini,stochastic,8,1.1B,sdpa,666,1331,43646976,2.4431838989257812,11.509627958982728,nan,nan,nan,nan,22.21038579940796,4.097999572753906,0.01870039477944374,4.097999572753906,13.995686259120703,6.36295485496521,4891.825331533307,1.5119924545288086,0.0001908633257142857,16,2048,,8922.46128153801
adammini-stochastic-r8,adammini,stochastic,8,1.1B,sdpa,666,1332,43679744,2.2799224853515625,9.77592260295501,nan,nan,nan,nan,22.21038579940796,4.097999572753906,0.01870039477944374,4.097999572753906,13.995686259120703,6.329670429229736,4892.010411212894,1.6057249307632446,0.00019057761714285715,16,2048,,8928.821778059006
adammini-stochastic-r8,adammini,stochastic,8,1.1B,sdpa,666,1333,43712512,2.252305507659912,9.50963511878594,nan,nan,nan,nan,22.21038579940796,4.097999572753906,0.01870039477944374,4.097999572753906,13.995686259120703,6.373868942260742,4892.1710472849,1.6774489879608154,0.00019029190857142858,16,2048,,8935.226465702057
adammini-stochastic-r8,adammini,stochastic,8,1.1B,sdpa,666,1334,43745280,2.6083614826202393,13.576786815648159,nan,nan,nan,nan,22.21038579940796,4.097999572753906,0.01870039477944374,4.097999572753906,13.995686259120703,6.324780702590942,4892.358495188848,4.20466947555542,0.0001900062,16,2048,,8941.582253694534
adammini-stochastic-r8,adammini,stochastic,8,1.1B,sdpa,666,1335,43778048,2.3783414363861084,10.786997098219901,nan,nan,nan,nan,22.21038579940796,4.097999572753906,0.01870039477944374,4.097999572753906,13.995686259120703,6.373054265975952,4892.519071749451,1.4900832176208496,0.00018972049142857144,16,2048,,8947.986430644989
adammini-stochastic-r8,adammini,stochastic,8,1.1B,sdpa,666,1336,43810816,2.219548225402832,9.203172167157279,nan,nan,nan,nan,22.21038579940796,4.097999572753906,0.01870039477944374,4.097999572753906,13.995686259120703,6.34294867515564,4892.695210289548,1.6047377586364746,0.0001894347828571429,16,2048,,8954.361368656158
adammini-stochastic-r8,adammini,stochastic,8,1.1B,sdpa,666,1337,43843584,1.9438904523849487,6.985876390811729,nan,nan,nan,nan,22.21038579940796,4.097999572753906,0.01870039477944374,4.097999572753906,13.995686259120703,6.353914976119995,4892.865576529307,2.3858749866485596,0.00018914907428571433,16,2048,,8960.746808767319
adammini-stochastic-r8,adammini,stochastic,8,1.1B,sdpa,666,1338,43876352,2.2603323459625244,9.586274597060592,nan,nan,nan,nan,22.21038579940796,4.097999572753906,0.01870039477944374,4.097999572753906,13.995686259120703,6.3723955154418945,4893.0256771183385,1.8137301206588745,0.0001888633657142857,16,2048,,8967.150532007217
adammini-stochastic-r8,adammini,stochastic,8,1.1B,sdpa,666,1339,43909120,2.020873546600342,7.544912888803973,nan,nan,nan,nan,22.21038579940796,4.097999572753906,0.01870039477944374,4.097999572753906,13.995686259120703,6.300164699554443,4893.224481070258,1.677128553390503,0.00018857765714285713,16,2048,,8973.482541322708
adammini-stochastic-r8,adammini,stochastic,8,1.1B,sdpa,666,1340,43941888,2.2751471996307373,9.729351064042515,nan,nan,nan,nan,22.21038579940796,4.097999572753906,0.01870039477944374,4.097999572753906,13.995686259120703,6.3545167446136475,4893.393999055397,1.8319777250289917,0.00018829194857142856,16,2048,,8979.868046045303
adammini-stochastic-r8,adammini,stochastic,8,1.1B,sdpa,666,1341,43974656,2.3457510471343994,10.441111550427607,nan,nan,nan,nan,22.21038579940796,4.097999572753906,0.01870039477944374,4.097999572753906,13.995686259120703,6.3500730991363525,4893.565935903677,1.4758329391479492,0.00018800624000000002,16,2048,,8986.247830152512
adammini-stochastic-r8,adammini,stochastic,8,1.1B,sdpa,666,1342,44007424,2.4950451850891113,12.122281252573275,nan,nan,nan,nan,22.21038579940796,4.097999572753906,0.01870039477944374,4.097999572753906,13.995686259120703,6.374345302581787,4893.724829174658,1.4975883960723877,0.00018772053142857145,16,2048,,8992.653214216232
adammini-stochastic-r8,adammini,stochastic,8,1.1B,sdpa,666,1343,44040192,2.2355544567108154,9.351665508705869,nan,nan,nan,nan,22.21038579940796,4.097999572753906,0.01870039477944374,4.097999572753906,13.995686259120703,6.350357532501221,4893.895767383145,3.0078558921813965,0.00018743482285714288,16,2048,,8999.034639120102
adammini-stochastic-r8,adammini,stochastic,8,1.1B,sdpa,666,1344,44072960,2.3967361450195312,10.987256981253045,nan,nan,nan,nan,22.21038579940796,4.097999572753906,0.01870039477944374,4.097999572753906,13.995686259120703,6.364942789077759,4894.058691541909,2.0110256671905518,0.00018714911428571434,16,2048,,9005.430650949478
adammini-stochastic-r8,adammini,stochastic,8,1.1B,sdpa,666,1345,44105728,2.412175416946411,11.158208517330795,nan,nan,nan,nan,22.21038579940796,4.097999572753906,0.01870039477944374,4.097999572753906,13.995686259120703,6.38457989692688,4894.210617443379,1.4892385005950928,0.0001868634057142857,16,2048,,9011.846103191376
adammini-stochastic-r8,adammini,stochastic,8,1.1B,sdpa,666,1346,44138496,2.360020875930786,10.591172550711068,nan,nan,nan,nan,22.21038579940796,4.097999572753906,0.01870039477944374,4.097999572753906,13.995686259120703,6.368632793426514,4894.371152268202,1.4583308696746826,0.00018657769714285714,16,2048,,9018.24559879303
adammini-stochastic-r8,adammini,stochastic,8,1.1B,sdpa,666,1347,44171264,2.586015224456787,13.276761142851285,nan,nan,nan,nan,22.21038579940796,4.097999572753906,0.01870039477944374,4.097999572753906,13.995686259120703,6.354447364807129,4894.5390959229735,1.5312626361846924,0.00018629198857142857,16,2048,,9024.630987167358
adammini-stochastic-r8,adammini,stochastic,8,1.1B,sdpa,666,1348,44204032,2.3662586212158203,10.65744406488248,nan,nan,nan,nan,22.21038579940796,4.097999572753906,0.01870039477944374,4.097999572753906,13.995686259120703,6.3571226596832275,4894.705357015231,1.4427521228790283,0.00018600628,16,2048,,9031.019035816193
adammini-stochastic-r8,adammini,stochastic,8,1.1B,sdpa,666,1349,44236800,2.3113279342651367,10.08781171531532,nan,nan,nan,nan,22.21038579940796,4.097999572753906,0.01870039477944374,4.097999572753906,13.995686259120703,6.351567029953003,4894.874349263959,1.5017038583755493,0.00018572057142857143,16,2048,,9037.401613235474
adammini-stochastic-r8,adammini,stochastic,8,1.1B,sdpa,666,1350,44269568,2.397322177886963,10.993697762037261,2.4469220414661175,11.552733105275289,nan,nan,22.21038579940796,4.097999572753906,0.01870039477944374,4.097999572753906,13.995686259120703,6.333537340164185,4895.052941544383,1.5112895965576172,0.0001854348628571429,16,2048,,9056.804723501205
adammini-stochastic-r8,adammini,stochastic,8,1.1B,sdpa,666,1351,44302336,2.4213411808013916,11.260952164347712,nan,nan,nan,nan,22.21038579940796,4.097999572753906,0.01870039477944374,4.097999572753906,13.995686259120703,6.361467123031616,4888.173318525981,1.724893569946289,0.00018514915428571432,16,2048,,9063.189675092697
adammini-stochastic-r8,adammini,stochastic,8,1.1B,sdpa,666,1352,44335104,2.3212759494781494,10.188666239156483,nan,nan,nan,nan,22.21038579940796,4.097999572753906,0.01870039477944374,4.097999572753906,13.995686259120703,6.382413148880005,4888.334046077568,1.416656494140625,0.0001848634457142857,16,2048,,9069.602755784988
adammini-stochastic-r8,adammini,stochastic,8,1.1B,sdpa,666,1353,44367872,2.305051326751709,10.024692774137451,nan,nan,nan,nan,22.21038579940796,4.097999572753906,0.01870039477944374,4.097999572753906,13.995686259120703,6.363216400146484,4888.50071617097,1.4352518320083618,0.00018457773714285715,16,2048,,9075.996876478195
adammini-stochastic-r8,adammini,stochastic,8,1.1B,sdpa,666,1354,44400640,2.336927890777588,10.34939320832322,nan,nan,nan,nan,22.21038579940796,4.097999572753906,0.01870039477944374,4.097999572753906,13.995686259120703,6.344994306564331,4888.676702912425,1.604243278503418,0.00018429202857142858,16,2048,,9082.372908115387
adammini-stochastic-r8,adammini,stochastic,8,1.1B,sdpa,666,1355,44433408,2.344356060028076,10.426556488861019,nan,nan,nan,nan,22.21038579940796,4.097999572753906,0.01870039477944374,4.097999572753906,13.995686259120703,6.3621985912323,4888.843339322323,1.4253761768341064,0.00018400632,16,2048,,9088.766261100769
adammini-stochastic-r8,adammini,stochastic,8,1.1B,sdpa,666,1356,44466176,2.538058280944824,12.655074499542897,nan,nan,nan,nan,22.21038579940796,4.097999572753906,0.01870039477944374,4.097999572753906,13.995686259120703,6.349873304367065,4889.016264819196,1.4128366708755493,0.00018372061142857144,16,2048,,9095.146534442902
adammini-stochastic-r8,adammini,stochastic,8,1.1B,sdpa,666,1357,44498944,2.3751108646392822,10.75220515934777,nan,nan,nan,nan,22.21038579940796,4.097999572753906,0.01870039477944374,4.097999572753906,13.995686259120703,6.349539279937744,4889.189392009816,1.7285815477371216,0.00018343490285714287,16,2048,,9101.527165412903
adammini-stochastic-r8,adammini,stochastic,8,1.1B,sdpa,666,1358,44531712,2.5078437328338623,12.278425929102692,nan,nan,nan,nan,22.21038579940796,4.097999572753906,0.01870039477944374,4.097999572753906,13.995686259120703,6.352028131484985,4889.360685481172,1.4658218622207642,0.0001831491942857143,16,2048,,9107.909821748734
adammini-stochastic-r8,adammini,stochastic,8,1.1B,sdpa,666,1359,44564480,2.5049519538879395,12.242970724526403,nan,nan,nan,nan,22.21038579940796,4.097999572753906,0.01870039477944374,4.097999572753906,13.995686259120703,6.341759443283081,4889.537391388672,1.6408779621124268,0.00018286348571428575,16,2048,,9114.282392978668
adammini-stochastic-r8,adammini,stochastic,8,1.1B,sdpa,666,1360,44597248,2.5373599529266357,12.646240191429055,nan,nan,nan,nan,22.21038579940796,4.097999572753906,0.01870039477944374,4.097999572753906,13.995686259120703,6.352010011672974,4889.708294167728,1.6103529930114746,0.00018257777714285713,16,2048,,9120.665553092957
adammini-stochastic-r8,adammini,stochastic,8,1.1B,sdpa,666,1361,44630016,2.3036022186279297,10.01017643081583,nan,nan,nan,nan,22.21038579940796,4.097999572753906,0.01870039477944374,4.097999572753906,13.995686259120703,6.353654861450195,4889.877913677524,1.5146605968475342,0.0001822920685714286,16,2048,,9127.050250768661
adammini-stochastic-r8,adammini,stochastic,8,1.1B,sdpa,666,1362,44662784,2.155219554901123,8.629784682510055,nan,nan,nan,nan,22.21038579940796,4.097999572753906,0.01870039477944374,4.097999572753906,13.995686259120703,6.350670337677002,4889.995721816746,1.4696379899978638,0.00018200636000000002,16,2048,,9133.53106379509
adammini-stochastic-r8,adammini,stochastic,8,1.1B,sdpa,666,1363,44695552,2.543710947036743,12.726811973032461,nan,nan,nan,nan,22.21038579940796,4.097999572753906,0.01870039477944374,4.097999572753906,13.995686259120703,6.419915199279785,4890.1297477300395,1.4915482997894287,0.00018172065142857145,16,2048,,9139.981934785843
adammini-stochastic-r8,adammini,stochastic,8,1.1B,sdpa,666,1364,44728320,2.6495163440704346,14.147194615868809,nan,nan,nan,nan,22.21038579940796,4.097999572753906,0.01870039477944374,4.097999572753906,13.995686259120703,6.309391736984253,4890.322505507677,1.6316871643066406,0.00018143494285714288,16,2048,,9146.322096347809
adammini-stochastic-r8,adammini,stochastic,8,1.1B,sdpa,666,1365,44761088,2.412713050842285,11.16420916137722,nan,nan,nan,nan,22.21038579940796,4.097999572753906,0.01870039477944374,4.097999572753906,13.995686259120703,6.361093521118164,4890.487447067481,3.4616923332214355,0.0001811492342857143,16,2048,,9152.714354991913
adammini-stochastic-r8,adammini,stochastic,8,1.1B,sdpa,666,1366,44793856,2.386456251144409,10.874887707174826,nan,nan,nan,nan,22.21038579940796,4.097999572753906,0.01870039477944374,4.097999572753906,13.995686259120703,6.36352801322937,4890.650651722584,1.5542941093444824,0.00018086352571428574,16,2048,,9159.108748435974
adammini-stochastic-r8,adammini,stochastic,8,1.1B,sdpa,666,1367,44826624,2.3534533977508545,10.521843164890099,nan,nan,nan,nan,22.21038579940796,4.097999572753906,0.01870039477944374,4.097999572753906,13.995686259120703,6.413449287414551,4890.787047028773,1.578687310218811,0.0001805778171428571,16,2048,,9165.553043842316
adammini-stochastic-r8,adammini,stochastic,8,1.1B,sdpa,666,1368,44859392,3.1190664768218994,22.625248587578096,nan,nan,nan,nan,22.21038579940796,4.097999572753906,0.01870039477944374,4.097999572753906,13.995686259120703,6.293529033660889,4890.98730437928,2.8548009395599365,0.00018029210857142854,16,2048,,9171.877777814865
adammini-stochastic-r8,adammini,stochastic,8,1.1B,sdpa,666,1369,44892160,2.392141819000244,10.93689372182831,nan,nan,nan,nan,22.21038579940796,4.097999572753906,0.01870039477944374,4.097999572753906,13.995686259120703,6.356855869293213,4891.153477035453,1.4705392122268677,0.00018000640000000003,16,2048,,9178.265365362167
adammini-stochastic-r8,adammini,stochastic,8,1.1B,sdpa,666,1370,44924928,2.1765429973602295,8.815777354287775,nan,nan,nan,nan,22.21038579940796,4.097999572753906,0.01870039477944374,4.097999572753906,13.995686259120703,6.3381736278533936,4891.3294829299575,1.643548846244812,0.00017972069142857146,16,2048,,9184.63300037384
adammini-stochastic-r8,adammini,stochastic,8,1.1B,sdpa,666,1371,44957696,2.3612775802612305,10.604490889974533,nan,nan,nan,nan,22.21038579940796,4.097999572753906,0.01870039477944374,4.097999572753906,13.995686259120703,6.3479163646698,4891.500866370074,1.6466752290725708,0.00017943498285714288,16,2048,,9191.011604070663
adammini-stochastic-r8,adammini,stochastic,8,1.1B,sdpa,666,1372,44990464,2.3913204669952393,10.927914370350335,nan,nan,nan,nan,22.21038579940796,4.097999572753906,0.01870039477944374,4.097999572753906,13.995686259120703,6.344898223876953,4891.672688267282,1.5359065532684326,0.00017914927428571431,16,2048,,9197.38750076294
adammini-stochastic-r8,adammini,stochastic,8,1.1B,sdpa,666,1373,45023232,2.3437321186065674,10.420052957506202,nan,nan,nan,nan,22.21038579940796,4.097999572753906,0.01870039477944374,4.097999572753906,13.995686259120703,6.350975513458252,4891.841031977241,1.7063963413238525,0.00017886356571428574,16,2048,,9203.769426107407
adammini-stochastic-r8,adammini,stochastic,8,1.1B,sdpa,666,1374,45056000,2.3005754947662354,9.979924196627655,nan,nan,nan,nan,22.21038579940796,4.097999572753906,0.01870039477944374,4.097999572753906,13.995686259120703,6.364385366439819,4891.948813072711,1.5840075016021729,0.00017857785714285712,16,2048,,9210.265043497086
adammini-stochastic-r8,adammini,stochastic,8,1.1B,sdpa,666,1375,45088768,2.250591993331909,9.493354175554154,nan,nan,nan,nan,22.21038579940796,4.097999572753906,0.01870039477944374,4.097999572753906,13.995686259120703,6.352622747421265,4892.115931960271,2.0871481895446777,0.00017829214857142855,16,2048,,9216.648663282394
adammini-stochastic-r8,adammini,stochastic,8,1.1B,sdpa,666,1376,45121536,2.2608280181884766,9.591027424953786,nan,nan,nan,nan,22.21038579940796,4.097999572753906,0.01870039477944374,4.097999572753906,13.995686259120703,6.355142831802368,4892.281261052705,1.4901732206344604,0.00017800643999999998,16,2048,,9223.034955263138
adammini-stochastic-r8,adammini,stochastic,8,1.1B,sdpa,666,1377,45154304,2.3521649837493896,10.50829540427159,nan,nan,nan,nan,22.21038579940796,4.097999572753906,0.01870039477944374,4.097999572753906,13.995686259120703,6.367511749267578,4892.440044030137,1.5720360279083252,0.00017772073142857144,16,2048,,9229.43343615532
adammini-stochastic-r8,adammini,stochastic,8,1.1B,sdpa,666,1378,45187072,2.4805495738983154,11.947828828735254,nan,nan,nan,nan,22.21038579940796,4.097999572753906,0.01870039477944374,4.097999572753906,13.995686259120703,6.322678804397583,4892.622132733525,1.6904056072235107,0.0001774350228571429,16,2048,,9235.78722190857
adammini-stochastic-r8,adammini,stochastic,8,1.1B,sdpa,666,1379,45219840,2.3448474407196045,10.431681156376994,nan,nan,nan,nan,22.21038579940796,4.097999572753906,0.01870039477944374,4.097999572753906,13.995686259120703,6.350058317184448,4892.78971157691,1.6165958642959595,0.00017714931428571432,16,2048,,9242.168315887451
adammini-stochastic-r8,adammini,stochastic,8,1.1B,sdpa,666,1380,45252608,2.5686075687408447,13.047643839112986,nan,nan,nan,nan,22.21038579940796,4.097999572753906,0.01870039477944374,4.097999572753906,13.995686259120703,6.342769145965576,4892.960698463891,1.6675238609313965,0.00017686360571428575,16,2048,,9248.540202856064
adammini-stochastic-r8,adammini,stochastic,8,1.1B,sdpa,666,1381,45285376,2.3778297901153564,10.781479383061546,nan,nan,nan,nan,22.21038579940796,4.097999572753906,0.01870039477944374,4.097999572753906,13.995686259120703,6.360881090164185,4893.122738014228,1.5377362966537476,0.00017657789714285713,16,2048,,9254.932732343674
adammini-stochastic-r8,adammini,stochastic,8,1.1B,sdpa,666,1382,45318144,2.266538619995117,9.645954647974675,nan,nan,nan,nan,22.21038579940796,4.097999572753906,0.01870039477944374,4.097999572753906,13.995686259120703,6.334014415740967,4893.297569126435,1.5833572149276733,0.00017629218857142856,16,2048,,9261.298461675644
adammini-stochastic-r8,adammini,stochastic,8,1.1B,sdpa,666,1383,45350912,3.5632972717285156,35.279331118353376,nan,nan,nan,nan,22.21038579940796,4.097999572753906,0.01870039477944374,4.097999572753906,13.995686259120703,6.329441785812378,4893.474684264045,2.7648284435272217,0.00017600648,16,2048,,9267.659345626831
adammini-stochastic-r8,adammini,stochastic,8,1.1B,sdpa,666,1384,45383680,2.231222152709961,9.311238884251393,nan,nan,nan,nan,22.21038579940796,4.097999572753906,0.01870039477944374,4.097999572753906,13.995686259120703,6.3474085330963135,4893.642141523284,1.5230488777160645,0.00017572077142857142,16,2048,,9274.038497924805
adammini-stochastic-r8,adammini,stochastic,8,1.1B,sdpa,666,1385,45416448,2.2543013095855713,9.528633418984182,nan,nan,nan,nan,22.21038579940796,4.097999572753906,0.01870039477944374,4.097999572753906,13.995686259120703,6.369502544403076,4893.797966871993,1.554358720779419,0.00017543506285714287,16,2048,,9280.438976764679
adammini-stochastic-r8,adammini,stochastic,8,1.1B,sdpa,666,1386,45449216,2.5188679695129395,12.414535073818799,nan,nan,nan,nan,22.21038579940796,4.097999572753906,0.01870039477944374,4.097999572753906,13.995686259120703,6.371838092803955,4893.9524342167115,1.629213571548462,0.0001751493542857143,16,2048,,9286.84163236618
adammini-stochastic-r8,adammini,stochastic,8,1.1B,sdpa,666,1387,45481984,2.318349599838257,10.15889422228807,nan,nan,nan,nan,22.21038579940796,4.097999572753906,0.01870039477944374,4.097999572753906,13.995686259120703,6.35868501663208,4894.113542108366,1.5164604187011719,0.00017486364571428576,16,2048,,9293.231220960617
adammini-stochastic-r8,adammini,stochastic,8,1.1B,sdpa,666,1388,45514752,2.192782402038574,8.960109089127629,nan,nan,nan,nan,22.21038579940796,4.097999572753906,0.01870039477944374,4.097999572753906,13.995686259120703,6.357276201248169,4894.275264160238,1.5427031517028809,0.00017457793714285714,16,2048,,9299.619542121887
adammini-stochastic-r8,adammini,stochastic,8,1.1B,sdpa,666,1389,45547520,2.4412667751312256,11.487583714880248,nan,nan,nan,nan,22.21038579940796,4.097999572753906,0.01870039477944374,4.097999572753906,13.995686259120703,6.355209827423096,4894.43776872466,1.6635968685150146,0.00017429222857142857,16,2048,,9306.005431890488
adammini-stochastic-r8,adammini,stochastic,8,1.1B,sdpa,666,1390,45580288,2.338183879852295,10.36240009966956,nan,nan,nan,nan,22.21038579940796,4.097999572753906,0.01870039477944374,4.097999572753906,13.995686259120703,6.3524744510650635,4894.601608427801,1.4912419319152832,0.00017400652,16,2048,,9312.38748884201
adammini-stochastic-r8,adammini,stochastic,8,1.1B,sdpa,666,1391,45613056,2.2963106632232666,9.937452133590767,nan,nan,nan,nan,22.21038579940796,4.097999572753906,0.01870039477944374,4.097999572753906,13.995686259120703,6.3587892055511475,4894.762372774279,1.518714427947998,0.00017372081142857143,16,2048,,9318.777454853058
adammini-stochastic-r8,adammini,stochastic,8,1.1B,sdpa,666,1392,45645824,2.2988061904907227,9.962282285633785,nan,nan,nan,nan,22.21038579940796,4.097999572753906,0.01870039477944374,4.097999572753906,13.995686259120703,6.349942922592163,4894.927021138404,1.446898102760315,0.00017343510285714286,16,2048,,9325.158475875854
adammini-stochastic-r8,adammini,stochastic,8,1.1B,sdpa,666,1393,45678592,2.300747871398926,9.98164465063395,nan,nan,nan,nan,22.21038579940796,4.097999572753906,0.01870039477944374,4.097999572753906,13.995686259120703,6.355784893035889,4895.0882802178185,1.4695428609848022,0.0001731493942857143,16,2048,,9331.545184135437
adammini-stochastic-r8,adammini,stochastic,8,1.1B,sdpa,666,1394,45711360,2.3598506450653076,10.58936975969102,nan,nan,nan,nan,22.21038579940796,4.097999572753906,0.01870039477944374,4.097999572753906,13.995686259120703,6.350181341171265,4895.252322023593,1.5417455434799194,0.00017286368571428574,16,2048,,9337.925994873047
adammini-stochastic-r8,adammini,stochastic,8,1.1B,sdpa,666,1395,45744128,2.3408567905426025,10.39013491950893,nan,nan,nan,nan,22.21038579940796,4.097999572753906,0.01870039477944374,4.097999572753906,13.995686259120703,6.3614091873168945,4895.410430703062,1.6286593675613403,0.00017257797714285717,16,2048,,9344.318301200867
adammini-stochastic-r8,adammini,stochastic,8,1.1B,sdpa,666,1396,45776896,2.19267201423645,8.959120056968036,nan,nan,nan,nan,22.21038579940796,4.097999572753906,0.01870039477944374,4.097999572753906,13.995686259120703,6.364296197891235,4895.566665924754,1.424984097480774,0.00017229226857142857,16,2048,,9350.713566064835
adammini-stochastic-r8,adammini,stochastic,8,1.1B,sdpa,666,1397,45809664,2.354804515838623,10.536069025751676,nan,nan,nan,nan,22.21038579940796,4.097999572753906,0.01870039477944374,4.097999572753906,13.995686259120703,6.373291254043579,4895.717931883118,1.8046334981918335,0.00017200656,16,2048,,9357.117961406708
adammini-stochastic-r8,adammini,stochastic,8,1.1B,sdpa,666,1398,45842432,2.503079652786255,12.220069642501532,nan,nan,nan,nan,22.21038579940796,4.097999572753906,0.01870039477944374,4.097999572753906,13.995686259120703,6.338633298873901,4895.88709755843,1.7401044368743896,0.00017172085142857143,16,2048,,9363.487316131592
adammini-stochastic-r8,adammini,stochastic,8,1.1B,sdpa,666,1399,45875200,2.4188663959503174,11.233118186282248,nan,nan,nan,nan,22.21038579940796,4.097999572753906,0.01870039477944374,4.097999572753906,13.995686259120703,6.362152099609375,4896.043860742908,1.4874259233474731,0.00017143514285714286,16,2048,,9369.88036441803
adammini-stochastic-r8,adammini,stochastic,8,1.1B,sdpa,666,1400,45907968,2.3564696311950684,10.553627410394096,2.4472783491218384,11.55685016595176,nan,nan,22.21038579940796,4.097999572753906,0.01870039477944374,4.097999572753906,13.995686259120703,6.3485190868377686,4896.207521002522,1.4769341945648193,0.0001711494342857143,16,2048,,9389.289546966553
adammini-stochastic-r8,adammini,stochastic,8,1.1B,sdpa,666,1401,45940736,2.6103668212890625,13.604040188235881,nan,nan,nan,nan,22.21038579940796,4.097999572753906,0.01870039477944374,4.097999572753906,13.995686259120703,6.366042852401733,4889.570932110115,1.8252760171890259,0.00017086372571428575,16,2048,,9395.687504768372
adammini-stochastic-r8,adammini,stochastic,8,1.1B,sdpa,666,1402,45973504,2.376587390899658,10.768092798994648,nan,nan,nan,nan,22.21038579940796,4.097999572753906,0.01870039477944374,4.097999572753906,13.995686259120703,6.344976902008057,4889.740402052889,1.4804604053497314,0.00017057801714285718,16,2048,,9402.063407421112
adammini-stochastic-r8,adammini,stochastic,8,1.1B,sdpa,666,1403,46006272,2.2978625297546387,9.952885705288312,nan,nan,nan,nan,22.21038579940796,4.097999572753906,0.01870039477944374,4.097999572753906,13.995686259120703,6.352893114089966,4889.905392019259,1.5104396343231201,0.00017029230857142856,16,2048,,9408.447383403778
adammini-stochastic-r8,adammini,stochastic,8,1.1B,sdpa,666,1404,46039040,2.3759841918945312,10.761599454717468,nan,nan,nan,nan,22.21038579940796,4.097999572753906,0.01870039477944374,4.097999572753906,13.995686259120703,6.3532891273498535,4890.069961337366,1.5903786420822144,0.00017000659999999999,16,2048,,9414.831572294235
adammini-stochastic-r8,adammini,stochastic,8,1.1B,sdpa,666,1405,46071808,2.2260684967041016,9.26337540394841,nan,nan,nan,nan,22.21038579940796,4.097999572753906,0.01870039477944374,4.097999572753906,13.995686259120703,6.35781455039978,4890.231910843839,1.9711006879806519,0.00016972089142857144,16,2048,,9421.220630645752
adammini-stochastic-r8,adammini,stochastic,8,1.1B,sdpa,666,1406,46104576,2.2284605503082275,9.285560417762518,nan,nan,nan,nan,22.21038579940796,4.097999572753906,0.01870039477944374,4.097999572753906,13.995686259120703,6.352559328079224,4890.396430228265,2.618819236755371,0.00016943518285714287,16,2048,,9427.603936195374
adammini-stochastic-r8,adammini,stochastic,8,1.1B,sdpa,666,1407,46137344,2.75799560546875,15.768205546969556,nan,nan,nan,nan,22.21038579940796,4.097999572753906,0.01870039477944374,4.097999572753906,13.995686259120703,6.348095893859863,4890.563127698955,3.4144489765167236,0.0001691494742857143,16,2048,,9433.982954978943
adammini-stochastic-r8,adammini,stochastic,8,1.1B,sdpa,666,1408,46170112,2.2934088706970215,9.908657507480203,nan,nan,nan,nan,22.21038579940796,4.097999572753906,0.01870039477944374,4.097999572753906,13.995686259120703,6.368750333786011,4890.718833192429,1.4966354370117188,0.00016886376571428573,16,2048,,9440.38241481781
adammini-stochastic-r8,adammini,stochastic,8,1.1B,sdpa,666,1409,46202880,2.5541093349456787,12.859840744497703,nan,nan,nan,nan,22.21038579940796,4.097999572753906,0.01870039477944374,4.097999572753906,13.995686259120703,6.3279709815979,4890.89553990402,1.5881258249282837,0.0001685780571428572,16,2048,,9446.741210222244
adammini-stochastic-r8,adammini,stochastic,8,1.1B,sdpa,666,1410,46235648,2.3214175701141357,10.190109266727955,nan,nan,nan,nan,22.21038579940796,4.097999572753906,0.01870039477944374,4.097999572753906,13.995686259120703,6.362491130828857,4891.054144825686,2.5499064922332764,0.00016829234857142856,16,2048,,9453.134768724442
adammini-stochastic-r8,adammini,stochastic,8,1.1B,sdpa,666,1411,46268416,2.771580934524536,15.983883518915944,nan,nan,nan,nan,22.21038579940796,4.097999572753906,0.01870039477944374,4.097999572753906,13.995686259120703,6.346633434295654,4891.220503993448,1.9367728233337402,0.00016800664,16,2048,,9459.512443780899
adammini-stochastic-r8,adammini,stochastic,8,1.1B,sdpa,666,1412,46301184,2.3887383937835693,10.899734092821813,nan,nan,nan,nan,22.21038579940796,4.097999572753906,0.01870039477944374,4.097999572753906,13.995686259120703,6.349840402603149,4891.385052903909,1.5272561311721802,0.00016772093142857142,16,2048,,9465.893219470978
adammini-stochastic-r8,adammini,stochastic,8,1.1B,sdpa,666,1413,46333952,2.3502626419067383,10.488324036436321,nan,nan,nan,nan,22.21038579940796,4.097999572753906,0.01870039477944374,4.097999572753906,13.995686259120703,6.345208406448364,4891.552022799926,1.8937045335769653,0.00016743522285714285,16,2048,,9472.26921582222
adammini-stochastic-r8,adammini,stochastic,8,1.1B,sdpa,666,1414,46366720,2.4385876655578613,11.456848409384365,nan,nan,nan,nan,22.21038579940796,4.097999572753906,0.01870039477944374,4.097999572753906,13.995686259120703,6.362289905548096,4891.709799611471,1.5277166366577148,0.00016714951428571428,16,2048,,9478.662569999695
adammini-stochastic-r8,adammini,stochastic,8,1.1B,sdpa,666,1415,46399488,2.310171365737915,10.076151214160978,nan,nan,nan,nan,22.21038579940796,4.097999572753906,0.01870039477944374,4.097999572753906,13.995686259120703,6.3509063720703125,4891.8730874435405,1.7124197483062744,0.00016686380571428574,16,2048,,9485.044337749481
adammini-stochastic-r8,adammini,stochastic,8,1.1B,sdpa,666,1416,46432256,2.3957974910736084,10.976948587896642,nan,nan,nan,nan,22.21038579940796,4.097999572753906,0.01870039477944374,4.097999572753906,13.995686259120703,6.362174034118652,4892.030481712044,1.4925634860992432,0.00016657809714285717,16,2048,,9491.437544822693
adammini-stochastic-r8,adammini,stochastic,8,1.1B,sdpa,666,1417,46465024,2.2104806900024414,9.120099280096133,nan,nan,nan,nan,22.21038579940796,4.097999572753906,0.01870039477944374,4.097999572753906,13.995686259120703,6.3468544483184814,4892.195506261159,1.4539997577667236,0.00016629238857142857,16,2048,,9497.815240621567
adammini-stochastic-r8,adammini,stochastic,8,1.1B,sdpa,666,1418,46497792,2.2791640758514404,9.768511261151728,nan,nan,nan,nan,22.21038579940796,4.097999572753906,0.01870039477944374,4.097999572753906,13.995686259120703,6.361481189727783,4892.352827332869,3.4665286540985107,0.00016600668,16,2048,,9504.207787513733
adammini-stochastic-r8,adammini,stochastic,8,1.1B,sdpa,666,1419,46530560,2.8378753662109375,17.07943940688676,nan,nan,nan,nan,22.21038579940796,4.097999572753906,0.01870039477944374,4.097999572753906,13.995686259120703,6.336035490036011,4892.523007330824,1.7866954803466797,0.00016572097142857143,16,2048,,9510.574853897095
adammini-stochastic-r8,adammini,stochastic,8,1.1B,sdpa,666,1420,46563328,2.1860909461975098,8.900353065191705,nan,nan,nan,nan,22.21038579940796,4.097999572753906,0.01870039477944374,4.097999572753906,13.995686259120703,6.33809494972229,4892.691841396139,1.9581326246261597,0.00016543526285714286,16,2048,,9516.942223072052
adammini-stochastic-r8,adammini,stochastic,8,1.1B,sdpa,666,1421,46596096,2.3171801567077637,10.147020917157128,nan,nan,nan,nan,22.21038579940796,4.097999572753906,0.01870039477944374,4.097999572753906,13.995686259120703,6.367234706878662,4892.846421856636,1.470400094985962,0.0001651495542857143,16,2048,,9523.339931964874
adammini-stochastic-r8,adammini,stochastic,8,1.1B,sdpa,666,1422,46628864,2.4138360023498535,11.176753068667422,nan,nan,nan,nan,22.21038579940796,4.097999572753906,0.01870039477944374,4.097999572753906,13.995686259120703,6.356190204620361,4893.005751773845,1.4657725095748901,0.00016486384571428572,16,2048,,9529.726929187775
adammini-stochastic-r8,adammini,stochastic,8,1.1B,sdpa,666,1423,46661632,2.1940112113952637,8.971126122543895,nan,nan,nan,nan,22.21038579940796,4.097999572753906,0.01870039477944374,4.097999572753906,13.995686259120703,6.359788656234741,4893.162948547877,1.537032961845398,0.00016457813714285715,16,2048,,9536.117697238922
adammini-stochastic-r8,adammini,stochastic,8,1.1B,sdpa,666,1424,46694400,2.4374499320983887,11.443820981884247,nan,nan,nan,nan,22.21038579940796,4.097999572753906,0.01870039477944374,4.097999572753906,13.995686259120703,6.365769863128662,4893.316648319709,1.561907410621643,0.0001642924285714286,16,2048,,9542.514409542084
adammini-stochastic-r8,adammini,stochastic,8,1.1B,sdpa,666,1425,46727168,2.339174747467041,10.372672955018697,nan,nan,nan,nan,22.21038579940796,4.097999572753906,0.01870039477944374,4.097999572753906,13.995686259120703,6.363050222396851,4893.420265110013,1.4810354709625244,0.00016400672,16,2048,,9549.00874710083
adammini-stochastic-r8,adammini,stochastic,8,1.1B,sdpa,666,1426,46759936,2.3292999267578125,10.270748739226407,nan,nan,nan,nan,22.21038579940796,4.097999572753906,0.01870039477944374,4.097999572753906,13.995686259120703,6.372370004653931,4893.570363634017,1.541972279548645,0.00016372101142857144,16,2048,,9555.412203788757
adammini-stochastic-r8,adammini,stochastic,8,1.1B,sdpa,666,1427,46792704,2.4472124576568604,11.556088693251345,nan,nan,nan,nan,22.21038579940796,4.097999572753906,0.01870039477944374,4.097999572753906,13.995686259120703,6.358474016189575,4893.727300130212,1.5734572410583496,0.00016343530285714287,16,2048,,9561.801661491394
adammini-stochastic-r8,adammini,stochastic,8,1.1B,sdpa,666,1428,46825472,2.3163177967071533,10.138274304099482,nan,nan,nan,nan,22.21038579940796,4.097999572753906,0.01870039477944374,4.097999572753906,13.995686259120703,6.334720849990845,4893.896145254459,1.6234960556030273,0.0001631495942857143,16,2048,,9568.167295217514
adammini-stochastic-r8,adammini,stochastic,8,1.1B,sdpa,666,1429,46858240,2.4685590267181396,11.805423289801464,nan,nan,nan,nan,22.21038579940796,4.097999572753906,0.01870039477944374,4.097999572753906,13.995686259120703,6.346102237701416,4894.059027903394,1.5589228868484497,0.00016286388571428573,16,2048,,9574.544501304626
adammini-stochastic-r8,adammini,stochastic,8,1.1B,sdpa,666,1430,46891008,2.1301136016845703,8.41582280878577,nan,nan,nan,nan,22.21038579940796,4.097999572753906,0.01870039477944374,4.097999572753906,13.995686259120703,6.351850509643555,4894.218707392235,1.5486506223678589,0.00016257817714285716,16,2048,,9580.927083969116
adammini-stochastic-r8,adammini,stochastic,8,1.1B,sdpa,666,1431,46923776,2.472874879837036,11.856483868448443,nan,nan,nan,nan,22.21038579940796,4.097999572753906,0.01870039477944374,4.097999572753906,13.995686259120703,6.3528220653533936,4894.37774339418,1.5598748922348022,0.0001622924685714286,16,2048,,9587.310749530792
adammini-stochastic-r8,adammini,stochastic,8,1.1B,sdpa,666,1432,46956544,2.3636114597320557,10.629269397338662,nan,nan,nan,nan,22.21038579940796,4.097999572753906,0.01870039477944374,4.097999572753906,13.995686259120703,6.377582788467407,4894.523958482941,1.6037969589233398,0.00016200675999999997,16,2048,,9593.719545841217
adammini-stochastic-r8,adammini,stochastic,8,1.1B,sdpa,666,1433,46989312,2.418663263320923,11.230836605188397,nan,nan,nan,nan,22.21038579940796,4.097999572753906,0.01870039477944374,4.097999572753906,13.995686259120703,6.318958520889282,4894.699765290051,1.584096908569336,0.00016172105142857145,16,2048,,9600.069612026215
adammini-stochastic-r8,adammini,stochastic,8,1.1B,sdpa,666,1434,47022080,2.3648905754089355,10.642874161637288,nan,nan,nan,nan,22.21038579940796,4.097999572753906,0.01870039477944374,4.097999572753906,13.995686259120703,6.34650182723999,4894.861195860394,1.532462239265442,0.00016143534285714288,16,2048,,9606.44699048996
adammini-stochastic-r8,adammini,stochastic,8,1.1B,sdpa,666,1435,47054848,2.3740744590759277,10.741067286775808,nan,nan,nan,nan,22.21038579940796,4.097999572753906,0.01870039477944374,4.097999572753906,13.995686259120703,6.364792823791504,4895.013385844073,1.466576099395752,0.0001611496342857143,16,2048,,9612.842418670654
adammini-stochastic-r8,adammini,stochastic,8,1.1B,sdpa,666,1436,47087616,2.4784388542175293,11.922636907178882,nan,nan,nan,nan,22.21038579940796,4.097999572753906,0.01870039477944374,4.097999572753906,13.995686259120703,6.371711015701294,4895.16184906501,1.7269827127456665,0.00016086392571428574,16,2048,,9619.245220422745
adammini-stochastic-r8,adammini,stochastic,8,1.1B,sdpa,666,1437,47120384,2.353431224822998,10.521609867407141,nan,nan,nan,nan,22.21038579940796,4.097999572753906,0.01870039477944374,4.097999572753906,13.995686259120703,6.35912013053894,4895.316273102388,1.5898256301879883,0.00016057821714285717,16,2048,,9625.635353326797
adammini-stochastic-r8,adammini,stochastic,8,1.1B,sdpa,666,1438,47153152,2.3237216472625732,10.213615133896264,nan,nan,nan,nan,22.21038579940796,4.097999572753906,0.01870039477944374,4.097999572753906,13.995686259120703,6.339087963104248,4895.480818309233,1.7943824529647827,0.0001602925085714286,16,2048,,9632.005486249924
adammini-stochastic-r8,adammini,stochastic,8,1.1B,sdpa,666,1439,47185920,2.391005277633667,10.924470550752789,nan,nan,nan,nan,22.21038579940796,4.097999572753906,0.01870039477944374,4.097999572753906,13.995686259120703,6.352424621582031,4895.638203797148,1.4714747667312622,0.00016000679999999997,16,2048,,9638.38917350769
adammini-stochastic-r8,adammini,stochastic,8,1.1B,sdpa,666,1440,47218688,2.45558762550354,11.65327930143048,nan,nan,nan,nan,22.21038579940796,4.097999572753906,0.01870039477944374,4.097999572753906,13.995686259120703,6.356672286987305,4895.793243050783,1.5454548597335815,0.0001597210914285714,16,2048,,9644.776968955994
adammini-stochastic-r8,adammini,stochastic,8,1.1B,sdpa,666,1441,47251456,2.331489086151123,10.293257674139014,nan,nan,nan,nan,22.21038579940796,4.097999572753906,0.01870039477944374,4.097999572753906,13.995686259120703,6.351385593414307,4895.950840732685,1.6946362257003784,0.00015943538285714283,16,2048,,9651.158678770065
adammini-stochastic-r8,adammini,stochastic,8,1.1B,sdpa,666,1442,47284224,2.468428373336792,11.803880972087118,nan,nan,nan,nan,22.21038579940796,4.097999572753906,0.01870039477944374,4.097999572753906,13.995686259120703,6.347792863845825,4896.110414993448,1.5283432006835938,0.00015914967428571432,16,2048,,9657.537307739258
adammini-stochastic-r8,adammini,stochastic,8,1.1B,sdpa,666,1443,47316992,2.1992075443267822,9.017864409328261,nan,nan,nan,nan,22.21038579940796,4.097999572753906,0.01870039477944374,4.097999572753906,13.995686259120703,6.347669839859009,4896.269545481155,1.4019145965576172,0.00015886396571428575,16,2048,,9663.915891647339
adammini-stochastic-r8,adammini,stochastic,8,1.1B,sdpa,666,1444,47349760,2.438795804977417,11.459233279346348,nan,nan,nan,nan,22.21038579940796,4.097999572753906,0.01870039477944374,4.097999572753906,13.995686259120703,6.335687875747681,4896.434548191262,1.613521933555603,0.00015857825714285718,16,2048,,9670.282613992691
adammini-stochastic-r8,adammini,stochastic,8,1.1B,sdpa,666,1445,47382528,2.4020397663116455,11.045684031840631,nan,nan,nan,nan,22.21038579940796,4.097999572753906,0.01870039477944374,4.097999572753906,13.995686259120703,6.354808568954468,4896.5895800963135,1.5565145015716553,0.0001582925485714286,16,2048,,9676.668479681015
adammini-stochastic-r8,adammini,stochastic,8,1.1B,sdpa,666,1446,47415296,2.4001874923706055,11.025243335875924,nan,nan,nan,nan,22.21038579940796,4.097999572753906,0.01870039477944374,4.097999572753906,13.995686259120703,6.354623317718506,4896.744511931144,2.75549578666687,0.00015800683999999998,16,2048,,9683.053833007812
adammini-stochastic-r8,adammini,stochastic,8,1.1B,sdpa,666,1447,47448064,2.156810998916626,8.643529435799861,nan,nan,nan,nan,22.21038579940796,4.097999572753906,0.01870039477944374,4.097999572753906,13.995686259120703,6.366899728775024,4896.893141985661,3.856102705001831,0.0001577211314285714,16,2048,,9689.451605081558
adammini-stochastic-r8,adammini,stochastic,8,1.1B,sdpa,666,1448,47480832,2.310939073562622,10.083889724368365,nan,nan,nan,nan,22.21038579940796,4.097999572753906,0.01870039477944374,4.097999572753906,13.995686259120703,6.3742475509643555,4897.037756980586,1.768309473991394,0.00015743542285714284,16,2048,,9695.857034444809
adammini-stochastic-r8,adammini,stochastic,8,1.1B,sdpa,666,1449,47513600,2.51261568069458,12.337157959089222,nan,nan,nan,nan,22.21038579940796,4.097999572753906,0.01870039477944374,4.097999572753906,13.995686259120703,6.354830265045166,4897.191964797478,1.66488516330719,0.00015714971428571427,16,2048,,9702.242959976196
adammini-stochastic-r8,adammini,stochastic,8,1.1B,sdpa,666,1450,47546368,2.1965456008911133,8.993891286065162,2.4468227710808876,11.551586317931422,nan,nan,22.21038579940796,4.097999572753906,0.01870039477944374,4.097999572753906,13.995686259120703,6.343020677566528,4897.351920661848,1.509468674659729,0.00015686400571428573,16,2048,,9723.004830121994
adammini-stochastic-r8,adammini,stochastic,8,1.1B,sdpa,666,1451,47579136,2.2490665912628174,9.478884032650928,nan,nan,nan,nan,22.21038579940796,4.097999572753906,0.01870039477944374,4.097999572753906,13.995686259120703,6.356472730636597,4890.2616914013915,1.5637211799621582,0.00015657829714285719,16,2048,,9729.393494844437
adammini-stochastic-r8,adammini,stochastic,8,1.1B,sdpa,666,1452,47611904,2.3536629676818848,10.524048457909958,nan,nan,nan,nan,22.21038579940796,4.097999572753906,0.01870039477944374,4.097999572753906,13.995686259120703,6.363316535949707,4890.415209667512,1.487770438194275,0.00015629258857142862,16,2048,,9735.78881263733
adammini-stochastic-r8,adammini,stochastic,8,1.1B,sdpa,666,1453,47644672,2.0696184635162354,7.921800085437897,nan,nan,nan,nan,22.21038579940796,4.097999572753906,0.01870039477944374,4.097999572753906,13.995686259120703,6.3401007652282715,4890.580062497124,1.8491462469100952,0.00015600688000000004,16,2048,,9742.160893917084
adammini-stochastic-r8,adammini,stochastic,8,1.1B,sdpa,666,1454,47677440,2.205785036087036,9.077374838302024,nan,nan,nan,nan,22.21038579940796,4.097999572753906,0.01870039477944374,4.097999572753906,13.995686259120703,6.380496501922607,4890.724644802715,1.370497465133667,0.00015572117142857142,16,2048,,9748.572642564774
adammini-stochastic-r8,adammini,stochastic,8,1.1B,sdpa,666,1455,47710208,2.406475305557251,11.094786414126895,nan,nan,nan,nan,22.21038579940796,4.097999572753906,0.01870039477944374,4.097999572753906,13.995686259120703,6.364114761352539,4890.877475857065,1.6998870372772217,0.00015543546285714285,16,2048,,9754.967995882034
adammini-stochastic-r8,adammini,stochastic,8,1.1B,sdpa,666,1456,47742976,2.048429250717163,7.755709258889384,nan,nan,nan,nan,22.21038579940796,4.097999572753906,0.01870039477944374,4.097999572753906,13.995686259120703,6.364931583404541,4891.029718880099,1.4728606939315796,0.00015514975428571428,16,2048,,9761.364390611649
adammini-stochastic-r8,adammini,stochastic,8,1.1B,sdpa,666,1457,47775744,2.3487777709960938,10.47276178599905,nan,nan,nan,nan,22.21038579940796,4.097999572753906,0.01870039477944374,4.097999572753906,13.995686259120703,6.339953422546387,4891.19417089581,1.666129231452942,0.0001548640457142857,16,2048,,9767.734957933426
adammini-stochastic-r8,adammini,stochastic,8,1.1B,sdpa,666,1458,47808512,2.3289501667022705,10.267157069724794,nan,nan,nan,nan,22.21038579940796,4.097999572753906,0.01870039477944374,4.097999572753906,13.995686259120703,6.351642370223999,4891.35283068172,1.6065303087234497,0.00015457833714285717,16,2048,,9774.117398023605
adammini-stochastic-r8,adammini,stochastic,8,1.1B,sdpa,666,1459,47841280,2.381486177444458,10.820972805291547,nan,nan,nan,nan,22.21038579940796,4.097999572753906,0.01870039477944374,4.097999572753906,13.995686259120703,6.3598949909210205,4891.507013641298,1.7907400131225586,0.0001542926285714286,16,2048,,9780.50837135315
adammini-stochastic-r8,adammini,stochastic,8,1.1B,sdpa,666,1460,47874048,2.459096908569336,11.694245796615801,nan,nan,nan,nan,22.21038579940796,4.097999572753906,0.01870039477944374,4.097999572753906,13.995686259120703,6.361292362213135,4891.660360557978,1.552782654762268,0.00015400692000000003,16,2048,,9786.898594617844
adammini-stochastic-r8,adammini,stochastic,8,1.1B,sdpa,666,1461,47906816,2.426286458969116,11.316778630161888,nan,nan,nan,nan,22.21038579940796,4.097999572753906,0.01870039477944374,4.097999572753906,13.995686259120703,6.344061613082886,4891.823054916968,1.4475476741790771,0.00015372121142857143,16,2048,,9793.273519992828
adammini-stochastic-r8,adammini,stochastic,8,1.1B,sdpa,666,1462,47939584,2.410309314727783,11.13740557590517,nan,nan,nan,nan,22.21038579940796,4.097999572753906,0.01870039477944374,4.097999572753906,13.995686259120703,6.35491418838501,4891.979088035321,1.7719781398773193,0.00015343550285714286,16,2048,,9799.659528493881
adammini-stochastic-r8,adammini,stochastic,8,1.1B,sdpa,666,1463,47972352,2.5120959281921387,12.33074735647466,nan,nan,nan,nan,22.21038579940796,4.097999572753906,0.01870039477944374,4.097999572753906,13.995686259120703,6.345258951187134,4892.1396921437545,1.613787293434143,0.0001531497942857143,16,2048,,9806.035883903503
adammini-stochastic-r8,adammini,stochastic,8,1.1B,sdpa,666,1464,48005120,2.377960443496704,10.782888111824457,nan,nan,nan,nan,22.21038579940796,4.097999572753906,0.01870039477944374,4.097999572753906,13.995686259120703,6.36687159538269,4892.289419754786,2.1300852298736572,0.00015286408571428572,16,2048,,9812.433644294739
adammini-stochastic-r8,adammini,stochastic,8,1.1B,sdpa,666,1465,48037888,3.1075379848480225,22.36591134676485,nan,nan,nan,nan,22.21038579940796,4.097999572753906,0.01870039477944374,4.097999572753906,13.995686259120703,6.379002571105957,4892.4329125919985,2.0671844482421875,0.00015257837714285715,16,2048,,9818.843467950821
adammini-stochastic-r8,adammini,stochastic,8,1.1B,sdpa,666,1466,48070656,3.8648204803466797,47.69470952638733,nan,nan,nan,nan,22.21038579940796,4.097999572753906,0.01870039477944374,4.097999572753906,13.995686259120703,6.3219287395477295,4892.60460696078,2.3720505237579346,0.0001522926685714286,16,2048,,9825.196517705917
adammini-stochastic-r8,adammini,stochastic,8,1.1B,sdpa,666,1467,48103424,2.396237850189209,10.981783451728852,nan,nan,nan,nan,22.21038579940796,4.097999572753906,0.01870039477944374,4.097999572753906,13.995686259120703,6.40261173248291,4892.735891651607,1.54965341091156,0.00015200696000000003,16,2048,,9831.629974365234
adammini-stochastic-r8,adammini,stochastic,8,1.1B,sdpa,666,1468,48136192,2.6835989952087402,14.637679548846487,nan,nan,nan,nan,22.21038579940796,4.097999572753906,0.01870039477944374,4.097999572753906,13.995686259120703,6.298319339752197,4892.9189964193065,1.5972986221313477,0.0001517212514285714,16,2048,,9837.959166765213
adammini-stochastic-r8,adammini,stochastic,8,1.1B,sdpa,666,1469,48168960,2.095581293106079,8.13016560609856,nan,nan,nan,nan,22.21038579940796,4.097999572753906,0.01870039477944374,4.097999572753906,13.995686259120703,6.355087518692017,4893.073564356461,2.3178224563598633,0.00015143554285714284,16,2048,,9844.34536075592
adammini-stochastic-r8,adammini,stochastic,8,1.1B,sdpa,666,1470,48201728,1.1852960586547852,3.2716552799597243,nan,nan,nan,nan,22.21038579940796,4.097999572753906,0.01870039477944374,4.097999572753906,13.995686259120703,6.311084985733032,4893.249708159021,2.395888328552246,0.0001511498342857143,16,2048,,9850.687691450119
adammini-stochastic-r8,adammini,stochastic,8,1.1B,sdpa,666,1471,48234496,2.170353412628174,8.761379875943371,nan,nan,nan,nan,22.21038579940796,4.097999572753906,0.01870039477944374,4.097999572753906,13.995686259120703,6.354418516159058,4893.404003096455,1.436954379081726,0.00015086412571428573,16,2048,,9857.073172092438
adammini-stochastic-r8,adammini,stochastic,8,1.1B,sdpa,666,1472,48267264,2.350691795349121,10.49282610277092,nan,nan,nan,nan,22.21038579940796,4.097999572753906,0.01870039477944374,4.097999572753906,13.995686259120703,6.347929000854492,4893.561434178799,1.4529740810394287,0.00015057841714285716,16,2048,,9863.452052354813
adammini-stochastic-r8,adammini,stochastic,8,1.1B,sdpa,666,1473,48300032,2.2243709564208984,9.247663790363202,nan,nan,nan,nan,22.21038579940796,4.097999572753906,0.01870039477944374,4.097999572753906,13.995686259120703,6.337586402893066,4893.723999031286,2.4084935188293457,0.00015029270857142859,16,2048,,9869.82062625885
adammini-stochastic-r8,adammini,stochastic,8,1.1B,sdpa,666,1474,48332800,2.3113162517547607,10.08769386503868,nan,nan,nan,nan,22.21038579940796,4.097999572753906,0.01870039477944374,4.097999572753906,13.995686259120703,6.346415996551514,4893.881792879279,1.5137767791748047,0.00015000700000000004,16,2048,,9876.197994947433
adammini-stochastic-r8,adammini,stochastic,8,1.1B,sdpa,666,1475,48365568,2.1117942333221436,8.26305383860378,nan,nan,nan,nan,22.21038579940796,4.097999572753906,0.01870039477944374,4.097999572753906,13.995686259120703,6.359277725219727,4893.983882996098,1.7235180139541626,0.00014972129142857142,16,2048,,9882.687413930893
adammini-stochastic-r8,adammini,stochastic,8,1.1B,sdpa,666,1476,48398336,2.476539373397827,11.900011582041722,nan,nan,nan,nan,22.21038579940796,4.097999572753906,0.01870039477944374,4.097999572753906,13.995686259120703,6.363095283508301,4894.133170213664,1.623250126838684,0.00014943558285714285,16,2048,,9889.081576108932
adammini-stochastic-r8,adammini,stochastic,8,1.1B,sdpa,666,1477,48431104,2.42995023727417,11.358316845130703,nan,nan,nan,nan,22.21038579940796,4.097999572753906,0.01870039477944374,4.097999572753906,13.995686259120703,6.345321416854858,4894.290839082248,1.5930023193359375,0.00014914987428571428,16,2048,,9895.458137750626
adammini-stochastic-r8,adammini,stochastic,8,1.1B,sdpa,666,1478,48463872,2.354327440261841,10.531043723364029,nan,nan,nan,nan,22.21038579940796,4.097999572753906,0.01870039477944374,4.097999572753906,13.995686259120703,6.333809852600098,4894.4541259677135,1.608279824256897,0.0001488641657142857,16,2048,,9901.82279920578
adammini-stochastic-r8,adammini,stochastic,8,1.1B,sdpa,666,1479,48496640,2.0677647590637207,7.907129011466248,nan,nan,nan,nan,22.21038579940796,4.097999572753906,0.01870039477944374,4.097999572753906,13.995686259120703,6.355498313903809,4894.606524118298,1.7313132286071777,0.00014857845714285716,16,2048,,9908.209236860275
adammini-stochastic-r8,adammini,stochastic,8,1.1B,sdpa,666,1480,48529408,2.244326114654541,9.434055941828033,nan,nan,nan,nan,22.21038579940796,4.097999572753906,0.01870039477944374,4.097999572753906,13.995686259120703,6.33696436882019,4894.76770195756,1.5925260782241821,0.0001482927485714286,16,2048,,9914.577428817749
adammini-stochastic-r8,adammini,stochastic,8,1.1B,sdpa,666,1481,48562176,2.1601972579956055,8.672848278408766,nan,nan,nan,nan,22.21038579940796,4.097999572753906,0.01870039477944374,4.097999572753906,13.995686259120703,6.356428384780884,4894.918981342858,1.7231041193008423,0.00014800704000000002,16,2048,,9920.963843345642
adammini-stochastic-r8,adammini,stochastic,8,1.1B,sdpa,666,1482,48594944,2.2428765296936035,9.420390383301127,nan,nan,nan,nan,22.21038579940796,4.097999572753906,0.01870039477944374,4.097999572753906,13.995686259120703,6.356152534484863,4895.071002071011,2.949047088623047,0.00014772133142857143,16,2048,,9927.351264715195
adammini-stochastic-r8,adammini,stochastic,8,1.1B,sdpa,666,1483,48627712,2.3075342178344727,10.049613919876352,nan,nan,nan,nan,22.21038579940796,4.097999572753906,0.01870039477944374,4.097999572753906,13.995686259120703,6.351970434188843,4895.224251675881,1.537947177886963,0.00014743562285714286,16,2048,,9933.734462738037
adammini-stochastic-r8,adammini,stochastic,8,1.1B,sdpa,666,1484,48660480,2.282980442047119,9.805862705371215,nan,nan,nan,nan,22.21038579940796,4.097999572753906,0.01870039477944374,4.097999572753906,13.995686259120703,6.342957973480225,4895.381219426866,1.5991610288619995,0.00014714991428571429,16,2048,,9940.109675168991
adammini-stochastic-r8,adammini,stochastic,8,1.1B,sdpa,666,1485,48693248,2.381455898284912,10.820645160289967,nan,nan,nan,nan,22.21038579940796,4.097999572753906,0.01870039477944374,4.097999572753906,13.995686259120703,6.363925218582153,4895.528220124983,1.4931745529174805,0.00014686420571428572,16,2048,,9946.50446677208
adammini-stochastic-r8,adammini,stochastic,8,1.1B,sdpa,666,1486,48726016,2.412374973297119,11.160435430892935,nan,nan,nan,nan,22.21038579940796,4.097999572753906,0.01870039477944374,4.097999572753906,13.995686259120703,6.364665508270264,4895.674759021282,1.589964747428894,0.00014657849714285715,16,2048,,9952.899910211563
adammini-stochastic-r8,adammini,stochastic,8,1.1B,sdpa,666,1487,48758784,2.53550386428833,12.622789418781247,nan,nan,nan,nan,22.21038579940796,4.097999572753906,0.01870039477944374,4.097999572753906,13.995686259120703,6.374965667724609,4895.816064601758,1.7970322370529175,0.00014629278857142858,16,2048,,9959.305766105652
adammini-stochastic-r8,adammini,stochastic,8,1.1B,sdpa,666,1488,48791552,2.370438575744629,10.702084929862728,nan,nan,nan,nan,22.21038579940796,4.097999572753906,0.01870039477944374,4.097999572753906,13.995686259120703,6.378777742385864,4895.95522963104,1.5216177701950073,0.00014600708000000003,16,2048,,9965.715532541275
adammini-stochastic-r8,adammini,stochastic,8,1.1B,sdpa,666,1489,48824320,2.25392746925354,9.525071897264734,nan,nan,nan,nan,22.21038579940796,4.097999572753906,0.01870039477944374,4.097999572753906,13.995686259120703,6.33434796333313,4896.115501556642,1.842337727546692,0.00014572137142857146,16,2048,,9972.081965208054
adammini-stochastic-r8,adammini,stochastic,8,1.1B,sdpa,666,1490,48857088,2.1315364837646484,8.427806055601314,nan,nan,nan,nan,22.21038579940796,4.097999572753906,0.01870039477944374,4.097999572753906,13.995686259120703,6.349097728729248,4896.268634468583,1.575371503829956,0.00014543566285714286,16,2048,,9978.462418794632
adammini-stochastic-r8,adammini,stochastic,8,1.1B,sdpa,666,1491,48889856,2.5752296447753906,13.134333043147283,nan,nan,nan,nan,22.21038579940796,4.097999572753906,0.01870039477944374,4.097999572753906,13.995686259120703,6.369033575057983,4896.412130611108,1.520705223083496,0.0001451499542857143,16,2048,,9984.8613550663
adammini-stochastic-r8,adammini,stochastic,8,1.1B,sdpa,666,1492,48922624,2.262571096420288,9.607759914861834,nan,nan,nan,nan,22.21038579940796,4.097999572753906,0.01870039477944374,4.097999572753906,13.995686259120703,6.349204063415527,4896.5653564589975,1.5564117431640625,0.00014486424571428572,16,2048,,9991.241963863373
adammini-stochastic-r8,adammini,stochastic,8,1.1B,sdpa,666,1493,48955392,2.201033115386963,9.034342197729076,nan,nan,nan,nan,22.21038579940796,4.097999572753906,0.01870039477944374,4.097999572753906,13.995686259120703,6.339461803436279,4896.72293164289,1.5392426252365112,0.00014457853714285715,16,2048,,9997.612095117569
adammini-stochastic-r8,adammini,stochastic,8,1.1B,sdpa,666,1494,48988160,2.676006555557251,14.526964680061248,nan,nan,nan,nan,22.21038579940796,4.097999572753906,0.01870039477944374,4.097999572753906,13.995686259120703,6.34947657585144,4896.875476097432,1.5712116956710815,0.00014429282857142858,16,2048,,10003.992379188538
adammini-stochastic-r8,adammini,stochastic,8,1.1B,sdpa,666,1495,49020928,2.366110324859619,10.655863721943685,nan,nan,nan,nan,22.21038579940796,4.097999572753906,0.01870039477944374,4.097999572753906,13.995686259120703,6.351870059967041,4897.0264418937495,1.4881242513656616,0.00014400712000000001,16,2048,,10010.375431776047
adammini-stochastic-r8,adammini,stochastic,8,1.1B,sdpa,666,1496,49053696,2.177452564239502,8.823799541188956,nan,nan,nan,nan,22.21038579940796,4.097999572753906,0.01870039477944374,4.097999572753906,13.995686259120703,6.348012447357178,4897.179253506955,1.4049032926559448,0.00014372141142857144,16,2048,,10016.754205942154
adammini-stochastic-r8,adammini,stochastic,8,1.1B,sdpa,666,1497,49086464,2.613471746444702,13.646345358040515,nan,nan,nan,nan,22.21038579940796,4.097999572753906,0.01870039477944374,4.097999572753906,13.995686259120703,6.368709564208984,4897.321784497353,1.6804161071777344,0.00014343570285714282,16,2048,,10023.153982162476
adammini-stochastic-r8,adammini,stochastic,8,1.1B,sdpa,666,1498,49119232,2.466317653656006,11.77899256367651,nan,nan,nan,nan,22.21038579940796,4.097999572753906,0.01870039477944374,4.097999572753906,13.995686259120703,6.351449966430664,4897.471552884066,1.707127332687378,0.0001431499942857143,16,2048,,10029.538182735443
adammini-stochastic-r8,adammini,stochastic,8,1.1B,sdpa,666,1499,49152000,2.346752405166626,10.451572077836492,nan,nan,nan,nan,22.21038579940796,4.097999572753906,0.01870039477944374,4.097999572753906,13.995686259120703,6.359937429428101,4897.617282655809,1.483268141746521,0.00014286428571428573,16,2048,,10035.93015885353
